cond_number,grad_finite_nonzero,outer_loss,solver_residual,step,theta,v,val_macro_f1,val_mse
76.63204232319043,True,0.16181773952411418,2.42861286636753e-15,0,"[-2.0, -2.0, -2.0, -2.0, -2.0, -2.0, -2.0, -2.0]","[0.11920292202211755, 0.11920292202211755, 0.11920292202211755, 0.11920292202211755, 0.11920292202211755, 0.11920292202211755, 0.11920292202211755, 0.11920292202211755]",0.5866666666666667,0.12981773952411418
,True,0.16148747693917564,2.55351295663786e-15,1,"[-1.9900000244951837, -1.9900000249990273, -1.9900000246967537, -1.9900000232449122, -1.9900000241940607, -1.9900000237630922, -1.990000023399823, -1.9900000246937104]","[0.12025685987627922, 0.120256859822975, 0.12025685985495409, 0.12025686000855186, 0.12025685990813657, 0.12025685995373094, 0.12025685999216305, 0.12025685985527604]",0.5866666666666667,0.1298066761690991
,True,0.16115868936829195,3.3306690738754696e-15,2,"[-1.9800012830264406, -1.9800013876289797, -1.980001320874066, -1.980000998632769, -1.980001214942831, -1.9800011171797858, -1.9800010400701469, -1.9800013227325486]","[0.12131870112044382, 0.12131868996976405, 0.1213186970858691, 0.12131873143694726, 0.12131870837818909, 0.12131871879977695, 0.12131872701970228, 0.12131869688775397]",0.5866666666666667,0.1297954510153333
,True,0.16083139987584377,4.551914400963142e-15,3,"[-1.970004601982542, -1.9700049852456636, -1.970004740340114, -1.9700035585523603, -1.9700043521415427, -1.9700039934509523, -1.970003710959661, -1.9700047473370685]","[0.12238839252566618, 0.12238835135958188, 0.1223883776647529, 0.12238850459999717, 0.12238841936095898, 0.12238845788773907, 0.12238848822999723, 0.12238837691321378]",0.5866666666666667,0.12978406319705238
,True,0.16050563105424362,4.413136522884997e-15,4,"[-1.960010808182321, -1.960011716869532, -1.960011135592052, -1.9600083317200847, -1.9600102150936995, -1.960009363769567, -1.9600086941518848, -1.9600111525493322]","[0.12346587787676351, 0.12346577953679996, 0.12346584244381402, 0.12346614588484549, 0.1234659420620472, 0.12346603419416485, 0.1234661066616635, 0.12346584060866275]",0.5866666666666667,0.12977251189512448
,True,0.16018140496860217,4.718447854656915e-15,5,"[-1.9500207269910637, -1.9500224811385962, -1.9500213578628813, -1.9500159416801857, -1.9500195807195442, -1.9500179356602865, -1.9500166433227097, -1.9500213912839415]","[0.12455109813764682, 0.12455090686881995, 0.12455102934858481, 0.124551619919896, 0.12455122312499448, 0.12455140249943183, 0.12455154341385805, 0.12455102570441695]",0.5866666666666667,0.12976079633674628
,True,0.15985874310405548,4.052314039881821e-15,6,"[-1.9400351804655667, -1.9400381742860002, -1.9400362551959507, -1.9400270053443676, -1.940033221796066, -1.9400304113541886, -1.9400282062354777, -1.94003631340649]","[0.12564399162367038, 0.12564366273017422, 0.12564387355643983, 0.12564488972544186, 0.12564420679851754, 0.1256445155476357, 0.12564475779770365, 0.1256438671615762]",0.5866666666666667,0.1297489157950077
,True,0.1595376663161407,3.941291737419306e-15,7,"[-1.9300549855420794, -1.9300596881577379, -1.9300566705618083, -1.9300421315818095, -1.9300519052420029, -1.9300474862110306, -1.9300440232850242, -1.930056763854149]","[0.12674449417943828, 0.1267439736933113, 0.12674430768102038, 0.1267459168667948, 0.12674483510845116, 0.12674532421017728, 0.12674570749060246, 0.1267442973554069]",0.5866666666666667,0.12973686958833713
,True,0.15921819478456814,4.3576253716537394e-15,8,"[-1.920080952280618, -1.9200879082852798, -1.920083440031402, -1.9200619198698523, -1.9200763904605522, -1.9200698472006394, -1.9200647261013735, -1.9200835808123748]","[0.1278525393604779, 0.12785176372436893, 0.12785226196093025, 0.12785466160859618, 0.12785304803287018, 0.12785377765161454, 0.12785434869208756, 0.1278522462629993]",0.5866666666666667,0.1297246570798397
,True,0.15890034797069286,3.6637359812630166e-15,9,"[-1.9101138821782262, -1.9101237120269436, -1.9101173910186955, -1.9100869590147478, -1.910107427751602, -1.91009817145415, -1.9100909362228897, -1.9101175939608042]","[0.12896805861719082, 0.12896695438222855, 0.12896766445106259, 0.12897108306900815, 0.1289687836788685, 0.1289698234963569, 0.1289706362798776, 0.12896764165356128]",0.5866666666666667,0.12971227767654123
,True,0.15858414457894107,3.247402347028583e-15,10,"[-1.90015456656268, -1.900167966790733, -1.9001593406046675, -1.9001178259508458, -1.900145756804216, -1.9001331248947613, -1.9001232638476744, -1.9001596228003028]","[0.13009098147951353, 0.13008946501916088, 0.13009044121493982, 0.13009513937252526, 0.13009197845950027, 0.13009340799481145, 0.1300945239648361, 0.13009040927973273]",0.5866666666666667,0.129699730828552
,True,0.15826960252239808,4.3021142204224816e-15,11,"[-1.890203785076907, -1.8902215283500945, -1.8902100939534192, -1.8901550846255002, -1.8901921052789237, -1.8901753609565304, -1.8901623066708875, -1.8902104750718938]","[0.13122123574076597, 0.13121921298141437, 0.13122051651649205, 0.13122678780020114, 0.13122256726943582, 0.13122447618764344, 0.13122596444359122, 0.131220473068347]",0.5866666666666667,0.129687016028165
,True,0.1579567388927095,3.858025010572419e-15,12,"[-1.8802623042630615, -1.880285239262648, -1.8802704428297456, -1.880199284975793, -1.8802471874880555, -1.88022551939848, -1.88020864881448, -1.8802709452769264]","[0.13235874763923292, 0.13235611380816278, 0.13235781300976743, 0.1323659849361584, 0.13236048365795547, 0.13236297206688385, 0.13236490954764363, 0.13235775530913457]",0.5866666666666667,0.12967413280890183
,True,0.15764556993439946,4.690692279041286e-15,13,"[-1.8703308762537847, -1.87035992740045, -1.870341164226082, -1.8702509620019634, -1.8703117031810046, -1.870284225219991, -1.8702628598545856, -1.8703418133064011]","[0.1335034420361097, 0.13350008142731357, 0.13350225192515303, 0.13351268680933578, 0.1335056599979884, 0.13350883873270344, 0.13351131038787503, 0.1335021768399486]",0.5866666666666667,0.12966108074452165
,True,0.15733611102365522,7.632783294297951e-15,14,"[-1.8604102375767064, -1.8604464045987938, -1.8604230191052271, -1.860310634941186, -1.8603863364398736, -1.8603520876821182, -1.860325493950551, -1.860423843185862]","[0.1346552425885446, 0.13465102834678386, 0.13465375325079, 0.1346668490295245, 0.13465802765000823, 0.13466201854477203, 0.13466511749346893, 0.1346536572271963]",0.5866666666666667,0.12964785944800633
,True,0.15702837665157873,4.191091917959966e-15,15,"[-1.8505011080767668, -1.850545465428962, -1.8505167512637168, -1.850378806544106, -1.8504717546895457, -1.850429699438127, -1.8503970890783235, -1.8505177819407403]","[0.13581407191662845, 0.13580886583996904, 0.13581223590798333, 0.13582842691685254, 0.1358175171197084, 0.13582245326723436, 0.1358262809443616, 0.1358121149402777]",0.5866666666666667,0.1296344685705356
,True,0.15672238041185887,3.219646771412954e-15,16,"[-1.8406041899594543, -1.8406578860987655, -1.8406230863192035, -1.840455962455336, -1.840568607824797, -1.8405176357752235, -1.8404781663696719, -1.8406243585855138]","[0.13697985176330615, 0.13697350412426243, 0.13697761791953678, 0.13699737562398914, 0.1369840582085068, 0.13699008420645142, 0.13699475049645735, 0.1369774675189623]",0.5866666666666667,0.12962090780046484
,True,0.15641813499277238,3.6637359812630166e-15,17,"[-1.8307201669566153, -1.8307844234831463, -1.8307427308236994, -1.8305425706979537, -1.830677527455695, -1.8306164539681737, -1.8305692295575196, -1.8307442832385534]","[0.1381525031463213, 0.1381448525316238, 0.1381498165700804, 0.13817365025045947, 0.13815758015605792, 0.13816485234078263, 0.13817047569896038, 0.13814963173277162]",0.5866666666666667,0.12960717686231715
,True,0.1561156521733831,5.745404152435185e-15,18,"[-1.8208497036151072, -1.8209258142856208, -1.8208763715031213, -1.8206390812609505, -1.8207991262712173, -1.8207266927442955, -1.820670764526542, -1.8208782463631097]","[0.1393319465014433, 0.1393228196703433, 0.13932874855760163, 0.13935720594857787, 0.1393380117740869, 0.1393466984418105, 0.139353406003298, 0.1393285237315776]",0.5866666666666667,0.12959327551580138
,True,0.15581494282377034,2.942091015256665e-15,19,"[-1.8109934447072664, -1.8110827743299336, -1.8110246746222214, -1.8107459257875689, -1.8109339975197818, -1.8108488718581703, -1.8107832389671323, -1.8110269181335354]","[0.14051810181636687, 0.14050731357729504, 0.14051433013553427, 0.1405479980206273, 0.14052528157099423, 0.1405355631865386, 0.14054349086323, 0.1405140591867721]",0.5866666666666667,0.1295792035548647
,True,0.15551601690908823,2.9698465908722937e-15,20,"[-1.8011520147609594, -1.8012559979799654, -1.8011882854727452, -1.8008635173615466, -1.8010827146042574, -1.8009834917733856, -1.800907102129879, -1.8011909479245998]","[0.1417108887548148, 0.14169824186012628, 0.14170647724490498, 0.14174598200702773, 0.141719317866816, 0.14173138726021925, 0.14174067982585858, 0.1417061534225061]",0.5866666666666667,0.12956496080679006
,True,0.15521888349722895,4.551914400963142e-15,21,"[-1.7913260177058934, -1.7914461576847491, -1.7913678279815237, -1.7909922503874782, -1.7912458307879926, -1.7911310334476953, -1.7910427846768608, -1.791370963920615]","[0.14291022677051118, 0.1428955118289732, 0.1429051056361774, 0.1429511137653468, 0.1429200488982535, 0.1429341114495886, 0.14294492261336686, 0.1429047215366384]",0.5866666666666667,0.1295505471313445
,True,0.15492355076984268,3.1086244689504383e-15,22,"[-1.7815160366319005, -1.7816539036443757, -1.7815639044342002, -1.781132500560797, -1.7814238790074997, -1.7812919582171678, -1.7811906986253132, -1.7815675728400933]","[0.14411603521082308, 0.14409903061743648, 0.1441101309805693, 0.14416334954011212, 0.14412740291361262, 0.14414367672640407, 0.14415616919542182, 0.14410967851116885]",0.5866666666666667,0.12953596241998605
,True,0.15463002603644843,3.885780586188048e-15,23,"[-1.771722633654071, -1.7718798635916384, -1.7717770953094245, -1.7712846249222935, -1.7716173717866561, -1.7714667077742035, -1.771351237378608, -1.7717813597707748]","[0.1453282334099932, 0.1453087052926847, 0.14532146897074621, 0.14538264602347942, 0.14534130825760977, 0.14536002432128572, 0.1453743698522793, 0.1453209393120588]",0.5866666666666667,0.12952120659513303
,True,0.15433831575136028,2.6367796834847468e-15,24,"[-1.7619463498789087, -1.7621246426834765, -1.7620079592176077, -1.7614489619916132, -1.7618268012466398, -1.7616557042337335, -1.761524775838978, -1.7620128881091368]","[0.14654674077200075, 0.1465244429546776, 0.14653903541091468, 0.1466089604069013, 0.1465616934461106, 0.14658309578796425, 0.14659947522871855, 0.1465384189784616]",0.5866666666666667,0.12950627960950128
76.64623133471493,True,0.1540484255331426,3.219646771412954e-15,25,"[-1.7521877054651163, -1.752388823495632, -1.7522570329377367, -1.7516258319738072, -1.7520526392052926, -1.7518593502814648, -1.7517116705960252, -1.7522626995978945]","[0.14777147684319242, 0.1477461508246171, 0.1477627462964458, 0.1478422504240194, 0.14778848723096644, 0.14781283305812662, 0.14783143637901824, 0.1477620327014929]",0.5866666666666667,0.12949118144551014
,True,0.15376036018630895,3.1086244689504383e-15,26,"[-1.742447199772179, -1.7426729661134255, -1.7425248315452868, -1.7418155370327637, -1.7422953373592214, -1.7420780293977047, -1.7419122601847723, -1.742531314454541]","[0.1490023613749198, 0.1489737363228374, 0.14899251788325893, 0.14908247438507177, 0.14902161865520017, 0.14904917848713176, 0.1490702048032579, 0.1489916958927704]",0.5866666666666667,0.12947591211476125
,True,0.1534741237249756,3.1086244689504383e-15,27,"[-1.7327253115896075, -1.732977608311189, -1.7328118486239368, -1.7320183616251872, -1.7325553275416683, -1.732312106150087, -1.7321268654068416, -1.7328192315836437]","[0.1502393143765015, 0.15020710713643604, 0.1502282667472794, 0.15032959120316666, 0.15026101709887274, 0.1502920748909351, 0.1503157324752897, 0.15022732424303642]",0.5866666666666667,0.1294604716575886
,True,0.153189719398189,3.1086244689504383e-15,28,"[-1.723022499439506, -1.7233032658126495, -1.7231185565535851, -1.7222345728887378, -1.72283302204903, -1.7225619265483987, -1.722355789708265, -1.7231269288654039]","[0.15148225615889957, 0.151446171277028, 0.1514699098343606, 0.15158356041282386, 0.15150661231602394, 0.1515414655746218, 0.15156797186278026, 0.15146883377125275]",0.5866666666666667,0.12944486014268172
,True,0.15290714971665054,3.941291737419306e-15,29,"[-1.7133392019450555, -1.7136504326244373, -1.7134454068670721, -1.7124644210779696, -1.7131288140288465, -1.7128278184547023, -1.7125993196074427, -1.7134548635128894]","[0.15273110736955853, 0.15269083712907133, 0.15271736450111947, 0.15284434218122217, 0.15275833446313777, 0.15279729435299308, 0.1528268759397616, 0.15271614086461735]",0.5866666666666667,0.1294290776667791
,True,0.1526264164805748,2.525757381022231e-15,30,"[-1.703675838257515, -1.70401958143488, -1.7037928306680197, -1.7027081400418118, -1.703443077922127, -1.7031100920420088, -1.702857725166855, -1.7038034724903643]","[0.15398578901890347, 0.1539410134892666, 0.15397054854718764, 0.15411189731262337, 0.15401611411962496, 0.1540595055636893, 0.15409239819216444, 0.15396916231000382]",0.5866666666666667,0.12941312435443164
,True,0.15234752080842787,5.134781488891349e-15,31,"[-1.694032808534458, -1.6944111640703279, -1.6941612391023058, -1.6929659477365067, -1.6937761699529998, -1.6934090402949074, -1.6931312605022946, -1.6941731729852323]","[0.15524622249903003, 0.15519660959757597, 0.15522938023941713, 0.15538618724646266, 0.15527988230084835, 0.15532804407336018, 0.1553644926168301, 0.15522781531736368]",0.5866666666666667,0.12939700035783241
,True,0.15207046316630807,3.913536161803677e-15,32,"[-1.684410494462143, -1.6848256120014296, -1.684551023875873, -1.6832380467681445, -1.684128428658875, -1.6837249395457683, -1.6834201643236053, -1.6845643629262999]","[0.1565123295951455, 0.1564575351604394, 0.1564937783286091, 0.1566671740496093, 0.15654957046423976, 0.15660285527741105, 0.15664311371451142, 0.15649201753565867]",0.5866666666666667,0.12938070585671077
,True,0.1517952433977456,3.3029134982598407e-15,33,"[-1.6748092598151705, -1.6752633368920204, -1.6749625578118212, -1.6735246249592142, -1.6745001754545652, -1.6740580500404036, -1.6737246605011837, -1.6749774215413133]","[0.15778403249033776, 0.15772370036678518, 0.15776366205935138, 0.15795482040330575, 0.1578251105090711, 0.1578838850938634, 0.15792821647738084, 0.15776168706191002]",0.5866666666666667,0.12936424105828656
,True,0.15152186075371527,2.9976021664879227e-15,34,"[-1.6652294510468886, -1.6657247311835952, -1.6653961954400478, -1.6638258559338974, -1.664891715224123, -1.6644086165273773, -1.6640449586528059, -1.6654127099470326]","[0.1590612537642563, 0.15899501589744605, 0.15903895117356043, 0.15924908958529255, 0.15910643477044836, 0.1591710799518718, 0.1592197563715641, 0.15903674244396002]",0.6242424242424243,0.1293476061972809
,True,0.15125031392267324,4.218847493575595e-15,35,"[-1.6556713979043545, -1.6562101687086916, -1.65585227361305, -1.654141899717175, -1.6553033369344974, -1.6547768688655091, -1.6543812547456866, -1.6558705717654592]","[0.16034391638629006, 0.1602713929285923, 0.16031956590832444, 0.16054994544761875, 0.16039347600809467, 0.1604643867754334, 0.16051768931521068, 0.16031710267754298]",0.6242424242424243,0.12933080153597956
,True,0.1509806010604463,3.3306690738754696e-15,36,"[-1.6461354140620523, -1.646720005326909, -1.646331112141902, -1.6444729033431753, -1.6457353142655005, -1.6451630226444824, -1.644733731709037, -1.6463513337602278]","[0.1616319437038201, 0.1615527431297915, 0.16160542698863775, 0.16185735239062582, 0.1616861673904817, 0.16176375296281745, 0.1618219716526027, 0.1616026871982564]",0.6242424242424243,0.12931382736434396
,True,0.15071271981982,4.468647674116255e-15,37,"[-1.6366217977689694, -1.6372545795777091, -1.636833014446829, -1.634819001468567, -1.6361879062509688, -1.635567279813858, -1.6351025600527591, -1.636855306487588]","[0.16292525942611275, 0.16283897865729113, 0.16289645561560434, 0.16317127533357517, 0.16298444247485389, 0.16306912636222626, 0.16313256012478633, 0.1628934158690109]",0.6242424242424243,0.12929668400016622
,True,0.15044666737968865,3.9968028886505635e-15,38,"[-1.6271308325040594, -1.6278142133445916, -1.6273582682172412, -1.625180316987179, -1.6266613579264242, -1.6259898293161927, -1.6254878984883083, -1.6273827849568283]","[0.16422378760440123, 0.16413001214310394, 0.1641925734506717, 0.16449167968237066, 0.1642882351836721, 0.16438045524418074, 0.16444941183719133, 0.16418920896352066]",0.6242424242424243,0.12927937178926255
,True,0.15018244047364843,4.579669976578771e-15,39,"[-1.6176627876355545, -1.618399212525687, -1.6179071460765246, -1.615556961642402, -1.6171559009789538, -1.6164308477203646, -1.6158898945481248, -1.6179340492954475]","[0.1655274526086816, 0.16542575668045553, 0.1654937025964325, 0.1658185312948038, 0.16559747977798148, 0.16569768827109962, 0.1657724842246818, 0.16548998714637286]",0.6242424242424243,0.12926189110570177
,True,0.1499200354179287,3.885780586188048e-15,40,"[-1.6082179190800152, -1.6090098677062679, -1.6084799062473367, -1.6059490366343048, -1.6076717543954495, -1.6068904998515998, -1.606308685200424, -1.6085093654148068]","[0.16683617910172382, 0.16672612580612595, 0.16679976557450776, 0.16715179644372444, 0.16691211082818191, 0.16702077446451874, 0.16710173501445563, 0.16679567145019084]",0.6242424242424243,0.1292442423520627
,True,0.14965944813857562,5.773159728050814e-15,41,"[-1.5987964699574364, -1.5996464548291325, -1.5990767932135834, -1.5963566332187573, -1.5982091251057569, -1.5973689394150903, -1.5967443974565008, -1.5991089856724434]","[0.1681498920107717, 0.16803103348019055, 0.16811068530099574, 0.16849144177851358, 0.16823206318265363, 0.16834966317036668, 0.16843712218718468, 0.16810618325037627]",0.6242424242424243,0.12922642595971762
,True,0.14940067419781278,7.632783294297951e-15,42,"[-1.589398671239141, -1.5903092358592508, -1.5896980383756878, -1.5867798332961964, -1.5887682086176846, -1.587866309610462, -1.5871971489680547, -1.5897331495276479]","[0.16946851649737474, 0.1693403940636339, 0.16942638505994137, 0.16983743428520773, 0.16955727193465975, 0.16968430402268778, 0.1697786039367603, 0.169421444237886]",0.6242424242424243,0.12920844238913617
,True,0.1491437088195209,3.0531133177191805e-15,43,"[-1.5800247423855942, -1.5809984594395006, -1.58034386069617, -1.577218709988007, -1.5793491896412075, -1.578382743734719, -1.5776670486123894, -1.5803820841873186]","[0.1707919779257649, 0.17065412229427812, 0.17074678847524916, 0.17118974124559608, 0.17088767238791855, 0.17102464690617178, 0.1711261386289802, 0.17074137639046857]",0.6242424242424243,0.1291902921302064
,True,0.14888854691378847,3.219646771412954e-15,44,"[-1.57067489197165, -1.5717143615347227, -1.5710144673329494, -1.5676733281988007, -1.569952242699563, -1.568918365771627, -1.568154197063653, -1.5710560052395022]","[0.17212020183016027, 0.17197213326143448, 0.17207181948143022, 0.17254833019558447, 0.1722232000212076, 0.17237064191782261, 0.17247968475948516, 0.1720659019427517]",0.6242424242424243,0.12917197570256814
,True,0.1486351831004984,3.524958103184872e-15,45,"[-1.561349318297108, -1.5624571660617161, -1.5617100542581572, -1.5581437451631632, -1.5605775327252855, -1.559473290965819, -1.558658687348592, -1.5617551172723991]","[0.17345311388134507, 0.17329434237965433, 0.17340140229354226, 0.17391316888309313, 0.17356379045233053, 0.17372223932806724, 0.17383920091122687, 0.17339494335554118]",0.6242424242424243,0.12915349365595538
,True,0.14838361173192569,4.884981308350689e-15,46,"[-1.552048209980792, -1.5532270855031627, -1.5524308068605932, -1.5486300109757172, -1.5512252156395474, -1.5500476263802119, -1.5491806053855646, -1.5524796144769644]","[0.17479063985284501, 0.17462066536191984, 0.17473546137664855, 0.17528422522572765, 0.17490937940174783, 0.17507938954157923, 0.1752046457117202, 0.17472842328465915]",0.6242424242424243,0.12913484657054375
,True,0.1481338269143312,6.6058269965196814e-15,47,"[-1.5427717465366761, -1.5440243215038039, -1.5431769005302869, -1.5391321691035886, -1.5418954389134676, -1.5406414714355874, -1.5397200305058218, -1.5432296812315567]","[0.17613270558698638, 0.1759510181925859, 0.17607392141509093, 0.17666146726843843, 0.17625990265614377, 0.17644204305806227, 0.17657597779030776, 0.1760662645496175]",0.6242424242424243,0.12911603505730004
,True,0.14788582252854418,3.6637359812630166e-15,48,"[-1.5335200989308826, -1.5348490654475178, -1.5339485012239238, -1.5296502568805967, -1.5325883421103335, -1.5312549184314561, -1.5302770359562923, -1.5340054926673912]","[0.1774792369610973, 0.17728531710034956, 0.1774167072818411, 0.17804486314135806, 0.17761529603217233, 0.17781015043321327, 0.17795315573563955, 0.1774083901023932]",0.6242424242424243,0.12909705975833016
,True,0.14763959224953416,5.551115123125783e-15,49,"[-1.5242934301186266, -1.5257014990142228, -1.5247457660101724, -1.5201843059826878, -1.5233040574079226, -1.5218880530475407, -1.5208516893833228, -1.5248072152138232]","[0.17883015985408138, 0.17862347853149468, 0.17876374400816503, 0.17943438101798415, 0.17897549534059842, 0.17918366224005905, 0.17933613805354678, 0.17875472299654135]",0.6242424242424243,0.12907792134722257
76.6661963807275,True,0.14739512956497988,3.219646771412954e-15,50,"[-1.5150918955604364, -1.5165817947158073, -1.5155688435941939, -1.5107343428843165, -1.5140427101003453, -1.512540954825432, -1.5114440532970195, -1.5156350071227431]","[0.18018540011356732, 0.17996541912362987, 0.18011495675380773, 0.18082998907385225, 0.1803404363510249, 0.18056252903083614, 0.18072488312546592, 0.18010518635685505]",0.6242424242424243,0.12905862052938488
,True,0.147152427792848,5.745404152435185e-15,51,"[-1.5059156437171883, -1.5074901164105152, -1.5064178748208472, -1.5013003892956416, -1.5048044190790268, -1.5032136976301484, -1.5020541855159946, -1.5064890189715834]","[0.1815448835238114, 0.18131105568010925, 0.1814702707778787, 0.18223165544582462, 0.18171005475737143, 0.1819467012995616, 0.18211934916754963, 0.18145970334975445]",0.6242424242424243,0.1290391580423707
,True,0.14691148009799934,5.523359547510154e-15,52,"[-1.4967648165236889, -1.4984266197954355, -1.4972929931562975, -1.4918824625805451, -1.4955892972926341, -1.4939063500914973, -1.4926821395924847, -1.4973693941446438]","[0.18290853577450752, 0.1826603051453012, 0.18282961141059428, 0.18363934819210015, 0.18308428614424843, 0.18333612944542144, 0.18351949419058036, 0.18281819715456216]",0.6242424242424243,0.12901953465619476
,True,0.14667227950784403,5.856426454897701e-15,53,"[-1.4876395498407098, -1.4893914528769296, -1.4881943251479155, -1.4824805761556072, -1.486397452185908, -1.4846189760252808, -1.4833279652179285, -1.4882762692926157]","[0.18427628243063549, 0.18401308458084403, 0.18419290402600902, 0.18505303525303585, 0.18446306595434842, 0.18473076373708386, 0.1849252759607858, 0.18418059093579955]",0.6242424242424243,0.12899975117363358
,True,0.1464348189270722,3.3306690738754696e-15,54,"[-1.4785399738855303, -1.480384756419, -1.4791219908625157, -1.4730947398702765, -1.4772289861175036, -1.4753516348345086, -1.4739917086092087, -1.4792097747703459]","[0.18564804890345868, 0.18536931114300637, 0.18556007401584773, 0.18647268441285222, 0.18584632945695786, 0.18613055427802674, 0.18633665196163798, 0.18554680781661723]",0.6242424242424243,0.12897980843051102
,True,0.14619909115148605,5.467848396278896e-15,55,"[-1.4694662136411727, -1.4714066643697463, -1.47007610430311, -1.4637249603685674, -1.4680839967570622, -1.4661043818908945, -1.4646734128758578, -1.4701700350530131]","[0.18702376042276328, 0.186728902061249, 0.18693104676453004, 0.18789826326228232, 0.18723401171767437, 0.18753545097295307, 0.1877535793567043, 0.18691677085345254]",0.6242424242424243,0.1289597072959654
,True,0.14596508888096607,4.3298697960381105e-15,56,"[-1.4604183892446276, -1.4624573042661835, -1.4610567738044775, -1.4543712414326881, -1.4589625774618402, -1.4568772688969978, -1.4553731183686096, -1.4611571691310117]","[0.1884033420104136, 0.18809177461806512, 0.18830574762546068, 0.18932973916221138, 0.18862604756939816, 0.18894540349535308, 0.18917601495360434, 0.18829040301199007]",0.6242424242424243,0.1289394486726985
,True,0.1457328047316004,4.6351811278100286e-15,57,"[-1.4513966163544616, -1.453536797617802, -1.4520641024079441, -1.4450335843090727, -1.4498648176333089, -1.4476703442294507, -1.446090863009743, -1.4521712908839313]","[0.18978671845528217, 0.18945784613015934, 0.1896841018986436, 0.1907670792083415, 0.19002237158465216, 0.1903603612562584, 0.19060391516911498, 0.18966762714448382]",0.6242424242424243,0.12891903349720324
,True,0.1455022312470128,2.9976021664879227e-15,58,"[-1.4424010064982782, -1.4446452602693398, -1.4430981882158564, -1.4357119880173297, -1.4407908030542114, -1.4384836532637741, -1.436826682605723, -1.4432125094341108]","[0.19117381428960026, 0.19082703393101078, 0.19106603480966175, 0.19221025019690724, 0.19142291804927153, 0.19178027337422252, 0.1920372359954559, 0.19104836596848584]",0.6242424242424243,0.12889846273997077
,True,0.14527336090892096,2.7755575615628914e-15,59,"[-1.4334316674005692, -1.4357828027433133, -1.434159124726293, -1.426406449642672, -1.4317406162066193, -1.4293172386813318, -1.4275806111426816, -1.4342809294803083]","[0.1925645537667604, 0.1921992553548491, 0.19245147149005304, 0.193659218591458, 0.19282762093749234, 0.19320508864655062, 0.1934759329677772, 0.1924325420470118]",0.6242424242424243,0.1288777374056741
,True,0.14504618614696055,5.218048215738236e-15,60,"[-1.4244887032915463, -1.4269495305629114, -1.425247001148621, -1.4171169646124107, -1.4227143365715826, -1.4201711407590145, -1.418352681065321, -1.425376651612086]","[0.1939588608405922, 0.1935744277220631, 0.19384033695909952, 0.1951139504907159, 0.1942364138884577, 0.19463475552179366, 0.19491996113286392, 0.19382007777016375]",0.6242424242424243,0.12885685853332904
,True,0.1448206993478084,4.690692279041286e-15,61,"[-1.4155722151975805, -1.418145544555909, -1.4163619027005414, -1.4078435269571223, -1.4137120409109973, -1.4110453976422754, -1.4091429235398365, -1.416499772605556]","[0.19535665914612244, 0.19495246832604704, 0.1952325561070375, 0.19657441159751146, 0.19564923018415176, 0.196069222073512, 0.1963692750190648, 0.19521089533821834]",0.6242424242424243,0.1288358271964305
,True,0.1445968928636394,4.85722573273506e-15,62,"[-1.4066823012139107, -1.4093709411402864, -1.407503910887306, -1.398586129557111, -1.4047338035323467, -1.4019400456021525, -1.3999513687014808, -1.4076503857011564]","[0.1967578719818221, 0.196333294421483, 0.19662805367968705, 0.1980405671887931, 0.1970660027287624, 0.19750843597530893, 0.19782382860744568, 0.19660491674618083]",0.6242424242424243,0.12881464450306448
,True,0.14437475901994973,6.189493362285248e-15,63,"[-1.3978190567603024, -1.4006258125922761, -1.398673103763802, -1.38934476437479, -1.395779696536983, -1.3928551192769316, -1.3907780458873935, -1.398828580864163]","[0.19816242229333425, 0.19771682321404652, 0.19802675426449104, 0.19951238208670244, 0.19848666402946866, 0.19895234447712684, 0.19928357530416396, 0.198002063769796]",0.6242424242424243,0.12879331159599416
,True,0.14415429012278083,2.886579864025407e-15,64,"[-1.3889825748203517, -1.391910247297569, -1.389869556180227, -1.3801194226736138, -1.3868497900526358, -1.383790651899109, -1.3816229838553262, -1.3900344450286424]","[0.1995702326586719, 0.19910297185151699, 0.1994285822779473, 0.20098982063070264, 0.19991114617864, 0.20040089438279468, 0.20074846791405562, 0.19940225795300237]",0.6242424242424243,0.12877182965272094
,True,0.14393547846537463,3.6637359812630166e-15,65,"[-1.3801729461651342, -1.3832243299864238, -1.3810933400120715, -1.370910095224178, -1.377944152450825, -1.374746675508308, -1.3724862109888885, -1.3812680623255735]","[0.20098122527486775, 0.2004916574162676, 0.2008334619544119, 0.202472846650745, 0.20133938083743289, 0.20185403202881072, 0.2022184586154225, 0.2008054205968065]",0.6242424242424243,0.12875019988551897
,True,0.14371831633429252,4.3576253716537394e-15,66,"[-1.3713902595618999, -1.3745681419534272, -1.3723445243751393, -1.3617167724981056, -1.369062850549866, -1.3657232211508024, -1.3633677554899335, -1.372529514295855]","[0.20239532194605403, 0.2018827969191032, 0.2022413173362459, 0.20396142344145538, 0.2027712992207628, 0.20331170326434134, 0.20369349893600558, 0.20221147274955428]",0.6242424242424243,0.12872842354144376
,True,0.14350279601502822,5.35682609381638e-15,67,"[-1.3626346019685114, -1.3659417612626508, -1.3636231758263206, -1.3525394448503185, -1.3602059498041417, -1.356720319066291, -1.3542676455586942, -1.3638188800889168]","[0.20381244407294583, 0.20327630729441182, 0.20365207226527446, 0.20545551373732038, 0.20420683208362883, 0.20477385343241405, 0.20517353973012592, 0.20362033519856648]",0.6242424242424243,0.12870650190231436
,True,0.14328890979714295,5.2735593669694936e-15,68,"[-1.353906058714311, -1.3573452629389378, -1.3549293585508304, -1.3433781026902811, -1.3513735144803027, -1.3477379988625515, -1.3451859095622594, -1.355136236647647]","[0.20523251264369957, 0.20467210539658928, 0.20506565037552396, 0.2069550796888523, 0.20564590970876273, 0.20624042735228018, 0.20665853115697577, 0.2050319284631065]",0.6242424242424243,0.12868443628466888
,True,0.143076649978952,4.551914400963142e-15,69,"[-1.34520471366809, -1.348778719146046, -1.34626313453661, -1.3342327366427844, -1.3425656078210533, -1.3387762896785866, -1.3361225761919726, -1.3464816588803243]","[0.20665544822611326, 0.206070107997697, 0.20648197508719868, 0.20846008283971082, 0.2070884618955749, 0.20771136930292106, 0.20814842266003866, 0.20644617278864405]",0.6242424242424243,0.12866222803969382
,True,0.142866008871789,4.579669976578771e-15,70,"[-1.3365306493938185, -1.3402421993523543, -1.337624563736572, -1.3251033376988206, -1.3337822921971496, -1.3298352203368633, -1.3270776746103097, -1.337855219820242]","[0.20808117096113574, 0.20747023178630622, 0.2079009696018591, 0.20997048410475752, 0.20853441795036462, 0.20918662300767132, 0.20964316294761767, 0.2078629881423757]",0.6242424242424243,0.12863987855312664
,True,0.1426569788038738,3.6637359812630166e-15,71,"[-1.327883947294775, -1.3317357704848236, -1.3290137042193504, -1.315989897357076, -1.3250236292482325, -1.3209148194852152, -1.3180512345877762, -1.3292569907736795]","[0.20950960055764867, 0.2088723933674839, 0.20932255689875945, 0.21148624374902167, 0.20998370667776406, 0.21066613161993084, 0.21114269997445043, 0.20928229420996222]",0.6242424242424243,0.12861738924513222
,True,0.14244955212380858,2.3592239273284576e-15,72,"[-1.3192646877466947, -1.3232594970718807, -1.3204306123092002, -1.30689240775655, -1.316289680013084, -1.3120151157289681, -1.309043286630343, -1.3206870414568657]","[0.2109406562884848, 0.21027650926387276, 0.2107466597323026, 0.2130073213675529, 0.2114362563733823, 0.21214983770993687, 0.21264698092438905, 0.21070401039344205]",0.6242424242424243,0.128594761570153
,True,0.14224372120372544,5.10702591327572e-15,73,"[-1.3106729502205319, -1.3148134413758732, -1.311875342715662, -1.2978108618007844, -1.3075805050498843, -1.3031361377538202, -1.3000538620979156, -1.3121454401225494]","[0.21237425698764523, 0.21168249591781615, 0.21217320063057046, 0.21453367586613956, 0.212891994817615, 0.21363768325256835, 0.21415595219412334, 0.21212805581027847]",0.6242424242424243,0.128571997016733
,True,0.14203947844210746,5.023759186428833e-15,74,"[-1.302108813395413, -1.306397663515715, -1.3033479486535888, -1.2887452532741641, -1.2988961645470145, -1.2942779144399843, -1.291082993314313, -1.303632253676776]","[0.21381032104867742, 0.21309026969448017, 0.21360210189488496, 0.2160652654428695, 0.21435084927058803, 0.215129609616154, 0.21566955937792612, 0.21355434929349745]",0.6242424242424243,0.12854909710731602
76.6927282319469,True,0.1418368162663045,4.718447854656915e-15,75,"[-1.2935723552623295, -1.298012221580326, -1.2948484819541068, -1.2796955769507294, -1.2902367184249381, -1.2854404749680832, -1.2821307136692057, -1.2951475477864358]","[0.2152487664241766, 0.21449974688592302, 0.2150332856003578, 0.21760204757051313, 0.21581274646819867, 0.21662555755225552, 0.21718774725339965, 0.21498280939287476]",0.6242424242424243,0.12852606339801834
,True,0.14163572713476358,2.7478019859472624e-15,76,"[-1.2850636532190967, -1.289657171733432, -1.2863769931670541, -1.2706618286959148, -1.281602226429658, -1.2766238489172599, -1.2731970577124443, -1.2866913869781367]","[0.21668951062637182, 0.21591084371606406, 0.21646667359738533, 0.21914397897970736, 0.21727761261922302, 0.21812546718639927, 0.21871045976820278, 0.21641335437712858]",0.6242424242424243,0.12850289747837582
,True,0.1414362035389925,6.2450045135165055e-15,77,"[-1.2765827841570814, -1.2813325683102765, -1.2779335316554208, -1.2616440055616096, -1.2729927482182315, -1.267828066355941, -1.2642820612411845, -1.2782638347289166]","[0.21813247072876069, 0.21732347634650293, 0.21790218751404597, 0.22069101564292176, 0.21874537340345504, 0.21962927800972956, 0.22023764002773993, 0.21784590223707667]",0.6242424242424243,0.12847960097106662
,True,0.14123823800527402,5.329070518200751e-15,78,"[-1.2681298245401778, -1.2730384639067636, -1.269518145682285, -1.2526421058749098, -1.2644083434367996, -1.259053157925674, -1.2553857613801944, -1.269864953549297]","[0.21957756336875375, 0.21873756088314272, 0.21933974875935805, 0.2222431127591885, 0.220215953970845, 0.22113692887155645, 0.22176923028379245, 0.21928037068971548]",0.6242424242424243,0.1284561755316082
,True,0.1410418230961482,4.912736883966318e-15,79,"[-1.2597048504764834, -1.264774909461526, -1.261130882490716, -1.2436561293209134, -1.2558490717915614, -1.2502991549184324, -1.2465081966557066, -1.2614948050591466]","[0.22102470475129363, 0.22015301338356855, 0.22077927852735776, 0.22380022473957834, 0.2216892789416058, 0.22264835797277463, 0.22330517192407537, 0.22071667718318105]",0.6242424242424243,0.12843262284803098
,True,0.14084695141167772,3.9968028886505635e-15,80,"[-1.251307937783108, -1.2565419543313898, -1.252771788377091, -1.2346860770198873, -1.2473149931131047, -1.2415660893477591, -1.2376494070631585, -1.2531534500568047]","[0.22247381065341273, 0.2215697498651374, 0.22222069780195552, 0.22536230519340755, 0.22316527240725506, 0.22416350286012773, 0.22484540546270257, 0.22215473890255139]",0.6242424242424243,0.12840894464052738
,True,0.1406536155905111,2.6922908347160046e-15,81,"[-1.242939162044524, -1.2483396463606797, -1.2444409087582502, -1.2257319515991147, -1.2388061674144812, -1.2328539940141043, -1.2288094341291453, -1.2448409485818874]","[0.22392479642969434, 0.22298768631373359, 0.22366392736253288, 0.2269293069151605, 0.22464385793256322, 0.2256823004212956, 0.2263898705315441, 0.22359447277645111]",0.6242424242424243,0.12838514266107748
,True,0.14046180831075825,2.9976021664879227e-15,82,"[-1.234598598664842, -1.2401680319447854, -1.2361382882328862, -1.2167937572597134, -1.2303226549433917, -1.2241629025646845, -1.2199883209678857, -1.2365573599721789]","[0.22537757701860364, 0.22440673869314628, 0.2251088877902409, 0.22850118187211418, 0.22612495855837797, 0.22720468688078252, 0.22793850587246178, 0.2250357954844202]",0.6242424242424243,0.12836121869305175
,True,0.14027152229069004,2.914335439641036e-15,83,"[-1.2262863229143783, -1.2320271560883858, -1.2278639706375478, -1.207871499838695, -1.2218645162288275, -1.2154928495481765, -1.2111861123324887, -1.2283027429149835]","[0.22683206694965485, 0.22582682295502698, 0.22655549947496323, 0.2300778811926526, 0.2276084968052959, 0.2287305977965843, 0.22949124933040813, 0.2264786234650102]",0.6242424242424243,0.12833717455079013
,True,0.14008275028927616,3.913536161803677e-15,84,"[-1.2180024099708568, -1.2239170624587048, -1.2196179990976106, -1.1989651868665203, -1.2134318121224943, -1.206843870464539, -1.2024028546612875, -1.2200771554933005]","[0.22828818035138304, 0.22724785504938635, 0.22800368262290796, 0.23165935515526004, 0.22909439467815437, 0.23025996805761526, 0.23104803784737662, 0.22792287292457084]",0.6242424242424243,0.12831301207916013
,True,0.13989548510657046,2.8033131371785203e-15,85,"[-1.209746934955568, -1.2158377934341515, -1.2114004160735508, -1.1900748276203847, -1.2050246038353254, -1.1982160018102337, -1.1936385961194889, -1.2118806552271528]","[0.22974583096008888, 0.22866975093558978, 0.22945335726479382, 0.2332455531781827, 0.2305825736713158, 0.23179273188187582, 0.23260880745719115, 0.22936845984669335]",0.6242424242424243,0.1282887331530919
,True,0.1397097195839557,3.9968028886505635e-15,86,"[-1.2015199729647927, -1.2077893901486731, -1.2032112634028331, -1.181200433173457, -1.1966429529693723, -1.189609281119105, -1.184893386636376, -1.2037132991103892]","[0.23120493212932663, 0.23009242659381451, 0.23090444326459666, 0.23483642380974987, 0.2320729547747192, 0.2333288228153411, 0.2341734932811229, 0.23081530000227574]",0.6242424242424243,0.12826433967709228
,True,0.139525446604258,5.35682609381638e-15,87,"[-1.1933215990967736, -1.199771892532133, -1.1950505823377109, -1.1723420164402747, -1.1882869215453453, -1.1810237469991582, -1.1761672779382815, -1.1955751436432567]","[0.23266539684010512, 0.23151579803693084, 0.23235686032882505, 0.23643191471934757, 0.23356545848067378, 0.2348681737315563, 0.2357420295243257, 0.23226330896017786]",0.6242424242424243,0.12823983358473806
,True,0.1393426590917394,3.4416913763379853e-15,88,"[-1.1851518884745067, -1.1917853393470033, -1.1869184135792117, -1.1634995922184885, -1.1799565720260579, -1.1724594391654612, -1.1674603235775354, -1.1874662448610214]","[0.23412713771177437, 0.23293978132277182, 0.23381052801629232, 0.23803197268903664, 0.23506000479136924, 0.23641071683191947, 0.23731434947307958, 0.23371240209843464]",0.6242424242424243,0.12821521683814852
,True,0.13916135001197835,4.551914400963142e-15,89,"[-1.1770109162646036, -1.183829768221645, -1.178814797307569, -1.1546731772271333, -1.1716519673360153, -1.1639163984693794, -1.1587725789575825, -1.1793866583589003]","[0.23559006701356994, 0.23436429256675811, 0.2352653657483569, 0.23963654360581071, 0.2365565132270815, 0.237956383646639, 0.23889038549283356, 0.23516249461599661]",0.6242424242424243,0.12819049142743824
,True,0.13898151237164527,3.552713678800501e-15,90,"[-1.168898757692463, -1.1759052156804297, -1.1707397732093419, -1.1458627901415896, -1.163373170877372, -1.155394666924342, -1.1501041013544446, -1.1713364393135506]","[0.23705409667678848, 0.23578924795484416, 0.23672129281960133, 0.24124557245448824, 0.23805490283504885, 0.2395051050363498, 0.24047006902704068, 0.23661350154496913]",0.6242424242424243,0.12816565937014998
,True,0.13880313921818252,3.219646771412954e-15,91,"[-1.160815488053974, -1.1680117171709412, -1.1626933805014488, -1.1370684516253922, -1.1551202465424686, -1.1468942877283226, -1.1414549499346969, -1.1633156425013447]","[0.2385191383075685, 0.23721456375675568, 0.23817822840892214, 0.2428590033112348, 0.23955509219899845, 0.2410568111943749, 0.24205333059677767, 0.23806533776332098]",0.6242424242424243,0.12814072271066934
,True,0.1386262236393941,3.747002708109903e-15,92,"[-1.1527611827239603, -1.1601493070884783, -1.1546756579523287, -1.128290184359024, -1.1468932587231464, -1.1384153052832047, -1.1328251857701144, -1.1553243223136487]","[0.23998510320025185, 0.2386401563394867, 0.23963609159100518, 0.2444767793377131, 0.24105699944930134, 0.24261143164962012, 0.24364009980114149, 0.23951791800803565]",0.6242424242424243,0.1281156835196203
,True,0.13845075876295343,3.58046925441613e-15,93,"[-1.1447359171615603, -1.1523180187980677, -1.1466866439004262, -1.1195280130658314, -1.138692272317026, -1.1299577652111938, -1.124214871849134, -1.147362532769304]","[0.24145190235130168, 0.24006594218102958, 0.24109480134815992, 0.246098842775857, 0.2425605422737347, 0.24416889527008856, 0.24523030531841764, 0.24097115688867904]",0.6242424242424243,0.12809054389324312
,True,0.13827673775583504,4.107825191113079e-15,94,"[-1.1367397669127286, -1.144517884654178, -1.1387263762701865, -1.1107819645351797, -1.130517352730924, -1.1215217143684257, -1.1156240730852696, -1.1394303275245028]","[0.24291944647375333, 0.24149183788430786, 0.242554276582489, 0.24772513494326834, 0.2440656379288332, 0.24572913026700427, 0.24682387490801402, 0.24242496890135765]",0.6242424242424243,0.1280653059527553
,True,0.13810415382367552,3.2751579226442118e-15,95,"[-1.1287728076100305, -1.1367489360183154, -1.1307948925857316, -1.102052067642967, -1.1223685658815699, -1.1131072008559078, -1.1070528563226059, -1.1315277598802331]","[0.24438764601217505, 0.24291776019128827, 0.2440144361283696, 0.24935559622923598, 0.2455722032518082, 0.24729206419953348, 0.2484207354131545, 0.2438792684430426]",0.6242424242424243,0.12803997184369487
,True,0.13793300021007088,3.1363800445660672e-15,96,"[-1.1208351149698912, -1.1290112032746693, -1.1228922299823807, -1.0933383533695975, -1.1142459781937804, -1.1047142740279279, -1.0985012903384934, -1.1236548827874586]","[0.24585641115811724, 0.24434362599724546, 0.2454751987652241, 0.2509901660913748, 0.2470801546730175, 0.24885762398009298, 0.2500208127643272, 0.24533396982623726]",0.6242424242424243,0.12801454373524834
,True,0.13776327019581364,6.411537967210279e-15,97,"[-1.1129267647874515, -1.1213047158439617, -1.1150184252161623, -1.0846408548155158, -1.1061496565962328, -1.0963429844980497, -1.0899694458435534, -1.1158117488501875]","[0.24732565186602842, 0.24576935236515468, 0.24693648323055825, 0.2526287830528857, 0.24858940822896594, 0.2504257358802359, 0.2516240319834832, 0.24678898729396323]",0.6242424242424243,0.12798902381956234
,True,0.13759495709807654,3.191891195797325e-15,98,"[-1.1050478329291735, -1.1136295021956457, -1.1071735146714616, -1.0759596072143909, -1.0980796685149736, -1.0879933841428093, -1.0814573954791, -1.1079984103265774]","[0.24879527786961647, 0.24719485654019185, 0.24839820823324696, 0.2542713847004363, 0.2500998795758206, 0.2519963255371049, 0.25323031718897965, 0.2482442350350453]",0.5876767676767678,0.12796341431104052
,True,0.1374280542695461,3.469446951953614e-15,99,"[-1.0971983953233302, -1.1059855898585875, -1.0993575343669288, -1.0672946479440355, -1.090036081864792, -1.0796655261032198, -1.0729652138120778, -1.1002149191282076]","[0.25026519869863517, 0.24862005596431708, 0.24986029246704694, 0.25591790768266304, 0.2516114840034208, 0.25356931796044374, 0.25483959160126357, 0.24969962719967184]",0.5876767676767678,0.12793771744562588
76.72625921584367,True,0.13726255509751126,5.412337245047638e-15,100,"[-1.0893785279485027, -1.0983730054303564, -1.091570519959776, -1.0586460165351395, -1.0820189650385754, -1.071359464784183, -1.0644929773276057, -1.0924613268176486]","[0.2517353236960762, 0.25004486829092215, 0.25132265462431824, 0.25756828770929496, 0.25312413644976867, 0.255144637540158, 0.25645177754929166, 0.25115507791521136]",0.5876767676767678,0.12791193548006916
,True,0.1370984530029108,4.440892098500626e-15,101,"[-1.0815883068202075, -1.090791774585238, -1.0838125067485707, -1.0500137546778898, -1.0740283868947642, -1.0630752558519037, -1.0560407644192176, -1.0847376846044465]","[0.25320556203574685, 0.25146921139952155, 0.25278521340993526, 0.2592224595509012, 0.25463775151597967, 0.25672220805441676, 0.2580667964776816, 0.2526105013022647]",0.5876767676767678,0.12788607069118388
,True,0.1369357414393437,6.800116025829084e-15,102,"[-1.073827807975763, -1.0832419220810774, -1.0760835296746356, -1.0413979062265462, -1.06606441674301, -1.05481295622939, -1.0476086553768802, -1.0770440433396316]","[0.254675822740214, 0.2528930034104687, 0.2542478875553701, 0.2608803570392621, 0.2561522434816805, 0.25830195267828615, 0.25968456895458913, 0.2540658114909338]",0.5876767676767678,0.12786012537508876
,True,0.13677441389204634,2.9837243786801082e-15,103,"[-1.0660971074575005, -1.075723471765053, -1.0683836233221518, -1.0327985172020353, -1.058127124328139, -1.0465726240901279, -1.0391967323728664, -1.0693804535088567]","[0.2561460146990964, 0.254316162699679, 0.25571059583293226, 0.2625419130683666, 0.25766752632083456, 0.25988379399288675, 0.2613050146803081, 0.2555209226372884]",0.5876767676767678,0.12783410184643806
,True,0.1366144638768394,3.2751579226442118e-15,104,"[-1.0583962812944194, -1.0682364465784713, -1.060712821917057, -1.0242156357926249, -1.0502165798125178, -1.0383543188500026, -1.0308050794455585, -1.0617469652242635]","[0.2576160466876859, 0.255738607913343, 0.2571732570701462, 0.2642070595960363, 0.2591835137179807, 0.26146765399506655, 0.262928052496587, 0.2569757489400118]",0.5876767676767678,0.12780800243764034
,True,0.1364558849390486,3.1086244689504383e-15,105,"[-1.0507254054823816, -1.0607808685606688, -1.0530711593248256, -1.0156493123527308, -1.0423328537569099, -1.0301581011575427, -1.0224337824812526, -1.054143628215164]","[0.2590858273858801, 0.2571602579826134, 0.2586357901642539, 0.26587572764617773, 0.2607001190848689, 0.26305345410758174, 0.26455360039665776, 0.2584302046572093]",0.5876767676767678,0.12778182949806674
,True,0.13629867065240164,4.6629367034256575e-15,106,"[-1.0430845559629327, -1.0533567588520993, -1.0454586690472112, -1.0070995993999132, -1.034476017099911, -1.0219840328825545, -1.0140829291940283, -1.0465704918176282]","[0.2605552653974083, 0.25858103213824996, 0.26009811409682426, 0.26754784731166487, 0.2622172555774759, 0.2646411151897761, 0.26618157553597105, 0.2598842041233611]",0.5876767676767678,0.1277555853932485
,True,0.1361428146179051,3.552713678800501e-15,107,"[-1.0354738086008342, -1.0459641376966797, -1.0378753842180242, -0.9985665516101081, -1.0266461411360432, -1.0138321771032126, -1.0057526091037519, -1.039027604963054]","[0.26202426926933303, 0.26000084992520905, 0.2615601479484574, 0.26922334775785234, 0.2637348361133866, 0.2662305575487527, 0.2678118942436326, 0.26133766176640316]",0.5876767676767678,0.12772927250406538
,True,0.13598831046270365,3.608224830031759e-15,108,"[-1.0278932391603877, -1.0386030244434614, -1.0303213375980176, -0.9900502258111433, -1.0188432974925876, -1.0057025980916696, -0.9974429135122704, -1.031515016165797]","[0.26349274751180984, 0.26141963121716183, 0.26302181091356797, 0.2709021572267207, 0.26525277338952424, 0.26782170095102764, 0.26944447203453503, 0.26279049212492084]",0.5876767676767678,0.12770289322592518
,True,0.13583515183892425,3.913536161803677e-15,109,"[-1.0203429232806263, -1.0312734375476902, -1.0227965615689438, -0.9815506809745821, -1.011067558105227, -0.9975953612982399, -0.9891539354778598, -1.024032773509931]","[0.2649606086180878, 0.26283729623092983, 0.26448302231523485, 0.27258420304165504, 0.26677097990021387, 0.26941446463466, 0.27107922362217796, 0.2642426098654376]",0.5876767676767678,0.12767644996793465
,True,0.13568333242250827,2.831068712794149e-15,110,"[-1.0128229364494454, -1.0239753945713108, -1.015301088126845, -0.9730679782059365, -1.0033189951925727, -0.9895105333342188, -0.9808857697879788, -1.0165809246352058]","[0.2664277610847343, 0.2642537655408242, 0.26594370162010306, 0.27426941161285723, 0.2682893679555642, 0.27100876732184737, 0.272716062932171, 0.26569392979978534]",0.5876767676767678,0.12764994515206304
,True,0.13553284591203388,5.218048215738236e-15,111,"[-1.0053333539767428, -1.0167089121829718, -1.0078349488746337, -0.9646021807332917, -0.9955976812296402, -0.9814481819533859, -0.9726385129303894, -1.0091595167222653]","[0.2678941134320666, 0.26566896009287677, 0.26740376845332653, 0.2759577084433925, 0.2698078497001509, 0.27260452723198036, 0.2743549031164112, 0.26714436690253984]",0.5876767676767678,0.1276233812122989
,True,0.13538368602753065,7.716050021144838e-15,112,"[-0.9978742509666331, -1.0094740061575773, -1.0003981750140183, -0.9561533538943786, -0.987903688920341, -0.9734083760322461, -0.9644122630626923, -1.0017685964771865]","[0.2693595742247729, 0.2670828012189523, 0.26886314261353755, 0.27764901813587056, 0.271326337131987, 0.27420166209514707, 0.2759956565679283, 0.26859383632850786]",0.5876767676767678,0.1275967605938
,True,0.13523584650928938,2.6645352591003757e-15,113,"[-0.9904457022888, -1.0022706913754325, -0.9929907973368226, -0.9477215651221316, -0.9802370911690513, -0.9653911855490562, -0.9562071199803327, -0.9944082101153929]","[0.27082405209270777, 0.26849521065073034, 0.2703217440878329, 0.2793432643997611, 0.27284474212176374, 0.2758000891660777, 0.2776382349363896, 0.2700422534302502]",0.5876767676767678,0.12757008575203832
,True,0.13508932111666885,3.1086244689504383e-15,114,"[-0.9830477825490477, -0.9950989818210243, -0.9856128462157472, -0.9393068839287688, -0.9725979610513186, -0.9573966815616851, -0.9480231850831244, -0.9870784033449994]","[0.2722874557518435, 0.26990611053354735, 0.2717794930667632, 0.28104037005934285, 0.2743629764323468, 0.2773997252385223, 0.2792825491442555, 0.27148953377562784]",0.6242424242424243,0.12754335915193976
,True,0.13494410362690118,3.3306690738754696e-15,115,"[-0.9756805660591077, -0.9879588905814766, -0.9782643515946174, -0.9309093818884272, -0.9649863717837629, -0.9494249361843515, -0.939860561340344, -0.9797792213496351]","[0.2737496940253624, 0.27131542344008847, 0.27323630995931536, 0.2827402570622863, 0.2758809517385119, 0.27900048666005123, 0.28092850940357705, 0.2729355931653571]",0.6242424242424243,0.1275165832670195
,True,0.13480018783389855,2.831068712794149e-15,116,"[-0.968344126805759, -0.9808504298447144, -0.9709453429781598, -0.9225291326183869, -0.9574023966932298, -0.9414760225632841, -0.9317193532544416, -0.9725107087707948]","[0.2752106758648728, 0.2727230723839209, 0.2746921154078767, 0.28444284648886703, 0.2773985796469042, 0.28060228934726905, 0.2825760252334259, 0.2743803476505599]",0.6242424242424243,0.1274897605785139
,True,0.13465756754706298,2.6645352591003757e-15,117,"[-0.9610385384193141, -0.9737736108973714, -0.9636558494213454, -0.9141662117589178, -0.9498461091852479, -0.9335500148513466, -0.9235996668234171, -0.9652729096897618]","[0.2766703103717321, 0.2741289808328593, 0.27614683030317017, 0.2861480585618103, 0.278915771716205, 0.28220504880143316, 0.2842250054779462, 0.2758237135502968]",0.6242424242424243,0.12746289357450954
,True,0.13451623659010017,4.718447854656915e-15,118,"[-0.9537638741415239, -0.96672844412247, -0.9563958995183385, -0.9058206969517797, -0.9423175827118433, -0.9256469881816676, -0.9155016095019087, -0.9580658676091475]","[0.27812850681846235, 0.2755330727221559, 0.27760037579915, 0.28785581265676213, 0.28043243947749175, 0.28380868012446614, 0.2858753583250184, 0.27726560746906903]",0.6242424242424243,0.12743598474906964
,True,0.13437618879984073,3.9968028886505635e-15,119,"[-0.946520206792951, -0.9597149389969039, -0.9491655213910843, -0.8974926678174073, -0.9348168907387618, -0.917767018640317, -0.9074252901610392, -0.9508896254340872]","[0.27958517467023947, 0.2769352724675067, 0.27905267332784844, 0.2895660273133864, 0.28194849445477255, 0.2854130980353527, 0.28752699132552256, 0.2787059463142779]",0.6242424242424243,0.12740903660135947
,True,0.1342374180250686,4.218847493575595e-15,120,"[-0.939307608739861, -0.9527331040887459, -0.9419647426775708, -0.8891822059308111, -0.927344106712148, -0.9099101832380666, -0.8993708190470668, -0.943744225453131]","[0.2810402236064429, 0.27833550497786763, 0.2805036446141627, 0.29127862024708306, 0.2834638481856823, 0.28701821688691054, 0.2891798114131904, 0.2801446473136286]",0.6242424242424243,0.12738205163477023
,True,0.1340999181253599,5.10702591327572e-15,121,"[-0.9321261518606777, -0.9457829470544092, -0.9347935905197935, -0.8808893947962245, -0.9198993040247277, -0.9020765598812743, -0.8913383077388856, -0.9366297093188682]","[0.28249356354224703, 0.27973369566807244, 0.2819532116905735, 0.29299350836132515, 0.28497841224232234, 0.2886239506829244, 0.290833724925033, 0.2815816280324656]",0.6242424242424243,0.12735503235604306
,True,0.13396368296993286,7.299716386910404e-15,122,"[-0.92497590751205, -0.9388644746356805, -0.9276520915514554, -0.8726143198205274, -0.9124825559815432, -0.8942662273419277, -0.8833278691044205, -0.9295461180283194]","[0.28394510465024075, 0.28112977047124693, 0.28340129691178506, 0.29471060776060937, 0.28649209825222827, 0.29023021309563224, 0.2924886376223317, 0.28301680639103005]",0.6242424242424243,0.12732798127439351
,True,0.13382870643651026,4.107825191113079e-15,123,"[-0.9178569464945735, -0.9319776926566465, -0.9205402718854285, -0.8643570682854754, -0.9050939357652816, -0.886479265226885, -0.8753396172559618, -0.9224934919031311]","[0.28539475738205733, 0.2825236558510135, 0.2848478229692783, 0.29642983376401544, 0.28800481791945004, 0.2918369174835529, 0.29414445471217726, 0.28445010068162474]",0.6242424242424243,0.12730090090063662
,True,0.13369498241019648,3.608224830031759e-15,124,"[-0.9107693390182104, -0.9251226060205349, -0.9134581571010044, -0.8561177293187656, -0.8977335164012462, -0.8787157539463492, -0.8673736675044833, -0.9154718705696048]","[0.28684243249, 0.28391527881347933, 0.28629271290576747, 0.2981511009193701, 0.2895164830457284, 0.2934439769096434, 0.29580108086954515, 0.2858814295856769]",0.6242424242424243,0.12727379374631426
76.76656829529328,True,0.13356250478236983,5.384581669432009e-15,125,"[-0.9037131546674521, -0.918299218706483, -0.9064057722309601, -0.8478963938639672, -0.8904013707220084, -0.8709757746816097, -0.8594301363129891, -0.908481292938592]","[0.288288041048647, 0.28530456691900336, 0.28773589012955236, 0.29987432301800776, 0.2910270055517507, 0.2950513041597739, 0.2974584202598898, 0.2873107121906882]",0.6242424242424243,0.12724666232282458
,True,0.13343126744959197,2.942091015256665e-15,126,"[-0.8966884623662615, -0.9115075337662544, -0.8993831417484617, -0.8396931546493472, -0.8830975713317863, -0.8632594093520883, -0.8515091412489331, -0.9015217971852855]","[0.2897314944764208, 0.28669144829373805, 0.28917727842875757, 0.30159941311012356, 0.2925362974984709, 0.2966588117615086, 0.2991163765622444, 0.2887378680070586]",0.6242424242424243,0.12721950914055455
,True,0.1333012643125351,3.858025010572419e-15,127,"[-0.8896953303428412, -0.9047475533209152, -0.8923902895538307, -0.8315081061556213, -0.8758221905705885, -0.855566740581722, -0.843610800935754, -0.8945934207289332]","[0.2911727045571055, 0.2880758516409394, 0.2906168019854497, 0.3033262835207097, 0.2940442711084772, 0.2982664120031807, 0.30077485299280915, 0.2901628169847761]",0.6242424242424243,0.12719233670801613
,True,0.13317248927492886,4.218847493575595e-15,128,"[-0.8827338260942607, -0.8980192785574859, -0.8854272389611942, -0.8233413445826578, -0.8685753004781641, -0.8478978516647173, -0.8357352350035732, -0.8876962002125063]","[0.2926115834612972, 0.28945770625204226, 0.29205438538962614, 0.30505484586606857, 0.2955508387873913, 0.29987401695324734, 0.3024337523290119, 0.29158547952996045]",0.6242424242424243,0.12716514753098673
,True,0.13304493624252756,5.190292640122607e-15,129,"[-0.8758040163509856, -0.89132270972558, -0.8784940126850401, -0.8151929678151661, -0.8613569727577985, -0.8402528265307108, -0.8278825640390945, -0.8808301714823434]","[0.29404804376777277, 0.2908369420174965, 0.2934899536530663, 0.30678501107089434, 0.29705591314528296, 0.3014815384799136, 0.3040929769340237, 0.2930057765212508]",0.6242424242424243,0.12713794411165483
,True,0.13291859912209877,4.107825191113079e-15,130,"[-0.8689059670413454, -0.8846578461340425, -0.8715906328266976, -0.8070630753873983, -0.8541672787399924, -0.832631749709367, -0.8200529095347554, -0.8739953695678]","[0.29548199848476003, 0.29221348943736014, 0.2949234322230383, 0.3085166893859135, 0.29855940701808453, 0.30308888827101066, 0.3057524287817126, 0.29442362932602717]",0.6242424242424243,0.12711072894777065
,True,0.13279347182043513,2.7200464103316335e-15,131,"[-0.8620397432559747, -0.8780246861475975, -0.8647171208607626, -0.7989517684468944, -0.8470062893460624, -0.8250347062944492, -0.8122463938371683, -0.8671918286609249]","[0.29691336107109634, 0.2935872796316463, 0.2963547469958537, 0.31024979040607525, 0.3000612334889883, 0.3046959778541161, 0.30741200948201597, 0.29583895981645636]",0.6242424242424243,0.12708350453180364
,True,0.13266954824338886,2.831068712794149e-15,132,"[-0.8552054092122666, -0.871423227183517, -0.8578734976214863, -0.7908591497173009, -0.8398740750516989, -0.8174617819073928, -0.8044631400948999, -0.8604195820961897]","[0.29834204545725906, 0.29495824435042034, 0.2977838243302632, 0.3119842230892819, 0.3015613059098119, 0.30630271861690184, 0.30907162030671487, 0.2972516903853529]",0.6242424242424243,0.12705627335010602
,True,0.13254682229493198,3.941291737419306e-15,133,"[-0.848403028218872, -0.8648534657083181, -0.8510597832891446, -0.7827853234602927, -0.832770705850519, -0.8099130626604166, -0.7967032722056298, -0.853678662330292]","[0.2997679660662546, 0.2963263159836446, 0.29921059106068626, 0.3137198957756483, 0.30305953792231516, 0.30790902182769625, 0.3107311622155888, 0.2986617439618444]",0.6242424242424243,0.1270290378820844
,True,0.13242528787624072,3.1363800445660672e-15,134,"[-0.8416326626402792, -0.8583153972344996, -0.8442759973764048, -0.7747303954366296, -0.8256962512176476, -0.802388635119202, -0.7889669147627326, -0.8469691009220547]","[0.3011910378343501, 0.2976914275707685, 0.3006349745102675, 0.3154567162072789, 0.3045558434794532, 0.30951479865624615, 0.31239053588293425, 0.3000690440268349]",0.6242424242424243,0.12700180059937835
,True,0.1323049388848077,4.3298697960381105e-15,135,"[-0.8348943738615087, -0.8518090163173233, -0.8375221587147083, -0.7666944728663759, -0.8186507800733612, -0.7948885862651723, -0.7812541930013296, -0.840290928512444]","[0.30261117623163397, 0.29905351281006043, 0.3020569025037546, 0.3171945915485515, 0.30605013686654914, 0.3111199601946649, 0.3140496417244242, 0.3014735146282539]",0.6242424242424243,0.1269745639650488
,True,0.13218576921358002,5.245803791353865e-15,136,"[-0.8281882222529547, -0.84533431655165, -0.8307982854406816, -0.758677664388317, -0.8116343607468307, -0.7874130034574052, -0.7735652327438493, -0.8336441748047243]","[0.30402829728239184, 0.3004125060676806, 0.30347630338018955, 0.3189334284068938, 0.3075423327223725, 0.3127244174785514, 0.3157083799242895, 0.30287508039608607]",0.6242424242424243,0.12694733043277415
,True,0.13206777275012566,3.191891195797325e-15,137,"[-0.821514267135408, -0.8388912905688355, -0.8241043949825934, -0.7506800800186, -0.8046470609399918, -0.7799619743942068, -0.7659001603451443, -0.8270288685447704]","[0.30544231758528245, 0.3017683423864922, 0.3048931060054087, 0.32067313285404186, 0.30903234606010627, 0.3143280815082655, 0.3173666504628025, 0.30427366655717064]",0.6242424242424243,0.1269201024460566
,True,0.1319509433758291,3.3584246494910985e-15,138,"[-0.8148725667452882, -0.8324799300336936, -0.817440504046871, -0.742701831108633, -0.7976889476915787, -0.7725355870743821, -0.7582591026372062, -0.8204450375015573]","[0.3068531543333009, 0.30312095749460893, 0.3063072397843448, 0.3224136104477646, 0.31052009228818844, 0.3159308632703461, 0.3190243531440385, 0.3056691989497639]",0.6242424242424243,0.12689288243743885
,True,0.13183527496511518,3.4139358007223564e-15,139,"[-0.8082631782001205, -0.8261002256415318, -0.8108066286046905, -0.7347430303022711, -0.7907600873413502, -0.7651339297582289, -0.7506421868735219, -0.8138927084478429]","[0.3082607253335152, 0.3044702878136787, 0.30771863467312544, 0.32415476625404316, 0.31200548723101296, 0.31753267375905453, 0.320681387623897, 0.3070616040378562]",0.6242424242424243,0.12686567282773076
,True,0.13172076138470368,7.882583474838611e-15,140,"[-0.8016861574642841, -0.8197521671152662, -0.8042027838786546, -0.7268037914923231, -0.7838605454945399, -0.7577570909282884, -0.743049540673115, -0.8073719071410643]","[0.30966494902656305, 0.30581627046690046, 0.30912722119096236, 0.32589650486968735, 0.3134884471494743, 0.3191334239980313, 0.32233765343835885, 0.30845080892523696]",0.6242424242424243,0.12683847602524764
,True,0.13160739649289394,6.661338147750939e-15,141,"[-0.7951415593150628, -0.8134357432026189, -0.7976289843295689, -0.7188842297764089, -0.7769903869865596, -0.7504051592498814, -0.7354812919643152, -0.8008826583044625]","[0.3110657445058959, 0.30715884328677495, 0.310532930431827, 0.3276387304453771, 0.31496888876134255, 0.3207330250620482, 0.3239930500319575, 0.3098367413692988]",0.6242424242424243,0.1268112944250598
,True,0.13149517413888087,5.88418203051333e-15,142,"[-0.7886294373090271, -0.8071509416734045, -0.7910852436433321, -0.7109844614121986, -0.7701496758479858, -0.743078223531461, -0.7279375689282981, -0.7944249856084518]","[0.31246303153675736, 0.308497944822587, 0.31193569407590543, 0.3293813467091119, 0.31644672926145306, 0.3223313880988419, 0.3256474767864422, 0.31121932979457556]",0.6242424242424243,0.12678413040825476
,True,0.13138408816210195,3.1363800445660672e-15,143,"[-0.782149843748775, -0.8008977493169096, -0.7845715747179505, -0.7031046037720677, -0.7633384752698555, -0.7357763726848109, -0.7204184999424385, -0.7879989116522514]","[0.3138567305748833, 0.30983351434761985, 0.31333544440082983, 0.33112425699005216, 0.3179218863416976, 0.323928424351013, 0.32730083304961105, 0.31259850330600636]",0.6242424242424243,0.12675698634121096
,True,0.13127413239161675,3.858025010572419e-15,144,"[-0.7757028296500595, -0.7946761519393688, -0.7780879896506873, -0.695244775297197, -0.7565568475693021, -0.7284996956851186, -0.7129242135235194, -0.7816044579457921]","[0.3152467627849123, 0.31116549186610043, 0.31473211429268017, 0.33286736424273655, 0.3193942782108027, 0.3255240451779761, 0.32895301816428957, 0.3139741917019192]",0.6242424242424243,0.1267298645748856
,True,0.1311653006455185,2.8033131371785203e-15,145,"[-0.7692884447093291, -0.7884861343615426, -0.7716344997253602, -0.6874050954511511, -0.7498048541555542, -0.7212482815309539, -0.7054548382708393, -0.7752416448919134]","[0.31663305005849396, 0.312493818119876, 0.31612563725675247, 0.3346105710716588, 0.3208638236138812, 0.3271181620779439, 0.3306039314974336, 0.3153463254867288]",0.6242424242424243,0.12670276744411516
,True,0.1310575867303781,3.3306690738754696e-15,146,"[-0.7629067372717074, -0.7823276804163991, -0.7652111153997959, -0.6795856846729678, -0.7430825554963264, -0.7140222192041792, -0.6980105028092579, -0.7689104917688652]","[0.3180155150320834, 0.3138184345948205, 0.3175159474280892, 0.3363537797561854, 0.3223304418517444, 0.32871068670993087, 0.33225347246933223, 0.31671483588334187]",0.6242424242424243,0.1266756972669295
,True,0.13095098444072173,3.4139358007223564e-15,147,"[-0.7565577542994373, -0.7762007729469043, -0.7588178462934521, -0.6717866643297878, -0.7363900110846247, -0.7068215976298234, -0.6905913357322239, -0.7626110167131269]","[0.3193940811044117, 0.3151392835269736, 0.3189029795817673, 0.33809689227579776, 0.3237940527999613, 0.3303015309157604, 0.3339015405828877, 0.3180796548452647]",0.6242424242424243,0.12664865634388114
,True,0.13084548755854136,3.1086244689504383e-15,148,"[-0.7502415413408129, -0.7701053938039233, -0.7524547011752177, -0.6640081566690611, -0.7297272794059925, -0.6996465056359443, -0.6831974655448241, -0.7563432367025572]","[0.32076867245361984, 0.3164563079084096, 0.32028666914294024, 0.3398398103356406, 0.3252545769276522, 0.33189060674206045, 0.3355480354529499, 0.3194407150684075]",0.6242424242424243,0.12662164695738787
,True,0.13074108985283867,3.885780586188048e-15,149,"[-0.7439581424996253, -0.7640415238442364, -0.7461216879514004, -0.6562502847703572, -0.7230944179062196, -0.6924970319135092, -0.6758290206068953, -0.7501071675398853]","[0.3221392140540481, 0.31776945149283825, 0.321666952196631, 0.34158243539235716, 0.32671193531600423, 0.3334778264622315, 0.33719285683568045, 0.3207979500025804]",0.6242424242424243,0.12659467137109098
76.81258334184707,True,0.1306377850792031,7.577272143066693e-15,150,"[-0.7377076004051423, -0.7580091429286714, -0.7398188136539089, -0.648513172496815, -0.7164914829595369, -0.6853732649763205, -0.6684861290762394, -0.7439028238365573]","[0.323505631692668, 0.31907865880093855, 0.323043765497271, 0.3433246686801945, 0.32816604967649726, 0.33506310259837185, 0.3388359046579249, 0.322151293862677]",0.6242424242424243,0.12656773182922876
,True,0.13053556697942306,3.9968028886505635e-15,151,"[-0.7314899561826458, -0.7520082299203561, -0.7335460844286407, -0.6407969444462628, -0.7099185298373188, -0.6782752931210139, -0.6611689188519801, -0.7377302189969468]","[0.32486785198514945, 0.32038387512542477, 0.3244170464779837, 0.34506641123735704, 0.3296168423688279, 0.336646347943145, 0.3404770790465682, 0.32350068163953977]",0.6242424242424243,0.1265408305560248
,True,0.13043442928113175,3.608224830031759e-15,152,"[-0.7253052494245489, -0.7460387626830929, -0.7273035055240826, -0.6331017259020403, -0.7033756126773142, -0.6712032043871552, -0.6538775175181025, -0.7315893652029422]","[0.32622580239155197, 0.3216850465358472, 0.3257867332596082, 0.3468075639325922, 0.33106423641852045, 0.33822747558157273, 0.3421162803578515, 0.32484604911050435]",0.6242424242424243,0.12651396975509302
,True,0.13033436569748658,3.3306690738754696e-15,153,"[-0.7191535181621111, -0.7401007180798578, -0.7210910812801322, -0.6254276427835542, -0.6968627844534253, -0.6641570865174621, -0.6466120522872115, -0.725480273398918]","[0.32757941123163276, 0.322982119883127, 0.3271527646594606, 0.3485480274919865, 0.33250815553421426, 0.3398063989127404, 0.34375340920662567, 0.32618733284961793]",0.6242424242424243,0.12648715160885818
,True,0.1302353699268824,3.552713678800501e-15,154,"[-0.7130347988377737, -0.7341940719714256, -0.7149088151171469, -0.6177748215966007, -0.6903800969460555, -0.6571370269181768, -0.6393726499445501, -0.7194029532771029]","[0.32892860769976134, 0.32427504280382835, 0.3285150801998308, 0.3502877025259524, 0.33394852412461606, 0.34138303167139816, 0.3453883664955201, 0.327524470237529]",0.6242424242424243,0.12646037827799284
,True,0.13013743565269942,6.5503158452884236e-15,155,"[-0.7069491262781323, -0.7283187992151247, -0.7087567095252286, -0.6101433893834838, -0.6839276007130417, -0.6501431126196153, -0.6321594367923128, -0.7133574132633512]","[0.3302733218794338, 0.32556376372416745, 0.3298736201162121, 0.35202648955638777, 0.33538526731510837, 0.3429572879494432, 0.34702105344400264, 0.328857399471044]",0.6242424242424243,0.12643365190087127
,True,0.1300405565430841,2.6645352591003757e-15,156,"[-0.7008965336675671, -0.7224748736637208, -0.7026347660537511, -0.6025334736729636, -0.677505345061191, -0.6431754302369174, -0.6249725385942916, -0.7073436605033264]","[0.33161348475737884, 0.32684823186376044, 0.331228325365261, 0.3537642890439848, 0.336818310964003, 0.344529082217269, 0.34865137161730836, 0.33018605957234914]",0.6242424242424243,0.1264069745930395
,True,0.1299447262507647,4.551914400963142e-15,157,"[-0.6948770525225451, -0.7166622681644345, -0.6965429853011352, -0.5949452024300641, -0.6711133780184375, -0.636234065931022, -0.6178120805208913, -0.7013617008491057]","[0.33294902823724765, 0.32812839723911286, 0.33257913763248603, 0.3555010014156716, 0.3382475816784314, 0.3460983293449662, 0.35027922295521546, 0.33151039039789404]",0.6242424242424243,0.12638034844670298
,True,0.12984993841290007,3.4416913763379853e-15,158,"[-0.6888907126666135, -0.7108809545580917, -0.6904813669048794, -0.5873787040057716, -0.6647517463066348, -0.6293191053698927, -0.6106781870945489, -0.695411538846212]","[0.3342798851528815, 0.32940421066685016, 0.33392599933966305, 0.35723652709216297, 0.3396730068298619, 0.3476649446233613, 0.35190450980064425, 0.3328303326469343]",0.6242424242424243,0.1263537755302312
,True,0.1297561866509619,5.551115123125783e-15,159,"[-0.6829375422060995, -0.7051309036784105, -0.6844499095318503, -0.5798341070866554, -0.6584204953149989, -0.6224306336900147, -0.6035709821355918, -0.6894931777210812]","[0.3356059892811502, 0.33067562376669374, 0.3352688536519762, 0.35897076651560206, 0.3410945145692371, 0.34922884378487834, 0.35352713492805976, 0.33414582786973157]",0.6242424242424243,0.12632725788767926
,True,0.1296634645706505,3.3584246494910985e-15,160,"[-0.6770175675065296, -0.6994120853514234, -0.6784486108688393, -0.5723115406444405, -0.6521196690742167, -0.6155687354581896, -0.5964905887085699, -0.6836066193689703]","[0.3369272753543557, 0.33194258896418194, 0.336607644484882, 0.36070362017727053, 0.3425120338417207, 0.3507899430242108, 0.3551470015716536, 0.3354568184754095]",0.6242424242424243,0.1263007975383277
,True,0.12957176576184362,3.1086244689504383e-15,161,"[-0.6711308131697851, -0.6937244683950398, -0.672477467613391, -0.5648111338855627, -0.6458493102312314, -0.6087334946336457, -0.5894371290690927, -0.6777518643423126]","[0.33824367907219516, 0.33320505949314044, 0.33794231651069745, 0.3624349886453488, 0.3439254944010494, 0.352348159018788, 0.356764013453286, 0.33676324773946287]",0.6242424242424243,0.12627439647623914
,True,0.1294810837985778,4.107825191113079e-15,162,"[-0.6652773020120041, -0.6880680206187463, -0.6665364754649059, -0.5573330162007366, -0.6396094600247189, -0.6019249945304902, -0.5824107246112066, -0.6719289118395261]","[0.33955513711327795, 0.33446298939790187, 0.33927281516490876, 0.36416477259270336, 0.3453348268234805, 0.35390340894902544, 0.35837807481016604, 0.3380650598109196]",0.6242424242424243,0.12624805666983302
,True,0.12939141223906264,2.4702462297909733e-15,163,"[-0.659457055042246, -0.6824427088234489, -0.6606256291160248, -0.5498773171145652, -0.6334001582612653, -0.5951433177805218, -0.575411495815341, -0.666137759694279]","[0.34086158714619325, 0.3357163335352791, 0.34059908665220157, 0.3658928728246822, 0.346739962521329, 0.35545561051834235, 0.35998909042224914, 0.33936219971915466]",0.6242424242424243,0.12622178006147813
,True,0.1293027446257264,2.858824288409778e-15,164,"[-0.6536700914419264, -0.6768484988014568, -0.6547449222442971, -0.5424441662352208, -0.6272214432922572, -0.5883885462964243, -0.5684395621968564, -0.6603784043652179]","[0.3421629678401223, 0.33696504757629303, 0.341921077952212, 0.3676191903068976, 0.3481408337560891, 0.35700468197293683, 0.3615969656393329, 0.3406546133803542]",0.6242424242424243,0.12619556856710268
,True,0.12921507448529446,4.163336342344337e-15,165,"[-0.6479164285450355, -0.671285355336608, -0.6488943475041374, -0.5350336932042266, -0.6210733519914928, -0.5816607612353637, -0.561495042255223, -0.6546508409261619]","[0.343459218874993, 0.33820908800765825, 0.34323873682499756, 0.36934362619297517, 0.3495373736511332, 0.3585505421213045, 0.36320160640783067, 0.34194224760363057]",0.6242424242424243,0.12616942407582254
,True,0.12912839532889803,4.218847493575595e-15,166,"[-0.6421960818191489, -0.6657532422045405, -0.643073896519074, -0.5276460276463661, -0.6149559197335254, -0.574960042963005, -0.5545780534238588, -0.6489550630567673]","[0.3447502809511721, 0.33944841213302823, 0.3445520118162283, 0.37106608185224876, 0.3509295162039828, 0.3600931103534877, 0.36480291929720293, 0.3432250500967877]",0.6242424242424243,0.12614334844958736
,True,0.12904270065221465,7.993605777301127e-15,167,"[-0.6365090648472401, -0.6602521221731061, -0.6372835598742926, -0.5202812991197506, -0.6088691803727441, -0.5682864710179704, -0.5476887120206567, -0.6432910630336648]","[0.3460360957986946, 0.3406829780740042, 0.3458608522620979, 0.3727864588973823, 0.3523171962981489, 0.36163230666004514, 0.36640081152603, 0.34450296947173664]",0.6242424242424243,0.1261173435228444
,True,0.1289579839356384,5.079270337660091e-15,168,"[-0.6308553893103036, -0.6547819570029317, -0.6315233271094782, -0.5129396370660696, -0.6028131662232019, -0.5616401240767559, -0.5408271331992252, -0.637658831722073]","[0.3473166061860241, 0.3419127447709089, 0.3471652082939554, 0.3745046592118961, 0.35370034971453423, 0.363168051650729, 0.36799519098770517, 0.3457759552495614]",0.6242424242424243,0.1260914111022204
,True,0.12887423864448058,3.2751579226442118e-15,169,"[-0.625235064970794, -0.6493427074481246, -0.6257931867119575, -0.505621170761054, -0.5967879080391956, -0.5550210799191241, -0.5339934309008709, -0.6320583585678903]","[0.34859175592834646, 0.3431376719833283, 0.3484650308426573, 0.37622058497758015, 0.35507891314239654, 0.3647002665728582, 0.3695859662757323, 0.34704395786523756]",0.6242424242424243,0.1260655529662214
,True,0.1287914582291997,2.6367796834847468e-15,170,"[-0.6196480996568903, -0.6439343332571261, -0.6200931261101442, -0.49832602926517705, -0.5907934349966032, -0.5484294153939898, -0.527187717807348, -0.6264896315902663]","[0.34986148989539123, 0.34435772029042583, 0.34976027164264173, 0.37793413870177306, 0.35645282418986685, 0.3662288733293785, 0.37117304670861045, 0.34830692867200147]",0.6242424242424243,0.12603977086495027
,True,0.12870963612566022,3.885780586188048e-15,171,"[-0.6140944992475896, -0.6385567931737122, -0.6144231316672907, -0.4910543413746205, -0.5848297746749858, -0.5418652063858166, -0.5204101052943975, -0.6209526373746561]","[0.35112575401878343, 0.3455728510910293, 0.35105088323572414, 0.3796452232444868, 0.35782202139402236, 0.3677537944965967, 0.3727563423542878, 0.3495648199453738]",0.6242424242424243,0.12601406651984207
,True,0.12862876575541968,2.942091015256665e-15,172,"[-0.6085742676586354, -0.6332100449381413, -0.6087831886755455, -0.4838062355725303, -0.5788969530404543, -0.5353285277815382, -0.5136607033861009, -0.6154473610663563]","[0.35238449529892124, 0.346783026603496, 0.3523368189746166, 0.38135374184536036, 0.3591864442305095, 0.36927495334158106, 0.3743357640541702, 0.3508175848868382]",0.6242424242424243,0.12598844162341713
,True,0.12854884052604376,3.497202527569243e-15,173,"[-0.6030874068292846, -0.6278940452884514, -0.6031732813503202, -0.47658183998058845, -0.5729949944293077, -0.528819453438021, -0.5069396207100703, -0.6099737863645252]","[0.35363766181138284, 0.3479882098653581, 0.3536180330261716, 0.3830595981504195, 0.3605460331227153, 0.37079227383921626, 0.37591122344666866, 0.35206517762717515]",0.6242424242424243,0.12596289783905174
,True,0.12846985383144818,2.3592239273284576e-15,174,"[-0.5976339167099171, -0.622608749961905, -0.5975933928249665, -0.4693812823109252, -0.5671239215324427, -0.5223380561500814, -0.5002469644534951, -0.604531895516686]","[0.3548852027128609, 0.3491883647327506, 0.3548944803743512, 0.38476269623862813, 0.3619007294504879, 0.3723056806889053, 0.37748263299027, 0.3533075532294557]",0.6242424242424243,0.1259374368007662
76.86240542250196,True,0.1283917990522672,4.218847493575595e-15,175,"[-0.5922137952504903, -0.6173541136965837, -0.5920435051457634, -0.4622046898183953, -0.5612837553805388, -0.515884407619074, -0.4935828403200682, -0.5991216693137151]","[0.356127068246624, 0.35038345587962755, 0.35616611682292354, 0.38646294064820846, 0.3632504755584005, 0.37381509933090756, 0.3790499059861179, 0.3545446676916939]",0.6242424242424243,0.12591206011303047
,True,0.12831466955624818,4.413136522884997e-15,176,"[-0.5868270383898407, -0.6121300902331317, -0.5865235992672178, -0.45505218925324264, -0.5554745153300168, -0.5094585784220595, -0.48694735248780685, -0.5937430870853126]","[0.3573632097475093, 0.3515734487967668, 0.3574328989978882, 0.388160236402716, 0.36459521476356355, 0.37532045596230673, 0.3806129566000892, 0.3557764779491637]",0.6242424242424243,0.125886769350587
,True,0.12823845869867107,3.4416913763379853e-15,177,"[-0.5814736400458325, -0.6069366323166493, -0.5810336550476761, -0.4479239068141756, -0.5496962190497747, -0.5030606379815712, -0.48034060356779096, -0.588396126695956]","[0.35859357964644506, 0.3527583097905688, 0.3586947843496324, 0.389854489036849, 0.36593489136297974, 0.3768216775525987, 0.38217169988435457, 0.3570029418763799]",0.6242424242424243,0.12586156605829057
,True,0.12816315982279233,5.245803791353865e-15,178,"[-0.5761535921063552, -0.6017736916987352, -0.5755736512452498, -0.44081996810187624, -0.5439488825086971, -0.49669065453598543, -0.4737626945638326, -0.5830807645413347]","[0.3598181314745057, 0.35393800598165254, 0.3599517311548197, 0.3915456046219749, 0.3672694506404462, 0.37831869185889216, 0.3837260517984092, 0.3582240182887469]",0.6242424242424243,0.12583645175096508
,True,0.12808876626031296,4.135580766728708e-15,179,"[-0.5708668844211691, -0.5966412191396794, -0.5701435655140533, -0.4337404980729645, -0.5382325199639388, -0.49034869511051293, -0.4672137248330944, -0.5777969755452657]","[0.3610368198665018, 0.35511250530325, 0.3612036985180134, 0.39323348979135914, 0.3685988388730013, 0.3798114274407157, 0.3852759292295634, 0.3594396669438801]",0.6242424242424243,0.1258114279132771
,True,0.12801527133186935,2.9976021664879227e-15,180,"[-0.5656135047945968, -0.5915391644108053, -0.5647433744007547, -0.426685620994439, -0.5325471439499809, -0.4840348254888176, -0.4606937920476722, -0.572544733157086]","[0.3622496005641078, 0.35628177649940623, 0.36245064637303737, 0.3949180517650767, 0.3699230033369192, 0.3812998136744234, 0.38682125001288187, 0.3606498485425991]",0.6242424242424243,0.12578649599962607
,True,0.12794266834754647,2.7200464103316335e-15,181,"[-0.5603934389790609, -0.5864674762969622, -0.5593730533414394, -0.4196554603986153, -0.526892765268456, -0.47774911018527555, -0.4542029921571548, -0.5673240093495222]","[0.36345643041852915, 0.35744578912298525, 0.363692535484076, 0.3965991983745932, 0.37124189231325233, 0.38278378076719255, 0.388361932950561, 0.3618545247296009]",0.6242424242424243,0.12576165743405068
,True,0.127870950607413,5.329070518200751e-15,182,"[-0.5552066706694627, -0.5814261025991664, -0.5540325766587854, -0.4126501390385805, -0.52126939297874, -0.47149161241788223, -0.4477414193521757, -0.5621347746170332]","[0.36465726739271404, 0.3586045135334865, 0.3649293274465167, 0.39827683808699677, 0.37255545509292415, 0.3842632597706093, 0.389897897830735, 0.3630536580938113]",0.6242424242424243,0.12573691361015166
,True,0.12780011140207664,3.1086244689504383e-15,183,"[-0.5500531814984018, -0.576414990137393, -0.5487219175595498, -0.40566977884418537, -0.5156770343893069, -0.465262394081817, -0.4413091660289672, -0.5569769979746239]","[0.3658520705631115, 0.3597579208946765, 0.36616098468753644, 0.39995088002886847, 0.37386364198137423, 0.3857381825938339, 0.39142906544570244, 0.36424721216842404]",0.6242424242424243,0.12571226589103002
,True,0.12773014401326035,3.497202527569243e-15,184,"[-0.5449329510322299, -0.571434084753516, -0.5434410481323658, -0.398714500878591, -0.510115695049842, -0.45906151572367354, -0.43490632275492913, -0.5518506469571266]","[0.367040800120981, 0.3609059831720374, 0.36738747046643666, 0.4016212340097745, 0.3751664043027575, 0.38720848201634334, 0.39295535760956474, 0.365435151430626]",0.6242424242424243,0.12568771560924158
,True,0.12766104171439735,6.63358257213531e-15,185,"[-0.5398459567679369, -0.5664833313143988, -0.5381899393458488, -0.391784425295389, -0.5045853787441085, -0.45288903651636275, -0.4285329782352221, -0.5467556876189476]","[0.36822341737325803, 0.36204867313003725, 0.3686087488747281, 0.4032878105453664, 0.37646369440370264, 0.38867409170024453, 0.3944766971752682, 0.3666174413010167]",0.6242424242424243,0.1256632640667666
,True,0.1275927977712445,2.3869795029440866e-15,186,"[-0.5347921741308614, -0.5615626737151318, -0.5329685610470098, -0.3848796712963123, -0.49908608748356276, -0.4467450142346962, -0.42218921928039344, -0.5416920845342738]","[0.36939988474297913, 0.3631859643292255, 0.3698247848359695, 0.4049505208800753, 0.37775546565663004, 0.3901349462021557, 0.3959930080510448, 0.367794048142724]",0.6242424242424243,0.12563891253499423
,True,0.1275254054425141,3.219646771412954e-15,187,"[-0.5297715764732237, -0.55667205488242, -0.5277768819599764, -0.37800035708955365, -0.49361782150171185, -0.4406295052316555, -0.4158751307750456, -0.5366598007977376]","[0.3705701657692721, 0.3643178311231571, 0.3710355441053628, 0.40660927700938837, 0.37904167246263487, 0.39159098098465056, 0.3975042152162443, 0.36896493926022106]",0.6242424242424243,0.1256146622547227
,True,0.12745885798052206,6.189493362285248e-15,188,"[-0.5247841350734705, -0.5518114167781177, -0.5226148696850168, -0.37114659984870785, -0.48818057924920655, -0.43454256441535366, -0.4095907956475525, -0.5316587980255337]","[0.37173422510691745, 0.36544424865514885, 0.3722409932691088, 0.40826399170169203, 0.3803222702539389, 0.3930421324272631, 0.3990102447365521, 0.3701300828978495]",0.6242424242424243,0.12559051443617353
,True,0.1273931486318524,5.6066262743570405e-15,189,"[-0.5198298191364288, -0.5469807004029114, -0.5174824906978679, -0.3643185156723527, -0.4827743573896634, -0.42848424522669354, -0.40333629484083067, -0.5266890363569859]","[0.3728920285254844, 0.3665651928548728, 0.37344109974352585, 0.40991457851967206, 0.38159721549591497, 0.39448833783705006, 0.40051102377858994, 0.3712894482380522]",0.6242424242424243,0.12556647025902007
,True,0.1273282706380374,4.3021142204224816e-15,190,"[-0.514908595794258, -0.5421798458001487, -0.5123797103493637, -0.3575162195442842, -0.47739915079620837, -0.42245459961772774, -0.39711170728417083, -0.5217504744565566]","[0.37404354290804953, 0.3676806404347881, 0.37463583177393567, 0.41156095184125807, 0.3828664656886885, 0.39592953545870774, 0.40200648062389305, 0.37244300539932224]",0.6242424242424243,0.12554253087243086
,True,0.12726421723625156,4.163336342344337e-15,191,"[-0.5100204301081954, -0.5374087920598152, -0.5073064928653624, -0.35073982529442, -0.4720549525487339, -0.416453678030724, -0.3909171098661334, -0.5168430695162971]","[0.3751887362495026, 0.3687905688864178, 0.3758251584333196, 0.41320302688010085, 0.3841299793683215, 0.3973656644842427, 0.40349654468226176, 0.3735907254338708]",0.6242424242424243,0.12551869739512547
,True,0.1272009816600202,5.9119376061289586e-15,192,"[-0.5051652850710839, -0.5326674773226564, -0.5022628013469702, -0.34398944556038397, -0.46674175393186135, -0.41048152937793925, -0.38475257740851165, -0.5119667772587315]","[0.3763275776544469, 0.36989495647647186, 0.3770090496207487, 0.4148407197055724, 0.3853877161075834, 0.39879666506219236, 0.4049811465044858, 0.37473258032502105]",0.6242424242424243,0.1254949709154451
,True,0.12713855713994052,2.6645352591003757e-15,193,"[-0.500343121610675, -0.5279558387844446, -0.4972485977710582, -0.33726519174978564, -0.4614595444335996, -0.4045382010221055, -0.37861818264136465, -0.5071215519401704]","[0.37746003733469985, 0.37099378224282226, 0.37818747605959235, 0.416473947262279, 0.38663963651631555, 0.4002224783063974, 0.4064602177944368, 0.3758685429843317]",0.6242424242424243,0.1254713524914356
,True,0.12707693690441482,4.718447854656915e-15,194,"[-0.4955538985936963, -0.5232738127003912, -0.4922638429910715, -0.3305671740032059, -0.4562083117446918, -0.39862373875762913, -0.37251399617912223, -0.5023073463544474]","[0.3785860866064009, 0.372087025990332, 0.3793604092955084, 0.4181026273890766, 0.38788570224139307, 0.4016430463043222, 0.40793369142053026, 0.376998587248456]",0.6242424242424243,0.12544784315094357
,True,0.1270161141803952,2.6645352591003757e-15,195,"[-0.49079757283067516, -0.5186213343897015, -0.48730849673812665, -0.32389550115790106, -0.4509880417586391, -0.3927381867925058, -0.36644008649776166, -0.4975241118370752]","[0.3797056978867342, 0.3731746682865434, 0.3805278216942181, 0.41972667883758197, 0.38912587596629156, 0.4030583121249253, 0.40940150142655446, 0.3781226878757414]",0.6242424242424243,0.12542444389172497
,True,0.1269560821941386,3.4416913763379853e-15,196,"[-0.4860740990815061, -0.5139983382402739, -0.48238251762239465, -0.3172502807122359, -0.4457987185723935, -0.3868815877309518, -0.3603965199130565, -0.49277179826981304]","[0.38081884469027233, 0.374256690457228, 0.3816896864390725, 0.4213460212901676, 0.3903601214102638, 0.4044682198260784, 0.41086358304186743, 0.3792408205425755]",0.6242424242424243,0.1254011556815657
,True,0.12689683417197187,2.581268532253489e-15,197,"[-0.4813834300617537, -0.5094047577135397, -0.47748586313476726, -0.31063161879085566, -0.4406403244877079, -0.3810539825567531, -0.35438336055989633, -0.48805035408564174]","[0.3819255016249496, 0.37533307458180304, 0.38284597752841, 0.4229605753774371, 0.3915884033271342, 0.4058727144615346, 0.41231987269096126, 0.3803529618394835]",0.6242424242424243,0.12537797945841464
,True,0.12683836334106566,3.0531133177191805e-15,198,"[-0.47672551644967753, -0.5048405253494452, -0.47261848964880265, -0.3040396201106072, -0.43551284001313395, -0.3752554106173309, -0.3484006703726755, -0.4833597262741385]","[0.38302564438767106, 0.3764038034886174, 0.383996669772714, 0.42457026269516984, 0.39281068750371495, 0.4072717420874474, 0.4137703080023969, 0.38145908926698213]",0.6242424242424243,0.1253549161305276
,True,0.12678066293021634,3.164135620181696e-15,199,"[-0.4721003068939696, -0.5003055727715733, -0.467780352422948, -0.2974743879472177, -0.43041624386665683, -0.36948590960852484, -0.34244850906674823, -0.4786998603872464]","[0.38411924975956646, 0.3774688607501109, 0.38514173879157115, 0.4261750058207317, 0.3940269407578541, 0.408665249768441, 0.41521482781710856, 0.3825591812311969]",0.6242424242424243,0.12533196657662282
76.9135894349726,True,0.12672372617063557,3.0531133177191805e-15,200,"[-0.4675077480221911, -0.49579983069240435, -0.46297140560303546, -0.2909360241027392, -0.4253505129789555, -0.3637455155600916, -0.3365269341209466, -0.47407070054543193]","[0.3852062956008959, 0.37852823067785113, 0.3862811610104354, 0.4277747283289428, 0.3952371309361197, 0.41005318558323334, 0.4166533721960826, 0.38365321703924793]",0.6242424242424243,0.1253091316460474
,True,0.12666754629674637,2.6645352591003757e-15,201,"[-0.462947784449897, -0.4913232289187154, -0.45819160222504784, -0.28442462887376735, -0.42031562249727744, -0.35803426282191875, -0.3306360007611571, -0.46947218944422414]","[0.38628676084561564, 0.37958189831745065, 0.38741491365720365, 0.42936935480739896, 0.3964412269111278, 0.4114354986298143, 0.418085882427412, 0.3847411768944088]",0.6242424242424243,0.12528641215895406
,True,0.126612116546985,4.3576253716537394e-15,202,"[-0.45842035879043563, -0.4868756963571161, -0.45344089421815126, -0.27794030102044026, -0.41531154578991675, -0.3523521840509509, -0.32477576194495117, -0.46490426836112836]","[0.38736062549561234, 0.3806298494433691, 0.38854297475860444, 0.43095881087124155, 0.3976391985785237, 0.41281213903018094, 0.41951230103273096, 0.38582304189104594]",0.6242424242424243,0.12526380890648833
,True,0.12655743016460783,2.55351295663786e-15,203,"[-0.4539254116654109, -0.4824571610197205, -0.4487192324079905, -0.27148313773622507, -0.4103382544512832, -0.34669931019882694, -0.3189462683472633, -0.4603668771629085]","[0.38842787061461387, 0.3816720705536033, 0.38966532313640695, 0.4325430231773707, 0.3988310168536193, 0.4141830579346321, 0.420932571773033, 0.3868987940093438]",0.6242424242424243,0.12524132265098525
,True,0.126503480398503,3.552713678800501e-15,204,"[-0.44946288171579346, -0.478067550029954, -0.444026566520244, -0.26505323461849717, -0.4053957183075507, -0.3410756705002245, -0.31314756834711116, -0.4558599543132309]","[0.3894884783217846, 0.3827085488642692, 0.3907819384034519, 0.4341219194380991, 0.40001665366770006, 0.4155482075256266, 0.4223466396538771, 0.38796841610982097]",0.6242424242424243,0.12521895412617617
,True,0.1264502605040052,2.942091015256665e-15,205,"[-0.44503270561366814, -0.47370678962849255, -0.4393628451844346, -0.2586506856399179, -0.4004839054228736, -0.3354812924619099, -0.30737970801535, -0.45138343688066224]","[0.39054243178501485, 0.3837392723040792, 0.3918928009595114, 0.4356954284342423, 0.4011960819640032, 0.4169075410212058, 0.42375445092998754, 0.3890318919276432]",0.6242424242424243,0.1251967040374042
,True,0.12639776374371345,2.858824288409778e-15,206,"[-0.4406348180746036, -0.46937480517933544, -0.43472801593799193, -0.2522755831206147, -0.3956027821061575, -0.3299162018524884, -0.30164273110345396, -0.4469372605470156]","[0.3915897152139111, 0.38476422950871897, 0.3929978919869795, 0.4372634800276437, 0.40236927569338016, 0.4182610126779875, 0.4251559531092521, 0.39008920606674086]",0.6242424242424243,0.1251745730618487
,True,0.12634598338831118,3.885780586188048e-15,207,"[-0.43626915187063064, -0.46507152117600753, -0.4301220252305637, -0.24592801770116865, -0.39075231291837337, -0.32438042269285233, -0.2959366790333162, -0.4425213596160366]","[0.39263031385249797, 0.3857834098151259, 0.39409719344640026, 0.43882600517313186, 0.4035362098096475, 0.419608577793731, 0.42655109495612487, 0.39114034399373443]",0.6242424242424243,0.12515256184875828
,True,0.12629491271738788,3.885780586188048e-15,208,"[-0.43193563784381533, -0.4607968612478918, -0.4255448184285705, -0.23960807831641184, -0.3859324606804018, -0.3188739772473219, -0.29026159088805803, -0.43813566702242335]","[0.3936642139716385, 0.38679680325567456, 0.3951906880718358, 0.4403829359299084, 0.4046968602646361, 0.4209501927094814, 0.4279398264944409, 0.3921852920316748]",0.6242424242424243,0.12513067101969214
,True,0.12624454502026095,1.0019762797242038e-14,209,"[-0.4276342049204124, -0.4565507481666894, -0.4209963398200015, -0.23331585217003842, -0.3811431864813953, -0.31339688601547383, -0.2846175034038385, -0.43378011434117203]","[0.39469140286118276, 0.38780440055227156, 0.3962783593660802, 0.44193420547236595, 0.4058512040029463, 0.42228581481129523, 0.4293220990096478, 0.3932240373536051]",0.6242424242424243,0.12510890116876874
,True,0.12619487359679837,9.270362255620057e-15,210,"[-0.42336478012558476, -0.45233310385300624, -0.4164765326194466, -0.2270514247100309, -0.3763844496876452, -0.30794916772465347, -0.2790044509626539, -0.429454631797242]","[0.3957118688218535, 0.38880619311036363, 0.39736019159572256, 0.4434797481003348, 0.40699921895641655, 0.4236154025315515, 0.4306978650504635, 0.39425656797594893]",0.6242424242424243,0.12508725286292266
,True,0.12614589175824006,3.219646771412954e-15,211,"[-0.41912728859867504, -0.44814384938306495, -0.4119853389733606, -0.2208148796049041, -0.3716562079519417, -0.3025308393231644, -0.27342246558611644, -0.42515914827553236]","[0.39672560115687583, 0.3898021730128618, 0.3984361697860649, 0.44501949924875983, 0.40814088403831494, 0.424938915349856, 0.4320670784299661, 0.39528287275173113]",0.6242424242424243,0.12506572664216783
,True,0.12609759282801886,2.4980018054066022e-15,212,"[-0.4149216536090137, -0.44398290499553994, -0.4075226999655561, -0.21460629872076753, -0.3669584172234132, -0.29714191597413, -0.2678715769302011, -0.42089359133116255]","[0.3977325901633637, 0.3907923330139865, 0.3995062797158975, 0.446553395496807, 0.40927617913726044, 0.4262563137935411, 0.4334296942261262, 0.3963029413636368]",0.6242424242424243,0.12504432301986848
,True,0.12604997014257843,2.858824288409778e-15,213,"[-0.41074779657224975, -0.43985019009851456, -0.4030885556229206, -0.20842576209920732, -0.36229103175783217, -0.2917824110500207, -0.2623518122809493, -0.41665788720005037]","[0.3987328271234665, 0.3917766665330357, 0.40057050791213905, 0.44808137457639985, 0.410405085110883, 0.42756755943776836, 0.4347856687817865, 0.3973167643169153]",0.6242424242424243,0.12502304248301555
,True,0.12600301705219,4.496403249731884e-15,214,"[-0.40660563706718933, -0.4357456232765584, -0.3986828449213535, -0.20227334793598764, -0.3576540041283757, -0.28645233612784093, -0.2568631965511169, -0.4124519608097792]","[0.3997263042952905, 0.392755167648079, 0.40162884164434154, 0.4496033753801909, 0.41152758377923077, 0.428872614905238, 0.4361349597041013, 0.398324332932134]",0.6242424242424243,0.12500188549251023
,True,0.12595672692176485,3.6914915568786455e-15,215,"[-0.4024950928531261, -0.4316691222979234, -0.3943055057919193, -0.19614913256057148, -0.35304728523682677, -0.2811517009849686, -0.2514057522777542, -0.40827573579074744]","[0.40071301490359856, 0.3937278310895833, 0.40268126891906997, 0.451119337968965, 0.41264365791793184, 0.43017144386551326, 0.437477525863443, 0.39932563933778775]",0.6242424242424243,0.12498085248345281
,True,0.1259110931316639,4.107825191113079e-15,216,"[-0.39841607988765027, -0.4276206041218567, -0.3899564751272127, -0.19005319041646002, -0.34847082432520377, -0.2758805135956407, -0.2459794996207049, -0.4041291344875927]","[0.401692953130301, 0.3946946522339712, 0.40372777847415586, 0.45262920357848163, 0.4137532912511201, 0.4314640110339641, 0.43881332739178425, 0.4003206764627707]",0.6242424242424243,0.12495994386543717
,True,0.12586610907850232,3.0253577421035516e-15,217,"[-0.3943685123449193, -0.4235999849060287, -0.385635688787931, -0.18398559404234927, -0.343924568987806, -0.270638780128077, -0.24058445636201087, -0.4000120779708832]","[0.4026661141047445, 0.3956556270971154, 0.40476835977283254, 0.45413291462575645, 0.41485646844413276, 0.4327502821703356, 0.44014232568056755, 0.4013094380287155]",0.6242424242424243,0.12493916002285048
,True,0.12582176817594987,3.497202527569243e-15,218,"[-0.3903523026343774, -0.4196071800140747, -0.38134308160965, -0.17794641405410216, -0.33940846518366136, -0.2654265049422357, -0.23522063790620873, -0.39592448604906877]","[0.40363249389380673, 0.3966107523277742, 0.4058030029977553, 0.45563041471478594, 0.41595317509598695, 0.43403022407695135, 0.4414644833780702, 0.4022919185422047]",0.6242424242424243,0.12491850131517787
,True,0.12577806385552534,3.469446951953614e-15,219,"[-0.3863673614199066, -0.4156421040232482, -0.37707858740979955, -0.17193571912753436, -0.33492245724936426, -0.2602436905881915, -0.2298880572815046, -0.39186627728068446]","[0.4045920894918087, 0.39756002520096895, 0.40683169904491034, 0.45712164864172034, 0.41704339773164606, 0.4353038045965533, 0.4427797643862769, 0.4032681132868628]",0.6242424242424243,0.12489796807731163
,True,0.12573498956738552,2.942091015256665e-15,220,"[-0.38241359763939564, -0.4117046707321835, -0.3728421389948331, -0.1659535759820104, -0.3304664879122906, -0.25509033780513024, -0.22458672514181216, -0.38783736898679877]","[0.40554489881024963, 0.39850344361130846, 0.4078544395174177, 0.45860656239948694, 0.4181271237940813, 0.4365709926097899, 0.4440881338572677, 0.40423801831533085]",0.6242424242424243,0.1248775606198647
,True,0.12569253878110698,3.635980405647388e-15,221,"[-0.3784909185247119, -0.4077947931687668, -0.3686336681675887, -0.16000004936484802, -0.3260404983041775, -0.2499664455209497, -0.21931664976963963, -0.3838376772636994]","[0.4064909206673758, 0.3994410060662622, 0.4088712167192312, 0.46008510318187035, 0.4192043416361382, 0.4378317580323545, 0.44538955818913445, 0.4052016304411325]",0.6242424242424243,0.1248572792294881
,True,0.1256507049864619,4.135580766728708e-15,222,"[-0.3745992296220599, -0.40391238359811327, -0.36445310573483614, -0.1540752020365263, -0.3216444279750548, -0.24487201085246035, -0.2140778370798107, -0.37986711699580894]","[0.4074301547775899, 0.4003727116793857, 0.4098820236487422, 0.4615572193870529, 0.42027504051221626, 0.4390860718117862, 0.4466840050214356, 0.40615894723043444]",0.6242424242424243,0.12483712416919238
,True,0.12560948169418534,3.7192471324942744e-15,223,"[-0.37073843481271285, -0.4000573535306477, -0.36030038151500626, -0.1481790947566945, -0.3172782149075166, -0.23980702910617585, -0.208870290624004, -0.37592560186882346]","[0.4083626017407111, 0.40129856016350185, 0.41088685399228725, 0.4630228606206228, 0.4213392105697687, 0.44033390592393584, 0.4479714432301999, 0.40710996699370855]",0.6242424242424243,0.12481709567867182
,True,0.12556886243673543,4.246603069191224e-15,224,"[-0.3669084363341016, -0.3962296137302879, -0.3561754243460982, -0.14231178627097676, -0.3129417955313191, -0.23477149377968556, -0.20369401159609585, -0.3720130443830658]","[0.40928826303109256, 0.40221855182383986, 0.41188570211756764, 0.4644819776980535, 0.42239684284063217, 0.4415752333691072, 0.44925184292249054, 0.4080546887773004]",0.6242424242424243,0.12479719397463251
76.96359375480932,True,0.12552884076904483,4.9960036108132044e-15,225,"[-0.3631091348012462, -0.39242907422272794, -0.3520781620937604, -0.13647333329856842, -0.30863510473829414, -0.22976539656359962, -0.19854899883829039, -0.3681293558670472]","[0.41020714098660516, 0.40313268755113574, 0.4128785630669834, 0.46593452264666185, 0.4234479292321916, 0.4428100281678794, 0.45052517543054177, 0.408993112354908]",0.6242424242424243,0.12477741925112286
,True,0.12548941026926327,4.85722573273506e-15,226,"[-0.3593404292285153, -0.3886556443038193, -0.3480085216595407, -0.1306637905206185, -0.3043580758975647, -0.22478872734405775, -0.19343524884802146, -0.3642744464912292]","[0.4111192387974965, 0.4040409688146965, 0.4138654325508852, 0.4673804487070513, 0.42449246251839085, 0.4440382653566198, 0.45179141330547823, 0.40992523821897964]",0.6242424242424243,0.12475777167986664
,True,0.12545056453949105,2.886579864025407e-15,227,"[-0.3556022170516987, -0.3849092325480489, -0.34396642898930213, -0.1248832105693934, -0.30011064087105155, -0.21984147420579256, -0.18835275578560998, -0.360448225281979]","[0.4120245604951317, 0.404943397655432, 0.4148463069407494, 0.4688197103340467, 0.42553043633059573, 0.4452599209826923, 0.45305053031062886, 0.4108510675720318]",0.6242424242424243,0.1247382514105985
,True,0.12541229720650296,5.828670879282072e-15,228,"[-0.3518943941503786, -0.38118974681710993, -0.3399518090817991, -0.11913164401821572, -0.2958927300292581, -0.21492362343573798, -0.1833015114826605, -0.3566506001357107]","[0.4129231109406256, 0.40583997667885535, 0.41582118326227924, 0.4702522631971272, 0.4265618451483167, 0.4464749720993707, 0.45430250141444795, 0.41177060231789536]",0.6242424242424243,0.12471885857140162
,True,0.1253746019224619,3.4416913763379853e-15,229,"[-0.34821685487058435, -0.3774970942685659, -0.3359645859974109, -0.1134091393721723, -0.29170427226732226, -0.21003515952717344, -0.17828150545118096, -0.35288147783320556]","[0.41381489581337205, 0.4067307090480567, 0.4167900591884372, 0.4716780641803658, 0.42758668428979923, 0.44768339676046515, 0.4555473027830537, 0.41268384505289346]",0.6242424242424243,0.12469959326904687
,True,0.12533747236562232,2.4702462297909733e-15,230,"[-0.3445694920477175, -0.3738311813646035, -0.3320046828670273, -0.10771574305958513, -0.2875451950213236, -0.20517606518439402, -0.17329272489340886, -0.34914076405410377]","[0.4146999215994807, 0.4076155984766517, 0.417752933032411, 0.47309707138188245, 0.42860494990249026, 0.4488851740146675, 0.45678491177239694, 0.4135907990569569]",0.6242424242424243,0.12468045558933365
,True,0.1253009022410231,4.218847493575595e-15,231,"[-0.3409521970297314, -0.37019191388087364, -0.3280720219010825, -0.1020514994242383, -0.28341542428483374, -0.2003463213278972, -0.16833515471232716, -0.345428363391561]","[0.4155781955801265, 0.40849464922170753, 0.41870980374051814, 0.4745092441128181, 0.42961663895338575, 0.45008028389962496, 0.4580153069200714, 0.41449146828468114]",0.6242424242424243,0.12466144559743236
,True,0.12526488528116875,3.6914915568786455e-15,232,"[-0.3373648597005528, -0.3665791969154176, -0.3241665243987336, -0.09641645071835402, -0.2793148846256994, -0.19554590710007613, -0.16340877752285377, -0.3417441793670624]","[0.416449725819821, 0.4093678660766496, 0.41966067088505266, 0.47591454289583995, 0.4306217492192701, 0.4512687074357497, 0.4592384679367777, 0.41538585735633016]",0.6242424242424243,0.1246425633382271
,True,0.12522941524669995,4.413136522884997e-15,233,"[-0.3338073685037297, -0.36299293489767714, -0.32028811075717906, -0.09081063709631057, -0.2752434992030464, -0.19077479987140972, -0.1585135736636872, -0.3380881144453872]","[0.417314521154612, 0.41023525436415104, 0.4206055346570772, 0.47731292946318254, 0.4316202792768508, 0.4524504266197723, 0.46045437569745246, 0.41627397154879237]",0.6242424242424243,0.12462380883666031
,True,0.12519448592705182,4.191091917959966e-15,234,"[-0.33027961046629345, -0.3594330315975849, -0.3164367004811125, -0.08523409660909445, -0.27120118978449337, -0.1860329752471397, -0.15364952120979228, -0.3344600700497171]","[0.41817259118021866, 0.41109681992900765, 0.421544395859165, 0.4787043667542377, 0.43261222849279884, 0.45362542441804615, 0.4616630122320755, 0.41715581678649205]",0.6242424242424243,0.124605182098077
,True,0.1251600911411006,2.9976021664879227e-15,235,"[-0.32678147122281964, -0.35589939013473426, -0.31261221219230906, -0.07968686519947897, -0.26718787676356487, -0.18132040707442448, -0.14881659598550845, -0.3308599465768812]","[0.4190239462401104, 0.411952569131, 0.4224772558980943, 0.48008881891269833, 0.4335975970136993, 0.4547936847596116, 0.46286436071616466, 0.41803139963226166]",0.6242424242424243,0.12458668310857006
,True,0.12512622473779764,3.247402347028583e-15,236,"[-0.3233128350396759, -0.35239191298762573, -0.308814563639339, -0.07416897669792126, -0.2632034791772926, -0.17663706744996005, -0.14401477157826448, -0.3272876434127312]","[0.41986859741353477, 0.412802508837747, 0.4234041167774996, 0.4814662512832677, 0.4345763857559208, 0.4559551925290282, 0.4640584054609731, 0.4189007272781799]",0.6242424242424243,0.12456831183532524
,True,0.1250928805967915,3.4416913763379853e-15,237,"[-0.3198735848394417, -0.3489105020029875, -0.3050436717074054, -0.06868046281916938, -0.25924791472399467, -0.17198292672805734, -0.13924401935288225, -0.32374305894763966]","[0.4207065565035022, 0.4136466464175512, 0.42432498109048256, 0.4828366304079416, 0.4355485963954087, 0.4571099335589815, 0.4652451319033984, 0.419763807536378]",0.6242424242424243,0.1245500682269667
,True,0.12506005262903674,3.552713678800501e-15,238,"[-0.31646360222548836, -0.3454550584051685, -0.3012994524283008, -0.06322135315957095, -0.2553210997812221, -0.16735795352916658, -0.1345043084664531, -0.32022609059211526]","[0.4215378360247347, 0.414484989732239, 0.4252398520121875, 0.48419992402187384, 0.43651423135741035, 0.4582578946226731, 0.4664245265956166, 0.42062064882982136]",0.6242424242424243,0.12453195221390166
,True,0.12502773477738996,2.55351295663786e-15,239,"[-0.31308276750670505, -0.3420254828056007, -0.29758182099048036, -0.05779167519507463, -0.25142294942386245, -0.16276211474883792, -0.12979560588376968, -0.31673663479252745]","[0.4223624491915836, 0.41531754712999847, 0.4261487332923421, 0.4855561010488336, 0.4374732938061385, 0.45939906342600306, 0.4675965771944522, 0.4214712601830683]",0.6242424242424243,0.12451396370866509
,True,0.1249959210171929,2.248201624865942e-15,240,"[-0.30973095972235914, -0.3386216752123297, -0.293890691749246, -0.05239145427991547, -0.2475533774423911, -0.15819537556710866, -0.12511787639329686, -0.31327458704693534]","[0.42318040990592437, 0.4161443274382159, 0.4270516292477695, 0.486905131596266, 0.43842578763437745, 0.4605334285995496, 0.4687612724504955, 0.4223156512130112]",0.6242424242424243,0.12449610260626379
,True,0.12496460535684144,4.85722573273506e-15,241,"[-0.30640805666707727, -0.3352435350396099, -0.29022597823703855, -0.047020713645974974, -0.24371229636125927, -0.15365769945830632, -0.1204710826236648, -0.30983984192101305]","[0.4239917327450333, 0.4169653399563147, 0.4279485447548733, 0.4882469869499623, 0.4393717174530412, 0.4616609796903576, 0.46991860219698, 0.4231538321196033]",0.6242424242424243,0.12447836878451901
,True,0.12493378183834225,3.247402347028583e-15,242,"[-0.3031139349159354, -0.3318909611175627, -0.28658759317383387, -0.04167947440280664, -0.23989961745741034, -0.14914904820125796, -0.1158551850606675, -0.3064322930640664]","[0.42479643294945335, 0.41778059444859755, 0.42883948524209897, 0.48958163956835354, 0.44031108858068685, 0.4627817071535397, 0.4710685573384305, 0.42398581367657684]",0.6242424242424243,0.12446076210440933
,True,0.12490344453785446,2.831068712794149e-15,243,"[-0.2998484698496455, -0.3285638517018956, -0.28297544847763856, -0.03636775553831737, -0.23611525077891402, -0.1446693818898953, -0.11127014206475057, -0.30305183322513335]","[0.42559452641085416, 0.4185901011370939, 0.42972445668237574, 0.4909090630764343, 0.44124390703299077, 0.4638956023437022, 0.472211129839092, 0.42481160722215394]",0.6242424242424243,0.12444328241041107
,True,0.12487358756621841,2.4424906541753444e-15,244,"[-0.2966115356798266, -0.325262104483679, -0.2793894552750821, -0.031085573920095214, -0.23235910516370967, -0.1402186589442453, -0.10671590988897138, -0.2996983542691634]","[0.42638602965989314, 0.41939387069441586, 0.4306034655855397, 0.4922292322593284, 0.4421701795121925, 0.46500265750619835, 0.47334631271115324, 0.42563122464975517]",0.6242424242424243,0.12442592953083839
,True,0.12484420506946994,2.6922908347160046e-15,245,"[-0.29340300547434867, -0.3219856165991791, -0.27582952391210097, -0.025832944297373567, -0.2286310882584496, -0.13579683612179638, -0.10219244269741556, -0.29637174719326864]","[0.42717095985408154, 0.4201919142366234, 0.4314765189907443, 0.4935421230555064, 0.4430899133965135, 0.4661028657682221, 0.4744741000027738, 0.42644467839871025]",0.6242424242424243,0.12440870327818138
,True,0.12481529122934072,3.6637359812630166e-15,246,"[-0.29022275118273777, -0.3187342846397447, -0.2722955639647117, -0.02060987930362196, -0.2249311065374332, -0.13140386852923014, -0.09769969258405335, -0.29307190214304096]","[0.42794933476566305, 0.42098424331610146, 0.43234362445885854, 0.494847712549664, 0.4440031167295536, 0.4671962211297449, 0.4755944867859272, 0.42725198144497323]",0.6242424242424243,0.12439160344944271
,True,0.12478684026374447,4.191091917959966e-15,247,"[-0.28707064366163104, -0.31550800466174406, -0.2687874842498681, -0.015416389459753299, -0.2212590653216235, -0.12703970963450795, -0.0932376095920199, -0.28979870842892963]","[0.4287211727695083, 0.4217708699144504, 0.43320479006485696, 0.49614597896527235, 0.4449097982096738, 0.46828271845430675, 0.4767074691440689, 0.4280531472918455]",0.6242424242424243,0.12437462982647265
,True,0.12475884642724859,7.799316747991725e-15,248,"[-0.2839465527002705, -0.3123066721965518, -0.26530519283640003, -0.010252483177937446, -0.21761486879773745, -0.12270431127930327, -0.08880614173330337, -0.2865520545426729]","[0.4294864928310325, 0.42255180643539136, 0.43406002439020386, 0.4974369016568106, 0.44580996717936705, 0.469362353459667, 0.4778130441596424, 0.42884818996071133]",0.6242424242424243,0.1243577821763019
,True,0.1247313040115317,3.0531133177191805e-15,249,"[-0.28085034704602463, -0.3091301822605812, -0.2618485970560294, -0.005118166766010781, -0.21399842003740163, -0.11839762369176877, -0.08440523500882498, -0.2833318281737782]","[0.43024531449413933, 0.4233270656976902, 0.43490933651523433, 0.4987204611016902, 0.44670363361462584, 0.4704351227083217, 0.4789112099014317, 0.4296371239817882]",0.6242424242424243,0.12434106025147255
77.01022430046663,True,0.12470420734582675,6.467049118441537e-15,250,"[-0.27778189442992673, -0.3059784293653611, -0.25841760351445986, -1.3444432471405518e-05, -0.21040962101636543, -0.11411959549962887, -0.08003483342889549, -0.2801379162260452]","[0.4309976578691969, 0.42409666092809845, 0.43575273601153586, 0.4999966388918823, 0.4475908081143087, 0.4715010235978982, 0.48000196541177187, 0.43041996438489466]",0.6242424242424243,0.12432446379036716
,True,0.12467755079734927,4.9404924595819466e-15,251,"[-0.2747410615922208, -0.30285130752765416, -0.2550121181025365, 0.005061681707950527, -0.20684837263376346, -0.10987017374358758, -0.07569487903403234, -0.27697020483412593]","[0.4317435436210507, 0.4248606057543161, 0.436590232934331, 0.5012654177252565, 0.4484715018895117, 0.4725600543514286, 0.4810853106936279, 0.4311967266902407]",0.6242424242424243,0.12430799251753487
,True,0.12465132877171142,3.469446951953614e-15,252,"[-0.27172771430790293, -0.2997487102796142, -0.25163204600747247, 0.010107211628157925, -0.2033145747314197, -0.10564930389104175, -0.07138531191612224, -0.2738285793801166]","[0.432482992957078, 0.4256189141979762, 0.4374218378148659, 0.5025267813966436, 0.4493457267529492, 0.47361221400751485, 0.4821612466975502, 0.43196742689924167]",0.6242424242424243,0.12429164614401575
,True,0.12462553571332165,2.6367796834847468e-15,253,"[-0.26874171741225, -0.296670530678981, -0.24827729172413834, 0.015123147381997926, -0.1998081261131856, -0.10145692985009004, -0.06710607023991388, -0.2707129245101759]","[0.43321602761528694, 0.4263716006676533, 0.43824756165280554, 0.5037807147886311, 0.4502134951083487, 0.4746575024103878, 0.4832297753085196, 0.4327320814853594]",0.6242424242424243,0.12427542436766263
,True,0.12460016610576895,3.9968028886505635e-15,254,"[-0.2657829348263244, -0.293616661319309, -0.24494775906641114, 0.020109493097029862, -0.196328924564305, -0.09729299398382775, -0.06285709026482589, -0.26762312415116385]","[0.4339426698524669, 0.42711867995189684, 0.4390674159086394, 0.505027203862101, 0.4510748199398639, 0.4756959201998707, 0.4842908993326881, 0.43349070738497386]",0.6242424242424243,0.12425932687345957
,True,0.12457521447219361,3.1363800445660672e-15,255,"[-0.2628512295824464, -0.29058699434022833, -0.24164335117857946, 0.02506625496676074, -0.19287686687079844, -0.09315743712491797, -0.058638306367055054, -0.2645590615272964]","[0.4346629424323922, 0.42786016721229253, 0.4398814124960983, 0.506266235646522, 0.451929714801511, 0.4767274688012513, 0.4853446224840275, 0.4342433219882874]",0.6242424242424243,0.12424335333383867
,True,0.12455067537564253,3.774758283725532e-15,256,"[-0.2599464638496239, -0.28758142143773563, -0.23836397054680128, 0.02999344124235908, -0.18945184883885996, -0.0890501985904295, -0.054449651061970285, -0.2615206191768108]","[0.4353768686140842, 0.42859607797655064, 0.44068956377458585, 0.5074977982300043, 0.45277819380663004, 0.4777521504150702, 0.4863909493708948, 0.4349899431302646]",0.6242424242424243,0.12422750340899322
,True,0.12452654341941036,2.55351295663786e-15,257,"[-0.2570684989589317, -0.2845998338745121, -0.23510951901061106, 0.03489106222385795, -0.1860537653142596, -0.08497121619693176, -0.050291055026777755, -0.2585076789686359]","[0.4360844721401352, 0.42932642813162525, 0.4414918825416275, 0.5087218807491283, 0.45362027161737895, 0.47876996800683264, 0.48742988548252103, 0.43573058908161016]",0.6242424242424243,0.12421177674718839
,True,0.1245028132473661,3.0531133177191805e-15,258,"[-0.25421719542882987, -0.2816421224902668, -0.23187989777447282, 0.03975913025085806, -0.18268251020174486, -0.08092042627583773, -0.04616244712344311, -0.2555201221190635]","[0.43678577722509787, 0.4300512339168637, 0.44228838202533677, 0.5099384733785556, 0.45445596343426053, 0.4797809252966489, 0.4884614371754369, 0.4364652785397872]",0.6242424242424243,0.12419617298506894
,True,0.12447947954426491,5.023759186428833e-15,259,"[-0.251392412990414, -0.2787081777121022, -0.22867500741937602, 0.044597659692741896, -0.17933797648443478, -0.0768977636889851, -0.04206375442185661, -0.25255782920841463]","[0.4374808085439443, 0.43077051191718946, 0.44307907587690326, 0.5111475673204346, 0.45528528498568893, 0.48078502674881024, 0.48948561165983884, 0.43719403062007933]",0.6721212121212121,0.12418069174796342
,True,0.12445653703604606,3.6637359812630166e-15,260,"[-0.2485940106125882, -0.27579788956490037, -0.22549474791447058, 0.04940666693840968, -0.1760200562432001, -0.07290316184444681, -0.03799490222322737, -0.24962068019769706]","[0.43816959122059723, 0.4314842790563177, 0.44386397816310313, 0.5123491547936081, 0.45610825251759635, 0.4817822775613072, 0.49050241698590874, 0.43791686484669656]",0.6721212121212121,0.12416533265018609
,True,0.12443398049011554,2.7478019859472624e-15,261,"[-0.24582184652715305, -0.27291114768172686, -0.22233901862873834, 0.05418617038554822, -0.17272864067602384, -0.06893655271256155, -0.033955814083693234, -0.24670855444524858]","[0.43885215081653756, 0.43219255259000694, 0.44464310335883483, 0.5135432290226329, 0.4569248827830866, 0.4827726836552947, 0.49151186203009195, 0.4386338011439301]",0.6721212121212121,0.1241500952953345
,True,0.1244118047156153,5.384581669432009e-15,262,"[-0.24307577825380014, -0.27004784131425036, -0.21920771834269745, 0.05893619042944352, -0.16946362011733576, -0.06499786684217526, -0.02994641183813269, -0.24382133072336187]","[0.4395285133194899, 0.43289535009934615, 0.4454164663396812, 0.5147297842266234, 0.45773519303213644, 0.4837562516645116, 0.49251395648134394, 0.4393448598273564]",0.6721212121212121,0.12413497927658479
,True,0.12439000456367777,3.9968028886505635e-15,263,"[-0.2403556626250061, -0.2672078593431756, -0.21610074526013665, 0.06365674945134815, -0.16622488405731553, -0.06108703337708476, -0.025966615624165825, -0.24095888723488618]","[0.4401987051321919, 0.43359268948407964, 0.4461840823745001, 0.5159088156079251, 0.45853920100134826, 0.4847329889246593, 0.493508710827353, 0.4400500615950927]",0.6721212121212121,0.12411998417698328
,True,0.124368574927666,6.689093723366568e-15,264,"[-0.23766135581081813, -0.26439109028868696, -0.21301799701987623, 0.06834787180641419, -0.16301232116115855, -0.05720398007267449, -0.022016343906331278, -0.23812110162980146]","[0.4408627530612464, 0.4342845889559704, 0.4469459671180456, 0.5170803193406308, 0.4593369249037585, 0.4857029034627466, 0.4944961363407449, 0.4407494275191065]",0.6721212121212121,0.12410510956973439
,True,0.12434751074340009,2.9698465908722937e-15,265,"[-0.2349927133435241, -0.2615974223209012, -0.20995937070755283, 0.07300958381120275, -0.15982581928829925, -0.053348633312737814, -0.018095513500426545, -0.2353078510217608]","[0.44152068430606284, 0.4349710670322027, 0.4477021366036214, 0.5182442925589452, 0.4601283834187033, 0.4866660039864035, 0.495476245065281, 0.4414429790365809]",0.6721212121212121,0.12409035501848556
,True,0.12432680698936951,4.246603069191224e-15,266,"[-0.23234959014220002, -0.2588267432703261, -0.20692476286742473, 0.07764191373078096, -0.15666526551158655, -0.04952091812647402, -0.014204039597999093, -0.23251901200459646]","[0.44217252644788774, 0.43565214252882617, 0.448452607235768, 0.5194007333454114, 0.46091359568174484, 0.4876222998731733, 0.4964490498020525, 0.4421307379413372]",0.6721212121212121,0.12407572007760842
,True,0.12430645868693146,3.0808688933348094e-15,267,"[-0.22973184053712833, -0.25607894063832337, -0.20391406951419505, 0.08224489176541724, -0.1535305461364062, -0.04572075820565272, -0.01034183579097607, -0.22975446066878588]","[0.4428183074389281, 0.43632783455424073, 0.44919739578298484, 0.5205496407190037, 0.46169258127466, 0.4885718011597853, 0.497414564095681, 0.4428127263753171]",0.6721212121212121,0.12406120429247652
,True,0.12428646090049562,5.856426454897701e-15,268,"[-0.22713931829407993, -0.2533539016075733, -0.2009271861448495, 0.08681855003688574, -0.15042154671974542, -0.041948075921937014, -0.006508814096420568, -0.2270140726178731]","[0.4434580555915709, 0.43699816250272466, 0.4499365193704896, 0.521691014623099, 0.462465360215497, 0.48951451853141414, 0.49837280222053093, 0.4434889668201248]",0.6721212121212121,0.12404680719973954
,True,0.12426680873769481,7.688294445529209e-15,269,"[-0.2245718766384542, -0.25065151305253924, -0.19796400775050604, 0.09136292257439055, -0.1473381520891945, -0.03820279234435731, -0.0027048849814026677, -0.22429772298484196]","[0.444091799567698, 0.4376631460480062, 0.4506699954730169, 0.5228248559133342, 0.46323195294869796, 0.4904504633109313, 0.4993237791669412, 0.44415948208863365]",0.6721212121212121,0.12403252832759348
,True,0.124247497349543,6.106226635438361e-15,270,"[-0.22202936827927042, -0.24797166154992878, -0.1950244288282736, 0.09587804530012084, -0.14428024636188147, -0.03448482725692739, 0.0010700426120262931, -0.22160528644843702]","[0.44471956836810167, 0.4383228051368791, 0.45139784190765475, 0.5239511663453581, 0.4639923803352935, 0.4913796474481531, 0.5002675106274819, 0.4448242953166545]",0.6721212121212121,0.12401836719604804
,True,0.12422852193057883,2.609024107869118e-15,271,"[-0.21951164543300486, -0.24531423338915068, -0.19210834339311667, 0.10036395601444711, -0.14124771296333447, -0.03079409917639483, 0.004816061241767551, -0.21893663724942836]","[0.4453413913220011, 0.4389771599828642, 0.4521200768267251, 0.5250699485624868, 0.4647466636431699, 0.49230208350909127, 0.5012040129832416, 0.4454834299546718]",0.6721212121212121,0.12400432331718927
,True,0.12420987771899682,4.191091917959966e-15,272,"[-0.21701855984726773, -0.24267911458276423, -0.1892156449897235, 0.10482069438076964, -0.13824043464626826, -0.027130525370117682, 0.008533264940527911, -0.2162916492068167]","[0.44595729807666246, 0.43962623105991716, 0.45283671871070486, 0.5261812060832699, 0.4654948245374109, 0.49321778466520794, 0.5021333032901548, 0.4461369097596452]",0.6721212121212121,0.12399039619543942
,True,0.12419155999676484,3.1086244689504383e-15,273,"[-0.2145499628243145, -0.24006619087691958, -0.1863462267043748, 0.10924830191002943, -0.13525829350929017, -0.02349402187405962, 0.012221749190602755, -0.21367019573397508]","[0.4465673185871231, 0.44027003909618245, 0.4535477863611915, 0.5272849432889777, 0.466236885070717, 0.49412676468268313, 0.5030553992653694, 0.44678475878687984]",0.6721212121212121,0.12397658532781246
,True,0.12417356408972924,2.220446049250313e-15,274,"[-0.2121057052443863, -0.23747534776178642, -0.18349998117681024, 0.11364682194489231, -0.13230117101552175, -0.019884503510895823, 0.015881610898599668, -0.21107214985472345]","[0.447171483106023, 0.44090860506779583, 0.4542532988939144, 0.5283811654110147, 0.466972867673903, 0.49502903791169667, 0.5039703192736656, 0.4474270013819665]",0.6721212121212121,0.1239628902041664
77.05192265990522,True,0.12415588536770633,2.55351295663786e-15,275,"[-0.20968563758887426, -0.23490647048196903, -0.1806768006120902, 0.1180162996436166, -0.1293689480111319, -0.016301883908221952, 0.01951294837011307, -0.20849738421933303]","[0.4477698221735447, 0.4415419501927348, 0.45495327573179184, 0.5294698785182693, 0.46770279514647706, 0.495924619275729, 0.5048780823139286, 0.4480636621727922]",0.6721212121212121,0.12394931030745113
,True,0.12413851924456222,2.6645352591003757e-15,276,"[-0.20728960996330284, -0.23235944404690576, -0.1778765767924502, 0.12235678196361477, -0.12646150474377812, -0.012746075516858737, 0.023115861284359954, -0.2059457711204568]","[0.44836236660746165, 0.4421700959247181, 0.45564773659803587, 0.5305510895044069, 0.4684266906473013, 0.49681352426088743, 0.5057787080056799, 0.4486947660616228]",0.6721212121212121,0.12393584511395335
,True,0.12412146117827942,3.858025010572419e-15,277,"[-0.20491747212012756, -0.22983415324125045, -0.1750992010891451, 0.12666831764471942, -0.12357872088095168, -0.009216989629244825, 0.026690450668786652, -0.20341718250898294]","[0.44894914749329873, 0.4427930639471559, 0.4563367015093057, 0.5316248060751132, 0.4691445776853373, 0.497695768905258, 0.5066722165756752, 0.4493203382172581]",0.6721212121212121,0.123922494093537
,True,0.12410470667101137,3.524958103184872e-15,278,"[-0.2025690734813425, -0.22733048263523392, -0.17234456447428081, 0.13095095719216365, -0.1207204755282238, -0.005714536397910602, 0.030236818873656306, -0.20091149000980787]","[0.4495301961746043, 0.44341087616714875, 0.4570201907689108, 0.5326910367352962, 0.4698564801104761, 0.4985713697882905, 0.5075586288445698, 0.4499404040672617]",0.6721212121212121,0.12390925670988018
,True,0.1240882512691253,4.440892098500626e-15,279,"[-0.20024426316089328, -0.22484831659500348, -0.16961255753263108, 0.1352047528592863, -0.11788664724738913, -0.002238624854025891, 0.03375506954662645, -0.19842856493752611]","[0.4501055442433357, 0.44402355470953897, 0.4576982249600643, 0.5337497907762524, 0.47056242210445637, 0.49944034402021703, 0.5084379662136599, 0.45055498929026494]",0.6721212121212121,0.12389613242070861
,True,0.12407209056323223,4.6351811278100286e-15,280,"[-0.19794288998689136, -0.22238753929293842, -0.16690307047343622, 0.13942975862997165, -0.11507711407450316, 0.001210837073985515, 0.037245307607325924, -0.1959682783120335]","[0.45067522353035844, 0.4446311219110131, 0.45837082493918874, 0.5348010782628068, 0.47126242817186936, 0.5003027092315122, 0.5093102506517004, 0.45116411980834714]",0.6721212121212121,0.12388312067802455
,True,0.12405622018820603,2.7478019859472624e-15,281,"[-0.19566480252362586, -0.21994803471793917, -0.16421599314218238, 0.14362603020083411, -0.11229175353781078, 0.0046339425417713485, 0.04070763922194008, -0.1935305008740411]","[0.45123926609606235, 0.44523360031425635, 0.45903801182927323, 0.5358449100204309, 0.4719565231312548, 0.5011584835623929, 0.5101755046818083, 0.45176782177949215]",0.6721212121212121,0.12387022092833255
,True,0.12404063582319066,3.3861802251067274e-15,282,"[-0.1934098490933688, -0.2175296866856886, -0.16155121503235792, 0.14779362496315746, -0.10953044267556271, 0.008030785770323182, 0.044142171777813044, -0.19111510310049698]","[0.4517977042210914, 0.4458310126621592, 0.4596998070132851, 0.5368812976223474, 0.47264473210628616, 0.5020076856523661, 0.5110337513684498, 0.45236612159012207]",0.6721212121212121,0.12385743261286142
,True,0.12402533319159577,2.3869795029440866e-15,283,"[-0.19117787779797055, -0.21513237884888314, -0.1589086252971853, 0.1519326019845982, -0.10679305805371705, 0.011401462027202169, 0.04754901385807548, -0.18872195521991264]","[0.452350570397193, 0.44642338189207814, 0.4603562321276345, 0.537910253376626, 0.4733270805170487, 0.5028503346298251, 0.511885014304521, 0.4529590458477096]",0.6721212121212121,0.12384475516778187
,True,0.12401030806108143,3.4139358007223564e-15,284,"[-0.18896873654024174, -0.21275599470743187, -0.1562881127613256, 0.1560430219906635, -0.10407947578352306, 0.014746067607724768, 0.05092827521630629, -0.18635092722759203]","[0.45289789731818264, 0.44701073113014894, 0.4610073090556954, 0.5389317903132794, 0.47400359407140946, 0.5036864501016975, 0.5127293175985215, 0.45354662137346896]",0.6721212121212121,0.12383218802442103
,True,0.12399555624353165,4.9960036108132044e-15,285,"[-0.18678227304511869, -0.21040041761862158, -0.1536895659325538, 0.16012494734597232, -0.10138957153898459, 0.01806469981611485, 0.05428006675123613, -0.18400188890075994]","[0.45343971787102816, 0.4475930836856544, 0.46165305992138056, 0.539945922171363, 0.47467429875648076, 0.5045160521431502, 0.5135666858618262, 0.45412887519512535]",0.6721212121212121,0.1238197306094727
,True,0.1239810735950173,4.218847493575595e-15,286,"[-0.184618334880609, -0.20806553080724607, -0.15111287301340245, 0.1641784420353101, -0.09872322057420063, 0.021357456946628415, 0.057604500481500766, -0.18167470981358758]","[0.45397606512705213, 0.4481704630454456, 0.4622935070827743, 0.5409526633860859, 0.47533922083017915, 0.5053391612873505, 0.5143971441960588, 0.4547058345397653]",0.6721212121212121,0.12380738234520426
,True,0.12396685601574832,3.941291737419306e-15,287,"[-0.1824767694785147, -0.20575121737569774, -0.1485579219127711, 0.16820357164448585, -0.09608029774058045, 0.02462443826465717, 0.06090168952045176, -0.17936925935211262]","[0.4545069723332532, 0.44874289286841884, 0.4629286731258215, 0.5419520290759393, 0.4759983868128778, 0.5061557985152905, 0.51522071818057, 0.45527752682676736]",0.6721212121212121,0.12379514264965968
,True,0.12395289945001534,3.747002708109903e-15,288,"[-0.1803574241549299, -0.20345736031401937, -0.1460246002575001, 0.17220040334100115, -0.09346067750393103, 0.027865743987816896, 0.06417174805103198, -0.17708540672905168]","[0.4550324729037479, 0.4493103969800468, 0.4635585808580739, 0.5429440350298456, 0.47665182347915613, 0.5069659852456735, 0.516037433860023, 0.4558439796608127]",0.6721212121212121,0.12378301093685862
,True,0.12393919988612137,3.191891195797325e-15,289,"[-0.17826014613051044, -0.2011838425099147, -0.14351279540390607, 0.17616900585454007, -0.0908642339614145, 0.031081475267026617, 0.06741479130072311, -0.17482302099850242]","[0.45555260041133017, 0.44987299936696534, 0.4641832533024964, 0.5439286976943365, 0.47729955784964545, 0.5077697433248684, 0.516847317732089, 0.45640522082497764]",0.6721212121212121,0.1237709866169921
,True,0.12392575335630358,6.772360450213455e-15,290,"[-0.17618478255051354, -0.19893054675871574, -0.14102239444927686, 0.1801094494572894, -0.08829084085837367, 0.034271734167584306, 0.07063093551657212, -0.1725819710705334]","[0.45606738857915385, 0.45043072417161545, 0.46480271369132903, 0.5449060341607641, 0.4779416171829709, 0.5085670950169312, 0.5176503967352574, 0.4569612782739082]",0.6721212121212121,0.1237590690966146
,True,0.12391255593664478,2.4147350785597155e-15,291,"[-0.17413118050460433, -0.19669735577330508, -0.1385532842433245, 0.18402180594409778, -0.08574037160502318, 0.037436623650244825, 0.0738202979403035, -0.17036212572565954]","[0.45657687127253216, 0.4509835956869415, 0.4654169854600112, 0.5458760621525505, 0.47857802896779156, 0.5093580629936997, 0.5184466982367594, 0.4575121801270756]",0.6721212121212121,0.12374725777883205
,True,0.12389960374697595,4.08006961549745e-15,292,"[-0.17209918704642801, -0.19448415219399137, -0.13610535139959354, 0.18790614861248273, -0.08321269929300477, 0.04057624755230565, 0.0769829967835238, -0.16816335362920065]","[0.45708108249086, 0.4515316383511457, 0.4660260922411634, 0.5468388000124794, 0.4792088209149385, 0.5101426703249592, 0.5192362500206117, 0.45805795466211474]",0.6721212121212121,0.12373555206348666
,True,0.12388689295076893,3.858025010572419e-15,293,"[-0.17008864921294506, -0.1922908185983366, -0.13367848230682308, 0.1917625522424943, -0.08070769671180458, 0.04369071056870584, 0.08011915120302496, -0.16598552334552166]","[0.4575800563596552, 0.45207487674249774, 0.46663005785863054, 0.5477942666900376, 0.4798340209496498, 0.510920940468687, 0.5200190802757797, 0.45859863030824466]",0.6721212121212121,0.12372395134733792
,True,0.12387441975502023,4.246603069191224e-15,294,"[-0.16809941404352793, -0.190117237510933, -0.13127256314026056, 0.19559109307644404, -0.0782252363650307, 0.046780118233143535, 0.08322888127619234, -0.16382850335215204]","[0.4580738271227198, 0.452613335574202, 0.46722890632158426, 0.5487424817288075, 0.48045365720390537, 0.5116928972613711, 0.5207952175844632, 0.45913423563977207]",0.6721212121212121,0.12371245502424004
,True,0.12386218041012557,5.329070518200751e-15,295,"[-0.1661313285988176, -0.18796329141312842, -0.12888747987292515, 0.1993918487985075, -0.07576519048654946, 0.04984457689921723, 0.0863123079765237, -0.16169216205378284]","[0.45856242913442263, 0.4531470396893212, 0.4678226618186882, 0.5496834652539178, 0.4810677580088594, 0.5124585649084114, 0.5215646909105056, 0.4596647993696773]",0.6721212121212121,0.12370106248531584
,True,0.12385017120974612,2.6645352591003757e-15,296,"[-0.16418423997933806, -0.18582886275269805, -0.1265231182868192, 0.203164898514209, -0.0733274310564787, 0.0528841937215959, 0.08936955314926474, -0.15957636779613948]","[0.4590458968521005, 0.4536760140557559, 0.46841134871232193, 0.5506172379595553, 0.4816763518873726, 0.5132179679746001, 0.5223275295879313, 0.46019035034328304]",0.6721212121212121,0.12368977311912722
,True,0.12383838849066582,3.247402347028583e-15,297,"[-0.16225799534386787, -0.1837138339534613, -0.12417936398408566, 0.2069103227297965, -0.07091182981703659, 0.05589907663722289, 0.09240073948716679, -0.15748098887972858]","[0.45952426482858033, 0.4542002837612824, 0.4689949915328682, 0.5515438210965428, 0.48227946754664186, 0.513971131374687, 0.5230837633096084, 0.46071091753200644]",0.6721212121212121,0.12367858631184209
,True,0.12382682863264058,3.941291737419306e-15,298,"[-0.16035244192756687, -0.1816180874248421, -0.1218561023981098, 0.2106282033315153, -0.06851825828824465, 0.058889334346558575, 0.09540599050637207, -0.15540589357345694]","[0.45999756770481964, 0.454719874008646, 0.4695736149730617, 0.5524632364599853, 0.48287713387093023, 0.5147180803640289, 0.5238334221160434, 0.46122653002719427]",0.6721212121212121,0.12366750144739777
,True,0.12381548805823912,3.6637359812630166e-15,299,"[-0.15846742705985753, -0.17954150557137105, -0.11955321880456336, 0.21431862356478765, -0.06614658778348345, 0.06185507629486634, 0.0983854305224318, -0.1533509501281215]","[0.4604658402026676, 0.4552348101107125, 0.47014724388239904, 0.5533755063769918, 0.4834693799143955, 0.5154588405293247, 0.5245765363843043, 0.46173721703404064]",0.6721212121212121,0.12365651790766095
77.08784931944624,True,0.12380436323267634,3.4139358007223564e-15,300,"[-0.1566027981820593, -0.17748397080212805, -0.1172705983323895, 0.21798166801330726, -0.06379668942489992, 0.06479641265354671, 0.10133918462646203, -0.15131602678976844]","[0.4609291171177436, 0.4557451174856764, 0.47071590326161167, 0.5542806536944721, 0.4840562348940171, 0.5161934377794398, 0.5253131368170774, 0.462243007865588]",0.6721212121212121,0.12364563507258455
,True,0.12379345066363862,2.8033131371785203e-15,301,"[-0.1547584028647755, -0.17544536554012366, -0.11500812597472673, 0.2216174225780556, -0.06146843415866489, 0.06771345430152398, 0.10426737866144208, -0.14930099181291986]","[0.4613874333124348, 0.4562508216523262, 0.4712796182572004, 0.5551787017670152, 0.4846377281826229, 0.5169218983363187, 0.5260432544318565, 0.46274393193681074]",0.6721212121212121,0.12363485232036088
,True,0.12378274690110157,5.689893001203927e-15,302,"[-0.15293408882503165, -0.17342557223161817, -0.11276568659977046, 0.225225974456248, -0.059161692770079904, 0.07060631280668989, 0.10717013919866031, -0.14730571347366708]","[0.46184082370901186, 0.4567519482253667, 0.4718384141560337, 0.5560696744448521, 0.4852138893020137, 0.5176442487259882, 0.5267669205502671, 0.4632400187587825]",0.6721212121212121,0.12362416902757145
,True,0.12377224853714108,3.4416913763379853e-15,303,"[-0.1511297039431648, -0.1714244733553766, -0.11054316496157003, 0.22880741212021705, -0.05687633589853218, 0.07347510040740858, 0.11004759351431175, -0.14533006008262875]","[0.46228932328286176, 0.4572485229107989, 0.47239231638000756, 0.5569535960619051, 0.4857847479161862, 0.5183605157696524, 0.5274841667875249, 0.463731297932925]",0.6721212121212121,0.12361358456933406
,True,0.12376195220573664,3.191891195797325e-15,304,"[-0.149345096279463, -0.1694419514318584, -0.10834044571076024, 0.23236182529624058, -0.054612234052296725, 0.07631992999408702, 0.11289986956625168, -0.14337389999777275]","[0.4627329670558376, 0.45774057150135705, 0.4729413504807685, 0.5578304914239277, 0.48635033382465603, 0.519070726574881, 0.5281950250420312, 0.4642177991453405]",0.6721212121212121,0.12360309831944595
,True,0.12375185458256793,3.941291737419306e-15,305,"[-0.1475801140905548, -0.16747788903234034, -0.10615741340522532, 0.23588930494332164, -0.052369257623184756, 0.07914091509081497, 0.11572709597090966, -0.14143710163710074]","[0.4631717900897252, 0.4582281198720024, 0.4734855421344992, 0.5587003857967383, 0.4869106769558758, 0.5197749085268906, 0.5288995274851048, 0.4646995521612256]",0.6721212121212121,0.12359270965052391
,True,0.12374195238480538,4.912736883966318e-15,306,"[-0.1458346058455482, -0.1655321687879718, -0.1039939525206942, 0.2393899432319274, -0.05014727690103753, 0.08193816983707859, 0.11852940198036757, -0.13951953349119395]","[0.46360582747982493, 0.45871119397547444, 0.4740249171367679, 0.5595633048945485, 0.48746580736075384, 0.5204730892799215, 0.5295977065508515, 0.46517658681936824]",0.6721212121212121,0.12358241793414189
,True,0.12373224237089321,2.914335439641036e-15,307,"[-0.14410842024191867, -0.16360467339876036, -0.10184994746126531, 0.24286383352269414, -0.04794616208806481, 0.08471180896955138, 0.12130691745960591, -0.1376210641356193]","[0.46403511434864847, 0.45918981983789925, 0.4745595013974392, 0.5604192748683918, 0.48801575520626833, 0.5211652967487099, 0.53028959492617, 0.465648933026726]",0.6721212121212121,0.12357222254096423
,True,0.12372272134032712,5.218048215738236e-15,308,"[-0.14240140622114655, -0.16169528564248697, -0.09972528256985976, 0.24631107034510535, -0.045765783313027324, 0.08746194780396634, 0.12405977286392175, -0.135741562243195]","[0.46445968583973124, 0.45966402355445424, 0.4750893209356492, 0.5612683222946521, 0.4885605507691795, 0.5218515591000564, 0.5309752255408989, 0.46611662075308585]",0.6721212121212121,0.12356212284087698
,True,0.12371338613342567,3.774758283725532e-15,309,"[-0.14071341298410323, -0.15980388838354959, -0.09761984213860118, 0.24973174937614917, -0.043606010645262386, 0.090188702217073, 0.12678809921652193, -0.1338808965961141]","[0.46487957711155653, 0.4601338312850905, 0.47561440187484305, 0.5621104741636966, 0.48910022442983797, 0.5225319047444924, 0.5316546315581003, 0.46657968002580635]",0.6721212121212121,0.12355211820311558
,True,0.12370423363109559,3.747002708109903e-15,310,"[-0.13904429000618654, -0.15793036458173348, -0.09553351041912118, 0.2531259674189625, -0.04146671410855229, 0.09289218862868288, 0.1294920280862948, -0.13203893609792586]","[0.46529482333159466, 0.46059926925031097, 0.47613477043787505, 0.5629457578686143, 0.4896348066660898, 0.5232063623280432, 0.5323278463644823, 0.46703814092463963]",0.6721212121212121,0.1235422079963896
,True,0.12369526075459171,4.191091917959966e-15,311,"[-0.13739388705220543, -0.15607459730090784, -0.0934661716327888, 0.2564938223814677, -0.03934776369483478, 0.09557252398380686, 0.13217169156576397, -0.1302155497853734]","[0.46570545967045274, 0.461060363727007, 0.4766504529421724, 0.5637742011940623, 0.4901643280472764, 0.5238749607240909, 0.5329949035609609, 0.4674920335766352]",0.6721212121212121,0.12353239158900453
,True,0.12368646446527122,3.497202527569243e-15,312,"[-0.13576205419101386, -0.15423646971764676, -0.09141770998086282, 0.25983541325500875, -0.03724902937775522, 0.09822982573488769, 0.13482722224922655, -0.12841060684008715]","[0.4661115212961369, 0.4615171410443487, 0.47716147579496043, 0.5645958323052218, 0.49068881922833035, 0.5245377290253357, 0.533655836953362, 0.46794138815112285]",0.6721212121212121,0.12352266834898057
,True,0.12367784176434302,2.7755575615628914e-15,313,"[-0.13414864180989478, -0.15241586512977418, -0.08938800965456573, 0.26315084009299267, -0.0351703811260599, 0.10086421182413116, 0.13745875321107962, -0.1266239766001335]","[0.46651304336842453, 0.46196962757973425, 0.47766786548855217, 0.5654106797368665, 0.4912083109439663, 0.525194696535856, 0.5343106805432607, 0.4683862348547776]",0.6721212121212121,0.12351303764416884
,True,0.12366938969261161,3.3029134982598407e-15,314,"[-0.1325535006286938, -0.15061266696483125, -0.08737695484507782, 0.2664402039895427, -0.033111688916830244, 0.1034758006659389, 0.1400664179843369, -0.12485552857141759]","[0.466910061033346, 0.4624178497547939, 0.47816964859569855, 0.5662187723825444, 0.4917228340029649, 0.5258458927632701, 0.5349594685189603, 0.4688266039267622]",0.6721212121212121,0.12350349884236425
,True,0.1236611053302165,3.1363800445660672e-15,315,"[-0.13097648171370402, -0.14882675878846535, -0.08538442975345063, 0.26970360705816904, -0.031072822748557504, 0.10606471112944592, 0.1426503505393388, -0.12310513243893995]","[0.4673026094177761, 0.4628618340314504, 0.47866685176500284, 0.5670201394838734, 0.4922324192825512, 0.5264913474109952, 0.5356022352466103, 0.46926252563395]",0.6721212121212121,0.12349405131141607
,True,0.12365298579636651,3.608224830031759e-15,316,"[-0.12941743649130158, -0.14705802431273962, -0.08341031860043822, 0.2729411524104631, -0.02905365265405767, 0.10863106252116594, 0.14521068526265826, -0.1213726580779062]","[0.46769072362413294, 0.46330160690803546, 0.47915950171639643, 0.5678148106199561, 0.492737097722866, 0.5271310903706107, 0.536239015261463, 0.46969403026622614]",0.6721212121212121,0.12348469441933521
,True,0.1236450282490701,4.107825191113079e-15,317,"[-0.12787621676133332, -0.14530634740436218, -0.08145450563624534, 0.27615294413482094, -0.027054048713226395, 0.11117497456774733, 0.14774755693620434, -0.11965797556468945]","[0.46807443872518323, 0.4637371949154614, 0.479647625236676, 0.5686028156969101, 0.4932369003215291, 0.5277651517143181, 0.5368698432592672, 0.4701211481318679]",0.6721212121212121,0.12347542753439937
,True,0.12363722988486087,3.219646771412954e-15,318,"[-0.1263526747102568, -0.14357161209283395, -0.07951687515019136, 0.279339087275202, -0.025073881065633734, 0.11369656739884242, 0.15026110071652654, -0.11796095518764473]","[0.46845378975895485, 0.4641686246134484, 0.48013124917510447, 0.5693841849375193, 0.493731858128295, 0.5283935616875051, 0.5374947540878016, 0.47054390955300174]",0.6721212121212121,0.1234662500252548
,True,0.12362958793851943,2.4980018054066022e-15,319,"[-0.12484666292403367, -0.14185370257851412, -0.0775973114802889, 0.28249968780992774, -0.023113019922958545, 0.11619596153009298, 0.15275145211432128, -0.11628146745777522]","[0.468828811723754, 0.4645959225868074, 0.4806104004390718, 0.5701589488710052, 0.4942220022397992, 0.5290163507014084, 0.5381137827385437, 0.47096234486113864]",0.6721212121212121,0.12345716126101622
,True,0.12362209968279088,2.4424906541753444e-15,320,"[-0.1233580344007772, -0.14015250324060283, -0.07569569902273615, 0.28563485263052624, -0.021171335581262503, 0.1186732778462345, 0.15521874697414295, -0.11461938311924987]","[0.4691995395732866, 0.4650191154417768, 0.48108510598981874, 0.5709271383229192, 0.4947073637943948, 0.5296335493258786, 0.5387269643384768, 0.47137648439278584]",0.6721212121212121,0.12344816061136332
,True,0.12361476242809914,6.050715484207103e-15,321,"[-0.12188664256315485, -0.13846789864503947, -0.07381192224132185, 0.2887446895206283, -0.01924869843310363, 0.12112863758432156, 0.15766312145432132, -0.11297457315977183]","[0.46956600821188255, 0.46543822980241595, 0.48155539283822063, 0.5716887844051586, 0.4951879739670794, 0.5302451882822455, 0.5393343341420331, 0.4717863584851354]",0.6721212121212121,0.12343924744663558
,True,0.12360757352225686,3.4416913763379853e-15,322,"[-0.12043234127054686, -0.13679977355231662, -0.07194586567674201, 0.2918293071349194, -0.01734497897948936, 0.12356216231707702, 0.16008471200708685, -0.1113469088207979]","[0.4699282524898226, 0.4658532923070504, 0.48202128804063316, 0.5724439185061053, 0.4956638639645106, 0.5308512984362853, 0.5399359275231719, 0.4721919974718284]",0.6721212121212121,0.12343042113792356
,True,0.12360053035017278,2.7200464103316335e-15,323,"[-0.11899498483096194, -0.13514801292520814, -0.07009741395582743, 0.2948888149781527, -0.015460047841669168, 0.12597397393636725, 0.162483655358906, -0.10973626160760823]","[0.4702863071987668, 0.4662643296047736, 0.48248281869479853, 0.5731925722808887, 0.49613506502011034, 0.5314519107912867, 0.5405317799675932, 0.4725934316787946]",0.6721212121212121,0.12342168105715871
,True,0.12359363033355523,6.022959908591474e-15,324,"[-0.11757442801271109, -0.1335125019364112, -0.06826645180068118, 0.2979233233842291, -0.013593775772766813, 0.12836419463680557, 0.1648600884910275, -0.10814250329922653]","[0.47064020706728193, 0.46667136835200146, 0.4829400119358122, 0.5739347776417737, 0.49660160838925543, 0.5320470564812206, 0.5411219270650865, 0.4729906914201665]",0.6721212121212121,0.12341302657720003
77.11780492771834,True,0.12358687093061305,3.774758283725532e-15,325,"[-0.11617052605584084, -0.1318931259761011, -0.0664528640377251, 0.3009329434953474, -0.011746033669252367, 0.13073294689948634, 0.1672141486202416, -0.10656550595819034]","[0.4709899867564696, 0.4670744352090813, 0.4833928949321497, 0.5746705667486746, 0.49706352534455706, 0.532636766764007, 0.5417064045020115, 0.4733838069942685]",0.6721212121212121,0.12340445707191872
,True,0.12358024963575323,3.164135620181696e-15,326,"[-0.11478313468332697, -0.13028977065939853, -0.0646565356066545, 0.3039177872412306, -0.009916692582254097, 0.1330803534758514, 0.169545973179853, -0.10500514194017141]","[0.4713356808556907, 0.4674735568369532, 0.48384149488175376, 0.575399971999794, 0.49752084717122425, 0.5332210730148851, 0.5422852480539124, 0.4737728086796791]",0.6721212121212121,0.12339597191628035
,True,0.12357376397927611,2.6645352591003757e-15,327,"[-0.11341211011203003, -0.1287023218337486, -0.06287735156930041, 0.30687796731843237, -0.008105623728710445, 0.13540653737169142, 0.17185569980086937, -0.10346128390344615]","[0.47167732387838934, 0.4678687598938651, 0.4842858390081808, 0.5761230260223893, 0.4979736051625138, 0.5338000067198818, 0.5428584935782644, 0.4741577267313661]",0.6721212121212121,0.12338757048642476
,True,0.12356741152706759,4.6629367034256575e-15,328,"[-0.11205730906341406, -0.12713066558621058, -0.06111519711839839, 0.3098135971697282, -0.006312698502362305, 0.13771162183128352, 0.17414346629340585, -0.10193380481821605]","[0.4720149502580094, 0.4682600710321411, 0.4847259545568068, 0.5768397616636652, 0.4984218306152648, 0.5343735994693809, 0.5434261770073504, 0.47453859137689475]",0.6721212121212121,0.12337925215974341
,True,0.12356118988028984,2.3314683517128287e-15,329,"[-0.11071858877402975, -0.12557468825065843, -0.059369957586263435, 0.3127247909635956, -0.004537788484585848, 0.13999573032166743, 0.17640941062830715, -0.10042257797577814]","[0.47234859434400983, 0.4686475168950008, 0.48516186879109213, 0.5775502119817935, 0.49886555482551587, 0.5349418829517903, 0.5439883343412684, 0.47491543281270765]",0.6721212121212121,0.12337101631495531
,True,0.12355509667506849,3.0808688933348094e-15,330,"[-0.10939580700576357, -0.12403427641489095, -0.05764151845336999, 0.3156116635737874, -0.002780765455066193, 0.14225898651706181, 0.17865367091898768, -0.0989274769975456]","[0.4726782903979705, 0.46903112411343284, 0.48559360898890547, 0.5782544102370598, 0.4993048090842061, 0.53550488894731, 0.5445450016410672, 0.47528828120047606]",0.6721212121212121,0.12336286233217955
,True,0.12354912958217883,3.2751579226442118e-15,331,"[-0.10808882205585423, -0.12250931692765149, -0.05592976535683667, 0.31847433055900237, -0.0010415014023122382, 0.14450151428342242, 0.18087638540349105, -0.0974483758439186]","[0.4730040725897929, 0.4694109193031182, 0.4860212024389053, 0.5789523898831387, 0.4997396246729582, 0.5360626493217975, 0.5450962150220113, 0.47565716666352137]",0.6721212121212121,0.12335478959300683
,True,0.1235432863067295,2.942091015256665e-15,332,"[-0.10679749276667809, -0.12099969690555636, -0.05423458409881492, 0.32131290814265767, 0.0006801314659869993, 0.14672343766314383, 0.18307769242676905, -0.09598514882300543]","[0.47332597499399204, 0.46978692906140657, 0.48644467643698025, 0.5796441845584946, 0.5001700328599423, 0.5366151960207319, 0.5456420106469716, 0.4760221192833077]",0.6721212121212121,0.12334679748056818
,True,0.1235375645878446,2.9976021664879227e-15,333,"[-0.10552167853530497, -0.11950530373993166, -0.05255586065478098, 0.32412751319276595, 0.002384260712764137, 0.14892488085990624, 0.18525773042318142, -0.0945376705991943]","[0.47364403158607804, 0.4701591799643431, 0.48686405828274637, 0.5803298280779113, 0.5005960648958203, 0.5371625610632761, 0.5461824247199429, 0.4763831690960029]",0.6721212121212121,0.12333888537960187
,True,0.12353196219834389,3.497202527569243e-15,334,"[-0.10426123932282594, -0.11802602510355813, -0.05089348118173074, 0.3269182632019216, 0.004071013661532893, 0.15110596822366879, 0.1874166378992163, -0.09310581620157582]","[0.473958276239029, 0.4705276985637464, 0.48727937527610193, 0.5810093544241484, 0.5010177520097704, 0.5377047765364346, 0.5467174934796859, 0.47674034608910926]",0.6721212121212121,0.12333105267651821
,True,0.12352647694442195,2.914335439641036e-15,335,"[-0.10301603566345484, -0.11656174895732335, -0.04924733202627673, 0.3296852762673998, 0.005740517386504777, 0.15326682423581084, 0.18955455341643257, -0.09168946103221665]","[0.4742687427198506, 0.4708925113843365, 0.4876906547138393, 0.5816827977397243, 0.5014351254055899, 0.5382418745893107, 0.5472472531934927, 0.47709368019816134]",0.6721212121212121,0.12332329875946245
,True,0.12352110666532552,3.191891195797325e-15,336,"[-0.10178592867340507, -0.11511236355678126, -0.04761729973264695, 0.3324286710713719, 0.00739289870286259, 0.15540757349442255, 0.19167161557462356, -0.09028848087428434]","[0.4745754646862238, 0.47125364492091376, 0.488097923886313, 0.5823501923188271, 0.5018482162578758, 0.538773887427457, 0.5477717401510759, 0.4774432013034924]",0.6721212121212121,0.12331562301837565
,True,0.12351584923302981,3.164135620181696e-15,337,"[-0.10057078005954337, -0.1136777574586183, -0.04600327105058492, 0.3351485668612401, 0.009028284157190198, 0.15752834069974614, 0.19376796299520346, -0.08890275190002403]","[0.47487847568323915, 0.47161112563558677, 0.4885012100741641, 0.5830115725993514, 0.5022570557082835, 0.5393008473073236, 0.5482909906585776, 0.47778893922706783]",0.6721212121212121,0.12330802484505357
,True,0.12351070255191396,4.274358644806853e-15,338,"[-0.09937045212782242, -0.11225781952702618, -0.044405132943150474, 0.33784508343009556, 0.01064680001805807, 0.1596292506397687, 0.19584373430481578, -0.08753215067858694]","[0.4751778091402155, 0.47196497995505005, 0.4889005405451002, 0.5836669731550608, 0.5026616748618599, 0.5398227865308003, 0.5488050410327001, 0.47813092372938293]",0.6721212121212121,0.12330050363320401
,True,0.12350566455843488,6.994405055138486e-15,339,"[-0.09818480779149384, -0.11085243893998063, -0.04282277259442109, 0.3405183410973024, 0.012248572266764037, 0.1617104281759682, 0.1978990681191645, -0.08617655418371156]","[0.4754734983676028, 0.4723152342679108, 0.489295942550731, 0.5843164286878779, 0.5030621047834538, 0.5403397374398532, 0.5493139275949549, 0.4784691845064289]",0.6721212121212121,0.12329305877850172
,True,0.12350073322080113,4.579669976578771e-15,340,"[-0.09701371057910357, -0.10946150519542612, -0.041256077417093064, 0.3431684606892115, 0.013833726588228689, 0.1637719982292132, 0.19993410302706793, -0.08483583980125753]","[0.47576557655396917, 0.4726619149220642, 0.4896874433234579, 0.5849599740202983, 0.5034583764942001, 0.5408517324112551, 0.5498176866660289, 0.4788037511867222]",0.6721212121212121,0.12328568967864217
,True,0.12349590653864538,4.3576253716537394e-15,341,"[-0.09585702464227135, -0.10808490811736625, -0.03970493505998241, 0.3457955635200065, 0.015402388362044833, 0.16581408576581771, 0.20194897757473518, -0.0835098853365929]","[0.47605407676306744, 0.47300504822211753, 0.4900750700734194, 0.5855976440879298, 0.5038505209680767, 0.5413588038514091, 0.5503163545602687, 0.47913465332839816]",0.6721212121212121,0.12327839573339311
,True,0.12349118254269667,3.858025010572419e-15,342,"[-0.09471461476325614, -0.1067225378618595, -0.03816923341542503, 0.34839977137268535, 0.01695468265368035, 0.16783681578375198, 0.2039438302502652, -0.08219856902183524]","[0.47633903193098526, 0.4733446604268612, 0.49045884998548994, 0.5862294739321569, 0.5042385691285367, 0.5418609841912644, 0.5508099675802788, 0.4794619204163685]",0.6721212121212121,0.12327117634464448
,True,0.1234865592944521,5.10702591327572e-15,343,"[-0.09358634636230947, -0.10537428492292027, -0.03664886062657588, 0.3509812064801798, 0.01849073420583388, 0.16984031329901, 0.20591879946836839, -0.08090176952294709]","[0.47662047486337206, 0.47368077774678835, 0.4908388102163318, 0.5868554986929271, 0.5046225518452093, 0.5423583058813235, 0.5512985620116346, 0.47978558185954245]",0.6721212121212121,0.12326403091645671
,True,0.12348203488584836,4.6074255521944e-15,344,"[-0.09247208550481842, -0.1040400401383249, -0.03514370509460685, 0.3535399915066162, 0.02001066742994256, 0.17182470333213473, 0.20787402355531043, -0.07961936594668624]","[0.47689843823274736, 0.4740134263416611, 0.491214977891501, 0.5874757536016627, 0.5050024999306751, 0.5428508013867408, 0.5517821741177078, 0.48010566698810864]",0.6721212121212121,0.1232569588551075
,True,0.12347760743893266,4.801714581503802e-15,345,"[-0.09137169890824032, -0.10271969469532276, -0.03365365548580312, 0.35607624952871986, 0.021514606397841272, 0.1737901108949016, 0.20980964073407812, -0.07835123784741162]","[0.4771729545758841, 0.47434263231812357, 0.49158738010260633, 0.5880902739742937, 0.5053784441373094, 0.5433385031825109, 0.5522608401346031, 0.48042220505087957]",0.6721212121212121,0.12324995956913648
,True,0.12347327510553395,2.220446049250313e-15,346,"[-0.09028505394883116, -0.10141314013625205, -0.03217860073855775, 0.35859010401736535, 0.023002674833572538, 0.17573666097716112, 0.21172578910976708, -0.07709726523374519]","[0.4774440562912708, 0.4746684217273616, 0.4919560439045194, 0.5886990952044124, 0.5057504151541956, 0.5438214437487463, 0.5527345962662057, 0.4807352252126977]",0.6721212121212121,0.12324303246938886
,True,0.1234690360669341,3.524958103184872e-15,347,"[-0.08921201866816941, -0.10012026836406042, -0.030718430070264348, 0.3610816788192756, 0.024474996105346473, 0.17766447853384137, 0.21362260665519056, -0.07585732857509056]","[0.4777117756366464, 0.47499082056280834, 0.4923209963126377, 0.5893022527565499, 0.5061184436041077, 0.544299655566045, 0.5532034786793371, 0.48104475655189916]",0.6721212121212121,0.12323617696905727
,True,0.12346488853353865,2.886579864025407e-15,348,"[-0.08815246177947754, -0.0988409716477302, -0.02927303298410755, 0.36355109813887204, 0.02593169321764995, 0.17957368847211047, 0.21550023119670936, -0.07463130880800907]","[0.47797614472661226, 0.4753098547578946, 0.492682264300199, 0.5898997821595713, 0.5064825600405598, 0.5447731711109433, 0.5536675234990179, 0.4813508280578407]",0.6721212121212121,0.1232293924837217
,True,0.12346083074454882,5.023759186428833e-15,349,"[-0.087106252673743, -0.09757514262760833, -0.027842299275751336, 0.3659984865202777, 0.027372888803504258, 0.1814644156387002, 0.21735880040028205, -0.07341908734245386]","[0.47823719553031474, 0.4756255501838465, 0.4930398747956462, 0.5904917190001923, 0.5068427949449227, 0.5452420228514585, 0.5541267668038385, 0.4816534686284821]",0.6721212121212121,0.12322267843138887
77.14206826760935,True,0.12345686096763281,2.8033131371785203e-15,350,"[-0.08607326142564088, -0.0963226743206409, -0.026426119039924888, 0.36842396882947603, 0.028798705116870476, 0.1833367848073906, 0.21919845175773509, -0.07222054606786286]","[0.4784949598692022, 0.4759379326475251, 0.49339385468004315, 0.5910780989166128, 0.5071991787236069, 0.5457062432427164, 0.5545812446214329, 0.48195270706802895]",0.6721212121212121,0.12321603423252926
,True,0.12345297749859807,3.83026943495679e-15,351,"[-0.08505335879926011, -0.09508346012551235, -0.025024382676906026, 0.3708276702366271, 0.030209264025201715, 0.18519092066665666, 0.22101932257325219, -0.07103556735911117]","[0.4787494694148514, 0.4762470278893131, 0.49374423078454116, 0.5916589575922685, 0.5075517417053098, 0.5461658647226644, 0.5550309929240566, 0.48224857208463223]",0.6721212121212121,0.12320945931011303
,True,0.12344917866106413,3.9968028886505635e-15,352,"[-0.08404641625363538, -0.09385739382768936, -0.0236369808989021, 0.3732097161985433, 0.031604687002141474, 0.18702694780747672, 0.2228215499500823, -0.06986403408232382]","[0.47900075568686495, 0.4765528615810435, 0.4940910298878938, 0.5922343307496996, 0.5079005141383288, 0.5466209197078689, 0.5554760476242668, 0.48254109228814446]",0.6721212121212121,0.12320295308964481
,True,0.12344546280613553,2.3592239273284576e-15,353,"[-0.08305230594808674, -0.09264436960436949, -0.022263804736328333, 0.3755702324413266, 0.032985095120367215, 0.18884499071130353, 0.2246052707774655, -0.06870582960054968]","[0.47924885005083706, 0.47685545932397294, 0.49443427871402185, 0.5928042541445347, 0.5082455261879362, 0.5470714405893977, 0.5559164445707044, 0.482830296187933]",0.6721212121212121,0.1231965149991965
,True,0.12344182831207628,4.746203430272544e-15,354,"[-0.08207090074736904, -0.09144428202933465, -0.020904745543983534, 0.3779093449431686, 0.03435060904457833, 0.1906451737381978, 0.22637062171777614, -0.06756083777929708]","[0.47949378371638807, 0.4771548466467983, 0.4947740039296271, 0.5933687635595906, 0.508586807933818, 0.547517459728784, 0.5563522195439732, 0.48311621219074746]",0.6721212121212121,0.12319014446943957
,True,0.12343827358398426,3.0531133177191805e-15,355,"[-0.08110207422663324, -0.09025702607770952, -0.0195596950071233, 0.3802271799173163, 0.03570134902462765, 0.1924276211151247, 0.22811773919388212, -0.06642894299193232]","[0.4797355877352655, 0.4774510490037148, 0.495110232141854, 0.593927894799084, 0.5089243893675743, 0.5479590094540728, 0.5567834082526193, 0.48339886859864345]",0.6721212121212121,0.12318384093367521
,True,0.12343479705346709,5.079270337660091e-15,356,"[-0.08014570067620164, -0.08908249713062508, -0.018228545147430632, 0.382523863795204, 0.03703743488879556, 0.19419245692441342, 0.22984675937672, -0.06531003012494162]","[0.4799742929995103, 0.47774409177251814, 0.49544298989599944, 0.5944816836829581, 0.5092583003902799, 0.5483961220559496, 0.5572100463292068, 0.4836782936069591]",0.6721212121212121,0.1231776038278638
,True,0.12343139717831884,4.496403249731884e-15,357,"[-0.07920165510615931, -0.08792059097978726, -0.016911188328884094, 0.3847995232097533, 0.03835898603720594, 0.19593980509237974, 0.23155781817308455, -0.06420398458305762]","[0.4802099302396899, 0.47803400025274767, 0.4957723036732692, 0.5950301660413198, 0.509588570810106, 0.5488288297839475, 0.5576321693264888, 0.4839545153023465]",0.6721212121212121,0.12317143259065304
,True,0.12342807244219746,2.9698465908722937e-15,358,"[-0.07826981325076367, -0.08677120383195112, -0.015607517263523574, 0.3870542849788435, 0.039666121435382826, 0.19766978937811203, 0.23325105121363204, -0.06311069229425113]","[0.4804425300231926, 0.47832079966387075, 0.4960981998885824, 0.5955733777089878, 0.5099152303400016, 0.549257164842736, 0.5580498127136725, 0.48422756166085446]",0.6721212121212121,0.12316532666340445
,True,0.12342482135430381,4.718447854656915e-15,359,"[-0.07735005157267427, -0.08563423231330057, -0.014317425017113746, 0.3892882760889523, 0.04095895960794708, 0.1993825333624203, 0.23492659384109638, -0.06203003971458914]","[0.4806721227525874, 0.4786045151435089, 0.49642070488842144, 0.5961113545201503, 0.5102383085954324, 0.5496811593884864, 0.5584630118727775, 0.48449746054606446]",0.6721212121212121,0.12315928549021925
,True,0.12342164244906172,2.3869795029440866e-15,360,"[-0.0764422472670052, -0.08450957347373389, -0.013040805014705373, 0.39150162367896957, 0.042237618632451984, 0.20107816043694854, 0.23658458109871686, -0.06096191383295997]","[0.4808987386640439, 0.4788851717457046, 0.4967398449487286, 0.5966441323031315, 0.5105578350921774, 0.5501008455253161, 0.5588718020950852, 0.4847642397072782]",0.6721212121212121,0.12315330851796279
,True,0.12341853428579912,2.7200464103316335e-15,361,"[-0.07554627826520191, -0.08339712479105532, -0.011777551046094596, 0.3936944550241847, 0.04350221613335688, 0.20275679379345032, 0.23822514771887676, -0.05990620217566659]","[0.4811224078258134, 0.47916279443922816, 0.497055646272847, 0.5971717468752653, 0.5108738392441843, 0.5505162553018101, 0.5592762185776794, 0.48502792677775497]",0.6721212121212121,0.12314739519628784
,True,0.12341549544843083,3.0531133177191805e-15,362,"[-0.0746620232387448, -0.08229678417507298, -0.010527557271180371, 0.3958668975204486, 0.044752869276137835, 0.2044185564132272, 0.23984842811195142, -0.05886279281088892]","[0.4813431601367709, 0.4794374081059241, 0.49736813498950866, 0.5976942340378756, 0.5111863503614786, 0.5509274207076172, 0.5596762964200739, 0.48528854927300036]",0.6721212121212121,0.12314154497765682
,True,0.12341252454514264,3.3584246494910985e-15,363,"[-0.07378936160268167, -0.08120844997160333, -0.009290718225220276, 0.3980190786685121, 0.04598969476153446, 0.20606357105673034, 0.24145455635536492, -0.05783157435301625]","[0.4815610253250152, 0.47970903753909794, 0.4976773371508645, 0.5982116295713611, 0.5114953976481301, 0.5513343736701222, 0.5600720706209295, 0.4855461345891037]",0.6721212121212121,0.12313575731736301
,True,0.12340962020807678,2.55351295663786e-15,364,"[-0.07292817351899111, -0.08013202096638253, -0.008066928823984871, 0.4001511260585412, 0.047212808819931756, 0.20769196025332454, 0.24304366618285408, -0.056812435966850636]","[0.4817760329465267, 0.47997770744194096, 0.4979832787305606, 0.5987239692303847, 0.5118010102002728, 0.5517371460511924, 0.5604635760748565, 0.48580071000112446]",0.6721212121212121,0.1231300316735506
,True,0.1234067810930191,4.218847493575595e-15,365,"[-0.07207833989977905, -0.07906739638888506, -0.006856084368810864, 0.4022631673548104, 0.04842232720587613, 0.20930384629121493, 0.24461589097393868, -0.0558052673716824]","[0.48198821238388323, 0.4802434424259944, 0.4982859856218567, 0.5992312887391664, 0.5121032170041789, 0.5521357696439967, 0.5608508475693024, 0.4860523026615278]",0.6721212121212121,0.12312436750723375
,True,0.12340400587908786,2.6367796834847468e-15,366,"[-0.07123974241031049, -0.07801447591604976, -0.005658080551553347, 0.4043553302805749, 0.049618365192724466, 0.21089935120753583, 0.24617136374359652, -0.05480995884523866]","[0.4821975928450309, 0.48050626700965166, 0.4985854836357889, 0.5997336237868762, 0.5124020469343861, 0.5525302761698977, 0.5612339197815224, 0.4863009395986662]",0.6721212121212121,0.12311876428231472
,True,0.12340129326842413,3.941291737419306e-15,367,"[-0.07041226347187883, -0.07697315967591388, -0.004472813459437353, 0.4064277426031227, 0.05080103756742531, 0.2124785967786015, 0.2477102171321423, -0.05382640122750601]","[0.48240420336211104, 0.48076620561669803, 0.4988817984993739, 0.6002310100231293, 0.5126975287518768, 0.5529206972754155, 0.5616128272756342, 0.48654664771530876]",0.6721212121212121,0.123113221465601
,True,0.12339864198588375,4.246603069191224e-15,368,"[-0.06959578626451456, -0.07594334825115524, -0.0033001795798090617, 0.4084805321190069, 0.0519704586254311, 0.21404170451031843, 0.249232583395309, -0.05285448592442827]","[0.4826080727903408, 0.4810232825748876, 0.49917495585385663, 0.600723483053579, 0.5129896911023095, 0.5533070645292612, 0.5619876044997516, 0.48678945378721744]",0.6721212121212121,0.12310773852682123
,True,0.12339605077873153,3.524958103184872e-15,369,"[-0.06879019472953578, -0.07492494268254322, -0.0021400758047869467, 0.41051382663945957, 0.053126742165740426, 0.21558879562875882, 0.2507385943945301, -0.05189410491148058]","[0.4828092298069469, 0.48127752211455843, 0.4994649812529987, 0.60121107843561, 0.5132785625143, 0.5536894094194416, 0.5623582857832, 0.4870293844617676]",0.6721212121212121,0.12310231493864068
,True,0.12339351841633701,4.884981308350689e-15,370,"[-0.0679953735719425, -0.07391784447229864, -0.0009923994358132138, 0.412527753975987, 0.05427000148606925, 0.21711999107089483, 0.25222838158742217, -0.050945150737120706]","[0.48300770291015227, 0.4815289483672828, 0.4997519001614085, 0.6016938316741257, 0.5135641713977531, 0.5540677633504313, 0.5627249053338091, 0.48726646625661457]",0.6721212121212121,0.12309695017667552
,True,0.12339104368987187,3.1363800445660672e-15,371,"[-0.06721120826265702, -0.07292195558736315, 0.0001429518118941243, 0.41452244192614784, 0.05540034937815011, 0.2186354114754931, 0.25370207601846523, -0.05000751652611873]","[0.48320352041821374, 0.48177758536455395, 0.5000357379529127, 0.6021717782174346, 0.5138465460422439, 0.5544421576404138, 0.5630874972352838, 0.4875007255584044]",0.6721212121212121,0.12309164371950596
,True,0.12338862541200989,3.4416913763379853e-15,372,"[-0.06643758504061224, -0.07193717846257865, 0.0012660798049881575, 0.4164980182595135, 0.056517898123158106, 0.22013517717416908, 0.2551598083098808, -0.04908109598276628]","[0.4833967104685107, 0.48202345703650906, 0.5003165199089664, 0.6026449534532278, 0.5141257146154471, 0.5548126235185895, 0.5634460954446507, 0.48773218862152806]",0.6721212121212121,0.12308639504868917
,True,0.12338626241662831,3.1086244689504383e-15,373,"[-0.0656743909146905, -0.07096341600377686, 0.00237708598773859, 0.41845461070381224, 0.057622759487262754, 0.22161940818260079, 0.2566017086527051, -0.048165783393966335]","[0.48358730101668257, 0.4822665872106876, 0.5005942712171053, 0.6031133927046531, 0.5144017051616143, 0.5551791921225492, 0.5638007337897802, 0.48796088156691897]",0.6721212121212121,0.12308120364877072
,True,0.1233839535585117,6.13398221105399e-15,374,"[-0.06492151366551457, -0.07000057159077994, 0.003476071377875433, 0.42039234693125693, 0.05871504471730454, 0.22308822419190102, 0.25802790679805715, -0.047261473632204676]","[0.4837753198358167, 0.48250699961082355, 0.5008690169694361, 0.603577131226479, 0.5146745456000986, 0.5555418944957146, 0.564151445966981, 0.4881868303808931]",0.6721212121212121,0.12307606900729572
77.16121880736084,True,0.12338169771305756,2.4702462297909733e-15,375,"[-0.06417884184709327, -0.06904854908031229, 0.004563136562530478, 0.42231135454505664, 0.05979486453659513, 0.22454174456014814, 0.25943853204859896, -0.0463680621584043]","[0.4839607945156826, 0.4827447178556734, 0.5011407821611656, 0.6040362042013507, 0.5149442637239252, 0.5559007615848414, 0.5644982655386684, 0.4884100609140312]",0.6721212121212121,0.12307099061481873
,True,0.12337949377598419,3.164135620181696e-15,376,"[-0.0634462647883237, -0.06810725280882421, 0.005638381694276066, 0.42421176106611236, 0.06086232914084009, 0.22598008830407396, 0.2608337132501875, -0.045485445024663694]","[0.4841437524620138, 0.4829797654578775, 0.5014095916891693, 0.6044906467361356, 0.5152108871984081, 0.5562558242375869, 0.564841225931104, 0.48863059888010163]",0.6721212121212121,0.12306596796491315
,True,0.12337734066304071,4.163336342344337e-15,377,"[-0.06272367259435223, -0.0671765875952279, 0.006701906487260742, 0.42609369391989743, 0.06191754819418312, 0.2274033740909089, 0.2622135787837165, -0.04461351887688035]","[0.4843242208958366, 0.48321216582285503, 0.5016754703505971, 0.6049404938583571, 0.5154744435598113, 0.5566071132001407, 0.5651803604322034, 0.4888484698550246]",0.6721212121212121,0.12306100055417973
,True,0.1233752373097195,4.246603069191224e-15,378,"[-0.062010956147796295, -0.06625645874354634, 0.007753810213441292, 0.4279572804235223, 0.06296063082537061, 0.22881172023038324, 0.26357825655714634, -0.043752180957260474]","[0.4845022268528433, 0.483441942247733, 0.5019384428415173, 0.6053857805127162, 0.5157349602140545, 0.5569546591149167, 0.5655157021894155, 0.48906369927587595]",0.6721212121212121,0.12305608788225464
,True,0.12337318267097032,3.3584246494910985e-15,379,"[-0.06130800710982922, -0.06534677204547551, 0.008794191698910677, 0.429802647772984, 0.06399168562403547, 0.23020524466688377, 0.2649278739977212, -0.04290132910671617]","[0.4846777971828104, 0.48366911792030703, 0.5021985337555975, 0.605826541557699, 0.5159924644354629, 0.557298492518306, 0.5658472842076682, 0.48927631243993114]",0.6721212121212121,0.12305122945181625
,True,0.12337117572091726,2.9976021664879227e-15,380,"[-0.06061471792113004, -0.06444743378286065, 0.00982314932032136, 0.43162992303060016, 0.06501082063709908, 0.23158406497176556, 0.2662625580443711, -0.042060861767151306]","[0.48485095854906074, 0.48389371591803587, 0.502455767582822, 0.6062628117622687, 0.5162469833655585, 0.5576386438384908, 0.5661751393473802, 0.48948633450374734]",0.6721212121212121,0.12304642476859175
,True,0.12336921545257763,2.6645352591003757e-15,381,"[-0.05993098180270049, -0.06355835073008696, 0.010840781001403503, 0.4334392331126281, 0.06601814336529026, 0.23294829833581746, 0.2675824351402976, -0.04123067798363703]","[0.48502173742796806, 0.4841157592070668, 0.5027101687082454, 0.6066946258026424, 0.5164985440118959, 0.5579751433933162, 0.5664993003225399, 0.4896937904822842]",0.6721212121212121,0.12304167334136273
,True,0.12336730087758363,3.552713678800501e-15,382,"[-0.05925669275655119, -0.0626794301563855, 0.011847184209577507, 0.4352307047770679, 0.06701376075978015, 0.23429806156188102, 0.26888763122574233, -0.040410677406478454]","[0.4851901601085042, 0.48433527064129334, 0.5029617614107825, 0.6071220182591491, 0.516747173246937, 0.5583080213882221, 0.5668197996988471, 0.48989870524806234]",0.6721212121212121,0.12303697468197056
,True,0.1233654310259057,5.9119376061289586e-15,383,"[-0.05859174556625911, -0.0618105798280547, 0.01284245595266034, 0.4370044646116501, 0.06799777921893191, 0.23563347105762197, 0.2701782717309351, -0.039600760293173325]","[0.4853562526918275, 0.4845522729614445, 0.5032105698620336, 0.60754502361317, 0.5169928978069684, 0.5586373079142314, 0.5671366698919191, 0.4901011035303593]",0.6721212121212121,0.12303232830532043
,True,0.12336360494557887,3.524958103184872e-15,384,"[-0.057936035797398436, -0.06095170801059824, 0.013826692775665082, 0.4387606390220082, 0.06897030458516397, 0.23695464282845316, 0.2714544815692219, -0.03880082751026416]","[0.4855200410909114, 0.4847667887942038, 0.5034566181251434, 0.6079636762441587, 0.5172357442910593, 0.5589630329459958, 0.5674499431655577, 0.4903010099144412]",0.6721212121212121,0.1230277337293854
,True,0.12336182170243119,6.022959908591474e-15,385,"[-0.05728945979784677, -0.060102723470779794, 0.014799990757693119, 0.4404993542200343, 0.06993144214192588, 0.23826169247060835, 0.2727163851303696, -0.03801078053508494]","[0.4856815510302131, 0.4849788406513609, 0.5036999301536957, 0.6083780104267399, 0.5174757391600575, 0.5592852263398973, 0.567759651630079, 0.4904984488408313]",0.6721212121212121,0.12302319047520949
,True,0.12336008037981477,6.161737786669619e-15,386,"[-0.0566519146979688, -0.059263535478595385, 0.0157624455089184, 0.4422207362124191, 0.07088129661078549, 0.23955473516436596, 0.2739641062740468, -0.037230521457403534]","[0.48584080804538193, 0.4851884509289899, 0.5039405297906423, 0.6087880603278868, 0.5177129087356251, 0.5596039178322045, 0.5680658272407012, 0.49069344460461406]",0.6721212121212121,0.1230186980669103
,True,0.1233583800783392,4.718447854656915e-15,387,"[-0.05602329841067945, -0.05843405380916384, 0.016714152167663157, 0.4439249107893753, 0.07181997214862638, 0.2408338856674217, 0.2751977683234786, -0.03645995298096108]","[0.48599783748300385, 0.4853956419066616, 0.5041784407672639, 0.6091938600041744, 0.5179472791993136, 0.5599191370372837, 0.5683685017959927, 0.4908860213547723]",0.6721212121212121,0.12301425603168108
,True,0.12335671991560737,4.3021142204224816e-15,388,"[-0.055403509631388514, -0.05761418874453615, 0.01765520539756444, 0.4456120035135439, 0.07274757234495441, 0.2420992583084095, 0.27641749405927357, -0.03569897842490962]","[0.48615266450038636, 0.48560043574668144, 0.5044136867021657, 0.6095954433991083, 0.5181788765916749, 0.5602309134458635, 0.5686677069363782, 0.49107620309356187]",0.6721212121212121,0.12300986389979206
,True,0.12335509902595405,4.3576253716537394e-15,389,"[-0.0547924478378288, -0.05680385107542429, 0.018585699384830894, 0.4472821397090833, 0.07366420021931215, 0.24335096698056935, 0.27762340571342214, -0.03494750172514908]","[0.48630531406537775, 0.4858028544933581, 0.504646291100305, 0.6099928443405283, 0.5184077268114109, 0.5605392764233516, 0.5689634741427003, 0.49126401367591704]",0.6721212121212121,0.12300552120459156
,True,0.12335351656018666,2.858824288409778e-15,390,"[-0.054190013289769766, -0.05600295210285016, 0.019505727835589088, 0.4489354444509406, 0.07456995821880022, 0.24458912513556147, 0.2788156249634637, -0.03420542743556485]","[0.4864558109562234, 0.4860029200723006, 0.5048762773520515, 0.6103860965380843, 0.5186338556145584, 0.5608442552082042, 0.569255834734838, 0.49144947680889084]",0.6721212121212121,0.12300122748250616
,True,0.12335197168532867,4.191091917959966e-15,391,"[-0.05359610702861868, -0.05521140363971542, 0.020415383973318792, 0.45057204255430444, 0.07546494821570417, 0.24581384577742568, 0.2799942729268209, -0.03347266072916729]","[0.4866041797614578, 0.4862006542897431, 0.5051036687322787, 0.6107752335807854, 0.518857288613711, 0.5611458789103457, 0.5695448198703796, 0.4916326160511276]",0.6721212121212121,0.12299698227304065
,True,0.123350463584366,3.3861802251067274e-15,392,"[-0.05301063087691122, -0.054429118012292776, 0.021314760536376494, 0.4521920585642396, 0.07634927150522594, 0.24702524145668497, 0.28115947015530035, -0.032749107399134184]","[0.48675044487982977, 0.48639607883189806, 0.5053284883994874, 0.6111602889346186, 0.5190780512772757, 0.56144417650964, 0.5698304605433502, 0.49181345481236727]",0.6721212121212121,0.12299278511877758
,True,0.12334899145599489,4.690692279041286e-15,393,"[-0.052433487437693514, -0.053656008061639546, 0.022203949775606528, 0.45379561674550156, 0.07722302880331866, 0.24822342426459224, 0.2823113366297571, -0.03203467385975754]","[0.48689463052026316, 0.48658921526433546, 0.5055507593949602, 0.6115412959402382, 0.5192961689287642, 0.5617391768544092, 0.5701127875829902, 0.4919920163529824]",0.6721212121212121,0.12298863556537565
,True,0.12334755451437389,4.85722573273506e-15,394,"[-0.05186458009379757, -0.05289198714493407, 0.02308304345203911, 0.4553828410725315, 0.0780863202446236, 0.24940850582751917, 0.28344999175492125, -0.031329267147295906]","[0.48703676070184976, 0.48678008503139136, 0.5057705046419458, 0.6119182878107234, 0.5195116667461186, 0.5620309086600038, 0.5703918316525878, 0.49216832378354536]",0.6721212121212121,0.12298453316156883
,True,0.12334615198887683,5.773159728050814e-15,395,"[-0.051303813007012034, -0.05213696913673579, 0.02395213283467458, 0.45695385521963056, 0.07893924538050821, 0.2505805973014863, 0.2845755543543857, -0.030632794920733383]","[0.48717685925387494, 0.4869687094556008, 0.505987746944875, 0.6122912976294034, 0.5197245697610701, 0.562319400507419, 0.5706676232483606, 0.49234240006442614]",0.6721212121212121,0.12298047745916361
,True,0.12334478312384954,3.191891195797325e-15,396,"[-0.050751091117150204, -0.051390868430169614, 0.024811308698353185, 0.4585087825513126, 0.07978190317720406, 0.25173980936683304, 0.28568814266575265, -0.029945165462446625]","[0.4873149498158751, 0.48715510973715787, 0.5062025089886045, 0.612660358347749, 0.5199349028585318, 0.5626046808419582, 0.5709401926983882, 0.49251426800542053]",0.6721212121212121,0.12297646801303694
,True,0.12334344717836869,2.8033131371785203e-15,397,"[-0.05020632014101718, -0.05065359993803544, 0.025660661321709657, 0.4600477461128352, 0.08061439201404343, 0.25288625222302674, 0.2867878743359374, -0.029266287678781026]","[0.48745105583772663, 0.4873393069534022, 0.5064148133376917, 0.6130255027833299, 0.5201426907760227, 0.5628867779719443, 0.5712095701615938, 0.4926839502654078]",0.6721212121212121,0.12297250438113311
,True,0.12334214342600328,3.1363800445660672e-15,398,"[-0.049669406571278135, -0.049925079093843354, 0.02650028048521188, 0.4615708686209078, 0.08143680968179359, 0.25402003558360947, 0.28787486641662763, -0.028596071100537315]","[0.4875852005797645, 0.487521322058331, 0.506624682435697, 0.6133867636178357, 0.5203479581031238, 0.5631657200674759, 0.5714757856267725, 0.4928514693520373]",0.6721212121212121,0.12296858612446053
,True,0.12334087115457876,4.9682480351975755e-15,399,"[-0.04914025767522946, -0.04920522185277544, 0.02733025546928292, 0.4630782724545759, 0.08224925338108743, 0.25514126867128184, 0.28894923535989675, -0.027934425883369796]","[0.4877174071129319, 0.4877011758821339, 0.5068321386045168, 0.6137441733951603, 0.5205507292809669, 0.5634415351592286, 0.5717388689116688, 0.49301684762144404]",0.6721212121212121,0.12296471280708782
77.17598373191049,True,0.12333962966594382,2.6367796834847468e-15,400,"[-0.04861878149347483, -0.04849394469257486, 0.028150675052505694, 0.4645700796462814, 0.08305181972094935, 0.256250060213122, 0.29001109701396904, -0.027281262808097465]","[0.4878476983189579, 0.48787888913075705, 0.5070372040437412, 0.6140977645195481, 0.5207510286017517, 0.5637142511373002, 0.5719988496620992, 0.49318010727799094]",0.6721212121212121,0.12296088399613976
,True,0.12333841827573977,3.524958103184872e-15,401,"[-0.04810488683850785, -0.047791164614362926, 0.02896162750990951, 0.4660464118730973, 0.08384460471741532, 0.2573465184359397, 0.29106056661913554, -0.02663649328092921]","[0.4879760968905644, 0.48805448238548677, 0.5072399008300431, 0.6144475692538026, 0.5209488802082958, 0.5639838957501009, 0.5722557573511197, 0.49334127037404085]",0.6721212121212121,0.12295709926179274
,True,0.12333723631317246,6.5503158452884236e-15,402,"[-0.04759848329320335, -0.04709679914338496, 0.029763200611337734, 0.4675073904481362, 0.08462770379224581, 0.25843075106176294, 0.2920977588038184, -0.02600002933360434]","[0.48810262533170085, 0.48822797610256136, 0.507440250916592, 0.6147936197175529, 0.521144308093612, 0.5642504966032845, 0.572509621278239, 0.49350035880975357]",0.6721212121212121,0.12295335817726978
,True,0.12333608312078694,5.717648576819556e-15,403,"[-0.047099481209218905, -0.046410766329685736, 0.03055548161989584, 0.46895313631213204, 0.0854012117717306, 0.2595028653034577, 0.293122787580782, -0.025371783623449634]","[0.48822730595780606, 0.48839939061280346, 0.5076382761324958, 0.6151359478855812, 0.5213373361005172, 0.5645140811587233, 0.5727604705686749, 0.49365739433291067]",0.6721212121212121,0.1229496603188353
,True,0.12333495805424491,2.6922908347160046e-15,404,"[-0.04660779170530864, -0.0457329847487152, 0.031338557290479074, 0.4703837700251934, 0.08616522288558424, 0.2605629678604778, 0.2941357663434897, -0.024751669433354193]","[0.4883501608960974, 0.4885687461212788, 0.5078339981822692, 0.6154745855862073, 0.5215279879212675, 0.5647746767335228, 0.5730083341726523, 0.4938123985387661]",0.6721212121212121,0.12294600526578968
,True,0.12333386048210403,4.524158825347513e-15,405,"[-0.046123326665550975, -0.045063373501865234, 0.03211251386837895, 0.4717994117587281, 0.08691983076593099, 0.2616111649147451, 0.29513680786260393, -0.02413960067166322]","[0.48847121208588457, 0.4887360627069746, 0.5080274386453274, 0.6158095644997298, 0.5217162870972233, 0.5650323104990795, 0.5732532408647457, 0.4939653928699217]",0.6721212121212121,0.12294239260046279
,True,0.1233327897856012,3.9968028886505635e-15,406,"[-0.04564599873749211, -0.04440185221693835, 0.032877437087967774, 0.4732001812875378, 0.08766512844637804, 0.2626475621266583, 0.29612602428262763, -0.023535491871992015]","[0.48859048127891125, 0.48890136032250425, 0.5082186189755068, 0.6161409161569242, 0.5219022570185418, 0.5652870094801766, 0.5734952192432606, 0.49411639861622947]",0.6721212121212121,0.12293882190820843
,True,0.12333174535843683,4.163336342344337e-15,407,"[-0.04517572133020707, -0.043748341048548946, 0.03363341217146053, 0.4745861979820814, 0.0884012083611761, 0.2636722646312288, 0.2971035271186864, -0.022939258192961394]","[0.488707990039719, 0.48906465879383076, 0.50840756050061, 0.6164686719375957, 0.522085920923895, 0.5655388005541199, 0.5737342977296556, 0.4942654369147172]",0.6721212121212121,0.12293529277739695
,True,0.12333072660656323,3.802513859341161e-15,408,"[-0.04471240861228006, -0.04310276067845803, 0.03438052382775314, 0.47595758080090633, 0.08912816234446592, 0.2646853770343431, 0.29806942725344826, -0.022350815417855694]","[0.4888237597460381, 0.4892259778200152, 0.508594284421976, 0.6167928630691851, 0.5222673019002178, 0.5657877104499125, 0.573970504568005, 0.49441252874953867]",0.6721212121212121,0.12293180479940893
,True,0.1233297329479746,3.1363800445660672e-15,409,"[-0.04425597550970581, -0.04246503231584208, 0.03511885625133651, 0.4773144482832469, 0.0898460816296098, 0.26568700340915014, 0.2990238349341808, -0.02177007995420462]","[0.4889378115891995, 0.48938533697298525, 0.5087788118140756, 0.6171135206254293, 0.522446422882478, 0.5660337657474678, 0.5742038678244994, 0.4945576949519477]",0.6721212121212121,0.12292835756862767
,True,0.1233287638125001,3.164135620181696e-15,410,"[-0.043806337703713706, -0.04183507769749698, 0.03584849312128542, 0.4786569185417881, 0.09055505684860682, 0.2666772472925722, 0.29996685976994225, -0.02119696883329011]","[0.4890501665745727, 0.4895427556973246, 0.5089611636241304, 0.6174306755250731, 0.5226233066534757, 0.5662769928768596, 0.5744344153869843, 0.494700956200296]",0.6721212121212121,0.1229249506824318
,True,0.1233278186415992,3.0808688933348094e-15,411,"[-0.0433634116285164, -0.04121281908797765, 0.03656951760032151, 0.47998510925559446, 0.09125517803159074, 0.2676562116819384, 0.3008986107289064, -0.020631399709579428]","[0.48916084552202377, 0.48969825331008493, 0.5091413606717555, 0.6177443585306317, 0.5227979758436659, 0.5665174181176085, 0.5746621749645355, 0.4948423330200534]",0.6721212121212121,0.12292158374118727
,True,0.12332689688815995,3.2751579226442118e-15,412,"[-0.042927114468984576, -0.04059817927967432, 0.03728201233394955, 0.4812991376632017, 0.09194653460640945, 0.2686239990317396, 0.30181919613581853, -0.020073290860085677]","[0.4892698690663977, 0.48985184900061723, 0.5093194236486268, 0.6180546002472044, 0.5229704529310063, 0.5667550675980055, 0.5748871740870725, 0.4949818457838499]",0.6721212121212121,0.12291825634823952
,True,0.12332599801629988,8.631984016460592e-15,413,"[-0.04249736415824952, -0.03999108159282612, 0.037986059449666196, 0.4825991205558713, 0.09262921539828473, 0.26958071125050304, 0.3027287236695814, -0.019522561183656924]","[0.4893772576580201, 0.4900035618304237, 0.5094953731181697, 0.6183614311213371, 0.52314076024083, 0.56698996729447, 0.5751094401050055, 0.49511951471154175]",0.6721212121212121,0.12291496810990529
,True,0.12332512150116882,3.635980405647388e-15,414,"[-0.04207407937523528, -0.03939144987547291, 0.038681740556240345, 0.48388517427100564, 0.09330330862955127, 0.27052644969778594, 0.3036273003609688, -0.018979130200195107]","[0.48948303156322226, 0.49015341073303, 0.5096692295152724, 0.6186648814399335, 0.523308919945741, 0.5672221430309439, 0.5753290001889187, 0.4952553598702966]",0.6721212121212121,0.12291171863546356
,True,0.12332426682875511,2.4424906541753444e-15,415,"[-0.041657179542121926, -0.03879920850334604, 0.039369136743064394, 0.48515741468572343, 0.09396890191947387, 0.2714613151812866, 0.30451503259046553, -0.018442918049805947]","[0.4895872108648846, 0.4903014145138764, 0.5098410131460198, 0.6189649813292132, 0.5234749540655345, 0.567451620478318, 0.5755458813292875, 0.4953894011747025]",0.6721212121212121,0.12290850753714712
,True,0.12332343349569393,8.049116928532385e-15,416,"[-0.04124658482174159, -0.03821428237969887, 0.04004832857957542, 0.4864159572105937, 0.09462608228414152, 0.2723854079540714, 0.30539202608623234, -0.017913845491880992]","[0.4896898154630015, 0.49044759185022924, 0.5100107441874515, 0.6192617607537174, 0.5236388844671386, 0.5676784251538948, 0.5757601103362293, 0.4955216583868948]",0.6721212121212121,0.12290533443013345
,True,0.12332262100907812,2.886579864025407e-15,417,"[-0.04084221611490895, -0.03763659693507795, 0.040719396114745655, 0.48766091678352697, 0.09527493613643748, 0.2732988277119172, 0.306258385922193, -0.017391833904113]","[0.48979086507526515, 0.4905919612911104, 0.5101784426873389, 0.6195552495153599, 0.5238007328645796, 0.5679025824208812, 0.5759717138392867, 0.4956521511167063]",0.6721212121212121,0.12290219893253526
,True,0.12332182888627181,5.023759186428833e-15,418,"[-0.040443995057687705, -0.037066078127035475, 0.041382418876641174, 0.4888924078638228, 0.09591554928608409, 0.2742016735907671, 0.3071142165162432, -0.0168768052814458]","[0.48989037923766804, 0.4907345412572464, 0.5103441285639863, 0.619845477252522, 0.5239605208189696, 0.5681241174879167, 0.5761807182872439, 0.49578089882183474]",0.6721212121212121,0.12289910066539118
,True,0.12332105665472637,4.274358644806853e-15,419,"[-0.040051844018594615, -0.03650265243978405, 0.042037475872048216, 0.49011054442637225, 0.09654800693976122, 0.2750940441642985, 0.3079596216285786, -0.01636868223495983]","[0.48998837730512435, 0.4908753500410348, 0.5105078216060508, 0.6201324734391939, 0.5241182697385145, 0.5683430554086308, 0.5763871499479734, 0.49590792080803175]",0.6721212121212121,0.1228960392526559
,True,0.12332030385179889,2.9698465908722937e-15,420,"[-0.039665686095742704, -0.0359462468837944, 0.042684645586166164, 0.4913154399560135, 0.09717239370129722, 0.27597603744160265, 0.3087947043601408, -0.015867387990694457]","[0.4900848784521098, 0.4910144058065297, 0.5106695414723845, 0.6204162673841568, 0.5242740008785447, 0.5685594210812336, 0.5765910349083136, 0.49603323622930956]",0.6721212121212121,0.1228930143211903
,True,0.12331957002457312,3.6914915568786455e-15,421,"[-0.03928544511392519, -0.03539678899533685, 0.04332400598236635, 0.4925072074420403, 0.09778879357193149, 0.27684775086497365, 0.30961956715117933, -0.015372846388408282]","[0.4901799016733174, 0.4911517265894441, 0.5108293076918959, 0.6206968882302084, 0.5244277353415654, 0.5687732392481359, 0.5767923990739778, 0.4961568640881675]",0.6721212121212121,0.12289002550075122
,True,0.12331885472968321,2.9976021664879227e-15,422,"[-0.038911045621641646, -0.034854206835967516, 0.04395563450201589, 0.49368595937286086, 0.09839728995064716, 0.2777092813078059, 0.31043431177992825, -0.01488498188027851]","[0.4902734657843323, 0.4912873302971705, 0.5109871396634316, 0.620974364953431, 0.5245794940773286, 0.5689845344956004, 0.5769912681694916, 0.49627882323583644]",0.6721212121212121,0.12288707242398131
,True,0.1233181575331393,4.773959005888173e-15,423,"[-0.0385424128880679, -0.034318428991959825, 0.04457960806436571, 0.49485180773080656, 0.09899796563457325, 0.27856072507259927, 0.31123903936139535, -0.014403719529540586]","[0.4903655894223213, 0.4914212347088177, 0.5111430566556775, 0.6212487263624983, 0.5247292978829239, 0.5691933312534212, 0.577187667738159, 0.49639913237254085]",0.6721212121212121,0.12288415472639831
,True,0.12331747801015608,2.55351295663786e-15,424,"[-0.03817947289997125, -0.03378938457368234, 0.045196003066501886, 0.4960048639870888, 0.09959090281945489, 0.2794021778890695, 0.31203385034626263, -0.013928985009069184]","[0.49045629104673993, 0.4915534574752653, 0.51129707780708, 0.6215200010980239, 0.5248771674028899, 0.5693996537946336, 0.5773816231420573, 0.4965178100477787]",0.6721212121212121,0.12288127204638441
77.18712454124336,True,0.12331681574498385,3.58046925441613e-15,425,"[-0.03782215235857235, -0.033267003214923596, 0.045804895383359516, 0.4971452390969029, 0.1001761831001906, 0.28023373491236375, 0.3128188445198961, -0.013460704599901695]","[0.49054558894005446, 0.4916840161192343, 0.5114492221257851, 0.621788217631948, 0.525023123129344, 0.569603526235252, 0.5775731595620598, 0.4966348746606189]",0.6721212121212121,0.12287842402517557
,True,0.12331617033074144,2.858824288409778e-15,426,"[-0.03747037867635539, -0.03275121507216475, 0.046406360367798195, 0.498273043494677, 0.10075388747143567, 0.28105549072137925, 0.3135941210014636, -0.012998805189705299]","[0.49063350120847876, 0.4918129280353739, 0.5115995084895968, 0.6220534042669635, 0.5251671854021314, 0.5698049725340347, 0.5777623019978851, 0.49675034446001476]",0.6721212121212121,0.12287561030685026
,True,0.12331554136925194,3.9968028886505635e-15,427,"[-0.037124079973827905, -0.03224195082380093, 0.04700047285073834, 0.4993883870894656, 0.10132409632827043, 0.28186753931718406, 0.3143597782431586, -0.01254321427118878]","[0.49072004578272704, 0.4919402104903642, 0.5117479556459537, 0.6223155891359781, 0.5253093744089935, 0.5700040164922783, 0.5779490752681727, 0.49686423754513515]",0.6721212121212121,0.1228728305383183
,True,0.1233149284708809,3.219646771412954e-15,428,"[-0.03678318507623172, -0.03173914166931203, 0.04758730714135751, 0.5004913792604856, 0.10188688946693238, 0.28266997412153844, 0.3151159140295286, -0.012093859940460144]","[0.4908052404187799, 0.49206588062303486, 0.5118945822119231, 0.6225748002016154, 0.5254497101857525, 0.5702006817536363, 0.5781335040105849, 0.4969765718657099]",0.6721212121212121,0.12287008436930956
,True,0.12331433125437652,3.2751579226442118e-15,429,"[-0.0364476235102064, -0.03124271932838373, 0.048166937027345785, 0.5015821288527932, 0.10244234608561112, 0.28346288797551566, 0.31586262547690674, -0.011650670895331158]","[0.49088910269866465, 0.4921899554444985, 0.5120394066742139, 0.6228310652557506, 0.5255882126165149, 0.570394991803966, 0.578315612681934, 0.49708736522239305]",0.6721212121212121,0.12286737145236243
,True,0.1233137493467127,2.55351295663786e-15,430,"[-0.03611732550040665, -0.03075261603997962, 0.0487394357752195, 0.5026607441731016, 0.10299054478530512, 0.2842463731382211, 0.3166000090329443, -0.011213576433569895]","[0.49097165003124893, 0.4923124518383002, 0.5121824473892056, 0.6230844119190823, 0.5257249014338927, 0.5705869699712013, 0.5784954255583333, 0.4971966352671398]",0.6721212121212121,0.12286469144281226
,True,0.12331318238293384,2.6367796834847468e-15,431,"[-0.03579222196607503, -0.030268764561365152, 0.049304876130692385, 0.5037273329857359, 0.10353156357073902, 0.285020521285608, 0.31732816047624307, -0.010782506451102344]","[0.49105289965304816, 0.49243338656058044, 0.5123237225829952, 0.6233348676407388, 0.5258597962192405, 0.5707766394252489, 0.5786729667353735, 0.4973043995035992]",0.6721212121212121,0.1228620439987794
,True,0.12331263000600255,2.6922908347160046e-15,432,"[-0.03547224451757137, -0.029791098167084255, 0.049863330319103345, 0.5047820025087263, 0.10406547985134076, 0.28578542350938874, 0.3180471749160862, -0.010357391440164199]","[0.4911328686290445, 0.4925527762402535, 0.5124632503514602, 0.6235824596979188, 0.52599291640291, 0.5709640231779116, 0.578848260128322, 0.49741067528752186]",0.6721212121212121,0.12285942878115752
,True,0.12331209186664902,2.3869795029440866e-15,433,"[-0.03515732545286022, -0.02931955064788942, 0.05041487004589998, 0.5058248594100356, 0.10459237044227726, 0.2865411703160405, 0.3187571467922648, -0.009938162487403854]","[0.4912115738535182, 0.49267063737919975, 0.5126010486603388, 0.6238272151955648, 0.5261242812645205, 0.5711491440828348, 0.5790213294723451, 0.4975154798271809]",0.6721212121212121,0.1228568454536013
,True,0.1233115676232233,3.4416913763379853e-15,434,"[-0.03484739775395772, -0.028854056309626015, 0.05095956649717703, 0.5068560098039218, 0.1051123115655476, 0.28728785162590353, 0.31945816987500036, -0.009524751271937684]","[0.4912890320508923, 0.492786986352472, 0.5127371353453254, 0.6240691610660701, 0.526253909933245, 0.5713320248354768, 0.579192198322753, 0.49761883018380815]",0.6721212121212121,0.12285429368251446
,True,0.12331105694154962,2.7478019859472624e-15,435,"[-0.03454239508333915, -0.02839454997207166, 0.05149749034026896, 0.5078755592474326, 0.10562537885113289, 0.28802555677237157, 0.3201503372649599, -0.00911709006335865]","[0.49136525977658685, 0.4929018394085154, 0.5128715281121825, 0.6243083240690162, 0.5263818213881127, 0.5715126879731033, 0.5793608900552675, 0.49772074327204285]",0.6721212121212121,0.1228517731370376
,True,0.1233105594947823,3.1086244689504383e-15,436,"[-0.034242251780308514, -0.0279409669677314, 0.05202871172439572, 0.5088836127370315, 0.10613164733820162, 0.2887543745011721, 0.3208337413933632, -0.008715111719699282]","[0.4914402734178851, 0.49301521266940046, 0.5130042445368679, 0.6245447307909433, 0.5265080344583264, 0.5716911558748037, 0.5795274278663091, 0.49782123586039506]",0.6721212121212121,0.12284928348903519
,True,0.1233100749632653,2.914335439641036e-15,437,"[-0.033946902857331394, -0.027493243140589516, 0.05255330028136102, 0.509880274705354, 0.10663119147636946, 0.28947439296973587, 0.32150847402218025, -0.008318749685350057]","[0.4915140891948105, 0.4931271221310699, 0.5131353020656771, 0.6247784076451506, 0.5266325678235939, 0.5718674507615308, 0.5796918347733077, 0.49792032457172025]",0.6721212121212121,0.12284682441308398
,True,0.12330960303439246,2.886579864025407e-15,438,"[-0.03365628399633245, -0.027051314844818743, 0.053071325126302096, 0.5108656490180905, 0.10712408512701271, 0.2901856997466544, 0.3221746262444176, -0.007927937988934201]","[0.4915867231610139, 0.49323758366359777, 0.5132647180154011, 0.6250093808715256, 0.526755440014475, 0.572041594696162, 0.5798541336150321, 0.49801802588370847]",0.6721212121212121,0.12284439558645961
,True,0.12330914340247087,3.0531133177191805e-15,439,"[-0.033370331544958685, -0.02661511894344764, 0.05358285485849031, 0.5118398389709979, 0.10761040156463418, 0.2908883818112237, 0.32283228848449164, -0.007542611241139953]","[0.49165819120467064, 0.49334661301146154, 0.5133925095734979, 0.6252376765364055, 0.5268766694127434, 0.5722136095835826, 0.5800143470519398, 0.4981143561293846]",0.6721212121212121,0.12284199668912431
,True,0.12330869576858611,2.3592239273284576e-15,440,"[-0.03308898251280985, -0.02618459280698693, 0.05408795756218167, 0.5128029472870353, 0.10809021347828052, 0.29158252555307296, 0.3234815504986875, -0.007162704632511265]","[0.4917285090493871, 0.4934542257938258, 0.5135186937982793, 0.6254633205324637, 0.5269962742517597, 0.572383517170789, 0.5801724975665464, 0.4982093314976208]",0.6721212121212121,0.12283962740371401
,True,0.12330825984046957,3.0808688933348094e-15,441,"[-0.032812174567637124, -0.025759674312015583, 0.05458670080751639, 0.5137550761136236, 0.10856359297301023, 0.2922682167718781, 0.3241225013757025, -0.006788153931197962]","[0.49179769225511644, 0.4935604375048392, 0.5136432876191115, 0.6256863385786277, 0.5271142726168617, 0.5725513390470142, 0.5803286074638145, 0.49830296803366153]",0.6721212121212121,0.12283728741552544
,True,0.12330783533236798,3.6914915568786455e-15,442,"[-0.032539846031511284, -0.02534030183972737, 0.05507915165146683, 0.5146963270200273, 0.10903061157141111, 0.2929455406771569, 0.3247552295372718, -0.00641889548066634]","[0.49186575621908424, 0.4936652635139424, 0.5137663078366295, 0.6259067562200226, 0.5272306824457653, 0.572717096643872, 0.5804826988715603, 0.4983952816396594]",0.6721212121212121,0.12283497641250309
,True,0.12330742196491513,4.912736883966318e-15,443,"[-0.03227193587696164, -0.024926414274438723, 0.05556537663883283, 0.5156268009948584, 0.10949134021516632, 0.29361458188814615, 0.3253798227388758, -0.006054866197371201]","[0.49193271617672096, 0.4937687190661875, 0.5138877711229646, 0.6261245988279421, 0.5273455215289795, 0.5728808112355224, 0.5806347937408793, 0.49848628807522144]",0.6721212121212121,0.12283269408522639
,True,0.12330701946500525,3.885780586188048e-15,444,"[-0.03200838372308679, -0.02451795100205859, 0.056045441803283684, 0.5165465984436973, 0.10994584926666799, 0.2942754244337589, 0.32599636807052634, -0.005696003568390269]","[0.4919985872026044, 0.49387081928256943, 0.5140076940219861, 0.626339891599846, 0.5274588075102334, 0.5730425039388549, 0.5807849138465883, 0.49857600295796783]",0.6721212121212121,0.1228304401268962
,True,0.12330662756566897,3.858025010572419e-15,445,"[-0.031749129831638474, -0.024114851908521105, 0.056519412668446005, 0.5174558191868339, 0.11039420851067758, 0.2949281517526203, 0.32660495195763206, -0.005342245649021983]","[0.4920633842114083, 0.49397157916036794, 0.5141260929495549, 0.626552659559383, 0.5275705578869169, 0.5732021957136918, 0.5809330807876862, 0.49866444176409985]",0.6721212121212121,0.1228282142333219
,True,0.12330624600595101,3.497202527569243e-15,446,"[-0.031494115103079555, -0.0237170573781818, 0.05698735424903653, 0.5183545624571232, 0.11083648715603178, 0.2955728466931815, 0.32720566016194, -0.004993531060347611]","[0.49212712195886027, 0.49407101357350025, 0.5142429841937911, 0.6267629275564389, 0.5276807900105314, 0.5733599073630101, 0.5810793159878314, 0.49875161982897875]",0.6721212121212121,0.12282601610290793
,True,0.12330587453079012,3.552713678800501e-15,447,"[-0.031243281072617375, -0.02332450829217811, 0.057449331052039206, 0.519242926897957, 0.11127275383739335, 0.29620959151390935, 0.3277985777825526, -0.004649798986758627]","[0.49218981504270526, 0.4941691372728851, 0.5143583839153527, 0.6269707202672098, 0.5277895210871549, 0.5735156595331807, 0.5812236406958333, 0.4988375523477138]",0.6721212121212121,0.1228238454366407
,True,0.12330551289090039,4.3298697960381105e-15,448,"[-0.030996569906213526, -0.022937146026754906, 0.05790540707792561, 0.5201210105613484, 0.11170307661704554, 0.29683846788355184, 0.3283837892570186, -0.004310989173450279]","[0.4922514779036774, 0.4942659648868161, 0.5144723081477273, 0.6271760621942989, 0.5278967681779162, 0.573669472714226, 0.5813660759861634, 0.498922254375762]",0.6721212121212121,0.12282170193807475
,True,0.1233051608426555,5.551115123125783e-15,449,"[-0.030753924396571115, -0.022554912451555862, 0.05835564582191805, 0.520988910906128, 0.11212752298672955, 0.297459556881477, 0.3289613783624964, -0.003977041923882316]","[0.49231212482647735, 0.49436151092134634, 0.5145847727975358, 0.6273789776668367, 0.5280025481994813, 0.5738213672400949, 0.5815066427594787, 0.49900574082953414]",0.6721212121212121,0.12281958531331968
77.19536309727287,True,0.12330481814797407,3.2751579226442118e-15,450,"[-0.030515287959100697, -0.022177749927881303, 0.05880011027529442, 0.5218467247962509, 0.1125461598695239, 0.2980729389980848, 0.32953142821698844, -0.0036478980972077402]","[0.49237176994075654, 0.49445578976068144, 0.5146957936448474, 0.627579490840625, 0.5281068779245514, 0.5739713632889543, 0.581645361743162, 0.49908802648701267]",0.6721212121212121,0.12281749527102644
,True,0.12330448457420738,4.163336342344337e-15,451,"[-0.03028060462786584, -0.021805601306913336, 0.059238862926734075, 0.5226945484992125, 0.11295905362176477, 0.29867869413528997, 0.3300940212806454, -0.003323499105670537]","[0.4924304272221073, 0.4945488156675837, 0.5148053863435064, 0.6277776256983025, 0.5282097739823702, 0.5741194808834977, 0.5817822534918767, 0.4991691259883773]",0.6721212121212121,0.12281543152237373
,True,0.12330415989402878,4.246603069191224e-15,452,"[-0.030049819051509438, -0.021438409927908957, 0.059671965763703955, 0.5235324776845711, 0.1133662700350065, 0.2992769016070757, 0.33064923935713836, -0.003003786911973265]","[0.4924881104930584, 0.4946406027837845, 0.5149135664214696, 0.6279734060495326, 0.5283112528592431, 0.5742657398912695, 0.5819173383881354, 0.499249053836639]",0.6721212121212121,0.12281339378105441
,True,0.12330384388532509,2.886579864025407e-15,453,"[-0.029822876489161796, -0.021076119616361876, 0.06009948027388414, 0.5243606074225777, 0.11376787433802137, 0.2998676401401159, 0.331197163595098, -0.0026887040266154027]","[0.49254483342407657, 0.494731165130407, 0.5150203492811553, 0.6281668555312132, 0.5284113308990646, 0.5744101600250054, 0.5820506366428828, 0.49932782439828316]",0.6721212121212121,0.12281138176326177
,True,0.12330353633108997,3.913536161803677e-15,454,"[-0.029599722806331472, -0.020718674682133783, 0.06052146744663205, 0.5251790321829086, 0.11416393119883757, 0.3004509878744654, 0.3317378744896192, -0.0023781935052033265]","[0.4926006095345725, 0.49482051660839665, 0.5151257501998029, 0.6283579976077068, 0.528510024303858, 0.5745527608429886, 0.5821821682960924, 0.49940545190391983]",0.6721212121212121,0.12280939518767595
,True,0.12330323701931875,4.884981308350689e-15,455,"[-0.02938030447077994, -0.02036601991755575, 0.060937987774484545, 0.5259878458335023, 0.11455450472681473, 0.3010270223643167, 0.3322714518838301, -0.0020721989457328106]","[0.49265545219391205, 0.4949086709989613, 0.5152297843298423, 0.6285468555710912, 0.5286073491343224, 0.57469356174942, 0.5823119532173754, 0.4994819504489425]",0.6721212121212121,0.1228074337754499
,True,0.12330294574290554,3.6637359812630166e-15,456,"[-0.029164568548381002, -0.02001810059550048, 0.06134910125469713, 0.5267871416394971, 0.114939658474756, 0.3015958205788223, 0.33279797497052355, -0.0017706644858448849]","[0.49270937462243214, 0.4949956419640195, 0.5153324666992741, 0.6287334525414308, 0.5287033213103902, 0.5748325819948048, 0.5824400111066039, 0.49955733399419466]",0.6721212121212121,0.12280549725019589
,True,0.12330266229954177,3.524958103184872e-15,457,"[-0.02895246269896599, -0.019674862467426148, 0.061754867390819514, 0.5275770122622689, 0.11531945544105565, 0.3021574589029809, 0.3333175222938502, -0.001473534800055939]","[0.49276238989246063, 0.49508144304665685, 0.5154338122120603, 0.6289178114670659, 0.528797956611794, 0.5749698406763522, 0.5825663614945459, 0.4996316163666421]",0.6721212121212121,0.12280358533797144
,True,0.12330238649161658,3.4139358007223564e-15,458,"[-0.028743935172155642, -0.01933625176139247, 0.062155345194306745, 0.5283575497585679, 0.11569395807188179, 0.3027120131385871, 0.33383017175107205, -0.0011807550969628953]","[0.49281451092934, 0.4951660876715914, 0.5155338356485227, 0.6290999551249232, 0.5288912706786411, 0.5751053567383893, 0.582691023743511, 0.4997048112600549]",0.6721212121212121,0.12280169776726542
,True,0.12330211812611928,8.298917109073045e-15,459,"[-0.028538934803179657, -0.01900221518004973, 0.06255059318616517, 0.5291288455797513, 0.11606322826339277, 0.30325955850524255, 0.33433600059437435, -0.00089227111642428]","[0.49286575051245596, 0.4952495891456454, 0.5156325516657535, 0.6292799061208428, 0.5289832790119976, 0.5752391489727892, 0.582814017048011, 0.4997769322356935]",0.6721212121212121,0.12279983426898443
,True,0.12330185701454292,2.7755575615628914e-15,460,"[-0.028337411008684834, -0.01867269989860148, 0.06294066939863247, 0.5298909905711129, 0.11642732736398685, 0.30380016964142814, 0.33483508543273544, -0.0006080291267180492]","[0.49291612127626777, 0.49533196065822627, 0.5157299747980334, 0.629457686889925, 0.5290739969744809, 0.5753712360194124, 0.5829353604354287, 0.49984799272300356]",0.6721212121212121,0.12279799457643852
,True,0.12330160297279007,2.192690473634684e-15,461,"[-0.028139313782532708, -0.018347653562741508, 0.06332563137689101, 0.5306440749713063, 0.11678631617658415, 0.30433392060563563, 0.33532750223385255, -0.0003279759216769511]","[0.49296563571134355, 0.49541321528181403, 0.5158261194572588, 0.6296333196968932, 0.5291634397908594, 0.5755016363665609, 0.5830550727666997, 0.4999180060203158]",0.6721212121212121,0.12279617842532732
,True,0.12330135582108019,3.7192471324942744e-15,462,"[-0.027944593691587603, -0.018027024286565864, 0.06370553618081383, 0.5313881884118603, 0.11714025496094, 0.30486088487755747, 0.3358133263261231, -5.205881780225762e-05]","[0.4930143061653972, 0.49549336597245625, 0.5159209999333788, 0.6298068266364755, 0.5292516225486613, 0.5756303683514453, 0.5831731727370049, 0.4999869852955524]",0.6721212121212121,0.12279438555372628
,True,0.12330111538385845,3.858025010572419e-15,463,"[-0.027753201871495953, -0.017710760650460518, 0.06408044038674235, 0.5321234199167862, 0.11748920343598891, 0.3053811353593343, 0.33629263240067914, 0.00021977434864335822]","[0.4930621448443295, 0.49557242557027054, 0.5160146303948403, 0.6299782296338028, 0.5293385601987894, 0.5757574501606642, 0.5832896788764717, 0.5000549435869397]",0.6721212121212121,0.1227926157020723
,True,0.1233008814897065,7.494005416219807e-15,464,"[-0.027565090022457796, -0.017398811698965382, 0.06445040008929535, 0.5328498579022748, 0.11783322078221842, 0.3058947443768583, 0.33676549451347476, 0.0004875752245629845]","[0.4931091638132699, 0.49565040679995304, 0.5161070248890407, 0.6301475504448222, 0.5294242675561452, 0.5758828998306954, 0.5834046095508878, 0.500121893803726]",0.6721212121212121,0.12279086861315007
,True,0.12330065397125439,3.219646771412954e-15,465,"[-0.02738021040499127, -0.01709112693861532, 0.06481547090320824, 0.5335675901764813, 0.11817236564407183, 0.30640178368113163, 0.33723198608742466, 0.0007513949429719332]","[0.49315537499762263, 0.495727322271294, 0.5161981973427905, 0.6303148106567275, 0.5295087593002589, 0.5760067352483998, 0.5835179829624231, 0.5001878487269048]",0.6721212121212121,0.12278914403207768
,True,0.12330043266509472,3.635980405647388e-15,466,"[-0.027198515835690978, -0.01678765633575881, 0.06517570796520201, 0.5342767039393979, 0.11850669613237926, 0.3069023244496787, 0.3376921799145926, 0.0010112841259626718]","[0.4932007901841135, 0.4958031844797002, 0.5162881615627819, 0.6304800316884053, 0.5295920499759262, 0.5761289741515359, 0.5836298171503612, 0.5002528210099441]",0.6721212121212121,0.12278744170629281
,True,0.1233002174116978,4.163336342344337e-15,467,"[-0.027019959682981026, -0.016488350314354926, 0.06553116593588118, 0.5349772857828113, 0.118836269826816, 0.30739643728801136, 0.3381461481584289, 0.0012672928876875397]","[0.4932454210218383, 0.4958780058067232, 0.5163769312360671, 0.6306432347908959, 0.5296741539938534, 0.5762496341292852, 0.5837401299918409, 0.5003168231795195]",0.6721212121212121,0.12278576138553862
,True,0.12330000805532858,2.8033131371785203e-15,468,"[-0.02684449586286359, -0.01619315975374923, 0.0658818990016599, 0.5356694216903448, 0.11916114377838757, 0.3078841922311459, 0.33859396235605554, 0.001519470837358445]","[0.49328927902331443, 0.49595179852059335, 0.5164645199305425, 0.6308044410478686, 0.529755085631307, 0.5763687326227896, 0.5838489392026057, 0.5003798676362533]",0.6721212121212121,0.1227841028218495
,True,0.12329980444396527,2.886579864025407e-15,469,"[-0.026672078834663746, -0.015902035986429284, 0.06622796087671573, 0.5363531970375823, 0.11948137451194059, 0.30836565874517, 0.33903569342059764, 0.0017678670822628213]","[0.49333237556553233, 0.4960245747767607, 0.5165509410954412, 0.6309636713761122, 0.5298348590327712, 0.5764862869256987, 0.5839562623377628, 0.5004419666554571]",0.6721212121212121,0.12278246576953726
,True,0.12329960642921914,3.552713678800501e-15,470,"[-0.026502663596771392, -0.015614930795760356, 0.06656940480497009, 0.5370286965922747, 0.11979701802869869, 0.30884090572886036, 0.3394714116435604, 0.0020125302307951068]","[0.49337472189100867, 0.4960963466184408, 0.5166362080618323, 0.6311209465260393, 0.5299134882106101, 0.5766023141847272, 0.5840621167925492, 0.5005031323878799]",0.6721212121212121,0.12278084998517678
,True,0.12329941386625595,3.1086244689504383e-15,471,"[-0.026336205682381052, -0.015331796413701958, 0.06690628356209502, 0.5376960045146254, 0.12010812980882281, 0.3093100015153475, 0.33990118669724995, 0.002253508395503043]","[0.49341632910884053, 0.49616712597716606, 0.516720334043127, 0.6312762870822038, 0.5299909870457377, 0.5767168314002221, 0.5841665198031066, 0.5005633768604594]",0.6721212121212121,0.12277925522759196
,True,0.12329922661371917,2.3314683517128287e-15,472,"[-0.026172661155230263, -0.015052585518505851, 0.06723864945754532, 0.5383552043576546, 0.12041476481399502, 0.30977301387382883, 0.3403250876372375, 0.00249084919614804]","[0.4934572081957605, 0.4962369246733429, 0.5168033321355922, 0.6314297134638323, 0.5300673692882909, 0.5768298554267415, 0.5842694884472646, 0.5006227119770779]",0.6721212121212121,0.12277768125784189
,True,0.12329904453365391,2.8033131371785203e-15,473,"[-0.026011986605337347, -0.014777251232396113, 0.06756655433661544, 0.5390063790676409, 0.1207169774900252, 0.3102300100113279, 0.34074318290486505, 0.0027245997627789553]","[0.49349736999719174, 0.4963057544168141, 0.5168852153188694, 0.6315812459253672, 0.5301426485583111, 0.5769414029736395, 0.5843710396453299, 0.5006811495193219]",0.6721212121212121,0.12277612783920627
,True,0.12329886749143305,2.831068712794149e-15,474,"[-0.025854139144739254, -0.014505747119231877, 0.06789004958252058, 0.5396496109846383, 0.12101482176947977, 0.3106810565744985, 0.34115554032979195, 0.0029548067388185505]","[0.49353682522830394, 0.4963736268074256, 0.5169659964565013, 0.6317309045570252, 0.5302168383464284, 0.5770514906056639, 0.5844711901608837, 0.5007387011472453]",0.6721212121212121,0.12277459473717174
77.20134014254468,True,0.12329869535568429,3.219646771412954e-15,475,"[-0.025699076403230228, -0.014238027182153355, 0.06820918611850116, 0.5402849818430677, 0.12130835107433176, 0.31112621965147375, 0.3415622271325812, 0.003181516284161978]","[0.49357558447506966, 0.49644055333559806, 0.5170456882964636, 0.6318787092853636, 0.5302899520145524, 0.5771601347435595, 0.5845699566015858, 0.5007953784001359]",0.6721212121212121,0.12277308171941753
,True,0.12329852799821873,3.747002708109903e-15,476,"[-0.025546756524101984, -0.013974045861211714, 0.06852401440995007, 0.5409125727723822, 0.12159761831863163, 0.3115655647737577, 0.34196330992732427, 0.003404774078286587]","[0.4936136581953199, 0.4965065453829045, 0.5171243034717025, 0.6320246798738629, 0.5303620027965674, 0.5772673516646832, 0.5846673554199856, 0.5008511926972852]",0.6721212121212121,0.12277158855580148
,True,0.12329836529396083,3.2751579226442118e-15,477,"[-0.02539713815988607, -0.01371375803098342, 0.06883458446656208, 0.5415324642978032, 0.12188267591119786, 0.3119991569181596, 0.3423588547243031, 0.0036246253233724194]","[0.49365105671979986, 0.49657161422265017, 0.5172018545006799, 0.6321688359235181, 0.5304330037990326, 0.5773731575036246, 0.5847634029143386, 0.5009061553387611]",0.6721212121212121,0.12277011501834587
,True,0.1232982071208797,3.608224830031759e-15,478,"[-0.02525018046809913, -0.013457118998169613, 0.06914094584450471, 0.5421447363411271, 0.12216357575832694, 0.3124270605087693, 0.3427489269326888, 0.0038411147474327087]","[0.49368779025322435, 0.49663577102045914, 0.5172783537879219, 0.6323111968734421, 0.5305029680018859, 0.5774775682528366, 0.5848581152294305, 0.5009602775061842]",0.6721212121212121,0.12276866088122342
,True,0.12329805335992162,7.438494264988549e-15,479,"[-0.025105843106991727, -0.013204084499181094, 0.06944314764860987, 0.5427494682216016, 0.12244036926652173, 0.3128493394189727, 0.3431335913632757, 0.004054286607453765]","[0.4937238688753328, 0.4966990268348625, 0.5173538136245738, 0.6324517820014799, 0.5305719082591538, 0.5775805997632731, 0.584951508357406, 0.5010135702635057]",0.6721212121212121,0.12276722592074311
,True,0.12329790389494408,4.274358644806853e-15,480,"[-0.024964086231301322, -0.012954610697709486, 0.06974123853458583, 0.5433467386568691, 0.1227131073452378, 0.31326605697350657, 0.3435129122312493, 0.004264184692543572]","[0.49375930254194267, 0.49676139261789337, 0.5174282461889607, 0.6325906104248342, 0.5306398372996638, 0.577682267745035, 0.5850435981386037, 0.5010660445577882]",0.6721212121212121,0.12276580991533625
,True,0.1232977586126509,3.552713678800501e-15,481,"[-0.02482487048801013, -0.01270865418228515, 0.0700352667112486, 0.5439366257639769, 0.12298184040964685, 0.3136772759505516, 0.34388695315898793, 0.004470852327088512]","[0.4937941010860036, 0.49682287921568297, 0.5175016635471524, 0.6327277011006991, 0.5307067677277608, 0.5777825877680219, 0.5851344002623967, 0.5011177112199899]",0.6721212121212121,0.1227644126455424
,True,0.12329761740252854,3.9968028886505635e-15,482,"[-0.02468815701210842, -0.012466171963822385, 0.07032527994277236, 0.5445192070604528, 0.12324661838341668, 0.31408305858386276, 0.3442557771788963, 0.004674332373917566]","[0.4938282742186484, 0.4968834973690627, 0.5175740776535338, 0.6328630728269059, 0.5307727120240294, 0.5778815752625939, 0.5852239302680378, 0.501168580965749]",0.6721212121212121,0.12276303389399515
,True,0.12329748015678409,2.9976021664879227e-15,483,"[-0.024553907422363897, -0.012227121473152476, 0.07061132555095818, 0.5450945594654436, 0.1235074907015069, 0.31448346656493575, 0.3446194467362706, 0.004874667237473399]","[0.4938618315302445, 0.49694325771416803, 0.5176455003513795, 0.6329967442425777, 0.530837682546017, 0.5779792455202369, 0.5853122035455102, 0.501218664396172]",0.6721212121212121,0.1227616734454084
,True,0.12329734677028384,3.1086244689504383e-15,484,"[-0.024422083817097776, -0.011991460558545143, 0.07089345041752042, 0.5456627593009177, 0.12376450631298003, 0.31487856104520917, 0.3449780236921933, 0.005071898866989702]","[0.49389478249144303, 0.4970021707830469, 0.5177159433734335, 0.6331287338287932, 0.5309016915289619, 0.5780756136942369, 0.5853992353363827, 0.5012679719986226]",0.6721212121212121,0.12276033108656206
,True,0.1232972171404937,3.191891195797325e-15,485,"[-0.024292648769968107, -0.011759147483218898, 0.07117170098639025, 0.5462238822929275, 0.12401771368382686, 0.31526840263830086, 0.34533156932645787, 0.005266068759674256]","[0.49392713645422676, 0.49706024700427054, 0.5177854183424929, 0.6332590599092595, 0.5309647510865251, 0.5781706948003607, 0.5854850407346698, 0.5013165141475128]",0.6721212121212121,0.12275900660628833
,True,0.12329709116742031,4.85722573273506e-15,486,"[-0.024165565325760953, -0.01153014092284087, 0.07144612326603572, 0.5467780035729333, 0.12426716079980593, 0.31565305142227773, 0.3456801443405212, 0.005457217963897063]","[0.4939589026529559, 0.49711749670354816, 0.5178539367719965, 0.6333877406509939, 0.5310268732115236, 0.5782645037175406, 0.585569634687695, 0.5013643011050958]",0.6721212121212121,0.12275769979545752
,True,0.12329696875355364,6.300515664747763e-15,487,"[-0.02404079699618999, -0.011304399963016602, 0.0717167628317977, 0.5473251976791846, 0.12451289516929616, 0.3160325669419585, 0.3460238088604837, 0.005645387082383032]","[0.49399009020541307, 0.4971739301043435, 0.517921510066616, 0.6335147940650144, 0.5310880697766689, 0.5783570551885683, 0.58565303199696, 0.5014113430222594]",0.6721212121212121,0.12275641044696428
,True,0.12329684980381031,3.1363800445660672e-15,488,"[-0.02391830775570504, -0.011081884096770352, 0.07198366482824115, 0.5478655385581602, 0.12475496382616218, 0.3164070082112477, 0.3463626224400955, 0.0058306162754086285]","[0.4940207081138446, 0.49722955732849555, 0.5179881495228528, 0.6336402380070377, 0.5311483525353057, 0.5784483638207917, 0.5857352473190156, 0.5014576499393217]",0.6721212121212121,0.12275513835571336
,True,0.12329673422547882,3.219646771412954e-15,489,"[-0.023798062037310136, -0.010862553222016385, 0.07224687397152116, 0.548399099566064, 0.12499341333263166, 0.31677643371550046, 0.3466966440637885, 0.0060129452640019275]","[0.494050765266001, 0.4972843883968401, 0.5180538663296378, 0.6337640901781855, 0.5312077331221556, 0.5785384440868195, 0.5858162951663385, 0.5015032317868271]",0.6721212121212121,0.12275388331860616
,True,0.12329662192816496,3.219646771412954e-15,490,"[-0.023680024728391622, -0.010646367639021792, 0.07250643455176321, 0.5489259534703761, 0.12522828978218406, 0.3171409014139177, 0.34702593214973215, 0.006192413333145545]","[0.4940802704361749, 0.4973384332298361, 0.5181186715689347, 0.6338863681256984, 0.5312662230540618, 0.5786273103252296, 0.5858961899082098, 0.5015480983863434]",0.6721212121212121,0.12275264513452647
,True,0.12329651282373895,5.440092820663267e-15,491,"[-0.02356416116655679, -0.010433288047861304, 0.07276239043545694, 0.549446172451458, 0.12545963880245029, 0.3175004687419697, 0.34735054455291386, 0.0063690593349818815]","[0.4941092322862359, 0.4973917016481921, 0.5181825762163466, 0.6340070892436579, 0.5313238337307371, 0.5787149767412831, 0.5859749457715977, 0.5015922594512597]",0.6721212121212121,0.12275142360432671
,True,0.12329640682628362,3.608224830031759e-15,492,"[-0.023450437135483563, -0.01022327554586461, 0.07301478506786309, 0.5499598281042103, 0.12568750555812241, 0.317855192613848, 0.34767053856824126, 0.006542921692020175]","[0.4941376593666635, 0.49744420337349615, 0.5182455911417269, 0.634126270773714, 0.5313805764355128, 0.5788014574076435, 0.5860525768420431, 0.5016357245875857]",0.6721212121212121,0.12275021853081436
,True,0.12329630385204302,4.3298697960381105e-15,493,"[-0.023338818860781766, -0.010016291625056652, 0.07326366147543283, 0.5504669914397823, 0.12591193475387333, 0.3182051294249447, 0.3479859709336667, 0.006714038400344832]","[0.4941655601175771, 0.49749594802884783, 0.5183077271097922, 0.6342439298058208, 0.5314364623360917, 0.578886766265101, 0.5861290970645479, 0.5016785032947497]",0.6721212121212121,0.12274902971873763
,True,0.12329620381937306,3.552713678800501e-15,494,"[-0.02322927300586638, -0.009812298169591399, 0.07350906226823918, 0.5509677328873318, 0.12613297063728515, 0.31855033505435826, 0.3482968978333327, 0.006882447032824537]","[0.4941929428697636, 0.49754694513949177, 0.5183689947807387, 0.6343600832789784, 0.5314915024853001, 0.5789709171233, 0.5862045202444662, 0.5017206049663991]",0.6721212121212121,0.12274785697477224
,True,0.12329610664869234,4.524158825347513e-15,495,"[-0.02312176666784335, -0.009611257453179521, 0.07375102964241977, 0.5514621222958342, 0.12635065700178644, 0.31889086486742435, 0.34860337490073723, 0.007048184742321622]","[0.49421981584570085, 0.4975972041334532, 0.5184294047108613, 0.6344747479819818, 0.5315457078218453, 0.5790539236614719, 0.586278860048398, 0.5017620388911994]",0.6721212121212121,0.1227467001075073
,True,0.12329601226243427,3.6914915568786455e-15,496,"[-0.02301626737340833, -0.009413132136510495, 0.07398960538263046, 0.5519502289359396, 0.12656503718959722, 0.3192267737182722, 0.34890545722191857, 0.0072112882649012005]","[0.49424618716057933, 0.49764673434217543, 0.5184889673531758, 0.6345879405541748, 0.5315990891710706, 0.5791357994291725, 0.5863521300050849, 0.5018028142536346]",0.6721212121212121,0.12274555892743168
,True,0.12329592058500047,2.4147350785597155e-15,497,"[-0.022912743074758858, -0.009217885264669544, 0.07422483086450939, 0.5524321215018768, 0.1267761540946814, 0.3195581159524041, 0.34920319933865834, 0.007371793923039606]","[0.49427206482332, 0.49769554500115765, 0.5185476930580434, 0.63469967748621, 0.5316516572457153, 0.5792165578470222, 0.5864243435063086, 0.5018429401348063]",0.6721212121212121,0.12274443324692048
,True,0.12329583154271449,2.9976021664879227e-15,498,"[-0.022811162145520387, -0.00902548026454989, 0.07445674705715087, 0.5529078681134039, 0.12698405016570613, 0.3198849454092986, 0.34949665525170204, 0.0075297376288316255]","[0.49429745673758874, 0.4977436452505971, 0.5186055920737972, 0.634809975120816, 0.5317034226466738, 0.5792962122074509, 0.5864955138077906, 0.5018824255132344]",0.6721212121212121,0.12274332288022113
,True,0.12329574506377719,5.9396931817445875e-15,499,"[-0.022711493376686567, -0.008835880942260768, 0.07468539452558855, 0.5533775363178021, 0.12718876740900747, 0.3202073154250361, 0.3497858784239966, 0.007685154887196089]","[0.4943223707028082, 0.4977910441360287, 0.5186626745473724, 0.6349188496535679, 0.5317543958637571, 0.5793747756754458, 0.5865656540300946, 0.5019212792656552]",0.6721212121212121,0.12274222764343995
