level_K,feature_index,kernel,child,structural_energy
2,0,0,0,0.0273131470
2,1,5,0,0.0283264653
2,2,8,0,0.0262346476
2,3,10,0,0.0378501326
2,4,13,0,0.0347419784
2,5,18,0,0.0320726758
2,6,21,0,0.0291176522
2,7,23,0,0.0317254128
2,8,26,0,0.0294613476
2,9,27,0,0.0288810328
2,10,29,0,0.0309393015
2,11,31,0,0.0268756335
2,12,32,0,0.0290055168
2,13,34,0,0.0287393952
2,14,60,0,0.0295182844
2,15,63,0,0.0271560881
2,16,65,0,0.0255555602
2,17,68,0,0.0446084423
2,18,70,0,0.0310970036
2,19,71,0,0.0350161266
2,20,73,0,0.0434818432
2,21,76,0,0.0342241418
2,22,79,0,0.0347503705
2,23,84,0,0.0315767197
2,24,86,0,0.0345116846
2,25,89,0,0.0355946413
2,26,94,0,0.0434858430
2,27,97,0,0.0322867502
2,28,99,0,0.0271064616
2,29,100,0,0.0388100273
2,30,102,0,0.0338709352
2,31,105,0,0.0400645289
2,32,107,0,0.0353037439
2,33,108,0,0.0263594429
2,34,110,0,0.0338575126
2,35,112,0,0.0370297461
2,36,113,0,0.0301460906
2,37,115,0,0.0342434845
2,38,117,0,0.0285208559
2,39,118,0,0.0278313261
2,40,120,0,0.0364617575
2,41,125,0,0.0252896429
2,42,128,0,0.0262961209
2,43,130,0,0.0373202957
2,44,131,0,0.0292469202
2,45,133,0,0.0364546878
2,46,134,0,0.0261835345
2,47,136,0,0.0322993737
2,48,139,0,0.0250840972
2,49,141,0,0.0341249790
2,50,144,0,0.0322672336
2,51,147,0,0.0317715302
2,52,149,0,0.0365611753
2,53,152,0,0.0374731537
2,54,157,0,0.0361817259
2,55,160,0,0.0294160781
2,56,165,0,0.0364226666
2,57,168,0,0.0361753349
2,58,170,0,0.0269279553
2,59,173,0,0.0304038593
2,60,178,0,0.0322898928
2,61,181,0,0.0344975097
2,62,183,0,0.0274772568
2,63,186,0,0.0315083341
2,64,189,0,0.0298712059
2,65,191,0,0.0282655581
2,66,194,0,0.0324053654
2,67,196,0,0.0307921994
2,68,197,0,0.0276791649
2,69,199,0,0.0325811210
2,70,202,0,0.0276644075
2,71,205,0,0.0250420084
2,72,207,0,0.0277643767
2,73,210,0,0.0406906382
2,74,212,0,0.0369687683
2,75,213,0,0.0278353692
2,76,215,0,0.0458815516
2,77,218,0,0.0398730822
2,78,220,0,0.0383080235
2,79,221,0,0.0381286991
2,80,223,0,0.0474342677
2,81,225,0,0.0348051849
2,82,226,0,0.0333819942
2,83,228,0,0.0424701863
2,84,231,0,0.0574766130
2,85,233,0,0.0276934557
2,86,234,0,0.0278832342
2,87,236,0,0.0452539434
2,88,238,0,0.0295071126
2,89,239,0,0.0278780149
2,90,241,0,0.0400095804
2,91,244,0,0.0346747228
2,92,246,0,0.0370274835
2,93,249,0,0.0416523192
2,94,251,0,0.0324421080
2,95,254,0,0.0446202822
2,96,255,0,0.0482020182
2,97,257,0,0.0498899609
2,98,260,0,0.0254698555
2,99,262,0,0.0276538145
2,100,265,0,0.0273972016
2,101,267,0,0.0297035576
2,102,269,0,0.0256791445
2,103,273,0,0.0378459688
2,104,275,0,0.0365934900
2,105,278,0,0.0293041795
2,106,280,0,0.0270620785
2,107,291,0,0.0265431079
2,108,322,0,0.0278306571
2,109,330,0,0.0259701376
2,110,338,0,0.0324668934
2,111,340,0,0.0266910870
2,112,341,0,0.0257487917
2,113,434,0,0.0296298007
2,114,435,0,0.0282320040
2,115,437,0,0.0408063911
2,116,440,0,0.0250382972
2,117,445,0,0.0328653736
2,118,447,0,0.0340587853
2,119,448,0,0.0399758154
2,120,450,0,0.0307776256
2,121,453,0,0.0322383487
2,122,455,0,0.0307162770
2,123,456,0,0.0295544057
2,124,458,0,0.0257671690
2,125,461,0,0.0276586728
2,126,471,0,0.0341617043
2,127,474,0,0.0347080195
2,128,476,0,0.0275035681
2,129,479,0,0.0402490399
2,130,484,0,0.0316086509
2,131,487,0,0.0520389650
2,132,490,0,0.0390897058
2,133,492,0,0.0394664288
2,134,493,0,0.0254206411
2,135,495,0,0.0383396993
2,136,497,0,0.0431577932
2,137,498,0,0.0271340104
2,138,500,0,0.0348776420
2,139,502,0,0.0339724629
2,140,505,0,0.0338324878
2,141,506,0,0.0412483709
2,142,507,0,0.0334078497
2,143,508,0,0.0420868986
2,144,509,0,0.0298200711
2,145,510,0,0.0450520373
2,146,511,0,0.0269845617
2,147,513,0,0.0410361339
2,148,516,0,0.0344796537
2,149,518,0,0.0319767720
2,150,519,0,0.0344600742
2,151,521,0,0.0443760455
2,152,524,0,0.0317835414
2,153,526,0,0.0366654457
2,154,527,0,0.0262755898
2,155,529,0,0.0349401298
2,156,531,0,0.0339410267
2,157,532,0,0.0340955795
2,158,534,0,0.0325386634
2,159,540,0,0.0286624093
2,160,542,0,0.0315807982
2,161,544,0,0.0265434978
2,162,547,0,0.0356541549
2,163,548,0,0.0322856541
2,164,550,0,0.0438694491
2,165,552,0,0.0333087381
2,166,553,0,0.0405074671
2,167,555,0,0.0386105022
2,168,558,0,0.0459595672
2,169,560,0,0.0393118781
2,170,561,0,0.0302414276
2,171,562,0,0.0281706313
2,172,563,0,0.0583595071
2,173,565,0,0.0464228236
2,174,566,0,0.0547727515
2,175,568,0,0.0547001690
2,176,569,0,0.0303630483
2,177,570,0,0.0282295500
2,178,571,0,0.0464787208
2,179,573,0,0.0341411545
2,180,574,0,0.0307409264
2,181,576,0,0.0367087298
2,182,579,0,0.0408320299
2,183,581,0,0.0313679396
2,184,584,0,0.0377018244
2,185,587,0,0.0520415021
2,186,589,0,0.0322740335
2,187,592,0,0.0498725823
2,188,597,0,0.0314583046
2,189,599,0,0.0272644495
2,190,600,0,0.0271761890
2,191,602,0,0.0260384563
2,192,603,0,0.0334599511
2,193,605,0,0.0315765341
2,194,608,0,0.0280854478
2,195,610,0,0.0414517380
2,196,613,0,0.0486415654
2,197,626,0,0.0273669003
2,198,658,0,0.0302566446
2,199,660,0,0.0299292396
2,200,663,0,0.0268524656
2,201,668,0,0.0278637014
2,202,671,0,0.0278524020
2,203,673,0,0.0287810717
2,204,676,0,0.0307830162
2,205,679,0,0.0289820795
2,206,681,0,0.0282327341
2,207,772,0,0.0335609821
2,208,775,0,0.0269580408
2,209,780,0,0.0258033817
2,210,782,0,0.0468646910
2,211,783,0,0.0323369893
2,212,785,0,0.0430182602
2,213,786,0,0.0253680109
2,214,788,0,0.0361972734
2,215,791,0,0.0254221795
2,216,794,0,0.0269594053
2,217,796,0,0.0325344440
2,218,806,0,0.0396282423
2,219,809,0,0.0308182154
2,220,814,0,0.0408016604
2,221,817,0,0.0392879771
2,222,819,0,0.0400979921
2,223,820,0,0.0351173052
2,224,822,0,0.0523740360
2,225,825,0,0.0379113898
2,226,827,0,0.0412103030
2,227,828,0,0.0337867073
2,228,830,0,0.0436108478
2,229,831,0,0.0271530284
2,230,832,0,0.0355547675
2,231,833,0,0.0423983401
2,232,835,0,0.0367789032
2,233,838,0,0.0299039718
2,234,841,0,0.0270063495
2,235,843,0,0.0399624360
2,236,845,0,0.0300249775
2,237,846,0,0.0375961382
2,238,848,0,0.0455006499
2,239,849,0,0.0275142782
2,240,851,0,0.0476862919
2,241,853,0,0.0262891955
2,242,854,0,0.0327628345
2,243,856,0,0.0345113141
2,244,859,0,0.0447148386
2,245,861,0,0.0338987819
2,246,862,0,0.0263712229
2,247,864,0,0.0330999702
2,248,866,0,0.0261800493
2,249,867,0,0.0335275308
2,250,869,0,0.0392771375
2,251,872,0,0.0350942246
2,252,874,0,0.0360504401
2,253,875,0,0.0365448227
2,254,877,0,0.0379848648
2,255,882,0,0.0452940524
2,256,883,0,0.0326764965
2,257,885,0,0.0496245327
2,258,887,0,0.0319883370
2,259,888,0,0.0389935790
2,260,890,0,0.0334854340
2,261,891,0,0.0346435828
2,262,893,0,0.0432406468
2,263,895,0,0.0343118124
2,264,898,0,0.0510049313
2,265,899,0,0.0270983827
2,266,900,0,0.0450188466
2,267,901,0,0.0552832350
2,268,903,0,0.0661712165
2,269,904,0,0.0481861963
2,270,906,0,0.0515954668
2,271,908,0,0.0351488097
2,272,909,0,0.0363674722
2,273,911,0,0.0340447120
2,274,912,0,0.0382298270
2,275,914,0,0.0316824506
2,276,916,0,0.0255844445
2,277,917,0,0.0383696887
2,278,919,0,0.0467643705
2,279,921,0,0.0321431559
2,280,922,0,0.0479771867
2,281,924,0,0.0457130960
2,282,925,0,0.0462234223
2,283,927,0,0.0598859334
2,284,929,0,0.0333752712
2,285,930,0,0.0501559406
2,286,932,0,0.0365261295
2,287,935,0,0.0315814896
2,288,937,0,0.0262651085
2,289,940,0,0.0277901921
2,290,943,0,0.0404079141
2,291,945,0,0.0365222717
2,292,946,0,0.0302917471
2,293,948,0,0.0505628085
2,294,950,0,0.0292007420
2,295,951,0,0.0276608039
2,296,953,0,0.0384805138
2,297,964,0,0.0257870635
2,298,995,0,0.0303132811
2,299,997,0,0.0297943794
2,300,1001,0,0.0295463494
2,301,1003,0,0.0261006330
2,302,1008,0,0.0281491365
2,303,1011,0,0.0388129279
2,304,1016,0,0.0328736896
2,305,1107,0,0.0348829042
2,306,1110,0,0.0283815155
2,307,1112,0,0.0278644028
2,308,1115,0,0.0340910492
2,309,1118,0,0.0486079646
2,310,1120,0,0.0292500565
2,311,1121,0,0.0405649472
2,312,1123,0,0.0333849914
2,313,1125,0,0.0286804000
2,314,1126,0,0.0362205616
2,315,1128,0,0.0362205616
2,316,1131,0,0.0281752580
2,317,1136,0,0.0251760092
2,318,1139,0,0.0250386959
2,319,1144,0,0.0444438270
2,320,1147,0,0.0318902705
2,321,1149,0,0.0400599547
2,322,1150,0,0.0269195966
2,323,1151,0,0.0309574967
2,324,1152,0,0.0404258097
2,325,1154,0,0.0303664929
2,326,1155,0,0.0496827360
2,327,1157,0,0.0496827360
2,328,1158,0,0.0547757466
2,329,1159,0,0.0419015819
2,330,1160,0,0.0613319220
2,331,1162,0,0.0346946445
2,332,1163,0,0.0349765662
2,333,1165,0,0.0444714316
2,334,1168,0,0.0421846687
2,335,1170,0,0.0366744069
2,336,1173,0,0.0368224067
2,337,1175,0,0.0263144333
2,338,1178,0,0.0529505496
2,339,1179,0,0.0372802881
2,340,1180,0,0.0255631611
2,341,1181,0,0.0500515325
2,342,1183,0,0.0313903787
2,343,1186,0,0.0443977279
2,344,1187,0,0.0392857850
2,345,1188,0,0.0387406740
2,346,1189,0,0.0458827476
2,347,1191,0,0.0454185219
2,348,1194,0,0.0342964667
2,349,1196,0,0.0403675682
2,350,1197,0,0.0311086787
2,351,1199,0,0.0362759062
2,352,1200,0,0.0270541657
2,353,1202,0,0.0403141443
2,354,1204,0,0.0305322426
2,355,1207,0,0.0437610518
2,356,1210,0,0.0331040304
2,357,1212,0,0.0288912209
2,358,1213,0,0.0253950950
2,359,1215,0,0.0308649395
2,360,1217,0,0.0321844615
2,361,1218,0,0.0495260862
2,362,1220,0,0.0601318638
2,363,1223,0,0.0462729527
2,364,1225,0,0.0428718094
2,365,1226,0,0.0339991125
2,366,1228,0,0.0570836752
2,367,1230,0,0.0361656573
2,368,1231,0,0.0442555323
2,369,1233,0,0.0434466080
2,370,1234,0,0.0537616511
2,371,1236,0,0.0552467558
2,372,1238,0,0.0409637423
2,373,1239,0,0.0674113402
2,374,1241,0,0.0522867842
2,375,1242,0,0.0288364465
2,376,1243,0,0.0364093292
2,377,1244,0,0.0511359276
2,378,1246,0,0.0363084686
2,379,1247,0,0.0336084237
2,380,1249,0,0.0421758863
2,381,1252,0,0.0371731836
2,382,1254,0,0.0326359806
2,383,1255,0,0.0406148822
2,384,1257,0,0.0422733628
2,385,1260,0,0.0563562490
2,386,1262,0,0.0593071014
2,387,1264,0,0.0353432101
2,388,1265,0,0.0577291434
2,389,1267,0,0.0593879095
2,390,1268,0,0.0377233009
2,391,1269,0,0.0273906361
2,392,1270,0,0.0297963430
2,393,1273,0,0.0281445869
2,394,1275,0,0.0361427853
2,395,1277,0,0.0298713139
2,396,1278,0,0.0334859673
2,397,1280,0,0.0266492977
2,398,1281,0,0.0370715075
2,399,1283,0,0.0491347319
2,400,1286,0,0.0443291142
2,401,1288,0,0.0290675820
2,402,1330,0,0.0278491763
2,403,1333,0,0.0337365079
2,404,1335,0,0.0252152924
2,405,1336,0,0.0285814562
2,406,1338,0,0.0284470824
2,407,1340,0,0.0276804049
2,408,1341,0,0.0257972237
2,409,1343,0,0.0293014446
2,410,1346,0,0.0365031596
2,411,1349,0,0.0406753882
2,412,1351,0,0.0386398565
2,413,1440,0,0.0261505701
2,414,1443,0,0.0260272477
2,415,1445,0,0.0454058751
2,416,1447,0,0.0250013170
2,417,1450,0,0.0407590448
2,418,1451,0,0.0376894034
2,419,1453,0,0.0396773667
2,420,1455,0,0.0300970312
2,421,1456,0,0.0385334756
2,422,1458,0,0.0308259743
2,423,1461,0,0.0369800246
2,424,1463,0,0.0351739554
2,425,1466,0,0.0266254906
2,426,1469,0,0.0332703441
2,427,1474,0,0.0278458645
2,428,1477,0,0.0277805742
2,429,1479,0,0.0449785560
2,430,1480,0,0.0354176631
2,431,1481,0,0.0362237858
2,432,1482,0,0.0459606650
2,433,1484,0,0.0599752562
2,434,1487,0,0.0438550879
2,435,1490,0,0.0333118923
2,436,1492,0,0.0588290176
2,437,1495,0,0.0617983335
2,438,1497,0,0.0257429668
2,439,1498,0,0.0372581027
2,440,1500,0,0.0542932977
2,441,1501,0,0.0249656641
2,442,1502,0,0.0372103491
2,443,1503,0,0.0451187200
2,444,1505,0,0.0469735568
2,445,1508,0,0.0455688444
2,446,1511,0,0.0295980160
2,447,1513,0,0.0299418091
2,448,1514,0,0.0365786744
2,449,1516,0,0.0523601353
2,450,1518,0,0.0278381945
2,451,1519,0,0.0530917759
2,452,1521,0,0.0521667242
2,453,1522,0,0.0345926421
2,454,1523,0,0.0300166644
2,455,1524,0,0.0562709116
2,456,1526,0,0.0506188953
2,457,1527,0,0.0437933086
2,458,1528,0,0.0283643065
2,459,1529,0,0.0516343958
2,460,1531,0,0.0397779809
2,461,1532,0,0.0430669282
2,462,1534,0,0.0338223477
2,463,1537,0,0.0360162319
2,464,1542,0,0.0385212596
2,465,1545,0,0.0297047724
2,466,1547,0,0.0308170569
2,467,1548,0,0.0349075500
2,468,1550,0,0.0318053051
2,469,1552,0,0.0252305977
2,470,1553,0,0.0281036723
2,471,1555,0,0.0498152726
2,472,1556,0,0.0294469682
2,473,1558,0,0.0576082392
2,474,1560,0,0.0525439950
2,475,1561,0,0.0400917037
2,476,1563,0,0.0455246674
2,477,1565,0,0.0383183405
2,478,1566,0,0.0493637720
2,479,1568,0,0.0441662133
2,480,1571,0,0.0605412052
2,481,1573,0,0.0385134626
2,482,1574,0,0.0781617675
2,483,1576,0,0.0727517456
2,484,1577,0,0.0358839163
2,485,1578,0,0.0378989182
2,486,1579,0,0.0497618587
2,487,1581,0,0.0416030412
2,488,1582,0,0.0377597996
2,489,1584,0,0.0532390141
2,490,1586,0,0.0296308470
2,491,1587,0,0.0368351515
2,492,1589,0,0.0393627548
2,493,1592,0,0.0555843345
2,494,1594,0,0.0513726660
2,495,1595,0,0.0344469098
2,496,1597,0,0.0533409530
2,497,1599,0,0.0368153083
2,498,1600,0,0.0631083078
2,499,1602,0,0.0388458410
2,500,1603,0,0.0259977712
2,501,1605,0,0.0615080717
2,502,1608,0,0.0340292347
2,503,1610,0,0.0292421118
2,504,1611,0,0.0290713796
2,505,1613,0,0.0302775701
2,506,1616,0,0.0352118216
2,507,1618,0,0.0475487168
2,508,1620,0,0.0278361208
2,509,1621,0,0.0518823732
2,510,1623,0,0.0317921220
2,511,1624,0,0.0454325713
2,512,1666,0,0.0276463928
2,513,1668,0,0.0339178702
2,514,1670,0,0.0266367592
2,515,1671,0,0.0288630082
2,516,1673,0,0.0316117615
2,517,1676,0,0.0284700230
2,518,1678,0,0.0295483211
2,519,1681,0,0.0351328125
2,520,1684,0,0.0410134057
2,521,1686,0,0.0371666537
2,522,1687,0,0.0319204295
2,523,1689,0,0.0420861055
2,524,1707,0,0.0262286894
2,525,1775,0,0.0270276134
2,526,1778,0,0.0309995438
2,527,1783,0,0.0269017828
2,528,1786,0,0.0307388423
2,529,1788,0,0.0440589637
2,530,1791,0,0.0432226025
2,531,1794,0,0.0330180212
2,532,1796,0,0.0327367799
2,533,1797,0,0.0264097468
2,534,1799,0,0.0394212224
2,535,1801,0,0.0345551720
2,536,1802,0,0.0261942255
2,537,1804,0,0.0275312944
2,538,1806,0,0.0251459275
2,539,1809,0,0.0280735076
2,540,1812,0,0.0291852681
2,541,1814,0,0.0331993952
2,542,1817,0,0.0410454123
2,543,1819,0,0.0617526499
2,544,1820,0,0.0335438875
2,545,1822,0,0.0511062054
2,546,1824,0,0.0255381038
2,547,1825,0,0.0458347948
2,548,1827,0,0.0591407885
2,549,1828,0,0.0326091203
2,550,1830,0,0.0699025731
2,551,1832,0,0.0460834796
2,552,1833,0,0.0503364458
2,553,1835,0,0.0475157136
2,554,1836,0,0.0440071637
2,555,1838,0,0.0569812630
2,556,1840,0,0.0285836195
2,557,1841,0,0.0342205498
2,558,1843,0,0.0380526574
2,559,1844,0,0.0361086058
2,560,1846,0,0.0399334658
2,561,1848,0,0.0277666130
2,562,1851,0,0.0603887057
2,563,1853,0,0.0347250098
2,564,1854,0,0.0501671549
2,565,1856,0,0.0652247475
2,566,1857,0,0.0293539666
2,567,1859,0,0.0493385513
2,568,1860,0,0.0253772527
2,569,1861,0,0.0496456763
2,570,1862,0,0.0325648418
2,571,1864,0,0.0499767533
2,572,1865,0,0.0252965240
2,573,1867,0,0.0416588705
2,574,1869,0,0.0425775120
2,575,1870,0,0.0264143782
2,576,1872,0,0.0459837648
2,577,1875,0,0.0288268812
2,578,1877,0,0.0472737593
2,579,1878,0,0.0447124366
2,580,1880,0,0.0444781845
2,581,1882,0,0.0354361923
2,582,1885,0,0.0332943769
2,583,1888,0,0.0398681057
2,584,1890,0,0.0270737785
2,585,1891,0,0.0283355196
2,586,1893,0,0.0744483365
2,587,1894,0,0.0255160418
2,588,1895,0,0.0365427787
2,589,1896,0,0.0460038823
2,590,1898,0,0.0423502648
2,591,1899,0,0.0576766036
2,592,1901,0,0.0622843675
2,593,1903,0,0.0498593470
2,594,1904,0,0.0546947255
2,595,1906,0,0.0597189648
2,596,1907,0,0.0500270265
2,597,1909,0,0.0697904882
2,598,1911,0,0.0582302824
2,599,1912,0,0.0259980680
2,600,1914,0,0.0739569117
2,601,1916,0,0.0562603085
2,602,1917,0,0.0762674623
2,603,1919,0,0.0460194664
2,604,1921,0,0.0278501842
2,605,1922,0,0.0501384674
2,606,1924,0,0.0475390466
2,607,1925,0,0.0325403351
2,608,1927,0,0.0461260674
2,609,1929,0,0.0320885341
2,610,1930,0,0.0653644504
2,611,1932,0,0.0418066597
2,612,1933,0,0.0636903742
2,613,1935,0,0.0707534057
2,614,1937,0,0.0381165772
2,615,1938,0,0.0490836218
2,616,1940,0,0.0565190154
2,617,1943,0,0.0305394226
2,618,1945,0,0.0263272536
2,619,1948,0,0.0371961275
2,620,1950,0,0.0351488011
2,621,1951,0,0.0296598210
2,622,1953,0,0.0380005651
2,623,1956,0,0.0598736703
2,624,1961,0,0.0344327904
2,625,2003,0,0.0397575476
2,626,2005,0,0.0255954991
2,627,2008,0,0.0302462026
2,628,2011,0,0.0362296078
2,629,2016,0,0.0380345325
2,630,2019,0,0.0506320023
2,631,2021,0,0.0465238187
2,632,2022,0,0.0386735751
2,633,2023,0,0.0311034278
2,634,2024,0,0.0518724036
2,635,2025,0,0.0304958306
2,636,2040,0,0.0261186627
2,637,2045,0,0.0251870740
2,638,2110,0,0.0289673032
2,639,2113,0,0.0259942412
2,640,2115,0,0.0249440931
2,641,2123,0,0.0330741707
2,642,2126,0,0.0518806932
2,643,2128,0,0.0454223645
2,644,2129,0,0.0473505420
2,645,2131,0,0.0382554289
2,646,2134,0,0.0324347170
2,647,2136,0,0.0370740474
2,648,2137,0,0.0264802630
2,649,2139,0,0.0338996600
2,650,2147,0,0.0352274744
2,651,2149,0,0.0256473557
2,652,2150,0,0.0393135915
2,653,2152,0,0.0458445317
2,654,2154,0,0.0426360954
2,655,2155,0,0.0487011692
2,656,2157,0,0.0699098749
2,657,2158,0,0.0290183188
2,658,2160,0,0.0433531027
2,659,2162,0,0.0460685582
2,660,2163,0,0.0609821151
2,661,2165,0,0.0617464231
2,662,2168,0,0.0531758509
2,663,2170,0,0.0372589020
2,664,2171,0,0.0320372575
2,665,2173,0,0.0657773644
2,666,2175,0,0.0356559668
2,667,2176,0,0.0494558720
2,668,2178,0,0.0563450620
2,669,2181,0,0.0531745804
2,670,2184,0,0.0304195665
2,671,2186,0,0.0665058390
2,672,2189,0,0.0438260905
2,673,2191,0,0.0591109656
2,674,2192,0,0.0355354744
2,675,2194,0,0.0688502322
2,676,2196,0,0.0587042473
2,677,2197,0,0.0439762938
2,678,2199,0,0.0570895294
2,679,2200,0,0.0261598687
2,680,2202,0,0.0581842268
2,681,2204,0,0.0377998858
2,682,2205,0,0.0342352771
2,683,2207,0,0.0385702868
2,684,2208,0,0.0365517808
2,685,2210,0,0.0539292597
2,686,2212,0,0.0588155065
2,687,2213,0,0.0430071930
2,688,2215,0,0.0455338178
2,689,2217,0,0.0422805152
2,690,2218,0,0.0261373874
2,691,2220,0,0.0420625808
2,692,2223,0,0.0331690430
2,693,2225,0,0.0302827645
2,694,2226,0,0.0609135598
2,695,2228,0,0.0645357267
2,696,2229,0,0.0571061590
2,697,2230,0,0.0589810290
2,698,2231,0,0.0674908946
2,699,2233,0,0.0656518897
2,700,2234,0,0.0506649939
2,701,2236,0,0.0512082744
2,702,2237,0,0.0401659123
2,703,2239,0,0.0725059564
2,704,2241,0,0.0483833097
2,705,2242,0,0.0336874724
2,706,2243,0,0.0264622901
2,707,2244,0,0.0567768037
2,708,2246,0,0.0458331896
2,709,2247,0,0.0381174252
2,710,2249,0,0.0751906533
2,711,2250,0,0.0416595413
2,712,2251,0,0.0456131855
2,713,2252,0,0.0589969461
2,714,2254,0,0.0396916452
2,715,2257,0,0.0569933410
2,716,2259,0,0.0396881625
2,717,2260,0,0.0370360909
2,718,2262,0,0.0535542127
2,719,2265,0,0.0606370879
2,720,2267,0,0.0549476338
2,721,2268,0,0.0441897889
2,722,2270,0,0.0851151002
2,723,2272,0,0.0294375195
2,724,2273,0,0.0711978735
2,725,2274,0,0.0272585267
2,726,2275,0,0.0598823219
2,727,2276,0,0.0580877342
2,728,2277,0,0.0472715706
2,729,2278,0,0.0324001341
2,730,2280,0,0.0327156344
2,731,2283,0,0.0305616847
2,732,2286,0,0.0460186380
2,733,2288,0,0.0379629212
2,734,2289,0,0.0396373253
2,735,2291,0,0.0558758161
2,736,2294,0,0.0311331409
2,737,2296,0,0.0445678217
2,738,2338,0,0.0390822616
2,739,2340,0,0.0345695084
2,740,2341,0,0.0339608631
2,741,2343,0,0.0357142057
2,742,2346,0,0.0331580423
2,743,2348,0,0.0298795771
2,744,2349,0,0.0295018167
2,745,2351,0,0.0413934743
2,746,2354,0,0.0449251758
2,747,2356,0,0.0325219848
2,748,2357,0,0.0526071085
2,749,2359,0,0.0522083790
2,750,2375,0,0.0263300319
2,751,2378,0,0.0317754113
2,752,2380,0,0.0371563956
2,753,2446,0,0.0249626193
2,754,2448,0,0.0310949733
2,755,2450,0,0.0353627806
2,756,2451,0,0.0250319836
2,757,2453,0,0.0381154269
2,758,2458,0,0.0448473506
2,759,2461,0,0.0410630779
2,760,2463,0,0.0252490599
2,761,2464,0,0.0430472516
2,762,2466,0,0.0251653956
2,763,2469,0,0.0324197008
2,764,2471,0,0.0352609553
2,765,2474,0,0.0271132458
2,766,2476,0,0.0257065662
2,767,2477,0,0.0257529784
2,768,2482,0,0.0315555234
2,769,2485,0,0.0285569678
2,770,2487,0,0.0538261005
2,771,2488,0,0.0367781584
2,772,2489,0,0.0478424041
2,773,2490,0,0.0445137631
2,774,2492,0,0.0588067723
2,775,2493,0,0.0366441527
2,776,2495,0,0.0507388581
2,777,2498,0,0.0318910003
2,778,2500,0,0.0621274455
2,779,2501,0,0.0252400592
2,780,2502,0,0.0387444544
2,781,2503,0,0.0728996996
2,782,2505,0,0.0777501913
2,783,2506,0,0.0337939823
2,784,2508,0,0.0457299005
2,785,2509,0,0.0288297750
2,786,2510,0,0.0261028752
2,787,2511,0,0.0639610638
2,788,2513,0,0.0436271927
2,789,2514,0,0.0342365966
2,790,2516,0,0.0435065842
2,791,2518,0,0.0280642521
2,792,2519,0,0.0327647563
2,793,2521,0,0.0374932619
2,794,2522,0,0.0455708112
2,795,2523,0,0.0249365578
2,796,2524,0,0.0670538476
2,797,2526,0,0.0727273881
2,798,2527,0,0.0304291905
2,799,2529,0,0.0793104734
2,800,2530,0,0.0447525975
2,801,2531,0,0.0454147435
2,802,2532,0,0.0592440288
2,803,2534,0,0.0585500644
2,804,2536,0,0.0402241672
2,805,2537,0,0.0735517499
2,806,2539,0,0.0468412618
2,807,2540,0,0.0492431976
2,808,2542,0,0.0350819652
2,809,2545,0,0.0517922183
2,810,2547,0,0.0471895029
2,811,2548,0,0.0433373934
2,812,2550,0,0.0556608648
2,813,2552,0,0.0356104301
2,814,2553,0,0.0520744765
2,815,2555,0,0.0380184088
2,816,2556,0,0.0305657480
2,817,2558,0,0.0364518622
2,818,2560,0,0.0295966036
2,819,2563,0,0.0778851263
2,820,2565,0,0.0328818467
2,821,2566,0,0.0630249976
2,822,2568,0,0.0574066657
2,823,2569,0,0.0519964926
2,824,2571,0,0.0731506262
2,825,2572,0,0.0254842390
2,826,2574,0,0.0508942159
2,827,2576,0,0.0579203097
2,828,2577,0,0.0340409398
2,829,2579,0,0.0797432297
2,830,2581,0,0.0295176287
2,831,2582,0,0.0549073789
2,832,2584,0,0.0541765015
2,833,2587,0,0.0741501888
2,834,2589,0,0.0344222156
2,835,2590,0,0.0526097001
2,836,2592,0,0.0557537721
2,837,2593,0,0.0369607137
2,838,2594,0,0.0478527443
2,839,2595,0,0.0477451640
2,840,2597,0,0.0537066564
2,841,2599,0,0.0414225613
2,842,2600,0,0.0453928468
2,843,2602,0,0.0433797491
2,844,2603,0,0.0489428017
2,845,2605,0,0.0758084404
2,846,2606,0,0.0620900692
2,847,2607,0,0.0315439928
2,848,2608,0,0.0676880313
2,849,2610,0,0.0541573822
2,850,2613,0,0.0681608764
2,851,2615,0,0.0249661994
2,852,2616,0,0.0316001348
2,853,2619,0,0.0270064267
2,854,2621,0,0.0295763824
2,855,2623,0,0.0266421816
2,856,2624,0,0.0357750472
2,857,2626,0,0.0537259538
2,858,2628,0,0.0290213877
2,859,2629,0,0.0604834966
2,860,2631,0,0.0438869145
2,861,2632,0,0.0395080698
2,862,2676,0,0.0425709178
2,863,2678,0,0.0318321454
2,864,2679,0,0.0335279911
2,865,2681,0,0.0356897795
2,866,2682,0,0.0319718187
2,867,2684,0,0.0383768429
2,868,2686,0,0.0360007158
2,869,2689,0,0.0403539822
2,870,2692,0,0.0251965941
2,871,2694,0,0.0523119301
2,872,2695,0,0.0462769571
2,873,2696,0,0.0362422508
2,874,2697,0,0.0619494583
2,875,2710,0,0.0343888204
2,876,2713,0,0.0255023461
2,877,2715,0,0.0323281349
2,878,2736,0,0.0284833480
2,879,2783,0,0.0300347269
2,880,2785,0,0.0273858796
2,881,2786,0,0.0293132848
2,882,2788,0,0.0354231607
2,883,2796,0,0.0479898229
2,884,2798,0,0.0251361537
2,885,2799,0,0.0481705790
2,886,2801,0,0.0477906590
2,887,2804,0,0.0389745046
2,888,2807,0,0.0348137371
2,889,2809,0,0.0373259628
2,890,2812,0,0.0309337618
2,891,2820,0,0.0370299613
2,892,2822,0,0.0433200953
2,893,2823,0,0.0417327032
2,894,2824,0,0.0359338615
2,895,2825,0,0.0462712110
2,896,2827,0,0.0494875681
2,897,2828,0,0.0318064115
2,898,2830,0,0.0398124630
2,899,2833,0,0.0383730025
2,900,2835,0,0.0690503040
2,901,2836,0,0.0420993010
2,902,2838,0,0.0703451218
2,903,2839,0,0.0420153037
2,904,2840,0,0.0478047089
2,905,2841,0,0.0631321942
2,906,2843,0,0.0502292633
2,907,2844,0,0.0410511163
2,908,2846,0,0.0552176023
2,909,2848,0,0.0516531989
2,910,2849,0,0.0446403826
2,911,2851,0,0.0536900169
2,912,2853,0,0.0378140412
2,913,2854,0,0.0329776605
2,914,2856,0,0.0305090568
2,915,2857,0,0.0309968103
2,916,2859,0,0.0650853661
2,917,2861,0,0.0525121028
2,918,2862,0,0.0646831015
2,919,2864,0,0.0753592955
2,920,2867,0,0.0525615420
2,921,2869,0,0.0655623976
2,922,2870,0,0.0496831471
2,923,2872,0,0.0665227240
2,924,2873,0,0.0328709826
2,925,2874,0,0.0463446305
2,926,2875,0,0.0650494084
2,927,2877,0,0.0647215760
2,928,2878,0,0.0255938784
2,929,2879,0,0.0304726410
2,930,2880,0,0.0437172748
2,931,2882,0,0.0320457639
2,932,2883,0,0.0511262301
2,933,2885,0,0.0591758494
2,934,2886,0,0.0435130522
2,935,2887,0,0.0297015851
2,936,2888,0,0.0518512374
2,937,2889,0,0.0267628642
2,938,2890,0,0.0515798476
2,939,2891,0,0.0252530190
2,940,2892,0,0.0389957508
2,941,2893,0,0.0475006247
2,942,2896,0,0.0353558734
2,943,2898,0,0.0689698895
2,944,2899,0,0.0497603027
2,945,2900,0,0.0459778054
2,946,2901,0,0.0631215454
2,947,2903,0,0.0465095956
2,948,2904,0,0.0697125886
2,949,2906,0,0.0406734083
2,950,2907,0,0.0480963336
2,951,2908,0,0.0340712422
2,952,2909,0,0.0498246962
2,953,2911,0,0.0617060756
2,954,2912,0,0.0710925639
2,955,2914,0,0.0556604094
2,956,2915,0,0.0569849784
2,957,2916,0,0.0401437103
2,958,2917,0,0.0566049780
2,959,2919,0,0.0854889640
2,960,2920,0,0.0540708292
2,961,2921,0,0.0539586470
2,962,2922,0,0.0602485704
2,963,2924,0,0.0422754713
2,964,2925,0,0.0620301901
2,965,2927,0,0.0664248502
2,966,2928,0,0.0526230536
2,967,2930,0,0.0439554742
2,968,2932,0,0.0465885310
2,969,2933,0,0.0328164119
2,970,2935,0,0.0635345615
2,971,2936,0,0.0435284620
2,972,2938,0,0.0569610217
2,973,2940,0,0.0510399457
2,974,2941,0,0.0495463504
2,975,2942,0,0.0265509104
2,976,2943,0,0.0752741280
2,977,2945,0,0.0502433156
2,978,2946,0,0.0498016927
2,979,2948,0,0.0588876114
2,980,2951,0,0.0292186150
2,981,2953,0,0.0256819030
2,982,2955,0,0.0293965054
2,983,2959,0,0.0352353005
2,984,2961,0,0.0431365832
2,985,2963,0,0.0265360283
2,986,2964,0,0.0505685883
2,987,2966,0,0.0410502589
2,988,2967,0,0.0519032160
2,989,2968,0,0.0269885398
2,990,2969,0,0.0508544040
2,991,3010,0,0.0265716935
2,992,3011,0,0.0450453276
2,993,3012,0,0.0368442332
2,994,3013,0,0.0315939264
2,995,3016,0,0.0363985585
2,996,3019,0,0.0351088589
2,997,3021,0,0.0252509432
2,998,3022,0,0.0254572806
2,999,3024,0,0.0494338216
2,1000,3026,0,0.0386032104
2,1001,3027,0,0.0567335445
2,1002,3029,0,0.0624515721
2,1003,3032,0,0.0509063321
2,1004,3035,0,0.0253855986
2,1005,3048,0,0.0350007466
2,1006,3050,0,0.0508945665
2,1007,3051,0,0.0342921495
2,1008,3052,0,0.0328388976
2,1009,3053,0,0.0503283194
2,1010,3076,0,0.0265563114
2,1011,3118,0,0.0343200225
2,1012,3120,0,0.0271632775
2,1013,3121,0,0.0294881573
2,1014,3123,0,0.0261432890
2,1015,3124,0,0.0301206437
2,1016,3131,0,0.0440306203
2,1017,3133,0,0.0325698828
2,1018,3134,0,0.0564835435
2,1019,3136,0,0.0284339004
2,1020,3137,0,0.0434413302
2,1021,3139,0,0.0256876916
2,1022,3142,0,0.0399929897
2,1023,3144,0,0.0339631042
2,1024,3145,0,0.0301905998
2,1025,3147,0,0.0251202023
2,1026,3155,0,0.0310105758
2,1027,3157,0,0.0310419087
2,1028,3158,0,0.0423916056
2,1029,3160,0,0.0524580481
2,1030,3161,0,0.0339992383
2,1031,3163,0,0.0374995135
2,1032,3165,0,0.0482806890
2,1033,3167,0,0.0309016187
2,1034,3168,0,0.0440800082
2,1035,3170,0,0.0588729265
2,1036,3171,0,0.0498294971
2,1037,3173,0,0.0594369714
2,1038,3175,0,0.0469422254
2,1039,3176,0,0.0602973837
2,1040,3178,0,0.0497426008
2,1041,3179,0,0.0341839269
2,1042,3180,0,0.0297897725
2,1043,3181,0,0.0531762254
2,1044,3183,0,0.0344288451
2,1045,3184,0,0.0485810083
2,1046,3186,0,0.0451287872
2,1047,3188,0,0.0324942596
2,1048,3189,0,0.0457049361
2,1049,3191,0,0.0288232781
2,1050,3194,0,0.0696150397
2,1051,3195,0,0.0270210183
2,1052,3196,0,0.0571119681
2,1053,3197,0,0.0588201834
2,1054,3199,0,0.0742760906
2,1055,3200,0,0.0872377379
2,1056,3201,0,0.0349491276
2,1057,3202,0,0.0671835634
2,1058,3204,0,0.0642160773
2,1059,3205,0,0.0373687121
2,1060,3207,0,0.0790509504
2,1061,3208,0,0.0303320204
2,1062,3210,0,0.0614101019
2,1063,3211,0,0.0450721465
2,1064,3212,0,0.0447165316
2,1065,3213,0,0.0603274599
2,1066,3215,0,0.0460899379
2,1067,3218,0,0.0542770482
2,1068,3220,0,0.0575133915
2,1069,3221,0,0.0426161877
2,1070,3222,0,0.0517520842
2,1071,3223,0,0.0614155352
2,1072,3225,0,0.0576674065
2,1073,3226,0,0.0441304481
2,1074,3228,0,0.0449077547
2,1075,3231,0,0.0391096292
2,1076,3233,0,0.0438271371
2,1077,3234,0,0.0900140163
2,1078,3236,0,0.0931657877
2,1079,3238,0,0.0608822929
2,1080,3239,0,0.0478914036
2,1081,3241,0,0.0527172445
2,1082,3244,0,0.0516795835
2,1083,3246,0,0.0342588205
2,1084,3247,0,0.0752403346
2,1085,3249,0,0.0489623458
2,1086,3250,0,0.0328892966
2,1087,3251,0,0.0372133726
2,1088,3252,0,0.0715171091
2,1089,3254,0,0.0463107766
2,1090,3255,0,0.0481638632
2,1091,3257,0,0.0583364942
2,1092,3259,0,0.0440973708
2,1093,3260,0,0.0273669098
2,1094,3261,0,0.0355212933
2,1095,3262,0,0.0448429396
2,1096,3265,0,0.0745340261
2,1097,3267,0,0.0404760384
2,1098,3268,0,0.0510780659
2,1099,3269,0,0.0254407123
2,1100,3270,0,0.0544812241
2,1101,3273,0,0.0259759215
2,1102,3275,0,0.0299720265
2,1103,3278,0,0.0291622100
2,1104,3280,0,0.0290512092
2,1105,3281,0,0.0274323635
2,1106,3283,0,0.0521825031
2,1107,3285,0,0.0352012600
2,1108,3286,0,0.0493966328
2,1109,3318,0,0.0446973112
2,1110,3320,0,0.0508712628
2,1111,3322,0,0.0273424385
2,1112,3323,0,0.0362487511
2,1113,3325,0,0.0433802476
2,1114,3328,0,0.0420472567
2,1115,3330,0,0.0690828640
2,1116,3331,0,0.0293883618
2,1117,3333,0,0.0631197214
2,1118,3335,0,0.0384774972
2,1119,3346,0,0.0412242527
2,1120,3348,0,0.0394592979
2,1121,3349,0,0.0455028424
2,1122,3364,0,0.0368794724
2,1123,3365,0,0.0315144958
2,1124,3396,0,0.0269453427
2,1125,3398,0,0.0259058588
2,1126,3403,0,0.0326356376
2,1127,3409,0,0.0425293698
2,1128,3411,0,0.0495121950
2,1129,3412,0,0.0267353591
2,1130,3414,0,0.0259839378
2,1131,3416,0,0.0294332719
2,1132,3417,0,0.0359197735
2,1133,3419,0,0.0347816236
2,1134,3422,0,0.0263239352
2,1135,3427,0,0.0390889778
2,1136,3429,0,0.0325814459
2,1137,3430,0,0.0390278438
2,1138,3432,0,0.0560315307
2,1139,3433,0,0.0392529603
2,1140,3435,0,0.0314173031
2,1141,3438,0,0.0594675326
2,1142,3440,0,0.0670311702
2,1143,3441,0,0.0447599955
2,1144,3442,0,0.0518121750
2,1145,3443,0,0.0592229534
2,1146,3445,0,0.0648472322
2,1147,3446,0,0.0521925107
2,1148,3448,0,0.0538261919
2,1149,3450,0,0.0392234782
2,1150,3451,0,0.0468334605
2,1151,3454,0,0.0310440495
2,1152,3456,0,0.0761053610
2,1153,3458,0,0.0373579155
2,1154,3459,0,0.0632610154
2,1155,3461,0,0.0742570558
2,1156,3462,0,0.0259553334
2,1157,3463,0,0.0586968549
2,1158,3464,0,0.0835454431
2,1159,3466,0,0.0499776969
2,1160,3467,0,0.0544411859
2,1161,3468,0,0.0269511145
2,1162,3469,0,0.0771671629
2,1163,3470,0,0.0261327395
2,1164,3472,0,0.0437105819
2,1165,3474,0,0.0533979219
2,1166,3477,0,0.0534433893
2,1167,3478,0,0.0389718407
2,1168,3479,0,0.0426416893
2,1169,3482,0,0.0533638802
2,1170,3484,0,0.0326681189
2,1171,3485,0,0.0284538471
2,1172,3487,0,0.0640837984
2,1173,3488,0,0.0417371091
2,1174,3490,0,0.0855932100
2,1175,3491,0,0.0471815932
2,1176,3492,0,0.0486333424
2,1177,3493,0,0.0380038791
2,1178,3495,0,0.0491913240
2,1179,3496,0,0.0346140725
2,1180,3498,0,0.0419367412
2,1181,3500,0,0.0347841117
2,1182,3501,0,0.0469273191
2,1183,3503,0,0.0781875575
2,1184,3504,0,0.0281664017
2,1185,3505,0,0.0353891533
2,1186,3506,0,0.0490196593
2,1187,3508,0,0.0537014600
2,1188,3509,0,0.0367129480
2,1189,3511,0,0.0429649415
2,1190,3513,0,0.0275812318
2,1191,3514,0,0.0555411150
2,1192,3516,0,0.0410744457
2,1193,3517,0,0.0263216101
2,1194,3519,0,0.0775143118
2,1195,3521,0,0.0531830481
2,1196,3522,0,0.0489895655
2,1197,3524,0,0.0440567168
2,1198,3527,0,0.0299214783
2,1199,3532,0,0.0297038981
2,1200,3534,0,0.0257415814
2,1201,3535,0,0.0305096378
2,1202,3537,0,0.0426358422
2,1203,3540,0,0.0252459075
2,1204,3553,0,0.0336453255
2,1205,3570,0,0.0404613339
2,1206,3571,0,0.0450532544
2,1207,3574,0,0.0428248920
2,1208,3576,0,0.0263013882
2,1209,3577,0,0.0313374717
2,1210,3579,0,0.0595180977
2,1211,3581,0,0.0420754860
2,1212,3582,0,0.0389354563
2,1213,3584,0,0.0541833142
2,1214,3587,0,0.0668668436
2,1215,3597,0,0.0342036575
2,1216,3600,0,0.0565620281
2,1217,3602,0,0.0489243545
2,1218,3613,0,0.0264952756
2,1219,3616,0,0.0269508465
2,1220,3618,0,0.0260536618
2,1221,3652,0,0.0326114335
2,1222,3660,0,0.0418766490
2,1223,3662,0,0.0329339720
2,1224,3663,0,0.0437999728
2,1225,3665,0,0.0450026617
2,1226,3670,0,0.0340139364
2,1227,3678,0,0.0295518585
2,1228,3679,0,0.0259478712
2,1229,3681,0,0.0472954221
2,1230,3683,0,0.0465330555
2,1231,3684,0,0.0357461335
2,1232,3686,0,0.0311272734
2,1233,3688,0,0.0395398446
2,1234,3689,0,0.0289337740
2,1235,3690,0,0.0286176725
2,1236,3691,0,0.0379791503
2,1237,3692,0,0.0450404062
2,1238,3694,0,0.0759592811
2,1239,3695,0,0.0272187341
2,1240,3697,0,0.0402754432
2,1241,3699,0,0.0431438286
2,1242,3702,0,0.0353700306
2,1243,3705,0,0.0380268707
2,1244,3708,0,0.0406573953
2,1245,3709,0,0.0573883720
2,1246,3710,0,0.0612141030
2,1247,3712,0,0.0883505936
2,1248,3713,0,0.0337395489
2,1249,3715,0,0.0531259694
2,1250,3716,0,0.0275275099
2,1251,3717,0,0.0393354814
2,1252,3718,0,0.0762628322
2,1253,3720,0,0.0564127717
2,1254,3721,0,0.0469923598
2,1255,3723,0,0.0541900817
2,1256,3725,0,0.0459921592
2,1257,3726,0,0.0548375956
2,1258,3728,0,0.0566771361
2,1259,3729,0,0.0411989733
2,1260,3731,0,0.0552411850
2,1261,3732,0,0.0295914813
2,1262,3733,0,0.0336900233
2,1263,3734,0,0.0372339174
2,1264,3736,0,0.0448957038
2,1265,3738,0,0.0344523248
2,1266,3739,0,0.0743001315
2,1267,3741,0,0.0447085828
2,1268,3743,0,0.0342104181
2,1269,3744,0,0.0620120758
2,1270,3746,0,0.0311038365
2,1271,3747,0,0.0291036734
2,1272,3749,0,0.0281465935
2,1273,3750,0,0.0573297371
2,1274,3752,0,0.0520420457
2,1275,3755,0,0.0294072669
2,1276,3757,0,0.0617109451
2,1277,3759,0,0.0416512347
2,1278,3760,0,0.0255589906
2,1279,3762,0,0.0342316934
2,1280,3764,0,0.0272164049
2,1281,3765,0,0.0251435721
2,1282,3767,0,0.0251520641
2,1283,3768,0,0.0340684738
2,1284,3770,0,0.0635357059
2,1285,3771,0,0.0369667882
2,1286,3773,0,0.0337001578
2,1287,3775,0,0.0479355154
2,1288,3776,0,0.0458122580
2,1289,3786,0,0.0265573031
2,1290,3789,0,0.0358388619
2,1291,3791,0,0.0351832143
2,1292,3796,0,0.0357025202
2,1293,3797,0,0.0309680249
2,1294,3804,0,0.0257039104
2,1295,3822,0,0.0579171805
2,1296,3823,0,0.0367912728
2,1297,3825,0,0.0276695498
2,1298,3827,0,0.0267308600
2,1299,3828,0,0.0458739976
2,1300,3830,0,0.0321344862
2,1301,3833,0,0.0424890514
2,1302,3835,0,0.0653761246
2,1303,3836,0,0.0447297261
2,1304,3838,0,0.0524402138
2,1305,3839,0,0.0501372120
2,1306,3849,0,0.0446827275
2,1307,3851,0,0.0432095804
2,1308,3852,0,0.0367228154
2,1309,3854,0,0.0572054233
2,1310,3867,0,0.0367318109
2,1311,3869,0,0.0293717637
2,1312,3898,0,0.0325196292
2,1313,3899,0,0.0347586422
2,1314,3914,0,0.0425921185
2,1315,3922,0,0.0289408191
2,1316,3930,0,0.0303927534
2,1317,3932,0,0.0348660997
2,1318,3933,0,0.0251221077
2,1319,3934,0,0.0256699957
2,1320,3935,0,0.0282874012
2,1321,3937,0,0.0411033925
2,1322,3938,0,0.0421031090
2,1323,3942,0,0.0332004048
2,1324,3943,0,0.0650673758
2,1325,3945,0,0.0382280626
2,1326,3946,0,0.0342893563
2,1327,3948,0,0.0546548073
2,1328,3950,0,0.0392406559
2,1329,3951,0,0.0366252793
2,1330,3953,0,0.0386896163
2,1331,3956,0,0.0466032167
2,1332,3961,0,0.0796538214
2,1333,3962,0,0.0648720142
2,1334,3963,0,0.0505636552
2,1335,3964,0,0.0444235850
2,1336,3965,0,0.0309642128
2,1337,3966,0,0.0908431118
2,1338,3968,0,0.0780610503
2,1339,3969,0,0.0519287787
2,1340,3970,0,0.0431469066
2,1341,3972,0,0.0580178724
2,1342,3974,0,0.0783181539
2,1343,3975,0,0.0293146453
2,1344,3977,0,0.0314051767
2,1345,3979,0,0.0497211113
2,1346,3980,0,0.0700090497
2,1347,3982,0,0.0390570381
2,1348,3985,0,0.0510164890
2,1349,3987,0,0.0249817055
2,1350,3990,0,0.0315833737
2,1351,3992,0,0.0263120468
2,1352,3993,0,0.0734039145
2,1353,3995,0,0.0640816573
2,1354,4001,0,0.0436828196
2,1355,4005,0,0.0282713923
2,1356,4006,0,0.0412607463
2,1357,4011,0,0.0692532319
2,1358,4013,0,0.0491033180
2,1359,4019,0,0.0365011852
2,1360,4024,0,0.0582371298
2,1361,4029,0,0.0284330929
2,1362,4042,0,0.0366178067
2,1363,4043,0,0.0379784916
2,1364,4045,0,0.0270714240
2,1365,4048,0,0.0303597077
2,1366,4058,0,0.0338009745
2,1367,4074,0,0.0304584274
2,1368,4075,0,0.0259897230
2,1369,4076,0,0.0255820147
2,1370,4079,0,0.0473297880
2,1371,4084,0,0.0519173652
2,1372,4087,0,0.0351799084
2,1373,4089,0,0.0330462657
2,1374,4090,0,0.0812309756
2,1375,4102,0,0.0381318023
2,1376,4103,0,0.0549457945
2,1377,4105,0,0.0372472365
2,1378,4106,0,0.0256499582
2,1379,4119,0,0.0255399255
2,1380,4121,0,0.0304810116
2,1381,4147,0,0.0264716150
2,1382,4149,0,0.0284944585
2,1383,4150,0,0.0363159446
2,1384,4165,0,0.0267073686
2,1385,4168,0,0.0337411504
2,1386,4173,0,0.0273854946
2,1387,4186,0,0.0413350011
2,1388,4187,0,0.0321309224
2,1389,4197,0,0.0600073785
2,1390,4199,0,0.0574769519
2,1391,4203,0,0.0283311156
2,1392,4205,0,0.0452720032
2,1393,4210,0,0.0275385025
2,1394,4212,0,0.0297051818
2,1395,4213,0,0.0302894307
2,1396,4215,0,0.0826456123
2,1397,4216,0,0.0406766636
2,1398,4217,0,0.0379355889
2,1399,4218,0,0.0308618901
2,1400,4221,0,0.0291391342
2,1401,4223,0,0.0540464999
2,1402,4225,0,0.0252904991
2,1403,4228,0,0.0540174227
2,1404,4231,0,0.0325564428
2,1405,4233,0,0.0458007433
2,1406,4234,0,0.0400192829
2,1407,4239,0,0.0276396901
2,1408,4241,0,0.0357727341
2,1409,4242,0,0.0788498306
2,1410,4244,0,0.0811607298
2,1411,4249,0,0.0380941330
2,1412,4260,0,0.0425862868
2,1413,4262,0,0.0431054765
2,1414,4268,0,0.0402644264
2,1415,4274,0,0.0292238380
2,1416,4278,0,0.0487669339
2,1417,4280,0,0.0306618556
2,1418,4286,0,0.0254402638
2,1419,4296,0,0.0443559464
2,1420,4297,0,0.0341805888
2,1421,4298,0,0.0410765299
2,1422,4304,0,0.0273594003
2,1423,4308,0,0.0306725572
2,1424,4309,0,0.0372934485
2,1425,4310,0,0.0372991724
2,1426,4326,0,0.0302740059
2,1427,4327,0,0.0692764274
2,1428,4328,0,0.0538933925
2,1429,4333,0,0.0487441233
2,1430,4338,0,0.0846004553
2,1431,4339,0,0.0288078631
2,1432,4351,0,0.0292874823
2,1433,4354,0,0.0265664442
2,1434,4356,0,0.0533277331
2,1435,4357,0,0.0564779110
2,1436,4386,0,0.0252940315
2,1437,4388,0,0.0288884220
2,1438,4398,0,0.0270733463
2,1439,4417,0,0.0322649044
2,1440,4435,0,0.0356190956
2,1441,4440,0,0.0303164101
2,1442,4446,0,0.0374986985
2,1443,4448,0,0.0512201172
2,1444,4453,0,0.0265379713
2,1445,4454,0,0.0270798256
2,1446,4459,0,0.0256838359
2,1447,4464,0,0.0747250321
2,1448,4466,0,0.0531725531
2,1449,4470,0,0.0464742354
2,1450,4471,0,0.0305182847
2,1451,4472,0,0.0794114841
2,1452,4477,0,0.0606447545
2,1453,4478,0,0.0310547072
2,1454,4482,0,0.0696856160
2,1455,4488,0,0.0375979517
2,1456,4490,0,0.0486105585
2,1457,4497,0,0.0250555858
2,1458,4498,0,0.0502431362
2,1459,4516,0,0.0469059308
2,1460,4527,0,0.0440199101
2,1461,4529,0,0.0324527350
2,1462,4534,0,0.0280932061
2,1463,4545,0,0.0329287776
2,1464,4551,0,0.0335227565
2,1465,4553,0,0.0577716869
2,1466,4558,0,0.0253043571
2,1467,4563,0,0.0262355093
2,1468,4582,0,0.0420558312
2,1469,4587,0,0.0621899632
2,1470,4588,0,0.0386748654
2,1471,4593,0,0.0297444366
2,1472,4594,0,0.0423964267
2,1473,4595,0,0.0797893014
2,1474,4605,0,0.0524099039
2,1475,4606,0,0.0366469755
2,1476,4607,0,0.0400625304
2,1477,4611,0,0.0281788713
2,1478,4613,0,0.0329538536
2,1479,4623,0,0.0254609915
2,1480,4647,0,0.0300971218
2,1481,4653,0,0.0331186542
2,1482,4655,0,0.0385953867
2,1483,4684,0,0.0378188738
2,1484,4689,0,0.0281357219
2,1485,4702,0,0.0370864342
2,1486,4707,0,0.0296535294
2,1487,4708,0,0.0284990417
2,1488,4719,0,0.0251732010
2,1489,4720,0,0.0762383949
2,1490,4721,0,0.0624744589
2,1491,4725,0,0.0395144977
2,1492,4726,0,0.0647069974
2,1493,4733,0,0.0361514104
2,1494,4737,0,0.0291514156
2,1495,4739,0,0.0554654341
2,1496,4744,0,0.0278698106
2,1497,4747,0,0.0336214189
2,1498,4752,0,0.0308327642
2,1499,4754,0,0.0290749385
2,1500,4765,0,0.0271392744
2,1501,4770,0,0.0259943871
2,1502,4783,0,0.0318928970
2,1503,4784,0,0.0418785438
2,1504,4788,0,0.0265117905
2,1505,4801,0,0.0423334752
2,1506,4802,0,0.0507468102
2,1507,4806,0,0.0350374588
2,1508,4807,0,0.0410520878
2,1509,4812,0,0.0449822233
2,1510,4814,0,0.0353265213
2,1511,4820,0,0.0293536908
2,1512,4830,0,0.0672104545
2,1513,4831,0,0.0578201216
2,1514,4838,0,0.0273831008
2,1515,4843,0,0.0372075357
2,1516,4844,0,0.0334335600
2,1517,4854,0,0.0274167717
2,1518,4860,0,0.0339621253
2,1519,4861,0,0.0287803704
2,1520,4862,0,0.0558624152
2,1521,4867,0,0.0320934944
2,1522,4891,0,0.0260256483
2,1523,4904,0,0.0434752196
2,1524,4922,0,0.0313289379
2,1525,4933,0,0.0357137125
2,1526,4940,0,0.0251610387
2,1527,4950,0,0.0290087375
2,1528,4951,0,0.0346503818
2,1529,4969,0,0.0594680832
2,1530,4974,0,0.0595380164
2,1531,4975,0,0.0290046639
2,1532,4976,0,0.0318856752
2,1533,4980,0,0.0527398485
2,1534,4982,0,0.0357785452
2,1535,4987,0,0.0520666070
2,1536,4992,0,0.0259192023
2,1537,4993,0,0.0353549720
4,1538,92,3,0.0101820933
4,1539,97,3,0.0108551227
4,1540,139,3,0.0101514568
4,1541,210,0,0.0108348962
4,1542,212,3,0.0101723166
4,1543,221,0,0.0111513767
4,1544,226,0,0.0099992462
4,1545,251,3,0.0110783868
4,1546,275,3,0.0105315124
4,1547,435,3,0.0122220507
4,1548,450,0,0.0099692452
4,1549,474,3,0.0121557027
4,1550,477,3,0.0105053694
4,1551,492,0,0.0102703357
4,1552,500,0,0.0107246574
4,1553,509,3,0.0109589405
4,1554,547,3,0.0102309306
4,1555,550,0,0.0101781978
4,1556,552,3,0.0111748916
4,1557,553,0,0.0118700951
4,1558,558,0,0.0104883199
4,1559,560,3,0.0113861621
4,1560,561,0,0.0107778953
4,1561,565,3,0.0105163726
4,1562,571,3,0.0104850616
4,1563,573,3,0.0108023017
4,1564,574,0,0.0108005762
4,1565,589,3,0.0101154707
4,1566,663,0,0.0101223739
4,1567,783,3,0.0124050232
4,1568,809,3,0.0102575789
4,1569,825,2,0.0102280824
4,1570,825,3,0.0132672156
4,1571,831,3,0.0109065352
4,1572,832,0,0.0102779722
4,1573,846,3,0.0119652898
4,1574,849,3,0.0109079386
4,1575,854,3,0.0112236188
4,1576,856,0,0.0101437690
4,1577,864,0,0.0112475658
4,1578,882,3,0.0103484834
4,1579,883,0,0.0120866925
4,1580,885,0,0.0112265866
4,1581,887,3,0.0100997675
4,1582,890,3,0.0120513149
4,1583,891,0,0.0124269801
4,1584,895,3,0.0109978622
4,1585,900,2,0.0101384345
4,1586,900,3,0.0131564338
4,1587,908,2,0.0120040088
4,1588,908,3,0.0151472415
4,1589,914,3,0.0105650861
4,1590,916,3,0.0103998796
4,1591,917,0,0.0101262910
4,1592,924,3,0.0104546754
4,1593,925,0,0.0120041492
4,1594,929,3,0.0115105178
4,1595,932,2,0.0110605870
4,1596,932,3,0.0138672512
4,1597,947,2,0.0099749226
4,1598,947,3,0.0132009222
4,1599,963,2,0.0109536801
4,1600,963,3,0.0137278897
4,1601,995,0,0.0110288473
4,1602,1108,3,0.0112989972
4,1603,1125,0,0.0106367404
4,1604,1131,0,0.0109308760
4,1605,1147,2,0.0122055392
4,1606,1147,3,0.0157827297
4,1607,1162,0,0.0118779812
4,1608,1163,3,0.0123581311
4,1609,1170,0,0.0124974378
4,1610,1179,2,0.0104288596
4,1611,1179,3,0.0133089448
4,1612,1186,0,0.0113860082
4,1613,1187,3,0.0111184424
4,1614,1188,0,0.0116215004
4,1615,1189,0,0.0103352969
4,1616,1194,3,0.0107317562
4,1617,1196,0,0.0103929519
4,1618,1197,3,0.0110879672
4,1619,1204,0,0.0101656947
4,1620,1210,0,0.0099735774
4,1621,1212,0,0.0117582228
4,1622,1213,3,0.0099821857
4,1623,1218,0,0.0099962467
4,1624,1223,0,0.0136877434
4,1625,1225,3,0.0115106828
4,1626,1230,2,0.0113241641
4,1627,1230,3,0.0141197102
4,1628,1231,0,0.0136994059
4,1629,1233,3,0.0125963979
4,1630,1236,3,0.0117798681
4,1631,1238,2,0.0147607318
4,1632,1238,3,0.0190727071
4,1633,1241,2,0.0102973197
4,1634,1241,3,0.0135637327
4,1635,1243,3,0.0119753700
4,1636,1246,3,0.0106914638
4,1637,1247,0,0.0126693870
4,1638,1249,0,0.0117832868
4,1639,1254,3,0.0120280448
4,1640,1255,0,0.0134727316
4,1641,1264,2,0.0129805977
4,1642,1264,3,0.0170255840
4,1643,1265,0,0.0100274720
4,1644,1270,0,0.0110123114
4,1645,1273,0,0.0110586839
4,1646,1278,3,0.0110743821
4,1647,1280,3,0.0118665081
4,1648,1288,3,0.0112787295
4,1649,1298,3,0.0110607991
4,1650,1301,3,0.0113711985
4,1651,1336,0,0.0117917143
4,1652,1443,3,0.0111845504
4,1653,1448,3,0.0112516943
4,1654,1456,2,0.0105037896
4,1655,1456,3,0.0135688252
4,1656,1464,3,0.0103534374
4,1657,1471,0,0.0106263797
4,1658,1480,2,0.0108923653
4,1659,1480,3,0.0123789936
4,1660,1482,3,0.0131457115
4,1661,1490,3,0.0099739903
4,1662,1498,3,0.0109006370
4,1663,1502,0,0.0117392394
4,1664,1505,0,0.0110472827
4,1665,1513,0,0.0125408341
4,1666,1514,3,0.0102959770
4,1667,1521,0,0.0110048783
4,1668,1522,3,0.0104233598
4,1669,1526,0,0.0111638758
4,1670,1527,3,0.0114633428
4,1671,1528,0,0.0108540353
4,1672,1529,0,0.0103023834
4,1673,1531,0,0.0100324368
4,1674,1534,0,0.0132638651
4,1675,1537,0,0.0100572241
4,1676,1542,0,0.0099590447
4,1677,1545,3,0.0113094358
4,1678,1550,0,0.0106270153
4,1679,1552,0,0.0110836195
4,1680,1555,3,0.0122500257
4,1681,1556,0,0.0127017627
4,1682,1558,0,0.0103338251
4,1683,1560,3,0.0108570891
4,1684,1561,0,0.0107672320
4,1685,1563,3,0.0109623621
4,1686,1564,0,0.0105406221
4,1687,1565,2,0.0108121801
4,1688,1565,3,0.0138117778
4,1689,1566,0,0.0105749713
4,1690,1568,3,0.0123068678
4,1691,1570,3,0.0114799541
4,1692,1573,2,0.0141984958
4,1693,1573,3,0.0183706418
4,1694,1578,2,0.0140218753
4,1695,1578,3,0.0174507315
4,1696,1579,2,0.0147490707
4,1697,1579,3,0.0177203456
4,1698,1581,2,0.0153215758
4,1699,1581,3,0.0188973556
4,1700,1582,0,0.0102059897
4,1701,1586,2,0.0100079350
4,1702,1586,3,0.0120774705
4,1703,1587,0,0.0143790541
4,1704,1594,3,0.0102309877
4,1705,1595,0,0.0128853680
4,1706,1599,3,0.0131689446
4,1707,1602,2,0.0127138459
4,1708,1602,3,0.0157865029
4,1709,1611,0,0.0127133703
4,1710,1613,0,0.0113213874
4,1711,1620,2,0.0123904471
4,1712,1620,3,0.0164625708
4,1713,1666,0,0.0110268596
4,1714,1668,0,0.0122049408
4,1715,1676,0,0.0113569935
4,1716,1778,2,0.0139502790
4,1717,1778,3,0.0168550266
4,1718,1786,2,0.0101072975
4,1719,1786,3,0.0121084586
4,1720,1791,3,0.0106200710
4,1721,1797,3,0.0117705806
4,1722,1804,0,0.0120174464
4,1723,1817,3,0.0106469702
4,1724,1820,2,0.0137888937
4,1725,1820,3,0.0176910572
4,1726,1828,2,0.0104415174
4,1727,1828,3,0.0133369605
4,1728,1833,3,0.0133775789
4,1729,1835,0,0.0106876861
4,1730,1836,3,0.0121728674
4,1731,1841,3,0.0111219679
4,1732,1843,0,0.0138117907
4,1733,1844,3,0.0115965819
4,1734,1845,0,0.0106736271
4,1735,1854,3,0.0124204269
4,1736,1860,3,0.0106296983
4,1737,1861,0,0.0124344280
4,1738,1862,3,0.0101173699
4,1739,1864,3,0.0105423009
4,1740,1866,0,0.0109013652
4,1741,1867,3,0.0110677332
4,1742,1869,0,0.0144377970
4,1743,1874,0,0.0100293721
4,1744,1875,3,0.0112629204
4,1745,1877,0,0.0120537360
4,1746,1880,0,0.0100070349
4,1747,1882,0,0.0133879945
4,1748,1891,0,0.0104710579
4,1749,1894,0,0.0124295988
4,1750,1895,2,0.0119273495
4,1751,1895,3,0.0144805337
4,1752,1896,0,0.0177942922
4,1753,1898,3,0.0121974426
4,1754,1899,0,0.0118395390
4,1755,1902,0,0.0107949094
4,1756,1903,3,0.0124866436
4,1757,1904,0,0.0130645710
4,1758,1906,2,0.0108592726
4,1759,1906,3,0.0149570690
4,1760,1907,0,0.0104752360
4,1761,1908,3,0.0119813477
4,1762,1909,3,0.0118327120
4,1763,1911,2,0.0116685072
4,1764,1911,3,0.0143988846
4,1765,1913,3,0.0114687966
4,1766,1916,2,0.0128736012
4,1767,1916,3,0.0161503898
4,1768,1921,3,0.0101162391
4,1769,1922,0,0.0114052185
4,1770,1925,0,0.0110963944
4,1771,1929,2,0.0111493871
4,1772,1929,3,0.0136649443
4,1773,1930,3,0.0103486431
4,1774,1932,3,0.0130062218
4,1775,1937,2,0.0164725541
4,1776,1937,3,0.0205782016
4,1777,1940,2,0.0108308868
4,1778,1940,3,0.0137613737
4,1779,1943,0,0.0138541370
4,1780,1950,3,0.0106426698
4,1781,1951,0,0.0122826704
4,1782,1952,3,0.0122838874
4,1783,1961,2,0.0123448784
4,1784,1961,3,0.0132298701
4,1785,1974,2,0.0102436684
4,1786,2008,0,0.0102334993
4,1787,2032,0,0.0104283646
4,1788,2079,0,0.0100244914
4,1789,2110,2,0.0101187383
4,1790,2113,2,0.0109819573
4,1791,2119,3,0.0118806853
4,1792,2128,0,0.0117933990
4,1793,2129,3,0.0113591240
4,1794,2134,3,0.0108324866
4,1795,2137,3,0.0118192350
4,1796,2144,0,0.0102094410
4,1797,2150,2,0.0144694045
4,1798,2150,3,0.0148866798
4,1799,2155,2,0.0126190195
4,1800,2155,3,0.0161280295
4,1801,2158,2,0.0138952061
4,1802,2158,3,0.0172976560
4,1803,2163,3,0.0109417113
4,1804,2166,3,0.0111342592
4,1805,2168,2,0.0133622419
4,1806,2168,3,0.0164596523
4,1807,2171,3,0.0130924691
4,1808,2175,0,0.0135866741
4,1809,2176,3,0.0113866260
4,1810,2183,0,0.0110601992
4,1811,2189,3,0.0123578860
4,1812,2191,0,0.0144054868
4,1813,2192,2,0.0107722709
4,1814,2192,3,0.0139779386
4,1815,2197,3,0.0124160773
4,1816,2204,0,0.0114799127
4,1817,2205,3,0.0101144688
4,1818,2207,0,0.0131717697
4,1819,2208,3,0.0101390691
4,1820,2209,0,0.0121543216
4,1821,2213,3,0.0108668382
4,1822,2215,0,0.0127692965
4,1823,2217,0,0.0156470393
4,1824,2220,0,0.0111802205
4,1825,2223,0,0.0113420874
4,1826,2225,0,0.0141285060
4,1827,2226,0,0.0161699209
4,1828,2228,0,0.0134940798
4,1829,2229,0,0.0183196585
4,1830,2229,1,0.0101453611
4,1831,2230,3,0.0119094254
4,1832,2231,0,0.0118753287
4,1833,2233,3,0.0109758663
4,1834,2234,0,0.0167225518
4,1835,2235,3,0.0110444785
4,1836,2236,3,0.0100716963
4,1837,2237,0,0.0171763424
4,1838,2238,3,0.0109349116
4,1839,2241,2,0.0102740283
4,1840,2241,3,0.0139931547
4,1841,2242,0,0.0131992194
4,1842,2243,2,0.0133730320
4,1843,2243,3,0.0166486277
4,1844,2244,3,0.0124802761
4,1845,2246,2,0.0153063881
4,1846,2246,3,0.0195354395
4,1847,2249,2,0.0102769817
4,1848,2249,3,0.0132732827
4,1849,2250,0,0.0114790644
4,1850,2251,2,0.0189659737
4,1851,2251,3,0.0203612463
4,1852,2252,0,0.0119720223
4,1853,2254,3,0.0102068897
4,1854,2257,0,0.0110848087
4,1855,2259,3,0.0105494727
4,1856,2260,0,0.0165424285
4,1857,2267,3,0.0109980003
4,1858,2268,0,0.0157620015
4,1859,2269,3,0.0120796181
4,1860,2272,3,0.0119097363
4,1861,2275,2,0.0131827184
4,1862,2275,3,0.0136706614
4,1863,2276,0,0.0117403162
4,1864,2277,2,0.0165466282
4,1865,2277,3,0.0180054330
4,1866,2278,0,0.0103814601
4,1867,2283,0,0.0129932686
4,1868,2285,3,0.0100962986
4,1869,2291,0,0.0110194756
4,1870,2296,3,0.0106622205
4,1871,2299,0,0.0100132262
4,1872,2309,2,0.0131453768
4,1873,2309,3,0.0123566283
4,1874,2338,0,0.0130823619
4,1875,2341,0,0.0130085568
4,1876,2346,0,0.0108759884
4,1877,2349,0,0.0125020209
4,1878,2354,3,0.0112577849
4,1879,2356,2,0.0104617135
4,1880,2356,3,0.0128397235
4,1881,2362,0,0.0100911628
4,1882,2411,0,0.0101226330
4,1883,2442,2,0.0105273942
4,1884,2443,2,0.0107770638
4,1885,2445,2,0.0108747570
4,1886,2451,2,0.0164275796
4,1887,2451,3,0.0166115506
4,1888,2453,2,0.0111617595
4,1889,2453,3,0.0108085236
4,1890,2456,3,0.0101880297
4,1891,2461,2,0.0128943479
4,1892,2461,3,0.0129470393
4,1893,2464,3,0.0120543148
4,1894,2466,0,0.0116015905
4,1895,2467,3,0.0102155206
4,1896,2474,0,0.0111032808
4,1897,2476,0,0.0134472166
4,1898,2482,2,0.0116557727
4,1899,2485,2,0.0119897401
4,1900,2485,3,0.0102368937
4,1901,2488,2,0.0107260635
4,1902,2488,3,0.0120729684
4,1903,2490,2,0.0177803726
4,1904,2490,3,0.0197376113
4,1905,2493,2,0.0185596287
4,1906,2493,3,0.0204065678
4,1907,2498,2,0.0104238109
4,1908,2498,3,0.0118324528
4,1909,2500,0,0.0100481780
4,1910,2503,3,0.0107125395
4,1911,2506,2,0.0136882845
4,1912,2506,3,0.0164370558
4,1913,2508,3,0.0125286964
4,1914,2509,2,0.0118474936
4,1915,2509,3,0.0149928321
4,1916,2513,0,0.0101314856
4,1917,2514,2,0.0104755668
4,1918,2514,3,0.0123216297
4,1919,2521,0,0.0103881100
4,1920,2522,2,0.0136073892
4,1921,2522,3,0.0159725238
4,1922,2530,2,0.0124275303
4,1923,2530,3,0.0151086085
4,1924,2531,0,0.0151291170
4,1925,2533,3,0.0112167836
4,1926,2534,0,0.0108311550
4,1927,2536,0,0.0108451437
4,1928,2539,0,0.0160932516
4,1929,2540,3,0.0104099626
4,1930,2542,0,0.0110660327
4,1931,2547,0,0.0166423186
4,1932,2548,2,0.0106832529
4,1933,2548,3,0.0126537205
4,1934,2550,0,0.0107325030
4,1935,2552,0,0.0113713064
4,1936,2555,0,0.0151589675
4,1937,2556,2,0.0099883625
4,1938,2556,3,0.0108179511
4,1939,2557,0,0.0106891122
4,1940,2560,0,0.0105992966
4,1941,2563,3,0.0115090436
4,1942,2565,3,0.0130644001
4,1943,2566,0,0.0140375420
4,1944,2568,3,0.0106171768
4,1945,2569,0,0.0214693607
4,1946,2569,1,0.0112321541
4,1947,2572,0,0.0110985783
4,1948,2574,0,0.0171330208
4,1949,2576,0,0.0119764395
4,1950,2577,0,0.0178488905
4,1951,2577,1,0.0099586481
4,1952,2578,3,0.0112445404
4,1953,2581,2,0.0144564697
4,1954,2581,3,0.0182823989
4,1955,2582,0,0.0140863323
4,1956,2584,2,0.0181636148
4,1957,2584,3,0.0191543523
4,1958,2586,3,0.0103587674
4,1959,2587,2,0.0103999332
4,1960,2587,3,0.0115250449
4,1961,2589,2,0.0123087616
4,1962,2589,3,0.0139903715
4,1963,2590,0,0.0159070543
4,1964,2593,0,0.0186473691
4,1965,2593,1,0.0102871645
4,1966,2595,0,0.0128306799
4,1967,2595,1,0.0104958073
4,1968,2598,0,0.0111464847
4,1969,2599,2,0.0103851078
4,1970,2599,3,0.0114770587
4,1971,2600,0,0.0155069786
4,1972,2602,2,0.0110370211
4,1973,2602,3,0.0148492377
4,1974,2603,0,0.0120722550
4,1975,2606,0,0.0149460680
4,1976,2607,2,0.0126937036
4,1977,2607,3,0.0137880607
4,1978,2608,0,0.0113918376
4,1979,2610,2,0.0123061176
4,1980,2610,3,0.0147600696
4,1981,2613,2,0.0108402328
4,1982,2613,3,0.0128975072
4,1983,2616,0,0.0147441184
4,1984,2619,0,0.0103785155
4,1985,2623,2,0.0118940002
4,1986,2623,3,0.0123031154
4,1987,2624,0,0.0123211686
4,1988,2626,3,0.0108637767
4,1989,2628,3,0.0113670868
4,1990,2631,2,0.0149263862
4,1991,2631,3,0.0131561848
4,1992,2632,0,0.0109031653
4,1993,2647,2,0.0123856929
4,1994,2673,0,0.0104955001
4,1995,2676,0,0.0101767905
4,1996,2679,0,0.0133813151
4,1997,2681,0,0.0119039542
4,1998,2694,2,0.0117742077
4,1999,2694,3,0.0116543935
4,2000,2695,0,0.0117035332
4,2001,2702,0,0.0114155131
4,2002,2751,0,0.0102675133
4,2003,2752,0,0.0104103697
4,2004,2759,2,0.0100800929
4,2005,2767,2,0.0100973683
4,2006,2783,2,0.0137857111
4,2007,2783,3,0.0103647195
4,2008,2785,2,0.0102341290
4,2009,2786,2,0.0106607923
4,2010,2786,3,0.0113002882
4,2011,2798,0,0.0100310048
4,2012,2799,2,0.0109319225
4,2013,2799,3,0.0116411868
4,2014,2801,0,0.0130249291
4,2015,2809,0,0.0141528548
4,2016,2812,0,0.0100923180
4,2017,2814,0,0.0129260188
4,2018,2817,0,0.0126849941
4,2019,2822,0,0.0099730586
4,2020,2823,2,0.0171966443
4,2021,2823,3,0.0148088279
4,2022,2825,2,0.0172017793
4,2023,2825,3,0.0146833680
4,2024,2828,2,0.0134532066
4,2025,2828,3,0.0156281023
4,2026,2831,2,0.0135348860
4,2027,2831,3,0.0145038347
4,2028,2836,2,0.0115862580
4,2029,2836,3,0.0139085726
4,2030,2838,0,0.0118810834
4,2031,2839,2,0.0169028797
4,2032,2839,3,0.0179543384
4,2033,2840,0,0.0154557654
4,2034,2841,2,0.0107668358
4,2035,2841,3,0.0120852649
4,2036,2843,0,0.0110463410
4,2037,2844,2,0.0104406615
4,2038,2844,3,0.0147087025
4,2039,2848,0,0.0155165979
4,2040,2849,2,0.0122497333
4,2041,2849,3,0.0132784300
4,2042,2853,0,0.0119330407
4,2043,2856,0,0.0131748699
4,2044,2859,2,0.0110042154
4,2045,2859,3,0.0141974239
4,2046,2862,2,0.0121895104
4,2047,2862,3,0.0139814377
4,2048,2864,0,0.0107938381
4,2049,2867,3,0.0135154213
4,2050,2869,0,0.0113096018
4,2051,2870,2,0.0129651898
4,2052,2870,3,0.0138503282
4,2053,2872,0,0.0123328439
4,2054,2873,3,0.0107032618
4,2055,2874,0,0.0137528829
4,2056,2874,1,0.0112283520
4,2057,2877,0,0.0120442015
4,2058,2878,3,0.0101213269
4,2059,2879,0,0.0151805675
4,2060,2882,0,0.0106364793
4,2061,2883,3,0.0112088072
4,2062,2885,0,0.0109204955
4,2063,2887,0,0.0148538202
4,2064,2888,0,0.0103890526
4,2065,2890,0,0.0104451055
4,2066,2892,0,0.0123469703
4,2067,2895,0,0.0131799640
4,2068,2898,0,0.0154522019
4,2069,2899,0,0.0254265241
4,2070,2899,1,0.0137585388
4,2071,2900,2,0.0150368284
4,2072,2900,3,0.0150182676
4,2073,2901,0,0.0207010165
4,2074,2901,1,0.0112491348
4,2075,2903,3,0.0132628030
4,2076,2904,0,0.0157379971
4,2077,2904,1,0.0139687679
4,2078,2906,2,0.0123396296
4,2079,2906,3,0.0124299277
4,2080,2907,0,0.0205140832
4,2081,2907,1,0.0104893540
4,2082,2908,2,0.0141015802
4,2083,2908,3,0.0138793247
4,2084,2911,2,0.0105798272
4,2085,2911,3,0.0139904597
4,2086,2912,0,0.0119393043
4,2087,2912,1,0.0113199188
4,2088,2914,0,0.0123758093
4,2089,2915,0,0.0161814889
4,2090,2916,2,0.0225691141
4,2091,2916,3,0.0203753770
4,2092,2917,0,0.0145121531
4,2093,2918,2,0.0122546012
4,2094,2918,3,0.0133655811
4,2095,2921,2,0.0180077455
4,2096,2921,3,0.0214762071
4,2097,2922,0,0.0131811075
4,2098,2922,2,0.0170583409
4,2099,2922,3,0.0143154431
4,2100,2924,2,0.0199701393
4,2101,2924,3,0.0162051947
4,2102,2925,0,0.0135499287
4,2103,2925,2,0.0109438604
4,2104,2927,0,0.0101758853
4,2105,2928,0,0.0143280674
4,2106,2928,1,0.0119444017
4,2107,2930,0,0.0172374817
4,2108,2933,0,0.0182183663
4,2109,2936,0,0.0123807409
4,2110,2936,1,0.0100779087
4,2111,2937,3,0.0114710144
4,2112,2940,3,0.0107066377
4,2113,2941,0,0.0162458912
4,2114,2942,2,0.0114975307
4,2115,2942,3,0.0137767499
4,2116,2943,2,0.0111944511
4,2117,2943,3,0.0140375690
4,2118,2945,2,0.0152160929
4,2119,2945,3,0.0191260208
4,2120,2946,0,0.0135459429
4,2121,2948,0,0.0118748087
4,2122,2948,2,0.0166500349
4,2123,2948,3,0.0145585153
4,2124,2951,0,0.0108926312
4,2125,2954,0,0.0143097150
4,2126,2956,0,0.0156624947
4,2127,2963,2,0.0131637671
4,2128,2963,3,0.0118072312
4,2129,2964,0,0.0111132151
4,2130,2966,2,0.0101039004
4,2131,2966,3,0.0114307567
4,2132,2969,2,0.0103175600
4,2133,2969,3,0.0117396692
4,2134,2972,0,0.0111991526
4,2135,2996,2,0.0105079083
4,2136,3003,0,0.0105674468
4,2137,3003,2,0.0105397268
4,2138,3004,2,0.0113489971
4,2139,3012,0,0.0144582886
4,2140,3019,0,0.0119573601
4,2141,3026,2,0.0116806233
4,2142,3026,3,0.0122314007
4,2143,3027,0,0.0132710147
4,2144,3029,0,0.0099816628
4,2145,3035,0,0.0126806756
4,2146,3050,0,0.0112793303
4,2147,3051,0,0.0100766271
4,2148,3053,0,0.0123581375
4,2149,3090,2,0.0111370900
4,2150,3092,0,0.0109527992
4,2151,3099,2,0.0105746392
4,2152,3100,0,0.0109372951
4,2153,3124,2,0.0151847498
4,2154,3124,3,0.0117684826
4,2155,3131,0,0.0123694197
4,2156,3133,0,0.0109057180
4,2157,3137,2,0.0099636611
4,2158,3137,3,0.0124084563
4,2159,3139,0,0.0118504070
4,2160,3149,0,0.0145802966
4,2161,3155,0,0.0100684596
4,2162,3155,2,0.0163366103
4,2163,3155,3,0.0117023043
4,2164,3157,0,0.0109380907
4,2165,3157,2,0.0154010998
4,2166,3157,3,0.0111949864
4,2167,3158,2,0.0126193323
4,2168,3158,3,0.0133407214
4,2169,3160,2,0.0119040740
4,2170,3160,3,0.0120750819
4,2171,3161,2,0.0115510134
4,2172,3161,3,0.0122265800
4,2173,3163,2,0.0223363657
4,2174,3163,3,0.0190844242
4,2175,3165,0,0.0105830136
4,2176,3166,3,0.0108656900
4,2177,3168,2,0.0109204136
4,2178,3168,3,0.0126830940
4,2179,3170,0,0.0136318967
4,2180,3171,2,0.0183273156
4,2181,3171,3,0.0158560778
4,2182,3173,0,0.0120868858
4,2183,3173,2,0.0135383788
4,2184,3173,3,0.0119369219
4,2185,3175,0,0.0099702023
4,2186,3176,2,0.0136152611
4,2187,3176,3,0.0170230302
4,2188,3178,0,0.0131548824
4,2189,3179,2,0.0161499371
4,2190,3179,3,0.0157319989
4,2191,3180,0,0.0154241051
4,2192,3183,0,0.0101875977
4,2193,3184,3,0.0130445302
4,2194,3186,0,0.0108835370
4,2195,3187,2,0.0100269458
4,2196,3187,3,0.0108477494
4,2197,3188,0,0.0168662932
4,2198,3191,0,0.0103981520
4,2199,3194,0,0.0130942758
4,2200,3194,2,0.0100555426
4,2201,3196,0,0.0167486792
4,2202,3197,2,0.0166429442
4,2203,3197,3,0.0158932978
4,2204,3199,0,0.0105912537
4,2205,3200,3,0.0104680154
4,2206,3201,0,0.0102165782
4,2207,3204,0,0.0145225268
4,2208,3205,2,0.0150509388
4,2209,3205,3,0.0153881558
4,2210,3208,3,0.0108878715
4,2211,3211,2,0.0105336046
4,2212,3211,3,0.0105721213
4,2213,3212,0,0.0207261908
4,2214,3212,1,0.0109520919
4,2215,3215,0,0.0121952454
4,2216,3220,0,0.0183763033
4,2217,3221,2,0.0114319688
4,2218,3221,3,0.0111401236
4,2219,3222,0,0.0135417228
4,2220,3222,1,0.0111323931
4,2221,3225,0,0.0131065609
4,2222,3225,1,0.0106149425
4,2223,3227,0,0.0123805386
4,2224,3228,0,0.0117016794
4,2225,3233,0,0.0121241124
4,2226,3234,0,0.0129736382
4,2227,3234,1,0.0128643502
4,2228,3236,0,0.0104593781
4,2229,3236,1,0.0107132628
4,2230,3237,0,0.0136847301
4,2231,3239,0,0.0266341179
4,2232,3239,1,0.0139949608
4,2233,3240,2,0.0108531724
4,2234,3240,3,0.0136946312
4,2235,3241,3,0.0129740970
4,2236,3243,2,0.0157653718
4,2237,3243,3,0.0140823823
4,2238,3244,0,0.0119550861
4,2239,3246,2,0.0188964432
4,2240,3246,3,0.0222935641
4,2241,3249,0,0.0142780417
4,2242,3249,2,0.0151228269
4,2243,3249,3,0.0128951365
4,2244,3250,0,0.0118783398
4,2245,3251,2,0.0221696787
4,2246,3251,3,0.0173753054
4,2247,3254,2,0.0154181868
4,2248,3254,3,0.0172184899
4,2249,3255,0,0.0199483418
4,2250,3255,1,0.0099979179
4,2251,3259,3,0.0105755314
4,2252,3260,0,0.0111903219
4,2253,3264,2,0.0103097126
4,2254,3264,3,0.0127713099
4,2255,3267,2,0.0215810692
4,2256,3267,3,0.0178995954
4,2257,3268,0,0.0135964259
4,2258,3269,2,0.0105411710
4,2259,3270,2,0.0141506325
4,2260,3270,3,0.0165326249
4,2261,3272,2,0.0102006069
4,2262,3272,3,0.0106967742
4,2263,3273,0,0.0159829737
4,2264,3285,2,0.0117781572
4,2265,3286,0,0.0138620886
4,2266,3299,2,0.0111130091
4,2267,3304,0,0.0103861014
4,2268,3309,0,0.0101465083
4,2269,3315,0,0.0108433598
4,2270,3315,2,0.0107162466
4,2271,3317,0,0.0117056225
4,2272,3318,0,0.0122881664
4,2273,3320,0,0.0113967109
4,2274,3323,0,0.0144446432
4,2275,3328,0,0.0125263596
4,2276,3333,0,0.0148738684
4,2277,3341,0,0.0106456963
4,2278,3351,2,0.0105535683
4,2279,3364,0,0.0112417106
4,2280,3375,2,0.0106060741
4,2281,3377,0,0.0115164552
4,2282,3382,2,0.0107550392
4,2283,3409,2,0.0100949757
4,2284,3409,3,0.0115912055
4,2285,3411,0,0.0131916020
4,2286,3412,2,0.0113741200
4,2287,3413,0,0.0105567296
4,2288,3419,0,0.0158749882
4,2289,3424,0,0.0136064930
4,2290,3430,0,0.0112221890
4,2291,3430,2,0.0195670128
4,2292,3430,3,0.0141043104
4,2293,3433,2,0.0161155209
4,2294,3433,3,0.0173982459
4,2295,3438,2,0.0132129570
4,2296,3438,3,0.0151883776
4,2297,3441,2,0.0192138473
4,2298,3441,3,0.0163642074
4,2299,3442,0,0.0177258096
4,2300,3443,0,0.0115950391
4,2301,3446,2,0.0110453677
4,2302,3446,3,0.0144900782
4,2303,3447,0,0.0106981207
4,2304,3448,0,0.0144776470
4,2305,3450,0,0.0125532795
4,2306,3450,1,0.0103949772
4,2307,3451,3,0.0113224619
4,2308,3453,0,0.0152749539
4,2309,3459,2,0.0125409673
4,2310,3459,3,0.0125635049
4,2311,3461,0,0.0165472244
4,2312,3462,2,0.0105070219
4,2313,3462,3,0.0138884350
4,2314,3463,0,0.0131212502
4,2315,3463,1,0.0113091793
4,2316,3464,3,0.0104726793
4,2317,3466,0,0.0227318191
4,2318,3466,1,0.0117920841
4,2319,3467,2,0.0115453357
4,2320,3467,3,0.0111267190
4,2321,3468,0,0.0127496934
4,2322,3468,1,0.0102170223
4,2323,3470,3,0.0108489328
4,2324,3471,0,0.0137966140
4,2325,3474,0,0.0129563073
4,2326,3474,1,0.0109756541
4,2327,3479,0,0.0210083167
4,2328,3479,1,0.0104539186
4,2329,3482,0,0.0121961434
4,2330,3484,0,0.0172490724
4,2331,3488,0,0.0279347833
4,2332,3488,1,0.0144448848
4,2333,3490,0,0.0132638722
4,2334,3490,1,0.0132571263
4,2335,3491,0,0.0182718162
4,2336,3491,1,0.0155356811
4,2337,3493,0,0.0213855256
4,2338,3493,1,0.0107250571
4,2339,3495,2,0.0144346535
4,2340,3495,3,0.0173759662
4,2341,3496,0,0.0116998545
4,2342,3496,1,0.0099741452
4,2343,3497,2,0.0151422413
4,2344,3497,3,0.0178402302
4,2345,3498,0,0.0133691707
4,2346,3500,2,0.0189320279
4,2347,3500,3,0.0147025380
4,2348,3503,2,0.0113115764
4,2349,3503,3,0.0114075275
4,2350,3505,0,0.0114670249
4,2351,3505,2,0.0154820879
4,2352,3505,3,0.0100005493
4,2353,3506,0,0.0133350932
4,2354,3506,2,0.0121940526
4,2355,3506,3,0.0107256128
4,2356,3508,3,0.0119714913
4,2357,3509,0,0.0136837349
4,2358,3509,1,0.0111210807
4,2359,3511,0,0.0106157775
4,2360,3513,2,0.0100922539
4,2361,3513,3,0.0137872654
4,2362,3514,0,0.0104156681
4,2363,3517,0,0.0129662610
4,2364,3519,3,0.0105607763
4,2365,3521,2,0.0171602022
4,2366,3521,3,0.0203520324
4,2367,3522,0,0.0133958416
4,2368,3524,0,0.0109719771
4,2369,3524,2,0.0177433625
4,2370,3524,3,0.0134463237
4,2371,3530,0,0.0134124111
4,2372,3534,2,0.0132418124
4,2373,3534,3,0.0107575595
4,2374,3535,0,0.0105094987
4,2375,3537,2,0.0108570838
4,2376,3537,3,0.0125167438
4,2377,3540,0,0.0121989740
4,2378,3553,0,0.0118244405
4,2379,3558,0,0.0104807494
4,2380,3564,2,0.0115723962
4,2381,3566,2,0.0121881343
4,2382,3571,0,0.0106004809
4,2383,3572,0,0.0119388192
4,2384,3574,0,0.0119756588
4,2385,3577,0,0.0137437380
4,2386,3581,3,0.0110176101
4,2387,3582,0,0.0163141168
4,2388,3584,2,0.0101997349
4,2389,3587,3,0.0115503211
4,2390,3589,0,0.0125480504
4,2391,3590,0,0.0124627653
4,2392,3595,0,0.0112513941
4,2393,3600,0,0.0162641116
4,2394,3602,0,0.0103240690
4,2395,3608,0,0.0101597508
4,2396,3613,0,0.0104293476
4,2397,3618,0,0.0104019509
4,2398,3626,0,0.0122771962
4,2399,3630,2,0.0130984961
4,2400,3631,0,0.0124571076
4,2401,3632,2,0.0113591233
4,2402,3644,0,0.0100125740
4,2403,3649,2,0.0134827816
4,2404,3650,0,0.0109513013
4,2405,3655,2,0.0132981341
4,2406,3660,0,0.0135870268
4,2407,3662,0,0.0120093264
4,2408,3663,3,0.0109908494
4,2409,3673,0,0.0104952080
4,2410,3678,0,0.0113947878
4,2411,3678,2,0.0199735443
4,2412,3678,3,0.0127016054
4,2413,3679,0,0.0116566195
4,2414,3681,2,0.0130853527
4,2415,3681,3,0.0128742597
4,2416,3684,0,0.0103059219
4,2417,3684,2,0.0162507322
4,2418,3684,3,0.0123099621
4,2419,3687,2,0.0111719863
4,2420,3687,3,0.0128209879
4,2421,3689,2,0.0135856223
4,2422,3689,3,0.0149307454
4,2423,3691,0,0.0122972270
4,2424,3692,0,0.0115746373
4,2425,3692,2,0.0175661877
4,2426,3692,3,0.0131372852
4,2427,3695,2,0.0153305328
4,2428,3695,3,0.0176118707
4,2429,3696,0,0.0119827203
4,2430,3699,0,0.0107006804
4,2431,3700,2,0.0108620848
4,2432,3700,3,0.0131310720
4,2433,3702,0,0.0129576504
4,2434,3704,0,0.0165758145
4,2435,3708,2,0.0106351998
4,2436,3709,0,0.0178413436
4,2437,3709,1,0.0100545749
4,2438,3710,0,0.0148105620
4,2439,3713,2,0.0130126621
4,2440,3713,3,0.0158734394
4,2441,3715,0,0.0174689840
4,2442,3715,1,0.0103601073
4,2443,3716,2,0.0155274375
4,2444,3716,3,0.0141405208
4,2445,3717,0,0.0129844795
4,2446,3717,1,0.0103785434
4,2447,3718,3,0.0131079555
4,2448,3722,0,0.0206438697
4,2449,3722,1,0.0110682893
4,2450,3723,3,0.0102323852
4,2451,3725,0,0.0135042390
4,2452,3725,1,0.0111726280
4,2453,3727,0,0.0143078619
4,2454,3728,0,0.0164793280
4,2455,3729,3,0.0109302996
4,2456,3731,3,0.0113202831
4,2457,3733,0,0.0175423379
4,2458,3736,0,0.0122436960
4,2459,3738,2,0.0168105297
4,2460,3738,3,0.0213346045
4,2461,3739,0,0.0169857450
4,2462,3739,1,0.0162478851
4,2463,3740,2,0.0143891021
4,2464,3740,3,0.0175450088
4,2465,3742,0,0.0237794763
4,2466,3742,1,0.0118914056
4,2467,3744,3,0.0101820311
4,2468,3746,2,0.0120864489
4,2469,3746,3,0.0152753681
4,2470,3747,0,0.0123283764
4,2471,3751,3,0.0105451766
4,2472,3752,2,0.0141213460
4,2473,3752,3,0.0147672332
4,2474,3754,0,0.0121145970
4,2475,3754,2,0.0178288276
4,2476,3754,3,0.0133926850
4,2477,3760,0,0.0195075076
4,2478,3760,1,0.0099806284
4,2479,3762,3,0.0118611351
4,2480,3764,3,0.0112461574
4,2481,3765,0,0.0119177842
4,2482,3772,2,0.0164514355
4,2483,3772,3,0.0107164929
4,2484,3775,2,0.0150292717
4,2485,3775,3,0.0171146192
4,2486,3786,2,0.0100853180
4,2487,3786,3,0.0116481493
4,2488,3788,3,0.0099919130
4,2489,3789,0,0.0118126946
4,2490,3791,0,0.0113286134
4,2491,3796,0,0.0119777634
4,2492,3797,0,0.0107512303
4,2493,3807,0,0.0124488231
4,2494,3815,0,0.0100126606
4,2495,3820,2,0.0109300478
4,2496,3823,0,0.0140836132
4,2497,3823,1,0.0116478123
4,2498,3825,0,0.0140802384
4,2499,3828,0,0.0126893790
4,2500,3828,1,0.0101785838
4,2501,3831,0,0.0115364538
4,2502,3833,0,0.0100248183
4,2503,3835,2,0.0110119604
4,2504,3835,3,0.0138860272
4,2505,3836,0,0.0100428583
4,2506,3838,0,0.0152402632
4,2507,3838,2,0.0101656656
4,2508,3839,0,0.0194465857
4,2509,3839,1,0.0104544904
4,2510,3841,0,0.0104077967
4,2511,3843,0,0.0108635313
4,2512,3844,0,0.0114921680
4,2513,3849,0,0.0139124889
4,2514,3851,0,0.0102129464
4,2515,3856,0,0.0116713336
4,2516,3857,0,0.0108045089
4,2517,3867,0,0.0142578975
4,2518,3869,0,0.0126530366
4,2519,3885,0,0.0103025864
4,2520,3886,0,0.0100688220
4,2521,3899,0,0.0118657278
4,2522,3909,0,0.0102330761
4,2523,3911,0,0.0113404965
4,2524,3914,3,0.0104388941
4,2525,3921,0,0.0122103458
4,2526,3922,0,0.0099685644
4,2527,3927,0,0.0145619980
4,2528,3929,0,0.0129658596
4,2529,3930,2,0.0104557963
4,2530,3930,3,0.0106331162
4,2531,3933,0,0.0118168694
4,2532,3933,2,0.0106467348
4,2533,3935,2,0.0185990008
4,2534,3935,3,0.0125885294
4,2535,3938,2,0.0148168492
4,2536,3938,3,0.0146534009
4,2537,3940,0,0.0102949705
4,2538,3940,2,0.0139938714
4,2539,3941,2,0.0134241065
4,2540,3943,2,0.0123687525
4,2541,3943,3,0.0135488119
4,2542,3945,0,0.0127647687
4,2543,3946,2,0.0154844483
4,2544,3946,3,0.0120535060
4,2545,3948,3,0.0110603947
4,2546,3949,2,0.0107463748
4,2547,3949,3,0.0127192413
4,2548,3953,0,0.0140513248
4,2549,3954,3,0.0126429207
4,2550,3956,0,0.0107200036
4,2551,3958,0,0.0147926395
4,2552,3962,2,0.0144097593
4,2553,3962,3,0.0175981016
4,2554,3963,0,0.0166166451
4,2555,3963,1,0.0100568913
4,2556,3964,2,0.0167999907
4,2557,3964,3,0.0137290562
4,2558,3965,2,0.0130449878
4,2559,3965,3,0.0105992163
4,2560,3967,2,0.0105923003
4,2561,3967,3,0.0130057313
4,2562,3968,0,0.0109648623
4,2563,3968,1,0.0101559181
4,2564,3969,0,0.0118495160
4,2565,3971,0,0.0199867974
4,2566,3971,1,0.0102931739
4,2567,3972,2,0.0101758296
4,2568,3972,3,0.0147545326
4,2569,3973,3,0.0127883667
4,2570,3974,3,0.0105262559
4,2571,3976,0,0.0163666092
4,2572,3979,0,0.0136801473
4,2573,3979,1,0.0118263567
4,2574,3980,3,0.0104763634
4,2575,3981,0,0.0199204206
4,2576,3981,1,0.0104209941
4,2577,3982,0,0.0141288470
4,2578,3985,0,0.0102616706
4,2579,3987,0,0.0168514380
4,2580,3991,0,0.0101468290
4,2581,3993,0,0.0120567607
4,2582,3993,1,0.0118741091
4,2583,3995,3,0.0131345562
4,2584,3996,0,0.0109399515
4,2585,3998,0,0.0118686922
4,2586,4000,2,0.0140681731
4,2587,4000,3,0.0164724997
4,2588,4003,2,0.0101314427
4,2589,4005,2,0.0127601391
4,2590,4005,3,0.0139080544
4,2591,4008,2,0.0117052170
4,2592,4011,0,0.0104285945
4,2593,4013,3,0.0125488240
4,2594,4014,0,0.0113312103
4,2595,4018,3,0.0123373773
4,2596,4023,2,0.0119137858
4,2597,4023,3,0.0133635879
4,2598,4042,2,0.0103719795
4,2599,4042,3,0.0119499762
4,2600,4045,0,0.0114795253
4,2601,4051,0,0.0107188632
4,2602,4058,0,0.0159455519
4,2603,4075,0,0.0180617730
4,2604,4075,1,0.0103080123
4,2605,4077,0,0.0108727653
4,2606,4079,0,0.0133995448
4,2607,4079,1,0.0108733348
4,2608,4080,0,0.0170894149
4,2609,4082,0,0.0134417128
4,2610,4084,2,0.0101414778
4,2611,4084,3,0.0129999907
4,2612,4087,0,0.0129897856
4,2613,4089,2,0.0110820115
4,2614,4089,3,0.0129117834
4,2615,4097,0,0.0101055410
4,2616,4098,0,0.0119255873
4,2617,4100,0,0.0100787416
4,2618,4106,0,0.0133809074
4,2619,4116,0,0.0134979773
4,2620,4123,0,0.0106862375
4,2621,4134,0,0.0103552290
4,2622,4136,0,0.0108857143
4,2623,4139,0,0.0100417374
4,2624,4147,0,0.0119225646
4,2625,4165,0,0.0110029637
4,2626,4178,0,0.0119827502
4,2627,4182,0,0.0107660367
4,2628,4184,2,0.0121228956
4,2629,4186,2,0.0113299787
4,2630,4186,3,0.0104652166
4,2631,4187,2,0.0122464896
4,2632,4187,3,0.0121157961
4,2633,4189,2,0.0144432924
4,2634,4194,0,0.0099681467
4,2635,4196,0,0.0106296415
4,2636,4197,2,0.0125410761
4,2637,4197,3,0.0140712124
4,2638,4203,2,0.0127391028
4,2639,4203,3,0.0154233767
4,2640,4205,2,0.0100073804
4,2641,4205,3,0.0120805275
4,2642,4210,3,0.0103474880
4,2643,4212,0,0.0128636367
4,2644,4213,0,0.0113311663
4,2645,4213,2,0.0107895591
4,2646,4215,2,0.0108308570
4,2647,4215,3,0.0137344119
4,2648,4216,2,0.0176972809
4,2649,4216,3,0.0220471421
4,2650,4218,0,0.0120596795
4,2651,4219,2,0.0164042854
4,2652,4219,3,0.0129556213
4,2653,4220,0,0.0141991891
4,2654,4221,2,0.0133450817
4,2655,4221,3,0.0173893351
4,2656,4223,2,0.0127527215
4,2657,4223,3,0.0173358319
4,2658,4224,2,0.0117481942
4,2659,4224,3,0.0113939942
4,2660,4225,0,0.0122037273
4,2661,4228,0,0.0111645369
4,2662,4228,1,0.0101742229
4,2663,4229,3,0.0102196010
4,2664,4230,0,0.0200773808
4,2665,4230,1,0.0107978024
4,2666,4231,0,0.0132305546
4,2667,4233,0,0.0154371999
4,2668,4233,1,0.0127721986
4,2669,4234,3,0.0114766951
4,2670,4238,0,0.0139527555
4,2671,4241,0,0.0124223327
4,2672,4242,0,0.0104558271
4,2673,4242,1,0.0107449761
4,2674,4244,1,0.0101348253
4,2675,4249,3,0.0106720253
4,2676,4254,3,0.0112633325
4,2677,4260,3,0.0105920880
4,2678,4262,2,0.0117806653
4,2679,4262,3,0.0126963412
4,2680,4273,2,0.0115823110
4,2681,4273,3,0.0141459553
4,2682,4278,2,0.0128140075
4,2683,4278,3,0.0149590521
4,2684,4280,2,0.0131433352
4,2685,4280,3,0.0150418415
4,2686,4289,0,0.0125654393
4,2687,4299,0,0.0110238292
4,2688,4301,0,0.0105031305
4,2689,4312,0,0.0100867803
4,2690,4320,0,0.0105403196
4,2691,4326,0,0.0162073486
4,2692,4326,1,0.0137366826
4,2693,4327,0,0.0111835311
4,2694,4327,1,0.0105396301
4,2695,4328,0,0.0188399670
4,2696,4328,1,0.0156497675
4,2697,4329,0,0.0113412738
4,2698,4331,0,0.0126504341
4,2699,4333,0,0.0117117436
4,2700,4333,1,0.0100135254
4,2701,4334,0,0.0120475989
4,2702,4336,0,0.0159962990
4,2703,4341,0,0.0149727634
4,2704,4343,0,0.0104556786
4,2705,4344,0,0.0103228166
4,2706,4346,0,0.0111181055
4,2707,4354,0,0.0130884639
4,2708,4356,2,0.0100492696
4,2709,4356,3,0.0125671495
4,2710,4367,0,0.0135141989
4,2711,4372,0,0.0107351148
4,2712,4377,0,0.0105967057
4,2713,4393,0,0.0100268546
4,2714,4401,0,0.0100345315
4,2715,4417,2,0.0100242575
4,2716,4417,3,0.0117244899
4,2717,4432,0,0.0103914340
4,2718,4435,2,0.0108392004
4,2719,4435,3,0.0100087062
4,2720,4440,2,0.0117740959
4,2721,4440,3,0.0108861040
4,2722,4446,2,0.0135460147
4,2723,4446,3,0.0150760976
4,2724,4454,2,0.0106068406
4,2725,4454,3,0.0116227463
4,2726,4455,0,0.0109335625
4,2727,4456,0,0.0118884834
4,2728,4459,3,0.0100906283
4,2729,4464,2,0.0118335732
4,2730,4464,3,0.0141431213
4,2731,4469,0,0.0105830920
4,2732,4470,2,0.0152730831
4,2733,4470,3,0.0187467274
4,2734,4474,0,0.0117734618
4,2735,4477,0,0.0118657428
4,2736,4477,1,0.0108581383
4,2737,4478,2,0.0131835909
4,2738,4478,3,0.0175428610
4,2739,4482,0,0.0111000451
4,2740,4482,1,0.0106910410
4,2741,4483,3,0.0121394596
4,2742,4488,3,0.0104343993
4,2743,4489,0,0.0106764109
4,2744,4490,0,0.0121250172
4,2745,4490,1,0.0105430687
4,2746,4497,2,0.0113410516
4,2747,4497,3,0.0152835768
4,2748,4511,2,0.0106756204
4,2749,4511,3,0.0121366418
4,2750,4516,3,0.0114628002
4,2751,4529,2,0.0119282202
4,2752,4529,3,0.0134814910
4,2753,4545,3,0.0111247415
4,2754,4553,3,0.0099665288
4,2755,4563,0,0.0113330176
4,2756,4577,0,0.0107964032
4,2757,4582,0,0.0139454713
4,2758,4582,1,0.0117759419
4,2759,4589,2,0.0131402072
4,2760,4589,3,0.0149623194
4,2761,4594,2,0.0160439015
4,2762,4594,3,0.0188387396
4,2763,4595,2,0.0112870350
4,2764,4595,3,0.0130474560
4,2765,4605,3,0.0103147254
4,2766,4607,3,0.0109289800
4,2767,4642,0,0.0113833423
4,2768,4689,2,0.0116550482
4,2769,4689,3,0.0116922053
4,2770,4702,2,0.0109247286
4,2771,4702,3,0.0129938202
4,2772,4703,3,0.0111814760
4,2773,4708,3,0.0111910456
4,2774,4719,2,0.0159395000
4,2775,4719,3,0.0193220320
4,2776,4721,2,0.0133148396
4,2777,4721,3,0.0165069154
4,2778,4726,3,0.0112085523
4,2779,4731,3,0.0107853742
4,2780,4733,3,0.0116795508
4,2781,4737,3,0.0111886843
4,2782,4746,2,0.0130975646
4,2783,4746,3,0.0158746575
4,2784,4747,2,0.0121993849
4,2785,4747,3,0.0146928464
4,2786,4765,2,0.0103892312
4,2787,4765,3,0.0126209701
4,2788,4783,2,0.0110494912
4,2789,4783,3,0.0132331919
4,2790,4802,2,0.0107379982
4,2791,4802,3,0.0115854596
4,2792,4812,3,0.0112455687
4,2793,4814,0,0.0114916570
4,2794,4825,0,0.0120970074
4,2795,4826,0,0.0127565502
4,2796,4830,3,0.0120133136
4,2797,4831,0,0.0200856744
4,2798,4831,1,0.0171846609
4,2799,4832,3,0.0122807998
4,2800,4838,3,0.0106646650
4,2801,4843,2,0.0157635499
4,2802,4843,3,0.0175369021
4,2803,4849,0,0.0114754494
4,2804,4861,2,0.0106341335
4,2805,4861,3,0.0134335907
4,2806,4896,0,0.0103914537
4,2807,4904,0,0.0126961263
4,2808,4904,1,0.0108603679
4,2809,4909,3,0.0102779725
4,2810,4951,2,0.0105061003
4,2811,4951,3,0.0126314605
4,2812,4969,2,0.0118277842
4,2813,4969,3,0.0142998503
4,2814,4970,2,0.0120302706
4,2815,4970,3,0.0144372967
4,2816,4975,2,0.0145016588
4,2817,4975,3,0.0162195889
4,2818,4987,0,0.0110184205
4,2819,4988,3,0.0103627680
4,2820,4992,0,0.0103682763
8,2821,128,5,0.0056043733
8,2822,189,5,0.0060570993
8,2823,202,5,0.0064878500
8,2824,205,5,0.0056452362
8,2825,212,5,0.0062759979
8,2826,218,4,0.0054509788
8,2827,218,5,0.0067359764
8,2828,220,4,0.0054901592
8,2829,220,5,0.0066583203
8,2830,228,5,0.0063479343
8,2831,244,5,0.0060064114
8,2832,267,5,0.0055931474
8,2833,317,5,0.0054418834
8,2834,322,5,0.0056631636
8,2835,356,5,0.0055388910
8,2836,453,5,0.0061769271
8,2837,461,5,0.0056287724
8,2838,490,5,0.0066532334
8,2839,516,5,0.0058879817
8,2840,524,5,0.0058187823
8,2841,532,5,0.0056668517
8,2842,540,5,0.0060063895
8,2843,550,5,0.0064865456
8,2844,558,5,0.0055506024
8,2845,560,5,0.0056934487
8,2846,576,4,0.0056567428
8,2847,576,5,0.0070220288
8,2848,584,5,0.0067052107
8,2849,599,5,0.0062037400
8,2850,652,1,0.0057142806
8,2851,655,1,0.0055391332
8,2852,657,1,0.0056731886
8,2853,657,5,0.0056856353
8,2854,673,5,0.0061962334
8,2855,686,5,0.0065092190
8,2856,728,5,0.0059688163
8,2857,735,5,0.0054768459
8,2858,736,5,0.0061409092
8,2859,744,5,0.0056386352
8,2860,762,5,0.0056577654
8,2861,799,1,0.0054878307
8,2862,799,5,0.0065845233
8,2863,838,4,0.0055581889
8,2864,838,5,0.0069678440
8,2865,841,5,0.0057161805
8,2866,864,5,0.0063624083
8,2867,872,4,0.0055287712
8,2868,872,5,0.0068197149
8,2869,882,4,0.0054484164
8,2870,882,5,0.0070010411
8,2871,885,5,0.0054958602
8,2872,893,4,0.0056455272
8,2873,893,5,0.0071255663
8,2874,898,5,0.0066662676
8,2875,914,5,0.0056942750
8,2876,917,4,0.0058779817
8,2877,917,5,0.0074759060
8,2878,922,5,0.0062823470
8,2879,924,5,0.0064212740
8,2880,940,5,0.0059004704
8,2881,979,5,0.0058588456
8,2882,987,5,0.0060026668
8,2883,992,1,0.0060922666
8,2884,997,4,0.0054873683
8,2885,997,5,0.0069688023
8,2886,1003,5,0.0062525308
8,2887,1018,1,0.0055035919
8,2888,1018,5,0.0059564215
8,2889,1021,1,0.0056500334
8,2890,1021,4,0.0054455618
8,2891,1021,5,0.0069418482
8,2892,1026,5,0.0057174937
8,2893,1029,5,0.0067754405
8,2894,1074,1,0.0057061057
8,2895,1076,5,0.0068183263
8,2896,1079,1,0.0056663174
8,2897,1082,5,0.0061235446
8,2898,1084,1,0.0054337323
8,2899,1084,5,0.0061628826
8,2900,1123,5,0.0067170677
8,2901,1131,5,0.0066716308
8,2902,1165,5,0.0068126700
8,2903,1170,5,0.0057185900
8,2904,1173,5,0.0068796420
8,2905,1187,5,0.0058079944
8,2906,1194,5,0.0056590377
8,2907,1196,4,0.0058928177
8,2908,1196,5,0.0075786806
8,2909,1202,5,0.0064870805
8,2910,1210,1,0.0055082333
8,2911,1210,4,0.0056246682
8,2912,1210,5,0.0071552112
8,2913,1225,5,0.0064192370
8,2914,1246,5,0.0063029690
8,2915,1249,4,0.0054398885
8,2916,1249,5,0.0073492940
8,2917,1255,5,0.0062208332
8,2918,1257,5,0.0072793834
8,2919,1270,5,0.0072495508
8,2920,1273,5,0.0058098654
8,2921,1281,5,0.0067253649
8,2922,1296,5,0.0055437845
8,2923,1314,1,0.0058098282
8,2924,1317,1,0.0058826200
8,2925,1322,1,0.0067622303
8,2926,1322,5,0.0057379779
8,2927,1327,1,0.0054513806
8,2928,1327,5,0.0064619484
8,2929,1328,1,0.0066946007
8,2930,1328,5,0.0055382268
8,2931,1335,5,0.0057103079
8,2932,1336,5,0.0062118018
8,2933,1343,5,0.0054854938
8,2934,1357,1,0.0054856591
8,2935,1359,1,0.0061864496
8,2936,1359,5,0.0063727731
8,2937,1361,1,0.0055430359
8,2938,1377,5,0.0067040876
8,2939,1398,5,0.0061845563
8,2940,1401,5,0.0068550182
8,2941,1406,1,0.0056351909
8,2942,1406,5,0.0060466150
8,2943,1408,5,0.0059252728
8,2944,1411,1,0.0056036004
8,2945,1414,5,0.0065158729
8,2946,1416,1,0.0057772601
8,2947,1416,5,0.0067992694
8,2948,1417,5,0.0056176107
8,2949,1419,1,0.0057327324
8,2950,1422,5,0.0062934027
8,2951,1424,5,0.0054812994
8,2952,1435,1,0.0064155835
8,2953,1435,4,0.0060487422
8,2954,1435,5,0.0065888518
8,2955,1437,1,0.0059560698
8,2956,1437,4,0.0062358432
8,2957,1437,5,0.0066970021
8,2958,1471,5,0.0069399817
8,2959,1474,1,0.0059064940
8,2960,1477,1,0.0062629161
8,2961,1477,4,0.0055189289
8,2962,1477,5,0.0062248076
8,2963,1503,5,0.0060696210
8,2964,1511,5,0.0064738919
8,2965,1513,5,0.0071335454
8,2966,1519,5,0.0059390884
8,2967,1527,5,0.0059702611
8,2968,1529,5,0.0058048192
8,2969,1534,5,0.0064921581
8,2970,1537,5,0.0072848448
8,2971,1542,4,0.0055902982
8,2972,1542,5,0.0072709951
8,2973,1550,1,0.0059410050
8,2974,1550,4,0.0055343614
8,2975,1550,5,0.0073523142
8,2976,1553,1,0.0054797211
8,2977,1553,5,0.0061880693
8,2978,1555,5,0.0065321078
8,2979,1563,5,0.0066704325
8,2980,1571,5,0.0058012319
8,2981,1587,5,0.0055399604
8,2982,1589,5,0.0071460948
8,2983,1594,5,0.0065188675
8,2984,1597,5,0.0070455715
8,2985,1610,5,0.0063499492
8,2986,1611,5,0.0066303856
8,2987,1613,5,0.0074921428
8,2988,1626,5,0.0059470163
8,2989,1652,1,0.0057380979
8,2990,1652,5,0.0061453888
8,2991,1658,0,0.0054788848
8,2992,1658,1,0.0064013072
8,2993,1660,0,0.0054405771
8,2994,1660,1,0.0065646159
8,2995,1660,5,0.0072501310
8,2996,1662,1,0.0064991714
8,2997,1663,1,0.0068470297
8,2998,1663,5,0.0056232217
8,2999,1665,1,0.0076418131
8,3000,1665,4,0.0056092102
8,3001,1665,5,0.0065474749
8,3002,1668,5,0.0070070534
8,3003,1676,5,0.0057821189
8,3004,1691,1,0.0056972468
8,3005,1694,1,0.0060024761
8,3006,1697,1,0.0056033719
8,3007,1699,5,0.0061894214
8,3008,1710,1,0.0057722953
8,3009,1710,4,0.0056667789
8,3010,1710,5,0.0064651264
8,3011,1712,4,0.0054881488
8,3012,1712,5,0.0061397451
8,3013,1715,5,0.0054874978
8,3014,1741,5,0.0057169429
8,3015,1744,1,0.0055147850
8,3016,1746,5,0.0076689062
8,3017,1749,1,0.0060086114
8,3018,1749,5,0.0071713769
8,3019,1750,1,0.0057581008
8,3020,1751,1,0.0060365494
8,3021,1751,4,0.0055533358
8,3022,1751,5,0.0059595774
8,3023,1752,1,0.0065042343
8,3024,1754,1,0.0061585969
8,3025,1754,5,0.0070440382
8,3026,1757,1,0.0058056678
8,3027,1757,5,0.0070603638
8,3028,1760,1,0.0059867870
8,3029,1770,5,0.0063698060
8,3030,1772,1,0.0057216352
8,3031,1775,1,0.0064427693
8,3032,1794,5,0.0061452656
8,3033,1796,5,0.0071784810
8,3034,1802,5,0.0061831463
8,3035,1804,5,0.0073009098
8,3036,1817,1,0.0056167656
8,3037,1817,5,0.0057476562
8,3038,1835,5,0.0060618527
8,3039,1843,5,0.0064869774
8,3040,1844,5,0.0054730365
8,3041,1859,5,0.0068706594
8,3042,1867,5,0.0063533058
8,3043,1869,5,0.0055101478
8,3044,1877,5,0.0057057538
8,3045,1882,5,0.0075522651
8,3046,1885,5,0.0068155313
8,3047,1904,5,0.0063827080
8,3048,1914,1,0.0066890756
8,3049,1917,1,0.0072805738
8,3050,1919,5,0.0067899481
8,3051,1927,5,0.0065155892
8,3052,1943,5,0.0067976737
8,3053,1953,5,0.0062187723
8,3054,1969,5,0.0055560222
8,3055,1987,1,0.0080642302
8,3056,1988,1,0.0054870484
8,3057,1989,1,0.0080127686
8,3058,1995,1,0.0086873840
8,3059,1995,4,0.0055513849
8,3060,1995,5,0.0061771772
8,3061,1997,1,0.0071983513
8,3062,1998,0,0.0065545039
8,3063,1998,1,0.0065782415
8,3064,2000,0,0.0065198082
8,3065,2000,1,0.0066479214
8,3066,2000,5,0.0077195664
8,3067,2001,0,0.0059820768
8,3068,2001,1,0.0059739910
8,3069,2008,5,0.0068329016
8,3070,2016,5,0.0068048205
8,3071,2027,1,0.0066133279
8,3072,2032,0,0.0054519580
8,3073,2032,1,0.0056315292
8,3074,2032,5,0.0074350909
8,3075,2053,5,0.0057373310
8,3076,2071,5,0.0068707592
8,3077,2078,2,0.0054587762
8,3078,2079,1,0.0055666405
8,3079,2079,5,0.0068745189
8,3080,2081,5,0.0058654668
8,3081,2082,1,0.0071708818
8,3082,2082,4,0.0059461179
8,3083,2082,5,0.0065378430
8,3084,2084,1,0.0071473033
8,3085,2084,5,0.0060554013
8,3086,2085,1,0.0062940596
8,3087,2085,4,0.0057345115
8,3088,2085,5,0.0061984235
8,3089,2087,1,0.0057412888
8,3090,2087,5,0.0072264758
8,3091,2089,0,0.0056514682
8,3092,2089,1,0.0058978059
8,3093,2089,5,0.0069686406
8,3094,2090,1,0.0068317395
8,3095,2092,1,0.0075954937
8,3096,2092,5,0.0058533033
8,3097,2107,1,0.0062921220
8,3098,2108,1,0.0074573876
8,3099,2108,4,0.0057326063
8,3100,2108,5,0.0067991893
8,3101,2113,5,0.0063648883
8,3102,2136,5,0.0057940209
8,3103,2144,5,0.0066475953
8,3104,2147,1,0.0083228850
8,3105,2147,4,0.0068172882
8,3106,2147,5,0.0075463087
8,3107,2149,1,0.0061044049
8,3108,2157,1,0.0058482292
8,3109,2184,5,0.0058382360
8,3110,2199,5,0.0063707482
8,3111,2207,5,0.0078283133
8,3112,2208,5,0.0056434946
8,3113,2215,5,0.0076560190
8,3114,2217,5,0.0061486147
8,3115,2223,5,0.0073892814
8,3116,2225,5,0.0059569703
8,3117,2228,5,0.0063483151
8,3118,2234,5,0.0060036892
8,3119,2283,5,0.0068298672
8,3120,2296,1,0.0055070548
8,3121,2299,5,0.0066955175
8,3122,2322,5,0.0054982566
8,3123,2325,5,0.0063097760
8,3124,2327,1,0.0067128096
8,3125,2330,0,0.0062340200
8,3126,2330,1,0.0060939228
8,3127,2330,5,0.0073588858
8,3128,2333,0,0.0060225134
8,3129,2333,1,0.0057102409
8,3130,2335,1,0.0089013258
8,3131,2335,4,0.0063679198
8,3132,2335,5,0.0071205264
8,3133,2336,1,0.0071717780
8,3134,2336,5,0.0057157837
8,3135,2337,1,0.0081632724
8,3136,2338,5,0.0066321529
8,3137,2346,5,0.0070721364
8,3138,2349,5,0.0064041252
8,3139,2362,5,0.0062139867
8,3140,2364,0,0.0057103032
8,3141,2364,5,0.0057606339
8,3142,2367,1,0.0059420064
8,3143,2372,5,0.0060052175
8,3144,2382,1,0.0057340612
8,3145,2382,5,0.0055262089
8,3146,2383,1,0.0058569465
8,3147,2385,1,0.0065453956
8,3148,2385,4,0.0066674772
8,3149,2385,5,0.0073886576
8,3150,2388,5,0.0063765465
8,3151,2406,1,0.0058105107
8,3152,2411,5,0.0059419053
8,3153,2414,1,0.0070018808
8,3154,2414,5,0.0058758083
8,3155,2416,1,0.0072092577
8,3156,2419,5,0.0068246356
8,3157,2422,1,0.0078521522
8,3158,2422,5,0.0059887633
8,3159,2425,1,0.0074567228
8,3160,2427,0,0.0057096863
8,3161,2429,0,0.0054900666
8,3162,2430,1,0.0068017300
8,3163,2432,1,0.0068202496
8,3164,2433,1,0.0065048926
8,3165,2442,0,0.0058776504
8,3166,2442,1,0.0056018035
8,3167,2443,0,0.0060039685
8,3168,2443,1,0.0057635974
8,3169,2445,0,0.0059417399
8,3170,2445,1,0.0056562121
8,3171,2446,1,0.0085797419
8,3172,2446,4,0.0060607466
8,3173,2446,5,0.0070157757
8,3174,2448,1,0.0088464597
8,3175,2448,4,0.0061798324
8,3176,2448,5,0.0069753236
8,3177,2469,5,0.0061979808
8,3178,2474,5,0.0064733543
8,3179,2476,5,0.0064420789
8,3180,2479,1,0.0054698122
8,3181,2482,2,0.0057407169
8,3182,2485,5,0.0064650933
8,3183,2487,1,0.0086169626
8,3184,2488,1,0.0066736647
8,3185,2488,4,0.0059252227
8,3186,2488,5,0.0068464712
8,3187,2489,1,0.0075717229
8,3188,2516,5,0.0057874508
8,3189,2532,5,0.0060034240
8,3190,2539,5,0.0058147709
8,3191,2555,5,0.0071700461
8,3192,2566,5,0.0055464529
8,3193,2587,1,0.0087029098
8,3194,2589,5,0.0056888493
8,3195,2590,5,0.0055523115
8,3196,2610,5,0.0064040549
8,3197,2613,1,0.0066883326
8,3198,2614,2,0.0060546052
8,3199,2616,5,0.0056271848
8,3200,2658,1,0.0056192561
8,3201,2660,1,0.0084831854
8,3202,2665,2,0.0054687490
8,3203,2667,1,0.0072897034
8,3204,2668,1,0.0073650367
8,3205,2668,4,0.0056995238
8,3206,2668,5,0.0062802204
8,3207,2670,5,0.0055106804
8,3208,2673,0,0.0055170509
8,3209,2673,5,0.0058332141
8,3210,2679,5,0.0055192365
8,3211,2681,5,0.0056573932
8,3212,2699,1,0.0061992109
8,3213,2699,5,0.0058259474
8,3214,2702,5,0.0058070424
8,3215,2718,5,0.0060626557
8,3216,2723,5,0.0060257153
8,3217,2751,5,0.0061206568
8,3218,2753,2,0.0055093738
8,3219,2754,1,0.0083823145
8,3220,2754,5,0.0063285294
8,3221,2755,1,0.0076457691
8,3222,2755,4,0.0061445304
8,3223,2755,5,0.0067086063
8,3224,2756,1,0.0061427015
8,3225,2757,1,0.0091520042
8,3226,2757,4,0.0067635520
8,3227,2757,5,0.0077005947
8,3228,2760,5,0.0056728473
8,3229,2762,1,0.0064342601
8,3230,2763,1,0.0063735778
8,3231,2765,1,0.0086721122
8,3232,2765,5,0.0059596087
8,3233,2778,0,0.0057622268
8,3234,2778,1,0.0103139594
8,3235,2778,4,0.0083212885
8,3236,2778,5,0.0093445752
8,3237,2781,1,0.0075683352
8,3238,2786,1,0.0063408004
8,3239,2814,5,0.0061590715
8,3240,2817,5,0.0061193487
8,3241,2820,0,0.0057634072
8,3242,2820,1,0.0101903487
8,3243,2820,4,0.0061046769
8,3244,2820,5,0.0069534988
8,3245,2822,2,0.0057124509
8,3246,2835,1,0.0058059926
8,3247,2856,5,0.0059203839
8,3248,2888,5,0.0054838335
8,3249,2919,0,0.0054528368
8,3250,2919,1,0.0097842701
8,3251,2921,1,0.0065673553
8,3252,2921,4,0.0055237177
8,3253,2921,5,0.0066658597
8,3254,2943,1,0.0060980603
8,3255,2946,2,0.0056553427
8,3256,2951,1,0.0059316507
8,3257,2966,5,0.0058191714
8,3258,2967,1,0.0055472122
8,3259,2969,1,0.0058835990
8,3260,2984,1,0.0055008659
8,3261,2992,1,0.0066472375
8,3262,2998,1,0.0055856847
8,3263,3000,1,0.0080802383
8,3264,3005,2,0.0057315886
8,3265,3006,1,0.0091875394
8,3266,3006,4,0.0075485869
8,3267,3006,5,0.0083429837
8,3268,3008,1,0.0099942380
8,3269,3008,4,0.0065860273
8,3270,3008,5,0.0075537329
8,3271,3009,1,0.0088084224
8,3272,3009,4,0.0072845503
8,3273,3009,5,0.0079909789
8,3274,3040,1,0.0070709950
8,3275,3055,1,0.0066470178
8,3276,3055,5,0.0057766556
8,3277,3056,1,0.0071216037
8,3278,3056,4,0.0069377280
8,3279,3056,5,0.0079371250
8,3280,3079,1,0.0063114412
8,3281,3081,1,0.0055814973
8,3282,3086,1,0.0061956178
8,3283,3087,1,0.0080065974
8,3284,3087,4,0.0063031275
8,3285,3087,5,0.0069026093
8,3286,3089,1,0.0079995693
8,3287,3094,1,0.0059775311
8,3288,3094,5,0.0057311644
8,3289,3095,1,0.0085069421
8,3290,3095,4,0.0055863863
8,3291,3095,5,0.0062874076
8,3292,3097,1,0.0067960616
8,3293,3097,5,0.0057417467
8,3294,3103,1,0.0072793672
8,3295,3105,1,0.0067835492
8,3296,3118,1,0.0090214270
8,3297,3118,4,0.0061345834
8,3298,3118,5,0.0069298284
8,3299,3119,1,0.0073864684
8,3300,3120,1,0.0063019339
8,3301,3121,1,0.0097529654
8,3302,3121,4,0.0078408868
8,3303,3121,5,0.0090131784
8,3304,3146,2,0.0060372602
8,3305,3150,1,0.0064191922
8,3306,3150,4,0.0063939292
8,3307,3150,5,0.0068487476
8,3308,3152,1,0.0067951340
8,3309,3152,5,0.0064030571
8,3310,3155,2,0.0055254131
8,3311,3157,2,0.0060737918
8,3312,3158,1,0.0093149674
8,3313,3158,4,0.0076199432
8,3314,3158,5,0.0086163707
8,3315,3160,0,0.0056095963
8,3316,3160,1,0.0103138654
8,3317,3160,4,0.0070189021
8,3318,3160,5,0.0081272770
8,3319,3161,1,0.0080944762
8,3320,3161,4,0.0065260780
8,3321,3161,5,0.0074560498
8,3322,3231,1,0.0055871500
8,3323,3231,5,0.0058047487
8,3324,3233,1,0.0063071865
8,3325,3252,1,0.0081773546
8,3326,3254,1,0.0071591544
8,3327,3254,4,0.0073597446
8,3328,3254,5,0.0086530026
8,3329,3270,1,0.0060563031
8,3330,3270,4,0.0066536157
8,3331,3270,5,0.0080928888
8,3332,3289,5,0.0066047135
8,3333,3306,1,0.0076628777
8,3334,3312,1,0.0078501467
8,3335,3312,4,0.0064096192
8,3336,3312,5,0.0070799646
8,3337,3314,1,0.0091129908
8,3338,3317,2,0.0055147416
8,3339,3318,1,0.0057835416
8,3340,3336,1,0.0067192845
8,3341,3338,1,0.0084453269
8,3342,3338,5,0.0059142780
8,3343,3354,1,0.0058077416
8,3344,3354,5,0.0054347897
8,3345,3372,1,0.0057977421
8,3346,3374,1,0.0059202885
8,3347,3378,1,0.0085582290
8,3348,3378,4,0.0073635030
8,3349,3378,5,0.0081346884
8,3350,3380,1,0.0096730789
8,3351,3380,4,0.0069805940
8,3352,3380,5,0.0081457938
8,3353,3383,2,0.0058394947
8,3354,3385,1,0.0074691121
8,3355,3386,1,0.0083647802
8,3356,3396,0,0.0058294758
8,3357,3396,1,0.0100832623
8,3358,3396,4,0.0083630183
8,3359,3396,5,0.0094706350
8,3360,3398,1,0.0087732630
8,3361,3398,5,0.0059412192
8,3362,3403,1,0.0058208735
8,3363,3404,1,0.0070556548
8,3364,3404,5,0.0059640917
8,3365,3422,1,0.0057356909
8,3366,3422,4,0.0054536474
8,3367,3422,5,0.0063661003
8,3368,3427,0,0.0061832306
8,3369,3427,1,0.0107971797
8,3370,3427,4,0.0063106295
8,3371,3427,5,0.0072318981
8,3372,3429,2,0.0056521993
8,3373,3432,1,0.0064205845
8,3374,3433,1,0.0072498910
8,3375,3433,4,0.0056660368
8,3376,3433,5,0.0064745673
8,3377,3438,1,0.0057719468
8,3378,3438,5,0.0055075566
8,3379,3440,1,0.0058945271
8,3380,3456,1,0.0059094159
8,3381,3482,1,0.0059542889
8,3382,3503,0,0.0055892805
8,3383,3503,1,0.0103816335
8,3384,3519,1,0.0083839373
8,3385,3521,1,0.0068507629
8,3386,3521,5,0.0055845571
8,3387,3522,2,0.0055989406
8,3388,3525,1,0.0058753012
8,3389,3527,1,0.0072414372
8,3390,3527,4,0.0055858310
8,3391,3527,5,0.0065243408
8,3392,3537,5,0.0062355772
8,3393,3555,1,0.0069468974
8,3394,3560,2,0.0058221421
8,3395,3561,1,0.0068820687
8,3396,3561,5,0.0060057638
8,3397,3563,1,0.0071972772
8,3398,3568,1,0.0072412310
8,3399,3569,1,0.0073906809
8,3400,3569,5,0.0055315566
8,3401,3574,1,0.0059628747
8,3402,3590,2,0.0054406889
8,3403,3592,1,0.0066923564
8,3404,3593,1,0.0056751945
8,3405,3603,5,0.0059124439
8,3406,3605,1,0.0082758531
8,3407,3605,4,0.0085129924
8,3408,3605,5,0.0096280137
8,3409,3606,2,0.0054935325
8,3410,3608,2,0.0065475484
8,3411,3623,1,0.0063501881
8,3412,3628,1,0.0080235472
8,3413,3629,1,0.0076755224
8,3414,3629,4,0.0058891906
8,3415,3629,5,0.0065752571
8,3416,3631,2,0.0054681825
8,3417,3634,1,0.0085332729
8,3418,3634,4,0.0060290672
8,3419,3634,5,0.0067618017
8,3420,3639,1,0.0054725121
8,3421,3640,1,0.0077796185
8,3422,3650,2,0.0057753306
8,3423,3652,1,0.0092855985
8,3424,3652,4,0.0074093692
8,3425,3652,5,0.0084679197
8,3426,3653,1,0.0081389178
8,3427,3653,4,0.0057696990
8,3428,3653,5,0.0066162207
8,3429,3676,1,0.0076186283
8,3430,3676,4,0.0076602178
8,3431,3676,5,0.0086389646
8,3432,3678,2,0.0065763950
8,3433,3681,0,0.0057497988
8,3434,3681,1,0.0108395764
8,3435,3681,4,0.0086798122
8,3436,3681,5,0.0098706100
8,3437,3682,1,0.0065319617
8,3438,3683,1,0.0085322059
8,3439,3686,2,0.0054944278
8,3440,3689,1,0.0066054566
8,3441,3705,4,0.0058627547
8,3442,3705,5,0.0068849193
8,3443,3736,1,0.0071202858
8,3444,3736,5,0.0057725232
8,3445,3752,1,0.0084114905
8,3446,3752,5,0.0068071651
8,3447,3757,1,0.0072899049
8,3448,3762,5,0.0055506697
8,3449,3770,1,0.0054657607
8,3450,3775,1,0.0076604862
8,3451,3775,4,0.0068889109
8,3452,3775,5,0.0081364998
8,3453,3781,5,0.0057285137
8,3454,3794,4,0.0066190345
8,3455,3794,5,0.0080600787
8,3456,3812,1,0.0063864731
8,3457,3812,4,0.0067767925
8,3458,3812,5,0.0073863322
8,3459,3815,6,0.0060319877
8,3460,3817,1,0.0094126122
8,3461,3817,4,0.0079772117
8,3462,3817,5,0.0088993202
8,3463,3818,1,0.0057771250
8,3464,3826,2,0.0069852561
8,3465,3841,1,0.0090395384
8,3466,3841,4,0.0060590960
8,3467,3841,5,0.0070318461
8,3468,3844,2,0.0055787261
8,3469,3857,2,0.0064178006
8,3470,3859,1,0.0056193519
8,3471,3859,4,0.0055029876
8,3472,3859,5,0.0066156168
8,3473,3877,1,0.0074958473
8,3474,3882,1,0.0084621669
8,3475,3882,4,0.0064636046
8,3476,3882,5,0.0075154003
8,3477,3883,1,0.0055946891
8,3478,3888,1,0.0070628807
8,3479,3888,4,0.0056106118
8,3480,3888,5,0.0060823523
8,3481,3901,0,0.0056070213
8,3482,3901,1,0.0103385224
8,3483,3901,4,0.0099720132
8,3484,3901,5,0.0111580996
8,3485,3906,5,0.0059720775
8,3486,3924,1,0.0064807698
8,3487,3924,4,0.0065210287
8,3488,3924,5,0.0075875712
8,3489,3929,2,0.0065001110
8,3490,3930,0,0.0057461365
8,3491,3930,1,0.0108288755
8,3492,3930,4,0.0092683154
8,3493,3930,5,0.0103956581
8,3494,3932,0,0.0055097351
8,3495,3932,1,0.0093730225
8,3496,3935,2,0.0055241637
8,3497,3937,1,0.0064571400
8,3498,3938,0,0.0054741367
8,3499,3938,1,0.0099766374
8,3500,3938,4,0.0074268488
8,3501,3938,5,0.0088680464
8,3502,3941,6,0.0062922429
8,3503,3943,1,0.0066024996
8,3504,3961,1,0.0068388326
8,3505,3962,5,0.0070054304
8,3506,3966,1,0.0055611801
8,3507,3985,1,0.0058419898
8,3508,3985,4,0.0060298943
8,3509,3985,5,0.0066832031
8,3510,4005,1,0.0095629401
8,3511,4005,4,0.0073960645
8,3512,4005,5,0.0085290451
8,3513,4024,1,0.0081903288
8,3514,4029,1,0.0088497729
8,3515,4029,4,0.0063847485
8,3516,4029,5,0.0072167555
8,3517,4030,1,0.0060973341
8,3518,4042,5,0.0058156110
8,3519,4060,1,0.0059469126
8,3520,4061,4,0.0054390667
8,3521,4061,5,0.0058020030
8,3522,4066,1,0.0065020262
8,3523,4066,4,0.0074123315
8,3524,4066,5,0.0079750584
8,3525,4068,2,0.0054416517
8,3526,4071,1,0.0095369096
8,3527,4071,4,0.0100648675
8,3528,4071,5,0.0110644931
8,3529,4072,1,0.0059629496
8,3530,4073,1,0.0089958711
8,3531,4073,4,0.0063537092
8,3532,4073,5,0.0074935354
8,3533,4079,1,0.0058922820
8,3534,4079,5,0.0062035955
8,3535,4090,1,0.0055008396
8,3536,4095,1,0.0066709451
8,3537,4095,5,0.0060672493
8,3538,4097,1,0.0075243801
8,3539,4097,4,0.0062292382
8,3540,4097,5,0.0070794565
8,3541,4108,1,0.0057531640
8,3542,4108,4,0.0072805596
8,3543,4108,5,0.0085156883
8,3544,4126,1,0.0062600865
8,3545,4126,5,0.0057479444
8,3546,4131,1,0.0092286604
8,3547,4131,4,0.0069461752
8,3548,4131,5,0.0078458182
8,3549,4133,1,0.0086548066
8,3550,4133,4,0.0062468667
8,3551,4133,5,0.0072681347
8,3552,4137,1,0.0095224928
8,3553,4139,0,0.0054390017
8,3554,4139,1,0.0091067888
8,3555,4139,4,0.0076260545
8,3556,4139,5,0.0084067919
8,3557,4145,1,0.0068405082
8,3558,4152,2,0.0057614806
8,3559,4155,1,0.0085722515
8,3560,4155,4,0.0086083197
8,3561,4155,5,0.0098668500
8,3562,4156,1,0.0070813779
8,3563,4156,5,0.0054408052
8,3564,4160,6,0.0056841696
8,3565,4179,1,0.0055748987
8,3566,4181,1,0.0069506604
8,3567,4181,4,0.0080255955
8,3568,4181,5,0.0095249050
8,3569,4186,1,0.0087326818
8,3570,4186,5,0.0056934693
8,3571,4187,0,0.0057048130
8,3572,4187,1,0.0108223506
8,3573,4187,4,0.0093342070
8,3574,4187,5,0.0103516849
8,3575,4192,1,0.0074738014
8,3576,4210,5,0.0066923622
8,3577,4215,1,0.0061335716
8,3578,4228,5,0.0056670157
8,3579,4239,1,0.0055053809
8,3580,4239,4,0.0073679483
8,3581,4239,5,0.0080097824
8,3582,4241,1,0.0068785198
8,3583,4241,5,0.0064112403
8,3584,4249,5,0.0063397769
8,3585,4254,1,0.0072403499
8,3586,4256,7,0.0055736178
8,3587,4259,6,0.0057309501
8,3588,4260,1,0.0059646292
8,3589,4260,5,0.0057569500
8,3590,4262,1,0.0073013522
8,3591,4262,4,0.0063972718
8,3592,4262,5,0.0073590020
8,3593,4268,5,0.0057517109
8,3594,4273,1,0.0065257477
8,3595,4278,1,0.0082886911
8,3596,4278,4,0.0067115141
8,3597,4278,5,0.0080675660
8,3598,4280,1,0.0066431730
8,3599,4280,4,0.0069405654
8,3600,4280,5,0.0082369959
8,3601,4296,1,0.0058082058
8,3602,4296,4,0.0058284786
8,3603,4296,5,0.0073490534
8,3604,4297,4,0.0065522751
8,3605,4297,5,0.0078951240
8,3606,4298,1,0.0054939356
8,3607,4314,1,0.0057560422
8,3608,4315,4,0.0077641361
8,3609,4315,5,0.0085489989
8,3610,4320,1,0.0084414959
8,3611,4320,4,0.0102222838
8,3612,4320,5,0.0113320079
8,3613,4320,6,0.0054984014
8,3614,4322,1,0.0094320796
8,3615,4322,4,0.0087877183
8,3616,4322,5,0.0098064239
8,3617,4329,2,0.0056449778
8,3618,4338,1,0.0073669512
8,3619,4344,1,0.0095629981
8,3620,4344,4,0.0065568356
8,3621,4344,5,0.0076835313
8,3622,4346,0,0.0056951291
8,3623,4346,1,0.0094040374
8,3624,4346,4,0.0093401016
8,3625,4346,5,0.0101614188
8,3626,4362,4,0.0056293043
8,3627,4362,5,0.0068697349
8,3628,4380,1,0.0080534400
8,3629,4380,4,0.0061466170
8,3630,4380,5,0.0068402896
8,3631,4382,1,0.0076938136
8,3632,4386,1,0.0075611882
8,3633,4388,1,0.0086849770
8,3634,4388,4,0.0069038377
8,3635,4388,5,0.0079223643
8,3636,4393,1,0.0070557276
8,3637,4393,4,0.0076327441
8,3638,4393,5,0.0082383087
8,3639,4394,1,0.0072699874
8,3640,4404,1,0.0097891259
8,3641,4404,4,0.0101530861
8,3642,4404,5,0.0116405278
8,3643,4406,1,0.0074462684
8,3644,4406,5,0.0057070889
8,3645,4411,4,0.0054633769
8,3646,4411,5,0.0060071902
8,3647,4412,1,0.0059042397
8,3648,4414,6,0.0054597791
8,3649,4429,4,0.0056737747
8,3650,4429,5,0.0066522103
8,3651,4430,1,0.0057744161
8,3652,4435,0,0.0059143887
8,3653,4435,1,0.0105544858
8,3654,4435,4,0.0078402012
8,3655,4435,5,0.0089486624
8,3656,4436,1,0.0089663797
8,3657,4436,4,0.0058771837
8,3658,4436,5,0.0065628486
8,3659,4440,1,0.0083166847
8,3660,4440,4,0.0073388408
8,3661,4440,5,0.0084498308
8,3662,4441,1,0.0085569317
8,3663,4446,1,0.0055899678
8,3664,4446,4,0.0059281593
8,3665,4446,5,0.0071353913
8,3666,4464,1,0.0071424563
8,3667,4472,1,0.0070643037
8,3668,4488,4,0.0057369071
8,3669,4488,5,0.0066190026
8,3670,4490,1,0.0063961646
8,3671,4490,4,0.0065173748
8,3672,4490,5,0.0075201777
8,3673,4504,5,0.0059497144
8,3674,4509,4,0.0055621648
8,3675,4509,5,0.0062079849
8,3676,4510,1,0.0071824822
8,3677,4510,6,0.0065897572
8,3678,4510,7,0.0064369891
8,3679,4511,1,0.0099842803
8,3680,4511,4,0.0089354597
8,3681,4511,5,0.0102399233
8,3682,4511,6,0.0059856782
8,3683,4527,1,0.0068608939
8,3684,4529,1,0.0091617494
8,3685,4529,4,0.0076466628
8,3686,4529,5,0.0091662264
8,3687,4534,0,0.0054669210
8,3688,4534,1,0.0094793091
8,3689,4534,4,0.0076986057
8,3690,4534,5,0.0085180303
8,3691,4535,1,0.0080493422
8,3692,4535,5,0.0063169960
8,3693,4545,4,0.0058876914
8,3694,4545,5,0.0073075347
8,3695,4558,5,0.0060563761
8,3696,4564,4,0.0071826111
8,3697,4564,5,0.0077253985
8,3698,4571,1,0.0078121039
8,3699,4571,5,0.0059129006
8,3700,4576,1,0.0090612160
8,3701,4576,4,0.0081705937
8,3702,4576,5,0.0093402749
8,3703,4577,1,0.0059489576
8,3704,4577,4,0.0068909447
8,3705,4577,5,0.0079549844
8,3706,4582,1,0.0061059725
8,3707,4582,4,0.0073266171
8,3708,4582,5,0.0084655094
8,3709,4587,1,0.0069638019
8,3710,4594,4,0.0071083997
8,3711,4594,5,0.0089820652
8,3712,4595,1,0.0061943275
8,3713,4600,1,0.0058588951
8,3714,4600,4,0.0073122962
8,3715,4600,5,0.0083478594
8,3716,4611,1,0.0074187062
8,3717,4611,4,0.0094622419
8,3718,4611,5,0.0110284409
8,3719,4613,1,0.0072389448
8,3720,4613,4,0.0059526739
8,3721,4613,5,0.0072440940
8,3722,4631,1,0.0058799630
8,3723,4631,4,0.0060339905
8,3724,4631,5,0.0070166460
8,3725,4635,1,0.0066356880
8,3726,4635,5,0.0055146443
8,3727,4637,1,0.0080748089
8,3728,4637,4,0.0078267523
8,3729,4637,5,0.0086888420
8,3730,4642,0,0.0055277258
8,3731,4642,1,0.0096034250
8,3732,4642,4,0.0082784974
8,3733,4642,5,0.0092110934
8,3734,4643,1,0.0081095171
8,3735,4643,2,0.0055283763
8,3736,4660,1,0.0063519283
8,3737,4660,4,0.0082267607
8,3738,4660,5,0.0095456702
8,3739,4679,1,0.0055295780
8,3740,4683,5,0.0056132836
8,3741,4684,1,0.0056445917
8,3742,4684,5,0.0054870336
8,3743,4689,0,0.0055786453
8,3744,4689,1,0.0104069278
8,3745,4689,4,0.0099719822
8,3746,4689,5,0.0114638105
8,3747,4689,6,0.0057402581
8,3748,4695,1,0.0084403880
8,3749,4697,1,0.0081367621
8,3750,4697,4,0.0059648247
8,3751,4697,5,0.0069707331
8,3752,4702,5,0.0062607146
8,3753,4708,5,0.0056005338
8,3754,4715,5,0.0059694042
8,3755,4721,1,0.0066961179
8,3756,4721,5,0.0072066912
8,3757,4743,5,0.0063606841
8,3758,4744,1,0.0058723170
8,3759,4744,4,0.0075366664
8,3760,4744,5,0.0085261452
8,3761,4747,1,0.0057406003
8,3762,4747,5,0.0071375407
8,3763,4758,4,0.0082207480
8,3764,4758,5,0.0090159987
8,3765,4759,1,0.0057491778
8,3766,4760,1,0.0063666495
8,3767,4760,4,0.0085559809
8,3768,4760,5,0.0097033589
8,3769,4765,1,0.0067517843
8,3770,4765,4,0.0100111249
8,3771,4765,5,0.0118909123
8,3772,4770,1,0.0055391217
8,3773,4770,4,0.0071140279
8,3774,4770,5,0.0085082491
8,3775,4777,1,0.0075057873
8,3776,4783,1,0.0062410179
8,3777,4783,4,0.0096357760
8,3778,4783,5,0.0118486717
8,3779,4802,4,0.0075359838
8,3780,4802,5,0.0088562932
8,3781,4820,4,0.0088369272
8,3782,4820,5,0.0101527539
8,3783,4825,1,0.0089064835
8,3784,4825,4,0.0107605762
8,3785,4825,5,0.0119874395
8,3786,4826,1,0.0067994606
8,3787,4826,4,0.0105931265
8,3788,4826,5,0.0121450922
8,3789,4826,6,0.0055687008
8,3790,4838,5,0.0060027644
8,3791,4843,1,0.0076366195
8,3792,4843,4,0.0054815162
8,3793,4843,5,0.0068801018
8,3794,4849,0,0.0056963898
8,3795,4849,1,0.0097124000
8,3796,4849,4,0.0101456153
8,3797,4849,5,0.0112789598
8,3798,4885,1,0.0065970896
8,3799,4890,1,0.0081405651
8,3800,4890,4,0.0098624792
8,3801,4890,5,0.0112618583
8,3802,4890,6,0.0054758468
8,3803,4891,1,0.0069084588
8,3804,4891,4,0.0077452369
8,3805,4891,5,0.0088207861
8,3806,4896,1,0.0070882162
8,3807,4896,5,0.0061336907
8,3808,4898,4,0.0073963421
8,3809,4898,5,0.0083833264
8,3810,4898,6,0.0063515451
8,3811,4909,1,0.0090478552
8,3812,4909,4,0.0108117396
8,3813,4909,5,0.0124344669
8,3814,4909,6,0.0064040443
8,3815,4914,4,0.0077724884
8,3816,4914,5,0.0087412232
8,3817,4932,4,0.0063673095
8,3818,4932,5,0.0073309325
8,3819,4933,1,0.0060475145
8,3820,4933,5,0.0058324266
8,3821,4938,1,0.0094654991
8,3822,4938,4,0.0079997911
8,3823,4938,5,0.0090282787
8,3824,4938,6,0.0057655856
8,3825,4938,7,0.0055969270
8,3826,4940,1,0.0078483322
8,3827,4940,4,0.0065198278
8,3828,4940,5,0.0074637208
8,3829,4944,1,0.0073128241
8,3830,4945,4,0.0057757700
8,3831,4945,5,0.0061763539
8,3832,4946,1,0.0094235648
8,3833,4946,4,0.0054770386
8,3834,4946,5,0.0065803889
8,3835,4946,6,0.0057042160
8,3836,4946,7,0.0056962377
8,3837,4951,4,0.0065868861
8,3838,4951,5,0.0079864250
8,3839,4956,1,0.0056745992
8,3840,4969,1,0.0066782057
8,3841,4969,4,0.0065419871
8,3842,4969,5,0.0080427759
8,3843,4974,1,0.0069227575
8,3844,4975,1,0.0069487002
8,3845,4992,4,0.0057041904
8,3846,4992,5,0.0068014096
8,3847,4993,4,0.0063658744
8,3848,4993,5,0.0074834697
16,3849,18,8,0.0058937613
16,3850,21,8,0.0058052583
16,3851,23,8,0.0055829705
16,3852,45,8,0.0054273151
16,3853,48,8,0.0061625088
16,3854,48,9,0.0056874552
16,3855,115,8,0.0060399067
16,3856,118,8,0.0054485155
16,3857,120,8,0.0054769192
16,3858,123,8,0.0057715259
16,3859,128,8,0.0062895866
16,3860,128,9,0.0057126115
16,3861,147,8,0.0054434120
16,3862,168,8,0.0059166269
16,3863,176,8,0.0055054559
16,3864,189,8,0.0060278330
16,3865,192,8,0.0055022816
16,3866,194,8,0.0059036593
16,3867,197,8,0.0058270265
16,3868,197,9,0.0054146910
16,3869,202,8,0.0060685594
16,3870,205,8,0.0062273515
16,3871,205,9,0.0056207646
16,3872,212,8,0.0062174289
16,3873,212,9,0.0056417229
16,3874,218,8,0.0058565848
16,3875,220,8,0.0062670486
16,3876,223,8,0.0058771769
16,3877,228,8,0.0056680244
16,3878,238,8,0.0054530048
16,3879,241,8,0.0060289470
16,3880,246,8,0.0061124936
16,3881,246,9,0.0056216892
16,3882,262,8,0.0060611075
16,3883,262,9,0.0055525790
16,3884,269,8,0.0061122864
16,3885,269,9,0.0056790755
16,3886,273,8,0.0055972290
16,3887,317,8,0.0060385828
16,3888,320,8,0.0062502626
16,3889,320,9,0.0054246059
16,3890,327,8,0.0058872776
16,3891,327,9,0.0055200029
16,3892,351,8,0.0064288894
16,3893,351,9,0.0056402738
16,3894,366,8,0.0055871234
16,3895,369,8,0.0060579293
16,3896,372,8,0.0055588357
16,3897,393,8,0.0060861696
16,3898,398,8,0.0058751092
16,3899,401,8,0.0060393190
16,3900,401,9,0.0056384981
16,3901,413,8,0.0054850721
16,3902,453,8,0.0055285119
16,3903,459,8,0.0062883556
16,3904,459,9,0.0058298791
16,3905,464,8,0.0057313704
16,3906,464,9,0.0054560843
16,3907,490,8,0.0058741671
16,3908,498,8,0.0056539955
16,3909,502,8,0.0057274040
16,3910,505,8,0.0064803573
16,3911,505,9,0.0055473117
16,3912,516,8,0.0061921345
16,3913,516,9,0.0057172709
16,3914,524,8,0.0063308602
16,3915,524,9,0.0058824942
16,3916,526,8,0.0057185918
16,3917,527,8,0.0056883697
16,3918,529,8,0.0065385549
16,3919,529,9,0.0057789012
16,3920,540,8,0.0065032901
16,3921,540,9,0.0059834157
16,3922,542,8,0.0064050600
16,3923,542,9,0.0056167666
16,3924,552,8,0.0056328030
16,3925,555,8,0.0057415288
16,3926,560,8,0.0060417841
16,3927,560,9,0.0054240557
16,3928,576,8,0.0063527059
16,3929,576,9,0.0055280271
16,3930,581,8,0.0056659711
16,3931,584,8,0.0065507344
16,3932,584,9,0.0057788883
16,3933,599,8,0.0066274490
16,3934,599,9,0.0060143717
16,3935,602,8,0.0057037724
16,3936,602,9,0.0055051088
16,3937,603,8,0.0054603323
16,3938,605,8,0.0064327821
16,3939,605,9,0.0058573290
16,3940,618,8,0.0058730416
16,3941,644,8,0.0057584577
16,3942,652,8,0.0057960486
16,3943,655,8,0.0065802545
16,3944,655,9,0.0059636901
16,3945,657,8,0.0061080689
16,3946,658,8,0.0054298569
16,3947,660,8,0.0061703107
16,3948,673,8,0.0062469378
16,3949,673,9,0.0056949829
16,3950,686,8,0.0068203964
16,3951,686,9,0.0059408161
16,3952,691,8,0.0059324034
16,3953,691,9,0.0056105739
16,3954,726,8,0.0058722247
16,3955,726,9,0.0055466460
16,3956,728,8,0.0056714012
16,3957,736,8,0.0060412183
16,3958,738,8,0.0066251533
16,3959,739,8,0.0056318138
16,3960,739,9,0.0055113004
16,3961,741,8,0.0066527190
16,3962,741,9,0.0061106272
16,3963,746,8,0.0064095189
16,3964,746,9,0.0056559617
16,3965,762,8,0.0056839774
16,3966,788,8,0.0061375959
16,3967,794,8,0.0062776988
16,3968,794,9,0.0058854303
16,3969,796,8,0.0066102619
16,3970,796,9,0.0055185648
16,3971,799,8,0.0061668874
16,3972,838,8,0.0066465185
16,3973,838,9,0.0057007078
16,3974,841,8,0.0065774163
16,3975,841,9,0.0061002971
16,3976,859,8,0.0056838113
16,3977,862,8,0.0060316072
16,3978,862,9,0.0057442223
16,3979,872,8,0.0065415914
16,3980,872,9,0.0057454805
16,3981,875,8,0.0067483382
16,3982,875,9,0.0059425865
16,3983,877,8,0.0065694311
16,3984,882,8,0.0064793667
16,3985,882,9,0.0057278957
16,3986,893,8,0.0064742636
16,3987,893,9,0.0055790534
16,3988,900,8,0.0055030387
16,3989,911,8,0.0058313082
16,3990,911,9,0.0055470355
16,3991,914,8,0.0061900000
16,3992,914,9,0.0058307825
16,3993,917,8,0.0065300903
16,3994,917,9,0.0056644768
16,3995,921,8,0.0054991086
16,3996,924,8,0.0061348168
16,3997,924,9,0.0054617497
16,3998,937,8,0.0060278712
16,3999,937,9,0.0056788773
16,4000,940,8,0.0064859432
16,4001,940,9,0.0059704959
16,4002,945,8,0.0058672834
16,4003,945,9,0.0054419622
16,4004,990,8,0.0063730667
16,4005,990,9,0.0061227873
16,4006,997,8,0.0067624284
16,4007,997,9,0.0060718779
16,4008,998,8,0.0064505538
16,4009,998,9,0.0060298734
16,4010,1000,8,0.0057169129
16,4011,1000,9,0.0055921903
16,4012,1001,8,0.0063900325
16,4013,1003,8,0.0067990256
16,4014,1003,9,0.0063537966
16,4015,1008,8,0.0060642390
16,4016,1008,9,0.0056117877
16,4017,1018,8,0.0068569703
16,4018,1018,9,0.0063878310
16,4019,1021,8,0.0067803329
16,4020,1021,9,0.0058787993
16,4021,1024,8,0.0058320778
16,4022,1026,8,0.0067115030
16,4023,1026,9,0.0063373011
16,4024,1029,8,0.0059161658
16,4025,1042,8,0.0057000909
16,4026,1063,8,0.0061898400
16,4027,1071,8,0.0070967522
16,4028,1071,9,0.0061431754
16,4029,1074,8,0.0065895520
16,4030,1074,9,0.0060742019
16,4031,1076,8,0.0055228661
16,4032,1077,8,0.0056781153
16,4033,1079,8,0.0059184689
16,4034,1081,8,0.0063139570
16,4035,1081,9,0.0059171257
16,4036,1084,8,0.0066282112
16,4037,1084,9,0.0058244024
16,4038,1086,8,0.0058745658
16,4039,1086,9,0.0055114674
16,4040,1089,8,0.0057422434
16,4041,1100,8,0.0056448573
16,4042,1123,8,0.0065395265
16,4043,1123,9,0.0057089848
16,4044,1134,8,0.0066243853
16,4045,1134,9,0.0061865968
16,4046,1136,8,0.0054807400
16,4047,1137,9,0.0054307992
16,4048,1165,8,0.0054236864
16,4049,1173,8,0.0068105980
16,4050,1173,9,0.0060538333
16,4051,1176,8,0.0057551299
16,4052,1176,9,0.0057281659
16,4053,1187,8,0.0062638627
16,4054,1187,9,0.0057688423
16,4055,1194,8,0.0061715723
16,4056,1194,9,0.0058086447
16,4057,1196,8,0.0064665778
16,4058,1196,9,0.0054171320
16,4059,1197,8,0.0056004551
16,4060,1200,8,0.0058749304
16,4061,1200,9,0.0057266079
16,4062,1202,8,0.0054511147
16,4063,1207,8,0.0066077563
16,4064,1207,9,0.0055596331
16,4065,1210,8,0.0070544033
16,4066,1210,9,0.0063297819
16,4067,1213,8,0.0057801505
16,4068,1213,9,0.0055728945
16,4069,1215,8,0.0065969888
16,4070,1215,9,0.0061147198
16,4071,1220,8,0.0065517695
16,4072,1225,8,0.0064110256
16,4073,1225,9,0.0057849537
16,4074,1228,8,0.0064484857
16,4075,1233,8,0.0057624471
16,4076,1246,8,0.0065321530
16,4077,1246,9,0.0060998104
16,4078,1249,8,0.0055443740
16,4079,1254,8,0.0055272390
16,4080,1257,8,0.0066781294
16,4081,1257,9,0.0058319529
16,4082,1270,8,0.0056156228
16,4083,1272,8,0.0061051777
16,4084,1272,9,0.0057279654
16,4085,1275,8,0.0060567120
16,4086,1277,8,0.0063371894
16,4087,1277,9,0.0059361444
16,4088,1278,8,0.0058015155
16,4089,1278,9,0.0054283580
16,4090,1281,8,0.0061391775
16,4091,1281,9,0.0054310792
16,4092,1291,8,0.0063288742
16,4093,1317,8,0.0065068890
16,4094,1317,9,0.0058586284
16,4095,1322,8,0.0069673685
16,4096,1322,9,0.0055725513
16,4097,1325,8,0.0060635386
16,4098,1325,9,0.0059485956
16,4099,1328,8,0.0073817655
16,4100,1328,9,0.0067493330
16,4101,1330,8,0.0063859012
16,4102,1330,9,0.0059868217
16,4103,1333,8,0.0057725817
16,4104,1335,8,0.0065884178
16,4105,1335,9,0.0062922549
16,4106,1340,8,0.0069119810
16,4107,1340,9,0.0063624407
16,4108,1343,8,0.0061771171
16,4109,1343,9,0.0059225899
16,4110,1354,8,0.0070031340
16,4111,1354,9,0.0063585528
16,4112,1357,8,0.0056109161
16,4113,1359,8,0.0072753722
16,4114,1359,9,0.0067979809
16,4115,1361,8,0.0060840822
16,4116,1361,9,0.0059273620
16,4117,1374,8,0.0064370825
16,4118,1374,9,0.0059110617
16,4119,1377,8,0.0055337429
16,4120,1401,8,0.0064458589
16,4121,1401,9,0.0055221301
16,4122,1406,8,0.0071640019
16,4123,1406,9,0.0065752376
16,4124,1409,8,0.0055638349
16,4125,1412,8,0.0067883600
16,4126,1412,9,0.0064265402
16,4127,1416,8,0.0067138903
16,4128,1416,9,0.0057005478
16,4129,1419,8,0.0071140570
16,4130,1419,9,0.0064723728
16,4131,1424,8,0.0069065914
16,4132,1424,9,0.0062537836
16,4133,1435,8,0.0065137274
16,4134,1437,8,0.0066547870
16,4135,1437,9,0.0057838446
16,4136,1440,8,0.0056280884
16,4137,1461,8,0.0054179002
16,4138,1469,8,0.0068942546
16,4139,1500,8,0.0063346435
16,4140,1503,8,0.0054674071
16,4141,1508,8,0.0054395137
16,4142,1511,8,0.0070299413
16,4143,1511,9,0.0064214003
16,4144,1524,8,0.0056750527
16,4145,1527,8,0.0058506835
16,4146,1532,8,0.0065733465
16,4147,1532,9,0.0060052029
16,4148,1537,8,0.0069864055
16,4149,1537,9,0.0062881612
16,4150,1542,8,0.0068373945
16,4151,1542,9,0.0061310845
16,4152,1545,8,0.0055058867
16,4153,1548,8,0.0068073722
16,4154,1548,9,0.0063202200
16,4155,1550,8,0.0071146905
16,4156,1550,9,0.0063600137
16,4157,1553,8,0.0067983873
16,4158,1553,9,0.0063573024
16,4159,1555,8,0.0062479089
16,4160,1555,9,0.0055618715
16,4161,1560,8,0.0064519922
16,4162,1560,9,0.0057343111
16,4163,1563,8,0.0065530629
16,4164,1563,9,0.0057389053
16,4165,1584,8,0.0061283433
16,4166,1586,8,0.0054962377
16,4167,1589,8,0.0069749851
16,4168,1589,9,0.0062813388
16,4169,1592,8,0.0065963937
16,4170,1594,8,0.0058547676
16,4171,1608,8,0.0060452683
16,4172,1610,8,0.0067579920
16,4173,1610,9,0.0061215794
16,4174,1613,8,0.0060885807
16,4175,1628,8,0.0058960213
16,4176,1655,8,0.0055814574
16,4177,1658,8,0.0063162346
16,4178,1658,9,0.0061189072
16,4179,1660,8,0.0065019453
16,4180,1660,9,0.0054238980
16,4181,1663,8,0.0074223261
16,4182,1663,9,0.0069495610
16,4183,1665,8,0.0065601491
16,4184,1670,8,0.0068232393
16,4185,1670,9,0.0064193209
16,4186,1673,8,0.0072088469
16,4187,1673,9,0.0060670531
16,4188,1678,8,0.0059760413
16,4189,1678,9,0.0055614918
16,4190,1681,8,0.0061969572
16,4191,1691,8,0.0066500458
16,4192,1691,9,0.0063224879
16,4193,1694,8,0.0069103695
16,4194,1696,8,0.0054846989
16,4195,1696,9,0.0056776841
16,4196,1699,8,0.0071277840
16,4197,1699,9,0.0066914270
16,4198,1710,8,0.0065610646
16,4199,1712,8,0.0070976195
16,4200,1712,9,0.0065715825
16,4201,1715,8,0.0067353254
16,4202,1715,9,0.0059999421
16,4203,1736,8,0.0067014199
16,4204,1736,9,0.0061379883
16,4205,1744,8,0.0074614616
16,4206,1744,9,0.0066934569
16,4207,1746,8,0.0060149717
16,4208,1749,8,0.0072453399
16,4209,1749,9,0.0063892733
16,4210,1751,8,0.0073561441
16,4211,1751,9,0.0062041376
16,4212,1754,8,0.0066161263
16,4213,1754,9,0.0056504807
16,4214,1757,8,0.0054944134
16,4215,1759,8,0.0061054866
16,4216,1759,9,0.0059018662
16,4217,1772,8,0.0056700214
16,4218,1775,8,0.0057406307
16,4219,1794,8,0.0065879594
16,4220,1794,9,0.0059600729
16,4221,1796,8,0.0059098523
16,4222,1802,8,0.0068964732
16,4223,1802,9,0.0062401229
16,4224,1804,8,0.0055587139
16,4225,1806,8,0.0060405794
16,4226,1807,8,0.0062017647
16,4227,1807,9,0.0061057735
16,4228,1809,8,0.0072018803
16,4229,1809,9,0.0056942817
16,4230,1812,8,0.0060280620
16,4231,1836,8,0.0060219538
16,4232,1836,9,0.0054439426
16,4233,1844,8,0.0063846713
16,4234,1844,9,0.0059340740
16,4235,1846,8,0.0074369911
16,4236,1846,9,0.0064918189
16,4237,1849,8,0.0057289112
16,4238,1849,9,0.0057627768
16,4239,1859,8,0.0060825433
16,4240,1859,9,0.0054950583
16,4241,1864,8,0.0054836865
16,4242,1867,8,0.0066936028
16,4243,1867,9,0.0062410781
16,4244,1870,8,0.0056354424
16,4245,1870,9,0.0056716186
16,4246,1872,8,0.0064360976
16,4247,1878,8,0.0068319438
16,4248,1878,9,0.0061573886
16,4249,1882,8,0.0055887990
16,4250,1885,8,0.0070361599
16,4251,1885,9,0.0064977307
16,4252,1888,8,0.0073838280
16,4253,1888,9,0.0063794127
16,4254,1893,8,0.0069510217
16,4255,1893,9,0.0054889654
16,4256,1901,8,0.0068597846
16,4257,1901,9,0.0059184802
16,4258,1919,8,0.0067887590
16,4259,1919,9,0.0061072557
16,4260,1922,8,0.0061976561
16,4261,1924,8,0.0070334381
16,4262,1924,9,0.0064356662
16,4263,1927,8,0.0065825864
16,4264,1927,9,0.0058561093
16,4265,1930,8,0.0059661918
16,4266,1945,8,0.0066137187
16,4267,1945,9,0.0059849753
16,4268,1948,8,0.0074567385
16,4269,1948,9,0.0065512787
16,4270,1950,8,0.0057076004
16,4271,1953,8,0.0060031420
16,4272,1964,8,0.0059410955
16,4273,1987,8,0.0060489834
16,4274,1988,8,0.0056315443
16,4275,1988,9,0.0056363698
16,4276,1990,8,0.0062688528
16,4277,1990,9,0.0059756974
16,4278,1995,8,0.0074979468
16,4279,1995,9,0.0062831397
16,4280,1998,8,0.0080928058
16,4281,1998,9,0.0071180952
16,4282,2000,8,0.0068345011
16,4283,2000,9,0.0058056803
16,4284,2001,8,0.0066511420
16,4285,2001,9,0.0061155806
16,4286,2003,8,0.0071766155
16,4287,2003,9,0.0056134034
16,4288,2005,8,0.0060946512
16,4289,2005,9,0.0059980885
16,4290,2008,8,0.0073596579
16,4291,2008,9,0.0066073217
16,4292,2011,8,0.0072938136
16,4293,2011,9,0.0057121136
16,4294,2016,8,0.0063247748
16,4295,2026,9,0.0055502730
16,4296,2027,8,0.0069438551
16,4297,2029,8,0.0071580933
16,4298,2029,9,0.0067723334
16,4299,2032,8,0.0064477609
16,4300,2034,8,0.0067894292
16,4301,2034,9,0.0064050973
16,4302,2037,8,0.0069089894
16,4303,2037,9,0.0058564096
16,4304,2050,8,0.0066036072
16,4305,2050,9,0.0058551152
16,4306,2071,8,0.0066911470
16,4307,2071,9,0.0056524617
16,4308,2079,8,0.0075246377
16,4309,2079,9,0.0066336300
16,4310,2080,8,0.0060387907
16,4311,2080,9,0.0056515607
16,4312,2082,8,0.0082899100
16,4313,2082,9,0.0074115741
16,4314,2084,8,0.0069033361
16,4315,2085,8,0.0074167074
16,4316,2085,9,0.0069003238
16,4317,2086,8,0.0059087122
16,4318,2086,9,0.0058290737
16,4319,2087,8,0.0063385883
16,4320,2089,8,0.0075132417
16,4321,2089,9,0.0065463768
16,4322,2092,8,0.0055002487
16,4323,2097,8,0.0078083882
16,4324,2097,9,0.0068712880
16,4325,2110,8,0.0067166694
16,4326,2110,9,0.0055333260
16,4327,2139,8,0.0074376569
16,4328,2139,9,0.0057316250
16,4329,2142,8,0.0072661644
16,4330,2142,9,0.0063827400
16,4331,2144,8,0.0074592281
16,4332,2144,9,0.0066023677
16,4333,2147,8,0.0065539116
16,4334,2173,8,0.0057140103
16,4335,2178,8,0.0075413252
16,4336,2178,9,0.0058532113
16,4337,2181,8,0.0075638913
16,4338,2181,9,0.0065375952
16,4339,2184,8,0.0072762680
16,4340,2184,9,0.0064965909
16,4341,2194,8,0.0062876247
16,4342,2199,8,0.0054844330
16,4343,2202,8,0.0073823122
16,4344,2202,9,0.0064653514
16,4345,2207,8,0.0066090728
16,4346,2207,9,0.0055424638
16,4347,2208,8,0.0070982456
16,4348,2208,9,0.0064136082
16,4349,2210,8,0.0058760890
16,4350,2213,8,0.0054293082
16,4351,2215,8,0.0063082896
16,4352,2218,8,0.0059932902
16,4353,2218,9,0.0059747199
16,4354,2220,8,0.0060795402
16,4355,2223,8,0.0073270595
16,4356,2223,9,0.0065293440
16,4357,2230,8,0.0062800880
16,4358,2230,9,0.0058035436
16,4359,2233,8,0.0067226382
16,4360,2233,9,0.0060483456
16,4361,2236,8,0.0059921074
16,4362,2239,8,0.0065040854
16,4363,2254,8,0.0060954054
16,4364,2254,9,0.0058532053
16,4365,2257,8,0.0064400102
16,4366,2259,8,0.0063035660
16,4367,2259,9,0.0059430036
16,4368,2262,8,0.0067308281
16,4369,2262,9,0.0060839238
16,4370,2265,8,0.0071052395
16,4371,2278,8,0.0062819195
16,4372,2280,8,0.0074093351
16,4373,2280,9,0.0067151615
16,4374,2283,8,0.0066482805
16,4375,2283,9,0.0054848920
16,4376,2285,8,0.0059089525
16,4377,2286,8,0.0060187187
16,4378,2301,8,0.0057473825
16,4379,2323,8,0.0077755457
16,4380,2323,9,0.0068650781
16,4381,2325,8,0.0061003648
16,4382,2328,8,0.0059180641
16,4383,2328,9,0.0057471793
16,4384,2330,8,0.0059671623
16,4385,2333,8,0.0079936314
16,4386,2333,9,0.0070391629
16,4387,2335,8,0.0084174876
16,4388,2335,9,0.0073897835
16,4389,2336,8,0.0073925162
16,4390,2336,9,0.0069627109
16,4391,2338,8,0.0057980616
16,4392,2340,8,0.0068709735
16,4393,2340,9,0.0063441267
16,4394,2343,8,0.0077613250
16,4395,2343,9,0.0066318320
16,4396,2346,8,0.0068823674
16,4397,2346,9,0.0059527225
16,4398,2348,8,0.0071739720
16,4399,2348,9,0.0064527369
16,4400,2351,8,0.0068652708
16,4401,2351,9,0.0058747611
16,4402,2364,8,0.0078486279
16,4403,2364,9,0.0069270898
16,4404,2367,8,0.0081244723
16,4405,2367,9,0.0072892628
16,4406,2369,9,0.0054435773
16,4407,2372,8,0.0077169578
16,4408,2372,9,0.0067248879
16,4409,2382,8,0.0069758665
16,4410,2382,9,0.0064729691
16,4411,2385,8,0.0075668676
16,4412,2385,9,0.0064056892
16,4413,2406,8,0.0067881283
16,4414,2406,9,0.0056190216
16,4415,2409,8,0.0057445095
16,4416,2409,9,0.0055622030
16,4417,2414,8,0.0082482626
16,4418,2414,9,0.0074051985
16,4419,2416,8,0.0056170152
16,4420,2417,8,0.0065458648
16,4421,2417,9,0.0063372601
16,4422,2422,8,0.0071692791
16,4423,2422,9,0.0057407623
16,4424,2424,8,0.0059196295
16,4425,2424,9,0.0060561718
16,4426,2426,8,0.0066829589
16,4427,2426,9,0.0061910095
16,4428,2427,8,0.0080667774
16,4429,2427,9,0.0071110512
16,4430,2429,8,0.0070529741
16,4431,2429,9,0.0064239630
16,4432,2432,8,0.0063101792
16,4433,2432,9,0.0055095536
16,4434,2442,8,0.0073725571
16,4435,2442,9,0.0063133453
16,4436,2443,8,0.0082140805
16,4437,2443,9,0.0067161098
16,4438,2445,8,0.0078300422
16,4439,2445,9,0.0065666137
16,4440,2448,8,0.0060216872
16,4441,2469,8,0.0059301895
16,4442,2474,8,0.0070710556
16,4443,2474,9,0.0062524371
16,4444,2477,8,0.0070955792
16,4445,2477,9,0.0062336918
16,4446,2479,8,0.0068715106
16,4447,2482,8,0.0070633603
16,4448,2482,9,0.0054656960
16,4449,2516,8,0.0068914935
16,4450,2516,9,0.0061769904
16,4451,2519,8,0.0073970426
16,4452,2519,9,0.0069055144
16,4453,2521,8,0.0066166812
16,4454,2532,8,0.0057608566
16,4455,2540,8,0.0065728374
16,4456,2540,9,0.0060083942
16,4457,2545,8,0.0081537126
16,4458,2545,9,0.0070771338
16,4459,2550,8,0.0065337779
16,4460,2553,8,0.0073769390
16,4461,2553,9,0.0065500392
16,4462,2555,8,0.0060808919
16,4463,2556,8,0.0060211331
16,4464,2556,9,0.0057052950
16,4465,2558,8,0.0075967877
16,4466,2558,9,0.0070446510
16,4467,2561,8,0.0059818315
16,4468,2561,9,0.0060257182
16,4469,2563,8,0.0065314367
16,4470,2563,9,0.0056050387
16,4471,2566,8,0.0055490853
16,4472,2571,8,0.0074810792
16,4473,2571,9,0.0058599416
16,4474,2590,8,0.0055884002
16,4475,2592,8,0.0063503566
16,4476,2592,9,0.0059400311
16,4477,2594,8,0.0071952550
16,4478,2594,9,0.0067495873
16,4479,2595,8,0.0065639294
16,4480,2597,8,0.0076470148
16,4481,2597,9,0.0068357892
16,4482,2605,8,0.0059049622
16,4483,2615,8,0.0059269525
16,4484,2615,9,0.0054841258
16,4485,2616,8,0.0060970697
16,4486,2621,8,0.0070339004
16,4487,2621,9,0.0062762147
16,4488,2634,8,0.0072831563
16,4489,2634,9,0.0057100337
16,4490,2658,8,0.0069516534
16,4491,2658,9,0.0064384868
16,4492,2663,8,0.0060511307
16,4493,2663,9,0.0057921708
16,4494,2668,8,0.0085548933
16,4495,2668,9,0.0078058236
16,4496,2671,8,0.0055414566
16,4497,2673,8,0.0074347176
16,4498,2673,9,0.0062213045
16,4499,2676,8,0.0065908058
16,4500,2678,8,0.0073496800
16,4501,2678,9,0.0066533420
16,4502,2681,8,0.0066999379
16,4503,2681,9,0.0058923397
16,4504,2683,8,0.0055953318
16,4505,2684,8,0.0067923066
16,4506,2686,8,0.0058659157
16,4507,2699,8,0.0082171328
16,4508,2699,9,0.0074207201
16,4509,2701,8,0.0067906497
16,4510,2701,9,0.0066200238
16,4511,2702,8,0.0073491184
16,4512,2702,9,0.0064119341
16,4513,2704,8,0.0078998777
16,4514,2704,9,0.0068488865
16,4515,2707,8,0.0078539583
16,4516,2707,9,0.0070133132
16,4517,2720,8,0.0077267272
16,4518,2720,9,0.0061502929
16,4519,2744,8,0.0069729432
16,4520,2744,9,0.0059000412
16,4521,2752,8,0.0073980323
16,4522,2752,9,0.0064799180
16,4523,2754,8,0.0059519980
16,4524,2755,8,0.0081771983
16,4525,2755,9,0.0073800867
16,4526,2757,8,0.0081533902
16,4527,2757,9,0.0068175970
16,4528,2759,8,0.0060457824
16,4529,2759,9,0.0057157528
16,4530,2762,8,0.0077258402
16,4531,2762,9,0.0072273247
16,4532,2764,8,0.0057264527
16,4533,2764,9,0.0058800966
16,4534,2765,8,0.0063793545
16,4535,2767,8,0.0070320297
16,4536,2767,9,0.0062191463
16,4537,2783,8,0.0064695672
16,4538,2804,8,0.0067497355
16,4539,2804,9,0.0054695842
16,4540,2810,8,0.0067177890
16,4541,2810,9,0.0061030766
16,4542,2812,8,0.0077487513
16,4543,2812,9,0.0061902026
16,4544,2815,8,0.0057645960
16,4545,2817,8,0.0059834125
16,4546,2820,8,0.0072244737
16,4547,2820,9,0.0061726777
16,4548,2851,8,0.0077789955
16,4549,2851,9,0.0069262135
16,4550,2854,8,0.0071061149
16,4551,2854,9,0.0061760837
16,4552,2856,8,0.0059059191
16,4553,2857,8,0.0068802271
16,4554,2857,9,0.0058520877
16,4555,2875,8,0.0077602155
16,4556,2875,9,0.0068641875
16,4557,2877,8,0.0063114132
16,4558,2880,8,0.0073572650
16,4559,2880,9,0.0065957198
16,4560,2883,8,0.0058332517
16,4561,2886,8,0.0060640492
16,4562,2886,9,0.0058423193
16,4563,2888,8,0.0065334470
16,4564,2888,9,0.0059367698
16,4565,2890,8,0.0083193167
16,4566,2890,9,0.0069329264
16,4567,2891,8,0.0060533046
16,4568,2891,9,0.0059462551
16,4569,2892,8,0.0056505414
16,4570,2893,8,0.0081559223
16,4571,2893,9,0.0073810043
16,4572,2896,8,0.0072674411
16,4573,2896,9,0.0065950179
16,4574,2904,8,0.0055862325
16,4575,2912,8,0.0057525882
16,4576,2927,8,0.0078168177
16,4577,2927,9,0.0061423848
16,4578,2928,8,0.0056067580
16,4579,2930,8,0.0055260306
16,4580,2932,8,0.0061522759
16,4581,2932,9,0.0058662698
16,4582,2935,8,0.0079359268
16,4583,2935,9,0.0065045643
16,4584,2951,8,0.0072340753
16,4585,2953,8,0.0075321207
16,4586,2953,9,0.0070084474
16,4587,2955,8,0.0063599527
16,4588,2955,9,0.0056736639
16,4589,2961,8,0.0061686876
16,4590,2990,8,0.0058490335
16,4591,2996,8,0.0059275177
16,4592,2996,9,0.0054338747
16,4593,2998,8,0.0071896352
16,4594,2998,9,0.0067455819
16,4595,3003,8,0.0081568540
16,4596,3003,9,0.0069473963
16,4597,3004,8,0.0066644560
16,4598,3004,9,0.0060141691
16,4599,3006,8,0.0091877057
16,4600,3006,9,0.0079078719
16,4601,3008,8,0.0055451871
16,4602,3009,8,0.0095572687
16,4603,3009,9,0.0082765230
16,4604,3011,8,0.0068478478
16,4605,3011,9,0.0062955264
16,4606,3016,8,0.0084100734
16,4607,3016,9,0.0075962968
16,4608,3019,8,0.0058800396
16,4609,3019,9,0.0054746691
16,4610,3034,8,0.0067552239
16,4611,3034,9,0.0060698423
16,4612,3035,8,0.0064449369
16,4613,3035,9,0.0058197102
16,4614,3037,8,0.0074149244
16,4615,3037,9,0.0065076600
16,4616,3039,8,0.0055265545
16,4617,3039,9,0.0054533262
16,4618,3040,8,0.0068515786
16,4619,3040,9,0.0058429669
16,4620,3042,8,0.0066401257
16,4621,3042,9,0.0056404861
16,4622,3045,8,0.0057946597
16,4623,3055,8,0.0077407345
16,4624,3055,9,0.0066783551
16,4625,3056,8,0.0059186861
16,4626,3079,8,0.0067187331
16,4627,3084,8,0.0060866018
16,4628,3084,9,0.0054586755
16,4629,3087,8,0.0087027482
16,4630,3087,9,0.0077304241
16,4631,3090,8,0.0070655392
16,4632,3090,9,0.0056752055
16,4633,3092,8,0.0068023576
16,4634,3092,9,0.0058394549
16,4635,3094,8,0.0073644229
16,4636,3094,9,0.0070681111
16,4637,3095,8,0.0084205121
16,4638,3095,9,0.0071673065
16,4639,3096,9,0.0055433241
16,4640,3097,8,0.0086367027
16,4641,3097,9,0.0077975932
16,4642,3100,8,0.0070348445
16,4643,3100,9,0.0060955430
16,4644,3102,8,0.0074342060
16,4645,3102,9,0.0067064625
16,4646,3105,8,0.0067286066
16,4647,3105,9,0.0058597796
16,4648,3118,8,0.0066264939
16,4649,3118,9,0.0058018428
16,4650,3142,8,0.0063259794
16,4651,3147,8,0.0065468464
16,4652,3147,9,0.0055577889
16,4653,3150,8,0.0083335709
16,4654,3150,9,0.0071685291
16,4655,3152,8,0.0079450559
16,4656,3152,9,0.0064249243
16,4657,3155,8,0.0058776824
16,4658,3157,8,0.0058405829
16,4659,3186,8,0.0059070576
16,4660,3189,8,0.0057742426
16,4661,3207,8,0.0061019046
16,4662,3210,8,0.0060722693
16,4663,3210,9,0.0057583361
16,4664,3213,8,0.0059747736
16,4665,3213,9,0.0058042542
16,4666,3215,8,0.0058851430
16,4667,3222,8,0.0057492486
16,4668,3223,8,0.0080238846
16,4669,3223,9,0.0070059069
16,4670,3225,8,0.0066797573
16,4671,3226,8,0.0068614444
16,4672,3226,9,0.0063284706
16,4673,3228,8,0.0066130294
16,4674,3228,9,0.0060653118
16,4675,3231,8,0.0084486569
16,4676,3231,9,0.0077000739
16,4677,3233,8,0.0081515067
16,4678,3233,9,0.0064876080
16,4679,3234,8,0.0066009819
16,4680,3236,8,0.0071091716
16,4681,3257,8,0.0054533750
16,4682,3257,9,0.0055009850
16,4683,3259,8,0.0071959006
16,4684,3259,9,0.0067014079
16,4685,3275,8,0.0057929393
16,4686,3275,9,0.0054479050
16,4687,3277,8,0.0054735691
16,4688,3278,8,0.0073214487
16,4689,3278,9,0.0059470561
16,4690,3304,8,0.0055537108
16,4691,3310,8,0.0055976013
16,4692,3310,9,0.0055184573
16,4693,3312,8,0.0094422443
16,4694,3312,9,0.0082830534
16,4695,3315,8,0.0062248414
16,4696,3315,9,0.0054668720
16,4697,3318,8,0.0059214850
16,4698,3320,8,0.0080223477
16,4699,3320,9,0.0062714705
16,4700,3325,8,0.0085842482
16,4701,3325,9,0.0072227093
16,4702,3337,8,0.0064492074
16,4703,3337,9,0.0063796444
16,4704,3338,8,0.0078115954
16,4705,3338,9,0.0063589493
16,4706,3341,8,0.0056725869
16,4707,3343,8,0.0071056007
16,4708,3343,9,0.0062344444
16,4709,3354,8,0.0063911781
16,4710,3372,8,0.0070384956
16,4711,3372,9,0.0064557394
16,4712,3375,8,0.0063284301
16,4713,3375,9,0.0055573255
16,4714,3378,8,0.0091694394
16,4715,3378,9,0.0076964023
16,4716,3380,8,0.0068531238
16,4717,3380,9,0.0056724578
16,4718,3385,8,0.0094738747
16,4719,3385,9,0.0083031621
16,4720,3396,8,0.0083093258
16,4721,3396,9,0.0071065142
16,4722,3398,8,0.0081850269
16,4723,3398,9,0.0071007254
16,4724,3416,8,0.0054795168
16,4725,3422,8,0.0084564440
16,4726,3422,9,0.0070488118
16,4727,3427,8,0.0075949823
16,4728,3427,9,0.0064338010
16,4729,3451,8,0.0070345993
16,4730,3451,9,0.0059319206
16,4731,3464,8,0.0058874769
16,4732,3469,8,0.0088679747
16,4733,3469,9,0.0072767479
16,4734,3480,8,0.0059443167
16,4735,3480,9,0.0058988769
16,4736,3482,8,0.0091202724
16,4737,3482,9,0.0075944448
16,4738,3485,8,0.0056429418
16,4739,3490,8,0.0077903979
16,4740,3490,9,0.0060595885
16,4741,3508,8,0.0069406926
16,4742,3508,9,0.0064790130
16,4743,3514,8,0.0061263621
16,4744,3527,8,0.0085932691
16,4745,3527,9,0.0072782609
16,4746,3561,8,0.0078647493
16,4747,3561,9,0.0066216356
16,4748,3569,8,0.0083080712
16,4749,3569,9,0.0073953012
16,4750,3574,8,0.0086517492
16,4751,3574,9,0.0070995060
16,4752,3579,8,0.0069769525
16,4753,3592,8,0.0092998376
16,4754,3592,9,0.0078872335
16,4755,3605,8,0.0075785570
16,4756,3605,9,0.0059513352
16,4757,3621,8,0.0066136055
16,4758,3621,9,0.0054806073
16,4759,3623,8,0.0057675363
16,4760,3629,8,0.0084031491
16,4761,3629,9,0.0074774951
16,4762,3633,8,0.0061171483
16,4763,3633,9,0.0063677946
16,4764,3634,8,0.0099043824
16,4765,3634,9,0.0084836768
16,4766,3639,8,0.0081518371
16,4767,3639,9,0.0069709679
16,4768,3652,8,0.0062835488
16,4769,3670,8,0.0065888721
16,4770,3676,8,0.0092189487
16,4771,3676,9,0.0071591655
16,4772,3705,8,0.0090162881
16,4773,3705,9,0.0069679343
16,4774,3723,8,0.0088408635
16,4775,3723,9,0.0072739208
16,4776,3725,8,0.0060755995
16,4777,3729,8,0.0061538083
16,4778,3729,9,0.0058958635
16,4779,3731,8,0.0075446676
16,4780,3731,9,0.0068186074
16,4781,3736,8,0.0091248833
16,4782,3736,9,0.0075829699
16,4783,3744,8,0.0070232746
16,4784,3744,9,0.0056210565
16,4785,3762,8,0.0068960900
16,4786,3762,9,0.0063309132
16,4787,3764,8,0.0060102521
16,4788,3764,9,0.0055673326
16,4789,3780,8,0.0057283676
16,4790,3810,8,0.0062996397
16,4791,3810,9,0.0058000690
16,4792,3812,8,0.0080036242
16,4793,3812,9,0.0064444117
16,4794,3817,8,0.0081942834
16,4795,3817,9,0.0069197412
16,4796,3818,8,0.0078968137
16,4797,3818,9,0.0074445202
16,4798,3822,8,0.0090591331
16,4799,3822,9,0.0078999390
16,4800,3828,8,0.0068451115
16,4801,3828,9,0.0054717254
16,4802,3830,8,0.0067567237
16,4803,3831,6,0.0056322181
16,4804,3840,8,0.0062191787
16,4805,3840,9,0.0061687692
16,4806,3841,8,0.0087615709
16,4807,3841,9,0.0072938322
16,4808,3846,8,0.0076362464
16,4809,3846,9,0.0059197247
16,4810,3859,8,0.0061536039
16,4811,3878,8,0.0064719842
16,4812,3878,9,0.0063080545
16,4813,3883,8,0.0060676726
16,4814,3888,8,0.0093997240
16,4815,3888,9,0.0081612878
16,4816,3890,8,0.0062085218
16,4817,3890,9,0.0059296866
16,4818,3901,8,0.0056553854
16,4819,3924,8,0.0083573795
16,4820,3924,9,0.0066801214
16,4821,3932,8,0.0070404225
16,4822,3932,9,0.0060420065
16,4823,3956,8,0.0074746153
16,4824,3956,9,0.0054722342
16,4825,3974,8,0.0077242618
16,4826,3974,9,0.0064393819
16,4827,3980,8,0.0069183143
16,4828,3980,9,0.0060503680
16,4829,3985,8,0.0095752786
16,4830,3985,9,0.0080996894
16,4831,3993,8,0.0068711819
16,4832,3995,8,0.0061860095
16,4833,4011,8,0.0087689078
16,4834,4011,9,0.0071567390
16,4835,4013,8,0.0070263207
16,4836,4013,9,0.0064728852
16,4837,4029,8,0.0094551205
16,4838,4029,9,0.0079718830
16,4839,4061,8,0.0060667852
16,4840,4061,9,0.0059179184
16,4841,4066,8,0.0088071054
16,4842,4066,9,0.0079707481
16,4843,4071,8,0.0079593568
16,4844,4071,9,0.0066235850
16,4845,4072,8,0.0074341806
16,4846,4072,9,0.0062253195
16,4847,4079,8,0.0099446257
16,4848,4079,9,0.0082686598
16,4849,4080,6,0.0055142414
16,4850,4097,8,0.0088695821
16,4851,4097,9,0.0071624813
16,4852,4116,6,0.0055754242
16,4853,4116,7,0.0054377092
16,4854,4127,8,0.0058753399
16,4855,4132,8,0.0063454225
16,4856,4132,9,0.0060665311
16,4857,4139,8,0.0097237593
16,4858,4139,9,0.0083965097
16,4859,4144,8,0.0061337516
16,4860,4144,9,0.0054409843
16,4861,4155,8,0.0057761093
16,4862,4173,8,0.0066663695
16,4863,4173,9,0.0057419486
16,4864,4179,8,0.0056919629
16,4865,4181,8,0.0067752986
16,4866,4186,8,0.0062287243
16,4867,4205,8,0.0055527832
16,4868,4210,8,0.0071807142
16,4869,4228,8,0.0086166026
16,4870,4228,9,0.0061487285
16,4871,4230,6,0.0056200246
16,4872,4234,8,0.0061164960
16,4873,4234,9,0.0059135209
16,4874,4239,8,0.0094194149
16,4875,4239,9,0.0082294419
16,4876,4241,8,0.0075523525
16,4877,4241,9,0.0062225450
16,4878,4244,8,0.0057314978
16,4879,4249,8,0.0064997827
16,4880,4268,8,0.0079090493
16,4881,4268,9,0.0060036204
16,4882,4286,8,0.0056600363
16,4883,4315,8,0.0080593163
16,4884,4315,9,0.0063635033
16,4885,4320,8,0.0090547892
16,4886,4320,9,0.0075470792
16,4887,4322,8,0.0069694043
16,4888,4322,9,0.0059574223
16,4889,4327,8,0.0097443302
16,4890,4327,9,0.0082702512
16,4891,4328,8,0.0055323357
16,4892,4333,8,0.0073878214
16,4893,4344,8,0.0069811693
16,4894,4344,9,0.0061216183
16,4895,4346,8,0.0105115524
16,4896,4346,9,0.0087060593
16,4897,4351,8,0.0061669101
16,4898,4367,6,0.0064800249
16,4899,4367,7,0.0059791108
16,4900,4380,8,0.0093040401
16,4901,4380,9,0.0076953516
16,4902,4386,8,0.0075161543
16,4903,4386,9,0.0058485252
16,4904,4388,8,0.0080173308
16,4905,4388,9,0.0062618529
16,4906,4393,8,0.0092697040
16,4907,4393,9,0.0076032712
16,4908,4398,8,0.0062318693
16,4909,4404,8,0.0070785293
16,4910,4404,9,0.0058128181
16,4911,4406,8,0.0070883848
16,4912,4406,9,0.0055568359
16,4913,4411,8,0.0056943059
16,4914,4430,8,0.0062671247
16,4915,4435,8,0.0075717156
16,4916,4435,9,0.0065958562
16,4917,4440,8,0.0064138109
16,4918,4459,8,0.0057012095
16,4919,4482,8,0.0074832093
16,4920,4482,9,0.0060368960
16,4921,4488,8,0.0087969339
16,4922,4488,9,0.0074417241
16,4923,4490,8,0.0100431191
16,4924,4490,9,0.0080540696
16,4925,4509,8,0.0056756532
16,4926,4516,8,0.0066815698
16,4927,4516,9,0.0059893638
16,4928,4534,8,0.0077869296
16,4929,4534,9,0.0067442203
16,4930,4563,8,0.0060093878
16,4931,4564,8,0.0071015035
16,4932,4564,9,0.0064327842
16,4933,4569,8,0.0063083384
16,4934,4569,9,0.0057923442
16,4935,4571,8,0.0065099430
16,4936,4575,8,0.0055700540
16,4937,4576,8,0.0055382280
16,4938,4577,8,0.0079075821
16,4939,4577,9,0.0060268506
16,4940,4581,8,0.0060379206
16,4941,4582,8,0.0092566414
16,4942,4582,9,0.0074596214
16,4943,4600,8,0.0078138527
16,4944,4600,9,0.0059868963
16,4945,4611,8,0.0055552302
16,4946,4613,8,0.0059011432
16,4947,4629,8,0.0057528351
16,4948,4635,8,0.0082943208
16,4949,4635,9,0.0069175720
16,4950,4637,8,0.0081821501
16,4951,4637,9,0.0067707238
16,4952,4642,8,0.0078943342
16,4953,4642,9,0.0067796313
16,4954,4647,8,0.0065883533
16,4955,4660,8,0.0066765717
16,4956,4684,8,0.0054812448
16,4957,4689,8,0.0061038526
16,4958,4697,8,0.0070306467
16,4959,4697,9,0.0056604846
16,4960,4715,8,0.0054596319
16,4961,4726,8,0.0056632944
16,4962,4733,8,0.0055798564
16,4963,4737,8,0.0055102850
16,4964,4739,8,0.0083757942
16,4965,4739,9,0.0071235638
16,4966,4744,8,0.0095851735
16,4967,4744,9,0.0074833368
16,4968,4758,8,0.0054583054
16,4969,4760,8,0.0072171838
16,4970,4760,9,0.0060194925
16,4971,4765,8,0.0058510170
16,4972,4770,8,0.0072015269
16,4973,4812,8,0.0056577941
16,4974,4820,8,0.0064839421
16,4975,4825,8,0.0066325668
16,4976,4826,8,0.0085662590
16,4977,4826,9,0.0068212253
16,4978,4830,8,0.0085510977
16,4979,4830,9,0.0072004005
16,4980,4838,8,0.0056450899
16,4981,4849,8,0.0093574957
16,4982,4849,9,0.0078608898
16,4983,4878,8,0.0059927549
16,4984,4878,9,0.0058781557
16,4985,4880,8,0.0067998950
16,4986,4891,8,0.0065729991
16,4987,4896,8,0.0058390169
16,4988,4898,8,0.0077926723
16,4989,4898,9,0.0056080478
16,4990,4909,8,0.0064585796
16,4991,4914,8,0.0059235911
16,4992,4940,8,0.0072376377
16,4993,4940,9,0.0059664797
16,4994,4945,8,0.0062013087
16,4995,4945,9,0.0058302563
16,4996,4987,8,0.0070810768
16,4997,4993,8,0.0065902064
