selected_rank,candidate_index,source_type,level,parent,child,kernel_id,f_stat
0,16317,root_increment,1,-1,-1,16317,115.657
1,18078,root_increment,1,-1,-1,18078,112.992
2,16322,root_increment,1,-1,-1,16322,112.386
3,18670,root_increment,1,-1,-1,18670,111.359
4,17740,root_increment,1,-1,-1,17740,109.309
5,19369,root_increment,1,-1,-1,19369,108.697
6,17497,root_increment,1,-1,-1,17497,107.05
7,17495,root_increment,1,-1,-1,17495,105.296
8,17565,root_increment,1,-1,-1,17565,105.163
9,17563,root_increment,1,-1,-1,17563,102.919
10,17742,root_increment,1,-1,-1,17742,102.115
11,17568,root_increment,1,-1,-1,17568,101.436
12,18812,root_increment,1,-1,-1,18812,101.292
13,16900,root_increment,1,-1,-1,16900,99.575
14,19980,root_increment,1,-1,-1,19980,99.2627
15,18783,root_increment,1,-1,-1,18783,99.1495
16,19332,root_increment,1,-1,-1,19332,97.9964
17,17084,root_increment,1,-1,-1,17084,97.4306
18,18827,root_increment,1,-1,-1,18827,96.8588
19,18076,root_increment,1,-1,-1,18076,96.3707
20,17566,root_increment,1,-1,-1,17566,95.9853
21,18741,root_increment,1,-1,-1,18741,95.2531
22,17382,root_increment,1,-1,-1,17382,94.7417
23,17494,root_increment,1,-1,-1,17494,94.5113
24,18478,root_increment,1,-1,-1,18478,93.0061
25,19383,root_increment,1,-1,-1,19383,92.7131
26,19954,root_increment,1,-1,-1,19954,92.6234
27,17585,root_increment,1,-1,-1,17585,92.0537
28,18219,root_increment,1,-1,-1,18219,91.8518
29,18785,root_increment,1,-1,-1,18785,91.2626
30,18216,root_increment,1,-1,-1,18216,91.1399
31,16127,root_increment,1,-1,-1,16127,90.9522
32,19157,root_increment,1,-1,-1,19157,90.8327
33,18473,root_increment,1,-1,-1,18473,90.5448
34,16803,root_increment,1,-1,-1,16803,90.491
35,17440,root_increment,1,-1,-1,17440,90.4816
36,15386,root_increment,1,-1,-1,15386,90.4681
37,19327,root_increment,1,-1,-1,19327,90.445
38,16567,root_increment,1,-1,-1,16567,90.4093
39,17143,root_increment,1,-1,-1,17143,90.1702
40,16564,root_increment,1,-1,-1,16564,90.0889
41,19461,root_increment,1,-1,-1,19461,89.7225
42,19395,root_increment,1,-1,-1,19395,89.6766
43,16319,root_increment,1,-1,-1,16319,89.5533
44,18809,root_increment,1,-1,-1,18809,89.4061
45,18786,root_increment,1,-1,-1,18786,89.3137
46,18214,root_increment,1,-1,-1,18214,89.0774
47,18814,root_increment,1,-1,-1,18814,89.063
48,16463,root_increment,1,-1,-1,16463,88.6302
49,18075,root_increment,1,-1,-1,18075,88.5972
50,18146,root_increment,1,-1,-1,18146,88.4947
51,16460,root_increment,1,-1,-1,16460,88.4705
52,15146,root_increment,1,-1,-1,15146,88.1986
53,17148,root_increment,1,-1,-1,17148,88.1538
54,19390,root_increment,1,-1,-1,19390,87.9859
55,16392,root_increment,1,-1,-1,16392,87.9657
56,16889,root_increment,1,-1,-1,16889,87.3559
57,18675,root_increment,1,-1,-1,18675,87.3484
58,18321,root_increment,1,-1,-1,18321,86.8255
59,19466,root_increment,1,-1,-1,19466,86.7559
60,16884,root_increment,1,-1,-1,16884,86.5666
61,16903,root_increment,1,-1,-1,16903,86.5651
62,15282,root_increment,1,-1,-1,15282,86.5066
63,14031,root_increment,1,-1,-1,14031,86.4941
64,16902,root_increment,1,-1,-1,16902,86.4505
65,15285,root_increment,1,-1,-1,15285,86.4437
66,17633,root_increment,1,-1,-1,17633,85.984
67,16387,root_increment,1,-1,-1,16387,85.6112
68,17499,root_increment,1,-1,-1,17499,85.5278
69,498,root_increment,1,-1,-1,498,85.4971
70,16209,root_increment,1,-1,-1,16209,85.2112
71,17609,root_increment,1,-1,-1,17609,85.0332
72,13514,root_increment,1,-1,-1,13514,85.0253
73,16562,root_increment,1,-1,-1,16562,85.0007
74,17979,root_increment,1,-1,-1,17979,84.9641
75,19407,root_increment,1,-1,-1,19407,84.8397
76,17387,root_increment,1,-1,-1,17387,84.8383
77,16800,root_increment,1,-1,-1,16800,84.779
78,17123,root_increment,1,-1,-1,17123,84.7719
79,16708,root_increment,1,-1,-1,16708,84.4398
80,19257,root_increment,1,-1,-1,19257,84.2653
81,18811,root_increment,1,-1,-1,18811,84.2349
82,16547,root_increment,1,-1,-1,16547,84.201
83,17636,root_increment,1,-1,-1,17636,84.1683
84,19602,root_increment,1,-1,-1,19602,84.0555
85,3382,root_increment,1,-1,-1,3382,83.6586
86,19152,root_increment,1,-1,-1,19152,83.6314
87,19406,root_increment,1,-1,-1,19406,83.6299
88,17120,root_increment,1,-1,-1,17120,83.5504
89,3356,root_increment,1,-1,-1,3356,83.5428
90,17607,root_increment,1,-1,-1,17607,83.5288
91,18148,root_increment,1,-1,-1,18148,83.4731
92,1616,root_increment,1,-1,-1,1616,83.2375
93,15256,root_increment,1,-1,-1,15256,83.232
94,16899,root_increment,1,-1,-1,16899,83.1786
95,16122,root_increment,1,-1,-1,16122,83.1567
96,15713,root_increment,1,-1,-1,15713,83.0675
97,17145,root_increment,1,-1,-1,17145,82.8872
98,14073,root_increment,1,-1,-1,14073,82.8855
99,19398,root_increment,1,-1,-1,19398,82.7158
100,17639,root_increment,1,-1,-1,17639,82.707
101,5778,root_increment,1,-1,-1,5778,82.6707
102,3403,root_increment,1,-1,-1,3403,82.6677
103,532,root_increment,1,-1,-1,532,82.6234
104,16593,root_increment,1,-1,-1,16593,82.5988
105,19254,root_increment,1,-1,-1,19254,82.5763
106,18920,root_increment,1,-1,-1,18920,82.5641
107,16887,root_increment,1,-1,-1,16887,82.4694
108,17638,root_increment,1,-1,-1,17638,82.4646
109,3118,root_increment,1,-1,-1,3118,82.1624
110,15725,root_increment,1,-1,-1,15725,82.0444
111,6011,root_increment,1,-1,-1,6011,81.9883
112,19987,root_increment,1,-1,-1,19987,81.8214
113,3390,root_increment,1,-1,-1,3390,81.7552
114,2563,root_increment,1,-1,-1,2563,81.7305
115,18763,root_increment,1,-1,-1,18763,81.7068
116,18915,root_increment,1,-1,-1,18915,81.5902
117,19984,root_increment,1,-1,-1,19984,81.5875
118,17039,root_increment,1,-1,-1,17039,81.5023
119,18337,root_increment,1,-1,-1,18337,81.4948
120,17707,root_increment,1,-1,-1,17707,81.4565
121,13980,root_increment,1,-1,-1,13980,81.3427
122,19981,root_increment,1,-1,-1,19981,81.262
123,18876,root_increment,1,-1,-1,18876,81.1791
124,17128,root_increment,1,-1,-1,17128,81.1173
125,1336,root_increment,1,-1,-1,1336,81.0869
126,19419,root_increment,1,-1,-1,19419,81.0364
127,3068,root_increment,1,-1,-1,3068,81.0094
128,3411,root_increment,1,-1,-1,3411,80.9469
129,17044,root_increment,1,-1,-1,17044,80.9426
130,3471,root_increment,1,-1,-1,3471,80.9276
131,2131,root_increment,1,-1,-1,2131,80.9111
132,16703,root_increment,1,-1,-1,16703,80.9048
133,19394,root_increment,1,-1,-1,19394,80.8361
134,16886,root_increment,1,-1,-1,16886,80.8262
135,624,root_increment,1,-1,-1,624,80.8027
136,17041,root_increment,1,-1,-1,17041,80.7316
137,18149,root_increment,1,-1,-1,18149,80.6808
138,15015,root_increment,1,-1,-1,15015,80.6594
139,3081,root_increment,1,-1,-1,3081,80.6291
140,17277,root_increment,1,-1,-1,17277,80.531
141,2529,root_increment,1,-1,-1,2529,80.5163
142,299,root_increment,1,-1,-1,299,80.5085
143,19404,root_increment,1,-1,-1,19404,80.3831
144,18244,root_increment,1,-1,-1,18244,80.3811
145,2063,root_increment,1,-1,-1,2063,80.3715
146,2555,root_increment,1,-1,-1,2555,80.3294
147,5482,root_increment,1,-1,-1,5482,80.2624
148,14213,root_increment,1,-1,-1,14213,80.2598
149,574,root_increment,1,-1,-1,574,80.2361
150,257,root_increment,1,-1,-1,257,80.2334
151,18868,root_increment,1,-1,-1,18868,80.0904
152,3377,root_increment,1,-1,-1,3377,80.0768
153,18802,root_increment,1,-1,-1,18802,80.0178
154,18217,root_increment,1,-1,-1,18217,79.9972
155,17303,root_increment,1,-1,-1,17303,79.9906
156,14078,root_increment,1,-1,-1,14078,79.9496
157,15347,root_increment,1,-1,-1,15347,79.9274
158,16904,root_increment,1,-1,-1,16904,79.821
159,519,root_increment,1,-1,-1,519,79.8038
160,19422,root_increment,1,-1,-1,19422,79.7052
161,4760,root_increment,1,-1,-1,4760,79.7003
162,7108,root_increment,1,-1,-1,7108,79.5573
163,17115,root_increment,1,-1,-1,17115,79.5486
164,328,root_increment,1,-1,-1,328,79.5299
165,2029,root_increment,1,-1,-1,2029,79.477
166,2521,root_increment,1,-1,-1,2521,79.43
167,13248,root_increment,1,-1,-1,13248,79.4265
168,2542,root_increment,1,-1,-1,2542,79.423
169,2864,root_increment,1,-1,-1,2864,79.4127
170,540,root_increment,1,-1,-1,540,79.3659
171,17117,root_increment,1,-1,-1,17117,79.3567
172,3505,root_increment,1,-1,-1,3505,79.3204
173,4383,root_increment,1,-1,-1,4383,79.3121
174,2843,root_increment,1,-1,-1,2843,79.287
175,1248,root_increment,1,-1,-1,1248,79.2581
176,5461,root_increment,1,-1,-1,5461,79.2371
177,3102,root_increment,1,-1,-1,3102,79.2155
178,1582,root_increment,1,-1,-1,1582,79.1819
179,19329,root_increment,1,-1,-1,19329,79.1651
180,603,root_increment,1,-1,-1,603,79.1477
181,3005,root_increment,1,-1,-1,3005,79.1326
182,5469,root_increment,1,-1,-1,5469,79.1182
183,3736,root_increment,1,-1,-1,3736,79.0677
184,16206,root_increment,1,-1,-1,16206,79.0338
185,3654,root_increment,1,-1,-1,3654,78.9951
186,18190,root_increment,1,-1,-1,18190,78.9246
187,19391,root_increment,1,-1,-1,19391,78.9077
188,17157,root_increment,1,-1,-1,17157,78.8703
189,3675,root_increment,1,-1,-1,3675,78.8605
190,1595,root_increment,1,-1,-1,1595,78.8351
191,17038,root_increment,1,-1,-1,17038,78.826
192,3757,root_increment,1,-1,-1,3757,78.8112
193,16596,root_increment,1,-1,-1,16596,78.8017
194,7100,root_increment,1,-1,-1,7100,78.7891
195,61,root_increment,1,-1,-1,61,78.7749
196,18080,root_increment,1,-1,-1,18080,78.763
197,18476,root_increment,1,-1,-1,18476,78.7325
198,3967,root_increment,1,-1,-1,3967,78.7289
199,14620,root_increment,1,-1,-1,14620,78.6966
200,511,root_increment,1,-1,-1,511,78.6617
201,6024,root_increment,1,-1,-1,6024,78.6529
202,10420,root_increment,1,-1,-1,10420,78.6384
203,19942,root_increment,1,-1,-1,19942,78.6354
204,747,root_increment,1,-1,-1,747,78.589
205,18824,root_increment,1,-1,-1,18824,78.5872
206,19034,root_increment,1,-1,-1,19034,78.5375
207,10242,root_increment,1,-1,-1,10242,78.4403
208,16898,root_increment,1,-1,-1,16898,78.4302
209,16970,root_increment,1,-1,-1,16970,78.4291
210,3770,root_increment,1,-1,-1,3770,78.4097
211,17300,root_increment,1,-1,-1,17300,78.4067
212,3369,root_increment,1,-1,-1,3369,78.3497
213,19983,root_increment,1,-1,-1,19983,78.3256
214,3576,root_increment,1,-1,-1,3576,78.2375
215,15967,root_increment,1,-1,-1,15967,78.1318
216,1671,root_increment,1,-1,-1,1671,78.1154
217,15214,root_increment,1,-1,-1,15214,78.111
218,590,root_increment,1,-1,-1,590,78.1038
219,15020,root_increment,1,-1,-1,15020,78.0953
220,19054,root_increment,1,-1,-1,19054,78.09
221,17660,root_increment,1,-1,-1,17660,78.0865
222,18187,root_increment,1,-1,-1,18187,78.0772
223,16431,root_increment,1,-1,-1,16431,78.0375
224,3688,root_increment,1,-1,-1,3688,78.0206
225,17853,root_increment,1,-1,-1,17853,78.0054
226,3047,root_increment,1,-1,-1,3047,77.9937
227,2877,root_increment,1,-1,-1,2877,77.9833
228,11908,root_increment,1,-1,-1,11908,77.9774
229,7294,root_increment,1,-1,-1,7294,77.9655
230,5170,root_increment,1,-1,-1,5170,77.9458
231,19979,root_increment,1,-1,-1,19979,77.8989
232,5833,root_increment,1,-1,-1,5833,77.8673
233,2673,root_increment,1,-1,-1,2673,77.8589
234,15981,root_increment,1,-1,-1,15981,77.8312
235,6003,root_increment,1,-1,-1,6003,77.8008
236,155,root_increment,1,-1,-1,155,77.7252
237,2571,root_increment,1,-1,-1,2571,77.7106
238,3988,root_increment,1,-1,-1,3988,77.7103
239,16211,root_increment,1,-1,-1,16211,77.6694
240,3335,root_increment,1,-1,-1,3335,77.6654
241,17634,root_increment,1,-1,-1,17634,77.649
242,2605,root_increment,1,-1,-1,2605,77.6047
243,15344,root_increment,1,-1,-1,15344,77.5973
244,3416,root_increment,1,-1,-1,3416,77.5725
245,19953,root_increment,1,-1,-1,19953,77.5631
246,16637,root_increment,1,-1,-1,16637,77.5513
247,886,root_increment,1,-1,-1,886,77.5491
248,2856,root_increment,1,-1,-1,2856,77.5427
249,2623,root_increment,1,-1,-1,2623,77.4602
250,1025,root_increment,1,-1,-1,1025,77.4448
251,16262,root_increment,1,-1,-1,16262,77.4365
252,2550,root_increment,1,-1,-1,2550,77.3911
253,17280,root_increment,1,-1,-1,17280,77.3735
254,1705,root_increment,1,-1,-1,1705,77.3722
255,14028,root_increment,1,-1,-1,14028,77.3603
256,6638,root_increment,1,-1,-1,6638,77.3004
257,5765,root_increment,1,-1,-1,5765,77.2911
258,2013,root_increment,1,-1,-1,2013,77.2596
259,1794,root_increment,1,-1,-1,1794,77.2314
260,15389,root_increment,1,-1,-1,15389,77.2233
261,3026,root_increment,1,-1,-1,3026,77.2204
262,2992,root_increment,1,-1,-1,2992,77.1972
263,14536,root_increment,1,-1,-1,14536,77.1697
264,2636,root_increment,1,-1,-1,2636,77.1337
265,19966,root_increment,1,-1,-1,19966,77.1172
266,4276,root_increment,1,-1,-1,4276,77.1069
267,3626,root_increment,1,-1,-1,3626,77.046
268,17546,root_increment,1,-1,-1,17546,77.019
269,17897,root_increment,1,-1,-1,17897,76.986
270,19982,root_increment,1,-1,-1,19982,76.9568
271,12680,root_increment,1,-1,-1,12680,76.9342
272,7302,root_increment,1,-1,-1,7302,76.8942
273,3293,root_increment,1,-1,-1,3293,76.8767
274,18220,root_increment,1,-1,-1,18220,76.8664
275,16806,root_increment,1,-1,-1,16806,76.8328
276,13902,root_increment,1,-1,-1,13902,76.8193
277,17657,root_increment,1,-1,-1,17657,76.7753
278,286,root_increment,1,-1,-1,286,76.7388
279,19251,root_increment,1,-1,-1,19251,76.7382
280,150,root_increment,1,-1,-1,150,76.7302
281,16193,root_increment,1,-1,-1,16193,76.7274
282,18560,root_increment,1,-1,-1,18560,76.7226
283,5118,root_increment,1,-1,-1,5118,76.7047
284,15501,root_increment,1,-1,-1,15501,76.7045
285,14104,root_increment,1,-1,-1,14104,76.6181
286,142,root_increment,1,-1,-1,142,76.6046
287,5058,root_increment,1,-1,-1,5058,76.6005
288,15628,root_increment,1,-1,-1,15628,76.547
289,930,root_increment,1,-1,-1,930,76.5428
290,553,root_increment,1,-1,-1,553,76.4857
291,18192,root_increment,1,-1,-1,18192,76.4378
292,15269,root_increment,1,-1,-1,15269,76.4115
293,19059,root_increment,1,-1,-1,19059,76.3508
294,18144,root_increment,1,-1,-1,18144,76.3306
295,2186,root_increment,1,-1,-1,2186,76.3295
296,176,root_increment,1,-1,-1,176,76.3192
297,4145,root_increment,1,-1,-1,4145,76.2773
298,10245,root_increment,1,-1,-1,10245,76.2635
299,991,root_increment,1,-1,-1,991,76.2016
300,2315,root_increment,1,-1,-1,2315,76.1906
301,17701,root_increment,1,-1,-1,17701,76.1354
302,865,root_increment,1,-1,-1,865,76.1352
303,163,root_increment,1,-1,-1,163,76.1299
304,1422,root_increment,1,-1,-1,1422,76.1037
305,3089,root_increment,1,-1,-1,3089,76.0989
306,3139,root_increment,1,-1,-1,3139,76.0975
307,3492,root_increment,1,-1,-1,3492,76.0951
308,307,root_increment,1,-1,-1,307,76.0651
309,3131,root_increment,1,-1,-1,3131,76.0628
310,18434,root_increment,1,-1,-1,18434,76.0545
311,4404,root_increment,1,-1,-1,4404,76.0544
312,4747,root_increment,1,-1,-1,4747,76.043
313,425,root_increment,1,-1,-1,425,76.0391
314,19424,root_increment,1,-1,-1,19424,76.0043
315,14768,root_increment,1,-1,-1,14768,75.9963
316,561,root_increment,1,-1,-1,561,75.9177
317,15143,root_increment,1,-1,-1,15143,75.9124
318,14946,root_increment,1,-1,-1,14946,75.9021
319,19956,root_increment,1,-1,-1,19956,75.8776
320,14365,root_increment,1,-1,-1,14365,75.8451
321,18188,root_increment,1,-1,-1,18188,75.8221
322,1992,root_increment,1,-1,-1,1992,75.8176
323,13331,root_increment,1,-1,-1,13331,75.8044
324,6718,root_increment,1,-1,-1,6718,75.8034
325,773,root_increment,1,-1,-1,773,75.788
326,2385,root_increment,1,-1,-1,2385,75.7824
327,2694,root_increment,1,-1,-1,2694,75.7497
328,5162,root_increment,1,-1,-1,5162,75.7436
329,4988,root_increment,1,-1,-1,4988,75.7308
330,17894,root_increment,1,-1,-1,17894,75.721
331,3975,root_increment,1,-1,-1,3975,75.7142
332,2234,root_increment,1,-1,-1,2234,75.6203
333,3749,root_increment,1,-1,-1,3749,75.6169
334,3778,root_increment,1,-1,-1,3778,75.5771
335,820,root_increment,1,-1,-1,820,75.5609
336,18873,root_increment,1,-1,-1,18873,75.5247
337,5183,root_increment,1,-1,-1,5183,75.5151
338,3343,root_increment,1,-1,-1,3343,75.5081
339,19978,root_increment,1,-1,-1,19978,75.5022
340,2042,root_increment,1,-1,-1,2042,75.4948
341,15986,root_increment,1,-1,-1,15986,75.4898
342,18877,root_increment,1,-1,-1,18877,75.4472
343,1684,root_increment,1,-1,-1,1684,75.4132
344,6181,root_increment,1,-1,-1,6181,75.413
345,13596,root_increment,1,-1,-1,13596,75.3928
346,8228,root_increment,1,-1,-1,8228,75.3912
347,3432,root_increment,1,-1,-1,3432,75.3695
348,12221,root_increment,1,-1,-1,12221,75.3639
349,16968,root_increment,1,-1,-1,16968,75.3543
350,4396,root_increment,1,-1,-1,4396,75.3524
351,1603,root_increment,1,-1,-1,1603,75.3483
352,901,root_increment,1,-1,-1,901,75.3412
353,17071,root_increment,1,-1,-1,17071,75.3231
354,2005,root_increment,1,-1,-1,2005,75.3202
355,17879,root_increment,1,-1,-1,17879,75.3118
356,168,root_increment,1,-1,-1,168,75.2684
357,935,root_increment,1,-1,-1,935,75.256
358,582,root_increment,1,-1,-1,582,75.2469
359,2050,root_increment,1,-1,-1,2050,75.2392
360,244,root_increment,1,-1,-1,244,75.2225
361,17561,root_increment,1,-1,-1,17561,75.1981
362,15253,root_increment,1,-1,-1,15253,75.181
363,5474,root_increment,1,-1,-1,5474,75.1682
364,18229,root_increment,1,-1,-1,18229,75.1544
365,17850,root_increment,1,-1,-1,17850,75.0811
366,16457,root_increment,1,-1,-1,16457,75.0542
367,438,root_increment,1,-1,-1,438,75.0129
368,2221,root_increment,1,-1,-1,2221,74.9815
369,15391,root_increment,1,-1,-1,15391,74.9737
370,15258,root_increment,1,-1,-1,15258,74.9472
371,417,root_increment,1,-1,-1,417,74.9452
372,18872,root_increment,1,-1,-1,18872,74.932
373,16082,root_increment,1,-1,-1,16082,74.9304
374,2971,root_increment,1,-1,-1,2971,74.9146
375,854,root_increment,1,-1,-1,854,74.9001
376,18743,root_increment,1,-1,-1,18743,74.8965
377,899,root_increment,1,-1,-1,899,74.876
378,1692,root_increment,1,-1,-1,1692,74.8759
379,3327,root_increment,1,-1,-1,3327,74.8621
380,19374,root_increment,1,-1,-1,19374,74.8509
381,17146,root_increment,1,-1,-1,17146,74.8474
382,14,root_increment,1,-1,-1,14,74.8346
383,611,root_increment,1,-1,-1,611,74.8292
384,17590,root_increment,1,-1,-1,17590,74.8202
385,4158,root_increment,1,-1,-1,4158,74.8162
386,18431,root_increment,1,-1,-1,18431,74.7736
387,5220,root_increment,1,-1,-1,5220,74.7587
388,27,root_increment,1,-1,-1,27,74.7498
389,19989,root_increment,1,-1,-1,19989,74.7177
390,12849,root_increment,1,-1,-1,12849,74.7113
391,4802,root_increment,1,-1,-1,4802,74.7019
392,18295,root_increment,1,-1,-1,18295,74.6579
393,6016,root_increment,1,-1,-1,6016,74.6443
394,1768,root_increment,1,-1,-1,1768,74.6291
395,14806,root_increment,1,-1,-1,14806,74.6157
396,6897,root_increment,1,-1,-1,6897,74.5955
397,15722,root_increment,1,-1,-1,15722,74.5901
398,3744,root_increment,1,-1,-1,3744,74.5874
399,13565,root_increment,1,-1,-1,13565,74.559
400,781,root_increment,1,-1,-1,781,74.5574
401,17171,root_increment,1,-1,-1,17171,74.5506
402,13690,root_increment,1,-1,-1,13690,74.546
403,17056,root_increment,1,-1,-1,17056,74.54
404,4166,root_increment,1,-1,-1,4166,74.5344
405,17369,root_increment,1,-1,-1,17369,74.5284
406,3597,root_increment,1,-1,-1,3597,74.5229
407,2788,root_increment,1,-1,-1,2788,74.5229
408,6601,root_increment,1,-1,-1,6601,74.4911
409,1352,root_increment,1,-1,-1,1352,74.4577
410,3314,root_increment,1,-1,-1,3314,74.4547
411,16085,root_increment,1,-1,-1,16085,74.4499
412,3105,root_increment,1,-1,-1,3105,74.4372
413,6202,root_increment,1,-1,-1,6202,74.4274
414,1629,root_increment,1,-1,-1,1629,74.415
415,3060,root_increment,1,-1,-1,3060,74.4031
416,14794,root_increment,1,-1,-1,14794,74.4009
417,18766,root_increment,1,-1,-1,18766,74.3794
418,1294,root_increment,1,-1,-1,1294,74.3793
419,16973,root_increment,1,-1,-1,16973,74.3728
420,3484,root_increment,1,-1,-1,3484,74.3725
421,17696,root_increment,1,-1,-1,17696,74.3684
422,2615,root_increment,1,-1,-1,2615,74.3562
423,3398,root_increment,1,-1,-1,3398,74.278
424,5001,root_increment,1,-1,-1,5001,74.2621
425,802,root_increment,1,-1,-1,802,74.2614
426,17162,root_increment,1,-1,-1,17162,74.2555
427,4823,root_increment,1,-1,-1,4823,74.2527
428,17655,root_increment,1,-1,-1,17655,74.2523
429,17298,root_increment,1,-1,-1,17298,74.242
430,786,root_increment,1,-1,-1,786,74.2218
431,1815,root_increment,1,-1,-1,1815,74.207
432,17698,root_increment,1,-1,-1,17698,74.1946
433,6606,root_increment,1,-1,-1,6606,74.1886
434,4289,root_increment,1,-1,-1,4289,74.1879
435,17884,root_increment,1,-1,-1,17884,74.1596
436,15287,root_increment,1,-1,-1,15287,74.1568
437,197,root_increment,1,-1,-1,197,74.1469
438,8359,root_increment,1,-1,-1,8359,74.1429
439,6676,root_increment,1,-1,-1,6676,74.1395
440,2021,root_increment,1,-1,-1,2021,74.1313
441,3034,root_increment,1,-1,-1,3034,74.1205
442,5241,root_increment,1,-1,-1,5241,74.1077
443,2584,root_increment,1,-1,-1,2584,74.0977
444,794,root_increment,1,-1,-1,794,74.0759
445,17743,root_increment,1,-1,-1,17743,74.073
446,17042,root_increment,1,-1,-1,17042,74.0717
447,6614,root_increment,1,-1,-1,6614,74.047
448,1273,root_increment,1,-1,-1,1273,74.0374
449,4645,root_increment,1,-1,-1,4645,74.0368
450,4632,root_increment,1,-1,-1,4632,74.0327
451,1004,root_increment,1,-1,-1,1004,74.009
452,2644,root_increment,1,-1,-1,2644,73.9891
453,16010,root_increment,1,-1,-1,16010,73.9866
454,2835,root_increment,1,-1,-1,2835,73.986
455,1642,root_increment,1,-1,-1,1642,73.9792
456,2336,root_increment,1,-1,-1,2336,73.9496
457,8220,root_increment,1,-1,-1,8220,73.9475
458,2534,root_increment,1,-1,-1,2534,73.9357
459,1561,root_increment,1,-1,-1,1561,73.9291
460,2144,root_increment,1,-1,-1,2144,73.926
461,6689,root_increment,1,-1,-1,6689,73.9245
462,273,root_increment,1,-1,-1,273,73.9114
463,18145,root_increment,1,-1,-1,18145,73.9074
464,19256,root_increment,1,-1,-1,19256,73.8887
465,1608,root_increment,1,-1,-1,1608,73.8862
466,6630,root_increment,1,-1,-1,6630,73.8672
467,15970,root_increment,1,-1,-1,15970,73.8637
468,4268,root_increment,1,-1,-1,4268,73.8634
469,18777,root_increment,1,-1,-1,18777,73.8294
470,10907,root_increment,1,-1,-1,10907,73.7871
471,13693,root_increment,1,-1,-1,13693,73.7827
472,396,root_increment,1,-1,-1,396,73.7728
473,18885,root_increment,1,-1,-1,18885,73.7559
474,1621,root_increment,1,-1,-1,1621,73.7528
475,1373,root_increment,1,-1,-1,1373,73.7432
476,4581,root_increment,1,-1,-1,4581,73.7305
477,18788,root_increment,1,-1,-1,18788,73.7223
478,15727,root_increment,1,-1,-1,15727,73.7201
479,1911,root_increment,1,-1,-1,1911,73.72
480,15728,root_increment,1,-1,-1,15728,73.7116
481,7150,root_increment,1,-1,-1,7150,73.71
482,2869,root_increment,1,-1,-1,2869,73.6982
483,4560,root_increment,1,-1,-1,4560,73.6973
484,9836,root_increment,1,-1,-1,9836,73.6713
485,807,root_increment,1,-1,-1,807,73.666
486,726,root_increment,1,-1,-1,726,73.6637
487,14811,root_increment,1,-1,-1,14811,73.6634
488,1012,root_increment,1,-1,-1,1012,73.6279
489,2152,root_increment,1,-1,-1,2152,73.6251
490,9831,root_increment,1,-1,-1,9831,73.6092
491,5050,root_increment,1,-1,-1,5050,73.5994
492,3980,root_increment,1,-1,-1,3980,73.5943
493,16015,root_increment,1,-1,-1,16015,73.5856
494,349,root_increment,1,-1,-1,349,73.5754
495,6,root_increment,1,-1,-1,6,73.5564
496,2099,root_increment,1,-1,-1,2099,73.5536
497,16389,root_increment,1,-1,-1,16389,73.5482
498,1697,root_increment,1,-1,-1,1697,73.5343
499,8561,root_increment,1,-1,-1,8561,73.5246
500,3094,root_increment,1,-1,-1,3094,73.5206
501,1260,root_increment,1,-1,-1,1260,73.5182
502,15017,root_increment,1,-1,-1,15017,73.496
503,616,root_increment,1,-1,-1,616,73.4809
504,3395,root_increment,1,-1,-1,3395,73.476
505,147,root_increment,1,-1,-1,147,73.468
506,12637,root_increment,1,-1,-1,12637,73.4631
507,12168,root_increment,1,-1,-1,12168,73.4288
508,3605,root_increment,1,-1,-1,3605,73.426
509,15349,root_increment,1,-1,-1,15349,73.4127
510,3765,root_increment,1,-1,-1,3765,73.4029
511,2851,root_increment,1,-1,-1,2851,73.3881
512,7627,root_increment,1,-1,-1,7627,73.3812
513,14187,root_increment,1,-1,-1,14187,73.353
514,1663,root_increment,1,-1,-1,1663,73.336
515,18228,root_increment,1,-1,-1,18228,73.3319
516,18776,root_increment,1,-1,-1,18776,73.3095
517,236,root_increment,1,-1,-1,236,73.304
518,3055,root_increment,1,-1,-1,3055,73.2789
519,548,root_increment,1,-1,-1,548,73.269
520,218,root_increment,1,-1,-1,218,73.2669
521,17160,root_increment,1,-1,-1,17160,73.2493
522,13947,root_increment,1,-1,-1,13947,73.2475
523,14849,root_increment,1,-1,-1,14849,73.219
524,16591,root_increment,1,-1,-1,16591,73.2034
525,6032,root_increment,1,-1,-1,6032,73.2005
526,14688,root_increment,1,-1,-1,14688,73.2005
527,2213,root_increment,1,-1,-1,2213,73.1678
528,1394,root_increment,1,-1,-1,1394,73.1645
529,278,root_increment,1,-1,-1,278,73.1393
530,569,root_increment,1,-1,-1,569,73.1381
531,7044,root_increment,1,-1,-1,7044,73.136
532,4391,root_increment,1,-1,-1,4391,73.1334
533,1676,root_increment,1,-1,-1,1676,73.1121
534,18277,root_increment,1,-1,-1,18277,73.1032
535,2086,root_increment,1,-1,-1,2086,73.1001
536,506,root_increment,1,-1,-1,506,73.0898
537,3196,root_increment,1,-1,-1,3196,73.0785
538,15708,root_increment,1,-1,-1,15708,73.0749
539,1590,root_increment,1,-1,-1,1590,73.0698
540,391,root_increment,1,-1,-1,391,73.0638
541,3959,root_increment,1,-1,-1,3959,73.0608
542,16590,root_increment,1,-1,-1,16590,73.0596
543,14921,root_increment,1,-1,-1,14921,73.0577
544,18334,root_increment,1,-1,-1,18334,73.0562
545,3534,root_increment,1,-1,-1,3534,73.0496
546,370,root_increment,1,-1,-1,370,73.0229
547,17635,root_increment,1,-1,-1,17635,73.0169
548,2247,root_increment,1,-1,-1,2247,73.0064
549,5009,root_increment,1,-1,-1,5009,72.9957
550,82,root_increment,1,-1,-1,82,72.9931
551,4281,root_increment,1,-1,-1,4281,72.9887
552,6609,root_increment,1,-1,-1,6609,72.959
553,404,root_increment,1,-1,-1,404,72.9496
554,18882,root_increment,1,-1,-1,18882,72.9219
555,14091,root_increment,1,-1,-1,14091,72.913
556,2242,root_increment,1,-1,-1,2242,72.9093
557,5487,root_increment,1,-1,-1,5487,72.8946
558,19409,root_increment,1,-1,-1,19409,72.8672
559,383,root_increment,1,-1,-1,383,72.8658
560,6087,root_increment,1,-1,-1,6087,72.8647
561,1650,root_increment,1,-1,-1,1650,72.8644
562,3181,root_increment,1,-1,-1,3181,72.8555
563,1932,root_increment,1,-1,-1,1932,72.837
564,3513,root_increment,1,-1,-1,3513,72.8203
565,9666,root_increment,1,-1,-1,9666,72.8196
566,1987,root_increment,1,-1,-1,1987,72.8169
567,4996,root_increment,1,-1,-1,4996,72.815
568,3547,root_increment,1,-1,-1,3547,72.8048
569,15866,root_increment,1,-1,-1,15866,72.7915
570,19,root_increment,1,-1,-1,19,72.7582
571,40,root_increment,1,-1,-1,40,72.7516
572,2537,root_increment,1,-1,-1,2537,72.7327
573,3707,root_increment,1,-1,-1,3707,72.7315
574,3555,root_increment,1,-1,-1,3555,72.7167
575,4860,root_increment,1,-1,-1,4860,72.6863
576,7095,root_increment,1,-1,-1,7095,72.6804
577,13269,root_increment,1,-1,-1,13269,72.6733
578,6643,root_increment,1,-1,-1,6643,72.6653
579,4768,root_increment,1,-1,-1,4768,72.6551
580,16957,root_increment,1,-1,-1,16957,72.646
581,3938,root_increment,1,-1,-1,3938,72.6393
582,15933,root_increment,1,-1,-1,15933,72.6375
583,2796,root_increment,1,-1,-1,2796,72.6357
584,1760,root_increment,1,-1,-1,1760,72.6244
585,8412,root_increment,1,-1,-1,8412,72.6087
586,1655,root_increment,1,-1,-1,1655,72.6062
587,15530,root_increment,1,-1,-1,15530,72.5992
588,4529,root_increment,1,-1,-1,4529,72.598
589,4889,root_increment,1,-1,-1,4889,72.5969
590,3613,root_increment,1,-1,-1,3613,72.5932
591,16746,root_increment,1,-1,-1,16746,72.5926
592,4815,root_increment,1,-1,-1,4815,72.5867
593,11294,root_increment,1,-1,-1,11294,72.5816
594,1017,root_increment,1,-1,-1,1017,72.575
595,2419,root_increment,1,-1,-1,2419,72.5738
596,16805,root_increment,1,-1,-1,16805,72.5683
597,1802,root_increment,1,-1,-1,1802,72.5652
598,19330,root_increment,1,-1,-1,19330,72.5356
599,13562,root_increment,1,-1,-1,13562,72.5217
600,2276,root_increment,1,-1,-1,2276,72.5058
601,1386,root_increment,1,-1,-1,1386,72.4993
602,341,root_increment,1,-1,-1,341,72.4881
603,841,root_increment,1,-1,-1,841,72.4786
604,3021,root_increment,1,-1,-1,3021,72.4698
605,18065,root_increment,1,-1,-1,18065,72.4656
606,922,root_increment,1,-1,-1,922,72.4605
607,5786,root_increment,1,-1,-1,5786,72.4354
608,18062,root_increment,1,-1,-1,18062,72.4347
609,6889,root_increment,1,-1,-1,6889,72.4294
610,4260,root_increment,1,-1,-1,4260,72.4151
611,375,root_increment,1,-1,-1,375,72.4095
612,2558,root_increment,1,-1,-1,2558,72.3894
613,15942,root_increment,1,-1,-1,15942,72.3569
614,171,root_increment,1,-1,-1,171,72.3426
615,9381,root_increment,1,-1,-1,9381,72.3421
616,15543,root_increment,1,-1,-1,15543,72.3377
617,12216,root_increment,1,-1,-1,12216,72.3282
618,4624,root_increment,1,-1,-1,4624,72.3209
619,8404,root_increment,1,-1,-1,8404,72.3137
620,14538,root_increment,1,-1,-1,14538,72.2591
621,3907,root_increment,1,-1,-1,3907,72.2577
622,9386,root_increment,1,-1,-1,9386,72.2457
623,5770,root_increment,1,-1,-1,5770,72.2435
624,2547,root_increment,1,-1,-1,2547,72.2377
625,265,root_increment,1,-1,-1,265,72.229
626,8169,root_increment,1,-1,-1,8169,72.2281
627,7317,root_increment,1,-1,-1,7317,72.2268
628,2000,root_increment,1,-1,-1,2000,72.2236
629,3364,root_increment,1,-1,-1,3364,72.2197
630,1178,root_increment,1,-1,-1,1178,72.2124
631,4868,root_increment,1,-1,-1,4868,72.2089
632,18782,root_increment,1,-1,-1,18782,72.2056
633,10240,root_increment,1,-1,-1,10240,72.2042
634,10247,root_increment,1,-1,-1,10247,72.2036
635,446,root_increment,1,-1,-1,446,72.2012
636,2767,root_increment,1,-1,-1,2767,72.1784
637,18874,root_increment,1,-1,-1,18874,72.1783
638,4124,root_increment,1,-1,-1,4124,72.1387
639,4881,root_increment,1,-1,-1,4881,72.1272
640,760,root_increment,1,-1,-1,760,72.1219
641,12255,root_increment,1,-1,-1,12255,72.1055
642,7866,root_increment,1,-1,-1,7866,72.1027
643,2649,root_increment,1,-1,-1,2649,72.0997
644,3126,root_increment,1,-1,-1,3126,72.0874
645,4980,root_increment,1,-1,-1,4980,72.0823
646,909,root_increment,1,-1,-1,909,72.0764
647,1315,root_increment,1,-1,-1,1315,72.0748
648,11588,root_increment,1,-1,-1,11588,72.0556
649,18291,root_increment,1,-1,-1,18291,72.0429
650,312,root_increment,1,-1,-1,312,72.0305
651,1773,root_increment,1,-1,-1,1773,72.0199
652,17598,root_increment,1,-1,-1,17598,72.0076
653,734,root_increment,1,-1,-1,734,71.9778
654,7186,root_increment,1,-1,-1,7186,71.9227
655,8049,root_increment,1,-1,-1,8049,71.9214
656,17828,root_increment,1,-1,-1,17828,71.893
657,3419,root_increment,1,-1,-1,3419,71.8876
658,3784,root_increment,1,-1,-1,3784,71.871
659,14366,root_increment,1,-1,-1,14366,71.8687
660,16458,root_increment,1,-1,-1,16458,71.8499
661,1409,root_increment,1,-1,-1,1409,71.8428
662,459,root_increment,1,-1,-1,459,71.8414
663,4752,root_increment,1,-1,-1,4752,71.8227
664,687,root_increment,1,-1,-1,687,71.8111
665,12350,root_increment,1,-1,-1,12350,71.8018
666,18293,root_increment,1,-1,-1,18293,71.7975
667,2984,root_increment,1,-1,-1,2984,71.797
668,2872,root_increment,1,-1,-1,2872,71.7969
669,938,root_increment,1,-1,-1,938,71.781
670,566,root_increment,1,-1,-1,566,71.7669
671,5867,root_increment,1,-1,-1,5867,71.7669
672,12250,root_increment,1,-1,-1,12250,71.7491
673,4810,root_increment,1,-1,-1,4810,71.7466
674,1191,root_increment,1,-1,-1,1191,71.7403
675,362,root_increment,1,-1,-1,362,71.7324
676,4263,root_increment,1,-1,-1,4263,71.7315
677,6194,root_increment,1,-1,-1,6194,71.7073
678,12253,root_increment,1,-1,-1,12253,71.7059
679,7425,root_increment,1,-1,-1,7425,71.7014
680,15863,root_increment,1,-1,-1,15863,71.687
681,1033,root_increment,1,-1,-1,1033,71.6738
682,4516,root_increment,1,-1,-1,4516,71.6638
683,16079,root_increment,1,-1,-1,16079,71.6637
684,17107,root_increment,1,-1,-1,17107,71.6307
685,15350,root_increment,1,-1,-1,15350,71.6284
686,6860,root_increment,1,-1,-1,6860,71.6273
687,5063,root_increment,1,-1,-1,5063,71.6087
688,13250,root_increment,1,-1,-1,13250,71.6066
689,1611,root_increment,1,-1,-1,1611,71.6036
690,493,root_increment,1,-1,-1,493,71.6003
691,14808,root_increment,1,-1,-1,14808,71.5787
692,3618,root_increment,1,-1,-1,3618,71.5749
693,137,root_increment,1,-1,-1,137,71.5641
694,18238,root_increment,1,-1,-1,18238,71.5554
695,5545,root_increment,1,-1,-1,5545,71.5545
696,184,root_increment,1,-1,-1,184,71.5509
697,1689,root_increment,1,-1,-1,1689,71.5506
698,2830,root_increment,1,-1,-1,2830,71.5445
699,10910,root_increment,1,-1,-1,10910,71.533
700,4153,root_increment,1,-1,-1,4153,71.5271
701,19402,root_increment,1,-1,-1,19402,71.5261
702,17976,root_increment,1,-1,-1,17976,71.5251
703,17118,root_increment,1,-1,-1,17118,71.5208
704,480,root_increment,1,-1,-1,480,71.5185
705,3933,root_increment,1,-1,-1,3933,71.5173
706,3946,root_increment,1,-1,-1,3946,71.5143
707,1401,root_increment,1,-1,-1,1401,71.5141
708,700,root_increment,1,-1,-1,700,71.5079
709,14174,root_increment,1,-1,-1,14174,71.4959
710,5045,root_increment,1,-1,-1,5045,71.4782
711,595,root_increment,1,-1,-1,595,71.4741
712,640,root_increment,1,-1,-1,640,71.4542
713,15939,root_increment,1,-1,-1,15939,71.4457
714,15983,root_increment,1,-1,-1,15983,71.4343
715,3728,root_increment,1,-1,-1,3728,71.4327
716,1235,root_increment,1,-1,-1,1235,71.4248
717,16677,root_increment,1,-1,-1,16677,71.4116
718,873,root_increment,1,-1,-1,873,71.4056
719,1781,root_increment,1,-1,-1,1781,71.3843
720,1924,root_increment,1,-1,-1,1924,71.376
721,13501,root_increment,1,-1,-1,13501,71.3759
722,765,root_increment,1,-1,-1,765,71.3708
723,10208,root_increment,1,-1,-1,10208,71.3675
724,3249,root_increment,1,-1,-1,3249,71.3608
725,15989,root_increment,1,-1,-1,15989,71.3559
726,8194,root_increment,1,-1,-1,8194,71.3545
727,739,root_increment,1,-1,-1,739,71.3508
728,15527,root_increment,1,-1,-1,15527,71.3324
729,3928,root_increment,1,-1,-1,3928,71.3308
730,1890,root_increment,1,-1,-1,1890,71.3077
731,1467,root_increment,1,-1,-1,1467,71.3046
732,2979,root_increment,1,-1,-1,2979,71.2855
733,1459,root_increment,1,-1,-1,1459,71.2719
734,18822,root_increment,1,-1,-1,18822,71.2696
735,19939,root_increment,1,-1,-1,19939,71.2559
736,18878,root_increment,1,-1,-1,18878,71.2423
737,524,root_increment,1,-1,-1,524,71.2402
738,2226,root_increment,1,-1,-1,2226,71.2391
739,3920,root_increment,1,-1,-1,3920,71.2177
740,8257,root_increment,1,-1,-1,8257,71.2129
741,3639,root_increment,1,-1,-1,3639,71.2064
742,917,root_increment,1,-1,-1,917,71.2052
743,18233,root_increment,1,-1,-1,18233,71.2016
744,14132,root_increment,1,-1,-1,14132,71.2011
745,18304,root_increment,1,-1,-1,18304,71.1907
746,16279,root_increment,1,-1,-1,16279,71.1846
747,4891,root_increment,1,-1,-1,4891,71.166
748,16719,root_increment,1,-1,-1,16719,71.1555
749,1212,root_increment,1,-1,-1,1212,71.1553
750,19478,root_increment,1,-1,-1,19478,71.1515
751,12553,root_increment,1,-1,-1,12553,71.1512
752,2848,root_increment,1,-1,-1,2848,71.1129
753,3912,root_increment,1,-1,-1,3912,71.0981
754,6593,root_increment,1,-1,-1,6593,71.0861
755,3042,root_increment,1,-1,-1,3042,71.0822
756,6468,root_increment,1,-1,-1,6468,71.0774
757,3013,root_increment,1,-1,-1,3013,71.0722
758,7312,root_increment,1,-1,-1,7312,71.0647
759,3385,root_increment,1,-1,-1,3385,71.0559
760,13517,root_increment,1,-1,-1,13517,71.0469
761,3301,root_increment,1,-1,-1,3301,71.0468
762,5407,root_increment,1,-1,-1,5407,71.038
763,3322,root_increment,1,-1,-1,3322,71.0159
764,2838,root_increment,1,-1,-1,2838,70.989
765,18618,root_increment,1,-1,-1,18618,70.9796
766,13264,root_increment,1,-1,-1,13264,70.9697
767,4904,root_increment,1,-1,-1,4904,70.9559
768,249,root_increment,1,-1,-1,249,70.9477
769,15792,root_increment,1,-1,-1,15792,70.9467
770,16522,root_increment,1,-1,-1,16522,70.9461
771,1480,root_increment,1,-1,-1,1480,70.9444
772,3168,root_increment,1,-1,-1,3168,70.9301
773,3752,root_increment,1,-1,-1,3752,70.9038
774,4331,root_increment,1,-1,-1,4331,70.8849
775,943,root_increment,1,-1,-1,943,70.883
776,9464,root_increment,1,-1,-1,9464,70.8815
777,17700,root_increment,1,-1,-1,17700,70.8743
778,1587,root_increment,1,-1,-1,1587,70.8713
779,15211,root_increment,1,-1,-1,15211,70.8653
780,11905,root_increment,1,-1,-1,11905,70.8593
781,3762,root_increment,1,-1,-1,3762,70.8517
782,6635,root_increment,1,-1,-1,6635,70.8385
783,1679,root_increment,1,-1,-1,1679,70.8227
784,3000,root_increment,1,-1,-1,3000,70.8079
785,16429,root_increment,1,-1,-1,16429,70.8011
786,19039,root_increment,1,-1,-1,19039,70.7962
787,5650,root_increment,1,-1,-1,5650,70.7953
788,5574,root_increment,1,-1,-1,5574,70.7883
789,503,root_increment,1,-1,-1,503,70.7834
790,210,root_increment,1,-1,-1,210,70.7772
791,3917,root_increment,1,-1,-1,3917,70.775
792,3904,root_increment,1,-1,-1,3904,70.7723
793,3925,root_increment,1,-1,-1,3925,70.7723
794,4030,root_increment,1,-1,-1,4030,70.7539
795,19603,root_increment,1,-1,-1,19603,70.7356
796,11208,root_increment,1,-1,-1,11208,70.7351
797,35,root_increment,1,-1,-1,35,70.7334
798,17159,root_increment,1,-1,-1,17159,70.7273
799,3110,root_increment,1,-1,-1,3110,70.7257
800,16434,root_increment,1,-1,-1,16434,70.7249
801,1222,root_increment,1,-1,-1,1222,70.7233
802,17015,root_increment,1,-1,-1,17015,70.7218
803,5428,root_increment,1,-1,-1,5428,70.6641
804,17508,root_increment,1,-1,-1,17508,70.6451
805,598,root_increment,1,-1,-1,598,70.6216
806,1097,root_increment,1,-1,-1,1097,70.5897
807,7168,root_increment,1,-1,-1,7168,70.5758
808,629,root_increment,1,-1,-1,629,70.5652
809,17010,root_increment,1,-1,-1,17010,70.5613
810,3160,root_increment,1,-1,-1,3160,70.5552
811,4284,root_increment,1,-1,-1,4284,70.547
812,6131,root_increment,1,-1,-1,6131,70.534
813,15793,root_increment,1,-1,-1,15793,70.5247
814,4205,root_increment,1,-1,-1,4205,70.5155
815,18456,root_increment,1,-1,-1,18456,70.5113
816,1836,root_increment,1,-1,-1,1836,70.4812
817,5553,root_increment,1,-1,-1,5553,70.4778
818,2263,root_increment,1,-1,-1,2263,70.473
819,17200,root_increment,1,-1,-1,17200,70.4638
820,17654,root_increment,1,-1,-1,17654,70.458
821,9828,root_increment,1,-1,-1,9828,70.4524
822,5524,root_increment,1,-1,-1,5524,70.4519
823,1286,root_increment,1,-1,-1,1286,70.4461
824,19908,root_increment,1,-1,-1,19908,70.4442
825,2406,root_increment,1,-1,-1,2406,70.4423
826,17712,root_increment,1,-1,-1,17712,70.4245
827,3634,root_increment,1,-1,-1,3634,70.4199
828,1757,root_increment,1,-1,-1,1757,70.4139
829,1227,root_increment,1,-1,-1,1227,70.4124
830,4912,root_increment,1,-1,-1,4912,70.4103
831,1577,root_increment,1,-1,-1,1577,70.4023
832,3662,root_increment,1,-1,-1,3662,70.402
833,2987,root_increment,1,-1,-1,2987,70.4017
834,13467,root_increment,1,-1,-1,13467,70.3963
835,16520,root_increment,1,-1,-1,16520,70.3885
836,5228,root_increment,1,-1,-1,5228,70.3861
837,16352,root_increment,1,-1,-1,16352,70.3848
838,7632,root_increment,1,-1,-1,7632,70.3844
839,4297,root_increment,1,-1,-1,4297,70.3786
840,14323,root_increment,1,-1,-1,14323,70.3773
841,6241,root_increment,1,-1,-1,6241,70.3758
842,15945,root_increment,1,-1,-1,15945,70.3753
843,16722,root_increment,1,-1,-1,16722,70.3645
844,17411,root_increment,1,-1,-1,17411,70.3505
845,17695,root_increment,1,-1,-1,17695,70.3474
846,5890,root_increment,1,-1,-1,5890,70.3406
847,5066,root_increment,1,-1,-1,5066,70.3336
848,11540,root_increment,1,-1,-1,11540,70.3317
849,878,root_increment,1,-1,-1,878,70.3091
850,18761,root_increment,1,-1,-1,18761,70.3083
851,11289,root_increment,1,-1,-1,11289,70.2983
852,556,root_increment,1,-1,-1,556,70.2953
853,74,root_increment,1,-1,-1,74,70.2756
854,17371,root_increment,1,-1,-1,17371,70.2732
855,2660,root_increment,1,-1,-1,2660,70.2651
856,6262,root_increment,1,-1,-1,6262,70.2642
857,6053,root_increment,1,-1,-1,6053,70.2459
858,1765,root_increment,1,-1,-1,1765,70.2225
859,205,root_increment,1,-1,-1,205,70.1902
860,3951,root_increment,1,-1,-1,3951,70.1893
861,1634,root_increment,1,-1,-1,1634,70.1884
862,3521,root_increment,1,-1,-1,3521,70.184
863,10376,root_increment,1,-1,-1,10376,70.1825
864,15984,root_increment,1,-1,-1,15984,70.1697
865,4508,root_increment,1,-1,-1,4508,70.1524
866,3330,root_increment,1,-1,-1,3330,70.1369
867,7411,root_increment,1,-1,-1,7411,70.128
868,17384,root_increment,1,-1,-1,17384,70.1215
869,14188,root_increment,1,-1,-1,14188,70.119
870,12839,root_increment,1,-1,-1,12839,70.1112
871,914,root_increment,1,-1,-1,914,70.1112
872,32,root_increment,1,-1,-1,32,70.1107
873,228,root_increment,1,-1,-1,228,70.0834
874,1871,root_increment,1,-1,-1,1871,70.0656
875,16099,root_increment,1,-1,-1,16099,70.0589
876,2094,root_increment,1,-1,-1,2094,70.055
877,5663,root_increment,1,-1,-1,5663,70.0363
878,16525,root_increment,1,-1,-1,16525,70.0361
879,6384,root_increment,1,-1,-1,6384,70.0079
880,118,root_increment,1,-1,-1,118,70.003
881,7307,root_increment,1,-1,-1,7307,70.002
882,1256,root_increment,1,-1,-1,1256,69.9996
883,3348,root_increment,1,-1,-1,3348,69.9876
884,3741,root_increment,1,-1,-1,3741,69.9788
885,2118,root_increment,1,-1,-1,2118,69.9725
886,1786,root_increment,1,-1,-1,1786,69.9618
887,16801,root_increment,1,-1,-1,16801,69.9185
888,18296,root_increment,1,-1,-1,18296,69.909
889,16487,root_increment,1,-1,-1,16487,69.8985
890,13897,root_increment,1,-1,-1,13897,69.8888
891,768,root_increment,1,-1,-1,768,69.8796
892,2208,root_increment,1,-1,-1,2208,69.8631
893,6776,root_increment,1,-1,-1,6776,69.8495
894,15795,root_increment,1,-1,-1,15795,69.8449
895,9676,root_increment,1,-1,-1,9676,69.8432
896,2165,root_increment,1,-1,-1,2165,69.841
897,4399,root_increment,1,-1,-1,4399,69.8326
898,2524,root_increment,1,-1,-1,2524,69.8317
899,2686,root_increment,1,-1,-1,2686,69.8043
900,18875,root_increment,1,-1,-1,18875,69.8029
901,15861,root_increment,1,-1,-1,15861,69.8023
902,16539,root_increment,1,-1,-1,16539,69.78
903,17043,root_increment,1,-1,-1,17043,69.7795
904,17258,root_increment,1,-1,-1,17258,69.7741
905,6705,root_increment,1,-1,-1,6705,69.7594
906,7036,root_increment,1,-1,-1,7036,69.7589
907,5634,root_increment,1,-1,-1,5634,69.756
908,7341,root_increment,1,-1,-1,7341,69.7206
909,5110,root_increment,1,-1,-1,5110,69.7115
910,294,root_increment,1,-1,-1,294,69.6924
911,4137,root_increment,1,-1,-1,4137,69.689
912,18734,root_increment,1,-1,-1,18734,69.6887
913,4755,root_increment,1,-1,-1,4755,69.6869
914,8223,root_increment,1,-1,-1,8223,69.683
915,1446,root_increment,1,-1,-1,1446,69.6793
916,14606,root_increment,1,-1,-1,14606,69.6758
917,16536,root_increment,1,-1,-1,16536,69.6704
918,17892,root_increment,1,-1,-1,17892,69.6695
919,1396,root_increment,1,-1,-1,1396,69.6579
920,2628,root_increment,1,-1,-1,2628,69.6535
921,537,root_increment,1,-1,-1,537,69.6439
922,1778,root_increment,1,-1,-1,1778,69.6424
923,8044,root_increment,1,-1,-1,8044,69.6203
924,8119,root_increment,1,-1,-1,8119,69.6176
925,12345,root_increment,1,-1,-1,12345,69.6158
926,16432,root_increment,1,-1,-1,16432,69.6084
927,18440,root_increment,1,-1,-1,18440,69.6043
928,15798,root_increment,1,-1,-1,15798,69.5989
929,3915,root_increment,1,-1,-1,3915,69.5942
930,5741,root_increment,1,-1,-1,5741,69.5846
931,3217,root_increment,1,-1,-1,3217,69.5673
932,3542,root_increment,1,-1,-1,3542,69.5621
933,6066,root_increment,1,-1,-1,6066,69.5431
934,15724,root_increment,1,-1,-1,15724,69.5428
935,13899,root_increment,1,-1,-1,13899,69.5238
936,158,root_increment,1,-1,-1,158,69.5102
937,9127,root_increment,1,-1,-1,9127,69.5083
938,17606,root_increment,1,-1,-1,17606,69.4935
939,48,root_increment,1,-1,-1,48,69.4875
940,3306,root_increment,1,-1,-1,3306,69.4815
941,15209,root_increment,1,-1,-1,15209,69.4783
942,3972,root_increment,1,-1,-1,3972,69.4726
943,3563,root_increment,1,-1,-1,3563,69.445
944,1360,root_increment,1,-1,-1,1360,69.4423
945,2817,root_increment,1,-1,-1,2817,69.4227
946,1799,root_increment,1,-1,-1,1799,69.4199
947,105,root_increment,1,-1,-1,105,69.4167
948,1365,root_increment,1,-1,-1,1365,69.4154
949,3445,root_increment,1,-1,-1,3445,69.4151
950,3909,root_increment,1,-1,-1,3909,69.4024
951,16534,root_increment,1,-1,-1,16534,69.4014
952,3029,root_increment,1,-1,-1,3029,69.3886
953,5820,root_increment,1,-1,-1,5820,69.3825
954,11049,root_increment,1,-1,-1,11049,69.3737
955,15217,root_increment,1,-1,-1,15217,69.3682
956,16680,root_increment,1,-1,-1,16680,69.3625
957,6865,root_increment,1,-1,-1,6865,69.3551
958,16565,root_increment,1,-1,-1,16565,69.3442
959,12252,root_increment,1,-1,-1,12252,69.3438
960,3852,root_increment,1,-1,-1,3852,69.326
961,6585,root_increment,1,-1,-1,6585,69.3227
962,13567,root_increment,1,-1,-1,13567,69.3174
963,430,root_increment,1,-1,-1,430,69.3142
964,4876,root_increment,1,-1,-1,4876,69.3073
965,14326,root_increment,1,-1,-1,14326,69.3041
966,16196,root_increment,1,-1,-1,16196,69.2968
967,1199,root_increment,1,-1,-1,1199,69.2892
968,3805,root_increment,1,-1,-1,3805,69.2809
969,5415,root_increment,1,-1,-1,5415,69.2759
970,5490,root_increment,1,-1,-1,5490,69.2738
971,9671,root_increment,1,-1,-1,9671,69.2619
972,2081,root_increment,1,-1,-1,2081,69.2526
973,8310,root_increment,1,-1,-1,8310,69.2346
974,18218,root_increment,1,-1,-1,18218,69.2328
975,7215,root_increment,1,-1,-1,7215,69.198
976,9684,root_increment,1,-1,-1,9684,69.1975
977,12852,root_increment,1,-1,-1,12852,69.1947
978,14763,root_increment,1,-1,-1,14763,69.1883
979,1548,root_increment,1,-1,-1,1548,69.1843
980,16537,root_increment,1,-1,-1,16537,69.1693
981,412,root_increment,1,-1,-1,412,69.1642
982,6710,root_increment,1,-1,-1,6710,69.1522
983,3453,root_increment,1,-1,-1,3453,69.1467
984,6588,root_increment,1,-1,-1,6588,69.121
985,8313,root_increment,1,-1,-1,8313,69.12
986,19399,root_increment,1,-1,-1,19399,69.1187
987,5903,root_increment,1,-1,-1,5903,69.0912
988,17856,root_increment,1,-1,-1,17856,69.0892
989,2681,root_increment,1,-1,-1,2681,69.0792
990,1430,root_increment,1,-1,-1,1430,69.0631
991,17078,root_increment,1,-1,-1,17078,69.0574
992,789,root_increment,1,-1,-1,789,69.0562
993,16954,root_increment,1,-1,-1,16954,69.0554
994,14658,root_increment,1,-1,-1,14658,69.0403
995,4273,root_increment,1,-1,-1,4273,69.0369
996,5854,root_increment,1,-1,-1,5854,69.0287
997,2610,root_increment,1,-1,-1,2610,68.9874
998,3194,root_increment,1,-1,-1,3194,68.9689
999,1265,root_increment,1,-1,-1,1265,68.9683
1000,9674,root_increment,1,-1,-1,9674,68.9653
1001,18867,root_increment,1,-1,-1,18867,68.9629
1002,4043,root_increment,1,-1,-1,4043,68.9462
1003,1281,root_increment,1,-1,-1,1281,68.945
1004,18428,root_increment,1,-1,-1,18428,68.9238
1005,19392,root_increment,1,-1,-1,19392,68.9192
1006,10875,root_increment,1,-1,-1,10875,68.9122
1007,7155,root_increment,1,-1,-1,7155,68.9059
1008,6144,root_increment,1,-1,-1,6144,68.895
1009,4459,root_increment,1,-1,-1,4459,68.8782
1010,17373,root_increment,1,-1,-1,17373,68.8542
1011,6254,root_increment,1,-1,-1,6254,68.8475
1012,19463,root_increment,1,-1,-1,19463,68.8447
1013,1700,root_increment,1,-1,-1,1700,68.8373
1014,2665,root_increment,1,-1,-1,2665,68.8161
1015,13800,root_increment,1,-1,-1,13800,68.8145
1016,4521,root_increment,1,-1,-1,4521,68.8086
1017,160,root_increment,1,-1,-1,160,68.8017
1018,608,root_increment,1,-1,-1,608,68.7926
1019,1600,root_increment,1,-1,-1,1600,68.7801
1020,16012,root_increment,1,-1,-1,16012,68.7672
1021,2701,root_increment,1,-1,-1,2701,68.7654
1022,5249,root_increment,1,-1,-1,5249,68.7583
1023,1807,root_increment,1,-1,-1,1807,68.7485
1024,5503,root_increment,1,-1,-1,5503,68.7366
1025,999,root_increment,1,-1,-1,999,68.7163
1026,4226,root_increment,1,-1,-1,4226,68.7124
1027,16195,root_increment,1,-1,-1,16195,68.7074
1028,17610,root_increment,1,-1,-1,17610,68.7022
1029,11052,root_increment,1,-1,-1,11052,68.7021
1030,3589,root_increment,1,-1,-1,3589,68.6899
1031,4962,root_increment,1,-1,-1,4962,68.6844
1032,8318,root_increment,1,-1,-1,8318,68.6811
1033,5566,root_increment,1,-1,-1,5566,68.6805
1034,6543,root_increment,1,-1,-1,6543,68.6759
1035,17075,root_increment,1,-1,-1,17075,68.6614
1036,12248,root_increment,1,-1,-1,12248,68.6593
1037,2102,root_increment,1,-1,-1,2102,68.6545
1038,833,root_increment,1,-1,-1,833,68.6419
1039,3600,root_increment,1,-1,-1,3600,68.6369
1040,7309,root_increment,1,-1,-1,7309,68.6223
1041,1898,root_increment,1,-1,-1,1898,68.6189
1042,755,root_increment,1,-1,-1,755,68.6096
1043,3775,root_increment,1,-1,-1,3775,68.5967
1044,9689,root_increment,1,-1,-1,9689,68.5927
1045,1349,root_increment,1,-1,-1,1349,68.5707
1046,1276,root_increment,1,-1,-1,1276,68.5653
1047,18795,root_increment,1,-1,-1,18795,68.5614
1048,996,root_increment,1,-1,-1,996,68.5521
1049,16233,root_increment,1,-1,-1,16233,68.5417
1050,8569,root_increment,1,-1,-1,8569,68.5385
1051,6249,root_increment,1,-1,-1,6249,68.511
1052,1569,root_increment,1,-1,-1,1569,68.504
1053,13392,root_increment,1,-1,-1,13392,68.4938
1054,3283,root_increment,1,-1,-1,3283,68.4929
1055,3147,root_increment,1,-1,-1,3147,68.479
1056,5958,root_increment,1,-1,-1,5958,68.4764
1057,1919,root_increment,1,-1,-1,1919,68.4734
1058,19057,root_increment,1,-1,-1,19057,68.4621
1059,7467,root_increment,1,-1,-1,7467,68.4589
1060,3954,root_increment,1,-1,-1,3954,68.4573
1061,2699,root_increment,1,-1,-1,2699,68.4376
1062,189,root_increment,1,-1,-1,189,68.4218
1063,1841,root_increment,1,-1,-1,1841,68.4173
1064,15714,root_increment,1,-1,-1,15714,68.4028
1065,5608,root_increment,1,-1,-1,5608,68.4012
1066,5859,root_increment,1,-1,-1,5859,68.3947
1067,15541,root_increment,1,-1,-1,15541,68.3826
1068,1789,root_increment,1,-1,-1,1789,68.3822
1069,6611,root_increment,1,-1,-1,6611,68.3807
1070,18215,root_increment,1,-1,-1,18215,68.3699
1071,4090,root_increment,1,-1,-1,4090,68.3669
1072,18804,root_increment,1,-1,-1,18804,68.3544
1073,577,root_increment,1,-1,-1,577,68.3536
1074,472,root_increment,1,-1,-1,472,68.3529
1075,14607,root_increment,1,-1,-1,14607,68.3508
1076,8321,root_increment,1,-1,-1,8321,68.3461
1077,5587,root_increment,1,-1,-1,5587,68.3218
1078,15944,root_increment,1,-1,-1,15944,68.3218
1079,2714,root_increment,1,-1,-1,2714,68.3179
1080,11095,root_increment,1,-1,-1,11095,68.3084
1081,543,root_increment,1,-1,-1,543,68.3068
1082,2123,root_increment,1,-1,-1,2123,68.3038
1083,2199,root_increment,1,-1,-1,2199,68.3036
1084,3406,root_increment,1,-1,-1,3406,68.296
1085,1823,root_increment,1,-1,-1,1823,68.279
1086,19895,root_increment,1,-1,-1,19895,68.2729
1087,2229,root_increment,1,-1,-1,2229,68.2573
1088,15504,root_increment,1,-1,-1,15504,68.2509
1089,3962,root_increment,1,-1,-1,3962,68.231
1090,2398,root_increment,1,-1,-1,2398,68.2309
1091,3008,root_increment,1,-1,-1,3008,68.224
1092,16481,root_increment,1,-1,-1,16481,68.1998
1093,15711,root_increment,1,-1,-1,15711,68.1952
1094,4605,root_increment,1,-1,-1,4605,68.1821
1095,2735,root_increment,1,-1,-1,2735,68.1811
1096,7223,root_increment,1,-1,-1,7223,68.1778
1097,1030,root_increment,1,-1,-1,1030,68.1737
1098,1637,root_increment,1,-1,-1,1637,68.1733
1099,6029,root_increment,1,-1,-1,6029,68.1657
1100,3754,root_increment,1,-1,-1,3754,68.1261
1101,14088,root_increment,1,-1,-1,14088,68.1217
1102,8323,root_increment,1,-1,-1,8323,68.1166
1103,776,root_increment,1,-1,-1,776,68.1139
1104,19368,root_increment,1,-1,-1,19368,68.1083
1105,5796,root_increment,1,-1,-1,5796,68.1063
1106,17699,root_increment,1,-1,-1,17699,68.0985
1107,1,root_increment,1,-1,-1,1,68.098
1108,17653,root_increment,1,-1,-1,17653,68.0927
1109,1170,root_increment,1,-1,-1,1170,68.0764
1110,13454,root_increment,1,-1,-1,13454,68.0731
1111,3773,root_increment,1,-1,-1,3773,68.0713
1112,15546,root_increment,1,-1,-1,15546,68.0556
1113,7624,root_increment,1,-1,-1,7624,68.045
1114,14766,root_increment,1,-1,-1,14766,68.0343
1115,828,root_increment,1,-1,-1,828,68.024
1116,53,root_increment,1,-1,-1,53,68.0217
1117,5579,root_increment,1,-1,-1,5579,68.0054
1118,12218,root_increment,1,-1,-1,12218,68.0044
1119,7459,root_increment,1,-1,-1,7459,68.0042
1120,13805,root_increment,1,-1,-1,13805,68.0026
1121,2302,root_increment,1,-1,-1,2302,67.9987
1122,4386,root_increment,1,-1,-1,4386,67.9897
1123,13674,root_increment,1,-1,-1,13674,67.9622
1124,3526,root_increment,1,-1,-1,3526,67.9604
1125,3694,root_increment,1,-1,-1,3694,67.9451
1126,9451,root_increment,1,-1,-1,9451,67.9416
1127,262,root_increment,1,-1,-1,262,67.9371
1128,17766,root_increment,1,-1,-1,17766,67.9319
1129,1302,root_increment,1,-1,-1,1302,67.9274
1130,3288,root_increment,1,-1,-1,3288,67.9261
1131,3621,root_increment,1,-1,-1,3621,67.9207
1132,2139,root_increment,1,-1,-1,2139,67.9142
1133,2859,root_increment,1,-1,-1,2859,67.9077
1134,17855,root_increment,1,-1,-1,17855,67.9027
1135,14907,root_increment,1,-1,-1,14907,67.8794
1136,17851,root_increment,1,-1,-1,17851,67.8791
1137,6105,root_increment,1,-1,-1,6105,67.8652
1138,17739,root_increment,1,-1,-1,17739,67.8561
1139,15625,root_increment,1,-1,-1,15625,67.8422
1140,16675,root_increment,1,-1,-1,16675,67.8393
1141,564,root_increment,1,-1,-1,564,67.8169
1142,5466,root_increment,1,-1,-1,5466,67.7995
1143,14533,root_increment,1,-1,-1,14533,67.7657
1144,16125,root_increment,1,-1,-1,16125,67.7529
1145,388,root_increment,1,-1,-1,388,67.7437
1146,5642,root_increment,1,-1,-1,5642,67.7436
1147,315,root_increment,1,-1,-1,315,67.7268
1148,7160,root_increment,1,-1,-1,7160,67.7113
1149,15931,root_increment,1,-1,-1,15931,67.711
1150,2746,root_increment,1,-1,-1,2746,67.7026
1151,17567,root_increment,1,-1,-1,17567,67.6945
1152,16971,root_increment,1,-1,-1,16971,67.6939
1153,145,root_increment,1,-1,-1,145,67.6738
1154,5053,root_increment,1,-1,-1,5053,67.6685
1155,2055,root_increment,1,-1,-1,2055,67.6454
1156,6993,root_increment,1,-1,-1,6993,67.6387
1157,17368,root_increment,1,-1,-1,17368,67.6366
1158,1110,root_increment,1,-1,-1,1110,67.632
1159,14805,root_increment,1,-1,-1,14805,67.6272
1160,126,root_increment,1,-1,-1,126,67.618
1161,2255,root_increment,1,-1,-1,2255,67.6079
1162,8616,root_increment,1,-1,-1,8616,67.6
1163,2073,root_increment,1,-1,-1,2073,67.5955
1164,752,root_increment,1,-1,-1,752,67.5864
1165,8124,root_increment,1,-1,-1,8124,67.5767
1166,7019,root_increment,1,-1,-1,7019,67.5324
1167,281,root_increment,1,-1,-1,281,67.5263
1168,19911,root_increment,1,-1,-1,19911,67.5157
1169,9682,root_increment,1,-1,-1,9682,67.5019
1170,5600,root_increment,1,-1,-1,5600,67.4984
1171,18800,root_increment,1,-1,-1,18800,67.4892
1172,7011,root_increment,1,-1,-1,7011,67.4799
1173,4218,root_increment,1,-1,-1,4218,67.4615
1174,7959,root_increment,1,-1,-1,7959,67.4611
1175,5945,root_increment,1,-1,-1,5945,67.4575
1176,1668,root_increment,1,-1,-1,1668,67.4518
1177,1328,root_increment,1,-1,-1,1328,67.4428
1178,587,root_increment,1,-1,-1,587,67.4343
1179,5511,root_increment,1,-1,-1,5511,67.4225
1180,6640,root_increment,1,-1,-1,6640,67.4047
1181,14760,root_increment,1,-1,-1,14760,67.4035
1182,7894,root_increment,1,-1,-1,7894,67.4008
1183,320,root_increment,1,-1,-1,320,67.3858
1184,2592,root_increment,1,-1,-1,2592,67.3835
1185,1204,root_increment,1,-1,-1,1204,67.3739
1186,2289,root_increment,1,-1,-1,2289,67.3698
1187,1876,root_increment,1,-1,-1,1876,67.3677
1188,409,root_increment,1,-1,-1,409,67.3452
1189,5477,root_increment,1,-1,-1,5477,67.3389
1190,3230,root_increment,1,-1,-1,3230,67.3343
1191,1791,root_increment,1,-1,-1,1791,67.3326
1192,7375,root_increment,1,-1,-1,7375,67.3314
1193,15836,root_increment,1,-1,-1,15836,67.3314
1194,4318,root_increment,1,-1,-1,4318,67.3305
1195,1297,root_increment,1,-1,-1,1297,67.3258
1196,2597,root_increment,1,-1,-1,2597,67.3211
1197,5558,root_increment,1,-1,-1,5558,67.2997
1198,19371,root_increment,1,-1,-1,19371,67.2729
1199,3479,root_increment,1,-1,-1,3479,67.2676
1200,5875,root_increment,1,-1,-1,5875,67.2652
1201,12836,root_increment,1,-1,-1,12836,67.2648
1202,18251,root_increment,1,-1,-1,18251,67.2472
1203,17437,root_increment,1,-1,-1,17437,67.2327
1204,1289,root_increment,1,-1,-1,1289,67.2286
1205,17543,root_increment,1,-1,-1,17543,67.2203
1206,17385,root_increment,1,-1,-1,17385,67.2172
1207,4344,root_increment,1,-1,-1,4344,67.2028
1208,11988,root_increment,1,-1,-1,11988,67.1916
1209,2545,root_increment,1,-1,-1,2545,67.1692
1210,7322,root_increment,1,-1,-1,7322,67.1572
1211,13253,root_increment,1,-1,-1,13253,67.1547
1212,18292,root_increment,1,-1,-1,18292,67.1458
1213,2107,root_increment,1,-1,-1,2107,67.1404
1214,7367,root_increment,1,-1,-1,7367,67.138
1215,2037,root_increment,1,-1,-1,2037,67.1332
1216,6633,root_increment,1,-1,-1,6633,67.1314
1217,15361,root_increment,1,-1,-1,15361,67.1123
1218,4993,root_increment,1,-1,-1,4993,67.1121
1219,3076,root_increment,1,-1,-1,3076,67.1029
1220,1579,root_increment,1,-1,-1,1579,67.0971
1221,3720,root_increment,1,-1,-1,3720,67.0959
1222,15392,root_increment,1,-1,-1,15392,67.076
1223,5817,root_increment,1,-1,-1,5817,67.061
1224,1243,root_increment,1,-1,-1,1243,67.054
1225,10211,root_increment,1,-1,-1,10211,67.0412
1226,8713,root_increment,1,-1,-1,8713,67.0249
1227,1118,root_increment,1,-1,-1,1118,67.0208
1228,16093,root_increment,1,-1,-1,16093,67.0168
1229,223,root_increment,1,-1,-1,223,67.0113
1230,3739,root_increment,1,-1,-1,3739,67.0088
1231,1522,root_increment,1,-1,-1,1522,66.9967
1232,11575,root_increment,1,-1,-1,11575,66.9878
1233,9297,root_increment,1,-1,-1,9297,66.9813
1234,7103,root_increment,1,-1,-1,7103,66.9681
1235,8577,root_increment,1,-1,-1,8577,66.9614
1236,2427,root_increment,1,-1,-1,2427,66.9582
1237,2722,root_increment,1,-1,-1,2722,66.9565
1238,9310,root_increment,1,-1,-1,9310,66.9547
1239,1378,root_increment,1,-1,-1,1378,66.9522
1240,2328,root_increment,1,-1,-1,2328,66.9399
1241,7299,root_increment,1,-1,-1,7299,66.9362
1242,5236,root_increment,1,-1,-1,5236,66.9262
1243,13561,root_increment,1,-1,-1,13561,66.9239
1244,11,root_increment,1,-1,-1,11,66.9226
1245,7951,root_increment,1,-1,-1,7951,66.9208
1246,7370,root_increment,1,-1,-1,7370,66.8995
1247,17697,root_increment,1,-1,-1,17697,66.8986
1248,13695,root_increment,1,-1,-1,13695,66.8911
1249,11926,root_increment,1,-1,-1,11926,66.8864
1250,7378,root_increment,1,-1,-1,7378,66.886
1251,16448,root_increment,1,-1,-1,16448,66.8698
1252,2754,root_increment,1,-1,-1,2754,66.859
1253,1240,root_increment,1,-1,-1,1240,66.8525
1254,13473,root_increment,1,-1,-1,13473,66.8468
1255,15216,root_increment,1,-1,-1,15216,66.8279
1256,14549,root_increment,1,-1,-1,14549,66.8073
1257,12556,root_increment,1,-1,-1,12556,66.8044
1258,5966,root_increment,1,-1,-1,5966,66.804
1259,467,root_increment,1,-1,-1,467,66.7841
1260,16208,root_increment,1,-1,-1,16208,66.7828
1261,179,root_increment,1,-1,-1,179,66.7825
1262,14216,root_increment,1,-1,-1,14216,66.7697
1263,6092,root_increment,1,-1,-1,6092,66.7544
1264,4637,root_increment,1,-1,-1,4637,66.7544
1265,3270,root_increment,1,-1,-1,3270,66.7504
1266,5846,root_increment,1,-1,-1,5846,66.7198
1267,621,root_increment,1,-1,-1,621,66.7111
1268,5613,root_increment,1,-1,-1,5613,66.6991
1269,1089,root_increment,1,-1,-1,1089,66.6943
1270,16094,root_increment,1,-1,-1,16094,66.6924
1271,8556,root_increment,1,-1,-1,8556,66.6652
1272,5621,root_increment,1,-1,-1,5621,66.6569
1273,4618,root_increment,1,-1,-1,4618,66.6497
1274,4765,root_increment,1,-1,-1,4765,66.6392
1275,6632,root_increment,1,-1,-1,6632,66.6378
1276,19015,root_increment,1,-1,-1,19015,66.6211
1277,4451,root_increment,1,-1,-1,4451,66.6047
1278,2008,root_increment,1,-1,-1,2008,66.6026
1279,15498,root_increment,1,-1,-1,15498,66.5904
1280,3767,root_increment,1,-1,-1,3767,66.5815
1281,8422,root_increment,1,-1,-1,8422,66.5794
1282,1755,root_increment,1,-1,-1,1755,66.569
1283,894,root_increment,1,-1,-1,894,66.5571
1284,6399,root_increment,1,-1,-1,6399,66.5468
1285,721,root_increment,1,-1,-1,721,66.5424
1286,13332,root_increment,1,-1,-1,13332,66.542
1287,857,root_increment,1,-1,-1,857,66.5387
1288,5042,root_increment,1,-1,-1,5042,66.5297
1289,6113,root_increment,1,-1,-1,6113,66.5293
1290,9116,root_increment,1,-1,-1,9116,66.5283
1291,904,root_increment,1,-1,-1,904,66.5214
1292,6257,root_increment,1,-1,-1,6257,66.5177
1293,1268,root_increment,1,-1,-1,1268,66.5074
1294,5809,root_increment,1,-1,-1,5809,66.5054
1295,12397,root_increment,1,-1,-1,12397,66.5043
1296,5571,root_increment,1,-1,-1,5571,66.5024
1297,202,root_increment,1,-1,-1,202,66.4971
1298,18324,root_increment,1,-1,-1,18324,66.4843
1299,1299,root_increment,1,-1,-1,1299,66.4748
1300,4305,root_increment,1,-1,-1,4305,66.4692
1301,5953,root_increment,1,-1,-1,5953,66.4688
1302,14661,root_increment,1,-1,-1,14661,66.4643
1303,7315,root_increment,1,-1,-1,7315,66.4631
1304,2809,root_increment,1,-1,-1,2809,66.4437
1305,3683,root_increment,1,-1,-1,3683,66.4349
1306,1488,root_increment,1,-1,-1,1488,66.4271
1307,17881,root_increment,1,-1,-1,17881,66.421
1308,1509,root_increment,1,-1,-1,1509,66.4192
1309,16529,root_increment,1,-1,-1,16529,66.4168
1310,18589,root_increment,1,-1,-1,18589,66.3927
1311,3922,root_increment,1,-1,-1,3922,66.3925
1312,1496,root_increment,1,-1,-1,1496,66.3885
1313,13512,root_increment,1,-1,-1,13512,66.372
1314,9718,root_increment,1,-1,-1,9718,66.371
1315,4873,root_increment,1,-1,-1,4873,66.3687
1316,9817,root_increment,1,-1,-1,9817,66.3685
1317,1613,root_increment,1,-1,-1,1613,66.3669
1318,5532,root_increment,1,-1,-1,5532,66.3617
1319,708,root_increment,1,-1,-1,708,66.3567
1320,14918,root_increment,1,-1,-1,14918,66.3553
1321,9111,root_increment,1,-1,-1,9111,66.3362
1322,4339,root_increment,1,-1,-1,4339,66.3304
1323,10342,root_increment,1,-1,-1,10342,66.325
1324,8676,root_increment,1,-1,-1,8676,66.325
1325,7142,root_increment,1,-1,-1,7142,66.325
1326,3930,root_increment,1,-1,-1,3930,66.3129
1327,3189,root_increment,1,-1,-1,3189,66.3112
1328,1984,root_increment,1,-1,-1,1984,66.3082
1329,19619,root_increment,1,-1,-1,19619,66.2984
1330,18235,root_increment,1,-1,-1,18235,66.2886
1331,731,root_increment,1,-1,-1,731,66.2828
1332,15903,root_increment,1,-1,-1,15903,66.2796
1333,4818,root_increment,1,-1,-1,4818,66.2719
1334,3285,root_increment,1,-1,-1,3285,66.2659
1335,4975,root_increment,1,-1,-1,4975,66.2637
1336,1535,root_increment,1,-1,-1,1535,66.249
1337,17297,root_increment,1,-1,-1,17297,66.2456
1338,14109,root_increment,1,-1,-1,14109,66.244
1339,2743,root_increment,1,-1,-1,2743,66.2438
1340,1517,root_increment,1,-1,-1,1517,66.2406
1341,9705,root_increment,1,-1,-1,9705,66.2352
1342,15840,root_increment,1,-1,-1,15840,66.2307
1343,433,root_increment,1,-1,-1,433,66.2242
1344,1278,root_increment,1,-1,-1,1278,66.2071
1345,16716,root_increment,1,-1,-1,16716,66.2031
1346,14810,root_increment,1,-1,-1,14810,66.1917
1347,797,root_increment,1,-1,-1,797,66.1914
1348,1435,root_increment,1,-1,-1,1435,66.1794
1349,6100,root_increment,1,-1,-1,6100,66.1374
1350,1666,root_increment,1,-1,-1,1666,66.1203
1351,2205,root_increment,1,-1,-1,2205,66.1162
1352,4286,root_increment,1,-1,-1,4286,66.1112
1353,1598,root_increment,1,-1,-1,1598,66.1053
1354,12789,root_increment,1,-1,-1,12789,66.104
1355,19460,root_increment,1,-1,-1,19460,66.0936
1356,18918,root_increment,1,-1,-1,18918,66.0862
1357,11463,root_increment,1,-1,-1,11463,66.0833
1358,7365,root_increment,1,-1,-1,7365,66.0802
1359,16500,root_increment,1,-1,-1,16500,66.0785
1360,2775,root_increment,1,-1,-1,2775,66.0759
1361,19746,root_increment,1,-1,-1,19746,66.0703
1362,4917,root_increment,1,-1,-1,4917,66.059
1363,6352,root_increment,1,-1,-1,6352,66.0572
1364,4568,root_increment,1,-1,-1,4568,66.053
1365,9407,root_increment,1,-1,-1,9407,66.0428
1366,1844,root_increment,1,-1,-1,1844,66.0331
1367,5537,root_increment,1,-1,-1,5537,66.0293
1368,3500,root_increment,1,-1,-1,3500,66.0265
1369,4213,root_increment,1,-1,-1,4213,66.0234
1370,17588,root_increment,1,-1,-1,17588,66.0177
1371,8574,root_increment,1,-1,-1,8574,66.0109
1372,15086,root_increment,1,-1,-1,15086,65.9908
1373,4776,root_increment,1,-1,-1,4776,65.9865
1374,14659,root_increment,1,-1,-1,14659,65.9666
1375,378,root_increment,1,-1,-1,378,65.9599
1376,527,root_increment,1,-1,-1,527,65.945
1377,6800,root_increment,1,-1,-1,6800,65.9258
1378,6189,root_increment,1,-1,-1,6189,65.9228
1379,8111,root_increment,1,-1,-1,8111,65.911
1380,5655,root_increment,1,-1,-1,5655,65.9086
1381,12784,root_increment,1,-1,-1,12784,65.9024
1382,19913,root_increment,1,-1,-1,19913,65.9013
1383,3050,root_increment,1,-1,-1,3050,65.8782
1384,5233,root_increment,1,-1,-1,5233,65.871
1385,231,root_increment,1,-1,-1,231,65.8708
1386,19056,root_increment,1,-1,-1,19056,65.8614
1387,13465,root_increment,1,-1,-1,13465,65.8512
1388,1658,root_increment,1,-1,-1,1658,65.8486
1389,13468,root_increment,1,-1,-1,13468,65.8462
1390,1009,root_increment,1,-1,-1,1009,65.8394
1391,16205,root_increment,1,-1,-1,16205,65.8339
1392,15834,root_increment,1,-1,-1,15834,65.8328
1393,2974,root_increment,1,-1,-1,2974,65.8266
1394,1828,root_increment,1,-1,-1,1828,65.8049
1395,5668,root_increment,1,-1,-1,5668,65.8017
1396,15998,root_increment,1,-1,-1,15998,65.7938
1397,3584,root_increment,1,-1,-1,3584,65.7564
1398,11989,root_increment,1,-1,-1,11989,65.7523
1399,16080,root_increment,1,-1,-1,16080,65.7497
1400,6504,root_increment,1,-1,-1,6504,65.7454
1401,18288,root_increment,1,-1,-1,18288,65.741
1402,10613,root_increment,1,-1,-1,10613,65.734
1403,6737,root_increment,1,-1,-1,6737,65.7337
1404,14025,root_increment,1,-1,-1,14025,65.7322
1405,7464,root_increment,1,-1,-1,7464,65.7225
1406,8164,root_increment,1,-1,-1,8164,65.7213
1407,7105,root_increment,1,-1,-1,7105,65.7196
1408,3699,root_increment,1,-1,-1,3699,65.717
1409,14075,root_increment,1,-1,-1,14075,65.7103
1410,6681,root_increment,1,-1,-1,6681,65.7009
1411,3173,root_increment,1,-1,-1,3173,65.6893
1412,5550,root_increment,1,-1,-1,5550,65.6787
1413,6008,root_increment,1,-1,-1,6008,65.6749
1414,3792,root_increment,1,-1,-1,3792,65.6581
1415,15940,root_increment,1,-1,-1,15940,65.648
1416,5393,root_increment,1,-1,-1,5393,65.642
1417,1307,root_increment,1,-1,-1,1307,65.6349
1418,15973,root_increment,1,-1,-1,15973,65.6337
1419,7199,root_increment,1,-1,-1,7199,65.6296
1420,674,root_increment,1,-1,-1,674,65.6277
1421,2997,root_increment,1,-1,-1,2997,65.6082
1422,14769,root_increment,1,-1,-1,14769,65.6041
1423,9108,root_increment,1,-1,-1,9108,65.6036
1424,4828,root_increment,1,-1,-1,4828,65.5976
1425,6267,root_increment,1,-1,-1,6267,65.5969
1426,7049,root_increment,1,-1,-1,7049,65.592
1427,5733,root_increment,1,-1,-1,5733,65.5432
1428,17517,root_increment,1,-1,-1,17517,65.5315
1429,4292,root_increment,1,-1,-1,4292,65.5221
1430,5529,root_increment,1,-1,-1,5529,65.5192
1431,16484,root_increment,1,-1,-1,16484,65.5158
1432,4983,root_increment,1,-1,-1,4983,65.501
1433,15174,root_increment,1,-1,-1,15174,65.5005
1434,5773,root_increment,1,-1,-1,5773,65.4905
1435,6045,root_increment,1,-1,-1,6045,65.488
1436,5223,root_increment,1,-1,-1,5223,65.4858
1437,14617,root_increment,1,-1,-1,14617,65.4821
1438,10213,root_increment,1,-1,-1,10213,65.469
1439,17102,root_increment,1,-1,-1,17102,65.4552
1440,9715,root_increment,1,-1,-1,9715,65.4503
1441,16444,root_increment,1,-1,-1,16444,65.4471
1442,9487,root_increment,1,-1,-1,9487,65.436
1443,5105,root_increment,1,-1,-1,5105,65.4347
1444,4852,root_increment,1,-1,-1,4852,65.4311
1445,6598,root_increment,1,-1,-1,6598,65.43
1446,6019,root_increment,1,-1,-1,6019,65.4289
1447,7964,root_increment,1,-1,-1,7964,65.426
1448,12634,root_increment,1,-1,-1,12634,65.4206
1449,9677,root_increment,1,-1,-1,9677,65.4169
1450,11281,root_increment,1,-1,-1,11281,65.4166
1451,16674,root_increment,1,-1,-1,16674,65.4127
1452,291,root_increment,1,-1,-1,291,65.4002
1453,3941,root_increment,1,-1,-1,3941,65.3848
1454,3983,root_increment,1,-1,-1,3983,65.3728
1455,15345,root_increment,1,-1,-1,15345,65.3643
1456,3797,root_increment,1,-1,-1,3797,65.3609
1457,1157,root_increment,1,-1,-1,1157,65.3583
1458,3760,root_increment,1,-1,-1,3760,65.3514
1459,5123,root_increment,1,-1,-1,5123,65.3444
1460,5595,root_increment,1,-1,-1,5595,65.341
1461,3529,root_increment,1,-1,-1,3529,65.3323
1462,4368,root_increment,1,-1,-1,4368,65.3082
1463,13294,root_increment,1,-1,-1,13294,65.3077
1464,3351,root_increment,1,-1,-1,3351,65.3065
1465,16445,root_increment,1,-1,-1,16445,65.3027
1466,4863,root_increment,1,-1,-1,4863,65.3021
1467,4797,root_increment,1,-1,-1,4797,65.2891
1468,3113,root_increment,1,-1,-1,3113,65.2822
1469,16717,root_increment,1,-1,-1,16717,65.2764
1470,15837,root_increment,1,-1,-1,15837,65.2718
1471,545,root_increment,1,-1,-1,545,65.2554
1472,8409,root_increment,1,-1,-1,8409,65.2523
1473,15928,root_increment,1,-1,-1,15928,65.2446
1474,14724,root_increment,1,-1,-1,14724,65.2367
1475,5420,root_increment,1,-1,-1,5420,65.2309
1476,5269,root_increment,1,-1,-1,5269,65.2151
1477,451,root_increment,1,-1,-1,451,65.2141
1478,1501,root_increment,1,-1,-1,1501,65.2078
1479,14313,root_increment,1,-1,-1,14313,65.1975
1480,4500,root_increment,1,-1,-1,4500,65.1875
1481,15868,root_increment,1,-1,-1,15868,65.1868
1482,87,root_increment,1,-1,-1,87,65.1819
1483,1647,root_increment,1,-1,-1,1647,65.1756
1484,1183,root_increment,1,-1,-1,1183,65.1739
1485,1417,root_increment,1,-1,-1,1417,65.1561
1486,10164,root_increment,1,-1,-1,10164,65.1388
1487,6407,root_increment,1,-1,-1,6407,65.1287
1488,6480,root_increment,1,-1,-1,6480,65.1106
1489,19900,root_increment,1,-1,-1,19900,65.1069
1490,2631,root_increment,1,-1,-1,2631,65.0735
1491,17269,root_increment,1,-1,-1,17269,65.0713
1492,11685,root_increment,1,-1,-1,11685,65.0684
1493,13397,root_increment,1,-1,-1,13397,65.0657
1494,16462,root_increment,1,-1,-1,16462,65.0544
1495,18282,root_increment,1,-1,-1,18282,65.0375
1496,7372,root_increment,1,-1,-1,7372,65.0339
1497,18213,root_increment,1,-1,-1,18213,65.0314
1498,7247,root_increment,1,-1,-1,7247,65.027
1499,2173,root_increment,1,-1,-1,2173,65.0186
1500,14368,root_increment,1,-1,-1,14368,65.0156
1501,15960,root_increment,1,-1,-1,15960,65.0091
1502,4111,root_increment,1,-1,-1,4111,65.0016
1503,6488,root_increment,1,-1,-1,6488,65.0004
1504,5516,root_increment,1,-1,-1,5516,65
1505,17647,root_increment,1,-1,-1,17647,64.9955
1506,2526,root_increment,1,-1,-1,2526,64.9951
1507,6935,root_increment,1,-1,-1,6935,64.9768
1508,15303,root_increment,1,-1,-1,15303,64.9636
1509,4693,root_increment,1,-1,-1,4693,64.955
1510,488,root_increment,1,-1,-1,488,64.9427
1511,10214,root_increment,1,-1,-1,10214,64.9317
1512,19363,root_increment,1,-1,-1,19363,64.929
1513,13977,root_increment,1,-1,-1,13977,64.9187
1514,17261,root_increment,1,-1,-1,17261,64.9124
1515,18436,root_increment,1,-1,-1,18436,64.8999
1516,5006,root_increment,1,-1,-1,5006,64.8893
1517,3642,root_increment,1,-1,-1,3642,64.8824
1518,2804,root_increment,1,-1,-1,2804,64.8818
1519,18418,root_increment,1,-1,-1,18418,64.869
1520,6139,root_increment,1,-1,-1,6139,64.8598
1521,13803,root_increment,1,-1,-1,13803,64.8507
1522,4744,root_increment,1,-1,-1,4744,64.848
1523,12219,root_increment,1,-1,-1,12219,64.8396
1524,7519,root_increment,1,-1,-1,7519,64.835
1525,8315,root_increment,1,-1,-1,8315,64.833
1526,14648,root_increment,1,-1,-1,14648,64.824
1527,11007,root_increment,1,-1,-1,11007,64.8211
1528,15544,root_increment,1,-1,-1,15544,64.8171
1529,15709,root_increment,1,-1,-1,15709,64.7957
1530,17119,root_increment,1,-1,-1,17119,64.7906
1531,4789,root_increment,1,-1,-1,4789,64.7825
1532,10433,root_increment,1,-1,-1,10433,64.7774
1533,16517,root_increment,1,-1,-1,16517,64.7675
1534,8103,root_increment,1,-1,-1,8103,64.766
1535,4323,root_increment,1,-1,-1,4323,64.7461
1536,4313,root_increment,1,-1,-1,4313,64.7446
1537,6784,root_increment,1,-1,-1,6784,64.7366
1538,17065,root_increment,1,-1,-1,17065,64.7342
1539,5102,root_increment,1,-1,-1,5102,64.7312
1540,13379,root_increment,1,-1,-1,13379,64.7133
1541,3901,root_increment,1,-1,-1,3901,64.7026
1542,1263,root_increment,1,-1,-1,1263,64.7009
1543,15308,root_increment,1,-1,-1,15308,64.678
1544,12915,root_increment,1,-1,-1,12915,64.6692
1545,1123,root_increment,1,-1,-1,1123,64.66
1546,8999,root_increment,1,-1,-1,8999,64.6566
1547,3902,root_increment,1,-1,-1,3902,64.6438
1548,11507,root_increment,1,-1,-1,11507,64.6388
1549,8080,root_increment,1,-1,-1,8080,64.6369
1550,367,root_increment,1,-1,-1,367,64.6307
1551,139,root_increment,1,-1,-1,139,64.6241
1552,9679,root_increment,1,-1,-1,9679,64.6168
1553,5372,root_increment,1,-1,-1,5372,64.6158
1554,18114,root_increment,1,-1,-1,18114,64.5951
1555,7548,root_increment,1,-1,-1,7548,64.5938
1556,2089,root_increment,1,-1,-1,2089,64.5896
1557,18798,root_increment,1,-1,-1,18798,64.5892
1558,7956,root_increment,1,-1,-1,7956,64.5858
1559,16390,root_increment,1,-1,-1,16390,64.5822
1560,1592,root_increment,1,-1,-1,1592,64.5779
1561,5804,root_increment,1,-1,-1,5804,64.56
1562,14797,root_increment,1,-1,-1,14797,64.5525
1563,5626,root_increment,1,-1,-1,5626,64.5438
1564,8286,root_increment,1,-1,-1,8286,64.5309
1565,1708,root_increment,1,-1,-1,1708,64.5166
1566,8202,root_increment,1,-1,-1,8202,64.5114
1567,8106,root_increment,1,-1,-1,8106,64.5014
1568,13564,root_increment,1,-1,-1,13564,64.4911
1569,5841,root_increment,1,-1,-1,5841,64.4877
1570,9661,root_increment,1,-1,-1,9661,64.4749
1571,16706,root_increment,1,-1,-1,16706,64.4749
1572,891,root_increment,1,-1,-1,891,64.4738
1573,1414,root_increment,1,-1,-1,1414,64.4721
1574,15773,root_increment,1,-1,-1,15773,64.4686
1575,17771,root_increment,1,-1,-1,17771,64.4667
1576,16573,root_increment,1,-1,-1,16573,64.463
1577,5882,root_increment,1,-1,-1,5882,64.4615
1578,14169,root_increment,1,-1,-1,14169,64.4273
1579,12202,root_increment,1,-1,-1,12202,64.416
1580,5464,root_increment,1,-1,-1,5464,64.3891
1581,17839,root_increment,1,-1,-1,17839,64.389
1582,6108,root_increment,1,-1,-1,6108,64.3875
1583,18829,root_increment,1,-1,-1,18829,64.3874
1584,1574,root_increment,1,-1,-1,1574,64.3711
1585,7067,root_increment,1,-1,-1,7067,64.368
1586,17150,root_increment,1,-1,-1,17150,64.3596
1587,13289,root_increment,1,-1,-1,13289,64.352
1588,679,root_increment,1,-1,-1,679,64.3519
1589,11776,root_increment,1,-1,-1,11776,64.3417
1590,1540,root_increment,1,-1,-1,1540,64.3361
1591,4446,root_increment,1,-1,-1,4446,64.3323
1592,9663,root_increment,1,-1,-1,9663,64.3234
1593,17861,root_increment,1,-1,-1,17861,64.3191
1594,661,root_increment,1,-1,-1,661,64.3064
1595,18437,root_increment,1,-1,-1,18437,64.2998
1596,3408,root_increment,1,-1,-1,3408,64.2966
1597,1820,root_increment,1,-1,-1,1820,64.2923
1598,5927,root_increment,1,-1,-1,5927,64.289
1599,16548,root_increment,1,-1,-1,16548,64.2721
1600,17981,root_increment,1,-1,-1,17981,64.2632
1601,1997,root_increment,1,-1,-1,1997,64.2578
1602,3144,root_increment,1,-1,-1,3144,64.2317
1603,5919,root_increment,1,-1,-1,5919,64.2302
1604,1341,root_increment,1,-1,-1,1341,64.2233
1605,10535,root_increment,1,-1,-1,10535,64.2224
1606,15306,root_increment,1,-1,-1,15306,64.2103
1607,8041,root_increment,1,-1,-1,8041,64.2018
1608,8768,root_increment,1,-1,-1,8768,64.1983
1609,4713,root_increment,1,-1,-1,4713,64.1787
1610,4734,root_increment,1,-1,-1,4734,64.1777
1611,9713,root_increment,1,-1,-1,9713,64.1763
1612,6907,root_increment,1,-1,-1,6907,64.1749
1613,6837,root_increment,1,-1,-1,6837,64.1626
1614,1454,root_increment,1,-1,-1,1454,64.1622
1615,2976,root_increment,1,-1,-1,2976,64.157
1616,5754,root_increment,1,-1,-1,5754,64.1558
1617,1186,root_increment,1,-1,-1,1186,64.152
1618,354,root_increment,1,-1,-1,354,64.1325
1619,7545,root_increment,1,-1,-1,7545,64.118
1620,13350,root_increment,1,-1,-1,13350,64.1098
1621,18613,root_increment,1,-1,-1,18613,64.105
1622,5914,root_increment,1,-1,-1,5914,64.0868
1623,18224,root_increment,1,-1,-1,18224,64.0825
1624,3238,root_increment,1,-1,-1,3238,64.0723
1625,17274,root_increment,1,-1,-1,17274,64.0636
1626,1514,root_increment,1,-1,-1,1514,64.0625
1627,16047,root_increment,1,-1,-1,16047,64.0606
1628,7989,root_increment,1,-1,-1,7989,64.0418
1629,2216,root_increment,1,-1,-1,2216,64.0339
1630,13056,root_increment,1,-1,-1,13056,64.0248
1631,192,root_increment,1,-1,-1,192,64.0198
1632,4503,root_increment,1,-1,-1,4503,64.014
1633,14920,root_increment,1,-1,-1,14920,64.0102
1634,2018,root_increment,1,-1,-1,2018,64.0072
1635,19365,root_increment,1,-1,-1,19365,64.006
1636,15968,root_increment,1,-1,-1,15968,64.0032
1637,173,root_increment,1,-1,-1,173,63.9822
1638,6436,root_increment,1,-1,-1,6436,63.9629
1639,6473,root_increment,1,-1,-1,6473,63.9539
1640,9305,root_increment,1,-1,-1,9305,63.9489
1641,6684,root_increment,1,-1,-1,6684,63.9435
1642,1624,root_increment,1,-1,-1,1624,63.9369
1643,14569,root_increment,1,-1,-1,14569,63.9336
1644,16632,root_increment,1,-1,-1,16632,63.907
1645,3608,root_increment,1,-1,-1,3608,63.9058
1646,18421,root_increment,1,-1,-1,18421,63.9051
1647,3746,root_increment,1,-1,-1,3746,63.8959
1648,1810,root_increment,1,-1,-1,1810,63.8902
1649,7228,root_increment,1,-1,-1,7228,63.8849
1650,1144,root_increment,1,-1,-1,1144,63.8831
1651,17622,root_increment,1,-1,-1,17622,63.8763
1652,4597,root_increment,1,-1,-1,4597,63.8746
1653,8012,root_increment,1,-1,-1,8012,63.8655
1654,1674,root_increment,1,-1,-1,1674,63.8569
1655,5935,root_increment,1,-1,-1,5935,63.8421
1656,1175,root_increment,1,-1,-1,1175,63.8391
1657,4742,root_increment,1,-1,-1,4742,63.8361
1658,18021,root_increment,1,-1,-1,18021,63.8022
1659,516,root_increment,1,-1,-1,516,63.7983
1660,17608,root_increment,1,-1,-1,17608,63.7961
1661,6394,root_increment,1,-1,-1,6394,63.7833
1662,16999,root_increment,1,-1,-1,16999,63.7831
1663,17104,root_increment,1,-1,-1,17104,63.783
1664,6415,root_increment,1,-1,-1,6415,63.7822
1665,17272,root_increment,1,-1,-1,17272,63.7741
1666,6868,root_increment,1,-1,-1,6868,63.7735
1667,2958,root_increment,1,-1,-1,2958,63.7576
1668,14690,root_increment,1,-1,-1,14690,63.7576
1669,5244,root_increment,1,-1,-1,5244,63.7468
1670,4140,root_increment,1,-1,-1,4140,63.7467
1671,17990,root_increment,1,-1,-1,17990,63.7356
1672,5321,root_increment,1,-1,-1,5321,63.7333
1673,11763,root_increment,1,-1,-1,11763,63.727
1674,4278,root_increment,1,-1,-1,4278,63.7181
1675,1022,root_increment,1,-1,-1,1022,63.7136
1676,5402,root_increment,1,-1,-1,5402,63.7001
1677,19955,root_increment,1,-1,-1,19955,63.6977
1678,5040,root_increment,1,-1,-1,5040,63.6973
1679,1903,root_increment,1,-1,-1,1903,63.6937
1680,6483,root_increment,1,-1,-1,6483,63.6936
1681,13057,root_increment,1,-1,-1,13057,63.685
1682,16872,root_increment,1,-1,-1,16872,63.6832
1683,7194,root_increment,1,-1,-1,7194,63.672
1684,3943,root_increment,1,-1,-1,3943,63.6701
1685,18907,root_increment,1,-1,-1,18907,63.6687
1686,17073,root_increment,1,-1,-1,17073,63.6683
1687,9839,root_increment,1,-1,-1,9839,63.6676
1688,3152,root_increment,1,-1,-1,3152,63.6512
1689,13721,root_increment,1,-1,-1,13721,63.6432
1690,399,root_increment,1,-1,-1,399,63.6406
1691,420,root_increment,1,-1,-1,420,63.6382
1692,15900,root_increment,1,-1,-1,15900,63.6336
1693,14211,root_increment,1,-1,-1,14211,63.6291
1694,3309,root_increment,1,-1,-1,3309,63.6279
1695,8417,root_increment,1,-1,-1,8417,63.6246
1696,4265,root_increment,1,-1,-1,4265,63.6225
1697,92,root_increment,1,-1,-1,92,63.6153
1698,19910,root_increment,1,-1,-1,19910,63.5954
1699,17769,root_increment,1,-1,-1,17769,63.5887
1700,7163,root_increment,1,-1,-1,7163,63.5868
1701,4360,root_increment,1,-1,-1,4360,63.5783
1702,336,root_increment,1,-1,-1,336,63.5697
1703,1381,root_increment,1,-1,-1,1381,63.5683
1704,1797,root_increment,1,-1,-1,1797,63.5575
1705,5563,root_increment,1,-1,-1,5563,63.5453
1706,9687,root_increment,1,-1,-1,9687,63.5189
1707,2393,root_increment,1,-1,-1,2393,63.5144
1708,15415,root_increment,1,-1,-1,15415,63.4952
1709,8991,root_increment,1,-1,-1,8991,63.4825
1710,5658,root_increment,1,-1,-1,5658,63.4654
1711,19168,root_increment,1,-1,-1,19168,63.462
1712,15502,root_increment,1,-1,-1,15502,63.4604
1713,6040,root_increment,1,-1,-1,6040,63.4595
1714,6074,root_increment,1,-1,-1,6074,63.4514
1715,4884,root_increment,1,-1,-1,4884,63.4378
1716,600,root_increment,1,-1,-1,600,63.427
1717,10567,root_increment,1,-1,-1,10567,63.4261
1718,1687,root_increment,1,-1,-1,1687,63.4212
1719,14727,root_increment,1,-1,-1,14727,63.409
1720,6412,root_increment,1,-1,-1,6412,63.4076
1721,9710,root_increment,1,-1,-1,9710,63.4075
1722,16065,root_increment,1,-1,-1,16065,63.4008
1723,3733,root_increment,1,-1,-1,3733,63.3816
1724,12800,root_increment,1,-1,-1,12800,63.3734
1725,6637,root_increment,1,-1,-1,6637,63.3701
1726,7553,root_increment,1,-1,-1,7553,63.3673
1727,14619,root_increment,1,-1,-1,14619,63.3672
1728,1855,root_increment,1,-1,-1,1855,63.3415
1729,5872,root_increment,1,-1,-1,5872,63.3312
1730,15776,root_increment,1,-1,-1,15776,63.3242
1731,11910,root_increment,1,-1,-1,11910,63.3095
1732,12222,root_increment,1,-1,-1,12222,63.3085
1733,14143,root_increment,1,-1,-1,14143,63.308
1734,9744,root_increment,1,-1,-1,9744,63.3075
1735,6493,root_increment,1,-1,-1,6493,63.3024
1736,5398,root_increment,1,-1,-1,5398,63.2964
1737,6021,root_increment,1,-1,-1,6021,63.2952
1738,16472,root_increment,1,-1,-1,16472,63.2803
1739,2157,root_increment,1,-1,-1,2157,63.2734
1740,3466,root_increment,1,-1,-1,3466,63.2684
1741,14622,root_increment,1,-1,-1,14622,63.2633
1742,16096,root_increment,1,-1,-1,16096,63.2587
1743,17161,root_increment,1,-1,-1,17161,63.2338
1744,443,root_increment,1,-1,-1,443,63.2286
1745,5898,root_increment,1,-1,-1,5898,63.2197
1746,1776,root_increment,1,-1,-1,1776,63.2166
1747,19937,root_increment,1,-1,-1,19937,63.2103
1748,5561,root_increment,1,-1,-1,5561,63.2063
1749,3424,root_increment,1,-1,-1,3424,63.192
1750,3649,root_increment,1,-1,-1,3649,63.1797
1751,15781,root_increment,1,-1,-1,15781,63.1658
1752,1619,root_increment,1,-1,-1,1619,63.1608
1753,9567,root_increment,1,-1,-1,9567,63.1598
1754,1357,root_increment,1,-1,-1,1357,63.1339
1755,16664,root_increment,1,-1,-1,16664,63.122
1756,10231,root_increment,1,-1,-1,10231,63.0838
1757,14450,root_increment,1,-1,-1,14450,63.0715
1758,5313,root_increment,1,-1,-1,5313,63.0592
1759,10117,root_increment,1,-1,-1,10117,63.0572
1760,11907,root_increment,1,-1,-1,11907,63.038
1761,2762,root_increment,1,-1,-1,2762,63.0371
1762,8705,root_increment,1,-1,-1,8705,63.028
1763,15316,root_increment,1,-1,-1,15316,63.0232
1764,6244,root_increment,1,-1,-1,6244,63.023
1765,799,root_increment,1,-1,-1,799,63.0211
1766,4592,root_increment,1,-1,-1,4592,63.0157
1767,1270,root_increment,1,-1,-1,1270,63.0156
1768,18195,root_increment,1,-1,-1,18195,63.0132
1769,10616,root_increment,1,-1,-1,10616,63.012
1770,5495,root_increment,1,-1,-1,5495,63.0068
1771,9389,root_increment,1,-1,-1,9389,62.9985
1772,6603,root_increment,1,-1,-1,6603,62.9974
1773,14602,root_increment,1,-1,-1,14602,62.9897
1774,5004,root_increment,1,-1,-1,5004,62.9827
1775,181,root_increment,1,-1,-1,181,62.9779
1776,17648,root_increment,1,-1,-1,17648,62.9634
1777,5212,root_increment,1,-1,-1,5212,62.9542
1778,19950,root_increment,1,-1,-1,19950,62.9436
1779,16479,root_increment,1,-1,-1,16479,62.9355
1780,16449,root_increment,1,-1,-1,16449,62.9348
1781,17690,root_increment,1,-1,-1,17690,62.9304
1782,6551,root_increment,1,-1,-1,6551,62.9279
1783,6745,root_increment,1,-1,-1,6745,62.9253
1784,2641,root_increment,1,-1,-1,2641,62.925
1785,3016,root_increment,1,-1,-1,3016,62.9232
1786,7072,root_increment,1,-1,-1,7072,62.9215
1787,15484,root_increment,1,-1,-1,15484,62.9211
1788,7564,root_increment,1,-1,-1,7564,62.9205
1789,2136,root_increment,1,-1,-1,2136,62.9185
1790,9292,root_increment,1,-1,-1,9292,62.9107
1791,15293,root_increment,1,-1,-1,15293,62.9104
1792,2340,root_increment,1,-1,-1,2340,62.8944
1793,5380,root_increment,1,-1,-1,5380,62.8813
1794,15839,root_increment,1,-1,-1,15839,62.8795
1795,1858,root_increment,1,-1,-1,1858,62.8775
1796,8291,root_increment,1,-1,-1,8291,62.8656
1797,11572,root_increment,1,-1,-1,11572,62.8647
1798,3361,root_increment,1,-1,-1,3361,62.8632
1799,3262,root_increment,1,-1,-1,3262,62.8479
1800,16083,root_increment,1,-1,-1,16083,62.8426
1801,18089,root_increment,1,-1,-1,18089,62.8378
1802,5134,root_increment,1,-1,-1,5134,62.8339
1803,7808,root_increment,1,-1,-1,7808,62.8246
1804,7191,root_increment,1,-1,-1,7191,62.8219
1805,6376,root_increment,1,-1,-1,6376,62.8198
1806,7490,root_increment,1,-1,-1,7490,62.8071
1807,69,root_increment,1,-1,-1,69,62.8038
1808,1291,root_increment,1,-1,-1,1291,62.7946
1809,5303,root_increment,1,-1,-1,5303,62.7939
1810,1585,root_increment,1,-1,-1,1585,62.793
1811,22,root_increment,1,-1,-1,22,62.7912
1812,2861,root_increment,1,-1,-1,2861,62.7893
1813,17895,root_increment,1,-1,-1,17895,62.7891
1814,19300,root_increment,1,-1,-1,19300,62.7825
1815,16391,root_increment,1,-1,-1,16391,62.7811
1816,6548,root_increment,1,-1,-1,6548,62.7779
1817,5175,root_increment,1,-1,-1,5175,62.7712
1818,5647,root_increment,1,-1,-1,5647,62.7684
1819,18805,root_increment,1,-1,-1,18805,62.7495
1820,849,root_increment,1,-1,-1,849,62.7395
1821,4763,root_increment,1,-1,-1,4763,62.7306
1822,14709,root_increment,1,-1,-1,14709,62.7277
1823,4721,root_increment,1,-1,-1,4721,62.7245
1824,4355,root_increment,1,-1,-1,4355,62.7187
1825,1209,root_increment,1,-1,-1,1209,62.7154
1826,1645,root_increment,1,-1,-1,1645,62.7099
1827,13470,root_increment,1,-1,-1,13470,62.6969
1828,16523,root_increment,1,-1,-1,16523,62.693
1829,870,root_increment,1,-1,-1,870,62.6703
1830,15902,root_increment,1,-1,-1,15902,62.6456
1831,11506,root_increment,1,-1,-1,11506,62.6438
1832,3914,root_increment,1,-1,-1,3914,62.6425
1833,13291,root_increment,1,-1,-1,13291,62.638
1834,2937,root_increment,1,-1,-1,2937,62.637
1835,14949,root_increment,1,-1,-1,14949,62.6312
1836,5231,root_increment,1,-1,-1,5231,62.6306
1837,4899,root_increment,1,-1,-1,4899,62.6261
1838,18869,root_increment,1,-1,-1,18869,62.6224
1839,14093,root_increment,1,-1,-1,14093,62.6186
1840,10904,root_increment,1,-1,-1,10904,62.613
1841,15033,root_increment,1,-1,-1,15033,62.6071
1842,6207,root_increment,1,-1,-1,6207,62.6003
1843,6538,root_increment,1,-1,-1,6538,62.5996
1844,5326,root_increment,1,-1,-1,5326,62.5982
1845,454,root_increment,1,-1,-1,454,62.5947
1846,8472,root_increment,1,-1,-1,8472,62.5919
1847,2374,root_increment,1,-1,-1,2374,62.5908
1848,10689,root_increment,1,-1,-1,10689,62.5842
1849,16321,root_increment,1,-1,-1,16321,62.5838
1850,14834,root_increment,1,-1,-1,14834,62.5796
1851,17625,root_increment,1,-1,-1,17625,62.5725
1852,4116,root_increment,1,-1,-1,4116,62.5713
1853,18871,root_increment,1,-1,-1,18871,62.5709
1854,8734,root_increment,1,-1,-1,8734,62.5492
1855,11870,root_increment,1,-1,-1,11870,62.549
1856,17060,root_increment,1,-1,-1,17060,62.5445
1857,1196,root_increment,1,-1,-1,1196,62.5233
1858,4310,root_increment,1,-1,-1,4310,62.5177
1859,19952,root_increment,1,-1,-1,19952,62.5165
1860,19465,root_increment,1,-1,-1,19465,62.5158
1861,16960,root_increment,1,-1,-1,16960,62.4818
1862,6768,root_increment,1,-1,-1,6768,62.4814
1863,14663,root_increment,1,-1,-1,14663,62.4814
1864,8684,root_increment,1,-1,-1,8684,62.4808
1865,5385,root_increment,1,-1,-1,5385,62.4763
1866,1632,root_increment,1,-1,-1,1632,62.4747
1867,19940,root_increment,1,-1,-1,19940,62.4733
1868,6000,root_increment,1,-1,-1,6000,62.4683
1869,2579,root_increment,1,-1,-1,2579,62.4667
1870,3010,root_increment,1,-1,-1,3010,62.4636
1871,19373,root_increment,1,-1,-1,19373,62.4615
1872,15884,root_increment,1,-1,-1,15884,62.4595
1873,2709,root_increment,1,-1,-1,2709,62.4583
1874,2239,root_increment,1,-1,-1,2239,62.4529
1875,10909,root_increment,1,-1,-1,10909,62.4416
1876,18737,root_increment,1,-1,-1,18737,62.429
1877,6326,root_increment,1,-1,-1,6326,62.424
1878,3550,root_increment,1,-1,-1,3550,62.3907
1879,13975,root_increment,1,-1,-1,13975,62.3823
1880,9707,root_increment,1,-1,-1,9707,62.3784
1881,17067,root_increment,1,-1,-1,17067,62.3632
1882,3393,root_increment,1,-1,-1,3393,62.3598
1883,18722,root_increment,1,-1,-1,18722,62.3532
1884,1763,root_increment,1,-1,-1,1763,62.3417
1885,10859,root_increment,1,-1,-1,10859,62.3211
1886,5334,root_increment,1,-1,-1,5334,62.3148
1887,13011,root_increment,1,-1,-1,13011,62.3111
1888,2361,root_increment,1,-1,-1,2361,62.2944
1889,925,root_increment,1,-1,-1,925,62.2901
1890,16013,root_increment,1,-1,-1,16013,62.2865
1891,7310,root_increment,1,-1,-1,7310,62.2827
1892,3073,root_increment,1,-1,-1,3073,62.2751
1893,4807,root_increment,1,-1,-1,4807,62.2744
1894,19357,root_increment,1,-1,-1,19357,62.2739
1895,12007,root_increment,1,-1,-1,12007,62.2713
1896,14127,root_increment,1,-1,-1,14127,62.2643
1897,7377,root_increment,1,-1,-1,7377,62.2545
1898,5749,root_increment,1,-1,-1,5749,62.25
1899,18547,root_increment,1,-1,-1,18547,62.2395
1900,3037,root_increment,1,-1,-1,3037,62.2296
1901,18077,root_increment,1,-1,-1,18077,62.2268
1902,713,root_increment,1,-1,-1,713,62.211
1903,12685,root_increment,1,-1,-1,12685,62.2031
1904,6789,root_increment,1,-1,-1,6789,62.1921
1905,3568,root_increment,1,-1,-1,3568,62.192
1906,13210,root_increment,1,-1,-1,13210,62.1814
1907,12462,root_increment,1,-1,-1,12462,62.1807
1908,16848,root_increment,1,-1,-1,16848,62.1793
1909,6530,root_increment,1,-1,-1,6530,62.1699
1910,12604,root_increment,1,-1,-1,12604,62.1678
1911,17188,root_increment,1,-1,-1,17188,62.1607
1912,19323,root_increment,1,-1,-1,19323,62.1485
1913,7318,root_increment,1,-1,-1,7318,62.1468
1914,18807,root_increment,1,-1,-1,18807,62.1461
1915,16447,root_increment,1,-1,-1,16447,62.1435
1916,6449,root_increment,1,-1,-1,6449,62.1412
1917,8566,root_increment,1,-1,-1,8566,62.1371
1918,9119,root_increment,1,-1,-1,9119,62.1363
1919,3204,root_increment,1,-1,-1,3204,62.1339
1920,6318,root_increment,1,-1,-1,6318,62.128
1921,9501,root_increment,1,-1,-1,9501,62.1225
1922,3186,root_increment,1,-1,-1,3186,62.1195
1923,8584,root_increment,1,-1,-1,8584,62.1163
1924,17062,root_increment,1,-1,-1,17062,62.1127
1925,6465,root_increment,1,-1,-1,6465,62.1124
1926,6940,root_increment,1,-1,-1,6940,62.1007
1927,13344,root_increment,1,-1,-1,13344,62.0939
1928,15630,root_increment,1,-1,-1,15630,62.0835
1929,17267,root_increment,1,-1,-1,17267,62.0834
1930,15499,root_increment,1,-1,-1,15499,62.082
1931,17101,root_increment,1,-1,-1,17101,62.074
1932,19386,root_increment,1,-1,-1,19386,62.0652
1933,18301,root_increment,1,-1,-1,18301,62.0638
1934,5191,root_increment,1,-1,-1,5191,62.0626
1935,12035,root_increment,1,-1,-1,12035,62.0567
1936,2780,root_increment,1,-1,-1,2780,62.0458
1937,18838,root_increment,1,-1,-1,18838,62.0392
1938,11116,root_increment,1,-1,-1,11116,62.0096
1939,6079,root_increment,1,-1,-1,6079,62.0004
1940,24,root_increment,1,-1,-1,24,61.9966
1941,6444,root_increment,1,-1,-1,6444,61.9944
1942,4985,root_increment,1,-1,-1,4985,61.994
1943,1504,root_increment,1,-1,-1,1504,61.9918
1944,3970,root_increment,1,-1,-1,3970,61.9837
1945,10192,root_increment,1,-1,-1,10192,61.968
1946,10537,root_increment,1,-1,-1,10537,61.9675
1947,3715,root_increment,1,-1,-1,3715,61.9666
1948,6228,root_increment,1,-1,-1,6228,61.959
1949,6246,root_increment,1,-1,-1,6246,61.9517
1950,12459,root_increment,1,-1,-1,12459,61.9511
1951,13515,root_increment,1,-1,-1,13515,61.9468
1952,9415,root_increment,1,-1,-1,9415,61.9433
1953,17496,root_increment,1,-1,-1,17496,61.9357
1954,13983,root_increment,1,-1,-1,13983,61.9306
1955,19496,root_increment,1,-1,-1,19496,61.93
1956,4886,root_increment,1,-1,-1,4886,61.9145
1957,97,root_increment,1,-1,-1,97,61.9077
1958,4464,root_increment,1,-1,-1,4464,61.9061
1959,1475,root_increment,1,-1,-1,1475,61.8973
1960,9072,root_increment,1,-1,-1,9072,61.8905
1961,8231,root_increment,1,-1,-1,8231,61.8889
1962,2323,root_increment,1,-1,-1,2323,61.8874
1963,5155,root_increment,1,-1,-1,5155,61.8792
1964,9862,root_increment,1,-1,-1,9862,61.8754
1965,15887,root_increment,1,-1,-1,15887,61.8746
1966,7419,root_increment,1,-1,-1,7419,61.8697
1967,5746,root_increment,1,-1,-1,5746,61.8619
1968,5950,root_increment,1,-1,-1,5950,61.8602
1969,7556,root_increment,1,-1,-1,7556,61.8429
1970,1391,root_increment,1,-1,-1,1391,61.8368
1971,3039,root_increment,1,-1,-1,3039,61.8309
1972,5940,root_increment,1,-1,-1,5940,61.8275
1973,15784,root_increment,1,-1,-1,15784,61.8191
1974,13334,root_increment,1,-1,-1,13334,61.8117
1975,8873,root_increment,1,-1,-1,8873,61.8082
1976,14146,root_increment,1,-1,-1,14146,61.8012
1977,401,root_increment,1,-1,-1,401,61.7966
1978,17652,root_increment,1,-1,-1,17652,61.791
1979,6215,root_increment,1,-1,-1,6215,61.7902
1980,9357,root_increment,1,-1,-1,9357,61.7805
1981,18133,root_increment,1,-1,-1,18133,61.78
1982,4103,root_increment,1,-1,-1,4103,61.7759
1983,4589,root_increment,1,-1,-1,4589,61.7729
1984,16276,root_increment,1,-1,-1,16276,61.7649
1985,9059,root_increment,1,-1,-1,9059,61.7562
1986,7373,root_increment,1,-1,-1,7373,61.7419
1987,3097,root_increment,1,-1,-1,3097,61.7399
1988,215,root_increment,1,-1,-1,215,61.7382
1989,152,root_increment,1,-1,-1,152,61.7363
1990,5783,root_increment,1,-1,-1,5783,61.7275
1991,15486,root_increment,1,-1,-1,15486,61.7228
1992,12931,root_increment,1,-1,-1,12931,61.7167
1993,17611,root_increment,1,-1,-1,17611,61.7142
1994,8127,root_increment,1,-1,-1,8127,61.7129
1995,4271,root_increment,1,-1,-1,4271,61.6968
1996,4192,root_increment,1,-1,-1,4192,61.6958
1997,3949,root_increment,1,-1,-1,3949,61.6813
1998,12554,root_increment,1,-1,-1,12554,61.6615
1999,7635,root_increment,1,-1,-1,7635,61.6566
2000,7255,root_increment,1,-1,-1,7255,61.6543
2001,784,root_increment,1,-1,-1,784,61.6493
2002,9506,root_increment,1,-1,-1,9506,61.6457
2003,7569,root_increment,1,-1,-1,7569,61.6446
2004,6347,root_increment,1,-1,-1,6347,61.6405
2005,19614,root_increment,1,-1,-1,19614,61.6283
2006,1165,root_increment,1,-1,-1,1165,61.6189
2007,9741,root_increment,1,-1,-1,9741,61.6173
2008,8294,root_increment,1,-1,-1,8294,61.6045
2009,9255,root_increment,1,-1,-1,9255,61.6026
2010,4300,root_increment,1,-1,-1,4300,61.5953
2011,10402,root_increment,1,-1,-1,10402,61.5913
2012,12217,root_increment,1,-1,-1,12217,61.5766
2013,5801,root_increment,1,-1,-1,5801,61.5631
2014,7401,root_increment,1,-1,-1,7401,61.548
2015,5681,root_increment,1,-1,-1,5681,61.5451
2016,7252,root_increment,1,-1,-1,7252,61.5431
2017,7016,root_increment,1,-1,-1,7016,61.5404
2018,16701,root_increment,1,-1,-1,16701,61.5362
2019,10305,root_increment,1,-1,-1,10305,61.5322
2020,5126,root_increment,1,-1,-1,5126,61.5228
2021,3516,root_increment,1,-1,-1,3516,61.5208
2022,14141,root_increment,1,-1,-1,14141,61.5175
2023,14750,root_increment,1,-1,-1,14750,61.5167
2024,12886,root_increment,1,-1,-1,12886,61.5119
2025,7297,root_increment,1,-1,-1,7297,61.5088
2026,2411,root_increment,1,-1,-1,2411,61.5041
2027,6491,root_increment,1,-1,-1,6491,61.4873
2028,4171,root_increment,1,-1,-1,4171,61.4826
2029,7291,root_increment,1,-1,-1,7291,61.4819
2030,8161,root_increment,1,-1,-1,8161,61.48
2031,7899,root_increment,1,-1,-1,7899,61.4768
2032,14310,root_increment,1,-1,-1,14310,61.4751
2033,4022,root_increment,1,-1,-1,4022,61.4548
2034,18880,root_increment,1,-1,-1,18880,61.4519
2035,2600,root_increment,1,-1,-1,2600,61.4445
2036,9313,root_increment,1,-1,-1,9313,61.4388
2037,1784,root_increment,1,-1,-1,1784,61.4379
2038,5055,root_increment,1,-1,-1,5055,61.4368
2039,9888,root_increment,1,-1,-1,9888,61.4357
2040,2678,root_increment,1,-1,-1,2678,61.4314
2041,1084,root_increment,1,-1,-1,1084,61.4263
2042,10226,root_increment,1,-1,-1,10226,61.4186
2043,16661,root_increment,1,-1,-1,16661,61.4167
2044,5339,root_increment,1,-1,-1,5339,61.4109
2045,15926,root_increment,1,-1,-1,15926,61.4009
2046,7257,root_increment,1,-1,-1,7257,61.3884
2047,7841,root_increment,1,-1,-1,7841,61.3762
2048,5479,root_increment,1,-1,-1,5479,61.376
2049,1136,root_increment,1,-1,-1,1136,61.3606
2050,5142,root_increment,1,-1,-1,5142,61.3591
2051,4184,root_increment,1,-1,-1,4184,61.3591
2052,166,root_increment,1,-1,-1,166,61.3543
2053,18780,root_increment,1,-1,-1,18780,61.3494
2054,18253,root_increment,1,-1,-1,18253,61.3449
2055,19355,root_increment,1,-1,-1,19355,61.3436
2056,4784,root_increment,1,-1,-1,4784,61.3434
2057,485,root_increment,1,-1,-1,485,61.3343
2058,15699,root_increment,1,-1,-1,15699,61.3296
2059,2382,root_increment,1,-1,-1,2382,61.3291
2060,7961,root_increment,1,-1,-1,7961,61.3267
2061,6265,root_increment,1,-1,-1,6265,61.3239
2062,10339,root_increment,1,-1,-1,10339,61.323
2063,11211,root_increment,1,-1,-1,11211,61.3194
2064,17301,root_increment,1,-1,-1,17301,61.3157
2065,19253,root_increment,1,-1,-1,19253,61.3114
2066,8364,root_increment,1,-1,-1,8364,61.2938
2067,5178,root_increment,1,-1,-1,5178,61.2885
2068,7664,root_increment,1,-1,-1,7664,61.2806
2069,18833,root_increment,1,-1,-1,18833,61.2777
2070,13692,root_increment,1,-1,-1,13692,61.273
2071,3571,root_increment,1,-1,-1,3571,61.2622
2072,3712,root_increment,1,-1,-1,3712,61.2612
2073,1626,root_increment,1,-1,-1,1626,61.26
2074,5862,root_increment,1,-1,-1,5862,61.2567
2075,14185,root_increment,1,-1,-1,14185,61.249
2076,12457,root_increment,1,-1,-1,12457,61.2457
2077,1606,root_increment,1,-1,-1,1606,61.2402
2078,15369,root_increment,1,-1,-1,15369,61.2326
2079,7006,root_increment,1,-1,-1,7006,61.2316
2080,18060,root_increment,1,-1,-1,18060,61.2245
2081,8700,root_increment,1,-1,-1,8700,61.223
2082,4524,root_increment,1,-1,-1,4524,61.2137
2083,18198,root_increment,1,-1,-1,18198,61.2117
2084,6126,root_increment,1,-1,-1,6126,61.209
2085,10454,root_increment,1,-1,-1,10454,61.202
2086,7834,root_increment,1,-1,-1,7834,61.2017
2087,9736,root_increment,1,-1,-1,9736,61.1972
2088,7954,root_increment,1,-1,-1,7954,61.1946
2089,10243,root_increment,1,-1,-1,10243,61.1914
2090,17327,root_increment,1,-1,-1,17327,61.1914
2091,14837,root_increment,1,-1,-1,14837,61.1875
2092,815,root_increment,1,-1,-1,815,61.1742
2093,16370,root_increment,1,-1,-1,16370,61.1724
2094,1702,root_increment,1,-1,-1,1702,61.1626
2095,14324,root_increment,1,-1,-1,14324,61.1592
2096,16544,root_increment,1,-1,-1,16544,61.151
2097,2078,root_increment,1,-1,-1,2078,61.1471
2098,6197,root_increment,1,-1,-1,6197,61.1454
2099,2194,root_increment,1,-1,-1,2194,61.1383
2100,17329,root_increment,1,-1,-1,17329,61.1178
2101,1304,root_increment,1,-1,-1,1304,61.1093
2102,6147,root_increment,1,-1,-1,6147,61.0903
2103,4613,root_increment,1,-1,-1,4613,61.09
2104,15288,root_increment,1,-1,-1,15288,61.085
2105,14048,root_increment,1,-1,-1,14048,61.0821
2106,5639,root_increment,1,-1,-1,5639,61.0733
2107,1370,root_increment,1,-1,-1,1370,61.069
2108,4954,root_increment,1,-1,-1,4954,61.0653
2109,9951,root_increment,1,-1,-1,9951,61.0652
2110,15305,root_increment,1,-1,-1,15305,61.0576
2111,15897,root_increment,1,-1,-1,15897,61.055
2112,17620,root_increment,1,-1,-1,17620,61.0498
2113,6697,root_increment,1,-1,-1,6697,61.0449
2114,8464,root_increment,1,-1,-1,8464,61.0336
2115,19305,root_increment,1,-1,-1,19305,61.0329
2116,3155,root_increment,1,-1,-1,3155,61.022
2117,1889,root_increment,1,-1,-1,1889,61.0079
2118,19060,root_increment,1,-1,-1,19060,61.0053
2119,66,root_increment,1,-1,-1,66,60.9993
2120,13978,root_increment,1,-1,-1,13978,60.9993
2121,7598,root_increment,1,-1,-1,7598,60.9968
2122,14130,root_increment,1,-1,-1,14130,60.9958
2123,4610,root_increment,1,-1,-1,4610,60.9846
2124,12853,root_increment,1,-1,-1,12853,60.9633
2125,17623,root_increment,1,-1,-1,17623,60.9585
2126,9263,root_increment,1,-1,-1,9263,60.9478
2127,9749,root_increment,1,-1,-1,9749,60.9456
2128,13560,root_increment,1,-1,-1,13560,60.94
2129,422,root_increment,1,-1,-1,422,60.9396
2130,5694,root_increment,1,-1,-1,5694,60.9213
2131,2414,root_increment,1,-1,-1,2414,60.9179
2132,1916,root_increment,1,-1,-1,1916,60.9166
2133,19385,root_increment,1,-1,-1,19385,60.9111
2134,4232,root_increment,1,-1,-1,4232,60.9061
2135,11543,root_increment,1,-1,-1,11543,60.8931
2136,6808,root_increment,1,-1,-1,6808,60.8705
2137,2963,root_increment,1,-1,-1,2963,60.8552
2138,14551,root_increment,1,-1,-1,14551,60.845
2139,3058,root_increment,1,-1,-1,3058,60.781
2140,8681,root_increment,1,-1,-1,8681,60.7802
2141,13271,root_increment,1,-1,-1,13271,60.7681
2142,6273,root_increment,1,-1,-1,6273,60.7644
2143,10692,root_increment,1,-1,-1,10692,60.7602
2144,6642,root_increment,1,-1,-1,6642,60.755
2145,1283,root_increment,1,-1,-1,1283,60.7494
2146,8760,root_increment,1,-1,-1,8760,60.7409
2147,3956,root_increment,1,-1,-1,3956,60.7399
2148,12347,root_increment,1,-1,-1,12347,60.7325
2149,8650,root_increment,1,-1,-1,8650,60.7321
2150,6123,root_increment,1,-1,-1,6123,60.7158
2151,9239,root_increment,1,-1,-1,9239,60.7148
2152,4336,root_increment,1,-1,-1,4336,60.7131
2153,213,root_increment,1,-1,-1,213,60.6913
2154,19397,root_increment,1,-1,-1,19397,60.6568
2155,3024,root_increment,1,-1,-1,3024,60.6425
2156,2846,root_increment,1,-1,-1,2846,60.642
2157,16748,root_increment,1,-1,-1,16748,60.6405
2158,15489,root_increment,1,-1,-1,15489,60.6382
2159,14077,root_increment,1,-1,-1,14077,60.6316
2160,13381,root_increment,1,-1,-1,13381,60.6238
2161,6299,root_increment,1,-1,-1,6299,60.6199
2162,1966,root_increment,1,-1,-1,1966,60.606
2163,9046,root_increment,1,-1,-1,9046,60.5922
2164,1368,root_increment,1,-1,-1,1368,60.5868
2165,17564,root_increment,1,-1,-1,17564,60.5859
2166,4685,root_increment,1,-1,-1,4685,60.5842
2167,17243,root_increment,1,-1,-1,17243,60.5785
2168,19741,root_increment,1,-1,-1,19741,60.5702
2169,9509,root_increment,1,-1,-1,9509,60.5688
2170,2441,root_increment,1,-1,-1,2441,60.568
2171,11951,root_increment,1,-1,-1,11951,60.5664
2172,14751,root_increment,1,-1,-1,14751,60.566
2173,2353,root_increment,1,-1,-1,2353,60.5547
2174,10532,root_increment,1,-1,-1,10532,60.5487
2175,7842,root_increment,1,-1,-1,7842,60.5471
2176,2115,root_increment,1,-1,-1,2115,60.5455
2177,14072,root_increment,1,-1,-1,14072,60.5343
2178,18668,root_increment,1,-1,-1,18668,60.515
2179,6286,root_increment,1,-1,-1,6286,60.5127
2180,1959,root_increment,1,-1,-1,1959,60.5045
2181,18828,root_increment,1,-1,-1,18828,60.475
2182,17823,root_increment,1,-1,-1,17823,60.4722
2183,2822,root_increment,1,-1,-1,2822,60.4676
2184,15925,root_increment,1,-1,-1,15925,60.4527
2185,6441,root_increment,1,-1,-1,6441,60.4506
2186,805,root_increment,1,-1,-1,805,60.4494
2187,17255,root_increment,1,-1,-1,17255,60.4475
2188,4200,root_increment,1,-1,-1,4200,60.4461
2189,2347,root_increment,1,-1,-1,2347,60.4409
2190,6389,root_increment,1,-1,-1,6389,60.4362
2191,10779,root_increment,1,-1,-1,10779,60.4359
2192,18801,root_increment,1,-1,-1,18801,60.4355
2193,3487,root_increment,1,-1,-1,3487,60.4321
2194,7171,root_increment,1,-1,-1,7171,60.4316
2195,3319,root_increment,1,-1,-1,3319,60.427
2196,13970,root_increment,1,-1,-1,13970,60.4265
2197,8283,root_increment,1,-1,-1,8283,60.4235
2198,6294,root_increment,1,-1,-1,6294,60.4198
2199,17012,root_increment,1,-1,-1,17012,60.4186
2200,15908,root_increment,1,-1,-1,15908,60.4177
2201,7456,root_increment,1,-1,-1,7456,60.3853
2202,2348,root_increment,1,-1,-1,2348,60.3789
2203,14546,root_increment,1,-1,-1,14546,60.3764
2204,6979,root_increment,1,-1,-1,6979,60.3724
2205,9482,root_increment,1,-1,-1,9482,60.345
2206,15030,root_increment,1,-1,-1,15030,60.3374
2207,9300,root_increment,1,-1,-1,9300,60.3243
2208,2360,root_increment,1,-1,-1,2360,60.2973
2209,8624,root_increment,1,-1,-1,8624,60.2972
2210,10229,root_increment,1,-1,-1,10229,60.2949
2211,8233,root_increment,1,-1,-1,8233,60.2902
2212,17704,root_increment,1,-1,-1,17704,60.2878
2213,7925,root_increment,1,-1,-1,7925,60.276
2214,17256,root_increment,1,-1,-1,17256,60.2733
2215,17824,root_increment,1,-1,-1,17824,60.2698
2216,13349,root_increment,1,-1,-1,13349,60.2692
2217,2237,root_increment,1,-1,-1,2237,60.2552
2218,18843,root_increment,1,-1,-1,18843,60.251
2219,15387,root_increment,1,-1,-1,15387,60.2466
2220,11991,root_increment,1,-1,-1,11991,60.244
2221,19393,root_increment,1,-1,-1,19393,60.2413
2222,3372,root_increment,1,-1,-1,3372,60.2364
2223,7054,root_increment,1,-1,-1,7054,60.2333
2224,12559,root_increment,1,-1,-1,12559,60.2259
2225,15710,root_increment,1,-1,-1,15710,60.219
2226,771,root_increment,1,-1,-1,771,60.2071
2227,9132,root_increment,1,-1,-1,9132,60.2043
2228,19366,root_increment,1,-1,-1,19366,60.2028
2229,4878,root_increment,1,-1,-1,4878,60.2014
2230,17694,root_increment,1,-1,-1,17694,60.1944
2231,475,root_increment,1,-1,-1,475,60.1929
2232,9956,root_increment,1,-1,-1,9956,60.1852
2233,12786,root_increment,1,-1,-1,12786,60.1785
2234,1605,root_increment,1,-1,-1,1605,60.1756
2235,19615,root_increment,1,-1,-1,19615,60.1686
2236,19252,root_increment,1,-1,-1,19252,60.1661
2237,3241,root_increment,1,-1,-1,3241,60.1631
2238,7527,root_increment,1,-1,-1,7527,60.1625
2239,5592,root_increment,1,-1,-1,5592,60.1514
2240,2307,root_increment,1,-1,-1,2307,60.138
2241,3045,root_increment,1,-1,-1,3045,60.1341
2242,18475,root_increment,1,-1,-1,18475,60.1225
2243,13492,root_increment,1,-1,-1,13492,60.119
2244,11132,root_increment,1,-1,-1,11132,60.1172
2245,18285,root_increment,1,-1,-1,18285,60.1032
2246,12203,root_increment,1,-1,-1,12203,60.1014
2247,2366,root_increment,1,-1,-1,2366,60.0992
2248,619,root_increment,1,-1,-1,619,60.0967
2249,8214,root_increment,1,-1,-1,8214,60.085
2250,4326,root_increment,1,-1,-1,4326,60.0697
2251,5542,root_increment,1,-1,-1,5542,60.0622
2252,4865,root_increment,1,-1,-1,4865,60.0616
2253,4576,root_increment,1,-1,-1,4576,60.0594
2254,16843,root_increment,1,-1,-1,16843,60.0568
2255,7839,root_increment,1,-1,-1,7839,60.0469
2256,2381,root_increment,1,-1,-1,2381,60.0461
2257,15826,root_increment,1,-1,-1,15826,60.0424
2258,13394,root_increment,1,-1,-1,13394,60.0404
2259,16845,root_increment,1,-1,-1,16845,60.0314
2260,5985,root_increment,1,-1,-1,5985,60.0227
2261,12122,root_increment,1,-1,-1,12122,60.0171
2262,2345,root_increment,1,-1,-1,2345,60.0047
2263,2379,root_increment,1,-1,-1,2379,59.9935
2264,2268,root_increment,1,-1,-1,2268,59.9901
2265,7249,root_increment,1,-1,-1,7249,59.9899
2266,4839,root_increment,1,-1,-1,4839,59.9865
2267,6095,root_increment,1,-1,-1,6095,59.9848
2268,11493,root_increment,1,-1,-1,11493,59.9843
2269,15528,root_increment,1,-1,-1,15528,59.9824
2270,19897,root_increment,1,-1,-1,19897,59.9821
2271,860,root_increment,1,-1,-1,860,59.9729
2272,8459,root_increment,1,-1,-1,8459,59.9708
2273,4706,root_increment,1,-1,-1,4706,59.9654
2274,2657,root_increment,1,-1,-1,2657,59.9572
2275,8072,root_increment,1,-1,-1,8072,59.9549
2276,514,root_increment,1,-1,-1,514,59.9351
2277,15821,root_increment,1,-1,-1,15821,59.9345
2278,3747,root_increment,1,-1,-1,3747,59.9343
2279,551,root_increment,1,-1,-1,551,59.931
2280,2369,root_increment,1,-1,-1,2369,59.9305
2281,16192,root_increment,1,-1,-1,16192,59.9243
2282,14308,root_increment,1,-1,-1,14308,59.9199
2283,12803,root_increment,1,-1,-1,12803,59.9177
2284,1974,root_increment,1,-1,-1,1974,59.9136
2285,19356,root_increment,1,-1,-1,19356,59.9094
2286,4467,root_increment,1,-1,-1,4467,59.9084
2287,4245,root_increment,1,-1,-1,4245,59.9057
2288,2942,root_increment,1,-1,-1,2942,59.9036
2289,5423,root_increment,1,-1,-1,5423,59.8974
2290,15889,root_increment,1,-1,-1,15889,59.8956
2291,1850,root_increment,1,-1,-1,1850,59.8941
2292,16646,root_increment,1,-1,-1,16646,59.8928
2293,2945,root_increment,1,-1,-1,2945,59.8761
2294,4270,root_increment,1,-1,-1,4270,59.8678
2295,15234,root_increment,1,-1,-1,15234,59.8664
2296,2929,root_increment,1,-1,-1,2929,59.8519
2297,10873,root_increment,1,-1,-1,10873,59.8478
2298,18806,root_increment,1,-1,-1,18806,59.8467
2299,10449,root_increment,1,-1,-1,10449,59.8463
2300,12787,root_increment,1,-1,-1,12787,59.8388
2301,7498,root_increment,1,-1,-1,7498,59.8373
2302,19036,root_increment,1,-1,-1,19036,59.83
2303,7962,root_increment,1,-1,-1,7962,59.8221
2304,9106,root_increment,1,-1,-1,9106,59.8039
2305,2652,root_increment,1,-1,-1,2652,59.7946
2306,7648,root_increment,1,-1,-1,7648,59.794
2307,11875,root_increment,1,-1,-1,11875,59.7917
2308,5318,root_increment,1,-1,-1,5318,59.7899
2309,2759,root_increment,1,-1,-1,2759,59.787
2310,15247,root_increment,1,-1,-1,15247,59.7834
2311,9456,root_increment,1,-1,-1,9456,59.7729
2312,18507,root_increment,1,-1,-1,18507,59.7692
2313,7305,root_increment,1,-1,-1,7305,59.7595
2314,2966,root_increment,1,-1,-1,2966,59.7568
2315,10915,root_increment,1,-1,-1,10915,59.7535
2316,2620,root_increment,1,-1,-1,2620,59.7496
2317,15348,root_increment,1,-1,-1,15348,59.7166
2318,5485,root_increment,1,-1,-1,5485,59.713
2319,9302,root_increment,1,-1,-1,9302,59.7102
2320,7184,root_increment,1,-1,-1,7184,59.71
2321,4221,root_increment,1,-1,-1,4221,59.6943
2322,9067,root_increment,1,-1,-1,9067,59.681
2323,4771,root_increment,1,-1,-1,4771,59.6771
2324,16428,root_increment,1,-1,-1,16428,59.675
2325,5825,root_increment,1,-1,-1,5825,59.6699
2326,18775,root_increment,1,-1,-1,18775,59.6698
2327,14664,root_increment,1,-1,-1,14664,59.6677
2328,9498,root_increment,1,-1,-1,9498,59.6643
2329,13937,root_increment,1,-1,-1,13937,59.6568
2330,12251,root_increment,1,-1,-1,12251,59.6567
2331,2462,root_increment,1,-1,-1,2462,59.6537
2332,11904,root_increment,1,-1,-1,11904,59.6453
2333,13593,root_increment,1,-1,-1,13593,59.6446
2334,15531,root_increment,1,-1,-1,15531,59.6435
2335,4210,root_increment,1,-1,-1,4210,59.6277
2336,19019,root_increment,1,-1,-1,19019,59.6276
2337,13062,root_increment,1,-1,-1,13062,59.6255
2338,12548,root_increment,1,-1,-1,12548,59.6084
2339,9959,root_increment,1,-1,-1,9959,59.6069
2340,1383,root_increment,1,-1,-1,1383,59.5971
2341,8739,root_increment,1,-1,-1,8739,59.5949
2342,1188,root_increment,1,-1,-1,1188,59.592
2343,6118,root_increment,1,-1,-1,6118,59.5866
2344,1953,root_increment,1,-1,-1,1953,59.5745
2345,2950,root_increment,1,-1,-1,2950,59.5676
2346,7330,root_increment,1,-1,-1,7330,59.5635
2347,2224,root_increment,1,-1,-1,2224,59.5633
2348,4409,root_increment,1,-1,-1,4409,59.5574
2349,2840,root_increment,1,-1,-1,2840,59.5512
2350,1438,root_increment,1,-1,-1,1438,59.5461
2351,16696,root_increment,1,-1,-1,16696,59.5281
2352,14354,root_increment,1,-1,-1,14354,59.5081
2353,1512,root_increment,1,-1,-1,1512,59.508
2354,8553,root_increment,1,-1,-1,8553,59.4997
2355,9739,root_increment,1,-1,-1,9739,59.4786
2356,12158,root_increment,1,-1,-1,12158,59.4692
2357,4179,root_increment,1,-1,-1,4179,59.4658
2358,19843,root_increment,1,-1,-1,19843,59.4566
2359,14882,root_increment,1,-1,-1,14882,59.4539
2360,8500,root_increment,1,-1,-1,8500,59.4505
2361,5412,root_increment,1,-1,-1,5412,59.4483
2362,4376,root_increment,1,-1,-1,4376,59.4398
2363,14708,root_increment,1,-1,-1,14708,59.43
2364,2149,root_increment,1,-1,-1,2149,59.4276
2365,10797,root_increment,1,-1,-1,10797,59.4254
2366,2825,root_increment,1,-1,-1,2825,59.4129
2367,10080,root_increment,1,-1,-1,10080,59.4103
2368,1491,root_increment,1,-1,-1,1491,59.4028
2369,2874,root_increment,1,-1,-1,2874,59.4026
2370,17842,root_increment,1,-1,-1,17842,59.3975
2371,10561,root_increment,1,-1,-1,10561,59.3885
2372,2373,root_increment,1,-1,-1,2373,59.3876
2373,9054,root_increment,1,-1,-1,9054,59.3849
2374,3123,root_increment,1,-1,-1,3123,59.3814
2375,9268,root_increment,1,-1,-1,9268,59.3812
2376,11682,root_increment,1,-1,-1,11682,59.3785
2377,12121,root_increment,1,-1,-1,12121,59.3698
2378,15169,root_increment,1,-1,-1,15169,59.3687
2379,1525,root_increment,1,-1,-1,1525,59.3663
2380,8773,root_increment,1,-1,-1,8773,59.3599
2381,18724,root_increment,1,-1,-1,18724,59.3464
2382,1940,root_increment,1,-1,-1,1940,59.3407
2383,13548,root_increment,1,-1,-1,13548,59.3401
2384,4253,root_increment,1,-1,-1,4253,59.3374
2385,1660,root_increment,1,-1,-1,1660,59.3335
2386,5851,root_increment,1,-1,-1,5851,59.3288
2387,6805,root_increment,1,-1,-1,6805,59.3271
2388,2034,root_increment,1,-1,-1,2034,59.3165
2389,15307,root_increment,1,-1,-1,15307,59.3158
2390,5377,root_increment,1,-1,-1,5377,59.3156
2391,11920,root_increment,1,-1,-1,11920,59.3098
2392,10792,root_increment,1,-1,-1,10792,59.3089
2393,14839,root_increment,1,-1,-1,14839,59.3014
2394,1262,root_increment,1,-1,-1,1262,59.2996
2395,4035,root_increment,1,-1,-1,4035,59.2804
2396,11797,root_increment,1,-1,-1,11797,59.26
2397,7572,root_increment,1,-1,-1,7572,59.256
2398,3629,root_increment,1,-1,-1,3629,59.2555
2399,8579,root_increment,1,-1,-1,8579,59.2485
2400,6562,root_increment,1,-1,-1,6562,59.2473
2401,1895,root_increment,1,-1,-1,1895,59.2461
2402,16357,root_increment,1,-1,-1,16357,59.2243
2403,15418,root_increment,1,-1,-1,15418,59.2232
2404,1001,root_increment,1,-1,-1,1001,59.2212
2405,14792,root_increment,1,-1,-1,14792,59.205
2406,4513,root_increment,1,-1,-1,4513,59.1985
2407,5605,root_increment,1,-1,-1,5605,59.1965
2408,13268,root_increment,1,-1,-1,13268,59.1719
2409,5961,root_increment,1,-1,-1,5961,59.1711
2410,14755,root_increment,1,-1,-1,14755,59.1638
2411,4750,root_increment,1,-1,-1,4750,59.1563
2412,13015,root_increment,1,-1,-1,13015,59.1418
2413,5791,root_increment,1,-1,-1,5791,59.1411
2414,270,root_increment,1,-1,-1,270,59.1342
2415,18719,root_increment,1,-1,-1,18719,59.1237
2416,4373,root_increment,1,-1,-1,4373,59.1214
2417,2576,root_increment,1,-1,-1,2576,59.1184
2418,16996,root_increment,1,-1,-1,16996,59.1128
2419,8451,root_increment,1,-1,-1,8451,59.1119
2420,8114,root_increment,1,-1,-1,8114,59.1073
2421,4896,root_increment,1,-1,-1,4896,59.1038
2422,6771,root_increment,1,-1,-1,6771,59.1018
2423,4007,root_increment,1,-1,-1,4007,59.099
2424,7593,root_increment,1,-1,-1,7593,59.0951
2425,18420,root_increment,1,-1,-1,18420,59.0919
2426,1868,root_increment,1,-1,-1,1868,59.0911
2427,9559,root_increment,1,-1,-1,9559,59.0832
2428,13891,root_increment,1,-1,-1,13891,59.0813
2429,2560,root_increment,1,-1,-1,2560,59.0803
2430,5115,root_increment,1,-1,-1,5115,59.0737
2431,3539,root_increment,1,-1,-1,3539,59.065
2432,15459,root_increment,1,-1,-1,15459,59.0629
2433,812,root_increment,1,-1,-1,812,59.0608
2434,10436,root_increment,1,-1,-1,10436,59.0531
2435,2178,root_increment,1,-1,-1,2178,59.0508
2436,16478,root_increment,1,-1,-1,16478,59.0508
2437,3,root_increment,1,-1,-1,3,59.049
2438,16024,root_increment,1,-1,-1,16024,59.0483
2439,18883,root_increment,1,-1,-1,18883,59.0481
2440,3985,root_increment,1,-1,-1,3985,59.0473
2441,792,root_increment,1,-1,-1,792,59.0437
2442,18557,root_increment,1,-1,-1,18557,59.0329
2443,2368,root_increment,1,-1,-1,2368,59.0313
2444,10828,root_increment,1,-1,-1,10828,59.0301
2445,12748,root_increment,1,-1,-1,12748,59.0288
2446,14112,root_increment,1,-1,-1,14112,59.0285
2447,6587,root_increment,1,-1,-1,6587,59.0272
2448,19533,root_increment,1,-1,-1,19533,59.0242
2449,8868,root_increment,1,-1,-1,8868,59.011
2450,9289,root_increment,1,-1,-1,9289,59.0074
2451,15779,root_increment,1,-1,-1,15779,59.0034
2452,13347,root_increment,1,-1,-1,13347,58.9983
2453,12881,root_increment,1,-1,-1,12881,58.9695
2454,15475,root_increment,1,-1,-1,15475,58.9694
2455,3823,root_increment,1,-1,-1,3823,58.9596
2456,12392,root_increment,1,-1,-1,12392,58.9585
2457,18135,root_increment,1,-1,-1,18135,58.9533
2458,1493,root_increment,1,-1,-1,1493,58.9459
2459,8933,root_increment,1,-1,-1,8933,58.9419
2460,1556,root_increment,1,-1,-1,1556,58.9385
2461,7803,root_increment,1,-1,-1,7803,58.9322
2462,14814,root_increment,1,-1,-1,14814,58.9302
2463,19155,root_increment,1,-1,-1,19155,58.9251
2464,10326,root_increment,1,-1,-1,10326,58.9192
2465,10842,root_increment,1,-1,-1,10842,58.9186
2466,695,root_increment,1,-1,-1,695,58.9085
2467,2058,root_increment,1,-1,-1,2058,58.9051
2468,380,root_increment,1,-1,-1,380,58.9011
2469,17271,root_increment,1,-1,-1,17271,58.9007
2470,7981,root_increment,1,-1,-1,7981,58.8991
2471,16347,root_increment,1,-1,-1,16347,58.8961
2472,8742,root_increment,1,-1,-1,8742,58.8956
2473,14010,root_increment,1,-1,-1,14010,58.8899
2474,4600,root_increment,1,-1,-1,4600,58.8799
2475,10564,root_increment,1,-1,-1,10564,58.8789
2476,14183,root_increment,1,-1,-1,14183,58.8752
2477,2068,root_increment,1,-1,-1,2068,58.8625
2478,17631,root_increment,1,-1,-1,17631,58.8505
2479,11680,root_increment,1,-1,-1,11680,58.8408
2480,7836,root_increment,1,-1,-1,7836,58.8407
2481,7713,root_increment,1,-1,-1,7713,58.8405
2482,9114,root_increment,1,-1,-1,9114,58.8389
2483,3999,root_increment,1,-1,-1,3999,58.8275
2484,13539,root_increment,1,-1,-1,13539,58.8266
2485,13396,root_increment,1,-1,-1,13396,58.8241
2486,15203,root_increment,1,-1,-1,15203,58.8234
2487,12834,root_increment,1,-1,-1,12834,58.8163
2488,11119,root_increment,1,-1,-1,11119,58.8154
2489,2358,root_increment,1,-1,-1,2358,58.8146
2490,10645,root_increment,1,-1,-1,10645,58.8071
2491,13108,root_increment,1,-1,-1,13108,58.7996
2492,8427,root_increment,1,-1,-1,8427,58.7901
2493,12004,root_increment,1,-1,-1,12004,58.7808
2494,13059,root_increment,1,-1,-1,13059,58.7788
2495,17605,root_increment,1,-1,-1,17605,58.7767
2496,19969,root_increment,1,-1,-1,19969,58.763
2497,3631,root_increment,1,-1,-1,3631,58.7589
2498,2932,root_increment,1,-1,-1,2932,58.7575
2499,9017,root_increment,1,-1,-1,9017,58.7535
2500,19607,root_increment,1,-1,-1,19607,58.7528
2501,12169,root_increment,1,-1,-1,12169,58.751
2502,302,root_increment,1,-1,-1,302,58.746
2503,16802,root_increment,1,-1,-1,16802,58.7307
2504,10038,root_increment,1,-1,-1,10038,58.7252
2505,14015,root_increment,1,-1,-1,14015,58.7196
2506,17659,root_increment,1,-1,-1,17659,58.7077
2507,11748,root_increment,1,-1,-1,11748,58.7047
2508,8172,root_increment,1,-1,-1,8172,58.6917
2509,3810,root_increment,1,-1,-1,3810,58.6902
2510,15150,root_increment,1,-1,-1,15150,58.6812
2511,11342,root_increment,1,-1,-1,11342,58.6786
2512,1230,root_increment,1,-1,-1,1230,58.6785
2513,5932,root_increment,1,-1,-1,5932,58.6723
2514,8467,root_increment,1,-1,-1,8467,58.6713
2515,6278,root_increment,1,-1,-1,6278,58.6706
2516,7558,root_increment,1,-1,-1,7558,58.6644
2517,15885,root_increment,1,-1,-1,15885,58.6586
2518,15179,root_increment,1,-1,-1,15179,58.6527
2519,5061,root_increment,1,-1,-1,5061,58.6512
2520,323,root_increment,1,-1,-1,323,58.6425
2521,18502,root_increment,1,-1,-1,18502,58.6339
2522,3738,root_increment,1,-1,-1,3738,58.6307
2523,3257,root_increment,1,-1,-1,3257,58.6247
2524,7718,root_increment,1,-1,-1,7718,58.6163
2525,131,root_increment,1,-1,-1,131,58.6085
2526,7158,root_increment,1,-1,-1,7158,58.5977
2527,10371,root_increment,1,-1,-1,10371,58.5937
2528,4544,root_increment,1,-1,-1,4544,58.5927
2529,18240,root_increment,1,-1,-1,18240,58.5919
2530,579,root_increment,1,-1,-1,579,58.5884
2531,17114,root_increment,1,-1,-1,17114,58.5818
2532,653,root_increment,1,-1,-1,653,58.5791
2533,18130,root_increment,1,-1,-1,18130,58.5704
2534,13266,root_increment,1,-1,-1,13266,58.5649
2535,10583,root_increment,1,-1,-1,10583,58.5559
2536,9593,root_increment,1,-1,-1,9593,58.5555
2537,5282,root_increment,1,-1,-1,5282,58.554
2538,12127,root_increment,1,-1,-1,12127,58.5501
2539,3497,root_increment,1,-1,-1,3497,58.5358
2540,3865,root_increment,1,-1,-1,3865,58.5327
2541,3537,root_increment,1,-1,-1,3537,58.5325
2542,744,root_increment,1,-1,-1,744,58.527
2543,1404,root_increment,1,-1,-1,1404,58.5161
2544,7851,root_increment,1,-1,-1,7851,58.5111
2545,7844,root_increment,1,-1,-1,7844,58.5073
2546,14687,root_increment,1,-1,-1,14687,58.4894
2547,11792,root_increment,1,-1,-1,11792,58.4842
2548,2128,root_increment,1,-1,-1,2128,58.4753
2549,3759,root_increment,1,-1,-1,3759,58.4738
2550,14905,root_increment,1,-1,-1,14905,58.4731
2551,7682,root_increment,1,-1,-1,7682,58.4728
2552,14142,root_increment,1,-1,-1,14142,58.4603
2553,7165,root_increment,1,-1,-1,7165,58.4498
2554,3165,root_increment,1,-1,-1,3165,58.4379
2555,17731,root_increment,1,-1,-1,17731,58.4373
2556,239,root_increment,1,-1,-1,239,58.4367
2557,4352,root_increment,1,-1,-1,4352,58.4294
2558,14753,root_increment,1,-1,-1,14753,58.4237
2559,14646,root_increment,1,-1,-1,14646,58.4131
2560,18245,root_increment,1,-1,-1,18245,58.413
2561,8495,root_increment,1,-1,-1,8495,58.4065
2562,13061,root_increment,1,-1,-1,13061,58.4059
2563,6894,root_increment,1,-1,-1,6894,58.3798
2564,3935,root_increment,1,-1,-1,3935,58.3784
2565,6368,root_increment,1,-1,-1,6368,58.3684
2566,1499,root_increment,1,-1,-1,1499,58.3628
2567,11878,root_increment,1,-1,-1,11878,58.3627
2568,2853,root_increment,1,-1,-1,2853,58.3502
2569,9051,root_increment,1,-1,-1,9051,58.3501
2570,3338,root_increment,1,-1,-1,3338,58.3467
2571,1879,root_increment,1,-1,-1,1879,58.346
2572,8320,root_increment,1,-1,-1,8320,58.3446
2573,4871,root_increment,1,-1,-1,4871,58.3433
2574,10705,root_increment,1,-1,-1,10705,58.3415
2575,15941,root_increment,1,-1,-1,15941,58.3388
2576,11261,root_increment,1,-1,-1,11261,58.3376
2577,14030,root_increment,1,-1,-1,14030,58.3334
2578,18246,root_increment,1,-1,-1,18246,58.3275
2579,8252,root_increment,1,-1,-1,8252,58.3064
2580,3667,root_increment,1,-1,-1,3667,58.3031
2581,18193,root_increment,1,-1,-1,18193,58.2993
2582,17706,root_increment,1,-1,-1,17706,58.2978
2583,6259,root_increment,1,-1,-1,6259,58.2959
2584,17454,root_increment,1,-1,-1,17454,58.2885
2585,1938,root_increment,1,-1,-1,1938,58.288
2586,7938,root_increment,1,-1,-1,7938,58.2865
2587,18084,root_increment,1,-1,-1,18084,58.2853
2588,10321,root_increment,1,-1,-1,10321,58.2826
2589,6116,root_increment,1,-1,-1,6116,58.2774
2590,14711,root_increment,1,-1,-1,14711,58.2757
2591,8262,root_increment,1,-1,-1,8262,58.2682
2592,1323,root_increment,1,-1,-1,1323,58.2656
2593,1527,root_increment,1,-1,-1,1527,58.264
2594,15198,root_increment,1,-1,-1,15198,58.2597
2595,12124,root_increment,1,-1,-1,12124,58.2559
2596,12460,root_increment,1,-1,-1,12460,58.2509
2597,12855,root_increment,1,-1,-1,12855,58.25
2598,8281,root_increment,1,-1,-1,8281,58.2454
2599,5540,root_increment,1,-1,-1,5540,58.2443
2600,357,root_increment,1,-1,-1,357,58.2139
2601,7774,root_increment,1,-1,-1,7774,58.2119
2602,9499,root_increment,1,-1,-1,9499,58.2108
2603,16494,root_increment,1,-1,-1,16494,58.2022
2604,13255,root_increment,1,-1,-1,13255,58.2008
2605,4012,root_increment,1,-1,-1,4012,58.1998
2606,13010,root_increment,1,-1,-1,13010,58.1906
2607,7833,root_increment,1,-1,-1,7833,58.1875
2608,6391,root_increment,1,-1,-1,6391,58.1796
2609,12682,root_increment,1,-1,-1,12682,58.179
2610,14182,root_increment,1,-1,-1,14182,58.1653
2611,18803,root_increment,1,-1,-1,18803,58.1645
2612,3440,root_increment,1,-1,-1,3440,58.1574
2613,2654,root_increment,1,-1,-1,2654,58.1516
2614,12408,root_increment,1,-1,-1,12408,58.1486
2615,13677,root_increment,1,-1,-1,13677,58.1467
2616,12174,root_increment,1,-1,-1,12174,58.1461
2617,18423,root_increment,1,-1,-1,18423,58.1287
2618,8564,root_increment,1,-1,-1,8564,58.125
2619,11054,root_increment,1,-1,-1,11054,58.1239
2620,7831,root_increment,1,-1,-1,7831,58.1205
2621,9048,root_increment,1,-1,-1,9048,58.1137
2622,9826,root_increment,1,-1,-1,9826,58.1129
2623,9562,root_increment,1,-1,-1,9562,58.1127
2624,2047,root_increment,1,-1,-1,2047,58.1108
2625,6134,root_increment,1,-1,-1,6134,58.11
2626,12802,root_increment,1,-1,-1,12802,58.101
2627,5998,root_increment,1,-1,-1,5998,58.1009
2628,16514,root_increment,1,-1,-1,16514,58.0946
2629,12934,root_increment,1,-1,-1,12934,58.0917
2630,17709,root_increment,1,-1,-1,17709,58.0878
2631,7687,root_increment,1,-1,-1,7687,58.0825
2632,13950,root_increment,1,-1,-1,13950,58.0744
2633,16224,root_increment,1,-1,-1,16224,58.0734
2634,19914,root_increment,1,-1,-1,19914,58.0702
2635,17978,root_increment,1,-1,-1,17978,58.0691
2636,18587,root_increment,1,-1,-1,18587,58.0635
2637,4640,root_increment,1,-1,-1,4640,58.0604
2638,4129,root_increment,1,-1,-1,4129,58.0569
2639,6252,root_increment,1,-1,-1,6252,58.0551
2640,8470,root_increment,1,-1,-1,8470,58.0518
2641,2995,root_increment,1,-1,-1,2995,58.0518
2642,12171,root_increment,1,-1,-1,12171,58.0487
2643,9122,root_increment,1,-1,-1,9122,58.0412
2644,8692,root_increment,1,-1,-1,8692,58.0373
2645,9833,root_increment,1,-1,-1,9833,58.0204
2646,3772,root_increment,1,-1,-1,3772,57.9875
2647,15745,root_increment,1,-1,-1,15745,57.9852
2648,825,root_increment,1,-1,-1,825,57.985
2649,252,root_increment,1,-1,-1,252,57.981
2650,5660,root_increment,1,-1,-1,5660,57.9773
2651,6236,root_increment,1,-1,-1,6236,57.9748
2652,17644,root_increment,1,-1,-1,17644,57.9723
2653,7734,root_increment,1,-1,-1,7734,57.9674
2654,14095,root_increment,1,-1,-1,14095,57.9656
2655,7409,root_increment,1,-1,-1,7409,57.9651
2656,8844,root_increment,1,-1,-1,8844,57.9546
2657,5963,root_increment,1,-1,-1,5963,57.9501
2658,1946,root_increment,1,-1,-1,1946,57.9486
2659,18280,root_increment,1,-1,-1,18280,57.9476
2660,13127,root_increment,1,-1,-1,13127,57.9255
2661,9109,root_increment,1,-1,-1,9109,57.9193
2662,7729,root_increment,1,-1,-1,7729,57.9174
2663,16070,root_increment,1,-1,-1,16070,57.9142
2664,9980,root_increment,1,-1,-1,9980,57.9088
2665,18740,root_increment,1,-1,-1,18740,57.9027
2666,4308,root_increment,1,-1,-1,4308,57.9003
2667,6572,root_increment,1,-1,-1,6572,57.8973
2668,12001,root_increment,1,-1,-1,12001,57.8864
2669,5068,root_increment,1,-1,-1,5068,57.8797
2670,15297,root_increment,1,-1,-1,15297,57.8761
2671,5972,root_increment,1,-1,-1,5972,57.8758
2672,12773,root_increment,1,-1,-1,12773,57.8677
2673,15894,root_increment,1,-1,-1,15894,57.862
2674,5261,root_increment,1,-1,-1,5261,57.8461
2675,11114,root_increment,1,-1,-1,11114,57.846
2676,927,root_increment,1,-1,-1,927,57.8404
2677,5948,root_increment,1,-1,-1,5948,57.8399
2678,15103,root_increment,1,-1,-1,15103,57.8351
2679,6478,root_increment,1,-1,-1,6478,57.835
2680,7837,root_increment,1,-1,-1,7837,57.8329
2681,365,root_increment,1,-1,-1,365,57.832
2682,11459,root_increment,1,-1,-1,11459,57.8286
2683,2417,root_increment,1,-1,-1,2417,57.8273
2684,11067,root_increment,1,-1,-1,11067,57.8251
2685,1131,root_increment,1,-1,-1,1131,57.8217
2686,5576,root_increment,1,-1,-1,5576,57.8196
2687,15290,root_increment,1,-1,-1,15290,57.815
2688,11923,root_increment,1,-1,-1,11923,57.8128
2689,194,root_increment,1,-1,-1,194,57.8008
2690,17994,root_increment,1,-1,-1,17994,57.7916
2691,10417,root_increment,1,-1,-1,10417,57.7813
2692,846,root_increment,1,-1,-1,846,57.7666
2693,12606,root_increment,1,-1,-1,12606,57.761
2694,4563,root_increment,1,-1,-1,4563,57.7546
2695,6595,root_increment,1,-1,-1,6595,57.744
2696,1972,root_increment,1,-1,-1,1972,57.7346
2697,13014,root_increment,1,-1,-1,13014,57.7288
2698,11244,root_increment,1,-1,-1,11244,57.721
2699,11202,root_increment,1,-1,-1,11202,57.7138
2700,16341,root_increment,1,-1,-1,16341,57.711
2701,5618,root_increment,1,-1,-1,5618,57.7023
2702,1961,root_increment,1,-1,-1,1961,57.7015
2703,1296,root_increment,1,-1,-1,1296,57.7002
2704,4792,root_increment,1,-1,-1,4792,57.6944
2705,4511,root_increment,1,-1,-1,4511,57.6644
2706,12111,root_increment,1,-1,-1,12111,57.6575
2707,9857,root_increment,1,-1,-1,9857,57.655
2708,14754,root_increment,1,-1,-1,14754,57.6521
2709,7656,root_increment,1,-1,-1,7656,57.643
2710,5147,root_increment,1,-1,-1,5147,57.6341
2711,3883,root_increment,1,-1,-1,3883,57.6339
2712,5113,root_increment,1,-1,-1,5113,57.6232
2713,13224,root_increment,1,-1,-1,13224,57.6204
2714,15133,root_increment,1,-1,-1,15133,57.6181
2715,17995,root_increment,1,-1,-1,17995,57.6173
2716,16465,root_increment,1,-1,-1,16465,57.6117
2717,113,root_increment,1,-1,-1,113,57.6093
2718,1102,root_increment,1,-1,-1,1102,57.607
2719,19421,root_increment,1,-1,-1,19421,57.603
2720,778,root_increment,1,-1,-1,778,57.6015
2721,8611,root_increment,1,-1,-1,8611,57.5879
2722,6410,root_increment,1,-1,-1,6410,57.581
2723,9378,root_increment,1,-1,-1,9378,57.5788
2724,14923,root_increment,1,-1,-1,14923,57.5769
2725,4349,root_increment,1,-1,-1,4349,57.5682
2726,4726,root_increment,1,-1,-1,4726,57.5673
2727,3340,root_increment,1,-1,-1,3340,57.5612
2728,37,root_increment,1,-1,-1,37,57.5549
2729,18881,root_increment,1,-1,-1,18881,57.5483
2730,17837,root_increment,1,-1,-1,17837,57.5422
2731,6291,root_increment,1,-1,-1,6291,57.527
2732,16459,root_increment,1,-1,-1,16459,57.5268
2733,3906,root_increment,1,-1,-1,3906,57.5167
2734,19476,root_increment,1,-1,-1,19476,57.5151
2735,6220,root_increment,1,-1,-1,6220,57.507
2736,3387,root_increment,1,-1,-1,3387,57.5065
2737,7852,root_increment,1,-1,-1,7852,57.5006
2738,17106,root_increment,1,-1,-1,17106,57.4994
2739,18561,root_increment,1,-1,-1,18561,57.4983
2740,12083,root_increment,1,-1,-1,12083,57.4933
2741,9616,root_increment,1,-1,-1,9616,57.4894
2742,4132,root_increment,1,-1,-1,4132,57.4858
2743,535,root_increment,1,-1,-1,535,57.4799
2744,8316,root_increment,1,-1,-1,8316,57.4792
2745,16749,root_increment,1,-1,-1,16749,57.4791
2746,3923,root_increment,1,-1,-1,3923,57.479
2747,10876,root_increment,1,-1,-1,10876,57.4664
2748,2953,root_increment,1,-1,-1,2953,57.4593
2749,6829,root_increment,1,-1,-1,6829,57.4593
2750,14721,root_increment,1,-1,-1,14721,57.4506
2751,5498,root_increment,1,-1,-1,5498,57.444
2752,5673,root_increment,1,-1,-1,5673,57.4359
2753,14243,root_increment,1,-1,-1,14243,57.4241
2754,7692,root_increment,1,-1,-1,7692,57.4231
2755,2730,root_increment,1,-1,-1,2730,57.4191
2756,464,root_increment,1,-1,-1,464,57.4093
2757,6006,root_increment,1,-1,-1,6006,57.4072
2758,4197,root_increment,1,-1,-1,4197,57.4028
2759,13918,root_increment,1,-1,-1,13918,57.3963
2760,5993,root_increment,1,-1,-1,5993,57.3842
2761,8603,root_increment,1,-1,-1,8603,57.376
2762,13816,root_increment,1,-1,-1,13816,57.3493
2763,1945,root_increment,1,-1,-1,1945,57.344
2764,7166,root_increment,1,-1,-1,7166,57.3426
2765,16238,root_increment,1,-1,-1,16238,57.3322
2766,19898,root_increment,1,-1,-1,19898,57.3303
2767,9588,root_increment,1,-1,-1,9588,57.3208
2768,3927,root_increment,1,-1,-1,3927,57.3078
2769,16425,root_increment,1,-1,-1,16425,57.3061
2770,11305,root_increment,1,-1,-1,11305,57.3037
2771,11724,root_increment,1,-1,-1,11724,57.2937
2772,10878,root_increment,1,-1,-1,10878,57.2924
2773,6943,root_increment,1,-1,-1,6943,57.2902
2774,7485,root_increment,1,-1,-1,7485,57.2857
2775,5922,root_increment,1,-1,-1,5922,57.2828
2776,18183,root_increment,1,-1,-1,18183,57.282
2777,7750,root_increment,1,-1,-1,7750,57.282
2778,7001,root_increment,1,-1,-1,7001,57.274
2779,14604,root_increment,1,-1,-1,14604,57.267
2780,19499,root_increment,1,-1,-1,19499,57.2642
2781,14795,root_increment,1,-1,-1,14795,57.2455
2782,10642,root_increment,1,-1,-1,10642,57.245
2783,1845,root_increment,1,-1,-1,1845,57.2423
2784,11716,root_increment,1,-1,-1,11716,57.2409
2785,9708,root_increment,1,-1,-1,9708,57.2356
2786,13215,root_increment,1,-1,-1,13215,57.2166
2787,9053,root_increment,1,-1,-1,9053,57.2165
2788,8592,root_increment,1,-1,-1,8592,57.2128
2789,2772,root_increment,1,-1,-1,2772,57.2105
2790,7651,root_increment,1,-1,-1,7651,57.1989
2791,585,root_increment,1,-1,-1,585,57.1977
2792,12591,root_increment,1,-1,-1,12591,57.1952
2793,9138,root_increment,1,-1,-1,9138,57.1939
2794,13734,root_increment,1,-1,-1,13734,57.1931
2795,1506,root_increment,1,-1,-1,1506,57.1831
2796,4602,root_increment,1,-1,-1,4602,57.1817
2797,5629,root_increment,1,-1,-1,5629,57.1749
2798,13523,root_increment,1,-1,-1,13523,57.1723
2799,15358,root_increment,1,-1,-1,15358,57.1585
2800,5471,root_increment,1,-1,-1,5471,57.1584
2801,13542,root_increment,1,-1,-1,13542,57.1536
2802,5584,root_increment,1,-1,-1,5584,57.1479
2803,7278,root_increment,1,-1,-1,7278,57.1457
2804,11719,root_increment,1,-1,-1,11719,57.139
2805,12735,root_increment,1,-1,-1,12735,57.1246
2806,15311,root_increment,1,-1,-1,15311,57.119
2807,17149,root_increment,1,-1,-1,17149,57.1183
2808,12049,root_increment,1,-1,-1,12049,57.1118
2809,12188,root_increment,1,-1,-1,12188,57.1116
2810,8438,root_increment,1,-1,-1,8438,57.1083
2811,15302,root_increment,1,-1,-1,15302,57.1037
2812,4991,root_increment,1,-1,-1,4991,57.0875
2813,3870,root_increment,1,-1,-1,3870,57.084
2814,6795,root_increment,1,-1,-1,6795,57.0736
2815,15044,root_increment,1,-1,-1,15044,57.0669
2816,5569,root_increment,1,-1,-1,5569,57.0649
2817,11986,root_increment,1,-1,-1,11986,57.0509
2818,4831,root_increment,1,-1,-1,4831,57.0504
2819,10209,root_increment,1,-1,-1,10209,57.0487
2820,14452,root_increment,1,-1,-1,14452,57.045
2821,779,root_increment,1,-1,-1,779,57.0433
2822,5762,root_increment,1,-1,-1,5762,57.0379
2823,18208,root_increment,1,-1,-1,18208,57.0375
2824,17898,root_increment,1,-1,-1,17898,57.0203
2825,6998,root_increment,1,-1,-1,6998,57.0121
2826,12730,root_increment,1,-1,-1,12730,57.0102
2827,4407,root_increment,1,-1,-1,4407,57.0094
2828,19936,root_increment,1,-1,-1,19936,56.9996
2829,8794,root_increment,1,-1,-1,8794,56.9917
2830,3209,root_increment,1,-1,-1,3209,56.991
2831,19838,root_increment,1,-1,-1,19838,56.985
2832,13091,root_increment,1,-1,-1,13091,56.9847
2833,15049,root_increment,1,-1,-1,15049,56.9753
2834,4038,root_increment,1,-1,-1,4038,56.9638
2835,17556,root_increment,1,-1,-1,17556,56.9371
2836,15627,root_increment,1,-1,-1,15627,56.9332
2837,344,root_increment,1,-1,-1,344,56.9317
2838,1520,root_increment,1,-1,-1,1520,56.9273
2839,6852,root_increment,1,-1,-1,6852,56.9231
2840,19618,root_increment,1,-1,-1,19618,56.9082
2841,6540,root_increment,1,-1,-1,6540,56.9071
2842,6577,root_increment,1,-1,-1,6577,56.9057
2843,9226,root_increment,1,-1,-1,9226,56.9039
2844,6281,root_increment,1,-1,-1,6281,56.9022
2845,7524,root_increment,1,-1,-1,7524,56.8933
2846,19986,root_increment,1,-1,-1,19986,56.8896
2847,19030,root_increment,1,-1,-1,19030,56.8846
2848,15271,root_increment,1,-1,-1,15271,56.8809
2849,5977,root_increment,1,-1,-1,5977,56.8773
2850,11105,root_increment,1,-1,-1,11105,56.8664
2851,6844,root_increment,1,-1,-1,6844,56.8564
2852,15797,root_increment,1,-1,-1,15797,56.8499
2853,16649,root_increment,1,-1,-1,16649,56.8387
2854,2310,root_increment,1,-1,-1,2310,56.8255
2855,15284,root_increment,1,-1,-1,15284,56.8207
2856,18787,root_increment,1,-1,-1,18787,56.8174
2857,10847,root_increment,1,-1,-1,10847,56.816
2858,8059,root_increment,1,-1,-1,8059,56.8145
2859,8067,root_increment,1,-1,-1,8067,56.8119
2860,9376,root_increment,1,-1,-1,9376,56.8119
2861,9156,root_increment,1,-1,-1,9156,56.8101
2862,1770,root_increment,1,-1,-1,1770,56.8099
2863,4069,root_increment,1,-1,-1,4069,56.7963
2864,2245,root_increment,1,-1,-1,2245,56.7745
2865,2120,root_increment,1,-1,-1,2120,56.7684
2866,5870,root_increment,1,-1,-1,5870,56.7675
2867,12054,root_increment,1,-1,-1,12054,56.7649
2868,11881,root_increment,1,-1,-1,11881,56.7604
2869,12854,root_increment,1,-1,-1,12854,56.7541
2870,2618,root_increment,1,-1,-1,2618,56.7518
2871,9025,root_increment,1,-1,-1,9025,56.7496
2872,17836,root_increment,1,-1,-1,17836,56.7446
2873,3896,root_increment,1,-1,-1,3896,56.7443
2874,5645,root_increment,1,-1,-1,5645,56.7377
2875,7930,root_increment,1,-1,-1,7930,56.7361
2876,7622,root_increment,1,-1,-1,7622,56.726
2877,18879,root_increment,1,-1,-1,18879,56.7243
2878,14114,root_increment,1,-1,-1,14114,56.7223
2879,9496,root_increment,1,-1,-1,9496,56.713
2880,5390,root_increment,1,-1,-1,5390,56.7113
2881,15824,root_increment,1,-1,-1,15824,56.7063
2882,13502,root_increment,1,-1,-1,13502,56.702
2883,501,root_increment,1,-1,-1,501,56.6796
2884,12687,root_increment,1,-1,-1,12687,56.6793
2885,6590,root_increment,1,-1,-1,6590,56.6722
2886,6580,root_increment,1,-1,-1,6580,56.6716
2887,6525,root_increment,1,-1,-1,6525,56.6694
2888,11509,root_increment,1,-1,-1,11509,56.6663
2889,2355,root_increment,1,-1,-1,2355,56.6589
2890,13545,root_increment,1,-1,-1,13545,56.6567
2891,5295,root_increment,1,-1,-1,5295,56.6562
2892,6168,root_increment,1,-1,-1,6168,56.6546
2893,8925,root_increment,1,-1,-1,8925,56.6526
2894,9527,root_increment,1,-1,-1,9527,56.6497
2895,19432,root_increment,1,-1,-1,19432,56.6482
2896,11462,root_increment,1,-1,-1,11462,56.6451
2897,2404,root_increment,1,-1,-1,2404,56.6419
2898,18819,root_increment,1,-1,-1,18819,56.6393
2899,12863,root_increment,1,-1,-1,12863,56.6344
2900,1951,root_increment,1,-1,-1,1951,56.6336
2901,8174,root_increment,1,-1,-1,8174,56.6269
2902,9669,root_increment,1,-1,-1,9669,56.6228
2903,2670,root_increment,1,-1,-1,2670,56.6218
2904,18690,root_increment,1,-1,-1,18690,56.6002
2905,13740,root_increment,1,-1,-1,13740,56.5977
2906,17262,root_increment,1,-1,-1,17262,56.5972
2907,7062,root_increment,1,-1,-1,7062,56.5895
2908,17264,root_increment,1,-1,-1,17264,56.5771
2909,6596,root_increment,1,-1,-1,6596,56.5763
2910,9507,root_increment,1,-1,-1,9507,56.5736
2911,11148,root_increment,1,-1,-1,11148,56.5692
2912,13672,root_increment,1,-1,-1,13672,56.5677
2913,8456,root_increment,1,-1,-1,8456,56.5656
2914,9161,root_increment,1,-1,-1,9161,56.5648
2915,18695,root_increment,1,-1,-1,18695,56.5642
2916,12790,root_increment,1,-1,-1,12790,56.5622
2917,1081,root_increment,1,-1,-1,1081,56.5572
2918,13426,root_increment,1,-1,-1,13426,56.5432
2919,12456,root_increment,1,-1,-1,12456,56.541
2920,8608,root_increment,1,-1,-1,8608,56.5314
2921,5885,root_increment,1,-1,-1,5885,56.517
2922,1847,root_increment,1,-1,-1,1847,56.5144
2923,7590,root_increment,1,-1,-1,7590,56.5122
2924,9624,root_increment,1,-1,-1,9624,56.5105
2925,3374,root_increment,1,-1,-1,3374,56.5086
2926,6061,root_increment,1,-1,-1,6061,56.4977
2927,9504,root_increment,1,-1,-1,9504,56.4921
2928,15620,root_increment,1,-1,-1,15620,56.4883
2929,10195,root_increment,1,-1,-1,10195,56.4837
2930,2749,root_increment,1,-1,-1,2749,56.4797
2931,2757,root_increment,1,-1,-1,2757,56.4797
2932,2770,root_increment,1,-1,-1,2770,56.4797
2933,2778,root_increment,1,-1,-1,2778,56.4797
2934,2783,root_increment,1,-1,-1,2783,56.4797
2935,14001,root_increment,1,-1,-1,14001,56.4653
2936,6663,root_increment,1,-1,-1,6663,56.4642
2937,12149,root_increment,1,-1,-1,12149,56.4437
2938,10289,root_increment,1,-1,-1,10289,56.4378
2939,5239,root_increment,1,-1,-1,5239,56.4364
2940,17641,root_increment,1,-1,-1,17641,56.4323
2941,14012,root_increment,1,-1,-1,14012,56.4314
2942,3919,root_increment,1,-1,-1,3919,56.4303
2943,13009,root_increment,1,-1,-1,13009,56.4197
2944,9985,root_increment,1,-1,-1,9985,56.4139
2945,12837,root_increment,1,-1,-1,12837,56.4097
2946,17113,root_increment,1,-1,-1,17113,56.4005
2947,7059,root_increment,1,-1,-1,7059,56.3998
2948,11113,root_increment,1,-1,-1,11113,56.3953
2949,3936,root_increment,1,-1,-1,3936,56.3921
2950,5128,root_increment,1,-1,-1,5128,56.3901
2951,12052,root_increment,1,-1,-1,12052,56.39
2952,8469,root_increment,1,-1,-1,8469,56.3873
2953,8671,root_increment,1,-1,-1,8671,56.3862
2954,1013,root_increment,1,-1,-1,1013,56.385
2955,16940,root_increment,1,-1,-1,16940,56.3755
2956,12394,root_increment,1,-1,-1,12394,56.3635
2957,14548,root_increment,1,-1,-1,14548,56.3615
2958,4347,root_increment,1,-1,-1,4347,56.3612
2959,7884,root_increment,1,-1,-1,7884,56.3607
2960,3910,root_increment,1,-1,-1,3910,56.3587
2961,1472,root_increment,1,-1,-1,1472,56.3574
2962,10043,root_increment,1,-1,-1,10043,56.3564
2963,9490,root_increment,1,-1,-1,9490,56.3349
2964,4805,root_increment,1,-1,-1,4805,56.321
2965,8802,root_increment,1,-1,-1,8802,56.3186
2966,9231,root_increment,1,-1,-1,9231,56.3182
2967,10827,root_increment,1,-1,-1,10827,56.3107
2968,17513,root_increment,1,-1,-1,17513,56.2953
2969,2633,root_increment,1,-1,-1,2633,56.2831
2970,800,root_increment,1,-1,-1,800,56.2826
2971,8957,root_increment,1,-1,-1,8957,56.2826
2972,17615,root_increment,1,-1,-1,17615,56.28
2973,12038,root_increment,1,-1,-1,12038,56.2777
2974,10824,root_increment,1,-1,-1,10824,56.2765
2975,11004,root_increment,1,-1,-1,11004,56.273
2976,12805,root_increment,1,-1,-1,12805,56.2677
2977,2470,root_increment,1,-1,-1,2470,56.2674
2978,13496,root_increment,1,-1,-1,13496,56.267
2979,2026,root_increment,1,-1,-1,2026,56.2598
2980,6417,root_increment,1,-1,-1,6417,56.2486
2981,13012,root_increment,1,-1,-1,13012,56.2425
2982,5274,root_increment,1,-1,-1,5274,56.2384
2983,8595,root_increment,1,-1,-1,8595,56.2366
2984,18448,root_increment,1,-1,-1,18448,56.2172
2985,3891,root_increment,1,-1,-1,3891,56.2101
2986,10483,root_increment,1,-1,-1,10483,56.201
2987,2989,root_increment,1,-1,-1,2989,56.1959
2988,1639,root_increment,1,-1,-1,1639,56.1931
2989,1695,root_increment,1,-1,-1,1695,56.1922
2990,14227,root_increment,1,-1,-1,14227,56.1899
2991,15221,root_increment,1,-1,-1,15221,56.187
2992,4584,root_increment,1,-1,-1,4584,56.1861
2993,12172,root_increment,1,-1,-1,12172,56.1784
2994,7859,root_increment,1,-1,-1,7859,56.1752
2995,15130,root_increment,1,-1,-1,15130,56.1694
2996,12632,root_increment,1,-1,-1,12632,56.1637
2997,1362,root_increment,1,-1,-1,1362,56.1621
2998,19081,root_increment,1,-1,-1,19081,56.1614
2999,3353,root_increment,1,-1,-1,3353,56.1597
3000,12572,root_increment,1,-1,-1,12572,56.1536
3001,15319,root_increment,1,-1,-1,15319,56.1465
3002,8900,root_increment,1,-1,-1,8900,56.1454
3003,15674,root_increment,1,-1,-1,15674,56.1292
3004,7847,root_increment,1,-1,-1,7847,56.1285
3005,17603,root_increment,1,-1,-1,17603,56.1251
3006,18147,root_increment,1,-1,-1,18147,56.1245
3007,2955,root_increment,1,-1,-1,2955,56.1233
3008,7368,root_increment,1,-1,-1,7368,56.1213
3009,5582,root_increment,1,-1,-1,5582,56.1079
3010,19599,root_increment,1,-1,-1,19599,56.1058
3011,2449,root_increment,1,-1,-1,2449,56.0956
3012,5990,root_increment,1,-1,-1,5990,56.0943
3013,13025,root_increment,1,-1,-1,13025,56.0927
3014,7953,root_increment,1,-1,-1,7953,56.0818
3015,2352,root_increment,1,-1,-1,2352,56.0716
3016,2934,root_increment,1,-1,-1,2934,56.0703
3017,16151,root_increment,1,-1,-1,16151,56.069
3018,10467,root_increment,1,-1,-1,10467,56.0616
3019,10409,root_increment,1,-1,-1,10409,56.0568
3020,19310,root_increment,1,-1,-1,19310,56.0547
3021,11240,root_increment,1,-1,-1,11240,56.0481
3022,5969,root_increment,1,-1,-1,5969,56.0468
3023,4161,root_increment,1,-1,-1,4161,56.0418
3024,7745,root_increment,1,-1,-1,7745,56.0409
3025,19360,root_increment,1,-1,-1,19360,56.0288
3026,2376,root_increment,1,-1,-1,2376,56.0203
3027,17294,root_increment,1,-1,-1,17294,56.0146
3028,12734,root_increment,1,-1,-1,12734,56.0144
3029,8765,root_increment,1,-1,-1,8765,56.0065
3030,11260,root_increment,1,-1,-1,11260,56.0035
3031,18417,root_increment,1,-1,-1,18417,55.993
3032,9812,root_increment,1,-1,-1,9812,55.9808
3033,4401,root_increment,1,-1,-1,4401,55.9807
3034,3458,root_increment,1,-1,-1,3458,55.9728
3035,18826,root_increment,1,-1,-1,18826,55.9684
3036,200,root_increment,1,-1,-1,200,55.9659
3037,17665,root_increment,1,-1,-1,17665,55.9619
3038,11766,root_increment,1,-1,-1,11766,55.9567
3039,11538,root_increment,1,-1,-1,11538,55.9566
3040,11460,root_increment,1,-1,-1,11460,55.9359
3041,9412,root_increment,1,-1,-1,9412,55.9346
3042,6880,root_increment,1,-1,-1,6880,55.9345
3043,16397,root_increment,1,-1,-1,16397,55.9341
3044,14230,root_increment,1,-1,-1,14230,55.9299
3045,10781,root_increment,1,-1,-1,10781,55.9291
3046,18738,root_increment,1,-1,-1,18738,55.9251
3047,11651,root_increment,1,-1,-1,11651,55.9237
3048,13329,root_increment,1,-1,-1,13329,55.9229
3049,7433,root_increment,1,-1,-1,7433,55.9163
3050,14352,root_increment,1,-1,-1,14352,55.9118
3051,5603,root_increment,1,-1,-1,5603,55.9076
3052,2060,root_increment,1,-1,-1,2060,55.9057
3053,15929,root_increment,1,-1,-1,15929,55.9012
3054,13376,root_increment,1,-1,-1,13376,55.8964
3055,1207,root_increment,1,-1,-1,1207,55.8936
3056,14053,root_increment,1,-1,-1,14053,55.8835
3057,14129,root_increment,1,-1,-1,14129,55.8777
3058,8033,root_increment,1,-1,-1,8033,55.87
3059,5165,root_increment,1,-1,-1,5165,55.8688
3060,8462,root_increment,1,-1,-1,8462,55.8588
3061,12850,root_increment,1,-1,-1,12850,55.8571
3062,14311,root_increment,1,-1,-1,14311,55.853
3063,17040,root_increment,1,-1,-1,17040,55.8528
3064,12884,root_increment,1,-1,-1,12884,55.8484
3065,12205,root_increment,1,-1,-1,12205,55.8418
3066,13229,root_increment,1,-1,-1,13229,55.8383
3067,12048,root_increment,1,-1,-1,12048,55.8335
3068,912,root_increment,1,-1,-1,912,55.8322
3069,10831,root_increment,1,-1,-1,10831,55.8295
3070,11541,root_increment,1,-1,-1,11541,55.8257
3071,19437,root_increment,1,-1,-1,19437,55.8166
3072,393,root_increment,1,-1,-1,393,55.8043
3073,6136,root_increment,1,-1,-1,6136,55.8035
3074,9022,root_increment,1,-1,-1,9022,55.8019
3075,8054,root_increment,1,-1,-1,8054,55.8005
3076,1929,root_increment,1,-1,-1,1929,55.7998
3077,11664,root_increment,1,-1,-1,11664,55.7794
3078,17002,root_increment,1,-1,-1,17002,55.7738
3079,11387,root_increment,1,-1,-1,11387,55.7599
3080,7846,root_increment,1,-1,-1,7846,55.7556
3081,7032,root_increment,1,-1,-1,7032,55.7498
3082,13931,root_increment,1,-1,-1,13931,55.742
3083,8446,root_increment,1,-1,-1,8446,55.733
3084,5150,root_increment,1,-1,-1,5150,55.7319
3085,6818,root_increment,1,-1,-1,6818,55.7211
3086,13452,root_increment,1,-1,-1,13452,55.7167
3087,7286,root_increment,1,-1,-1,7286,55.7161
3088,12193,root_increment,1,-1,-1,12193,55.714
3089,18064,root_increment,1,-1,-1,18064,55.7127
3090,13449,root_increment,1,-1,-1,13449,55.7092
3091,15853,root_increment,1,-1,-1,15853,55.7091
3092,6655,root_increment,1,-1,-1,6655,55.7081
3093,8289,root_increment,1,-1,-1,8289,55.7065
3094,17619,root_increment,1,-1,-1,17619,55.7055
3095,7446,root_increment,1,-1,-1,7446,55.7055
3096,7495,root_increment,1,-1,-1,7495,55.6925
3097,18331,root_increment,1,-1,-1,18331,55.6702
3098,16,root_increment,1,-1,-1,16,55.663
3099,9834,root_increment,1,-1,-1,9834,55.663
3100,7509,root_increment,1,-1,-1,7509,55.6622
3101,2968,root_increment,1,-1,-1,2968,55.661
3102,16561,root_increment,1,-1,-1,16561,55.6455
3103,9946,root_increment,1,-1,-1,9946,55.6419
3104,4967,root_increment,1,-1,-1,4967,55.6385
3105,8928,root_increment,1,-1,-1,8928,55.6351
3106,15206,root_increment,1,-1,-1,15206,55.6343
3107,4690,root_increment,1,-1,-1,4690,55.6331
3108,4698,root_increment,1,-1,-1,4698,55.6331
3109,4703,root_increment,1,-1,-1,4703,55.6331
3110,3176,root_increment,1,-1,-1,3176,55.629
3111,10663,root_increment,1,-1,-1,10663,55.6186
3112,8839,root_increment,1,-1,-1,8839,55.6153
3113,10114,root_increment,1,-1,-1,10114,55.6103
3114,13724,root_increment,1,-1,-1,13724,55.6075
3115,9205,root_increment,1,-1,-1,9205,55.604
3116,14410,root_increment,1,-1,-1,14410,55.5938
3117,3789,root_increment,1,-1,-1,3789,55.5889
3118,13944,root_increment,1,-1,-1,13944,55.5847
3119,13399,root_increment,1,-1,-1,13399,55.5821
3120,19965,root_increment,1,-1,-1,19965,55.5784
3121,15899,root_increment,1,-1,-1,15899,55.5682
3122,4757,root_increment,1,-1,-1,4757,55.5645
3123,17397,root_increment,1,-1,-1,17397,55.5635
3124,10643,root_increment,1,-1,-1,10643,55.5541
3125,10046,root_increment,1,-1,-1,10046,55.5492
3126,5521,root_increment,1,-1,-1,5521,55.5447
3127,3476,root_increment,1,-1,-1,3476,55.5389
3128,8589,root_increment,1,-1,-1,8589,55.5382
3129,12478,root_increment,1,-1,-1,12478,55.5341
3130,13915,root_increment,1,-1,-1,13915,55.5284
3131,17068,root_increment,1,-1,-1,17068,55.5282
3132,8503,root_increment,1,-1,-1,8503,55.5244
3133,5059,root_increment,1,-1,-1,5059,55.5234
3134,10224,root_increment,1,-1,-1,10224,55.5204
3135,10857,root_increment,1,-1,-1,10857,55.5139
3136,6121,root_increment,1,-1,-1,6121,55.4924
3137,11428,root_increment,1,-1,-1,11428,55.4915
3138,8938,root_increment,1,-1,-1,8938,55.4885
3139,11687,root_increment,1,-1,-1,11687,55.488
3140,15060,root_increment,1,-1,-1,15060,55.4683
3141,1681,root_increment,1,-1,-1,1681,55.4674
3142,1831,root_increment,1,-1,-1,1831,55.4566
3143,14294,root_increment,1,-1,-1,14294,55.4541
3144,6485,root_increment,1,-1,-1,6485,55.4492
3145,16804,root_increment,1,-1,-1,16804,55.4461
3146,1485,root_increment,1,-1,-1,1485,55.4436
3147,16219,root_increment,1,-1,-1,16219,55.4417
3148,742,root_increment,1,-1,-1,742,55.432
3149,8571,root_increment,1,-1,-1,8571,55.4217
3150,18433,root_increment,1,-1,-1,18433,55.4159
3151,4365,root_increment,1,-1,-1,4365,55.4154
3152,12601,root_increment,1,-1,-1,12601,55.4139
3153,7972,root_increment,1,-1,-1,7972,55.4126
3154,8876,root_increment,1,-1,-1,8876,55.4121
3155,6409,root_increment,1,-1,-1,6409,55.4075
3156,5911,root_increment,1,-1,-1,5911,55.3753
3157,3652,root_increment,1,-1,-1,3652,55.3632
3158,3657,root_increment,1,-1,-1,3657,55.3632
3159,3665,root_increment,1,-1,-1,3665,55.3632
3160,3670,root_increment,1,-1,-1,3670,55.3632
3161,3673,root_increment,1,-1,-1,3673,55.3632
3162,3678,root_increment,1,-1,-1,3678,55.3632
3163,3686,root_increment,1,-1,-1,3686,55.3632
3164,11002,root_increment,1,-1,-1,11002,55.3557
3165,9925,root_increment,1,-1,-1,9925,55.3481
3166,6855,root_increment,1,-1,-1,6855,55.3274
3167,11310,root_increment,1,-1,-1,11310,55.3263
3168,14214,root_increment,1,-1,-1,14214,55.3219
3169,7871,root_increment,1,-1,-1,7871,55.3204
3170,3800,root_increment,1,-1,-1,3800,55.3157
3171,1251,root_increment,1,-1,-1,1251,55.3141
3172,12143,root_increment,1,-1,-1,12143,55.3081
3173,16350,root_increment,1,-1,-1,16350,55.3064
3174,729,root_increment,1,-1,-1,729,55.306
3175,17005,root_increment,1,-1,-1,17005,55.2818
3176,2141,root_increment,1,-1,-1,2141,55.2782
3177,477,root_increment,1,-1,-1,477,55.2496
3178,1284,root_increment,1,-1,-1,1284,55.2475
3179,8965,root_increment,1,-1,-1,8965,55.247
3180,17013,root_increment,1,-1,-1,17013,55.2453
3181,12785,root_increment,1,-1,-1,12785,55.2443
3182,12125,root_increment,1,-1,-1,12125,55.2433
3183,11117,root_increment,1,-1,-1,11117,55.2356
3184,10577,root_increment,1,-1,-1,10577,55.2307
3185,12684,root_increment,1,-1,-1,12684,55.2296
3186,7860,root_increment,1,-1,-1,7860,55.2289
3187,7863,root_increment,1,-1,-1,7863,55.2289
3188,7868,root_increment,1,-1,-1,7868,55.2289
3189,16890,root_increment,1,-1,-1,16890,55.2274
3190,10019,root_increment,1,-1,-1,10019,55.2207
3191,11714,root_increment,1,-1,-1,11714,55.2183
3192,10776,root_increment,1,-1,-1,10776,55.217
3193,12635,root_increment,1,-1,-1,12635,55.2166
3194,17768,root_increment,1,-1,-1,17768,55.2153
3195,836,root_increment,1,-1,-1,836,55.1985
3196,10860,root_increment,1,-1,-1,10860,55.1985
3197,6270,root_increment,1,-1,-1,6270,55.198
3198,4443,root_increment,1,-1,-1,4443,55.1903
3199,3208,root_increment,1,-1,-1,3208,55.1871
3200,15667,root_increment,1,-1,-1,15667,55.1831
3201,2691,root_increment,1,-1,-1,2691,55.1807
3202,1000,root_increment,1,-1,-1,1000,55.177
3203,3991,root_increment,1,-1,-1,3991,55.1711
3204,19250,root_increment,1,-1,-1,19250,55.1655
3205,4208,root_increment,1,-1,-1,4208,55.1635
3206,8465,root_increment,1,-1,-1,8465,55.1628
3207,8425,root_increment,1,-1,-1,8425,55.157
3208,6486,root_increment,1,-1,-1,6486,55.1513
3209,2436,root_increment,1,-1,-1,2436,55.1428
3210,12764,root_increment,1,-1,-1,12764,55.1334
3211,13949,root_increment,1,-1,-1,13949,55.1285
3212,19418,root_increment,1,-1,-1,19418,55.1265
3213,8642,root_increment,1,-1,-1,8642,55.1255
3214,6634,root_increment,1,-1,-1,6634,55.1189
3215,9258,root_increment,1,-1,-1,9258,55.1179
3216,19388,root_increment,1,-1,-1,19388,55.1083
3217,15095,root_increment,1,-1,-1,15095,55.1081
3218,19361,root_increment,1,-1,-1,19361,55.1079
3219,18764,root_increment,1,-1,-1,18764,55.1056
3220,9917,root_increment,1,-1,-1,9917,55.1049
3221,1441,root_increment,1,-1,-1,1441,55.1042
3222,8619,root_increment,1,-1,-1,8619,55.0995
3223,7316,root_increment,1,-1,-1,7316,55.0958
3224,18797,root_increment,1,-1,-1,18797,55.0952
3225,19055,root_increment,1,-1,-1,19055,55.0949
3226,13549,root_increment,1,-1,-1,13549,55.0931
3227,1607,root_increment,1,-1,-1,1607,55.0904
3228,6357,root_increment,1,-1,-1,6357,55.0809
3229,8407,root_increment,1,-1,-1,8407,55.0785
3230,1105,root_increment,1,-1,-1,1105,55.0775
3231,6418,root_increment,1,-1,-1,6418,55.075
3232,17479,root_increment,1,-1,-1,17479,55.0664
3233,3978,root_increment,1,-1,-1,3978,55.0493
3234,17246,root_increment,1,-1,-1,17246,55.0471
3235,12153,root_increment,1,-1,-1,12153,55.0448
3236,10603,root_increment,1,-1,-1,10603,55.0433
3237,1653,root_increment,1,-1,-1,1653,55.0228
3238,7469,root_increment,1,-1,-1,7469,55.0196
3239,7308,root_increment,1,-1,-1,7308,55.019
3240,11263,root_increment,1,-1,-1,11263,55.0168
3241,16394,root_increment,1,-1,-1,16394,55.0167
3242,10166,root_increment,1,-1,-1,10166,55.0121
3243,3018,root_increment,1,-1,-1,3018,55.0113
3244,1543,root_increment,1,-1,-1,1543,55.0096
3245,18793,root_increment,1,-1,-1,18793,55.006
3246,881,root_increment,1,-1,-1,881,55.0044
3247,7254,root_increment,1,-1,-1,7254,55.0012
3248,10006,root_increment,1,-1,-1,10006,54.9884
3249,7075,root_increment,1,-1,-1,7075,54.9883
3250,9146,root_increment,1,-1,-1,9146,54.9818
3251,3375,root_increment,1,-1,-1,3375,54.9797
3252,3380,root_increment,1,-1,-1,3380,54.9797
3253,3383,root_increment,1,-1,-1,3383,54.9797
3254,3388,root_increment,1,-1,-1,3388,54.9797
3255,3396,root_increment,1,-1,-1,3396,54.9797
3256,3401,root_increment,1,-1,-1,3401,54.9797
3257,3404,root_increment,1,-1,-1,3404,54.9797
3258,3409,root_increment,1,-1,-1,3409,54.9797
3259,3414,root_increment,1,-1,-1,3414,54.9797
3260,3417,root_increment,1,-1,-1,3417,54.9797
3261,9948,root_increment,1,-1,-1,9948,54.9664
3262,441,root_increment,1,-1,-1,441,54.9647
3263,8203,root_increment,1,-1,-1,8203,54.9626
3264,8996,root_increment,1,-1,-1,8996,54.9624
3265,3875,root_increment,1,-1,-1,3875,54.9587
3266,18445,root_increment,1,-1,-1,18445,54.9441
3267,10077,root_increment,1,-1,-1,10077,54.9429
3268,18774,root_increment,1,-1,-1,18774,54.9391
3269,14108,root_increment,1,-1,-1,14108,54.9374
3270,11446,root_increment,1,-1,-1,11446,54.9369
3271,10407,root_increment,1,-1,-1,10407,54.9344
3272,50,root_increment,1,-1,-1,50,54.9324
3273,14117,root_increment,1,-1,-1,14117,54.9314
3274,5449,root_increment,1,-1,-1,5449,54.9165
3275,18733,root_increment,1,-1,-1,18733,54.9122
3276,15196,root_increment,1,-1,-1,15196,54.9038
3277,15240,root_increment,1,-1,-1,15240,54.9007
3278,8600,root_increment,1,-1,-1,8600,54.9
3279,15677,root_increment,1,-1,-1,15677,54.8989
3280,11386,root_increment,1,-1,-1,11386,54.8928
3281,19990,root_increment,1,-1,-1,19990,54.8901
3282,3298,root_increment,1,-1,-1,3298,54.888
3283,304,root_increment,1,-1,-1,304,54.8868
3284,7097,root_increment,1,-1,-1,7097,54.8864
3285,14947,root_increment,1,-1,-1,14947,54.8851
3286,12381,root_increment,1,-1,-1,12381,54.878
3287,1034,root_increment,1,-1,-1,1034,54.8765
3288,14825,root_increment,1,-1,-1,14825,54.8745
3289,9596,root_increment,1,-1,-1,9596,54.8661
3290,15243,root_increment,1,-1,-1,15243,54.859
3291,1881,root_increment,1,-1,-1,1881,54.8546
3292,9681,root_increment,1,-1,-1,9681,54.8532
3293,5701,root_increment,1,-1,-1,5701,54.8531
3294,2396,root_increment,1,-1,-1,2396,54.8513
3295,9776,root_increment,1,-1,-1,9776,54.8419
3296,8763,root_increment,1,-1,-1,8763,54.8314
3297,17974,root_increment,1,-1,-1,17974,54.8221
3298,14701,root_increment,1,-1,-1,14701,54.8218
3299,7601,root_increment,1,-1,-1,7601,54.8205
3300,4346,root_increment,1,-1,-1,4346,54.8077
3301,11112,root_increment,1,-1,-1,11112,54.8041
3302,10580,root_increment,1,-1,-1,10580,54.7929
3303,11441,root_increment,1,-1,-1,11441,54.7756
3304,16568,root_increment,1,-1,-1,16568,54.769
3305,5864,root_increment,1,-1,-1,5864,54.7663
3306,11080,root_increment,1,-1,-1,11080,54.7637
3307,10640,root_increment,1,-1,-1,10640,54.7622
3308,6402,root_increment,1,-1,-1,6402,54.7615
3309,13395,root_increment,1,-1,-1,13395,54.7595
3310,4325,root_increment,1,-1,-1,4325,54.7576
3311,331,root_increment,1,-1,-1,331,54.7515
3312,16225,root_increment,1,-1,-1,16225,54.7414
3313,9056,root_increment,1,-1,-1,9056,54.7293
3314,1866,root_increment,1,-1,-1,1866,54.7257
3315,19991,root_increment,1,-1,-1,19991,54.7226
3316,5775,root_increment,1,-1,-1,5775,54.7212
3317,17063,root_increment,1,-1,-1,17063,54.7201
3318,6103,root_increment,1,-1,-1,6103,54.7191
3319,7501,root_increment,1,-1,-1,7501,54.7135
3320,10991,root_increment,1,-1,-1,10991,54.7133
3321,18284,root_increment,1,-1,-1,18284,54.713
3322,7376,root_increment,1,-1,-1,7376,54.7041
3323,9016,root_increment,1,-1,-1,9016,54.7016
3324,11006,root_increment,1,-1,-1,11006,54.6976
3325,18289,root_increment,1,-1,-1,18289,54.691
3326,12900,root_increment,1,-1,-1,12900,54.6887
3327,8347,root_increment,1,-1,-1,8347,54.6873
3328,3702,root_increment,1,-1,-1,3702,54.6773
3329,9865,root_increment,1,-1,-1,9865,54.6705
3330,8373,root_increment,1,-1,-1,8373,54.6671
3331,1344,root_increment,1,-1,-1,1344,54.659
3332,17185,root_increment,1,-1,-1,17185,54.6563
3333,13934,root_increment,1,-1,-1,13934,54.6471
3334,10811,root_increment,1,-1,-1,10811,54.64
3335,19617,root_increment,1,-1,-1,19617,54.6395
3336,6454,root_increment,1,-1,-1,6454,54.6348
3337,4061,root_increment,1,-1,-1,4061,54.6323
3338,17457,root_increment,1,-1,-1,17457,54.6246
3339,4380,root_increment,1,-1,-1,4380,54.611
3340,13821,root_increment,1,-1,-1,13821,54.6061
3341,5519,root_increment,1,-1,-1,5519,54.6051
3342,7369,root_increment,1,-1,-1,7369,54.6023
3343,11504,root_increment,1,-1,-1,11504,54.6002
3344,318,root_increment,1,-1,-1,318,54.5994
3345,18839,root_increment,1,-1,-1,18839,54.5963
3346,4826,root_increment,1,-1,-1,4826,54.5934
3347,10017,root_increment,1,-1,-1,10017,54.5899
3348,16699,root_increment,1,-1,-1,16699,54.5885
3349,12666,root_increment,1,-1,-1,12666,54.5853
3350,1021,root_increment,1,-1,-1,1021,54.5849
3351,14355,root_increment,1,-1,-1,14355,54.5841
3352,9896,root_increment,1,-1,-1,9896,54.5786
3353,766,root_increment,1,-1,-1,766,54.5775
3354,15975,root_increment,1,-1,-1,15975,54.5769
3355,11064,root_increment,1,-1,-1,11064,54.5694
3356,18575,root_increment,1,-1,-1,18575,54.5677
3357,12774,root_increment,1,-1,-1,12774,54.5622
3358,10320,root_increment,1,-1,-1,10320,54.556
3359,7256,root_increment,1,-1,-1,7256,54.5529
3360,462,root_increment,1,-1,-1,462,54.5485
3361,1771,root_increment,1,-1,-1,1771,54.542
3362,992,root_increment,1,-1,-1,992,54.5282
3363,186,root_increment,1,-1,-1,186,54.5262
3364,199,root_increment,1,-1,-1,199,54.5262
3365,207,root_increment,1,-1,-1,207,54.5262
3366,212,root_increment,1,-1,-1,212,54.5262
3367,220,root_increment,1,-1,-1,220,54.5262
3368,18823,root_increment,1,-1,-1,18823,54.525
3369,8744,root_increment,1,-1,-1,8744,54.523
3370,12669,root_increment,1,-1,-1,12669,54.5223
3371,3918,root_increment,1,-1,-1,3918,54.5192
3372,19240,root_increment,1,-1,-1,19240,54.5135
3373,12768,root_increment,1,-1,-1,12768,54.5003
3374,7561,root_increment,1,-1,-1,7561,54.4982
3375,11247,root_increment,1,-1,-1,11247,54.4963
3376,4176,root_increment,1,-1,-1,4176,54.4905
3377,9502,root_increment,1,-1,-1,9502,54.4903
3378,10014,root_increment,1,-1,-1,10014,54.4885
3379,10011,root_increment,1,-1,-1,10011,54.4857
3380,11286,root_increment,1,-1,-1,11286,54.4826
3381,14111,root_increment,1,-1,-1,14111,54.4817
3382,791,root_increment,1,-1,-1,791,54.4804
3383,2365,root_increment,1,-1,-1,2365,54.4692
3384,15865,root_increment,1,-1,-1,15865,54.4669
3385,19372,root_increment,1,-1,-1,19372,54.462
3386,5100,root_increment,1,-1,-1,5100,54.4605
3387,1115,root_increment,1,-1,-1,1115,54.4556
3388,7027,root_increment,1,-1,-1,7027,54.4505
3389,10098,root_increment,1,-1,-1,10098,54.4473
3390,11444,root_increment,1,-1,-1,11444,54.4469
3391,5616,root_increment,1,-1,-1,5616,54.4443
3392,5555,root_increment,1,-1,-1,5555,54.4424
3393,18825,root_increment,1,-1,-1,18825,54.4416
3394,2663,root_increment,1,-1,-1,2663,54.434
3395,16409,root_increment,1,-1,-1,16409,54.432
3396,16386,root_increment,1,-1,-1,16386,54.4254
3397,10263,root_increment,1,-1,-1,10263,54.4165
3398,10905,root_increment,1,-1,-1,10905,54.4137
3399,8847,root_increment,1,-1,-1,8847,54.4128
3400,15420,root_increment,1,-1,-1,15420,54.4086
3401,3751,root_increment,1,-1,-1,3751,54.4049
3402,10101,root_increment,1,-1,-1,10101,54.4006
3403,13928,root_increment,1,-1,-1,13928,54.3929
3404,9694,root_increment,1,-1,-1,9694,54.3819
3405,15672,root_increment,1,-1,-1,15672,54.3773
3406,5930,root_increment,1,-1,-1,5930,54.3727
3407,17963,root_increment,1,-1,-1,17963,54.3725
3408,8336,root_increment,1,-1,-1,8336,54.3711
3409,10016,root_increment,1,-1,-1,10016,54.3707
3410,9,root_increment,1,-1,-1,9,54.3663
3411,12435,root_increment,1,-1,-1,12435,54.3536
3412,3610,root_increment,1,-1,-1,3610,54.353
3413,9503,root_increment,1,-1,-1,9503,54.3481
3414,15612,root_increment,1,-1,-1,15612,54.3422
3415,3027,root_increment,1,-1,-1,3027,54.3238
3416,3359,root_increment,1,-1,-1,3359,54.3223
3417,13544,root_increment,1,-1,-1,13544,54.3196
3418,10540,root_increment,1,-1,-1,10540,54.3183
3419,18259,root_increment,1,-1,-1,18259,54.3163
3420,4098,root_increment,1,-1,-1,4098,54.304
3421,2061,root_increment,1,-1,-1,2061,54.296
3422,11491,root_increment,1,-1,-1,11491,54.2953
3423,18479,root_increment,1,-1,-1,18479,54.2937
3424,9514,root_increment,1,-1,-1,9514,54.2892
3425,4333,root_increment,1,-1,-1,4333,54.2872
3426,1149,root_increment,1,-1,-1,1149,54.2837
3427,763,root_increment,1,-1,-1,763,54.2784
3428,16415,root_increment,1,-1,-1,16415,54.2711
3429,19414,root_increment,1,-1,-1,19414,54.2705
3430,1425,root_increment,1,-1,-1,1425,54.2699
3431,4454,root_increment,1,-1,-1,4454,54.2616
3432,7406,root_increment,1,-1,-1,7406,54.2576
3433,17109,root_increment,1,-1,-1,17109,54.2544
3434,1094,root_increment,1,-1,-1,1094,54.2457
3435,9024,root_increment,1,-1,-1,9024,54.2445
3436,8908,root_increment,1,-1,-1,8908,54.2371
3437,16662,root_increment,1,-1,-1,16662,54.2343
3438,5047,root_increment,1,-1,-1,5047,54.2341
3439,1648,root_increment,1,-1,-1,1648,54.2306
3440,8312,root_increment,1,-1,-1,8312,54.2286
3441,10661,root_increment,1,-1,-1,10661,54.225
3442,15971,root_increment,1,-1,-1,15971,54.223
3443,6323,root_increment,1,-1,-1,6323,54.2223
3444,8731,root_increment,1,-1,-1,8731,54.2101
3445,13688,root_increment,1,-1,-1,13688,54.2096
3446,1026,root_increment,1,-1,-1,1026,54.2072
3447,14407,root_increment,1,-1,-1,14407,54.2067
3448,10582,root_increment,1,-1,-1,10582,54.2049
3449,15127,root_increment,1,-1,-1,15127,54.1986
3450,15172,root_increment,1,-1,-1,15172,54.1891
3451,11339,root_increment,1,-1,-1,11339,54.1798
3452,11090,root_increment,1,-1,-1,11090,54.1748
3453,5440,root_increment,1,-1,-1,5440,54.1723
3454,12858,root_increment,1,-1,-1,12858,54.172
3455,5857,root_increment,1,-1,-1,5857,54.1659
3456,4672,root_increment,1,-1,-1,4672,54.1568
3457,16955,root_increment,1,-1,-1,16955,54.1566
3458,18808,root_increment,1,-1,-1,18808,54.1547
3459,14090,root_increment,1,-1,-1,14090,54.1436
3460,6715,root_increment,1,-1,-1,6715,54.1307
3461,7313,root_increment,1,-1,-1,7313,54.1297
3462,3332,root_increment,1,-1,-1,3332,54.1241
3463,16222,root_increment,1,-1,-1,16222,54.1208
3464,11135,root_increment,1,-1,-1,11135,54.1163
3465,950,root_increment,1,-1,-1,950,54.1137
3466,1640,root_increment,1,-1,-1,1640,54.105
3467,3017,root_increment,1,-1,-1,3017,54.1013
3468,153,root_increment,1,-1,-1,153,54.1008
3469,2212,root_increment,1,-1,-1,2212,54.0979
3470,10355,root_increment,1,-1,-1,10355,54.0963
3471,9716,root_increment,1,-1,-1,9716,54.0923
3472,9867,root_increment,1,-1,-1,9867,54.092
3473,975,root_increment,1,-1,-1,975,54.079
3474,11245,root_increment,1,-1,-1,11245,54.0732
3475,988,root_increment,1,-1,-1,988,54.0713
3476,11552,root_increment,1,-1,-1,11552,54.0698
3477,9585,root_increment,1,-1,-1,9585,54.069
3478,9938,root_increment,1,-1,-1,9938,54.0649
3479,18287,root_increment,1,-1,-1,18287,54.0646
3480,12180,root_increment,1,-1,-1,12180,54.0633
3481,1486,root_increment,1,-1,-1,1486,54.0625
3482,11384,root_increment,1,-1,-1,11384,54.0613
3483,14170,root_increment,1,-1,-1,14170,54.0583
3484,2040,root_increment,1,-1,-1,2040,54.0469
3485,17520,root_increment,1,-1,-1,17520,54.0392
3486,16197,root_increment,1,-1,-1,16197,54.0342
3487,4875,root_increment,1,-1,-1,4875,54.0214
3488,5812,root_increment,1,-1,-1,5812,54.0096
3489,8017,root_increment,1,-1,-1,8017,54.0071
3490,11082,root_increment,1,-1,-1,11082,54.0058
3491,43,root_increment,1,-1,-1,43,54.0052
3492,9143,root_increment,1,-1,-1,9143,53.9923
3493,3644,root_increment,1,-1,-1,3644,53.9867
3494,3501,root_increment,1,-1,-1,3501,53.9848
3495,6990,root_increment,1,-1,-1,6990,53.9835
3496,10739,root_increment,1,-1,-1,10739,53.9807
3497,13727,root_increment,1,-1,-1,13727,53.978
3498,8101,root_increment,1,-1,-1,8101,53.9728
3499,1005,root_increment,1,-1,-1,1005,53.9658
3500,13124,root_increment,1,-1,-1,13124,53.9626
3501,19238,root_increment,1,-1,-1,19238,53.9625
3502,10035,root_increment,1,-1,-1,10035,53.9578
3503,7304,root_increment,1,-1,-1,7304,53.9544
3504,7737,root_increment,1,-1,-1,7737,53.9501
3505,6575,root_increment,1,-1,-1,6575,53.9468
3506,4708,root_increment,1,-1,-1,4708,53.9439
3507,10161,root_increment,1,-1,-1,10161,53.9436
3508,3086,root_increment,1,-1,-1,3086,53.9391
3509,10853,root_increment,1,-1,-1,10853,53.9381
3510,15201,root_increment,1,-1,-1,15201,53.9314
3511,15893,root_increment,1,-1,-1,15893,53.9309
3512,5331,root_increment,1,-1,-1,5331,53.9264
3513,7643,root_increment,1,-1,-1,7643,53.9186
3514,12729,root_increment,1,-1,-1,12729,53.9182
3515,6360,root_increment,1,-1,-1,6360,53.9157
3516,6567,root_increment,1,-1,-1,6567,53.9043
3517,8708,root_increment,1,-1,-1,8708,53.904
3518,2137,root_increment,1,-1,-1,2137,53.904
3519,19376,root_increment,1,-1,-1,19376,53.8944
3520,10151,root_increment,1,-1,-1,10151,53.8941
3521,9027,root_increment,1,-1,-1,9027,53.8928
3522,12206,root_increment,1,-1,-1,12206,53.8913
3523,4267,root_increment,1,-1,-1,4267,53.8863
3524,10381,root_increment,1,-1,-1,10381,53.8859
3525,3878,root_increment,1,-1,-1,3878,53.8836
3526,12629,root_increment,1,-1,-1,12629,53.8836
3527,19027,root_increment,1,-1,-1,19027,53.8829
3528,8461,root_increment,1,-1,-1,8461,53.8783
3529,5329,root_increment,1,-1,-1,5329,53.8703
3530,2158,root_increment,1,-1,-1,2158,53.8576
3531,13551,root_increment,1,-1,-1,13551,53.8407
3532,7024,root_increment,1,-1,-1,7024,53.839
3533,6446,root_increment,1,-1,-1,6446,53.8376
3534,9423,root_increment,1,-1,-1,9423,53.8376
3535,5410,root_increment,1,-1,-1,5410,53.8334
3536,3051,root_increment,1,-1,-1,3051,53.8282
3537,10986,root_increment,1,-1,-1,10986,53.8202
3538,17734,root_increment,1,-1,-1,17734,53.82
3539,19464,root_increment,1,-1,-1,19464,53.8185
3540,14116,root_increment,1,-1,-1,14116,53.8162
3541,13499,root_increment,1,-1,-1,13499,53.8122
3542,11375,root_increment,1,-1,-1,11375,53.8012
3543,8381,root_increment,1,-1,-1,8381,53.7999
3544,15782,root_increment,1,-1,-1,15782,53.7988
3545,10234,root_increment,1,-1,-1,10234,53.7978
3546,11370,root_increment,1,-1,-1,11370,53.7963
3547,2027,root_increment,1,-1,-1,2027,53.7844
3548,7371,root_increment,1,-1,-1,7371,53.7834
3549,3056,root_increment,1,-1,-1,3056,53.7811
3550,10690,root_increment,1,-1,-1,10690,53.7782
3551,13511,root_increment,1,-1,-1,13511,53.7764
3552,17245,root_increment,1,-1,-1,17245,53.765
3553,586,root_increment,1,-1,-1,586,53.7642
3554,6732,root_increment,1,-1,-1,6732,53.7616
3555,12745,root_increment,1,-1,-1,12745,53.7569
3556,5107,root_increment,1,-1,-1,5107,53.7564
3557,17689,root_increment,1,-1,-1,17689,53.7504
3558,11421,root_increment,1,-1,-1,11421,53.7504
3559,13428,root_increment,1,-1,-1,13428,53.7474
3560,19455,root_increment,1,-1,-1,19455,53.7468
3561,6186,root_increment,1,-1,-1,6186,53.7389
3562,11671,root_increment,1,-1,-1,11671,53.7377
3563,11292,root_increment,1,-1,-1,11292,53.7363
3564,15057,root_increment,1,-1,-1,15057,53.7353
3565,1912,root_increment,1,-1,-1,1912,53.7317
3566,16236,root_increment,1,-1,-1,16236,53.7314
3567,1292,root_increment,1,-1,-1,1292,53.728
3568,10695,root_increment,1,-1,-1,10695,53.7278
3569,521,root_increment,1,-1,-1,521,53.7275
3570,8077,root_increment,1,-1,-1,8077,53.7147
3571,17478,root_increment,1,-1,-1,17478,53.7042
3572,10177,root_increment,1,-1,-1,10177,53.6923
3573,13378,root_increment,1,-1,-1,13378,53.6907
3574,9308,root_increment,1,-1,-1,9308,53.688
3575,18155,root_increment,1,-1,-1,18155,53.6876
3576,4749,root_increment,1,-1,-1,4749,53.6797
3577,19610,root_increment,1,-1,-1,19610,53.6743
3578,10829,root_increment,1,-1,-1,10829,53.6719
3579,13675,root_increment,1,-1,-1,13675,53.6689
3580,628,root_increment,1,-1,-1,628,53.6666
3581,8430,root_increment,1,-1,-1,8430,53.6598
3582,174,root_increment,1,-1,-1,174,53.6584
3583,6582,root_increment,1,-1,-1,6582,53.6522
3584,2595,root_increment,1,-1,-1,2595,53.6483
3585,8477,root_increment,1,-1,-1,8477,53.6392
3586,12761,root_increment,1,-1,-1,12761,53.6346
3587,7779,root_increment,1,-1,-1,7779,53.6331
3588,19606,root_increment,1,-1,-1,19606,53.6312
3589,356,root_increment,1,-1,-1,356,53.6188
3590,14312,root_increment,1,-1,-1,14312,53.6092
3591,8884,root_increment,1,-1,-1,8884,53.5999
3592,15526,root_increment,1,-1,-1,15526,53.5991
3593,13823,root_increment,1,-1,-1,13823,53.5877
3594,7800,root_increment,1,-1,-1,7800,53.5867
3595,7807,root_increment,1,-1,-1,7807,53.5802
3596,16271,root_increment,1,-1,-1,16271,53.5794
3597,3671,root_increment,1,-1,-1,3671,53.579
3598,6553,root_increment,1,-1,-1,6553,53.5788
3599,8799,root_increment,1,-1,-1,8799,53.5644
3600,2284,root_increment,1,-1,-1,2284,53.5642
3601,1887,root_increment,1,-1,-1,1887,53.5548
3602,2866,root_increment,1,-1,-1,2866,53.5499
3603,14871,root_increment,1,-1,-1,14871,53.5498
3604,1322,root_increment,1,-1,-1,1322,53.5488
3605,14675,root_increment,1,-1,-1,14675,53.5395
3606,10072,root_increment,1,-1,-1,10072,53.5348
3607,2170,root_increment,1,-1,-1,2170,53.5333
3608,17484,root_increment,1,-1,-1,17484,53.5294
3609,3043,root_increment,1,-1,-1,3043,53.5287
3610,16373,root_increment,1,-1,-1,16373,53.5239
3611,1271,root_increment,1,-1,-1,1271,53.5215
3612,954,root_increment,1,-1,-1,954,53.5172
3613,16221,root_increment,1,-1,-1,16221,53.5154
3614,15408,root_increment,1,-1,-1,15408,53.4994
3615,4739,root_increment,1,-1,-1,4739,53.499
3616,15292,root_increment,1,-1,-1,15292,53.4953
3617,3048,root_increment,1,-1,-1,3048,53.4942
3618,335,root_increment,1,-1,-1,335,53.4835
3619,10083,root_increment,1,-1,-1,10083,53.4802
3620,17649,root_increment,1,-1,-1,17649,53.4791
3621,11488,root_increment,1,-1,-1,11488,53.478
3622,2768,root_increment,1,-1,-1,2768,53.4675
3623,8986,root_increment,1,-1,-1,8986,53.4648
3624,10862,root_increment,1,-1,-1,10862,53.463
3625,10048,root_increment,1,-1,-1,10048,53.4584
3626,7189,root_increment,1,-1,-1,7189,53.458
3627,7192,root_increment,1,-1,-1,7192,53.458
3628,7197,root_increment,1,-1,-1,7197,53.458
3629,11457,root_increment,1,-1,-1,11457,53.4576
3630,7248,root_increment,1,-1,-1,7248,53.4499
3631,7451,root_increment,1,-1,-1,7451,53.4494
3632,16933,root_increment,1,-1,-1,16933,53.4464
3633,3063,root_increment,1,-1,-1,3063,53.4464
3634,6373,root_increment,1,-1,-1,6373,53.4437
3635,15924,root_increment,1,-1,-1,15924,53.4389
3636,15905,root_increment,1,-1,-1,15905,53.4386
3637,4056,root_increment,1,-1,-1,4056,53.4368
3638,17527,root_increment,1,-1,-1,17527,53.428
3639,11404,root_increment,1,-1,-1,11404,53.4277
3640,6750,root_increment,1,-1,-1,6750,53.4262
3641,12033,root_increment,1,-1,-1,12033,53.4247
3642,4687,root_increment,1,-1,-1,4687,53.4235
3643,14172,root_increment,1,-1,-1,14172,53.4203
3644,9954,root_increment,1,-1,-1,9954,53.4111
3645,3116,root_increment,1,-1,-1,3116,53.4097
3646,8367,root_increment,1,-1,-1,8367,53.4081
3647,18895,root_increment,1,-1,-1,18895,53.4058
3648,8148,root_increment,1,-1,-1,8148,53.4053
3649,4279,root_increment,1,-1,-1,4279,53.3985
3650,10119,root_increment,1,-1,-1,10119,53.3948
3651,5980,root_increment,1,-1,-1,5980,53.3897
3652,10881,root_increment,1,-1,-1,10881,53.3889
3653,14140,root_increment,1,-1,-1,14140,53.3876
3654,19063,root_increment,1,-1,-1,19063,53.3873
3655,3763,root_increment,1,-1,-1,3763,53.3873
3656,16482,root_increment,1,-1,-1,16482,53.386
3657,14106,root_increment,1,-1,-1,14106,53.3801
3658,14645,root_increment,1,-1,-1,14645,53.3792
3659,3328,root_increment,1,-1,-1,3328,53.3738
3660,872,root_increment,1,-1,-1,872,53.3732
3661,2124,root_increment,1,-1,-1,2124,53.3685
3662,7873,root_increment,1,-1,-1,7873,53.3676
3663,16303,root_increment,1,-1,-1,16303,53.3671
3664,3275,root_increment,1,-1,-1,3275,53.3593
3665,2425,root_increment,1,-1,-1,2425,53.3503
3666,678,root_increment,1,-1,-1,678,53.3458
3667,1661,root_increment,1,-1,-1,1661,53.3429
3668,5187,root_increment,1,-1,-1,5187,53.335
3669,5253,root_increment,1,-1,-1,5253,53.3249
3670,8878,root_increment,1,-1,-1,8878,53.3136
3671,4378,root_increment,1,-1,-1,4378,53.3124
3672,18544,root_increment,1,-1,-1,18544,53.3121
3673,386,root_increment,1,-1,-1,386,53.3076
3674,10167,root_increment,1,-1,-1,10167,53.3043
3675,19411,root_increment,1,-1,-1,19411,53.303
3676,352,root_increment,1,-1,-1,352,53.2989
3677,12053,root_increment,1,-1,-1,12053,53.2962
3678,9773,root_increment,1,-1,-1,9773,53.2956
3679,12585,root_increment,1,-1,-1,12585,53.2937
3680,9020,root_increment,1,-1,-1,9020,53.2893
3681,12608,root_increment,1,-1,-1,12608,53.2888
3682,7041,root_increment,1,-1,-1,7041,53.2783
3683,14973,root_increment,1,-1,-1,14973,53.2688
3684,9915,root_increment,1,-1,-1,9915,53.2648
3685,500,root_increment,1,-1,-1,500,53.2619
3686,5237,root_increment,1,-1,-1,5237,53.2599
3687,3307,root_increment,1,-1,-1,3307,53.2597
3688,15366,root_increment,1,-1,-1,15366,53.2573
3689,4926,root_increment,1,-1,-1,4926,53.2533
3690,9768,root_increment,1,-1,-1,9768,53.2486
3691,7351,root_increment,1,-1,-1,7351,53.2475
3692,17247,root_increment,1,-1,-1,17247,53.2398
3693,11669,root_increment,1,-1,-1,11669,53.2354
3694,13307,root_increment,1,-1,-1,13307,53.2339
3695,3581,root_increment,1,-1,-1,3581,53.2318
3696,7854,root_increment,1,-1,-1,7854,53.2235
3697,1018,root_increment,1,-1,-1,1018,53.2234
3698,12473,root_increment,1,-1,-1,12473,53.2209
3699,4621,root_increment,1,-1,-1,4621,53.2204
3700,2218,root_increment,1,-1,-1,2218,53.2144
3701,5060,root_increment,1,-1,-1,5060,53.2027
3702,14314,root_increment,1,-1,-1,14314,53.1995
3703,5051,root_increment,1,-1,-1,5051,53.1995
3704,594,root_increment,1,-1,-1,594,53.1921
3705,7493,root_increment,1,-1,-1,7493,53.1913
3706,5759,root_increment,1,-1,-1,5759,53.1909
3707,3750,root_increment,1,-1,-1,3750,53.1897
3708,8905,root_increment,1,-1,-1,8905,53.1821
3709,419,root_increment,1,-1,-1,419,53.1782
3710,712,root_increment,1,-1,-1,712,53.1748
3711,6535,root_increment,1,-1,-1,6535,53.1685
3712,8496,root_increment,1,-1,-1,8496,53.1668
3713,11258,root_increment,1,-1,-1,11258,53.1655
3714,7805,root_increment,1,-1,-1,7805,53.1571
3715,7813,root_increment,1,-1,-1,7813,53.1571
3716,13425,root_increment,1,-1,-1,13425,53.1497
3717,9557,root_increment,1,-1,-1,9557,53.1424
3718,7325,root_increment,1,-1,-1,7325,53.1371
3719,716,root_increment,1,-1,-1,716,53.1351
3720,13536,root_increment,1,-1,-1,13536,53.1266
3721,18286,root_increment,1,-1,-1,18286,53.1215
3722,19076,root_increment,1,-1,-1,19076,53.1209
3723,8292,root_increment,1,-1,-1,8292,53.1202
3724,10721,root_increment,1,-1,-1,10721,53.1157
3725,2022,root_increment,1,-1,-1,2022,53.1136
3726,14240,root_increment,1,-1,-1,14240,53.106
3727,4862,root_increment,1,-1,-1,4862,53.1019
3728,3957,root_increment,1,-1,-1,3957,53.0915
3729,2331,root_increment,1,-1,-1,2331,53.0906
3730,2116,root_increment,1,-1,-1,2116,53.0826
3731,322,root_increment,1,-1,-1,322,53.0737
3732,1627,root_increment,1,-1,-1,1627,53.0636
3733,2704,root_increment,1,-1,-1,2704,53.0636
3734,2712,root_increment,1,-1,-1,2712,53.0636
3735,2717,root_increment,1,-1,-1,2717,53.0636
3736,2725,root_increment,1,-1,-1,2725,53.0636
3737,2733,root_increment,1,-1,-1,2733,53.0636
3738,2738,root_increment,1,-1,-1,2738,53.0636
3739,8482,root_increment,1,-1,-1,8482,53.0609
3740,6527,root_increment,1,-1,-1,6527,53.0525
3741,607,root_increment,1,-1,-1,607,53.0487
3742,4320,root_increment,1,-1,-1,4320,53.0467
3743,3366,root_increment,1,-1,-1,3366,53.0458
3744,3022,root_increment,1,-1,-1,3022,53.0446
3745,10826,root_increment,1,-1,-1,10826,53.0258
3746,7516,root_increment,1,-1,-1,7516,53.0245
3747,3556,root_increment,1,-1,-1,3556,53.0144
3748,2191,root_increment,1,-1,-1,2191,53.0142
3749,4240,root_increment,1,-1,-1,4240,53.0112
3750,6834,root_increment,1,-1,-1,6834,53.01
3751,3035,root_increment,1,-1,-1,3035,53.009
3752,5686,root_increment,1,-1,-1,5686,53.0084
3753,2211,root_increment,1,-1,-1,2211,53.0071
3754,8499,root_increment,1,-1,-1,8499,53.0068
3755,1031,root_increment,1,-1,-1,1031,53.0063
3756,8936,root_increment,1,-1,-1,8936,53.0058
3757,9200,root_increment,1,-1,-1,9200,53.0048
3758,9923,root_increment,1,-1,-1,9923,53.0034
3759,15505,root_increment,1,-1,-1,15505,52.9985
3760,10844,root_increment,1,-1,-1,10844,52.9931
3761,868,root_increment,1,-1,-1,868,52.9871
3762,18745,root_increment,1,-1,-1,18745,52.9826
3763,5204,root_increment,1,-1,-1,5204,52.9826
3764,13743,root_increment,1,-1,-1,13743,52.9813
3765,483,root_increment,1,-1,-1,483,52.9797
3766,1519,root_increment,1,-1,-1,1519,52.9731
3767,10198,root_increment,1,-1,-1,10198,52.9731
3768,4844,root_increment,1,-1,-1,4844,52.972
3769,9535,root_increment,1,-1,-1,9535,52.9681
3770,10423,root_increment,1,-1,-1,10423,52.968
3771,16651,root_increment,1,-1,-1,16651,52.9602
3772,71,root_increment,1,-1,-1,71,52.9601
3773,10292,root_increment,1,-1,-1,10292,52.9597
3774,2356,root_increment,1,-1,-1,2356,52.9571
3775,15255,root_increment,1,-1,-1,15255,52.9516
3776,4762,root_increment,1,-1,-1,4762,52.9509
3777,8504,root_increment,1,-1,-1,8504,52.9506
3778,19620,root_increment,1,-1,-1,19620,52.9492
3779,3294,root_increment,1,-1,-1,3294,52.9472
3780,14908,root_increment,1,-1,-1,14908,52.9414
3781,10708,root_increment,1,-1,-1,10708,52.9222
3782,9928,root_increment,1,-1,-1,9928,52.9213
3783,1909,root_increment,1,-1,-1,1909,52.9108
3784,12080,root_increment,1,-1,-1,12080,52.9073
3785,7314,root_increment,1,-1,-1,7314,52.9058
3786,14242,root_increment,1,-1,-1,14242,52.9056
3787,4427,root_increment,1,-1,-1,4427,52.9004
3788,12128,root_increment,1,-1,-1,12128,52.8952
3789,9064,root_increment,1,-1,-1,9064,52.8893
3790,5186,root_increment,1,-1,-1,5186,52.887
3791,11341,root_increment,1,-1,-1,11341,52.886
3792,11001,root_increment,1,-1,-1,11001,52.8851
3793,2344,root_increment,1,-1,-1,2344,52.8848
3794,13818,root_increment,1,-1,-1,13818,52.8838
3795,6546,root_increment,1,-1,-1,6546,52.8759
3796,8341,root_increment,1,-1,-1,8341,52.8726
3797,4338,root_increment,1,-1,-1,4338,52.8552
3798,11431,root_increment,1,-1,-1,11431,52.8544
3799,10656,root_increment,1,-1,-1,10656,52.8476
3800,14764,root_increment,1,-1,-1,14764,52.8455
3801,246,root_increment,1,-1,-1,246,52.8421
3802,3650,root_increment,1,-1,-1,3650,52.8357
3803,12107,root_increment,1,-1,-1,12107,52.8353
3804,11336,root_increment,1,-1,-1,11336,52.8317
3805,14891,root_increment,1,-1,-1,14891,52.8313
3806,56,root_increment,1,-1,-1,56,52.8303
3807,17601,root_increment,1,-1,-1,17601,52.8268
3808,9164,root_increment,1,-1,-1,9164,52.8251
3809,6955,root_increment,1,-1,-1,6955,52.8241
3810,3742,root_increment,1,-1,-1,3742,52.8191
3811,1967,root_increment,1,-1,-1,1967,52.8053
3812,10049,root_increment,1,-1,-1,10049,52.8028
3813,3518,root_increment,1,-1,-1,3518,52.7977
3814,19359,root_increment,1,-1,-1,19359,52.7935
3815,6763,root_increment,1,-1,-1,6763,52.7892
3816,12808,root_increment,1,-1,-1,12808,52.7775
3817,13722,root_increment,1,-1,-1,13722,52.7734
3818,3780,root_increment,1,-1,-1,3780,52.7709
3819,6192,root_increment,1,-1,-1,6192,52.7695
3820,2844,root_increment,1,-1,-1,2844,52.7685
3821,16745,root_increment,1,-1,-1,16745,52.7669
3822,4189,root_increment,1,-1,-1,4189,52.7625
3823,7246,root_increment,1,-1,-1,7246,52.7613
3824,11051,root_increment,1,-1,-1,11051,52.7608
3825,3030,root_increment,1,-1,-1,3030,52.7545
3826,3040,root_increment,1,-1,-1,3040,52.7524
3827,17286,root_increment,1,-1,-1,17286,52.7505
3828,14332,root_increment,1,-1,-1,14332,52.7493
3829,1008,root_increment,1,-1,-1,1008,52.7393
3830,18124,root_increment,1,-1,-1,18124,52.7375
3831,6985,root_increment,1,-1,-1,6985,52.7375
3832,13546,root_increment,1,-1,-1,13546,52.7332
3833,18659,root_increment,1,-1,-1,18659,52.7292
3834,1201,root_increment,1,-1,-1,1201,52.7236
3835,2913,root_increment,1,-1,-1,2913,52.7113
3836,12334,root_increment,1,-1,-1,12334,52.7035
3837,13900,root_increment,1,-1,-1,13900,52.7013
3838,1029,root_increment,1,-1,-1,1029,52.6904
3839,7994,root_increment,1,-1,-1,7994,52.6895
3840,9522,root_increment,1,-1,-1,9522,52.6862
3841,2574,root_increment,1,-1,-1,2574,52.6859
3842,5046,root_increment,1,-1,-1,5046,52.6839
3843,2589,root_increment,1,-1,-1,2589,52.6833
3844,18732,root_increment,1,-1,-1,18732,52.6676
3845,6982,root_increment,1,-1,-1,6982,52.6673
3846,12104,root_increment,1,-1,-1,12104,52.6646
3847,5441,root_increment,1,-1,-1,5441,52.6595
3848,5137,root_increment,1,-1,-1,5137,52.657
3849,1988,root_increment,1,-1,-1,1988,52.6553
3850,12328,root_increment,1,-1,-1,12328,52.6553
3851,7838,root_increment,1,-1,-1,7838,52.6519
3852,2697,root_increment,1,-1,-1,2697,52.6497
3853,19462,root_increment,1,-1,-1,19462,52.6451
3854,17116,root_increment,1,-1,-1,17116,52.6443
3855,11886,root_increment,1,-1,-1,11886,52.6353
3856,6758,root_increment,1,-1,-1,6758,52.6327
3857,9820,root_increment,1,-1,-1,9820,52.6293
3858,13737,root_increment,1,-1,-1,13737,52.6292
3859,13556,root_increment,1,-1,-1,13556,52.6246
3860,9591,root_increment,1,-1,-1,9591,52.6231
3861,14149,root_increment,1,-1,-1,14149,52.6129
3862,17034,root_increment,1,-1,-1,17034,52.6096
3863,9629,root_increment,1,-1,-1,9629,52.6074
3864,3437,root_increment,1,-1,-1,3437,52.6041
3865,984,root_increment,1,-1,-1,984,52.5966
3866,260,root_increment,1,-1,-1,260,52.5953
3867,8491,root_increment,1,-1,-1,8491,52.5896
3868,3590,root_increment,1,-1,-1,3590,52.5859
3869,18152,root_increment,1,-1,-1,18152,52.5858
3870,893,root_increment,1,-1,-1,893,52.5735
3871,11468,root_increment,1,-1,-1,11468,52.5719
3872,14501,root_increment,1,-1,-1,14501,52.5711
3873,18050,root_increment,1,-1,-1,18050,52.5701
3874,11781,root_increment,1,-1,-1,11781,52.5646
3875,15416,root_increment,1,-1,-1,15416,52.5634
3876,13598,root_increment,1,-1,-1,13598,52.5611
3877,8025,root_increment,1,-1,-1,8025,52.5583
3878,15259,root_increment,1,-1,-1,15259,52.5543
3879,12185,root_increment,1,-1,-1,12185,52.5526
3880,1933,root_increment,1,-1,-1,1933,52.5466
3881,6124,root_increment,1,-1,-1,6124,52.5447
3882,12658,root_increment,1,-1,-1,12658,52.5435
3883,1964,root_increment,1,-1,-1,1964,52.5399
3884,7311,root_increment,1,-1,-1,7311,52.5331
3885,14628,root_increment,1,-1,-1,14628,52.5316
3886,4970,root_increment,1,-1,-1,4970,52.5308
3887,19504,root_increment,1,-1,-1,19504,52.5286
3888,7359,root_increment,1,-1,-1,7359,52.5215
3889,4718,root_increment,1,-1,-1,4718,52.5203
3890,6574,root_increment,1,-1,-1,6574,52.5149
3891,11323,root_increment,1,-1,-1,11323,52.5138
3892,14350,root_increment,1,-1,-1,14350,52.5094
3893,17026,root_increment,1,-1,-1,17026,52.5091
3894,9260,root_increment,1,-1,-1,9260,52.4885
3895,7876,root_increment,1,-1,-1,7876,52.4782
3896,3899,root_increment,1,-1,-1,3899,52.4753
3897,2154,root_increment,1,-1,-1,2154,52.4736
3898,8897,root_increment,1,-1,-1,8897,52.4733
3899,19025,root_increment,1,-1,-1,19025,52.4689
3900,1015,root_increment,1,-1,-1,1015,52.4674
3901,4357,root_increment,1,-1,-1,4357,52.4544
3902,7710,root_increment,1,-1,-1,7710,52.4538
3903,1678,root_increment,1,-1,-1,1678,52.4476
3904,12994,root_increment,1,-1,-1,12994,52.446
3905,5199,root_increment,1,-1,-1,5199,52.4448
3906,11213,root_increment,1,-1,-1,11213,52.4416
3907,4947,root_increment,1,-1,-1,4947,52.4413
3908,11956,root_increment,1,-1,-1,11956,52.4385
3909,14353,root_increment,1,-1,-1,14353,52.4377
3910,6571,root_increment,1,-1,-1,6571,52.4333
3911,1688,root_increment,1,-1,-1,1688,52.4319
3912,5229,root_increment,1,-1,-1,5229,52.4268
3913,18250,root_increment,1,-1,-1,18250,52.4176
3914,12732,root_increment,1,-1,-1,12732,52.4165
3915,7488,root_increment,1,-1,-1,7488,52.4163
3916,11418,root_increment,1,-1,-1,11418,52.4095
3917,3911,root_increment,1,-1,-1,3911,52.4067
3918,18840,root_increment,1,-1,-1,18840,52.3854
3919,17968,root_increment,1,-1,-1,17968,52.3835
3920,17703,root_increment,1,-1,-1,17703,52.3573
3921,3801,root_increment,1,-1,-1,3801,52.3573
3922,7986,root_increment,1,-1,-1,7986,52.3437
3923,5242,root_increment,1,-1,-1,5242,52.343
3924,4288,root_increment,1,-1,-1,4288,52.3413
3925,15510,root_increment,1,-1,-1,15510,52.3379
3926,11601,root_increment,1,-1,-1,11601,52.3317
3927,12588,root_increment,1,-1,-1,12588,52.3272
3928,3019,root_increment,1,-1,-1,3019,52.3201
3929,7690,root_increment,1,-1,-1,7690,52.3133
3930,4651,root_increment,1,-1,-1,4651,52.3129
3931,12383,root_increment,1,-1,-1,12383,52.3094
3932,4888,root_increment,1,-1,-1,4888,52.2982
3933,19317,root_increment,1,-1,-1,19317,52.2971
3934,6604,root_increment,1,-1,-1,6604,52.2896
3935,8352,root_increment,1,-1,-1,8352,52.2835
3936,12716,root_increment,1,-1,-1,12716,52.28
3937,13520,root_increment,1,-1,-1,13520,52.2788
3938,16446,root_increment,1,-1,-1,16446,52.2783
3939,962,root_increment,1,-1,-1,962,52.2766
3940,15378,root_increment,1,-1,-1,15378,52.275
3941,1863,root_increment,1,-1,-1,1863,52.2692
3942,6713,root_increment,1,-1,-1,6713,52.269
3943,997,root_increment,1,-1,-1,997,52.2667
3944,13431,root_increment,1,-1,-1,13431,52.2619
3945,1010,root_increment,1,-1,-1,1010,52.2561
3946,1502,root_increment,1,-1,-1,1502,52.2512
3947,6501,root_increment,1,-1,-1,6501,52.2511
3948,18586,root_increment,1,-1,-1,18586,52.2506
3949,4627,root_increment,1,-1,-1,4627,52.2491
3950,16124,root_increment,1,-1,-1,16124,52.2396
3951,4328,root_increment,1,-1,-1,4328,52.2337
3952,8263,root_increment,1,-1,-1,8263,52.2329
3953,2297,root_increment,1,-1,-1,2297,52.2304
3954,10145,root_increment,1,-1,-1,10145,52.2267
3955,2009,root_increment,1,-1,-1,2009,52.2249
3956,3065,root_increment,1,-1,-1,3065,52.2247
3957,407,root_increment,1,-1,-1,407,52.2211
3958,11810,root_increment,1,-1,-1,11810,52.22
3959,4341,root_increment,1,-1,-1,4341,52.2155
3960,12200,root_increment,1,-1,-1,12200,52.2142
3961,15767,root_increment,1,-1,-1,15767,52.2122
3962,8797,root_increment,1,-1,-1,8797,52.2122
3963,7546,root_increment,1,-1,-1,7546,52.2118
3964,3552,root_increment,1,-1,-1,3552,52.2113
3965,572,root_increment,1,-1,-1,572,52.2041
3966,12159,root_increment,1,-1,-1,12159,52.2037
3967,14191,root_increment,1,-1,-1,14191,52.2015
3968,16505,root_increment,1,-1,-1,16505,52.2004
3969,18326,root_increment,1,-1,-1,18326,52.1947
3970,4695,root_increment,1,-1,-1,4695,52.1944
3971,1023,root_increment,1,-1,-1,1023,52.1922
3972,10310,root_increment,1,-1,-1,10310,52.1904
3973,16424,root_increment,1,-1,-1,16424,52.1896
3974,606,root_increment,1,-1,-1,606,52.1852
3975,6872,root_increment,1,-1,-1,6872,52.183
3976,17381,root_increment,1,-1,-1,17381,52.1821
3977,16001,root_increment,1,-1,-1,16001,52.1816
3978,6260,root_increment,1,-1,-1,6260,52.1793
3979,8865,root_increment,1,-1,-1,8865,52.1728
3980,6223,root_increment,1,-1,-1,6223,52.1725
3981,16497,root_increment,1,-1,-1,16497,52.1653
3982,15886,root_increment,1,-1,-1,15886,52.159
3983,18290,root_increment,1,-1,-1,18290,52.158
3984,8324,root_increment,1,-1,-1,8324,52.1575
3985,7259,root_increment,1,-1,-1,7259,52.155
3986,17302,root_increment,1,-1,-1,17302,52.1546
3987,19028,root_increment,1,-1,-1,19028,52.1527
3988,267,root_increment,1,-1,-1,267,52.1512
3989,134,root_increment,1,-1,-1,134,52.1341
3990,9459,root_increment,1,-1,-1,9459,52.1332
3991,19988,root_increment,1,-1,-1,19988,52.1326
3992,8423,root_increment,1,-1,-1,8423,52.13
3993,16388,root_increment,1,-1,-1,16388,52.127
3994,12763,root_increment,1,-1,-1,12763,52.1254
3995,16119,root_increment,1,-1,-1,16119,52.122
3996,18254,root_increment,1,-1,-1,18254,52.1181
3997,6383,root_increment,1,-1,-1,6383,52.1121
3998,5119,root_increment,1,-1,-1,5119,52.1075
3999,2378,root_increment,1,-1,-1,2378,52.1058
4000,3836,root_increment,1,-1,-1,3836,52.1042
4001,1721,root_increment,1,-1,-1,1721,52.1028
4002,6579,root_increment,1,-1,-1,6579,52.0959
4003,10624,root_increment,1,-1,-1,10624,52.095
4004,16542,root_increment,1,-1,-1,16542,52.0896
4005,19643,root_increment,1,-1,-1,19643,52.0864
4006,7101,root_increment,1,-1,-1,7101,52.0821
4007,8959,root_increment,1,-1,-1,8959,52.0789
4008,175,root_increment,1,-1,-1,175,52.0743
4009,3905,root_increment,1,-1,-1,3905,52.0659
4010,9598,root_increment,1,-1,-1,9598,52.0644
4011,8640,root_increment,1,-1,-1,8640,52.0588
4012,5234,root_increment,1,-1,-1,5234,52.0527
4013,12771,root_increment,1,-1,-1,12771,52.0491
4014,5453,root_increment,1,-1,-1,5453,52.0482
4015,11242,root_increment,1,-1,-1,11242,52.0477
4016,971,root_increment,1,-1,-1,971,52.0377
4017,6980,root_increment,1,-1,-1,6980,52.035
4018,2900,root_increment,1,-1,-1,2900,52.0305
4019,10808,root_increment,1,-1,-1,10808,52.0305
4020,2233,root_increment,1,-1,-1,2233,52.0262
4021,4187,root_increment,1,-1,-1,4187,52.0261
4022,1217,root_increment,1,-1,-1,1217,52.0254
4023,7821,root_increment,1,-1,-1,7821,52.0252
4024,1128,root_increment,1,-1,-1,1128,52.0235
4025,4812,root_increment,1,-1,-1,4812,52.016
4026,5590,root_increment,1,-1,-1,5590,52.0103
4027,11423,root_increment,1,-1,-1,11423,52.0058
4028,11745,root_increment,1,-1,-1,11745,52.0029
4029,2751,root_increment,1,-1,-1,2751,52.0014
4030,3776,root_increment,1,-1,-1,3776,51.9962
4031,7283,root_increment,1,-1,-1,7283,51.9916
4032,13111,root_increment,1,-1,-1,13111,51.99
4033,1691,root_increment,1,-1,-1,1691,51.9832
4034,2246,root_increment,1,-1,-1,2246,51.9775
4035,8910,root_increment,1,-1,-1,8910,51.9754
4036,1051,root_increment,1,-1,-1,1051,51.9656
4037,1072,root_increment,1,-1,-1,1072,51.959
4038,221,root_increment,1,-1,-1,221,51.9582
4039,6702,root_increment,1,-1,-1,6702,51.9549
4040,8653,root_increment,1,-1,-1,8653,51.948
4041,11925,root_increment,1,-1,-1,11925,51.9409
4042,16385,root_increment,1,-1,-1,16385,51.9399
4043,10009,root_increment,1,-1,-1,10009,51.9394
4044,6405,root_increment,1,-1,-1,6405,51.9379
4045,14924,root_increment,1,-1,-1,14924,51.9325
4046,6160,root_increment,1,-1,-1,6160,51.9314
4047,10323,root_increment,1,-1,-1,10323,51.9288
4048,17646,root_increment,1,-1,-1,17646,51.9205
4049,2865,root_increment,1,-1,-1,2865,51.9189
4050,10679,root_increment,1,-1,-1,10679,51.9184
4051,15615,root_increment,1,-1,-1,15615,51.9148
4052,12664,root_increment,1,-1,-1,12664,51.9142
4053,5689,root_increment,1,-1,-1,5689,51.9103
4054,5763,root_increment,1,-1,-1,5763,51.9059
4055,6381,root_increment,1,-1,-1,6381,51.902
4056,749,root_increment,1,-1,-1,749,51.8987
4057,6977,root_increment,1,-1,-1,6977,51.8958
4058,3378,root_increment,1,-1,-1,3378,51.8896
4059,12832,root_increment,1,-1,-1,12832,51.8879
4060,15413,root_increment,1,-1,-1,15413,51.8839
4061,4634,root_increment,1,-1,-1,4634,51.879
4062,8697,root_increment,1,-1,-1,8697,51.877
4063,8871,root_increment,1,-1,-1,8871,51.8751
4064,8415,root_increment,1,-1,-1,8415,51.8706
4065,14027,root_increment,1,-1,-1,14027,51.8628
4066,2908,root_increment,1,-1,-1,2908,51.8627
4067,15694,root_increment,1,-1,-1,15694,51.8589
4068,12897,root_increment,1,-1,-1,12897,51.8558
4069,5436,root_increment,1,-1,-1,5436,51.8544
4070,1558,root_increment,1,-1,-1,1558,51.8491
4071,8199,root_increment,1,-1,-1,8199,51.849
4072,615,root_increment,1,-1,-1,615,51.8488
4073,17549,root_increment,1,-1,-1,17549,51.8447
4074,2390,root_increment,1,-1,-1,2390,51.8409
4075,6097,root_increment,1,-1,-1,6097,51.8349
4076,2145,root_increment,1,-1,-1,2145,51.8325
4077,4229,root_increment,1,-1,-1,4229,51.8313
4078,15321,root_increment,1,-1,-1,15321,51.8296
4079,3286,root_increment,1,-1,-1,3286,51.8253
4080,2048,root_increment,1,-1,-1,2048,51.8251
4081,1827,root_increment,1,-1,-1,1827,51.823
4082,7857,root_increment,1,-1,-1,7857,51.8223
4083,18127,root_increment,1,-1,-1,18127,51.8154
4084,885,root_increment,1,-1,-1,885,51.8123
4085,1043,root_increment,1,-1,-1,1043,51.8104
4086,15327,root_increment,1,-1,-1,15327,51.8054
4087,2454,root_increment,1,-1,-1,2454,51.8023
4088,432,root_increment,1,-1,-1,432,51.8005
4089,8206,root_increment,1,-1,-1,8206,51.8001
4090,9920,root_increment,1,-1,-1,9920,51.7925
4091,6520,root_increment,1,-1,-1,6520,51.7851
4092,12109,root_increment,1,-1,-1,12109,51.7828
4093,8062,root_increment,1,-1,-1,8062,51.7828
4094,558,root_increment,1,-1,-1,558,51.7808
4095,440,root_increment,1,-1,-1,440,51.7742
4096,4393,root_increment,1,-1,-1,4393,51.7704
4097,30,root_increment,1,-1,-1,30,51.7677
4098,2342,root_increment,1,-1,-1,2342,51.7587
4099,11755,root_increment,1,-1,-1,11755,51.7576
4100,3594,root_increment,1,-1,-1,3594,51.7545
4101,1077,root_increment,1,-1,-1,1077,51.754
4102,233,root_increment,1,-1,-1,233,51.7516
4103,5946,root_increment,1,-1,-1,5946,51.7502
4104,8197,root_increment,1,-1,-1,8197,51.7435
4105,10040,root_increment,1,-1,-1,10040,51.7247
4106,699,root_increment,1,-1,-1,699,51.7183
4107,6742,root_increment,1,-1,-1,6742,51.7167
4108,6747,root_increment,1,-1,-1,6747,51.7167
4109,6496,root_increment,1,-1,-1,6496,51.7154
4110,6509,root_increment,1,-1,-1,6509,51.7154
4111,18328,root_increment,1,-1,-1,18328,51.7148
4112,8485,root_increment,1,-1,-1,8485,51.7099
4113,12902,root_increment,1,-1,-1,12902,51.708
4114,16306,root_increment,1,-1,-1,16306,51.7072
4115,7684,root_increment,1,-1,-1,7684,51.7043
4116,19735,root_increment,1,-1,-1,19735,51.7038
4117,5631,root_increment,1,-1,-1,5631,51.6943
4118,18796,root_increment,1,-1,-1,18796,51.6899
4119,2071,root_increment,1,-1,-1,2071,51.6874
4120,2076,root_increment,1,-1,-1,2076,51.6874
4121,2084,root_increment,1,-1,-1,2084,51.6874
4122,2092,root_increment,1,-1,-1,2092,51.6874
4123,2097,root_increment,1,-1,-1,2097,51.6874
4124,2105,root_increment,1,-1,-1,2105,51.6874
4125,2110,root_increment,1,-1,-1,2110,51.6874
4126,11666,root_increment,1,-1,-1,11666,51.6868
4127,4295,root_increment,1,-1,-1,4295,51.6839
4128,6475,root_increment,1,-1,-1,6475,51.6834
4129,19738,root_increment,1,-1,-1,19738,51.6807
4130,18299,root_increment,1,-1,-1,18299,51.6788
4131,10803,root_increment,1,-1,-1,10803,51.6777
4132,7119,root_increment,1,-1,-1,7119,51.6767
4133,154,root_increment,1,-1,-1,154,51.6753
4134,4258,root_increment,1,-1,-1,4258,51.6746
4135,5221,root_increment,1,-1,-1,5221,51.673
4136,10658,root_increment,1,-1,-1,10658,51.6641
4137,15877,root_increment,1,-1,-1,15877,51.6463
4138,4419,root_increment,1,-1,-1,4419,51.6407
4139,2639,root_increment,1,-1,-1,2639,51.6382
4140,6988,root_increment,1,-1,-1,6988,51.6379
4141,6137,root_increment,1,-1,-1,6137,51.6281
4142,12911,root_increment,1,-1,-1,12911,51.626
4143,9019,root_increment,1,-1,-1,9019,51.6253
4144,8930,root_increment,1,-1,-1,8930,51.619
4145,4526,root_increment,1,-1,-1,4526,51.6189
4146,8967,root_increment,1,-1,-1,8967,51.6109
4147,19389,root_increment,1,-1,-1,19389,51.6074
4148,3038,root_increment,1,-1,-1,3038,51.607
4149,16376,root_increment,1,-1,-1,16376,51.5992
4150,1792,root_increment,1,-1,-1,1792,51.5944
4151,13140,root_increment,1,-1,-1,13140,51.5929
4152,4441,root_increment,1,-1,-1,4441,51.5909
4153,4741,root_increment,1,-1,-1,4741,51.5902
4154,12133,root_increment,1,-1,-1,12133,51.5879
4155,11417,root_increment,1,-1,-1,11417,51.5852
4156,6739,root_increment,1,-1,-1,6739,51.5783
4157,2112,root_increment,1,-1,-1,2112,51.5777
4158,11713,root_increment,1,-1,-1,11713,51.5736
4159,11813,root_increment,1,-1,-1,11813,51.5695
4160,3886,root_increment,1,-1,-1,3886,51.5683
4161,7812,root_increment,1,-1,-1,7812,51.5622
4162,15245,root_increment,1,-1,-1,15245,51.5579
4163,15114,root_increment,1,-1,-1,15114,51.5493
4164,10368,root_increment,1,-1,-1,10368,51.5461
4165,602,root_increment,1,-1,-1,602,51.5452
4166,16144,root_increment,1,-1,-1,16144,51.5397
4167,5111,root_increment,1,-1,-1,5111,51.5389
4168,522,root_increment,1,-1,-1,522,51.5387
4169,17687,root_increment,1,-1,-1,17687,51.5368
4170,6013,root_increment,1,-1,-1,6013,51.5339
4171,7721,root_increment,1,-1,-1,7721,51.5338
4172,8428,root_increment,1,-1,-1,8428,51.533
4173,7855,root_increment,1,-1,-1,7855,51.532
4174,15132,root_increment,1,-1,-1,15132,51.528
4175,16210,root_increment,1,-1,-1,16210,51.5211
4176,995,root_increment,1,-1,-1,995,51.5196
4177,15289,root_increment,1,-1,-1,15289,51.5191
4178,3658,root_increment,1,-1,-1,3658,51.5146
4179,6583,root_increment,1,-1,-1,6583,51.5139
4180,916,root_increment,1,-1,-1,916,51.5133
4181,11557,root_increment,1,-1,-1,11557,51.5124
4182,11070,root_increment,1,-1,-1,11070,51.5121
4183,12848,root_increment,1,-1,-1,12848,51.5018
4184,16720,root_increment,1,-1,-1,16720,51.5014
4185,8605,root_increment,1,-1,-1,8605,51.4954
4186,4700,root_increment,1,-1,-1,4700,51.4912
4187,19012,root_increment,1,-1,-1,19012,51.4905
4188,17847,root_increment,1,-1,-1,17847,51.4895
4189,11667,root_increment,1,-1,-1,11667,51.4889
4190,13159,root_increment,1,-1,-1,13159,51.4885
4191,16423,root_increment,1,-1,-1,16423,51.4836
4192,84,root_increment,1,-1,-1,84,51.481
4193,1064,root_increment,1,-1,-1,1064,51.4797
4194,17624,root_increment,1,-1,-1,17624,51.4786
4195,17882,root_increment,1,-1,-1,17882,51.4767
4196,5432,root_increment,1,-1,-1,5432,51.476
4197,8075,root_increment,1,-1,-1,8075,51.4744
4198,10600,root_increment,1,-1,-1,10600,51.4675
4199,16793,root_increment,1,-1,-1,16793,51.4641
4200,10566,root_increment,1,-1,-1,10566,51.4602
4201,1038,root_increment,1,-1,-1,1038,51.457
4202,7603,root_increment,1,-1,-1,7603,51.4516
4203,14062,root_increment,1,-1,-1,14062,51.4504
4204,14224,root_increment,1,-1,-1,14224,51.4491
4205,3684,root_increment,1,-1,-1,3684,51.4447
4206,411,root_increment,1,-1,-1,411,51.4435
4207,16154,root_increment,1,-1,-1,16154,51.4425
4208,10646,root_increment,1,-1,-1,10646,51.4424
4209,2878,root_increment,1,-1,-1,2878,51.4417
4210,10133,root_increment,1,-1,-1,10133,51.4392
4211,18209,root_increment,1,-1,-1,18209,51.4323
4212,3632,root_increment,1,-1,-1,3632,51.4297
4213,8732,root_increment,1,-1,-1,8732,51.4289
4214,12106,root_increment,1,-1,-1,12106,51.4274
4215,19002,root_increment,1,-1,-1,19002,51.427
4216,1979,root_increment,1,-1,-1,1979,51.4255
4217,5661,root_increment,1,-1,-1,5661,51.4253
4218,8195,root_increment,1,-1,-1,8195,51.4243
4219,1056,root_increment,1,-1,-1,1056,51.4039
4220,18884,root_increment,1,-1,-1,18884,51.4017
4221,11946,root_increment,1,-1,-1,11946,51.399
4222,16383,root_increment,1,-1,-1,16383,51.3985
4223,4956,root_increment,1,-1,-1,4956,51.3946
4224,4363,root_increment,1,-1,-1,4363,51.394
4225,2053,root_increment,1,-1,-1,2053,51.3939
4226,4148,root_increment,1,-1,-1,4148,51.3906
4227,3200,root_increment,1,-1,-1,3200,51.3885
4228,8870,root_increment,1,-1,-1,8870,51.3858
4229,11226,root_increment,1,-1,-1,11226,51.3793
4230,16378,root_increment,1,-1,-1,16378,51.3735
4231,6027,root_increment,1,-1,-1,6027,51.3702
4232,5266,root_increment,1,-1,-1,5266,51.3689
4233,2391,root_increment,1,-1,-1,2391,51.3632
4234,3663,root_increment,1,-1,-1,3663,51.3624
4235,8800,root_increment,1,-1,-1,8800,51.3561
4236,348,root_increment,1,-1,-1,348,51.3554
4237,12918,root_increment,1,-1,-1,12918,51.3421
4238,2457,root_increment,1,-1,-1,2457,51.3403
4239,1016,root_increment,1,-1,-1,1016,51.3257
4240,17242,root_increment,1,-1,-1,17242,51.32
4241,8915,root_increment,1,-1,-1,8915,51.3182
4242,6247,root_increment,1,-1,-1,6247,51.3173
4243,8354,root_increment,1,-1,-1,8354,51.3078
4244,6440,root_increment,1,-1,-1,6440,51.3068
4245,5308,root_increment,1,-1,-1,5308,51.3056
4246,11405,root_increment,1,-1,-1,11405,51.299
4247,10373,root_increment,1,-1,-1,10373,51.283
4248,3599,root_increment,1,-1,-1,3599,51.2826
4249,11653,root_increment,1,-1,-1,11653,51.2644
4250,7551,root_increment,1,-1,-1,7551,51.2639
4251,5048,root_increment,1,-1,-1,5048,51.2638
4252,14225,root_increment,1,-1,-1,14225,51.2607
4253,3320,root_increment,1,-1,-1,3320,51.2586
4254,4758,root_increment,1,-1,-1,4758,51.2557
4255,1734,root_increment,1,-1,-1,1734,51.2552
4256,15363,root_increment,1,-1,-1,15363,51.2532
4257,17322,root_increment,1,-1,-1,17322,51.2478
4258,3565,root_increment,1,-1,-1,3565,51.241
4259,3302,root_increment,1,-1,-1,3302,51.2408
4260,7810,root_increment,1,-1,-1,7810,51.2376
4261,17632,root_increment,1,-1,-1,17632,51.2368
4262,13756,root_increment,1,-1,-1,13756,51.2333
4263,7229,root_increment,1,-1,-1,7229,51.2259
4264,623,root_increment,1,-1,-1,623,51.1944
4265,13156,root_increment,1,-1,-1,13156,51.1937
4266,8287,root_increment,1,-1,-1,8287,51.1897
4267,14722,root_increment,1,-1,-1,14722,51.1889
4268,14820,root_increment,1,-1,-1,14820,51.1867
4269,10545,root_increment,1,-1,-1,10545,51.1859
4270,7802,root_increment,1,-1,-1,7802,51.1834
4271,11570,root_increment,1,-1,-1,11570,51.1832
4272,6570,root_increment,1,-1,-1,6570,51.1832
4273,6584,root_increment,1,-1,-1,6584,51.1814
4274,7438,root_increment,1,-1,-1,7438,51.1813
4275,1035,root_increment,1,-1,-1,1035,51.1799
4276,2197,root_increment,1,-1,-1,2197,51.1798
4277,17451,root_increment,1,-1,-1,17451,51.1789
4278,19423,root_increment,1,-1,-1,19423,51.1751
4279,187,root_increment,1,-1,-1,187,51.1738
4280,11400,root_increment,1,-1,-1,11400,51.1736
4281,11357,root_increment,1,-1,-1,11357,51.1698
4282,15822,root_increment,1,-1,-1,15822,51.1646
4283,10486,root_increment,1,-1,-1,10486,51.1599
4284,3221,root_increment,1,-1,-1,3221,51.1573
4285,18404,root_increment,1,-1,-1,18404,51.155
4286,13981,root_increment,1,-1,-1,13981,51.1532
4287,13415,root_increment,1,-1,-1,13415,51.1515
4288,7346,root_increment,1,-1,-1,7346,51.1504
4289,12996,root_increment,1,-1,-1,12996,51.1466
4290,5003,root_increment,1,-1,-1,5003,51.1438
4291,1594,root_increment,1,-1,-1,1594,51.1393
4292,3586,root_increment,1,-1,-1,3586,51.1376
4293,8935,root_increment,1,-1,-1,8935,51.1351
4294,1343,root_increment,1,-1,-1,1343,51.1283
4295,2409,root_increment,1,-1,-1,2409,51.1256
4296,8923,root_increment,1,-1,-1,8923,51.1229
4297,140,root_increment,1,-1,-1,140,51.1171
4298,11420,root_increment,1,-1,-1,11420,51.1107
4299,7629,root_increment,1,-1,-1,7629,51.1094
4300,16344,root_increment,1,-1,-1,16344,51.108
4301,6930,root_increment,1,-1,-1,6930,51.1057
4302,1330,root_increment,1,-1,-1,1330,51.1051
4303,6975,root_increment,1,-1,-1,6975,51.0987
4304,14582,root_increment,1,-1,-1,14582,51.0947
4305,406,root_increment,1,-1,-1,406,51.0939
4306,19609,root_increment,1,-1,-1,19609,51.092
4307,10782,root_increment,1,-1,-1,10782,51.0906
4308,5247,root_increment,1,-1,-1,5247,51.0851
4309,3573,root_increment,1,-1,-1,3573,51.0772
4310,427,root_increment,1,-1,-1,427,51.0611
4311,15082,root_increment,1,-1,-1,15082,51.0567
4312,8795,root_increment,1,-1,-1,8795,51.0548
4313,18441,root_increment,1,-1,-1,18441,51.0488
4314,8836,root_increment,1,-1,-1,8836,51.0481
4315,10815,root_increment,1,-1,-1,10815,51.0457
4316,12082,root_increment,1,-1,-1,12082,51.045
4317,8303,root_increment,1,-1,-1,8303,51.0352
4318,6477,root_increment,1,-1,-1,6477,51.0325
4319,12575,root_increment,1,-1,-1,12575,51.0289
4320,14037,root_increment,1,-1,-1,14037,51.028
4321,8311,root_increment,1,-1,-1,8311,51.0223
4322,4045,root_increment,1,-1,-1,4045,51.0188
4323,1853,root_increment,1,-1,-1,1853,51.0149
4324,9668,root_increment,1,-1,-1,9668,51.0077
4325,1040,root_increment,1,-1,-1,1040,51.0057
4326,4907,root_increment,1,-1,-1,4907,50.9982
4327,11389,root_increment,1,-1,-1,11389,50.9972
4328,1377,root_increment,1,-1,-1,1377,50.9935
4329,3137,root_increment,1,-1,-1,3137,50.9912
4330,2747,root_increment,1,-1,-1,2747,50.985
4331,6145,root_increment,1,-1,-1,6145,50.9824
4332,19401,root_increment,1,-1,-1,19401,50.9807
4333,141,root_increment,1,-1,-1,141,50.967
4334,10041,root_increment,1,-1,-1,10041,50.9654
4335,13497,root_increment,1,-1,-1,13497,50.9606
4336,1044,root_increment,1,-1,-1,1044,50.9601
4337,10629,root_increment,1,-1,-1,10629,50.9497
4338,932,root_increment,1,-1,-1,932,50.9474
4339,3278,root_increment,1,-1,-1,3278,50.9336
4340,10626,root_increment,1,-1,-1,10626,50.931
4341,8082,root_increment,1,-1,-1,8082,50.9302
4342,289,root_increment,1,-1,-1,289,50.9285
4343,15570,root_increment,1,-1,-1,15570,50.9253
4344,15521,root_increment,1,-1,-1,15521,50.9189
4345,9454,root_increment,1,-1,-1,9454,50.9163
4346,2568,root_increment,1,-1,-1,2568,50.9125
4347,1069,root_increment,1,-1,-1,1069,50.9119
4348,9740,root_increment,1,-1,-1,9740,50.9095
4349,7210,root_increment,1,-1,-1,7210,50.9077
4350,2072,root_increment,1,-1,-1,2072,50.9055
4351,10237,root_increment,1,-1,-1,10237,50.9037
4352,7862,root_increment,1,-1,-1,7862,50.901
4353,1767,root_increment,1,-1,-1,1767,50.9
4354,3569,root_increment,1,-1,-1,3569,50.8964
4355,3315,root_increment,1,-1,-1,3315,50.8841
4356,10294,root_increment,1,-1,-1,10294,50.882
4357,8962,root_increment,1,-1,-1,8962,50.8811
4358,18223,root_increment,1,-1,-1,18223,50.8741
4359,12950,root_increment,1,-1,-1,12950,50.8722
4360,15089,root_increment,1,-1,-1,15089,50.8711
4361,1424,root_increment,1,-1,-1,1424,50.8667
4362,9860,root_increment,1,-1,-1,9860,50.8629
4363,9572,root_increment,1,-1,-1,9572,50.8617
4364,17024,root_increment,1,-1,-1,17024,50.8587
4365,4283,root_increment,1,-1,-1,4283,50.8562
4366,13088,root_increment,1,-1,-1,13088,50.8561
4367,5514,root_increment,1,-1,-1,5514,50.8507
4368,10562,root_increment,1,-1,-1,10562,50.8502
4369,11948,root_increment,1,-1,-1,11948,50.8453
4370,17852,root_increment,1,-1,-1,17852,50.842
4371,5982,root_increment,1,-1,-1,5982,50.84
4372,682,root_increment,1,-1,-1,682,50.8394
4373,9266,root_increment,1,-1,-1,9266,50.837
4374,3472,root_increment,1,-1,-1,3472,50.8329
4375,4615,root_increment,1,-1,-1,4615,50.8325
4376,6289,root_increment,1,-1,-1,6289,50.8322
4377,1670,root_increment,1,-1,-1,1670,50.829
4378,5484,root_increment,1,-1,-1,5484,50.8269
4379,1247,root_increment,1,-1,-1,1247,50.826
4380,2781,root_increment,1,-1,-1,2781,50.8239
4381,6462,root_increment,1,-1,-1,6462,50.8209
4382,5463,root_increment,1,-1,-1,5463,50.8189
4383,7156,root_increment,1,-1,-1,7156,50.8176
4384,11229,root_increment,1,-1,-1,11229,50.8129
4385,770,root_increment,1,-1,-1,770,50.8107
4386,343,root_increment,1,-1,-1,343,50.8061
4387,6414,root_increment,1,-1,-1,6414,50.8016
4388,10810,root_increment,1,-1,-1,10810,50.8013
4389,1922,root_increment,1,-1,-1,1922,50.7986
4390,1264,root_increment,1,-1,-1,1264,50.7948
4391,1073,root_increment,1,-1,-1,1073,50.7913
4392,1039,root_increment,1,-1,-1,1039,50.7904
4393,11648,root_increment,1,-1,-1,11648,50.7831
4394,4729,root_increment,1,-1,-1,4729,50.7785
4395,254,root_increment,1,-1,-1,254,50.7738
4396,9329,root_increment,1,-1,-1,9329,50.7721
4397,5457,root_increment,1,-1,-1,5457,50.7666
4398,3311,root_increment,1,-1,-1,3311,50.7635
4399,1593,root_increment,1,-1,-1,1593,50.7579
4400,3994,root_increment,1,-1,-1,3994,50.7561
4401,18727,root_increment,1,-1,-1,18727,50.7497
4402,7496,root_increment,1,-1,-1,7496,50.7497
4403,10556,root_increment,1,-1,-1,10556,50.7449
4404,9556,root_increment,1,-1,-1,9556,50.7437
4405,9569,root_increment,1,-1,-1,9569,50.7437
4406,8648,root_increment,1,-1,-1,8648,50.7435
4407,9352,root_increment,1,-1,-1,9352,50.743
4408,7621,root_increment,1,-1,-1,7621,50.7358
4409,11402,root_increment,1,-1,-1,11402,50.7351
4410,10726,root_increment,1,-1,-1,10726,50.7321
4411,7782,root_increment,1,-1,-1,7782,50.7114
4412,7904,root_increment,1,-1,-1,7904,50.7096
4413,3926,root_increment,1,-1,-1,3926,50.7095
4414,10694,root_increment,1,-1,-1,10694,50.7062
4415,8931,root_increment,1,-1,-1,8931,50.7036
4416,4394,root_increment,1,-1,-1,4394,50.6996
4417,10405,root_increment,1,-1,-1,10405,50.6987
4418,10763,root_increment,1,-1,-1,10763,50.6954
4419,4531,root_increment,1,-1,-1,4531,50.6924
4420,13541,root_increment,1,-1,-1,13541,50.6923
4421,12766,root_increment,1,-1,-1,12766,50.6894
4422,8849,root_increment,1,-1,-1,8849,50.6892
4423,11326,root_increment,1,-1,-1,11326,50.6889
4424,11407,root_increment,1,-1,-1,11407,50.6876
4425,11337,root_increment,1,-1,-1,11337,50.6872
4426,7885,root_increment,1,-1,-1,7885,50.6861
4427,1713,root_increment,1,-1,-1,1713,50.6822
4428,10470,root_increment,1,-1,-1,10470,50.6816
4429,10659,root_increment,1,-1,-1,10659,50.6783
4430,1061,root_increment,1,-1,-1,1061,50.6767
4431,58,root_increment,1,-1,-1,58,50.6764
4432,7109,root_increment,1,-1,-1,7109,50.6728
4433,10845,root_increment,1,-1,-1,10845,50.6694
4434,11579,root_increment,1,-1,-1,11579,50.6693
4435,8988,root_increment,1,-1,-1,8988,50.6599
4436,7407,root_increment,1,-1,-1,7407,50.6598
4437,6305,root_increment,1,-1,-1,6305,50.6593
4438,16468,root_increment,1,-1,-1,16468,50.6575
4439,162,root_increment,1,-1,-1,162,50.6503
4440,5901,root_increment,1,-1,-1,5901,50.647
4441,8046,root_increment,1,-1,-1,8046,50.6448
4442,3178,root_increment,1,-1,-1,3178,50.6411
4443,1052,root_increment,1,-1,-1,1052,50.638
4444,16302,root_increment,1,-1,-1,16302,50.6361
4445,10959,root_increment,1,-1,-1,10959,50.6351
4446,4939,root_increment,1,-1,-1,4939,50.6345
4447,3480,root_increment,1,-1,-1,3480,50.634
4448,7726,root_increment,1,-1,-1,7726,50.6326
4449,8298,root_increment,1,-1,-1,8298,50.6314
4450,14466,root_increment,1,-1,-1,14466,50.6297
4451,4977,root_increment,1,-1,-1,4977,50.6268
4452,1726,root_increment,1,-1,-1,1726,50.6266
4453,8246,root_increment,1,-1,-1,8246,50.6264
4454,9519,root_increment,1,-1,-1,9519,50.6236
4455,9702,root_increment,1,-1,-1,9702,50.6234
4456,19840,root_increment,1,-1,-1,19840,50.6226
4457,12653,root_increment,1,-1,-1,12653,50.6137
4458,6912,root_increment,1,-1,-1,6912,50.6071
4459,1163,root_increment,1,-1,-1,1163,50.6027
4460,7399,root_increment,1,-1,-1,7399,50.5979
4461,11391,root_increment,1,-1,-1,11391,50.5978
4462,1065,root_increment,1,-1,-1,1065,50.5976
4463,4664,root_increment,1,-1,-1,4664,50.5975
4464,11425,root_increment,1,-1,-1,11425,50.5913
4465,8621,root_increment,1,-1,-1,8621,50.589
4466,2612,root_increment,1,-1,-1,2612,50.5839
4467,5784,root_increment,1,-1,-1,5784,50.582
4468,4077,root_increment,1,-1,-1,4077,50.5806
4469,9265,root_increment,1,-1,-1,9265,50.5793
4470,1309,root_increment,1,-1,-1,1309,50.5745
4471,14397,root_increment,1,-1,-1,14397,50.572
4472,620,root_increment,1,-1,-1,620,50.5697
4473,3399,root_increment,1,-1,-1,3399,50.5637
4474,10236,root_increment,1,-1,-1,10236,50.5518
4475,14057,root_increment,1,-1,-1,14057,50.5518
4476,1682,root_increment,1,-1,-1,1682,50.5487
4477,1351,root_increment,1,-1,-1,1351,50.5342
4478,11038,root_increment,1,-1,-1,11038,50.5339
4479,4867,root_increment,1,-1,-1,4867,50.5319
4480,10248,root_increment,1,-1,-1,10248,50.5263
4481,3129,root_increment,1,-1,-1,3129,50.5229
4482,6378,root_increment,1,-1,-1,6378,50.5228
4483,2895,root_increment,1,-1,-1,2895,50.5197
4484,3511,root_increment,1,-1,-1,3511,50.5188
4485,3514,root_increment,1,-1,-1,3514,50.5188
4486,3519,root_increment,1,-1,-1,3519,50.5188
4487,3524,root_increment,1,-1,-1,3524,50.5188
4488,3527,root_increment,1,-1,-1,3527,50.5188
4489,3532,root_increment,1,-1,-1,3532,50.5188
4490,3540,root_increment,1,-1,-1,3540,50.5188
4491,3545,root_increment,1,-1,-1,3545,50.5188
4492,3548,root_increment,1,-1,-1,3548,50.5188
4493,3553,root_increment,1,-1,-1,3553,50.5188
4494,449,root_increment,1,-1,-1,449,50.5184
4495,508,root_increment,1,-1,-1,508,50.5098
4496,17810,root_increment,1,-1,-1,17810,50.5096
4497,10324,root_increment,1,-1,-1,10324,50.5076
4498,1733,root_increment,1,-1,-1,1733,50.5068
4499,15046,root_increment,1,-1,-1,15046,50.505
4500,17029,root_increment,1,-1,-1,17029,50.5029
4501,11701,root_increment,1,-1,-1,11701,50.5011
4502,2200,root_increment,1,-1,-1,2200,50.4966
4503,18132,root_increment,1,-1,-1,18132,50.4955
4504,16381,root_increment,1,-1,-1,16381,50.4955
4505,919,root_increment,1,-1,-1,919,50.4905
4506,14765,root_increment,1,-1,-1,14765,50.4834
4507,1068,root_increment,1,-1,-1,1068,50.4797
4508,10676,root_increment,1,-1,-1,10676,50.4772
4509,15470,root_increment,1,-1,-1,15470,50.4741
4510,8443,root_increment,1,-1,-1,8443,50.4689
4511,12051,root_increment,1,-1,-1,12051,50.4623
4512,14068,root_increment,1,-1,-1,14068,50.4611
4513,15117,root_increment,1,-1,-1,15117,50.4531
4514,8792,root_increment,1,-1,-1,8792,50.4497
4515,1078,root_increment,1,-1,-1,1078,50.4456
4516,10884,root_increment,1,-1,-1,10884,50.4447
4517,1385,root_increment,1,-1,-1,1385,50.4414
4518,18230,root_increment,1,-1,-1,18230,50.4397
4519,8926,root_increment,1,-1,-1,8926,50.4392
4520,7008,root_increment,1,-1,-1,7008,50.436
4521,15346,root_increment,1,-1,-1,15346,50.427
4522,3691,root_increment,1,-1,-1,3691,50.4259
4523,17720,root_increment,1,-1,-1,17720,50.4258
4524,11231,root_increment,1,-1,-1,11231,50.4226
4525,1759,root_increment,1,-1,-1,1759,50.419
4526,15101,root_increment,1,-1,-1,15101,50.4162
4527,7267,root_increment,1,-1,-1,7267,50.4096
4528,10863,root_increment,1,-1,-1,10863,50.4067
4529,5041,root_increment,1,-1,-1,5041,50.4063
4530,17844,root_increment,1,-1,-1,17844,50.4041
4531,7559,root_increment,1,-1,-1,7559,50.3958
4532,11035,root_increment,1,-1,-1,11035,50.3925
4533,14392,root_increment,1,-1,-1,14392,50.3916
4534,11698,root_increment,1,-1,-1,11698,50.3849
4535,15741,root_increment,1,-1,-1,15741,50.3849
4536,1403,root_increment,1,-1,-1,1403,50.3801
4537,15869,root_increment,1,-1,-1,15869,50.379
4538,14395,root_increment,1,-1,-1,14395,50.3782
4539,5246,root_increment,1,-1,-1,5246,50.3729
4540,8841,root_increment,1,-1,-1,8841,50.3712
4541,3831,root_increment,1,-1,-1,3831,50.3583
4542,2069,root_increment,1,-1,-1,2069,50.3581
4543,17878,root_increment,1,-1,-1,17878,50.3432
4544,2582,root_increment,1,-1,-1,2582,50.3401
4545,10239,root_increment,1,-1,-1,10239,50.3389
4546,864,root_increment,1,-1,-1,864,50.338
4547,4647,root_increment,1,-1,-1,4647,50.3358
4548,13753,root_increment,1,-1,-1,13753,50.3341
4549,17560,root_increment,1,-1,-1,17560,50.3333
4550,428,root_increment,1,-1,-1,428,50.3229
4551,6876,root_increment,1,-1,-1,6876,50.3181
4552,8219,root_increment,1,-1,-1,8219,50.3179
4553,4901,root_increment,1,-1,-1,4901,50.3176
4554,6849,root_increment,1,-1,-1,6849,50.3164
4555,12700,root_increment,1,-1,-1,12700,50.3144
4556,15462,root_increment,1,-1,-1,15462,50.3124
4557,6406,root_increment,1,-1,-1,6406,50.3013
4558,14672,root_increment,1,-1,-1,14672,50.3006
4559,4552,root_increment,1,-1,-1,4552,50.2964
4560,16111,root_increment,1,-1,-1,16111,50.2958
4561,8637,root_increment,1,-1,-1,8637,50.2954
4562,15268,root_increment,1,-1,-1,15268,50.2924
4563,4119,root_increment,1,-1,-1,4119,50.2906
4564,16098,root_increment,1,-1,-1,16098,50.2895
4565,16138,root_increment,1,-1,-1,16138,50.2891
4566,2676,root_increment,1,-1,-1,2676,50.2831
4567,1048,root_increment,1,-1,-1,1048,50.2809
4568,7176,root_increment,1,-1,-1,7176,50.2801
4569,19196,root_increment,1,-1,-1,19196,50.2795
4570,7771,root_increment,1,-1,-1,7771,50.2743
4571,7773,root_increment,1,-1,-1,7773,50.2743
4572,7776,root_increment,1,-1,-1,7776,50.2743
4573,7781,root_increment,1,-1,-1,7781,50.2743
4574,7784,root_increment,1,-1,-1,7784,50.2743
4575,6608,root_increment,1,-1,-1,6608,50.2712
4576,14449,root_increment,1,-1,-1,14449,50.2695
4577,12899,root_increment,1,-1,-1,12899,50.2672
4578,11967,root_increment,1,-1,-1,11967,50.2656
4579,8939,root_increment,1,-1,-1,8939,50.2568
4580,12648,root_increment,1,-1,-1,12648,50.2557
4581,3676,root_increment,1,-1,-1,3676,50.2492
4582,15641,root_increment,1,-1,-1,15641,50.2489
4583,5637,root_increment,1,-1,-1,5637,50.2487
4584,1059,root_increment,1,-1,-1,1059,50.2393
4585,10103,root_increment,1,-1,-1,10103,50.2351
4586,1704,root_increment,1,-1,-1,1704,50.2346
4587,1076,root_increment,1,-1,-1,1076,50.2319
4588,11962,root_increment,1,-1,-1,11962,50.2308
4589,10352,root_increment,1,-1,-1,10352,50.2285
4590,8934,root_increment,1,-1,-1,8934,50.2223
4591,7514,root_increment,1,-1,-1,7514,50.2194
4592,3493,root_increment,1,-1,-1,3493,50.2188
4593,18866,root_increment,1,-1,-1,18866,50.2178
4594,11354,root_increment,1,-1,-1,11354,50.2178
4595,1057,root_increment,1,-1,-1,1057,50.214
4596,13698,root_increment,1,-1,-1,13698,50.2102
4597,5709,root_increment,1,-1,-1,5709,50.2081
4598,5896,root_increment,1,-1,-1,5896,50.2071
4599,3560,root_increment,1,-1,-1,3560,50.2064
4600,7245,root_increment,1,-1,-1,7245,50.2062
4601,12671,root_increment,1,-1,-1,12671,50.2034
4602,11033,root_increment,1,-1,-1,11033,50.1942
4603,10778,root_increment,1,-1,-1,10778,50.1882
4604,15047,root_increment,1,-1,-1,15047,50.1845
4605,15823,root_increment,1,-1,-1,15823,50.1806
4606,12912,root_increment,1,-1,-1,12912,50.1769
4607,9368,root_increment,1,-1,-1,9368,50.1713
4608,8629,root_increment,1,-1,-1,8629,50.1706
4609,7849,root_increment,1,-1,-1,7849,50.1649
4610,1523,root_increment,1,-1,-1,1523,50.1591
4611,2412,root_increment,1,-1,-1,2412,50.1514
4612,967,root_increment,1,-1,-1,967,50.1497
4613,6765,root_increment,1,-1,-1,6765,50.1429
4614,1817,root_increment,1,-1,-1,1817,50.1417
4615,15760,root_increment,1,-1,-1,15760,50.1409
4616,6349,root_increment,1,-1,-1,6349,50.1408
4617,728,root_increment,1,-1,-1,728,50.1404
4618,14874,root_increment,1,-1,-1,14874,50.1362
4619,15296,root_increment,1,-1,-1,15296,50.1308
4620,10036,root_increment,1,-1,-1,10036,50.1207
4621,14799,root_increment,1,-1,-1,14799,50.1179
4622,1747,root_increment,1,-1,-1,1747,50.1171
4623,6173,root_increment,1,-1,-1,6173,50.1162
4624,100,root_increment,1,-1,-1,100,50.1155
4625,10012,root_increment,1,-1,-1,10012,50.1144
4626,627,root_increment,1,-1,-1,627,50.1111
4627,17827,root_increment,1,-1,-1,17827,50.1021
4628,7231,root_increment,1,-1,-1,7231,50.1018
4629,2632,root_increment,1,-1,-1,2632,50.0986
4630,1809,root_increment,1,-1,-1,1809,50.0975
4631,6069,root_increment,1,-1,-1,6069,50.0868
4632,18591,root_increment,1,-1,-1,18591,50.0851
4633,7689,root_increment,1,-1,-1,7689,50.0822
4634,5669,root_increment,1,-1,-1,5669,50.08
4635,9078,root_increment,1,-1,-1,9078,50.0772
4636,6512,root_increment,1,-1,-1,6512,50.0743
4637,1002,root_increment,1,-1,-1,1002,50.0731
4638,2653,root_increment,1,-1,-1,2653,50.0709
4639,10148,root_increment,1,-1,-1,10148,50.0657
4640,6129,root_increment,1,-1,-1,6129,50.0548
4641,6142,root_increment,1,-1,-1,6142,50.0548
4642,5166,root_increment,1,-1,-1,5166,50.0501
4643,15882,root_increment,1,-1,-1,15882,50.0468
4644,16399,root_increment,1,-1,-1,16399,50.0464
4645,1226,root_increment,1,-1,-1,1226,50.0455
4646,7221,root_increment,1,-1,-1,7221,50.0415
4647,10085,root_increment,1,-1,-1,10085,50.0411
4648,1055,root_increment,1,-1,-1,1055,50.0405
4649,17628,root_increment,1,-1,-1,17628,50.0386
4650,5597,root_increment,1,-1,-1,5597,50.0371
4651,4280,root_increment,1,-1,-1,4280,50.036
4652,17991,root_increment,1,-1,-1,17991,50.0357
4653,9564,root_increment,1,-1,-1,9564,50.0353
4654,889,root_increment,1,-1,-1,889,50.035
4655,15185,root_increment,1,-1,-1,15185,50.0268
4656,7457,root_increment,1,-1,-1,7457,50.0255
4657,6467,root_increment,1,-1,-1,6467,50.0241
4658,17,root_increment,1,-1,-1,17,50.0229
4659,5648,root_increment,1,-1,-1,5648,50.0227
4660,3412,root_increment,1,-1,-1,3412,50.022
4661,6283,root_increment,1,-1,-1,6283,50.0203
4662,6419,root_increment,1,-1,-1,6419,50.0143
4663,4334,root_increment,1,-1,-1,4334,50.0117
4664,8448,root_increment,1,-1,-1,8448,50.0099
4665,12331,root_increment,1,-1,-1,12331,50.0071
4666,12227,root_increment,1,-1,-1,12227,49.998
4667,3099,root_increment,1,-1,-1,3099,49.9959
4668,8558,root_increment,1,-1,-1,8558,49.9921
4669,1285,root_increment,1,-1,-1,1285,49.9782
4670,5224,root_increment,1,-1,-1,5224,49.9782
4671,8587,root_increment,1,-1,-1,8587,49.9775
4672,16818,root_increment,1,-1,-1,16818,49.9769
4673,15850,root_increment,1,-1,-1,15850,49.9732
4674,16255,root_increment,1,-1,-1,16255,49.9712
4675,7554,root_increment,1,-1,-1,7554,49.97
4676,16725,root_increment,1,-1,-1,16725,49.9678
4677,4095,root_increment,1,-1,-1,4095,49.9671
4678,9532,root_increment,1,-1,-1,9532,49.9669
4679,4202,root_increment,1,-1,-1,4202,49.9662
4680,2176,root_increment,1,-1,-1,2176,49.9628
4681,11494,root_increment,1,-1,-1,11494,49.9627
4682,17103,root_increment,1,-1,-1,17103,49.9605
4683,10637,root_increment,1,-1,-1,10637,49.954
4684,1389,root_increment,1,-1,-1,1389,49.953
4685,13302,root_increment,1,-1,-1,13302,49.9447
4686,16440,root_increment,1,-1,-1,16440,49.935
4687,7550,root_increment,1,-1,-1,7550,49.935
4688,5534,root_increment,1,-1,-1,5534,49.9307
4689,17618,root_increment,1,-1,-1,17618,49.93
4690,958,root_increment,1,-1,-1,958,49.9274
4691,976,root_increment,1,-1,-1,976,49.9205
4692,4942,root_increment,1,-1,-1,4942,49.9193
4693,1060,root_increment,1,-1,-1,1060,49.918
4694,4779,root_increment,1,-1,-1,4779,49.903
4695,7902,root_increment,1,-1,-1,7902,49.9009
4696,17275,root_increment,1,-1,-1,17275,49.9008
4697,1780,root_increment,1,-1,-1,1780,49.8999
4698,1908,root_increment,1,-1,-1,1908,49.8915
4699,12491,root_increment,1,-1,-1,12491,49.8717
4700,7253,root_increment,1,-1,-1,7253,49.8647
4701,17840,root_increment,1,-1,-1,17840,49.8626
4702,4024,root_increment,1,-1,-1,4024,49.8598
4703,7830,root_increment,1,-1,-1,7830,49.8586
4704,15141,root_increment,1,-1,-1,15141,49.8569
4705,6938,root_increment,1,-1,-1,6938,49.8518
4706,12833,root_increment,1,-1,-1,12833,49.8509
4707,19022,root_increment,1,-1,-1,19022,49.8488
4708,11553,root_increment,1,-1,-1,11553,49.8479
4709,4692,root_increment,1,-1,-1,4692,49.8409
4710,18592,root_increment,1,-1,-1,18592,49.8362
4711,6435,root_increment,1,-1,-1,6435,49.8299
4712,2619,root_increment,1,-1,-1,2619,49.8219
4713,1279,root_increment,1,-1,-1,1279,49.8164
4714,6315,root_increment,1,-1,-1,6315,49.8156
4715,9685,root_increment,1,-1,-1,9685,49.8114
4716,6365,root_increment,1,-1,-1,6365,49.8039
4717,2150,root_increment,1,-1,-1,2150,49.8006
4718,13408,root_increment,1,-1,-1,13408,49.8001
4719,19358,root_increment,1,-1,-1,19358,49.7992
4720,2603,root_increment,1,-1,-1,2603,49.7974
4721,933,root_increment,1,-1,-1,933,49.7969
4722,15804,root_increment,1,-1,-1,15804,49.7943
4723,18279,root_increment,1,-1,-1,18279,49.7876
4724,10553,root_increment,1,-1,-1,10553,49.7863
4725,6896,root_increment,1,-1,-1,6896,49.7801
4726,6077,root_increment,1,-1,-1,6077,49.7779
4727,5568,root_increment,1,-1,-1,5568,49.7772
4728,15472,root_increment,1,-1,-1,15472,49.776
4729,2785,root_increment,1,-1,-1,2785,49.7746
4730,9891,root_increment,1,-1,-1,9891,49.7714
4731,3793,root_increment,1,-1,-1,3793,49.7666
4732,1047,root_increment,1,-1,-1,1047,49.766
4733,445,root_increment,1,-1,-1,445,49.7657
4734,18926,root_increment,1,-1,-1,18926,49.7624
4735,18109,root_increment,1,-1,-1,18109,49.7535
4736,6610,root_increment,1,-1,-1,6610,49.7517
4737,5909,root_increment,1,-1,-1,5909,49.7516
4738,10742,root_increment,1,-1,-1,10742,49.7406
4739,13413,root_increment,1,-1,-1,13413,49.7375
4740,9349,root_increment,1,-1,-1,9349,49.737
4741,3867,root_increment,1,-1,-1,3867,49.7276
4742,183,root_increment,1,-1,-1,183,49.7272
4743,2801,root_increment,1,-1,-1,2801,49.7227
4744,8846,root_increment,1,-1,-1,8846,49.7201
4745,18121,root_increment,1,-1,-1,18121,49.7176
4746,9153,root_increment,1,-1,-1,9153,49.7154
4747,12603,root_increment,1,-1,-1,12603,49.715
4748,7385,root_increment,1,-1,-1,7385,49.7118
4749,9599,root_increment,1,-1,-1,9599,49.6984
4750,7472,root_increment,1,-1,-1,7472,49.6936
4751,226,root_increment,1,-1,-1,226,49.691
4752,7522,root_increment,1,-1,-1,7522,49.6881
4753,3489,root_increment,1,-1,-1,3489,49.677
4754,11036,root_increment,1,-1,-1,11036,49.6767
4755,1615,root_increment,1,-1,-1,1615,49.6692
4756,946,root_increment,1,-1,-1,946,49.6689
4757,11012,root_increment,1,-1,-1,11012,49.6659
4758,5481,root_increment,1,-1,-1,5481,49.6658
4759,5776,root_increment,1,-1,-1,5776,49.6601
4760,9745,root_increment,1,-1,-1,9745,49.6594
4761,8490,root_increment,1,-1,-1,8490,49.6525
4762,8493,root_increment,1,-1,-1,8493,49.6525
4763,8498,root_increment,1,-1,-1,8498,49.6525
4764,8501,root_increment,1,-1,-1,8501,49.6525
4765,1699,root_increment,1,-1,-1,1699,49.6468
4766,1901,root_increment,1,-1,-1,1901,49.6468
4767,14094,root_increment,1,-1,-1,14094,49.6385
4768,18432,root_increment,1,-1,-1,18432,49.6345
4769,13972,root_increment,1,-1,-1,13972,49.6324
4770,13277,root_increment,1,-1,-1,13277,49.6291
4771,3921,root_increment,1,-1,-1,3921,49.6225
4772,12261,root_increment,1,-1,-1,12261,49.6221
4773,1581,root_increment,1,-1,-1,1581,49.6197
4774,11654,root_increment,1,-1,-1,11654,49.6187
4775,14342,root_increment,1,-1,-1,14342,49.6172
4776,17055,root_increment,1,-1,-1,17055,49.6135
4777,17522,root_increment,1,-1,-1,17522,49.61
4778,9894,root_increment,1,-1,-1,9894,49.6088
4779,10711,root_increment,1,-1,-1,10711,49.6046
4780,9083,root_increment,1,-1,-1,9083,49.6044
4781,7081,root_increment,1,-1,-1,7081,49.6036
4782,15251,root_increment,1,-1,-1,15251,49.6021
4783,11795,root_increment,1,-1,-1,11795,49.6011
4784,15242,root_increment,1,-1,-1,15242,49.5954
4785,6328,root_increment,1,-1,-1,6328,49.5906
4786,3078,root_increment,1,-1,-1,3078,49.5877
4787,3965,root_increment,1,-1,-1,3965,49.5844
4788,6339,root_increment,1,-1,-1,6339,49.571
4789,1129,root_increment,1,-1,-1,1129,49.57
4790,599,root_increment,1,-1,-1,599,49.5676
4791,691,root_increment,1,-1,-1,691,49.5665
4792,6411,root_increment,1,-1,-1,6411,49.5661
4793,2267,root_increment,1,-1,-1,2267,49.5646
4794,16461,root_increment,1,-1,-1,16461,49.5525
4795,11556,root_increment,1,-1,-1,11556,49.5514
4796,7867,root_increment,1,-1,-1,7867,49.5474
4797,19845,root_increment,1,-1,-1,19845,49.5464
4798,4488,root_increment,1,-1,-1,4488,49.5457
4799,1738,root_increment,1,-1,-1,1738,49.5421
4800,12223,root_increment,1,-1,-1,12223,49.5421
4801,10737,root_increment,1,-1,-1,10737,49.542
4802,10766,root_increment,1,-1,-1,10766,49.5415
4803,15963,root_increment,1,-1,-1,15963,49.5379
4804,3410,root_increment,1,-1,-1,3410,49.5373
4805,1450,root_increment,1,-1,-1,1450,49.5369
4806,3764,root_increment,1,-1,-1,3764,49.5332
4807,8598,root_increment,1,-1,-1,8598,49.5328
4808,9086,root_increment,1,-1,-1,9086,49.5315
4809,7205,root_increment,1,-1,-1,7205,49.5279
4810,1712,root_increment,1,-1,-1,1712,49.5257
4811,7843,root_increment,1,-1,-1,7843,49.5177
4812,14281,root_increment,1,-1,-1,14281,49.5171
4813,940,root_increment,1,-1,-1,940,49.5168
4814,4082,root_increment,1,-1,-1,4082,49.5145
4815,1074,root_increment,1,-1,-1,1074,49.5121
4816,16212,root_increment,1,-1,-1,16212,49.5056
4817,17452,root_increment,1,-1,-1,17452,49.5022
4818,3900,root_increment,1,-1,-1,3900,49.5021
4819,15874,root_increment,1,-1,-1,15874,49.5005
4820,15588,root_increment,1,-1,-1,15588,49.497
4821,963,root_increment,1,-1,-1,963,49.4904
4822,1298,root_increment,1,-1,-1,1298,49.4864
4823,6472,root_increment,1,-1,-1,6472,49.4839
4824,1636,root_increment,1,-1,-1,1636,49.4827
4825,11560,root_increment,1,-1,-1,11560,49.471
4826,9605,root_increment,1,-1,-1,9605,49.4707
4827,11591,root_increment,1,-1,-1,11591,49.465
4828,8771,root_increment,1,-1,-1,8771,49.4645
4829,17008,root_increment,1,-1,-1,17008,49.4588
4830,12747,root_increment,1,-1,-1,12747,49.4586
4831,3059,root_increment,1,-1,-1,3059,49.4534
4832,1224,root_increment,1,-1,-1,1224,49.4529
4833,3222,root_increment,1,-1,-1,3222,49.4504
4834,4108,root_increment,1,-1,-1,4108,49.4483
4835,6773,root_increment,1,-1,-1,6773,49.4445
4836,4351,root_increment,1,-1,-1,4351,49.443
4837,17045,root_increment,1,-1,-1,17045,49.4424
4838,18856,root_increment,1,-1,-1,18856,49.4415
4839,2789,root_increment,1,-1,-1,2789,49.4388
4840,983,root_increment,1,-1,-1,983,49.4386
4841,10988,root_increment,1,-1,-1,10988,49.4379
4842,1245,root_increment,1,-1,-1,1245,49.4352
4843,15239,root_increment,1,-1,-1,15239,49.4348
4844,1860,root_increment,1,-1,-1,1860,49.4316
4845,7889,root_increment,1,-1,-1,7889,49.4275
4846,3854,root_increment,1,-1,-1,3854,49.416
4847,2238,root_increment,1,-1,-1,2238,49.4123
4848,8064,root_increment,1,-1,-1,8064,49.4119
4849,3888,root_increment,1,-1,-1,3888,49.4087
4850,9139,root_increment,1,-1,-1,9139,49.4055
4851,9410,root_increment,1,-1,-1,9410,49.405
4852,6375,root_increment,1,-1,-1,6375,49.4032
4853,217,root_increment,1,-1,-1,217,49.3997
4854,7999,root_increment,1,-1,-1,7999,49.3945
4855,8929,root_increment,1,-1,-1,8929,49.3942
4856,9495,root_increment,1,-1,-1,9495,49.3875
4857,3611,root_increment,1,-1,-1,3611,49.3872
4858,6082,root_increment,1,-1,-1,6082,49.3844
4859,5959,root_increment,1,-1,-1,5959,49.3718
4860,898,root_increment,1,-1,-1,898,49.3714
4861,19167,root_increment,1,-1,-1,19167,49.3714
4862,16470,root_increment,1,-1,-1,16470,49.3657
4863,9428,root_increment,1,-1,-1,9428,49.3652
4864,15780,root_increment,1,-1,-1,15780,49.3617
4865,10787,root_increment,1,-1,-1,10787,49.3586
4866,9930,root_increment,1,-1,-1,9930,49.3499
4867,8108,root_increment,1,-1,-1,8108,49.349
4868,830,root_increment,1,-1,-1,830,49.3478
4869,13663,root_increment,1,-1,-1,13663,49.3463
4870,2278,root_increment,1,-1,-1,2278,49.344
4871,15411,root_increment,1,-1,-1,15411,49.3433
4872,8597,root_increment,1,-1,-1,8597,49.3379
4873,6875,root_increment,1,-1,-1,6875,49.3367
4874,7161,root_increment,1,-1,-1,7161,49.3342
4875,9612,root_increment,1,-1,-1,9612,49.33
4876,6469,root_increment,1,-1,-1,6469,49.3276
4877,11372,root_increment,1,-1,-1,11372,49.3258
4878,13106,root_increment,1,-1,-1,13106,49.3229
4879,9893,root_increment,1,-1,-1,9893,49.3153
4880,13985,root_increment,1,-1,-1,13985,49.3147
4881,5506,root_increment,1,-1,-1,5506,49.3139
4882,6448,root_increment,1,-1,-1,6448,49.3133
4883,5838,root_increment,1,-1,-1,5838,49.3119
4884,2723,root_increment,1,-1,-1,2723,49.3065
4885,13346,root_increment,1,-1,-1,13346,49.3051
4886,5888,root_increment,1,-1,-1,5888,49.3049
4887,14044,root_increment,1,-1,-1,14044,49.3039
4888,2887,root_increment,1,-1,-1,2887,49.2936
4889,7865,root_increment,1,-1,-1,7865,49.2921
4890,3467,root_increment,1,-1,-1,3467,49.2846
4891,18769,root_increment,1,-1,-1,18769,49.2833
4892,225,root_increment,1,-1,-1,225,49.2822
4893,2921,root_increment,1,-1,-1,2921,49.2806
4894,8687,root_increment,1,-1,-1,8687,49.2778
4895,7659,root_increment,1,-1,-1,7659,49.2776
4896,5188,root_increment,1,-1,-1,5188,49.2746
4897,9889,root_increment,1,-1,-1,9889,49.2724
4898,851,root_increment,1,-1,-1,851,49.2696
4899,1874,root_increment,1,-1,-1,1874,49.2693
4900,2820,root_increment,1,-1,-1,2820,49.2681
4901,7880,root_increment,1,-1,-1,7880,49.2659
4902,11227,root_increment,1,-1,-1,11227,49.2618
4903,2744,root_increment,1,-1,-1,2744,49.2589
4904,1777,root_increment,1,-1,-1,1777,49.2389
4905,415,root_increment,1,-1,-1,415,49.238
4906,11295,root_increment,1,-1,-1,11295,49.2309
4907,11176,root_increment,1,-1,-1,11176,49.23
4908,13535,root_increment,1,-1,-1,13535,49.2294
4909,4388,root_increment,1,-1,-1,4388,49.2292
4910,6457,root_increment,1,-1,-1,6457,49.2281
4911,15204,root_increment,1,-1,-1,15204,49.2221
4912,14348,root_increment,1,-1,-1,14348,49.2202
4913,12999,root_increment,1,-1,-1,12999,49.214
4914,7157,root_increment,1,-1,-1,7157,49.2118
4915,7414,root_increment,1,-1,-1,7414,49.2109
4916,8703,root_increment,1,-1,-1,8703,49.2078
4917,3908,root_increment,1,-1,-1,3908,49.2078
4918,10197,root_increment,1,-1,-1,10197,49.207
4919,3142,root_increment,1,-1,-1,3142,49.2025
4920,14649,root_increment,1,-1,-1,14649,49.2017
4921,14595,root_increment,1,-1,-1,14595,49.201
4922,13410,root_increment,1,-1,-1,13410,49.2009
4923,1806,root_increment,1,-1,-1,1806,49.1962
4924,1665,root_increment,1,-1,-1,1665,49.1943
4925,1364,root_increment,1,-1,-1,1364,49.1941
4926,7096,root_increment,1,-1,-1,7096,49.1909
4927,2543,root_increment,1,-1,-1,2543,49.1876
4928,4074,root_increment,1,-1,-1,4074,49.1863
4929,11032,root_increment,1,-1,-1,11032,49.1858
4930,6433,root_increment,1,-1,-1,6433,49.1856
4931,19170,root_increment,1,-1,-1,19170,49.1833
4932,373,root_increment,1,-1,-1,373,49.1824
4933,5810,root_increment,1,-1,-1,5810,49.1783
4934,10227,root_increment,1,-1,-1,10227,49.1775
4935,1180,root_increment,1,-1,-1,1180,49.1765
4936,2322,root_increment,1,-1,-1,2322,49.1705
4937,6668,root_increment,1,-1,-1,6668,49.1668
4938,15994,root_increment,1,-1,-1,15994,49.1543
4939,9287,root_increment,1,-1,-1,9287,49.1509
4940,15145,root_increment,1,-1,-1,15145,49.1508
4941,1182,root_increment,1,-1,-1,1182,49.1445
4942,7244,root_increment,1,-1,-1,7244,49.1435
4943,736,root_increment,1,-1,-1,736,49.1435
4944,1635,root_increment,1,-1,-1,1635,49.1431
4945,12201,root_increment,1,-1,-1,12201,49.1376
4946,4087,root_increment,1,-1,-1,4087,49.1366
4947,6071,root_increment,1,-1,-1,6071,49.1253
4948,8572,root_increment,1,-1,-1,8572,49.1251
4949,4626,root_increment,1,-1,-1,4626,49.1228
4950,3108,root_increment,1,-1,-1,3108,49.104
4951,15375,root_increment,1,-1,-1,15375,49.1037
4952,14976,root_increment,1,-1,-1,14976,49.1032
4953,14680,root_increment,1,-1,-1,14680,49.1008
4954,15062,root_increment,1,-1,-1,15062,49.099
4955,7169,root_increment,1,-1,-1,7169,49.0969
4956,13297,root_increment,1,-1,-1,13297,49.094
4957,3815,root_increment,1,-1,-1,3815,49.0914
4958,7640,root_increment,1,-1,-1,7640,49.0851
4959,18830,root_increment,1,-1,-1,18830,49.0754
4960,9804,root_increment,1,-1,-1,9804,49.0737
4961,12344,root_increment,1,-1,-1,12344,49.0684
4962,5174,root_increment,1,-1,-1,5174,49.0649
4963,7922,root_increment,1,-1,-1,7922,49.0648
4964,10813,root_increment,1,-1,-1,10813,49.0602
4965,7164,root_increment,1,-1,-1,7164,49.0598
4966,4037,root_increment,1,-1,-1,4037,49.0577
4967,7891,root_increment,1,-1,-1,7891,49.0534
4968,1213,root_increment,1,-1,-1,1213,49.0534
4969,7098,root_increment,1,-1,-1,7098,49.0517
4970,6857,root_increment,1,-1,-1,6857,49.0496
4971,4573,root_increment,1,-1,-1,4573,49.0464
4972,1042,root_increment,1,-1,-1,1042,49.0417
4973,4566,root_increment,1,-1,-1,4566,49.035
4974,4571,root_increment,1,-1,-1,4571,49.035
4975,4574,root_increment,1,-1,-1,4574,49.035
4976,4579,root_increment,1,-1,-1,4579,49.035
4977,4587,root_increment,1,-1,-1,4587,49.035
4978,9321,root_increment,1,-1,-1,9321,49.0334
4979,5310,root_increment,1,-1,-1,5310,49.0316
4980,670,root_increment,1,-1,-1,670,49.0179
4981,16308,root_increment,1,-1,-1,16308,49.0158
4982,1258,root_increment,1,-1,-1,1258,49.0136
4983,3360,root_increment,1,-1,-1,3360,49.0096
4984,1746,root_increment,1,-1,-1,1746,49.0081
4985,1020,root_increment,1,-1,-1,1020,49.004
4986,1614,root_increment,1,-1,-1,1614,48.9963
4987,4705,root_increment,1,-1,-1,4705,48.9939
4988,4982,root_increment,1,-1,-1,4982,48.99
4989,4414,root_increment,1,-1,-1,4414,48.9753
4990,12413,root_increment,1,-1,-1,12413,48.9648
4991,10886,root_increment,1,-1,-1,10886,48.9614
4992,3446,root_increment,1,-1,-1,3446,48.9587
4993,14059,root_increment,1,-1,-1,14059,48.9508
4994,2280,root_increment,1,-1,-1,2280,48.9449
4995,1657,root_increment,1,-1,-1,1657,48.9404
4996,17992,root_increment,1,-1,-1,17992,48.9393
4997,4992,root_increment,1,-1,-1,4992,48.9358
4998,9892,root_increment,1,-1,-1,9892,48.9329
4999,2232,root_increment,1,-1,-1,2232,48.9312
5000,4629,root_increment,1,-1,-1,4629,48.9258
5001,4642,root_increment,1,-1,-1,4642,48.9258
5002,7179,root_increment,1,-1,-1,7179,48.9243
5003,339,root_increment,1,-1,-1,339,48.924
5004,769,root_increment,1,-1,-1,769,48.9219
5005,1479,root_increment,1,-1,-1,1479,48.9216
5006,3873,root_increment,1,-1,-1,3873,48.9168
5007,1830,root_increment,1,-1,-1,1830,48.9165
5008,8927,root_increment,1,-1,-1,8927,48.9139
5009,16945,root_increment,1,-1,-1,16945,48.9106
5010,2127,root_increment,1,-1,-1,2127,48.9091
5011,4428,root_increment,1,-1,-1,4428,48.9068
5012,5106,root_increment,1,-1,-1,5106,48.9048
5013,3726,root_increment,1,-1,-1,3726,48.8954
5014,9604,root_increment,1,-1,-1,9604,48.8902
5015,13041,root_increment,1,-1,-1,13041,48.8851
5016,5995,root_increment,1,-1,-1,5995,48.8835
5017,18157,root_increment,1,-1,-1,18157,48.8825
5018,16979,root_increment,1,-1,-1,16979,48.8806
5019,3692,root_increment,1,-1,-1,3692,48.8805
5020,7022,root_increment,1,-1,-1,7022,48.877
5021,17241,root_increment,1,-1,-1,17241,48.8762
5022,243,root_increment,1,-1,-1,243,48.8629
5023,10278,root_increment,1,-1,-1,10278,48.8582
5024,2947,root_increment,1,-1,-1,2947,48.8577
5025,4367,root_increment,1,-1,-1,4367,48.8573
5026,17841,root_increment,1,-1,-1,17841,48.857
5027,6826,root_increment,1,-1,-1,6826,48.8529
5028,15315,root_increment,1,-1,-1,15315,48.8426
5029,12449,root_increment,1,-1,-1,12449,48.842
5030,8715,root_increment,1,-1,-1,8715,48.841
5031,18771,root_increment,1,-1,-1,18771,48.8406
5032,2564,root_increment,1,-1,-1,2564,48.8404
5033,3929,root_increment,1,-1,-1,3929,48.836
5034,1623,root_increment,1,-1,-1,1623,48.8317
5035,703,root_increment,1,-1,-1,703,48.8281
5036,6388,root_increment,1,-1,-1,6388,48.824
5037,12190,root_increment,1,-1,-1,12190,48.8195
5038,6592,root_increment,1,-1,-1,6592,48.8151
5039,3787,root_increment,1,-1,-1,3787,48.8125
5040,9825,root_increment,1,-1,-1,9825,48.8117
5041,6653,root_increment,1,-1,-1,6653,48.8112
5042,856,root_increment,1,-1,-1,856,48.8047
5043,2845,root_increment,1,-1,-1,2845,48.8035
5044,2132,root_increment,1,-1,-1,2132,48.8031
5045,6459,root_increment,1,-1,-1,6459,48.8014
5046,7461,root_increment,1,-1,-1,7461,48.8004
5047,3391,root_increment,1,-1,-1,3391,48.7994
5048,980,root_increment,1,-1,-1,980,48.7955
5049,1162,root_increment,1,-1,-1,1162,48.7931
5050,19646,root_increment,1,-1,-1,19646,48.7919
5051,9130,root_increment,1,-1,-1,9130,48.7912
5052,9088,root_increment,1,-1,-1,9088,48.7911
5053,803,root_increment,1,-1,-1,803,48.7897
5054,4215,root_increment,1,-1,-1,4215,48.7888
5055,2940,root_increment,1,-1,-1,2940,48.7871
5056,12613,root_increment,1,-1,-1,12613,48.778
5057,3781,root_increment,1,-1,-1,3781,48.7774
5058,3786,root_increment,1,-1,-1,3786,48.7774
5059,3794,root_increment,1,-1,-1,3794,48.7774
5060,3802,root_increment,1,-1,-1,3802,48.7774
5061,3807,root_increment,1,-1,-1,3807,48.7774
5062,7778,root_increment,1,-1,-1,7778,48.7757
5063,4354,root_increment,1,-1,-1,4354,48.775
5064,2265,root_increment,1,-1,-1,2265,48.7737
5065,1187,root_increment,1,-1,-1,1187,48.7706
5066,3171,root_increment,1,-1,-1,3171,48.7638
5067,14009,root_increment,1,-1,-1,14009,48.7629
5068,2640,root_increment,1,-1,-1,2640,48.7585
5069,5245,root_increment,1,-1,-1,5245,48.7582
5070,1515,root_increment,1,-1,-1,1515,48.758
5071,11565,root_increment,1,-1,-1,11565,48.7482
5072,4820,root_increment,1,-1,-1,4820,48.7442
5073,1412,root_increment,1,-1,-1,1412,48.741
5074,3323,root_increment,1,-1,-1,3323,48.737
5075,16570,root_increment,1,-1,-1,16570,48.734
5076,13532,root_increment,1,-1,-1,13532,48.7317
5077,11426,root_increment,1,-1,-1,11426,48.7281
5078,10918,root_increment,1,-1,-1,10918,48.7279
5079,7804,root_increment,1,-1,-1,7804,48.7243
5080,8100,root_increment,1,-1,-1,8100,48.7241
5081,18472,root_increment,1,-1,-1,18472,48.7192
5082,12085,root_increment,1,-1,-1,12085,48.7155
5083,10608,root_increment,1,-1,-1,10608,48.7145
5084,13067,root_increment,1,-1,-1,13067,48.7126
5085,9714,root_increment,1,-1,-1,9714,48.7126
5086,6517,root_increment,1,-1,-1,6517,48.7038
5087,10069,root_increment,1,-1,-1,10069,48.7036
5088,4682,root_increment,1,-1,-1,4682,48.7029
5089,4969,root_increment,1,-1,-1,4969,48.7017
5090,2702,root_increment,1,-1,-1,2702,48.6989
5091,1683,root_increment,1,-1,-1,1683,48.6974
5092,3725,root_increment,1,-1,-1,3725,48.6964
5093,9075,root_increment,1,-1,-1,9075,48.6944
5094,8723,root_increment,1,-1,-1,8723,48.6835
5095,275,root_increment,1,-1,-1,275,48.6814
5096,2220,root_increment,1,-1,-1,2220,48.677
5097,6983,root_increment,1,-1,-1,6983,48.6732
5098,18779,root_increment,1,-1,-1,18779,48.6725
5099,11721,root_increment,1,-1,-1,11721,48.6681
5100,7336,root_increment,1,-1,-1,7336,48.6618
5101,400,root_increment,1,-1,-1,400,48.6546
5102,8494,root_increment,1,-1,-1,8494,48.6481
5103,8166,root_increment,1,-1,-1,8166,48.6442
5104,6888,root_increment,1,-1,-1,6888,48.6405
5105,8122,root_increment,1,-1,-1,8122,48.6341
5106,4964,root_increment,1,-1,-1,4964,48.6336
5107,2377,root_increment,1,-1,-1,2377,48.623
5108,9002,root_increment,1,-1,-1,9002,48.621
5109,877,root_increment,1,-1,-1,877,48.6196
5110,5351,root_increment,1,-1,-1,5351,48.6098
5111,10550,root_increment,1,-1,-1,10550,48.6077
5112,3085,root_increment,1,-1,-1,3085,48.6062
5113,5103,root_increment,1,-1,-1,5103,48.6061
5114,3737,root_increment,1,-1,-1,3737,48.6055
5115,5967,root_increment,1,-1,-1,5967,48.603
5116,476,root_increment,1,-1,-1,476,48.6022
5117,6155,root_increment,1,-1,-1,6155,48.6001
5118,394,root_increment,1,-1,-1,394,48.592
5119,17482,root_increment,1,-1,-1,17482,48.5914
5120,5064,root_increment,1,-1,-1,5064,48.5898
5121,11224,root_increment,1,-1,-1,11224,48.5835
5122,327,root_increment,1,-1,-1,327,48.5725
5123,2189,root_increment,1,-1,-1,2189,48.563
5124,12475,root_increment,1,-1,-1,12475,48.555
5125,1036,root_increment,1,-1,-1,1036,48.5492
5126,2684,root_increment,1,-1,-1,2684,48.5491
5127,14600,root_increment,1,-1,-1,14600,48.5489
5128,9062,root_increment,1,-1,-1,9062,48.5486
5129,7870,root_increment,1,-1,-1,7870,48.5461
5130,1725,root_increment,1,-1,-1,1725,48.5403
5131,6470,root_increment,1,-1,-1,6470,48.5359
5132,10120,root_increment,1,-1,-1,10120,48.5352
5133,3543,root_increment,1,-1,-1,3543,48.5327
5134,6331,root_increment,1,-1,-1,6331,48.531
5135,12256,root_increment,1,-1,-1,12256,48.5273
5136,9316,root_increment,1,-1,-1,9316,48.5247
5137,2030,root_increment,1,-1,-1,2030,48.5206
5138,2736,root_increment,1,-1,-1,2736,48.5206
5139,5425,root_increment,1,-1,-1,5425,48.5167
5140,1317,root_increment,1,-1,-1,1317,48.5134
5141,1325,root_increment,1,-1,-1,1325,48.5134
5142,1338,root_increment,1,-1,-1,1338,48.5134
5143,1346,root_increment,1,-1,-1,1346,48.5134
5144,14340,root_increment,1,-1,-1,14340,48.5124
5145,23,root_increment,1,-1,-1,23,48.5053
5146,4100,root_increment,1,-1,-1,4100,48.505
5147,1818,root_increment,1,-1,-1,1818,48.5036
5148,14929,root_increment,1,-1,-1,14929,48.4999
5149,7443,root_increment,1,-1,-1,7443,48.4964
5150,14785,root_increment,1,-1,-1,14785,48.4825
5151,9187,root_increment,1,-1,-1,9187,48.4809
5152,7106,root_increment,1,-1,-1,7106,48.4793
5153,4364,root_increment,1,-1,-1,4364,48.4726
5154,18462,root_increment,1,-1,-1,18462,48.4693
5155,1398,root_increment,1,-1,-1,1398,48.4668
5156,1406,root_increment,1,-1,-1,1406,48.4668
5157,1411,root_increment,1,-1,-1,1411,48.4668
5158,1419,root_increment,1,-1,-1,1419,48.4668
5159,1432,root_increment,1,-1,-1,1432,48.4668
5160,12750,root_increment,1,-1,-1,12750,48.465
5161,8250,root_increment,1,-1,-1,8250,48.4643
5162,6836,root_increment,1,-1,-1,6836,48.4579
5163,7595,root_increment,1,-1,-1,7595,48.4572
5164,6902,root_increment,1,-1,-1,6902,48.4496
5165,14107,root_increment,1,-1,-1,14107,48.4455
5166,3433,root_increment,1,-1,-1,3433,48.4427
5167,470,root_increment,1,-1,-1,470,48.4409
5168,12036,root_increment,1,-1,-1,12036,48.4397
5169,6971,root_increment,1,-1,-1,6971,48.4383
5170,7083,root_increment,1,-1,-1,7083,48.4349
5171,4237,root_increment,1,-1,-1,4237,48.4348
5172,5124,root_increment,1,-1,-1,5124,48.4323
5173,18799,root_increment,1,-1,-1,18799,48.4305
5174,6233,root_increment,1,-1,-1,6233,48.4291
5175,6438,root_increment,1,-1,-1,6438,48.4283
5176,6443,root_increment,1,-1,-1,6443,48.4283
5177,4462,root_increment,1,-1,-1,4462,48.4283
5178,8770,root_increment,1,-1,-1,8770,48.4277
5179,534,root_increment,1,-1,-1,534,48.427
5180,7017,root_increment,1,-1,-1,7017,48.4263
5181,2291,root_increment,1,-1,-1,2291,48.422
5182,1793,root_increment,1,-1,-1,1793,48.4138
5183,366,root_increment,1,-1,-1,366,48.4137
5184,2257,root_increment,1,-1,-1,2257,48.4128
5185,2270,root_increment,1,-1,-1,2270,48.4084
5186,102,root_increment,1,-1,-1,102,48.4018
5187,18562,root_increment,1,-1,-1,18562,48.3976
5188,9010,root_increment,1,-1,-1,9010,48.3953
5189,11456,root_increment,1,-1,-1,11456,48.3926
5190,5877,root_increment,1,-1,-1,5877,48.3862
5191,7089,root_increment,1,-1,-1,7089,48.3801
5192,911,root_increment,1,-1,-1,911,48.3587
5193,1103,root_increment,1,-1,-1,1103,48.3585
5194,15670,root_increment,1,-1,-1,15670,48.3482
5195,13658,root_increment,1,-1,-1,13658,48.3454
5196,17028,root_increment,1,-1,-1,17028,48.345
5197,3645,root_increment,1,-1,-1,3645,48.3435
5198,18730,root_increment,1,-1,-1,18730,48.3372
5199,15225,root_increment,1,-1,-1,15225,48.3294
5200,7306,root_increment,1,-1,-1,7306,48.3262
5201,17111,root_increment,1,-1,-1,17111,48.3252
5202,557,root_increment,1,-1,-1,557,48.3149
5203,757,root_increment,1,-1,-1,757,48.3133
5204,18151,root_increment,1,-1,-1,18151,48.313
5205,1070,root_increment,1,-1,-1,1070,48.3122
5206,4092,root_increment,1,-1,-1,4092,48.3081
5207,2163,root_increment,1,-1,-1,2163,48.3077
5208,15400,root_increment,1,-1,-1,15400,48.3058
5209,12156,root_increment,1,-1,-1,12156,48.3055
5210,6132,root_increment,1,-1,-1,6132,48.3021
5211,19349,root_increment,1,-1,-1,19349,48.3009
5212,63,root_increment,1,-1,-1,63,48.3006
5213,13661,root_increment,1,-1,-1,13661,48.2936
5214,17289,root_increment,1,-1,-1,17289,48.2934
5215,2357,root_increment,1,-1,-1,2357,48.2889
5216,18156,root_increment,1,-1,-1,18156,48.288
5217,19326,root_increment,1,-1,-1,19326,48.2876
5218,11727,root_increment,1,-1,-1,11727,48.269
5219,1356,root_increment,1,-1,-1,1356,48.2683
5220,7187,root_increment,1,-1,-1,7187,48.2666
5221,1754,root_increment,1,-1,-1,1754,48.2564
5222,456,root_increment,1,-1,-1,456,48.2449
5223,461,root_increment,1,-1,-1,461,48.2449
5224,469,root_increment,1,-1,-1,469,48.2449
5225,482,root_increment,1,-1,-1,482,48.2449
5226,490,root_increment,1,-1,-1,490,48.2449
5227,18505,root_increment,1,-1,-1,18505,48.2397
5228,7600,root_increment,1,-1,-1,7600,48.2319
5229,12719,root_increment,1,-1,-1,12719,48.2315
5230,12355,root_increment,1,-1,-1,12355,48.231
5231,11359,root_increment,1,-1,-1,11359,48.2303
5232,7364,root_increment,1,-1,-1,7364,48.2263
5233,5525,root_increment,1,-1,-1,5525,48.2261
5234,17738,root_increment,1,-1,-1,17738,48.2236
5235,18450,root_increment,1,-1,-1,18450,48.218
5236,15891,root_increment,1,-1,-1,15891,48.2174
5237,5117,root_increment,1,-1,-1,5117,48.2161
5238,7732,root_increment,1,-1,-1,7732,48.213
5239,19420,root_increment,1,-1,-1,19420,48.2011
5240,5122,root_increment,1,-1,-1,5122,48.1975
5241,518,root_increment,1,-1,-1,518,48.1966
5242,13143,root_increment,1,-1,-1,13143,48.193
5243,6413,root_increment,1,-1,-1,6413,48.1916
5244,6828,root_increment,1,-1,-1,6828,48.1905
5245,2847,root_increment,1,-1,-1,2847,48.1888
5246,3679,root_increment,1,-1,-1,3679,48.1864
5247,7480,root_increment,1,-1,-1,7480,48.1844
5248,8190,root_increment,1,-1,-1,8190,48.1833
5249,5585,root_increment,1,-1,-1,5585,48.17
5250,1545,root_increment,1,-1,-1,1545,48.165
5251,18817,root_increment,1,-1,-1,18817,48.1614
5252,12861,root_increment,1,-1,-1,12861,48.1606
5253,9100,root_increment,1,-1,-1,9100,48.1597
5254,4929,root_increment,1,-1,-1,4929,48.1593
5255,14425,root_increment,1,-1,-1,14425,48.1591
5256,10374,root_increment,1,-1,-1,10374,48.1404
5257,5116,root_increment,1,-1,-1,5116,48.1386
5258,16220,root_increment,1,-1,-1,16220,48.1369
5259,17072,root_increment,1,-1,-1,17072,48.1322
5260,9897,root_increment,1,-1,-1,9897,48.1299
5261,8420,root_increment,1,-1,-1,8420,48.1172
5262,16506,root_increment,1,-1,-1,16506,48.1126
5263,2569,root_increment,1,-1,-1,2569,48.1108
5264,8074,root_increment,1,-1,-1,8074,48.1043
5265,12376,root_increment,1,-1,-1,12376,48.0959
5266,3713,root_increment,1,-1,-1,3713,48.0942
5267,5856,root_increment,1,-1,-1,5856,48.0932
5268,4648,root_increment,1,-1,-1,4648,48.0908
5269,14145,root_increment,1,-1,-1,14145,48.0833
5270,7872,root_increment,1,-1,-1,7872,48.0761
5271,4262,root_increment,1,-1,-1,4262,48.0757
5272,4275,root_increment,1,-1,-1,4275,48.0757
5273,14040,root_increment,1,-1,-1,14040,48.0687
5274,6602,root_increment,1,-1,-1,6602,48.063
5275,1990,root_increment,1,-1,-1,1990,48.0573
5276,6810,root_increment,1,-1,-1,6810,48.0545
5277,3771,root_increment,1,-1,-1,3771,48.0522
5278,8918,root_increment,1,-1,-1,8918,48.0493
5279,1586,root_increment,1,-1,-1,1586,48.0469
5280,3522,root_increment,1,-1,-1,3522,48.0422
5281,3425,root_increment,1,-1,-1,3425,48.0396
5282,3624,root_increment,1,-1,-1,3624,48.0381
5283,8737,root_increment,1,-1,-1,8737,48.0381
5284,12651,root_increment,1,-1,-1,12651,48.0358
5285,1092,root_increment,1,-1,-1,1092,48.032
5286,2095,root_increment,1,-1,-1,2095,48.0294
5287,704,root_increment,1,-1,-1,704,48.0294
5288,3783,root_increment,1,-1,-1,3783,48.0283
5289,3788,root_increment,1,-1,-1,3788,48.0283
5290,3791,root_increment,1,-1,-1,3791,48.0283
5291,3796,root_increment,1,-1,-1,3796,48.0283
5292,3799,root_increment,1,-1,-1,3799,48.0283
5293,3804,root_increment,1,-1,-1,3804,48.0283
5294,3809,root_increment,1,-1,-1,3809,48.0283
5295,3577,root_increment,1,-1,-1,3577,48.0266
5296,2024,root_increment,1,-1,-1,2024,48.0262
5297,18258,root_increment,1,-1,-1,18258,48.0244
5298,16277,root_increment,1,-1,-1,16277,48.0234
5299,9147,root_increment,1,-1,-1,9147,48.0139
5300,1445,root_increment,1,-1,-1,1445,48.0139
5301,3281,root_increment,1,-1,-1,3281,48.0104
5302,19023,root_increment,1,-1,-1,19023,48.0059
5303,1372,root_increment,1,-1,-1,1372,48.0029
5304,19403,root_increment,1,-1,-1,19403,48.0027
5305,4914,root_increment,1,-1,-1,4914,48.0024
5306,17593,root_increment,1,-1,-1,17593,48.001
5307,636,root_increment,1,-1,-1,636,48.0005
5308,18549,root_increment,1,-1,-1,18549,47.9952
5309,3132,root_increment,1,-1,-1,3132,47.9889
5310,16911,root_increment,1,-1,-1,16911,47.9819
5311,5508,root_increment,1,-1,-1,5508,47.9754
5312,5101,root_increment,1,-1,-1,5101,47.9731
5313,6425,root_increment,1,-1,-1,6425,47.9668
5314,7574,root_increment,1,-1,-1,7574,47.9666
5315,2001,root_increment,1,-1,-1,2001,47.9661
5316,17016,root_increment,1,-1,-1,17016,47.9657
5317,6199,root_increment,1,-1,-1,6199,47.9638
5318,4053,root_increment,1,-1,-1,4053,47.9628
5319,9711,root_increment,1,-1,-1,9711,47.9625
5320,6380,root_increment,1,-1,-1,6380,47.961
5321,5883,root_increment,1,-1,-1,5883,47.9589
5322,5493,root_increment,1,-1,-1,5493,47.9565
5323,5067,root_increment,1,-1,-1,5067,47.956
5324,12329,root_increment,1,-1,-1,12329,47.9544
5325,424,root_increment,1,-1,-1,424,47.9533
5326,14337,root_increment,1,-1,-1,14337,47.9507
5327,1756,root_increment,1,-1,-1,1756,47.9485
5328,13459,root_increment,1,-1,-1,13459,47.9457
5329,9124,root_increment,1,-1,-1,9124,47.942
5330,9796,root_increment,1,-1,-1,9796,47.9409
5331,7379,root_increment,1,-1,-1,7379,47.9395
5332,1390,root_increment,1,-1,-1,1390,47.9391
5333,7135,root_increment,1,-1,-1,7135,47.9369
5334,14229,root_increment,1,-1,-1,14229,47.9367
5335,13994,root_increment,1,-1,-1,13994,47.9363
5336,9988,root_increment,1,-1,-1,9988,47.9348
5337,5444,root_increment,1,-1,-1,5444,47.9321
5338,2259,root_increment,1,-1,-1,2259,47.9319
5339,13526,root_increment,1,-1,-1,13526,47.9305
5340,1462,root_increment,1,-1,-1,1462,47.9267
5341,10357,root_increment,1,-1,-1,10357,47.9258
5342,4482,root_increment,1,-1,-1,4482,47.9245
5343,4375,root_increment,1,-1,-1,4375,47.9245
5344,10543,root_increment,1,-1,-1,10543,47.9134
5345,7933,root_increment,1,-1,-1,7933,47.9092
5346,7275,root_increment,1,-1,-1,7275,47.9024
5347,6694,root_increment,1,-1,-1,6694,47.899
5348,3488,root_increment,1,-1,-1,3488,47.8916
5349,6867,root_increment,1,-1,-1,6867,47.8863
5350,6961,root_increment,1,-1,-1,6961,47.8839
5351,6966,root_increment,1,-1,-1,6966,47.8839
5352,6969,root_increment,1,-1,-1,6969,47.8839
5353,6974,root_increment,1,-1,-1,6974,47.8839
5354,6321,root_increment,1,-1,-1,6321,47.8816
5355,8051,root_increment,1,-1,-1,8051,47.8749
5356,843,root_increment,1,-1,-1,843,47.8671
5357,9294,root_increment,1,-1,-1,9294,47.8633
5358,3531,root_increment,1,-1,-1,3531,47.8628
5359,8085,root_increment,1,-1,-1,8085,47.8563
5360,2082,root_increment,1,-1,-1,2082,47.8539
5361,14301,root_increment,1,-1,-1,14301,47.8518
5362,8728,root_increment,1,-1,-1,8728,47.8516
5363,3880,root_increment,1,-1,-1,3880,47.8489
5364,1537,root_increment,1,-1,-1,1537,47.8473
5365,18657,root_increment,1,-1,-1,18657,47.8379
5366,8740,root_increment,1,-1,-1,8740,47.8335
5367,5054,root_increment,1,-1,-1,5054,47.8293
5368,11373,root_increment,1,-1,-1,11373,47.8278
5369,1649,root_increment,1,-1,-1,1649,47.8198
5370,2090,root_increment,1,-1,-1,2090,47.816
5371,1277,root_increment,1,-1,-1,1277,47.8152
5372,1179,root_increment,1,-1,-1,1179,47.8151
5373,15825,root_increment,1,-1,-1,15825,47.8099
5374,18686,root_increment,1,-1,-1,18686,47.7926
5375,9095,root_increment,1,-1,-1,9095,47.7876
5376,9223,root_increment,1,-1,-1,9223,47.7839
5377,1899,root_increment,1,-1,-1,1899,47.7793
5378,8258,root_increment,1,-1,-1,8258,47.7792
5379,7991,root_increment,1,-1,-1,7991,47.7753
5380,2318,root_increment,1,-1,-1,2318,47.7708
5381,5527,root_increment,1,-1,-1,5527,47.766
5382,1686,root_increment,1,-1,-1,1686,47.7642
5383,10082,root_increment,1,-1,-1,10082,47.7596
5384,3459,root_increment,1,-1,-1,3459,47.7565
5385,4398,root_increment,1,-1,-1,4398,47.7519
5386,15614,root_increment,1,-1,-1,15614,47.7518
5387,7344,root_increment,1,-1,-1,7344,47.7446
5388,6831,root_increment,1,-1,-1,6831,47.7407
5389,5768,root_increment,1,-1,-1,5768,47.7374
5390,10210,root_increment,1,-1,-1,10210,47.7373
5391,14951,root_increment,1,-1,-1,14951,47.737
5392,13894,root_increment,1,-1,-1,13894,47.7358
5393,7983,root_increment,1,-1,-1,7983,47.7338
5394,13478,root_increment,1,-1,-1,13478,47.7312
5395,3894,root_increment,1,-1,-1,3894,47.7298
5396,18206,root_increment,1,-1,-1,18206,47.723
5397,5179,root_increment,1,-1,-1,5179,47.7199
5398,750,root_increment,1,-1,-1,750,47.7189
5399,10410,root_increment,1,-1,-1,10410,47.7175
5400,1628,root_increment,1,-1,-1,1628,47.7101
5401,15610,root_increment,1,-1,-1,15610,47.7098
5402,6420,root_increment,1,-1,-1,6420,47.7088
5403,6140,root_increment,1,-1,-1,6140,47.7028
5404,9580,root_increment,1,-1,-1,9580,47.6982
5405,1046,root_increment,1,-1,-1,1046,47.697
5406,7195,root_increment,1,-1,-1,7195,47.6908
5407,4825,root_increment,1,-1,-1,4825,47.6905
5408,8022,root_increment,1,-1,-1,8022,47.6902
5409,2230,root_increment,1,-1,-1,2230,47.687
5410,14233,root_increment,1,-1,-1,14233,47.6856
5411,5195,root_increment,1,-1,-1,5195,47.6854
5412,5501,root_increment,1,-1,-1,5501,47.6845
5413,6268,root_increment,1,-1,-1,6268,47.6797
5414,18842,root_increment,1,-1,-1,18842,47.6796
5415,17714,root_increment,1,-1,-1,17714,47.6759
5416,10579,root_increment,1,-1,-1,10579,47.6653
5417,2217,root_increment,1,-1,-1,2217,47.6617
5418,10125,root_increment,1,-1,-1,10125,47.6613
5419,18092,root_increment,1,-1,-1,18092,47.6603
5420,5551,root_increment,1,-1,-1,5551,47.657
5421,10112,root_increment,1,-1,-1,10112,47.6568
5422,5559,root_increment,1,-1,-1,5559,47.6563
5423,6445,root_increment,1,-1,-1,6445,47.6554
5424,5352,root_increment,1,-1,-1,5352,47.6488
5425,15360,root_increment,1,-1,-1,15360,47.6412
5426,9577,root_increment,1,-1,-1,9577,47.6383
5427,7742,root_increment,1,-1,-1,7742,47.6377
5428,14420,root_increment,1,-1,-1,14420,47.6373
5429,2209,root_increment,1,-1,-1,2209,47.6367
5430,10548,root_increment,1,-1,-1,10548,47.6342
5431,12378,root_increment,1,-1,-1,12378,47.6328
5432,7349,root_increment,1,-1,-1,7349,47.6318
5433,17751,root_increment,1,-1,-1,17751,47.6311
5434,2983,root_increment,1,-1,-1,2983,47.6296
5435,1393,root_increment,1,-1,-1,1393,47.6287
5436,2527,root_increment,1,-1,-1,2527,47.6237
5437,5904,root_increment,1,-1,-1,5904,47.6225
5438,8317,root_increment,1,-1,-1,8317,47.6224
5439,2074,root_increment,1,-1,-1,2074,47.6222
5440,14394,root_increment,1,-1,-1,14394,47.6216
5441,5008,root_increment,1,-1,-1,5008,47.6209
5442,15890,root_increment,1,-1,-1,15890,47.6204
5443,979,root_increment,1,-1,-1,979,47.6167
5444,2011,root_increment,1,-1,-1,2011,47.6132
5445,2339,root_increment,1,-1,-1,2339,47.6123
5446,7393,root_increment,1,-1,-1,7393,47.6088
5447,18298,root_increment,1,-1,-1,18298,47.6082
5448,6386,root_increment,1,-1,-1,6386,47.6073
5449,13213,root_increment,1,-1,-1,13213,47.6
5450,2710,root_increment,1,-1,-1,2710,47.592
5451,1200,root_increment,1,-1,-1,1200,47.588
5452,13758,root_increment,1,-1,-1,13758,47.5862
5453,7251,root_increment,1,-1,-1,7251,47.5832
5454,775,root_increment,1,-1,-1,775,47.577
5455,783,root_increment,1,-1,-1,783,47.577
5456,796,root_increment,1,-1,-1,796,47.577
5457,804,root_increment,1,-1,-1,804,47.577
5458,809,root_increment,1,-1,-1,809,47.577
5459,1124,root_increment,1,-1,-1,1124,47.571
5460,2305,root_increment,1,-1,-1,2305,47.5706
5461,12578,root_increment,1,-1,-1,12578,47.5702
5462,782,root_increment,1,-1,-1,782,47.5698
5463,6320,root_increment,1,-1,-1,6320,47.5666
5464,8134,root_increment,1,-1,-1,8134,47.5665
5465,4505,root_increment,1,-1,-1,4505,47.5652
5466,4995,root_increment,1,-1,-1,4995,47.5642
5467,5465,root_increment,1,-1,-1,5465,47.5639
5468,9485,root_increment,1,-1,-1,9485,47.5603
5469,955,root_increment,1,-1,-1,955,47.5589
5470,3157,root_increment,1,-1,-1,3157,47.5516
5471,16379,root_increment,1,-1,-1,16379,47.5506
5472,11548,root_increment,1,-1,-1,11548,47.5395
5473,4266,root_increment,1,-1,-1,4266,47.5384
5474,7417,root_increment,1,-1,-1,7417,47.5372
5475,7422,root_increment,1,-1,-1,7422,47.5372
5476,123,root_increment,1,-1,-1,123,47.5353
5477,1644,root_increment,1,-1,-1,1644,47.5346
5478,13158,root_increment,1,-1,-1,13158,47.534
5479,3944,root_increment,1,-1,-1,3944,47.5313
5480,13046,root_increment,1,-1,-1,13046,47.5307
5481,1758,root_increment,1,-1,-1,1758,47.5186
5482,7958,root_increment,1,-1,-1,7958,47.5151
5483,7428,root_increment,1,-1,-1,7428,47.5143
5484,12703,root_increment,1,-1,-1,12703,47.5118
5485,16761,root_increment,1,-1,-1,16761,47.5116
5486,44,root_increment,1,-1,-1,44,47.5113
5487,14963,root_increment,1,-1,-1,14963,47.5095
5488,1192,root_increment,1,-1,-1,1192,47.5032
5489,4684,root_increment,1,-1,-1,4684,47.4981
5490,2103,root_increment,1,-1,-1,2103,47.4866
5491,15607,root_increment,1,-1,-1,15607,47.4809
5492,2715,root_increment,1,-1,-1,2715,47.479
5493,4287,root_increment,1,-1,-1,4287,47.4705
5494,5114,root_increment,1,-1,-1,5114,47.4701
5495,6833,root_increment,1,-1,-1,6833,47.4678
5496,2148,root_increment,1,-1,-1,2148,47.4648
5497,2918,root_increment,1,-1,-1,2918,47.4597
5498,19410,root_increment,1,-1,-1,19410,47.4591
5499,7879,root_increment,1,-1,-1,7879,47.4531
5500,2424,root_increment,1,-1,-1,2424,47.4503
5501,1840,root_increment,1,-1,-1,1840,47.4486
5502,9859,root_increment,1,-1,-1,9859,47.4467
5503,6839,root_increment,1,-1,-1,6839,47.4461
5504,6210,root_increment,1,-1,-1,6210,47.4411
5505,9737,root_increment,1,-1,-1,9737,47.4407
5506,9742,root_increment,1,-1,-1,9742,47.4407
5507,9747,root_increment,1,-1,-1,9747,47.4407
5508,7051,root_increment,1,-1,-1,7051,47.4406
5509,3705,root_increment,1,-1,-1,3705,47.4373
5510,167,root_increment,1,-1,-1,167,47.4329
5511,3150,root_increment,1,-1,-1,3150,47.4326
5512,4406,root_increment,1,-1,-1,4406,47.4322
5513,7753,root_increment,1,-1,-1,7753,47.4316
5514,16704,root_increment,1,-1,-1,16704,47.4309
5515,2111,root_increment,1,-1,-1,2111,47.4196
5516,196,root_increment,1,-1,-1,196,47.4176
5517,5598,root_increment,1,-1,-1,5598,47.4154
5518,9561,root_increment,1,-1,-1,9561,47.414
5519,2539,root_increment,1,-1,-1,2539,47.4137
5520,2897,root_increment,1,-1,-1,2897,47.4118
5521,2731,root_increment,1,-1,-1,2731,47.4067
5522,9878,root_increment,1,-1,-1,9878,47.4026
5523,121,root_increment,1,-1,-1,121,47.3994
5524,5771,root_increment,1,-1,-1,5771,47.3985
5525,14677,root_increment,1,-1,-1,14677,47.3932
5526,6650,root_increment,1,-1,-1,6650,47.3908
5527,762,root_increment,1,-1,-1,762,47.3857
5528,17871,root_increment,1,-1,-1,17871,47.3848
5529,2003,root_increment,1,-1,-1,2003,47.3815
5530,2799,root_increment,1,-1,-1,2799,47.3767
5531,8241,root_increment,1,-1,-1,8241,47.3763
5532,19416,root_increment,1,-1,-1,19416,47.3758
5533,3846,root_increment,1,-1,-1,3846,47.3751
5534,2262,root_increment,1,-1,-1,2262,47.3669
5535,11072,root_increment,1,-1,-1,11072,47.3603
5536,5572,root_increment,1,-1,-1,5572,47.3595
5537,2852,root_increment,1,-1,-1,2852,47.3587
5538,437,root_increment,1,-1,-1,437,47.3557
5539,360,root_increment,1,-1,-1,360,47.3547
5540,14043,root_increment,1,-1,-1,14043,47.3539
5541,7681,root_increment,1,-1,-1,7681,47.3488
5542,3828,root_increment,1,-1,-1,3828,47.3484
5543,2077,root_increment,1,-1,-1,2077,47.3479
5544,10512,root_increment,1,-1,-1,10512,47.3477
5545,16102,root_increment,1,-1,-1,16102,47.3475
5546,6986,root_increment,1,-1,-1,6986,47.3465
5547,4372,root_increment,1,-1,-1,4372,47.3463
5548,8079,root_increment,1,-1,-1,8079,47.3457
5549,16349,root_increment,1,-1,-1,16349,47.3432
5550,14286,root_increment,1,-1,-1,14286,47.3402
5551,1152,root_increment,1,-1,-1,1152,47.3377
5552,9870,root_increment,1,-1,-1,9870,47.3317
5553,1272,root_increment,1,-1,-1,1272,47.33
5554,8985,root_increment,1,-1,-1,8985,47.33
5555,1348,root_increment,1,-1,-1,1348,47.3292
5556,6176,root_increment,1,-1,-1,6176,47.328
5557,18237,root_increment,1,-1,-1,18237,47.3271
5558,3025,root_increment,1,-1,-1,3025,47.3257
5559,2833,root_increment,1,-1,-1,2833,47.3233
5560,16281,root_increment,1,-1,-1,16281,47.3226
5561,10887,root_increment,1,-1,-1,10887,47.3192
5562,2133,root_increment,1,-1,-1,2133,47.3159
5563,7952,root_increment,1,-1,-1,7952,47.3129
5564,8474,root_increment,1,-1,-1,8474,47.3041
5565,6987,root_increment,1,-1,-1,6987,47.3013
5566,8993,root_increment,1,-1,-1,8993,47.3003
5567,11299,root_increment,1,-1,-1,11299,47.2984
5568,8803,root_increment,1,-1,-1,8803,47.2914
5569,9461,root_increment,1,-1,-1,9461,47.2898
5570,19314,root_increment,1,-1,-1,19314,47.2892
5571,4893,root_increment,1,-1,-1,4893,47.2795
5572,8224,root_increment,1,-1,-1,8224,47.2765
5573,5360,root_increment,1,-1,-1,5360,47.2735
5574,11308,root_increment,1,-1,-1,11308,47.2639
5575,4359,root_increment,1,-1,-1,4359,47.2609
5576,2455,root_increment,1,-1,-1,2455,47.2566
5577,5279,root_increment,1,-1,-1,5279,47.2538
5578,6932,root_increment,1,-1,-1,6932,47.2511
5579,18865,root_increment,1,-1,-1,18865,47.2506
5580,9719,root_increment,1,-1,-1,9719,47.2496
5581,7339,root_increment,1,-1,-1,7339,47.2492
5582,12154,root_increment,1,-1,-1,12154,47.2426
5583,3504,root_increment,1,-1,-1,3504,47.2423
5584,18720,root_increment,1,-1,-1,18720,47.2399
5585,3509,root_increment,1,-1,-1,3509,47.2397
5586,9843,root_increment,1,-1,-1,9843,47.2375
5587,3345,root_increment,1,-1,-1,3345,47.2355
5588,3438,root_increment,1,-1,-1,3438,47.2306
5589,10412,root_increment,1,-1,-1,10412,47.2287
5590,11580,root_increment,1,-1,-1,11580,47.2282
5591,9151,root_increment,1,-1,-1,9151,47.2261
5592,18201,root_increment,1,-1,-1,18201,47.226
5593,1703,root_increment,1,-1,-1,1703,47.2203
5594,11558,root_increment,1,-1,-1,11558,47.2198
5595,13999,root_increment,1,-1,-1,13999,47.2157
5596,1359,root_increment,1,-1,-1,1359,47.2149
5597,5092,root_increment,1,-1,-1,5092,47.21
5598,13837,root_increment,1,-1,-1,13837,47.2094
5599,822,root_increment,1,-1,-1,822,47.2057
5600,4469,root_increment,1,-1,-1,4469,47.2012
5601,6354,root_increment,1,-1,-1,6354,47.1973
5602,6025,root_increment,1,-1,-1,6025,47.1973
5603,17525,root_increment,1,-1,-1,17525,47.1943
5604,9868,root_increment,1,-1,-1,9868,47.1925
5605,264,root_increment,1,-1,-1,264,47.1892
5606,10172,root_increment,1,-1,-1,10172,47.1875
5607,612,root_increment,1,-1,-1,612,47.1758
5608,16650,root_increment,1,-1,-1,16650,47.1709
5609,12258,root_increment,1,-1,-1,12258,47.1705
5610,9590,root_increment,1,-1,-1,9590,47.1672
5611,9829,root_increment,1,-1,-1,9829,47.1669
5612,9257,root_increment,1,-1,-1,9257,47.162
5613,10067,root_increment,1,-1,-1,10067,47.162
5614,7261,root_increment,1,-1,-1,7261,47.1584
5615,2343,root_increment,1,-1,-1,2343,47.1574
5616,9360,root_increment,1,-1,-1,9360,47.1527
5617,18837,root_increment,1,-1,-1,18837,47.1524
5618,11151,root_increment,1,-1,-1,11151,47.1521
5619,4870,root_increment,1,-1,-1,4870,47.1451
5620,4883,root_increment,1,-1,-1,4883,47.1451
5621,2488,root_increment,1,-1,-1,2488,47.1426
5622,12692,root_increment,1,-1,-1,12692,47.1409
5623,11794,root_increment,1,-1,-1,11794,47.1366
5624,7380,root_increment,1,-1,-1,7380,47.1363
5625,2243,root_increment,1,-1,-1,2243,47.1236
5626,8614,root_increment,1,-1,-1,8614,47.1225
5627,6559,root_increment,1,-1,-1,6559,47.121
5628,208,root_increment,1,-1,-1,208,47.1171
5629,209,root_increment,1,-1,-1,209,47.1105
5630,6970,root_increment,1,-1,-1,6970,47.1022
5631,4880,root_increment,1,-1,-1,4880,47.1013
5632,1195,root_increment,1,-1,-1,1195,47.0984
5633,6862,root_increment,1,-1,-1,6862,47.0908
5634,204,root_increment,1,-1,-1,204,47.0902
5635,890,root_increment,1,-1,-1,890,47.09
5636,5954,root_increment,1,-1,-1,5954,47.0827
5637,5478,root_increment,1,-1,-1,5478,47.0801
5638,5814,root_increment,1,-1,-1,5814,47.0641
5639,5127,root_increment,1,-1,-1,5127,47.0592
5640,2326,root_increment,1,-1,-1,2326,47.0569
5641,8227,root_increment,1,-1,-1,8227,47.0561
5642,5538,root_increment,1,-1,-1,5538,47.0434
5643,1150,root_increment,1,-1,-1,1150,47.0422
5644,4783,root_increment,1,-1,-1,4783,47.0381
5645,2551,root_increment,1,-1,-1,2551,47.0343
5646,4781,root_increment,1,-1,-1,4781,47.0326
5647,12624,root_increment,1,-1,-1,12624,47.0291
5648,1843,root_increment,1,-1,-1,1843,47.0286
5649,2309,root_increment,1,-1,-1,2309,47.021
5650,2168,root_increment,1,-1,-1,2168,47.0178
5651,6962,root_increment,1,-1,-1,6962,47.0123
5652,340,root_increment,1,-1,-1,340,47.0104
5653,463,root_increment,1,-1,-1,463,47.0103
5654,14779,root_increment,1,-1,-1,14779,47.0097
5655,5839,root_increment,1,-1,-1,5839,47.0094
5656,12532,root_increment,1,-1,-1,12532,47.0061
5657,11559,root_increment,1,-1,-1,11559,47.0044
5658,10273,root_increment,1,-1,-1,10273,47.0032
5659,2530,root_increment,1,-1,-1,2530,47.0015
5660,11632,root_increment,1,-1,-1,11632,46.996
5661,1996,root_increment,1,-1,-1,1996,46.9944
5662,13400,root_increment,1,-1,-1,13400,46.9933
5663,2293,root_increment,1,-1,-1,2293,46.9845
5664,8014,root_increment,1,-1,-1,8014,46.9816
5665,7630,root_increment,1,-1,-1,7630,46.979
5666,16492,root_increment,1,-1,-1,16492,46.9779
5667,4456,root_increment,1,-1,-1,4456,46.9746
5668,2039,root_increment,1,-1,-1,2039,46.9733
5669,2771,root_increment,1,-1,-1,2771,46.9703
5670,6576,root_increment,1,-1,-1,6576,46.9702
5671,5787,root_increment,1,-1,-1,5787,46.9687
5672,9029,root_increment,1,-1,-1,9029,46.9681
5673,10008,root_increment,1,-1,-1,10008,46.9642
5674,6804,root_increment,1,-1,-1,6804,46.9568
5675,9957,root_increment,1,-1,-1,9957,46.9555
5676,6978,root_increment,1,-1,-1,6978,46.9468
5677,7792,root_increment,1,-1,-1,7792,46.9457
5678,11352,root_increment,1,-1,-1,11352,46.9441
5679,10895,root_increment,1,-1,-1,10895,46.9424
5680,15624,root_increment,1,-1,-1,15624,46.9411
5681,18721,root_increment,1,-1,-1,18721,46.9372
5682,1238,root_increment,1,-1,-1,1238,46.9352
5683,5486,root_increment,1,-1,-1,5486,46.9235
5684,945,root_increment,1,-1,-1,945,46.9205
5685,4656,root_increment,1,-1,-1,4656,46.9157
5686,4669,root_increment,1,-1,-1,4669,46.9157
5687,4677,root_increment,1,-1,-1,4677,46.9157
5688,17651,root_increment,1,-1,-1,17651,46.913
5689,7491,root_increment,1,-1,-1,7491,46.9094
5690,3254,root_increment,1,-1,-1,3254,46.9075
5691,8902,root_increment,1,-1,-1,8902,46.9059
5692,18834,root_increment,1,-1,-1,18834,46.9034
5693,2916,root_increment,1,-1,-1,2916,46.8996
5694,6933,root_increment,1,-1,-1,6933,46.8988
5695,5394,root_increment,1,-1,-1,5394,46.8981
5696,1280,root_increment,1,-1,-1,1280,46.8957
5697,2283,root_increment,1,-1,-1,2283,46.8956
5698,6981,root_increment,1,-1,-1,6981,46.894
5699,8892,root_increment,1,-1,-1,8892,46.8917
5700,3841,root_increment,1,-1,-1,3841,46.8903
5701,3844,root_increment,1,-1,-1,3844,46.8903
5702,3849,root_increment,1,-1,-1,3849,46.8903
5703,3857,root_increment,1,-1,-1,3857,46.8903
5704,3862,root_increment,1,-1,-1,3862,46.8903
5705,8401,root_increment,1,-1,-1,8401,46.8893
5706,3247,root_increment,1,-1,-1,3247,46.8828
5707,16916,root_increment,1,-1,-1,16916,46.8817
5708,5546,root_increment,1,-1,-1,5546,46.8804
5709,2093,root_increment,1,-1,-1,2093,46.8777
5710,13530,root_increment,1,-1,-1,13530,46.8776
5711,2288,root_increment,1,-1,-1,2288,46.8773
5712,14423,root_increment,1,-1,-1,14423,46.8757
5713,6968,root_increment,1,-1,-1,6968,46.8741
5714,2254,root_increment,1,-1,-1,2254,46.8735
5715,17748,root_increment,1,-1,-1,17748,46.8683
5716,2854,root_increment,1,-1,-1,2854,46.863
5717,2867,root_increment,1,-1,-1,2867,46.863
5718,2875,root_increment,1,-1,-1,2875,46.863
5719,2286,root_increment,1,-1,-1,2286,46.8622
5720,3289,root_increment,1,-1,-1,3289,46.8513
5721,1242,root_increment,1,-1,-1,1242,46.8506
5722,18553,root_increment,1,-1,-1,18553,46.8503
5723,2479,root_increment,1,-1,-1,2479,46.8494
5724,3260,root_increment,1,-1,-1,3260,46.847
5725,19244,root_increment,1,-1,-1,19244,46.845
5726,6744,root_increment,1,-1,-1,6744,46.8407
5727,10175,root_increment,1,-1,-1,10175,46.836
5728,9049,root_increment,1,-1,-1,9049,46.8335
5729,6841,root_increment,1,-1,-1,6841,46.8333
5730,387,root_increment,1,-1,-1,387,46.8323
5731,4594,root_increment,1,-1,-1,4594,46.8273
5732,5610,root_increment,1,-1,-1,5610,46.8208
5733,8225,root_increment,1,-1,-1,8225,46.8206
5734,1788,root_increment,1,-1,-1,1788,46.8186
5735,3064,root_increment,1,-1,-1,3064,46.8169
5736,17282,root_increment,1,-1,-1,17282,46.8151
5737,1053,root_increment,1,-1,-1,1053,46.8145
5738,1293,root_increment,1,-1,-1,1293,46.8102
5739,13875,root_increment,1,-1,-1,13875,46.8085
5740,2513,root_increment,1,-1,-1,2513,46.8073
5741,4813,root_increment,1,-1,-1,4813,46.8053
5742,15679,root_increment,1,-1,-1,15679,46.8035
5743,10538,root_increment,1,-1,-1,10538,46.8033
5744,13656,root_increment,1,-1,-1,13656,46.8018
5745,16683,root_increment,1,-1,-1,16683,46.8016
5746,871,root_increment,1,-1,-1,871,46.7969
5747,17596,root_increment,1,-1,-1,17596,46.7932
5748,7216,root_increment,1,-1,-1,7216,46.7922
5749,3637,root_increment,1,-1,-1,3637,46.7849
5750,129,root_increment,1,-1,-1,129,46.7835
5751,5062,root_increment,1,-1,-1,5062,46.7669
5752,5109,root_increment,1,-1,-1,5109,46.7662
5753,9080,root_increment,1,-1,-1,9080,46.7581
5754,7988,root_increment,1,-1,-1,7988,46.7575
5755,2399,root_increment,1,-1,-1,2399,46.7571
5756,11577,root_increment,1,-1,-1,11577,46.7548
5757,3001,root_increment,1,-1,-1,3001,46.7533
5758,14297,root_increment,1,-1,-1,14297,46.7521
5759,7003,root_increment,1,-1,-1,7003,46.7483
5760,4990,root_increment,1,-1,-1,4990,46.7454
5761,13599,root_increment,1,-1,-1,13599,46.7401
5762,10045,root_increment,1,-1,-1,10045,46.7397
5763,1416,root_increment,1,-1,-1,1416,46.7335
5764,3496,root_increment,1,-1,-1,3496,46.7319
5765,10610,root_increment,1,-1,-1,10610,46.7302
5766,4432,root_increment,1,-1,-1,4432,46.7284
5767,15142,root_increment,1,-1,-1,15142,46.7242
5768,14238,root_increment,1,-1,-1,14238,46.7225
5769,2010,root_increment,1,-1,-1,2010,46.7184
5770,1904,root_increment,1,-1,-1,1904,46.7088
5771,12175,root_increment,1,-1,-1,12175,46.7025
5772,8057,root_increment,1,-1,-1,8057,46.7025
5773,8368,root_increment,1,-1,-1,8368,46.7016
5774,12795,root_increment,1,-1,-1,12795,46.7009
5775,823,root_increment,1,-1,-1,823,46.6985
5776,8376,root_increment,1,-1,-1,8376,46.6984
5777,4957,root_increment,1,-1,-1,4957,46.6952
5778,16450,root_increment,1,-1,-1,16450,46.69
5779,5071,root_increment,1,-1,-1,5071,46.6862
5780,5476,root_increment,1,-1,-1,5476,46.6815
5781,1667,root_increment,1,-1,-1,1667,46.6809
5782,5373,root_increment,1,-1,-1,5373,46.6805
5783,11696,root_increment,1,-1,-1,11696,46.679
5784,7592,root_increment,1,-1,-1,7592,46.6785
5785,13028,root_increment,1,-1,-1,13028,46.6752
5786,7888,root_increment,1,-1,-1,7888,46.6741
5787,14412,root_increment,1,-1,-1,14412,46.6732
5788,16418,root_increment,1,-1,-1,16418,46.6732
5789,10404,root_increment,1,-1,-1,10404,46.6719
5790,6296,root_increment,1,-1,-1,6296,46.6689
5791,1208,root_increment,1,-1,-1,1208,46.6566
5792,11401,root_increment,1,-1,-1,11401,46.6531
5793,6506,root_increment,1,-1,-1,6506,46.6529
5794,16648,root_increment,1,-1,-1,16648,46.6494
5795,16087,root_increment,1,-1,-1,16087,46.6474
5796,6255,root_increment,1,-1,-1,6255,46.647
5797,3014,root_increment,1,-1,-1,3014,46.6329
5798,4689,root_increment,1,-1,-1,4689,46.6298
5799,11422,root_increment,1,-1,-1,11422,46.6296
5800,5941,root_increment,1,-1,-1,5941,46.6289
5801,1498,root_increment,1,-1,-1,1498,46.6255
5802,3603,root_increment,1,-1,-1,3603,46.6169
5803,17022,root_increment,1,-1,-1,17022,46.6155
5804,14097,root_increment,1,-1,-1,14097,46.6148
5805,9706,root_increment,1,-1,-1,9706,46.6115
5806,3211,root_increment,1,-1,-1,3211,46.6101
5807,4223,root_increment,1,-1,-1,4223,46.6036
5808,1355,root_increment,1,-1,-1,1355,46.6015
5809,18196,root_increment,1,-1,-1,18196,46.6007
5810,1571,root_increment,1,-1,-1,1571,46.5953
5811,6847,root_increment,1,-1,-1,6847,46.5937
5812,10,root_increment,1,-1,-1,10,46.5925
5813,14046,root_increment,1,-1,-1,14046,46.5901
5814,7634,root_increment,1,-1,-1,7634,46.5861
5815,12590,root_increment,1,-1,-1,12590,46.5819
5816,1369,root_increment,1,-1,-1,1369,46.5803
5817,15405,root_increment,1,-1,-1,15405,46.5768
5818,3450,root_increment,1,-1,-1,3450,46.575
5819,1310,root_increment,1,-1,-1,1310,46.5658
5820,18179,root_increment,1,-1,-1,18179,46.5598
5821,5364,root_increment,1,-1,-1,5364,46.5592
5822,8613,root_increment,1,-1,-1,8613,46.5584
5823,2884,root_increment,1,-1,-1,2884,46.5564
5824,12070,root_increment,1,-1,-1,12070,46.5531
5825,3365,root_increment,1,-1,-1,3365,46.5515
5826,8207,root_increment,1,-1,-1,8207,46.5477
5827,4330,root_increment,1,-1,-1,4330,46.5436
5828,2980,root_increment,1,-1,-1,2980,46.5402
5829,16299,root_increment,1,-1,-1,16299,46.5398
5830,8718,root_increment,1,-1,-1,8718,46.5383
5831,15248,root_increment,1,-1,-1,15248,46.5381
5832,4841,root_increment,1,-1,-1,4841,46.5376
5833,15357,root_increment,1,-1,-1,15357,46.5323
5834,16678,root_increment,1,-1,-1,16678,46.5311
5835,4919,root_increment,1,-1,-1,4919,46.5296
5836,5153,root_increment,1,-1,-1,5153,46.5291
5837,4377,root_increment,1,-1,-1,4377,46.5203
5838,1234,root_increment,1,-1,-1,1234,46.5184
5839,5386,root_increment,1,-1,-1,5386,46.5177
5840,3077,root_increment,1,-1,-1,3077,46.5094
5841,8237,root_increment,1,-1,-1,8237,46.508
5842,9103,root_increment,1,-1,-1,9103,46.5067
5843,7202,root_increment,1,-1,-1,7202,46.5063
5844,8212,root_increment,1,-1,-1,8212,46.5042
5845,13759,root_increment,1,-1,-1,13759,46.4975
5846,17473,root_increment,1,-1,-1,17473,46.4875
5847,1790,root_increment,1,-1,-1,1790,46.4848
5848,5021,root_increment,1,-1,-1,5021,46.4732
5849,19078,root_increment,1,-1,-1,19078,46.4729
5850,2501,root_increment,1,-1,-1,2501,46.466
5851,4004,root_increment,1,-1,-1,4004,46.4656
5852,5788,root_increment,1,-1,-1,5788,46.4613
5853,7611,root_increment,1,-1,-1,7611,46.4584
5854,16974,root_increment,1,-1,-1,16974,46.4574
5855,19438,root_increment,1,-1,-1,19438,46.4572
5856,259,root_increment,1,-1,-1,259,46.4555
5857,14041,root_increment,1,-1,-1,14041,46.4522
5858,2611,root_increment,1,-1,-1,2611,46.4457
5859,5177,root_increment,1,-1,-1,5177,46.4374
5860,2056,root_increment,1,-1,-1,2056,46.4367
5861,8907,root_increment,1,-1,-1,8907,46.4336
5862,17627,root_increment,1,-1,-1,17627,46.4303
5863,14894,root_increment,1,-1,-1,14894,46.4248
5864,4906,root_increment,1,-1,-1,4906,46.4194
5865,6605,root_increment,1,-1,-1,6605,46.4186
5866,4435,root_increment,1,-1,-1,4435,46.4076
5867,8278,root_increment,1,-1,-1,8278,46.4055
5868,5454,root_increment,1,-1,-1,5454,46.4004
5869,3616,root_increment,1,-1,-1,3616,46.3995
5870,12731,root_increment,1,-1,-1,12731,46.3992
5871,741,root_increment,1,-1,-1,741,46.3988
5872,4362,root_increment,1,-1,-1,4362,46.3954
5873,16982,root_increment,1,-1,-1,16982,46.392
5874,12187,root_increment,1,-1,-1,12187,46.3915
5875,6960,root_increment,1,-1,-1,6960,46.3789
5876,17413,root_increment,1,-1,-1,17413,46.3781
5877,1174,root_increment,1,-1,-1,1174,46.3766
5878,6578,root_increment,1,-1,-1,6578,46.3752
5879,2509,root_increment,1,-1,-1,2509,46.3664
5880,8331,root_increment,1,-1,-1,8331,46.3663
5881,3290,root_increment,1,-1,-1,3290,46.3658
5882,8842,root_increment,1,-1,-1,8842,46.3616
5883,10400,root_increment,1,-1,-1,10400,46.3607
5884,3808,root_increment,1,-1,-1,3808,46.3592
5885,13525,root_increment,1,-1,-1,13525,46.3589
5886,5606,root_increment,1,-1,-1,5606,46.358
5887,883,root_increment,1,-1,-1,883,46.357
5888,14809,root_increment,1,-1,-1,14809,46.3556
5889,15573,root_increment,1,-1,-1,15573,46.3551
5890,874,root_increment,1,-1,-1,874,46.3541
5891,8232,root_increment,1,-1,-1,8232,46.3535
5892,8889,root_increment,1,-1,-1,8889,46.3462
5893,17750,root_increment,1,-1,-1,17750,46.345
5894,6967,root_increment,1,-1,-1,6967,46.3433
5895,4937,root_increment,1,-1,-1,4937,46.3374
5896,1925,root_increment,1,-1,-1,1925,46.3317
5897,10858,root_increment,1,-1,-1,10858,46.3263
5898,3648,root_increment,1,-1,-1,3648,46.3257
5899,8198,root_increment,1,-1,-1,8198,46.3213
5900,5132,root_increment,1,-1,-1,5132,46.3206
5901,1239,root_increment,1,-1,-1,1239,46.3204
5902,2739,root_increment,1,-1,-1,2739,46.3189
5903,19651,root_increment,1,-1,-1,19651,46.3151
5904,4681,root_increment,1,-1,-1,4681,46.3148
5905,4966,root_increment,1,-1,-1,4966,46.3083
5906,16758,root_increment,1,-1,-1,16758,46.3066
5907,10446,root_increment,1,-1,-1,10446,46.3054
5908,3111,root_increment,1,-1,-1,3111,46.301
5909,19321,root_increment,1,-1,-1,19321,46.2987
5910,8053,root_increment,1,-1,-1,8053,46.298
5911,9462,root_increment,1,-1,-1,9462,46.2943
5912,2624,root_increment,1,-1,-1,2624,46.2929
5913,11523,root_increment,1,-1,-1,11523,46.2893
5914,5232,root_increment,1,-1,-1,5232,46.2885
5915,9090,root_increment,1,-1,-1,9090,46.2841
5916,7517,root_increment,1,-1,-1,7517,46.2813
5917,2687,root_increment,1,-1,-1,2687,46.2808
5918,19384,root_increment,1,-1,-1,19384,46.2706
5919,2301,root_increment,1,-1,-1,2301,46.2687
5920,3806,root_increment,1,-1,-1,3806,46.2685
5921,7946,root_increment,1,-1,-1,7946,46.2611
5922,6779,root_increment,1,-1,-1,6779,46.2605
5923,3660,root_increment,1,-1,-1,3660,46.2571
5924,3681,root_increment,1,-1,-1,3681,46.2571
5925,293,root_increment,1,-1,-1,293,46.2547
5926,7896,root_increment,1,-1,-1,7896,46.2522
5927,13430,root_increment,1,-1,-1,13430,46.2461
5928,9943,root_increment,1,-1,-1,9943,46.2393
5929,10219,root_increment,1,-1,-1,10219,46.239
5930,17924,root_increment,1,-1,-1,17924,46.2337
5931,1742,root_increment,1,-1,-1,1742,46.231
5932,11779,root_increment,1,-1,-1,11779,46.2298
5933,4702,root_increment,1,-1,-1,4702,46.2297
5934,306,root_increment,1,-1,-1,306,46.2287
5935,4169,root_increment,1,-1,-1,4169,46.2259
5936,6965,root_increment,1,-1,-1,6965,46.2196
5937,8265,root_increment,1,-1,-1,8265,46.2195
5938,310,root_increment,1,-1,-1,310,46.2188
5939,7619,root_increment,1,-1,-1,7619,46.2187
5940,3267,root_increment,1,-1,-1,3267,46.2165
5941,8043,root_increment,1,-1,-1,8043,46.2161
5942,953,root_increment,1,-1,-1,953,46.2134
5943,18137,root_increment,1,-1,-1,18137,46.2091
5944,9949,root_increment,1,-1,-1,9949,46.2086
5945,3931,root_increment,1,-1,-1,3931,46.204
5946,3682,root_increment,1,-1,-1,3682,46.1923
5947,5974,root_increment,1,-1,-1,5974,46.1916
5948,1982,root_increment,1,-1,-1,1982,46.1911
5949,9197,root_increment,1,-1,-1,9197,46.1908
5950,15119,root_increment,1,-1,-1,15119,46.1903
5951,484,root_increment,1,-1,-1,484,46.1898
5952,4369,root_increment,1,-1,-1,4369,46.1895
5953,9983,root_increment,1,-1,-1,9983,46.1806
5954,314,root_increment,1,-1,-1,314,46.1803
5955,15936,root_increment,1,-1,-1,15936,46.1767
5956,4639,root_increment,1,-1,-1,4639,46.1742
5957,17772,root_increment,1,-1,-1,17772,46.1729
5958,14555,root_increment,1,-1,-1,14555,46.1726
5959,8932,root_increment,1,-1,-1,8932,46.1713
5960,18656,root_increment,1,-1,-1,18656,46.1685
5961,8038,root_increment,1,-1,-1,8038,46.1672
5962,1395,root_increment,1,-1,-1,1395,46.1651
5963,8643,root_increment,1,-1,-1,8643,46.1638
5964,2671,root_increment,1,-1,-1,2671,46.1606
5965,5652,root_increment,1,-1,-1,5652,46.1605
5966,14306,root_increment,1,-1,-1,14306,46.1574
5967,8268,root_increment,1,-1,-1,8268,46.1562
5968,17813,root_increment,1,-1,-1,17813,46.1559
5969,1082,root_increment,1,-1,-1,1082,46.1535
5970,9422,root_increment,1,-1,-1,9422,46.1517
5971,10205,root_increment,1,-1,-1,10205,46.1507
5972,15726,root_increment,1,-1,-1,15726,46.1492
5973,2252,root_increment,1,-1,-1,2252,46.1461
5974,8234,root_increment,1,-1,-1,8234,46.1424
5975,6325,root_increment,1,-1,-1,6325,46.1403
5976,19594,root_increment,1,-1,-1,19594,46.1371
5977,6996,root_increment,1,-1,-1,6996,46.1358
5978,8254,root_increment,1,-1,-1,8254,46.1335
5979,7094,root_increment,1,-1,-1,7094,46.1334
5980,6973,root_increment,1,-1,-1,6973,46.1333
5981,2500,root_increment,1,-1,-1,2500,46.1283
5982,2184,root_increment,1,-1,-1,2184,46.1268
5983,1891,root_increment,1,-1,-1,1891,46.122
5984,16816,root_increment,1,-1,-1,16816,46.1198
5985,11069,root_increment,1,-1,-1,11069,46.1191
5986,1835,root_increment,1,-1,-1,1835,46.1172
5987,1998,root_increment,1,-1,-1,1998,46.1127
5988,4951,root_increment,1,-1,-1,4951,46.1126
5989,15039,root_increment,1,-1,-1,15039,46.1088
5990,2814,root_increment,1,-1,-1,2814,46.1041
5991,5017,root_increment,1,-1,-1,5017,46.1033
5992,9975,root_increment,1,-1,-1,9975,46.0925
5993,4356,root_increment,1,-1,-1,4356,46.0914
5994,593,root_increment,1,-1,-1,593,46.0909
5995,11753,root_increment,1,-1,-1,11753,46.0904
5996,2225,root_increment,1,-1,-1,2225,46.0894
5997,8710,root_increment,1,-1,-1,8710,46.0893
5998,13533,root_increment,1,-1,-1,13533,46.0866
5999,10541,root_increment,1,-1,-1,10541,46.0853
6000,12596,root_increment,1,-1,-1,12596,46.0853
6001,13018,root_increment,1,-1,-1,13018,46.0846
6002,5038,root_increment,1,-1,-1,5038,46.0784
6003,4160,root_increment,1,-1,-1,4160,46.0621
6004,8319,root_increment,1,-1,-1,8319,46.0603
6005,11083,root_increment,1,-1,-1,11083,46.0593
6006,11241,root_increment,1,-1,-1,11241,46.0593
6007,15992,root_increment,1,-1,-1,15992,46.0588
6008,2492,root_increment,1,-1,-1,2492,46.0566
6009,5714,root_increment,1,-1,-1,5714,46.053
6010,7454,root_increment,1,-1,-1,7454,46.0519
6011,1646,root_increment,1,-1,-1,1646,46.0476
6012,10441,root_increment,1,-1,-1,10441,46.0438
6013,8645,root_increment,1,-1,-1,8645,46.0429
6014,11207,root_increment,1,-1,-1,11207,46.0423
6015,2627,root_increment,1,-1,-1,2627,46.0377
6016,2153,root_increment,1,-1,-1,2153,46.0366
6017,1547,root_increment,1,-1,-1,1547,46.0357
6018,7477,root_increment,1,-1,-1,7477,46.0356
6019,19458,root_increment,1,-1,-1,19458,46.0355
6020,4697,root_increment,1,-1,-1,4697,46.0344
6021,11321,root_increment,1,-1,-1,11321,46.0324
6022,2705,root_increment,1,-1,-1,2705,46.0297
6023,8542,root_increment,1,-1,-1,8542,46.0285
6024,1171,root_increment,1,-1,-1,1171,46.0217
6025,1173,root_increment,1,-1,-1,1173,46.0214
6026,1255,root_increment,1,-1,-1,1255,46.0182
6027,4168,root_increment,1,-1,-1,4168,46.0147
6028,12196,root_increment,1,-1,-1,12196,46.0135
6029,12507,root_increment,1,-1,-1,12507,46.0091
6030,12198,root_increment,1,-1,-1,12198,46.0087
6031,10558,root_increment,1,-1,-1,10558,46.0075
6032,1563,root_increment,1,-1,-1,1563,46.0027
6033,13946,root_increment,1,-1,-1,13946,45.9992
6034,4653,root_increment,1,-1,-1,4653,45.9986
6035,861,root_increment,1,-1,-1,861,45.9961
6036,14021,root_increment,1,-1,-1,14021,45.9929
6037,2882,root_increment,1,-1,-1,2882,45.9912
6038,10723,root_increment,1,-1,-1,10723,45.9891
6039,16856,root_increment,1,-1,-1,16856,45.9888
6040,10007,root_increment,1,-1,-1,10007,45.9861
6041,14171,root_increment,1,-1,-1,14171,45.9839
6042,9972,root_increment,1,-1,-1,9972,45.9829
6043,11164,root_increment,1,-1,-1,11164,45.9805
6044,16421,root_increment,1,-1,-1,16421,45.9792
6045,19868,root_increment,1,-1,-1,19868,45.9766
6046,8711,root_increment,1,-1,-1,8711,45.9742
6047,3454,root_increment,1,-1,-1,3454,45.9741
6048,18241,root_increment,1,-1,-1,18241,45.9717
6049,19772,root_increment,1,-1,-1,19772,45.9712
6050,13611,root_increment,1,-1,-1,13611,45.964
6051,8048,root_increment,1,-1,-1,8048,45.9615
6052,9765,root_increment,1,-1,-1,9765,45.9602
6053,18212,root_increment,1,-1,-1,18212,45.9599
6054,9855,root_increment,1,-1,-1,9855,45.958
6055,12069,root_increment,1,-1,-1,12069,45.9579
6056,2064,root_increment,1,-1,-1,2064,45.9577
6057,7980,root_increment,1,-1,-1,7980,45.955
6058,903,root_increment,1,-1,-1,903,45.948
6059,14422,root_increment,1,-1,-1,14422,45.9441
6060,6936,root_increment,1,-1,-1,6936,45.9396
6061,15383,root_increment,1,-1,-1,15383,45.938
6062,4804,root_increment,1,-1,-1,4804,45.9354
6063,11703,root_increment,1,-1,-1,11703,45.9341
6064,9508,root_increment,1,-1,-1,9508,45.9309
6065,3718,root_increment,1,-1,-1,3718,45.9296
6066,5085,root_increment,1,-1,-1,5085,45.9233
6067,280,root_increment,1,-1,-1,280,45.9229
6068,11127,root_increment,1,-1,-1,11127,45.9204
6069,4924,root_increment,1,-1,-1,4924,45.9187
6070,2718,root_increment,1,-1,-1,2718,45.918
6071,3932,root_increment,1,-1,-1,3932,45.918
6072,5139,root_increment,1,-1,-1,5139,45.9161
6073,14463,root_increment,1,-1,-1,14463,45.9151
6074,10740,root_increment,1,-1,-1,10740,45.914
6075,3470,root_increment,1,-1,-1,3470,45.9137
6076,2755,root_increment,1,-1,-1,2755,45.913
6077,1717,root_increment,1,-1,-1,1717,45.91
6078,12064,root_increment,1,-1,-1,12064,45.9037
6079,17784,root_increment,1,-1,-1,17784,45.9012
6080,16226,root_increment,1,-1,-1,16226,45.899
6081,578,root_increment,1,-1,-1,578,45.8966
6082,8736,root_increment,1,-1,-1,8736,45.8966
6083,5962,root_increment,1,-1,-1,5962,45.8931
6084,3619,root_increment,1,-1,-1,3619,45.8928
6085,2752,root_increment,1,-1,-1,2752,45.8902
6086,2765,root_increment,1,-1,-1,2765,45.8902
6087,2786,root_increment,1,-1,-1,2786,45.8902
6088,17708,root_increment,1,-1,-1,17708,45.8878
6089,6941,root_increment,1,-1,-1,6941,45.8839
6090,1654,root_increment,1,-1,-1,1654,45.8822
6091,7284,root_increment,1,-1,-1,7284,45.8685
6092,2,root_increment,1,-1,-1,2,45.8681
6093,7566,root_increment,1,-1,-1,7566,45.8647
6094,13518,root_increment,1,-1,-1,13518,45.8608
6095,4422,root_increment,1,-1,-1,4422,45.8605
6096,989,root_increment,1,-1,-1,989,45.8591
6097,17552,root_increment,1,-1,-1,17552,45.8589
6098,2873,root_increment,1,-1,-1,2873,45.8579
6099,13153,root_increment,1,-1,-1,13153,45.857
6100,8040,root_increment,1,-1,-1,8040,45.8566
6101,5802,root_increment,1,-1,-1,5802,45.8478
6102,3598,root_increment,1,-1,-1,3598,45.8431
6103,7716,root_increment,1,-1,-1,7716,45.843
6104,1221,root_increment,1,-1,-1,1221,45.8391
6105,10379,root_increment,1,-1,-1,10379,45.8385
6106,738,root_increment,1,-1,-1,738,45.8336
6107,13227,root_increment,1,-1,-1,13227,45.8302
6108,5789,root_increment,1,-1,-1,5789,45.8287
6109,5912,root_increment,1,-1,-1,5912,45.8261
6110,19830,root_increment,1,-1,-1,19830,45.8244
6111,11130,root_increment,1,-1,-1,11130,45.822
6112,3098,root_increment,1,-1,-1,3098,45.8138
6113,4723,root_increment,1,-1,-1,4723,45.8132
6114,4898,root_increment,1,-1,-1,4898,45.8118
6115,10515,root_increment,1,-1,-1,10515,45.8107
6116,15171,root_increment,1,-1,-1,15171,45.8104
6117,15343,root_increment,1,-1,-1,15343,45.809
6118,11368,root_increment,1,-1,-1,11368,45.8031
6119,379,root_increment,1,-1,-1,379,45.8028
6120,12476,root_increment,1,-1,-1,12476,45.8005
6121,6881,root_increment,1,-1,-1,6881,45.799
6122,11290,root_increment,1,-1,-1,11290,45.7936
6123,19648,root_increment,1,-1,-1,19648,45.7932
6124,11883,root_increment,1,-1,-1,11883,45.7928
6125,7354,root_increment,1,-1,-1,7354,45.7915
6126,3124,root_increment,1,-1,-1,3124,45.7903
6127,10985,root_increment,1,-1,-1,10985,45.784
6128,8249,root_increment,1,-1,-1,8249,45.7828
6129,3136,root_increment,1,-1,-1,3136,45.7806
6130,2014,root_increment,1,-1,-1,2014,45.7804
6131,9007,root_increment,1,-1,-1,9007,45.78
6132,8255,root_increment,1,-1,-1,8255,45.7766
6133,8260,root_increment,1,-1,-1,8260,45.7766
6134,18762,root_increment,1,-1,-1,18762,45.7762
6135,3677,root_increment,1,-1,-1,3677,45.7699
6136,8454,root_increment,1,-1,-1,8454,45.7669
6137,959,root_increment,1,-1,-1,959,45.7604
6138,13442,root_increment,1,-1,-1,13442,45.7598
6139,7826,root_increment,1,-1,-1,7826,45.7578
6140,9883,root_increment,1,-1,-1,9883,45.7565
6141,1612,root_increment,1,-1,-1,1612,45.7565
6142,1303,root_increment,1,-1,-1,1303,45.7527
6143,16901,root_increment,1,-1,-1,16901,45.751
6144,11115,root_increment,1,-1,-1,11115,45.7506
6145,4796,root_increment,1,-1,-1,4796,45.7503
6146,4415,root_increment,1,-1,-1,4415,45.7486
6147,6825,root_increment,1,-1,-1,6825,45.7467
6148,77,root_increment,1,-1,-1,77,45.746
6149,4775,root_increment,1,-1,-1,4775,45.7459
6150,1873,root_increment,1,-1,-1,1873,45.7449
6151,8282,root_increment,1,-1,-1,8282,45.7418
6152,12067,root_increment,1,-1,-1,12067,45.7387
6153,14782,root_increment,1,-1,-1,14782,45.7372
6154,9141,root_increment,1,-1,-1,9141,45.7366
6155,16044,root_increment,1,-1,-1,16044,45.7365
6156,2993,root_increment,1,-1,-1,2993,45.7361
6157,8284,root_increment,1,-1,-1,8284,45.7349
6158,6636,root_increment,1,-1,-1,6636,45.7306
6159,13216,root_increment,1,-1,-1,13216,45.7294
6160,2505,root_increment,1,-1,-1,2505,45.729
6161,10493,root_increment,1,-1,-1,10493,45.7261
6162,827,root_increment,1,-1,-1,827,45.7251
6163,509,root_increment,1,-1,-1,509,45.7223
6164,4666,root_increment,1,-1,-1,4666,45.7199
6165,4972,root_increment,1,-1,-1,4972,45.7199
6166,974,root_increment,1,-1,-1,974,45.7171
6167,5473,root_increment,1,-1,-1,5473,45.714
6168,4694,root_increment,1,-1,-1,4694,45.7076
6169,4707,root_increment,1,-1,-1,4707,45.7076
6170,16489,root_increment,1,-1,-1,16489,45.7049
6171,5779,root_increment,1,-1,-1,5779,45.6992
6172,5169,root_increment,1,-1,-1,5169,45.6991
6173,18203,root_increment,1,-1,-1,18203,45.6964
6174,10724,root_increment,1,-1,-1,10724,45.6957
6175,8550,root_increment,1,-1,-1,8550,45.6948
6176,1675,root_increment,1,-1,-1,1675,45.6909
6177,565,root_increment,1,-1,-1,565,45.6899
6178,14585,root_increment,1,-1,-1,14585,45.689
6179,3893,root_increment,1,-1,-1,3893,45.6878
6180,505,root_increment,1,-1,-1,505,45.686
6181,4385,root_increment,1,-1,-1,4385,45.6853
6182,8270,root_increment,1,-1,-1,8270,45.6853
6183,2561,root_increment,1,-1,-1,2561,45.6812
6184,9873,root_increment,1,-1,-1,9873,45.6767
6185,16050,root_increment,1,-1,-1,16050,45.6759
6186,5098,root_increment,1,-1,-1,5098,45.6718
6187,11691,root_increment,1,-1,-1,11691,45.6684
6188,882,root_increment,1,-1,-1,882,45.6648
6189,1494,root_increment,1,-1,-1,1494,45.6577
6190,11510,root_increment,1,-1,-1,11510,45.6563
6191,144,root_increment,1,-1,-1,144,45.6555
6192,157,root_increment,1,-1,-1,157,45.6555
6193,165,root_increment,1,-1,-1,165,45.6555
6194,178,root_increment,1,-1,-1,178,45.6555
6195,19612,root_increment,1,-1,-1,19612,45.6517
6196,5448,root_increment,1,-1,-1,5448,45.6459
6197,9384,root_increment,1,-1,-1,9384,45.6454
6198,15645,root_increment,1,-1,-1,15645,45.645
6199,6686,root_increment,1,-1,-1,6686,45.6415
6200,1993,root_increment,1,-1,-1,1993,45.6401
6201,13221,root_increment,1,-1,-1,13221,45.6385
6202,15331,root_increment,1,-1,-1,15331,45.6382
6203,10163,root_increment,1,-1,-1,10163,45.6382
6204,8791,root_increment,1,-1,-1,8791,45.6356
6205,1709,root_increment,1,-1,-1,1709,45.633
6206,6231,root_increment,1,-1,-1,6231,45.6309
6207,5470,root_increment,1,-1,-1,5470,45.6288
6208,3953,root_increment,1,-1,-1,3953,45.6263
6209,15898,root_increment,1,-1,-1,15898,45.6253
6210,8480,root_increment,1,-1,-1,8480,45.6196
6211,11307,root_increment,1,-1,-1,11307,45.611
6212,5365,root_increment,1,-1,-1,5365,45.6079
6213,4411,root_increment,1,-1,-1,4411,45.6025
6214,7835,root_increment,1,-1,-1,7835,45.5985
6215,2944,root_increment,1,-1,-1,2944,45.5946
6216,5084,root_increment,1,-1,-1,5084,45.5921
6217,2403,root_increment,1,-1,-1,2403,45.5919
6218,559,root_increment,1,-1,-1,559,45.5883
6219,10509,root_increment,1,-1,-1,10509,45.5868
6220,11093,root_increment,1,-1,-1,11093,45.5826
6221,2043,root_increment,1,-1,-1,2043,45.5785
6222,1814,root_increment,1,-1,-1,1814,45.5743
6223,15747,root_increment,1,-1,-1,15747,45.5712
6224,8113,root_increment,1,-1,-1,8113,45.5632
6225,12650,root_increment,1,-1,-1,12650,45.5546
6226,814,root_increment,1,-1,-1,814,45.5526
6227,8193,root_increment,1,-1,-1,8193,45.5515
6228,12971,root_increment,1,-1,-1,12971,45.5513
6229,6884,root_increment,1,-1,-1,6884,45.5504
6230,16435,root_increment,1,-1,-1,16435,45.5487
6231,1433,root_increment,1,-1,-1,1433,45.5471
6232,4754,root_increment,1,-1,-1,4754,45.5425
6233,9771,root_increment,1,-1,-1,9771,45.5424
6234,5000,root_increment,1,-1,-1,5000,45.5414
6235,8414,root_increment,1,-1,-1,8414,45.5361
6236,9431,root_increment,1,-1,-1,9431,45.5355
6237,9799,root_increment,1,-1,-1,9799,45.5355
6238,4593,root_increment,1,-1,-1,4593,45.535
6239,4686,root_increment,1,-1,-1,4686,45.5312
6240,455,root_increment,1,-1,-1,455,45.5282
6241,8020,root_increment,1,-1,-1,8020,45.5211
6242,2484,root_increment,1,-1,-1,2484,45.5164
6243,14102,root_increment,1,-1,-1,14102,45.5161
6244,2658,root_increment,1,-1,-1,2658,45.5121
6245,4699,root_increment,1,-1,-1,4699,45.505
6246,10975,root_increment,1,-1,-1,10975,45.4979
6247,9045,root_increment,1,-1,-1,9045,45.4936
6248,2637,root_increment,1,-1,-1,2637,45.4926
6249,8519,root_increment,1,-1,-1,8519,45.4925
6250,625,root_increment,1,-1,-1,625,45.4923
6251,3145,root_increment,1,-1,-1,3145,45.4834
6252,7262,root_increment,1,-1,-1,7262,45.4746
6253,9457,root_increment,1,-1,-1,9457,45.4746
6254,5766,root_increment,1,-1,-1,5766,45.4706
6255,9445,root_increment,1,-1,-1,9445,45.4691
6256,2035,root_increment,1,-1,-1,2035,45.4675
6257,2548,root_increment,1,-1,-1,2548,45.4648
6258,6494,root_increment,1,-1,-1,6494,45.4641
6259,12066,root_increment,1,-1,-1,12066,45.4637
6260,6212,root_increment,1,-1,-1,6212,45.4628
6261,15244,root_increment,1,-1,-1,15244,45.4606
6262,9977,root_increment,1,-1,-1,9977,45.4605
6263,895,root_increment,1,-1,-1,895,45.4583
6264,1980,root_increment,1,-1,-1,1980,45.4579
6265,319,root_increment,1,-1,-1,319,45.4575
6266,3344,root_increment,1,-1,-1,3344,45.4564
6267,5258,root_increment,1,-1,-1,5258,45.4482
6268,12140,root_increment,1,-1,-1,12140,45.4455
6269,4931,root_increment,1,-1,-1,4931,45.4439
6270,15230,root_increment,1,-1,-1,15230,45.4405
6271,7046,root_increment,1,-1,-1,7046,45.4392
6272,2764,root_increment,1,-1,-1,2764,45.4368
6273,8130,root_increment,1,-1,-1,8130,45.4313
6274,8551,root_increment,1,-1,-1,8551,45.4308
6275,16412,root_increment,1,-1,-1,16412,45.4297
6276,108,root_increment,1,-1,-1,108,45.4286
6277,9215,root_increment,1,-1,-1,9215,45.4285
6278,11693,root_increment,1,-1,-1,11693,45.4277
6279,1662,root_increment,1,-1,-1,1662,45.4271
6280,15585,root_increment,1,-1,-1,15585,45.4248
6281,12545,root_increment,1,-1,-1,12545,45.4215
6282,949,root_increment,1,-1,-1,949,45.4212
6283,19031,root_increment,1,-1,-1,19031,45.4203
6284,13486,root_increment,1,-1,-1,13486,45.4152
6285,7877,root_increment,1,-1,-1,7877,45.4123
6286,3687,root_increment,1,-1,-1,3687,45.4118
6287,4539,root_increment,1,-1,-1,4539,45.4101
6288,751,root_increment,1,-1,-1,751,45.4059
6289,8273,root_increment,1,-1,-1,8273,45.4051
6290,276,root_increment,1,-1,-1,276,45.4039
6291,8276,root_increment,1,-1,-1,8276,45.4015
6292,9838,root_increment,1,-1,-1,9838,45.4006
6293,16467,root_increment,1,-1,-1,16467,45.3997
6294,16516,root_increment,1,-1,-1,16516,45.3944
6295,15163,root_increment,1,-1,-1,15163,45.3869
6296,2645,root_increment,1,-1,-1,2645,45.3863
6297,16318,root_increment,1,-1,-1,16318,45.3825
6298,2016,root_increment,1,-1,-1,2016,45.3817
6299,5460,root_increment,1,-1,-1,5460,45.3804
6300,4085,root_increment,1,-1,-1,4085,45.3788
6301,3674,root_increment,1,-1,-1,3674,45.3762
6302,3987,root_increment,1,-1,-1,3987,45.3701
6303,238,root_increment,1,-1,-1,238,45.3679
6304,18194,root_increment,1,-1,-1,18194,45.3625
6305,8098,root_increment,1,-1,-1,8098,45.3608
6306,7985,root_increment,1,-1,-1,7985,45.3516
6307,5462,root_increment,1,-1,-1,5462,45.3504
6308,15104,root_increment,1,-1,-1,15104,45.3478
6309,5797,root_increment,1,-1,-1,5797,45.3474
6310,81,root_increment,1,-1,-1,81,45.347
6311,17017,root_increment,1,-1,-1,17017,45.347
6312,4152,root_increment,1,-1,-1,4152,45.3454
6313,15512,root_increment,1,-1,-1,15512,45.3395
6314,5483,root_increment,1,-1,-1,5483,45.3367
6315,18921,root_increment,1,-1,-1,18921,45.3348
6316,7436,root_increment,1,-1,-1,7436,45.334
6317,1437,root_increment,1,-1,-1,1437,45.3319
6318,6660,root_increment,1,-1,-1,6660,45.3283
6319,18729,root_increment,1,-1,-1,18729,45.3261
6320,3661,root_increment,1,-1,-1,3661,45.3239
6321,4635,root_increment,1,-1,-1,4635,45.3205
6322,11478,root_increment,1,-1,-1,11478,45.3202
6323,19067,root_increment,1,-1,-1,19067,45.3195
6324,19733,root_increment,1,-1,-1,19733,45.3124
6325,13345,root_increment,1,-1,-1,13345,45.3111
6326,544,root_increment,1,-1,-1,544,45.3109
6327,18391,root_increment,1,-1,-1,18391,45.3101
6328,11458,root_increment,1,-1,-1,11458,45.3076
6329,1641,root_increment,1,-1,-1,1641,45.3049
6330,95,root_increment,1,-1,-1,95,45.3015
6331,4691,root_increment,1,-1,-1,4691,45.3006
6332,5433,root_increment,1,-1,-1,5433,45.2994
6333,14878,root_increment,1,-1,-1,14878,45.299
6334,18177,root_increment,1,-1,-1,18177,45.2988
6335,777,root_increment,1,-1,-1,777,45.2984
6336,15187,root_increment,1,-1,-1,15187,45.2971
6337,1116,root_increment,1,-1,-1,1116,45.2933
6338,3860,root_increment,1,-1,-1,3860,45.2921
6339,2750,root_increment,1,-1,-1,2750,45.2898
6340,1489,root_increment,1,-1,-1,1489,45.2863
6341,16260,root_increment,1,-1,-1,16260,45.2855
6342,9098,root_increment,1,-1,-1,9098,45.2795
6343,9586,root_increment,1,-1,-1,9586,45.279
6344,6276,root_increment,1,-1,-1,6276,45.2781
6345,8156,root_increment,1,-1,-1,8156,45.2696
6346,9012,root_increment,1,-1,-1,9012,45.2693
6347,9373,root_increment,1,-1,-1,9373,45.267
6348,15031,root_increment,1,-1,-1,15031,45.2666
6349,1696,root_increment,1,-1,-1,1696,45.2664
6350,6004,root_increment,1,-1,-1,6004,45.2657
6351,16790,root_increment,1,-1,-1,16790,45.2564
6352,6740,root_increment,1,-1,-1,6740,45.2536
6353,6692,root_increment,1,-1,-1,6692,45.249
6354,8245,root_increment,1,-1,-1,8245,45.2477
6355,3331,root_increment,1,-1,-1,3331,45.2473
6356,8168,root_increment,1,-1,-1,8168,45.2469
6357,18174,root_increment,1,-1,-1,18174,45.2465
6358,2763,root_increment,1,-1,-1,2763,45.2436
6359,987,root_increment,1,-1,-1,987,45.2367
6360,4293,root_increment,1,-1,-1,4293,45.2332
6361,2585,root_increment,1,-1,-1,2585,45.2319
6362,10438,root_increment,1,-1,-1,10438,45.2308
6363,9609,root_increment,1,-1,-1,9609,45.2299
6364,10931,root_increment,1,-1,-1,10931,45.2264
6365,7606,root_increment,1,-1,-1,7606,45.2239
6366,8360,root_increment,1,-1,-1,8360,45.2191
6367,9530,root_increment,1,-1,-1,9530,45.2177
6368,489,root_increment,1,-1,-1,489,45.2175
6369,4321,root_increment,1,-1,-1,4321,45.2157
6370,2192,root_increment,1,-1,-1,2192,45.2154
6371,10325,root_increment,1,-1,-1,10325,45.2141
6372,5826,root_increment,1,-1,-1,5826,45.2093
6373,3002,root_increment,1,-1,-1,3002,45.2077
6374,10790,root_increment,1,-1,-1,10790,45.2055
6375,1764,root_increment,1,-1,-1,1764,45.2015
6376,8634,root_increment,1,-1,-1,8634,45.1996
6377,3468,root_increment,1,-1,-1,3468,45.1947
6378,10641,root_increment,1,-1,-1,10641,45.194
6379,3229,root_increment,1,-1,-1,3229,45.192
6380,2475,root_increment,1,-1,-1,2475,45.1906
6381,13528,root_increment,1,-1,-1,13528,45.1893
6382,5818,root_increment,1,-1,-1,5818,45.1854
6383,296,root_increment,1,-1,-1,296,45.1842
6384,17672,root_increment,1,-1,-1,17672,45.1768
6385,7993,root_increment,1,-1,-1,7993,45.1746
6386,5079,root_increment,1,-1,-1,5079,45.1745
6387,4216,root_increment,1,-1,-1,4216,45.1729
6388,2616,root_increment,1,-1,-1,2616,45.1717
6389,15844,root_increment,1,-1,-1,15844,45.1621
6390,5988,root_increment,1,-1,-1,5988,45.1535
6391,5619,root_increment,1,-1,-1,5619,45.1511
6392,18154,root_increment,1,-1,-1,18154,45.1492
6393,8899,root_increment,1,-1,-1,8899,45.1351
6394,1229,root_increment,1,-1,-1,1229,45.1351
6395,2726,root_increment,1,-1,-1,2726,45.1338
6396,8632,root_increment,1,-1,-1,8632,45.1335
6397,5388,root_increment,1,-1,-1,5388,45.1205
6398,5330,root_increment,1,-1,-1,5330,45.1192
6399,3779,root_increment,1,-1,-1,3779,45.1153
6400,11697,root_increment,1,-1,-1,11697,45.1091
6401,2577,root_increment,1,-1,-1,2577,45.1086
6402,8221,root_increment,1,-1,-1,8221,45.0978
6403,10631,root_increment,1,-1,-1,10631,45.0937
6404,6532,root_increment,1,-1,-1,6532,45.0926
6405,11192,root_increment,1,-1,-1,11192,45.0914
6406,2648,root_increment,1,-1,-1,2648,45.0903
6407,5632,root_increment,1,-1,-1,5632,45.0901
6408,8171,root_increment,1,-1,-1,8171,45.088
6409,1300,root_increment,1,-1,-1,1300,45.0855
6410,6600,root_increment,1,-1,-1,6600,45.0747
6411,6613,root_increment,1,-1,-1,6613,45.0747
6412,7943,root_increment,1,-1,-1,7943,45.0637
6413,5399,root_increment,1,-1,-1,5399,45.0636
6414,4448,root_increment,1,-1,-1,4448,45.0628
6415,2166,root_increment,1,-1,-1,2166,45.0594
6416,19154,root_increment,1,-1,-1,19154,45.0594
6417,6727,root_increment,1,-1,-1,6727,45.0581
6418,251,root_increment,1,-1,-1,251,45.0562
6419,13412,root_increment,1,-1,-1,13412,45.0517
6420,798,root_increment,1,-1,-1,798,45.0488
6421,18249,root_increment,1,-1,-1,18249,45.0461
6422,848,root_increment,1,-1,-1,848,45.0448
6423,76,root_increment,1,-1,-1,76,45.0437
6424,6058,root_increment,1,-1,-1,6058,45.0386
6425,5322,root_increment,1,-1,-1,5322,45.0379
6426,3420,root_increment,1,-1,-1,3420,45.03
6427,17691,root_increment,1,-1,-1,17691,45.0275
6428,6854,root_increment,1,-1,-1,6854,45.0248
6429,10193,root_increment,1,-1,-1,10193,45.0243
6430,10954,root_increment,1,-1,-1,10954,45.0216
6431,13447,root_increment,1,-1,-1,13447,45.0211
6432,3653,root_increment,1,-1,-1,3653,45.0118
6433,15,root_increment,1,-1,-1,15,45.0115
6434,11884,root_increment,1,-1,-1,11884,45.0098
6435,526,root_increment,1,-1,-1,526,45.0085
6436,18665,root_increment,1,-1,-1,18665,45.0081
6437,3745,root_increment,1,-1,-1,3745,45.006
6438,13429,root_increment,1,-1,-1,13429,45.0055
6439,19267,root_increment,1,-1,-1,19267,45.0042
6440,2335,root_increment,1,-1,-1,2335,45.0036
6441,8142,root_increment,1,-1,-1,8142,44.9961
6442,4658,root_increment,1,-1,-1,4658,44.9952
6443,7529,root_increment,1,-1,-1,7529,44.9919
6444,6989,root_increment,1,-1,-1,6989,44.9913
6445,2522,root_increment,1,-1,-1,2522,44.9866
6446,5445,root_increment,1,-1,-1,5445,44.9858
6447,8071,root_increment,1,-1,-1,8071,44.9831
6448,8226,root_increment,1,-1,-1,8226,44.9758
6449,3734,root_increment,1,-1,-1,3734,44.9745
6450,8418,root_increment,1,-1,-1,8418,44.9737
6451,2972,root_increment,1,-1,-1,2972,44.9713
6452,9952,root_increment,1,-1,-1,9952,44.9684
6453,14288,root_increment,1,-1,-1,14288,44.9673
6454,5104,root_increment,1,-1,-1,5104,44.9623
6455,3974,root_increment,1,-1,-1,3974,44.9611
6456,9261,root_increment,1,-1,-1,9261,44.9585
6457,16807,root_increment,1,-1,-1,16807,44.9579
6458,16067,root_increment,1,-1,-1,16067,44.9503
6459,4987,root_increment,1,-1,-1,4987,44.9487
6460,12769,root_increment,1,-1,-1,12769,44.9467
6461,2839,root_increment,1,-1,-1,2839,44.942
6462,12358,root_increment,1,-1,-1,12358,44.9367
6463,4105,root_increment,1,-1,-1,4105,44.9348
6464,9863,root_increment,1,-1,-1,9863,44.9292
6465,9621,root_increment,1,-1,-1,9621,44.929
6466,4113,root_increment,1,-1,-1,4113,44.9243
6467,12607,root_increment,1,-1,-1,12607,44.9179
6468,5029,root_increment,1,-1,-1,5029,44.9172
6469,11447,root_increment,1,-1,-1,11447,44.9161
6470,1631,root_increment,1,-1,-1,1631,44.9159
6471,1801,root_increment,1,-1,-1,1801,44.9154
6472,5794,root_increment,1,-1,-1,5794,44.9151
6473,5799,root_increment,1,-1,-1,5799,44.9151
6474,5807,root_increment,1,-1,-1,5807,44.9151
6475,4309,root_increment,1,-1,-1,4309,44.9104
6476,1958,root_increment,1,-1,-1,1958,44.9059
6477,1216,root_increment,1,-1,-1,1216,44.9023
6478,1250,root_increment,1,-1,-1,1250,44.9023
6479,2602,root_increment,1,-1,-1,2602,44.9013
6480,5182,root_increment,1,-1,-1,5182,44.9009
6481,6416,root_increment,1,-1,-1,6416,44.9006
6482,15950,root_increment,1,-1,-1,15950,44.8998
6483,8229,root_increment,1,-1,-1,8229,44.894
6484,5161,root_increment,1,-1,-1,5161,44.8933
6485,4350,root_increment,1,-1,-1,4350,44.8909
6486,2241,root_increment,1,-1,-1,2241,44.8875
6487,1550,root_increment,1,-1,-1,1550,44.8841
6488,272,root_increment,1,-1,-1,272,44.8838
6489,2119,root_increment,1,-1,-1,2119,44.8823
6490,8720,root_increment,1,-1,-1,8720,44.8789
6491,18018,root_increment,1,-1,-1,18018,44.8746
6492,6012,root_increment,1,-1,-1,6012,44.8746
6493,5208,root_increment,1,-1,-1,5208,44.8738
6494,3407,root_increment,1,-1,-1,3407,44.872
6495,18542,root_increment,1,-1,-1,18542,44.8715
6496,1852,root_increment,1,-1,-1,1852,44.8633
6497,1707,root_increment,1,-1,-1,1707,44.8609
6498,1269,root_increment,1,-1,-1,1269,44.8591
6499,19975,root_increment,1,-1,-1,19975,44.8578
6500,1137,root_increment,1,-1,-1,1137,44.8548
6501,18191,root_increment,1,-1,-1,18191,44.853
6502,8904,root_increment,1,-1,-1,8904,44.8529
6503,7224,root_increment,1,-1,-1,7224,44.8518
6504,835,root_increment,1,-1,-1,835,44.8514
6505,9886,root_increment,1,-1,-1,9886,44.851
6506,9899,root_increment,1,-1,-1,9899,44.851
6507,3666,root_increment,1,-1,-1,3666,44.845
6508,3310,root_increment,1,-1,-1,3310,44.8445
6509,1142,root_increment,1,-1,-1,1142,44.8437
6510,1669,root_increment,1,-1,-1,1669,44.8412
6511,18735,root_increment,1,-1,-1,18735,44.8376
6512,4374,root_increment,1,-1,-1,4374,44.8344
6513,7532,root_increment,1,-1,-1,7532,44.8287
6514,4661,root_increment,1,-1,-1,4661,44.8264
6515,7756,root_increment,1,-1,-1,7756,44.8193
6516,9057,root_increment,1,-1,-1,9057,44.8112
6517,18550,root_increment,1,-1,-1,18550,44.8085
6518,146,root_increment,1,-1,-1,146,44.8073
6519,2860,root_increment,1,-1,-1,2860,44.8065
6520,2296,root_increment,1,-1,-1,2296,44.8059
6521,9922,root_increment,1,-1,-1,9922,44.8033
6522,4549,root_increment,1,-1,-1,4549,44.8029
6523,1920,root_increment,1,-1,-1,1920,44.8
6524,4314,root_increment,1,-1,-1,4314,44.7998
6525,1886,root_increment,1,-1,-1,1886,44.7986
6526,591,root_increment,1,-1,-1,591,44.7964
6527,16578,root_increment,1,-1,-1,16578,44.7874
6528,16077,root_increment,1,-1,-1,16077,44.7771
6529,11562,root_increment,1,-1,-1,11562,44.7757
6530,19345,root_increment,1,-1,-1,19345,44.7736
6531,19347,root_increment,1,-1,-1,19347,44.7674
6532,2692,root_increment,1,-1,-1,2692,44.7667
6533,4679,root_increment,1,-1,-1,4679,44.7646
6534,6947,root_increment,1,-1,-1,6947,44.7614
6535,3292,root_increment,1,-1,-1,3292,44.7545
6536,14005,root_increment,1,-1,-1,14005,44.751
6537,5389,root_increment,1,-1,-1,5389,44.7449
6538,2518,root_increment,1,-1,-1,2518,44.7435
6539,649,root_increment,1,-1,-1,649,44.7408
6540,5160,root_increment,1,-1,-1,5160,44.7406
6541,5163,root_increment,1,-1,-1,5163,44.7406
6542,5168,root_increment,1,-1,-1,5168,44.7406
6543,5173,root_increment,1,-1,-1,5173,44.7406
6544,5176,root_increment,1,-1,-1,5176,44.7406
6545,5181,root_increment,1,-1,-1,5181,44.7406
6546,5184,root_increment,1,-1,-1,5184,44.7406
6547,5189,root_increment,1,-1,-1,5189,44.7406
6548,11582,root_increment,1,-1,-1,11582,44.7397
6549,1374,root_increment,1,-1,-1,1374,44.7394
6550,19605,root_increment,1,-1,-1,19605,44.7366
6551,869,root_increment,1,-1,-1,869,44.7362
6552,11688,root_increment,1,-1,-1,11688,44.736
6553,9858,root_increment,1,-1,-1,9858,44.7355
6554,513,root_increment,1,-1,-1,513,44.7281
6555,6093,root_increment,1,-1,-1,6093,44.722
6556,8160,root_increment,1,-1,-1,8160,44.7203
6557,2317,root_increment,1,-1,-1,2317,44.7192
6558,2996,root_increment,1,-1,-1,2996,44.7175
6559,18165,root_increment,1,-1,-1,18165,44.7167
6560,1739,root_increment,1,-1,-1,1739,44.7165
6561,4272,root_increment,1,-1,-1,4272,44.7151
6562,3475,root_increment,1,-1,-1,3475,44.7151
6563,3964,root_increment,1,-1,-1,3964,44.7142
6564,7004,root_increment,1,-1,-1,7004,44.7122
6565,19172,root_increment,1,-1,-1,19172,44.7102
6566,15957,root_increment,1,-1,-1,15957,44.7051
6567,15796,root_increment,1,-1,-1,15796,44.7044
6568,18923,root_increment,1,-1,-1,18923,44.7028
6569,5347,root_increment,1,-1,-1,5347,44.6997
6570,937,root_increment,1,-1,-1,937,44.6962
6571,11037,root_increment,1,-1,-1,11037,44.6933
6572,3090,root_increment,1,-1,-1,3090,44.6928
6573,2442,root_increment,1,-1,-1,2442,44.688
6574,7769,root_increment,1,-1,-1,7769,44.6874
6575,6597,root_increment,1,-1,-1,6597,44.6869
6576,11515,root_increment,1,-1,-1,11515,44.6858
6577,19287,root_increment,1,-1,-1,19287,44.6839
6578,3766,root_increment,1,-1,-1,3766,44.6808
6579,13942,root_increment,1,-1,-1,13942,44.6803
6580,2590,root_increment,1,-1,-1,2590,44.6792
6581,2272,root_increment,1,-1,-1,2272,44.6787
6582,17125,root_increment,1,-1,-1,17125,44.676
6583,434,root_increment,1,-1,-1,434,44.6731
6584,6557,root_increment,1,-1,-1,6557,44.673
6585,4562,root_increment,1,-1,-1,4562,44.6674
6586,7402,root_increment,1,-1,-1,7402,44.6666
6587,6644,root_increment,1,-1,-1,6644,44.6558
6588,14637,root_increment,1,-1,-1,14637,44.6492
6589,1620,root_increment,1,-1,-1,1620,44.6424
6590,3564,root_increment,1,-1,-1,3564,44.6395
6591,5611,root_increment,1,-1,-1,5611,44.6392
6592,1155,root_increment,1,-1,-1,1155,44.6361
6593,11964,root_increment,1,-1,-1,11964,44.6359
6594,6017,root_increment,1,-1,-1,6017,44.633
6595,1379,root_increment,1,-1,-1,1379,44.6303
6596,4575,root_increment,1,-1,-1,4575,44.6237
6597,11604,root_increment,1,-1,-1,11604,44.6221
6598,5298,root_increment,1,-1,-1,5298,44.617
6599,1578,root_increment,1,-1,-1,1578,44.6149
6600,3195,root_increment,1,-1,-1,3195,44.6137
6601,2923,root_increment,1,-1,-1,2923,44.6102
6602,10200,root_increment,1,-1,-1,10200,44.6046
6603,13137,root_increment,1,-1,-1,13137,44.6043
6604,16396,root_increment,1,-1,-1,16396,44.604
6605,5831,root_increment,1,-1,-1,5831,44.6035
6606,8045,root_increment,1,-1,-1,8045,44.6002
6607,3004,root_increment,1,-1,-1,3004,44.5993
6608,1785,root_increment,1,-1,-1,1785,44.5978
6609,13356,root_increment,1,-1,-1,13356,44.5882
6610,3347,root_increment,1,-1,-1,3347,44.5858
6611,55,root_increment,1,-1,-1,55,44.583
6612,17050,root_increment,1,-1,-1,17050,44.5787
6613,8689,root_increment,1,-1,-1,8689,44.5733
6614,17481,root_increment,1,-1,-1,17481,44.5673
6615,5335,root_increment,1,-1,-1,5335,44.5651
6616,11023,root_increment,1,-1,-1,11023,44.5596
6617,1237,root_increment,1,-1,-1,1237,44.5595
6618,2889,root_increment,1,-1,-1,2889,44.5587
6619,6009,root_increment,1,-1,-1,6009,44.5551
6620,18248,root_increment,1,-1,-1,18248,44.5504
6621,13464,root_increment,1,-1,-1,13464,44.5482
6622,4126,root_increment,1,-1,-1,4126,44.5455
6623,5419,root_increment,1,-1,-1,5419,44.5452
6624,7091,root_increment,1,-1,-1,7091,44.5378
6625,3046,root_increment,1,-1,-1,3046,44.5357
6626,5077,root_increment,1,-1,-1,5077,44.5352
6627,13573,root_increment,1,-1,-1,13573,44.53
6628,11554,root_increment,1,-1,-1,11554,44.5215
6629,13896,root_increment,1,-1,-1,13896,44.5192
6630,9442,root_increment,1,-1,-1,9442,44.5192
6631,6090,root_increment,1,-1,-1,6090,44.5175
6632,6098,root_increment,1,-1,-1,6098,44.5175
6633,6111,root_increment,1,-1,-1,6111,44.5175
6634,6119,root_increment,1,-1,-1,6119,44.5175
6635,10370,root_increment,1,-1,-1,10370,44.516
6636,16679,root_increment,1,-1,-1,16679,44.5134
6637,18835,root_increment,1,-1,-1,18835,44.5105
6638,1214,root_increment,1,-1,-1,1214,44.5051
6639,2330,root_increment,1,-1,-1,2330,44.5049
6640,6048,root_increment,1,-1,-1,6048,44.5036
6641,7462,root_increment,1,-1,-1,7462,44.4945
6642,16231,root_increment,1,-1,-1,16231,44.4922
6643,2140,root_increment,1,-1,-1,2140,44.4913
6644,1392,root_increment,1,-1,-1,1392,44.48
6645,7270,root_increment,1,-1,-1,7270,44.4761
6646,15301,root_increment,1,-1,-1,15301,44.4705
6647,9028,root_increment,1,-1,-1,9028,44.4681
6648,18063,root_increment,1,-1,-1,18063,44.4672
6649,8275,root_increment,1,-1,-1,8275,44.4646
6650,8970,root_increment,1,-1,-1,8970,44.4606
6651,790,root_increment,1,-1,-1,790,44.4603
6652,966,root_increment,1,-1,-1,966,44.4508
6653,4945,root_increment,1,-1,-1,4945,44.4471
6654,6724,root_increment,1,-1,-1,6724,44.4459
6655,19850,root_increment,1,-1,-1,19850,44.4404
6656,18689,root_increment,1,-1,-1,18689,44.4398
6657,6950,root_increment,1,-1,-1,6950,44.4393
6658,36,root_increment,1,-1,-1,36,44.439
6659,3192,root_increment,1,-1,-1,3192,44.4354
6660,3656,root_increment,1,-1,-1,3656,44.4305
6661,17682,root_increment,1,-1,-1,17682,44.43
6662,5975,root_increment,1,-1,-1,5975,44.4202
6663,2666,root_increment,1,-1,-1,2666,44.4167
6664,1484,root_increment,1,-1,-1,1484,44.4164
6665,5343,root_increment,1,-1,-1,5343,44.4147
6666,12958,root_increment,1,-1,-1,12958,44.4038
6667,696,root_increment,1,-1,-1,696,44.399
6668,5530,root_increment,1,-1,-1,5530,44.3974
6669,195,root_increment,1,-1,-1,195,44.3973
6670,19964,root_increment,1,-1,-1,19964,44.3973
6671,7127,root_increment,1,-1,-1,7127,44.3956
6672,19143,root_increment,1,-1,-1,19143,44.3913
6673,15738,root_increment,1,-1,-1,15738,44.3909
6674,3966,root_increment,1,-1,-1,3966,44.3902
6675,2017,root_increment,1,-1,-1,2017,44.3891
6676,1090,root_increment,1,-1,-1,1090,44.3879
6677,8247,root_increment,1,-1,-1,8247,44.3807
6678,8240,root_increment,1,-1,-1,8240,44.3783
6679,733,root_increment,1,-1,-1,733,44.3756
6680,5411,root_increment,1,-1,-1,5411,44.3696
6681,1798,root_increment,1,-1,-1,1798,44.3682
6682,8163,root_increment,1,-1,-1,8163,44.3668
6683,11473,root_increment,1,-1,-1,11473,44.363
6684,19020,root_increment,1,-1,-1,19020,44.3595
6685,12791,root_increment,1,-1,-1,12791,44.3573
6686,10286,root_increment,1,-1,-1,10286,44.3566
6687,6838,root_increment,1,-1,-1,6838,44.3544
6688,1111,root_increment,1,-1,-1,1111,44.3529
6689,2776,root_increment,1,-1,-1,2776,44.3527
6690,18427,root_increment,1,-1,-1,18427,44.3474
6691,14665,root_increment,1,-1,-1,14665,44.3467
6692,13481,root_increment,1,-1,-1,13481,44.3441
6693,11700,root_increment,1,-1,-1,11700,44.3425
6694,4746,root_increment,1,-1,-1,4746,44.3419
6695,13483,root_increment,1,-1,-1,13483,44.3205
6696,14436,root_increment,1,-1,-1,14436,44.3169
6697,353,root_increment,1,-1,-1,353,44.3155
6698,15763,root_increment,1,-1,-1,15763,44.3143
6699,2444,root_increment,1,-1,-1,2444,44.314
6700,5623,root_increment,1,-1,-1,5623,44.3134
6701,617,root_increment,1,-1,-1,617,44.3103
6702,6626,root_increment,1,-1,-1,6626,44.3086
6703,4301,root_increment,1,-1,-1,4301,44.3083
6704,10846,root_increment,1,-1,-1,10846,44.3067
6705,13013,root_increment,1,-1,-1,13013,44.302
6706,5314,root_increment,1,-1,-1,5314,44.3006
6707,3326,root_increment,1,-1,-1,3326,44.2989
6708,15227,root_increment,1,-1,-1,15227,44.298
6709,429,root_increment,1,-1,-1,429,44.2976
6710,10337,root_increment,1,-1,-1,10337,44.282
6711,8576,root_increment,1,-1,-1,8576,44.2815
6712,3700,root_increment,1,-1,-1,3700,44.2813
6713,9370,root_increment,1,-1,-1,9370,44.2812
6714,4032,root_increment,1,-1,-1,4032,44.2794
6715,4040,root_increment,1,-1,-1,4040,44.2794
6716,18243,root_increment,1,-1,-1,18243,44.2788
6717,3318,root_increment,1,-1,-1,3318,44.2786
6718,1205,root_increment,1,-1,-1,1205,44.276
6719,4847,root_increment,1,-1,-1,4847,44.2728
6720,3297,root_increment,1,-1,-1,3297,44.265
6721,3339,root_increment,1,-1,-1,3339,44.2639
6722,3394,root_increment,1,-1,-1,3394,44.2614
6723,9778,root_increment,1,-1,-1,9778,44.2611
6724,6001,root_increment,1,-1,-1,6001,44.2587
6725,7990,root_increment,1,-1,-1,7990,44.2568
6726,4234,root_increment,1,-1,-1,4234,44.2489
6727,6474,root_increment,1,-1,-1,6474,44.2483
6728,9113,root_increment,1,-1,-1,9113,44.2464
6729,6127,root_increment,1,-1,-1,6127,44.2434
6730,5381,root_increment,1,-1,-1,5381,44.2431
6731,8116,root_increment,1,-1,-1,8116,44.2417
6732,1145,root_increment,1,-1,-1,1145,44.2411
6733,9727,root_increment,1,-1,-1,9727,44.2386
6734,4174,root_increment,1,-1,-1,4174,44.2384
6735,4854,root_increment,1,-1,-1,4854,44.2373
6736,413,root_increment,1,-1,-1,413,44.2352
6737,1320,root_increment,1,-1,-1,1320,44.2298
6738,7269,root_increment,1,-1,-1,7269,44.2182
6739,10504,root_increment,1,-1,-1,10504,44.2139
6740,5368,root_increment,1,-1,-1,5368,44.206
6741,9453,root_increment,1,-1,-1,9453,44.2047
6742,5533,root_increment,1,-1,-1,5533,44.2022
6743,693,root_increment,1,-1,-1,693,44.192
6744,2275,root_increment,1,-1,-1,2275,44.1899
6745,332,root_increment,1,-1,-1,332,44.1814
6746,3006,root_increment,1,-1,-1,3006,44.1812
6747,2975,root_increment,1,-1,-1,2975,44.1807
6748,6778,root_increment,1,-1,-1,6778,44.1806
6749,4974,root_increment,1,-1,-1,4974,44.1759
6750,2540,root_increment,1,-1,-1,2540,44.1752
6751,12522,root_increment,1,-1,-1,12522,44.1733
6752,3758,root_increment,1,-1,-1,3758,44.1677
6753,7740,root_increment,1,-1,-1,7740,44.1674
6754,4885,root_increment,1,-1,-1,4885,44.1632
6755,3669,root_increment,1,-1,-1,3669,44.1613
6756,8528,root_increment,1,-1,-1,8528,44.1592
6757,6515,root_increment,1,-1,-1,6515,44.1561
6758,9822,root_increment,1,-1,-1,9822,44.153
6759,16556,root_increment,1,-1,-1,16556,44.1472
6760,5384,root_increment,1,-1,-1,5384,44.1418
6761,2434,root_increment,1,-1,-1,2434,44.1416
6762,11228,root_increment,1,-1,-1,11228,44.1407
6763,19601,root_increment,1,-1,-1,19601,44.1382
6764,787,root_increment,1,-1,-1,787,44.1363
6765,4353,root_increment,1,-1,-1,4353,44.1353
6766,38,root_increment,1,-1,-1,38,44.1283
6767,13996,root_increment,1,-1,-1,13996,44.1266
6768,10511,root_increment,1,-1,-1,10511,44.125
6769,1930,root_increment,1,-1,-1,1930,44.1249
6770,5891,root_increment,1,-1,-1,5891,44.1236
6771,13990,root_increment,1,-1,-1,13990,44.115
6772,3308,root_increment,1,-1,-1,3308,44.1096
6773,10506,root_increment,1,-1,-1,10506,44.1051
6774,9731,root_increment,1,-1,-1,9731,44.0992
6775,879,root_increment,1,-1,-1,879,44.0985
6776,887,root_increment,1,-1,-1,887,44.0917
6777,4674,root_increment,1,-1,-1,4674,44.0905
6778,4614,root_increment,1,-1,-1,4614,44.0899
6779,5397,root_increment,1,-1,-1,5397,44.083
6780,1290,root_increment,1,-1,-1,1290,44.083
6781,3386,root_increment,1,-1,-1,3386,44.0813
6782,13043,root_increment,1,-1,-1,13043,44.0813
6783,8143,root_increment,1,-1,-1,8143,44.08
6784,18813,root_increment,1,-1,-1,18813,44.0793
6785,15583,root_increment,1,-1,-1,15583,44.0786
6786,17259,root_increment,1,-1,-1,17259,44.0741
6787,1838,root_increment,1,-1,-1,1838,44.0666
6788,13751,root_increment,1,-1,-1,13751,44.0635
6789,19400,root_increment,1,-1,-1,19400,44.0634
6790,18546,root_increment,1,-1,-1,18546,44.0518
6791,8192,root_increment,1,-1,-1,8192,44.0517
6792,8200,root_increment,1,-1,-1,8200,44.0517
6793,12032,root_increment,1,-1,-1,12032,44.0471
6794,17661,root_increment,1,-1,-1,17661,44.0438
6795,4704,root_increment,1,-1,-1,4704,44.0405
6796,18725,root_increment,1,-1,-1,18725,44.0385
6797,8271,root_increment,1,-1,-1,8271,44.0384
6798,14738,root_increment,1,-1,-1,14738,44.0356
6799,994,root_increment,1,-1,-1,994,44.0351
6800,18142,root_increment,1,-1,-1,18142,44.0323
6801,2650,root_increment,1,-1,-1,2650,44.0309
6802,754,root_increment,1,-1,-1,754,44.0284
6803,9324,root_increment,1,-1,-1,9324,44.0261
6804,15712,root_increment,1,-1,-1,15712,44.0248
6805,866,root_increment,1,-1,-1,866,44.0211
6806,15334,root_increment,1,-1,-1,15334,44.0196
6807,5446,root_increment,1,-1,-1,5446,44.0194
6808,3381,root_increment,1,-1,-1,3381,44.019
6809,3415,root_increment,1,-1,-1,3415,44.019
6810,2700,root_increment,1,-1,-1,2700,44.0178
6811,7362,root_increment,1,-1,-1,7362,44.0137
6812,8804,root_increment,1,-1,-1,8804,44.0092
6813,3441,root_increment,1,-1,-1,3441,44.0081
6814,16267,root_increment,1,-1,-1,16267,44.0077
6815,18204,root_increment,1,-1,-1,18204,43.9994
6816,8322,root_increment,1,-1,-1,8322,43.9962
6817,17523,root_increment,1,-1,-1,17523,43.9959
6818,17886,root_increment,1,-1,-1,17886,43.9915
6819,6014,root_increment,1,-1,-1,6014,43.9867
6820,19634,root_increment,1,-1,-1,19634,43.9836
6821,10840,root_increment,1,-1,-1,10840,43.9806
6822,2106,root_increment,1,-1,-1,2106,43.9765
6823,19379,root_increment,1,-1,-1,19379,43.9758
6824,1335,root_increment,1,-1,-1,1335,43.9753
6825,648,root_increment,1,-1,-1,648,43.9707
6826,18242,root_increment,1,-1,-1,18242,43.9698
6827,855,root_increment,1,-1,-1,855,43.9693
6828,4147,root_increment,1,-1,-1,4147,43.9661
6829,10281,root_increment,1,-1,-1,10281,43.9648
6830,2051,root_increment,1,-1,-1,2051,43.9629
6831,28,root_increment,1,-1,-1,28,43.96
6832,6022,root_increment,1,-1,-1,6022,43.9599
6833,16328,root_increment,1,-1,-1,16328,43.9576
6834,1555,root_increment,1,-1,-1,1555,43.9537
6835,8473,root_increment,1,-1,-1,8473,43.9502
6836,8762,root_increment,1,-1,-1,8762,43.9501
6837,3940,root_increment,1,-1,-1,3940,43.9418
6838,1633,root_increment,1,-1,-1,1633,43.9404
6839,4872,root_increment,1,-1,-1,4872,43.9348
6840,1690,root_increment,1,-1,-1,1690,43.9344
6841,714,root_increment,1,-1,-1,714,43.9341
6842,4909,root_increment,1,-1,-1,4909,43.9333
6843,18129,root_increment,1,-1,-1,18129,43.9266
6844,416,root_increment,1,-1,-1,416,43.9195
6845,6550,root_increment,1,-1,-1,6550,43.9182
6846,10989,root_increment,1,-1,-1,10989,43.9155
6847,7832,root_increment,1,-1,-1,7832,43.9146
6848,1358,root_increment,1,-1,-1,1358,43.9134
6849,5216,root_increment,1,-1,-1,5216,43.913
6850,929,root_increment,1,-1,-1,929,43.9105
6851,9117,root_increment,1,-1,-1,9117,43.9079
6852,2931,root_increment,1,-1,-1,2931,43.9057
6853,4440,root_increment,1,-1,-1,4440,43.9041
6854,201,root_increment,1,-1,-1,201,43.9022
6855,17554,root_increment,1,-1,-1,17554,43.9012
6856,222,root_increment,1,-1,-1,222,43.8995
6857,10841,root_increment,1,-1,-1,10841,43.8983
6858,3533,root_increment,1,-1,-1,3533,43.895
6859,5873,root_increment,1,-1,-1,5873,43.8948
6860,18118,root_increment,1,-1,-1,18118,43.8892
6861,11815,root_increment,1,-1,-1,11815,43.8871
6862,4420,root_increment,1,-1,-1,4420,43.8854
6863,3300,root_increment,1,-1,-1,3300,43.8846
6864,2721,root_increment,1,-1,-1,2721,43.8778
6865,3743,root_increment,1,-1,-1,3743,43.8755
6866,7809,root_increment,1,-1,-1,7809,43.8659
6867,5034,root_increment,1,-1,-1,5034,43.8632
6868,8030,root_increment,1,-1,-1,8030,43.8623
6869,5307,root_increment,1,-1,-1,5307,43.8594
6870,180,root_increment,1,-1,-1,180,43.8578
6871,12087,root_increment,1,-1,-1,12087,43.852
6872,6545,root_increment,1,-1,-1,6545,43.85
6873,2207,root_increment,1,-1,-1,2207,43.8477
6874,16874,root_increment,1,-1,-1,16874,43.8457
6875,7761,root_increment,1,-1,-1,7761,43.8414
6876,6064,root_increment,1,-1,-1,6064,43.8407
6877,8896,root_increment,1,-1,-1,8896,43.8405
6878,12698,root_increment,1,-1,-1,12698,43.8371
6879,1218,root_increment,1,-1,-1,1218,43.8368
6880,16420,root_increment,1,-1,-1,16420,43.8361
6881,3606,root_increment,1,-1,-1,3606,43.8335
6882,6781,root_increment,1,-1,-1,6781,43.8315
6883,3623,root_increment,1,-1,-1,3623,43.8297
6884,8295,root_increment,1,-1,-1,8295,43.8276
6885,5316,root_increment,1,-1,-1,5316,43.8221
6886,285,root_increment,1,-1,-1,285,43.8218
6887,10027,root_increment,1,-1,-1,10027,43.8175
6888,6452,root_increment,1,-1,-1,6452,43.8157
6889,5509,root_increment,1,-1,-1,5509,43.8149
6890,3357,root_increment,1,-1,-1,3357,43.8146
6891,4961,root_increment,1,-1,-1,4961,43.8144
6892,436,root_increment,1,-1,-1,436,43.8135
6893,12835,root_increment,1,-1,-1,12835,43.8116
6894,14293,root_increment,1,-1,-1,14293,43.8103
6895,680,root_increment,1,-1,-1,680,43.8099
6896,18170,root_increment,1,-1,-1,18170,43.8073
6897,9964,root_increment,1,-1,-1,9964,43.8065
6898,18221,root_increment,1,-1,-1,18221,43.8039
6899,1382,root_increment,1,-1,-1,1382,43.7959
6900,2516,root_increment,1,-1,-1,2516,43.7945
6901,3903,root_increment,1,-1,-1,3903,43.7898
6902,3916,root_increment,1,-1,-1,3916,43.7898
6903,3924,root_increment,1,-1,-1,3924,43.7898
6904,2642,root_increment,1,-1,-1,2642,43.7875
6905,10116,root_increment,1,-1,-1,10116,43.7869
6906,1542,root_increment,1,-1,-1,1542,43.7849
6907,13850,root_increment,1,-1,-1,13850,43.7841
6908,5376,root_increment,1,-1,-1,5376,43.7815
6909,11984,root_increment,1,-1,-1,11984,43.7812
6910,5860,root_increment,1,-1,-1,5860,43.7802
6911,1599,root_increment,1,-1,-1,1599,43.7773
6912,5164,root_increment,1,-1,-1,5164,43.7768
6913,3969,root_increment,1,-1,-1,3969,43.7743
6914,18037,root_increment,1,-1,-1,18037,43.7713
6915,13853,root_increment,1,-1,-1,13853,43.7637
6916,2251,root_increment,1,-1,-1,2251,43.7618
6917,14517,root_increment,1,-1,-1,14517,43.7599
6918,2496,root_increment,1,-1,-1,2496,43.7568
6919,7272,root_increment,1,-1,-1,7272,43.7567
6920,14468,root_increment,1,-1,-1,14468,43.7565
6921,19331,root_increment,1,-1,-1,19331,43.7463
6922,7009,root_increment,1,-1,-1,7009,43.745
6923,7014,root_increment,1,-1,-1,7014,43.745
6924,8084,root_increment,1,-1,-1,8084,43.7447
6925,11829,root_increment,1,-1,-1,11829,43.7434
6926,5052,root_increment,1,-1,-1,5052,43.7431
6927,17014,root_increment,1,-1,-1,17014,43.742
6928,6964,root_increment,1,-1,-1,6964,43.7376
6929,12454,root_increment,1,-1,-1,12454,43.7362
6930,3961,root_increment,1,-1,-1,3961,43.7359
6931,15638,root_increment,1,-1,-1,15638,43.7357
6932,10632,root_increment,1,-1,-1,10632,43.7323
6933,12016,root_increment,1,-1,-1,12016,43.7298
6934,19021,root_increment,1,-1,-1,19021,43.721
6935,172,root_increment,1,-1,-1,172,43.7182
6936,89,root_increment,1,-1,-1,89,43.7149
6937,3313,root_increment,1,-1,-1,3313,43.7074
6938,4601,root_increment,1,-1,-1,4601,43.704
6939,3716,root_increment,1,-1,-1,3716,43.7031
6940,19024,root_increment,1,-1,-1,19024,43.6953
6941,10647,root_increment,1,-1,-1,10647,43.6953
6942,5750,root_increment,1,-1,-1,5750,43.6921
6943,9511,root_increment,1,-1,-1,9511,43.6915
6944,14051,root_increment,1,-1,-1,14051,43.6894
6945,4767,root_increment,1,-1,-1,4767,43.6866
6946,3376,root_increment,1,-1,-1,3376,43.6854
6947,3572,root_increment,1,-1,-1,3572,43.681
6948,12647,root_increment,1,-1,-1,12647,43.6805
6949,1656,root_increment,1,-1,-1,1656,43.6797
6950,11167,root_increment,1,-1,-1,11167,43.6775
6951,7596,root_increment,1,-1,-1,7596,43.6759
6952,8766,root_increment,1,-1,-1,8766,43.6756
6953,19453,root_increment,1,-1,-1,19453,43.6746
6954,12352,root_increment,1,-1,-1,12352,43.6737
6955,5737,root_increment,1,-1,-1,5737,43.6707
6956,1098,root_increment,1,-1,-1,1098,43.668
6957,10530,root_increment,1,-1,-1,10530,43.6659
6958,15764,root_increment,1,-1,-1,15764,43.6646
6959,4165,root_increment,1,-1,-1,4165,43.6622
6960,8355,root_increment,1,-1,-1,8355,43.6595
6961,795,root_increment,1,-1,-1,795,43.6553
6962,2493,root_increment,1,-1,-1,2493,43.653
6963,1067,root_increment,1,-1,-1,1067,43.6517
6964,2985,root_increment,1,-1,-1,2985,43.6483
6965,4361,root_increment,1,-1,-1,4361,43.648
6966,8145,root_increment,1,-1,-1,8145,43.6458
6967,8153,root_increment,1,-1,-1,8153,43.6458
6968,2495,root_increment,1,-1,-1,2495,43.6433
6969,2629,root_increment,1,-1,-1,2629,43.6428
6970,16475,root_increment,1,-1,-1,16475,43.6394
6971,3982,root_increment,1,-1,-1,3982,43.6304
6972,2363,root_increment,1,-1,-1,2363,43.627
6973,7200,root_increment,1,-1,-1,7200,43.6254
6974,3179,root_increment,1,-1,-1,3179,43.6252
6975,16972,root_increment,1,-1,-1,16972,43.6225
6976,8308,root_increment,1,-1,-1,8308,43.6213
6977,11273,root_increment,1,-1,-1,11273,43.6164
6978,2965,root_increment,1,-1,-1,2965,43.6144
6979,15043,root_increment,1,-1,-1,15043,43.6116
6980,720,root_increment,1,-1,-1,720,43.6113
6981,1701,root_increment,1,-1,-1,1701,43.6087
6982,18199,root_increment,1,-1,-1,18199,43.6055
6983,392,root_increment,1,-1,-1,392,43.6036
6984,12494,root_increment,1,-1,-1,12494,43.6034
6985,188,root_increment,1,-1,-1,188,43.6033
6986,6114,root_increment,1,-1,-1,6114,43.6001
6987,2683,root_increment,1,-1,-1,2683,43.5992
6988,11315,root_increment,1,-1,-1,11315,43.5966
6989,16123,root_increment,1,-1,-1,16123,43.5959
6990,9619,root_increment,1,-1,-1,9619,43.5952
6991,13755,root_increment,1,-1,-1,13755,43.5891
6992,14743,root_increment,1,-1,-1,14743,43.589
6993,8726,root_increment,1,-1,-1,8726,43.5856
6994,3402,root_increment,1,-1,-1,3402,43.575
6995,12525,root_increment,1,-1,-1,12525,43.5724
6996,3774,root_increment,1,-1,-1,3774,43.5646
6997,17893,root_increment,1,-1,-1,17893,43.5645
6998,10832,root_increment,1,-1,-1,10832,43.5641
6999,19448,root_increment,1,-1,-1,19448,43.5632
7000,2713,root_increment,1,-1,-1,2713,43.5605
7001,1429,root_increment,1,-1,-1,1429,43.5603
7002,8239,root_increment,1,-1,-1,8239,43.56
7003,1720,root_increment,1,-1,-1,1720,43.5569
7004,3627,root_increment,1,-1,-1,3627,43.5553
7005,7220,root_increment,1,-1,-1,7220,43.5512
7006,8129,root_increment,1,-1,-1,8129,43.5448
7007,11265,root_increment,1,-1,-1,11265,43.5402
7008,5286,root_increment,1,-1,-1,5286,43.54
7009,11972,root_increment,1,-1,-1,11972,43.5338
7010,17025,root_increment,1,-1,-1,17025,43.529
7011,16553,root_increment,1,-1,-1,16553,43.5148
7012,10150,root_increment,1,-1,-1,10150,43.5096
7013,9104,root_increment,1,-1,-1,9104,43.5062
7014,12191,root_increment,1,-1,-1,12191,43.5043
7015,8236,root_increment,1,-1,-1,8236,43.5035
7016,19308,root_increment,1,-1,-1,19308,43.5029
7017,3352,root_increment,1,-1,-1,3352,43.5014
7018,2679,root_increment,1,-1,-1,2679,43.4988
7019,2784,root_increment,1,-1,-1,2784,43.4987
7020,13093,root_increment,1,-1,-1,13093,43.4964
7021,15733,root_increment,1,-1,-1,15733,43.4962
7022,1361,root_increment,1,-1,-1,1361,43.4912
7023,15294,root_increment,1,-1,-1,15294,43.4857
7024,14133,root_increment,1,-1,-1,14133,43.4854
7025,8410,root_increment,1,-1,-1,8410,43.4834
7026,2487,root_increment,1,-1,-1,2487,43.4801
7027,1510,root_increment,1,-1,-1,1510,43.468
7028,2903,root_increment,1,-1,-1,2903,43.4666
7029,11461,root_increment,1,-1,-1,11461,43.4629
7030,1458,root_increment,1,-1,-1,1458,43.4627
7031,10785,root_increment,1,-1,-1,10785,43.4619
7032,9480,root_increment,1,-1,-1,9480,43.4618
7033,1564,root_increment,1,-1,-1,1564,43.4537
7034,2468,root_increment,1,-1,-1,2468,43.4474
7035,12838,root_increment,1,-1,-1,12838,43.4469
7036,7864,root_increment,1,-1,-1,7864,43.4464
7037,5849,root_increment,1,-1,-1,5849,43.445
7038,9709,root_increment,1,-1,-1,9709,43.4439
7039,3881,root_increment,1,-1,-1,3881,43.441
7040,701,root_increment,1,-1,-1,701,43.4397
7041,1775,root_increment,1,-1,-1,1775,43.4396
7042,1796,root_increment,1,-1,-1,1796,43.4396
7043,12006,root_increment,1,-1,-1,12006,43.4375
7044,6898,root_increment,1,-1,-1,6898,43.4366
7045,18736,root_increment,1,-1,-1,18736,43.435
7046,309,root_increment,1,-1,-1,309,43.4279
7047,5925,root_increment,1,-1,-1,5925,43.4213
7048,9627,root_increment,1,-1,-1,9627,43.4205
7049,4106,root_increment,1,-1,-1,4106,43.4176
7050,4953,root_increment,1,-1,-1,4953,43.4161
7051,2815,root_increment,1,-1,-1,2815,43.4159
7052,1141,root_increment,1,-1,-1,1141,43.4151
7053,19825,root_increment,1,-1,-1,19825,43.4146
7054,8567,root_increment,1,-1,-1,8567,43.4142
7055,11887,root_increment,1,-1,-1,11887,43.4124
7056,15831,root_increment,1,-1,-1,15831,43.4097
7057,3567,root_increment,1,-1,-1,3567,43.4078
7058,13904,root_increment,1,-1,-1,13904,43.4057
7059,247,root_increment,1,-1,-1,247,43.4035
7060,1158,root_increment,1,-1,-1,1158,43.4035
7061,1166,root_increment,1,-1,-1,1166,43.4017
7062,7911,root_increment,1,-1,-1,7911,43.4016
7063,8356,root_increment,1,-1,-1,8356,43.3975
7064,3593,root_increment,1,-1,-1,3593,43.3972
7065,3785,root_increment,1,-1,-1,3785,43.397
7066,19070,root_increment,1,-1,-1,19070,43.3959
7067,3588,root_increment,1,-1,-1,3588,43.395
7068,3069,root_increment,1,-1,-1,3069,43.3887
7069,3580,root_increment,1,-1,-1,3580,43.3869
7070,1591,root_increment,1,-1,-1,1591,43.3834
7071,11221,root_increment,1,-1,-1,11221,43.3816
7072,6355,root_increment,1,-1,-1,6355,43.3799
7073,1948,root_increment,1,-1,-1,1948,43.3766
7074,1471,root_increment,1,-1,-1,1471,43.3756
7075,2480,root_increment,1,-1,-1,2480,43.3716
7076,8201,root_increment,1,-1,-1,8201,43.3705
7077,3373,root_increment,1,-1,-1,3373,43.3666
7078,12997,root_increment,1,-1,-1,12997,43.3615
7079,12569,root_increment,1,-1,-1,12569,43.3605
7080,5665,root_increment,1,-1,-1,5665,43.354
7081,4588,root_increment,1,-1,-1,4588,43.352
7082,2598,root_increment,1,-1,-1,2598,43.3505
7083,3158,root_increment,1,-1,-1,3158,43.3473
7084,9269,root_increment,1,-1,-1,9269,43.3423
7085,161,root_increment,1,-1,-1,161,43.3391
7086,10308,root_increment,1,-1,-1,10308,43.3391
7087,8242,root_increment,1,-1,-1,8242,43.3385
7088,3389,root_increment,1,-1,-1,3389,43.3362
7089,10399,root_increment,1,-1,-1,10399,43.3349
7090,6796,root_increment,1,-1,-1,6796,43.3338
7091,4999,root_increment,1,-1,-1,4999,43.3292
7092,2171,root_increment,1,-1,-1,2171,43.3179
7093,4186,root_increment,1,-1,-1,4186,43.3159
7094,19017,root_increment,1,-1,-1,19017,43.3154
7095,2508,root_increment,1,-1,-1,2508,43.3133
7096,19318,root_increment,1,-1,-1,19318,43.3097
7097,5252,root_increment,1,-1,-1,5252,43.3074
7098,2734,root_increment,1,-1,-1,2734,43.2992
7099,16817,root_increment,1,-1,-1,16817,43.2982
7100,1822,root_increment,1,-1,-1,1822,43.2969
7101,10182,root_increment,1,-1,-1,10182,43.2956
7102,2879,root_increment,1,-1,-1,2879,43.2926
7103,7829,root_increment,1,-1,-1,7829,43.2915
7104,6976,root_increment,1,-1,-1,6976,43.2903
7105,19313,root_increment,1,-1,-1,19313,43.2903
7106,3559,root_increment,1,-1,-1,3559,43.2887
7107,7025,root_increment,1,-1,-1,7025,43.2875
7108,10710,root_increment,1,-1,-1,10710,43.2865
7109,16305,root_increment,1,-1,-1,16305,43.2791
7110,301,root_increment,1,-1,-1,301,43.2736
7111,3753,root_increment,1,-1,-1,3753,43.2721
7112,4285,root_increment,1,-1,-1,4285,43.2712
7113,4536,root_increment,1,-1,-1,4536,43.2688
7114,4343,root_increment,1,-1,-1,4343,43.2673
7115,4715,root_increment,1,-1,-1,4715,43.2672
7116,2936,root_increment,1,-1,-1,2936,43.2665
7117,1387,root_increment,1,-1,-1,1387,43.2626
7118,2482,root_increment,1,-1,-1,2482,43.2618
7119,7794,root_increment,1,-1,-1,7794,43.2428
7120,6242,root_increment,1,-1,-1,6242,43.2408
7121,13888,root_increment,1,-1,-1,13888,43.2399
7122,8994,root_increment,1,-1,-1,8994,43.2384
7123,5344,root_increment,1,-1,-1,5344,43.237
7124,14339,root_increment,1,-1,-1,14339,43.2363
7125,3575,root_increment,1,-1,-1,3575,43.2363
7126,2831,root_increment,1,-1,-1,2831,43.2362
7127,5844,root_increment,1,-1,-1,5844,43.2323
7128,138,root_increment,1,-1,-1,138,43.2302
7129,7869,root_increment,1,-1,-1,7869,43.2283
7130,5949,root_increment,1,-1,-1,5949,43.2251
7131,9061,root_increment,1,-1,-1,9061,43.2247
7132,13701,root_increment,1,-1,-1,13701,43.2241
7133,3986,root_increment,1,-1,-1,3986,43.2219
7134,14706,root_increment,1,-1,-1,14706,43.2167
7135,604,root_increment,1,-1,-1,604,43.2163
7136,6542,root_increment,1,-1,-1,6542,43.2151
7137,8575,root_increment,1,-1,-1,8575,43.2088
7138,6648,root_increment,1,-1,-1,6648,43.2084
7139,1107,root_increment,1,-1,-1,1107,43.2018
7140,570,root_increment,1,-1,-1,570,43.2
7141,552,root_increment,1,-1,-1,552,43.1958
7142,13320,root_increment,1,-1,-1,13320,43.1942
7143,18742,root_increment,1,-1,-1,18742,43.1911
7144,17265,root_increment,1,-1,-1,17265,43.1877
7145,4134,root_increment,1,-1,-1,4134,43.1811
7146,1261,root_increment,1,-1,-1,1261,43.1751
7147,7875,root_increment,1,-1,-1,7875,43.1715
7148,17001,root_increment,1,-1,-1,17001,43.1715
7149,2614,root_increment,1,-1,-1,2614,43.1649
7150,9092,root_increment,1,-1,-1,9092,43.163
7151,8602,root_increment,1,-1,-1,8602,43.1622
7152,6346,root_increment,1,-1,-1,6346,43.1616
7153,6991,root_increment,1,-1,-1,6991,43.1615
7154,3977,root_increment,1,-1,-1,3977,43.1604
7155,5938,root_increment,1,-1,-1,5938,43.16
7156,9538,root_increment,1,-1,-1,9538,43.1587
7157,11536,root_increment,1,-1,-1,11536,43.1493
7158,15157,root_increment,1,-1,-1,15157,43.1468
7159,8909,root_increment,1,-1,-1,8909,43.1466
7160,14004,root_increment,1,-1,-1,14004,43.1452
7161,13679,root_increment,1,-1,-1,13679,43.1448
7162,14674,root_increment,1,-1,-1,14674,43.1432
7163,2006,root_increment,1,-1,-1,2006,43.1421
7164,8109,root_increment,1,-1,-1,8109,43.1408
7165,5359,root_increment,1,-1,-1,5359,43.1373
7166,8781,root_increment,1,-1,-1,8781,43.1255
7167,5987,root_increment,1,-1,-1,5987,43.123
7168,7190,root_increment,1,-1,-1,7190,43.123
7169,9947,root_increment,1,-1,-1,9947,43.121
7170,10215,root_increment,1,-1,-1,10215,43.1199
7171,1989,root_increment,1,-1,-1,1989,43.1174
7172,2535,root_increment,1,-1,-1,2535,43.1159
7173,2810,root_increment,1,-1,-1,2810,43.1075
7174,4736,root_increment,1,-1,-1,4736,43.1061
7175,6809,root_increment,1,-1,-1,6809,43.1008
7176,8559,root_increment,1,-1,-1,8559,43.0997
7177,4728,root_increment,1,-1,-1,4728,43.095
7178,4029,root_increment,1,-1,-1,4029,43.0935
7179,1954,root_increment,1,-1,-1,1954,43.0796
7180,6766,root_increment,1,-1,-1,6766,43.0789
7181,1063,root_increment,1,-1,-1,1063,43.0776
7182,9383,root_increment,1,-1,-1,9383,43.0774
7183,793,root_increment,1,-1,-1,793,43.0759
7184,7338,root_increment,1,-1,-1,7338,43.0748
7185,10892,root_increment,1,-1,-1,10892,43.0736
7186,17504,root_increment,1,-1,-1,17504,43.0732
7187,447,root_increment,1,-1,-1,447,43.0732
7188,6830,root_increment,1,-1,-1,6830,43.0722
7189,17400,root_increment,1,-1,-1,17400,43.0714
7190,5491,root_increment,1,-1,-1,5491,43.0713
7191,9494,root_increment,1,-1,-1,9494,43.0676
7192,15336,root_increment,1,-1,-1,15336,43.067
7193,5496,root_increment,1,-1,-1,5496,43.0638
7194,5758,root_increment,1,-1,-1,5758,43.0632
7195,8256,root_increment,1,-1,-1,8256,43.059
7196,11489,root_increment,1,-1,-1,11489,43.0494
7197,7250,root_increment,1,-1,-1,7250,43.0404
7198,7258,root_increment,1,-1,-1,7258,43.0404
7199,11677,root_increment,1,-1,-1,11677,43.0401
7200,4833,root_increment,1,-1,-1,4833,43.0395
7201,4228,root_increment,1,-1,-1,4228,43.0337
7202,12426,root_increment,1,-1,-1,12426,43.0334
7203,924,root_increment,1,-1,-1,924,43.0304
7204,717,root_increment,1,-1,-1,717,43.0276
7205,3596,root_increment,1,-1,-1,3596,43.0261
7206,3321,root_increment,1,-1,-1,3321,43.0259
7207,10693,root_increment,1,-1,-1,10693,43.0258
7208,2250,root_increment,1,-1,-1,2250,43.0206
7209,10096,root_increment,1,-1,-1,10096,43.0201
7210,4264,root_increment,1,-1,-1,4264,43.018
7211,11606,root_increment,1,-1,-1,11606,43.0164
7212,2823,root_increment,1,-1,-1,2823,43.015
7213,3033,root_increment,1,-1,-1,3033,43.0118
7214,1184,root_increment,1,-1,-1,1184,43.0118
7215,16563,root_increment,1,-1,-1,16563,43.0111
7216,5120,root_increment,1,-1,-1,5120,42.9984
7217,19066,root_increment,1,-1,-1,19066,42.9982
7218,13921,root_increment,1,-1,-1,13921,42.9957
7219,9470,root_increment,1,-1,-1,9470,42.9914
7220,12353,root_increment,1,-1,-1,12353,42.9895
7221,4877,root_increment,1,-1,-1,4877,42.9893
7222,19324,root_increment,1,-1,-1,19324,42.986
7223,3993,root_increment,1,-1,-1,3993,42.9855
7224,3996,root_increment,1,-1,-1,3996,42.9855
7225,3998,root_increment,1,-1,-1,3998,42.9855
7226,4001,root_increment,1,-1,-1,4001,42.9855
7227,4006,root_increment,1,-1,-1,4006,42.9855
7228,4009,root_increment,1,-1,-1,4009,42.9855
7229,4014,root_increment,1,-1,-1,4014,42.9855
7230,4017,root_increment,1,-1,-1,4017,42.9855
7231,4019,root_increment,1,-1,-1,4019,42.9855
7232,17216,root_increment,1,-1,-1,17216,42.9835
7233,15395,root_increment,1,-1,-1,15395,42.9834
7234,13036,root_increment,1,-1,-1,13036,42.982
7235,41,root_increment,1,-1,-1,41,42.9813
7236,5016,root_increment,1,-1,-1,5016,42.9797
7237,7585,root_increment,1,-1,-1,7585,42.9741
7238,4864,root_increment,1,-1,-1,4864,42.9731
7239,3287,root_increment,1,-1,-1,3287,42.9716
7240,5679,root_increment,1,-1,-1,5679,42.9707
7241,3979,root_increment,1,-1,-1,3979,42.9658
7242,2970,root_increment,1,-1,-1,2970,42.9633
7243,2364,root_increment,1,-1,-1,2364,42.9609
7244,5738,root_increment,1,-1,-1,5738,42.9595
7245,8076,root_increment,1,-1,-1,8076,42.9582
7246,3948,root_increment,1,-1,-1,3948,42.9558
7247,9486,root_increment,1,-1,-1,9486,42.9558
7248,2514,root_increment,1,-1,-1,2514,42.9556
7249,5219,root_increment,1,-1,-1,5219,42.9544
7250,5097,root_increment,1,-1,-1,5097,42.9486
7251,11302,root_increment,1,-1,-1,11302,42.9461
7252,1625,root_increment,1,-1,-1,1625,42.9449
7253,9440,root_increment,1,-1,-1,9440,42.9438
7254,2517,root_increment,1,-1,-1,2517,42.9428
7255,7030,root_increment,1,-1,-1,7030,42.9428
7256,16635,root_increment,1,-1,-1,16635,42.9423
7257,9334,root_increment,1,-1,-1,9334,42.9422
7258,14259,root_increment,1,-1,-1,14259,42.9402
7259,5025,root_increment,1,-1,-1,5025,42.9398
7260,2019,root_increment,1,-1,-1,2019,42.9395
7261,7577,root_increment,1,-1,-1,7577,42.9373
7262,2910,root_increment,1,-1,-1,2910,42.9367
7263,17370,root_increment,1,-1,-1,17370,42.933
7264,5198,root_increment,1,-1,-1,5198,42.9317
7265,11179,root_increment,1,-1,-1,11179,42.9295
7266,6911,root_increment,1,-1,-1,6911,42.9228
7267,10956,root_increment,1,-1,-1,10956,42.9217
7268,6893,root_increment,1,-1,-1,6893,42.9215
7269,7739,root_increment,1,-1,-1,7739,42.919
7270,16365,root_increment,1,-1,-1,16365,42.9132
7271,4671,root_increment,1,-1,-1,4671,42.9096
7272,5049,root_increment,1,-1,-1,5049,42.9091
7273,5327,root_increment,1,-1,-1,5327,42.9052
7274,10203,root_increment,1,-1,-1,10203,42.9037
7275,4127,root_increment,1,-1,-1,4127,42.9036
7276,7982,root_increment,1,-1,-1,7982,42.8948
7277,6612,root_increment,1,-1,-1,6612,42.8919
7278,7038,root_increment,1,-1,-1,7038,42.8915
7279,2991,root_increment,1,-1,-1,2991,42.8879
7280,2740,root_increment,1,-1,-1,2740,42.8878
7281,10928,root_increment,1,-1,-1,10928,42.8836
7282,7327,root_increment,1,-1,-1,7327,42.8833
7283,10634,root_increment,1,-1,-1,10634,42.8832
7284,7448,root_increment,1,-1,-1,7448,42.8776
7285,9058,root_increment,1,-1,-1,9058,42.8756
7286,2807,root_increment,1,-1,-1,2807,42.8745
7287,2716,root_increment,1,-1,-1,2716,42.8745
7288,5727,root_increment,1,-1,-1,5727,42.8729
7289,2091,root_increment,1,-1,-1,2091,42.8713
7290,2483,root_increment,1,-1,-1,2483,42.8708
7291,5265,root_increment,1,-1,-1,5265,42.8686
7292,5251,root_increment,1,-1,-1,5251,42.8682
7293,18225,root_increment,1,-1,-1,18225,42.8681
7294,7213,root_increment,1,-1,-1,7213,42.8656
7295,9656,root_increment,1,-1,-1,9656,42.8649
7296,2797,root_increment,1,-1,-1,2797,42.8644
7297,6673,root_increment,1,-1,-1,6673,42.862
7298,1049,root_increment,1,-1,-1,1049,42.8602
7299,19642,root_increment,1,-1,-1,19642,42.8587
7300,5278,root_increment,1,-1,-1,5278,42.8542
7301,13570,root_increment,1,-1,-1,13570,42.848
7302,8554,root_increment,1,-1,-1,8554,42.8439
7303,6317,root_increment,1,-1,-1,6317,42.8352
7304,6200,root_increment,1,-1,-1,6200,42.8328
7305,4583,root_increment,1,-1,-1,4583,42.8288
7306,19288,root_increment,1,-1,-1,19288,42.8264
7307,6621,root_increment,1,-1,-1,6621,42.8222
7308,15120,root_increment,1,-1,-1,15120,42.8217
7309,14693,root_increment,1,-1,-1,14693,42.8207
7310,10222,root_increment,1,-1,-1,10222,42.8196
7311,13993,root_increment,1,-1,-1,13993,42.8189
7312,9540,root_increment,1,-1,-1,9540,42.8189
7313,10783,root_increment,1,-1,-1,10783,42.8178
7314,4207,root_increment,1,-1,-1,4207,42.8167
7315,6886,root_increment,1,-1,-1,6886,42.8159
7316,6891,root_increment,1,-1,-1,6891,42.8159
7317,6899,root_increment,1,-1,-1,6899,42.8159
7318,14737,root_increment,1,-1,-1,14737,42.8136
7319,2556,root_increment,1,-1,-1,2556,42.8093
7320,7567,root_increment,1,-1,-1,7567,42.8089
7321,15717,root_increment,1,-1,-1,15717,42.8075
7322,7674,root_increment,1,-1,-1,7674,42.8065
7323,641,root_increment,1,-1,-1,641,42.8033
7324,7139,root_increment,1,-1,-1,7139,42.8015
7325,6647,root_increment,1,-1,-1,6647,42.8007
7326,3729,root_increment,1,-1,-1,3729,42.7981
7327,11218,root_increment,1,-1,-1,11218,42.7934
7328,8887,root_increment,1,-1,-1,8887,42.7931
7329,14535,root_increment,1,-1,-1,14535,42.7851
7330,3945,root_increment,1,-1,-1,3945,42.7767
7331,14445,root_increment,1,-1,-1,14445,42.7765
7332,5072,root_increment,1,-1,-1,5072,42.7744
7333,5090,root_increment,1,-1,-1,5090,42.7686
7334,6363,root_increment,1,-1,-1,6363,42.7616
7335,3012,root_increment,1,-1,-1,3012,42.7536
7336,8056,root_increment,1,-1,-1,8056,42.7493
7337,2926,root_increment,1,-1,-1,2926,42.7479
7338,5567,root_increment,1,-1,-1,5567,42.7468
7339,11893,root_increment,1,-1,-1,11893,42.7463
7340,539,root_increment,1,-1,-1,539,42.7457
7341,6275,root_increment,1,-1,-1,6275,42.7457
7342,1865,root_increment,1,-1,-1,1865,42.7445
7343,9295,root_increment,1,-1,-1,9295,42.7418
7344,17059,root_increment,1,-1,-1,17059,42.7375
7345,6085,root_increment,1,-1,-1,6085,42.7331
7346,10639,root_increment,1,-1,-1,10639,42.7309
7347,1839,root_increment,1,-1,-1,1839,42.7298
7348,1576,root_increment,1,-1,-1,1576,42.7293
7349,1584,root_increment,1,-1,-1,1584,42.7293
7350,1597,root_increment,1,-1,-1,1597,42.7293
7351,1618,root_increment,1,-1,-1,1618,42.7293
7352,15053,root_increment,1,-1,-1,15053,42.7277
7353,5270,root_increment,1,-1,-1,5270,42.7269
7354,17589,root_increment,1,-1,-1,17589,42.7245
7355,2708,root_increment,1,-1,-1,2708,42.7238
7356,14774,root_increment,1,-1,-1,14774,42.7219
7357,858,root_increment,1,-1,-1,858,42.7183
7358,18329,root_increment,1,-1,-1,18329,42.7176
7359,9417,root_increment,1,-1,-1,9417,42.7157
7360,6736,root_increment,1,-1,-1,6736,42.7115
7361,13982,root_increment,1,-1,-1,13982,42.7081
7362,5185,root_increment,1,-1,-1,5185,42.7073
7363,5706,root_increment,1,-1,-1,5706,42.7058
7364,3462,root_increment,1,-1,-1,3462,42.7055
7365,2758,root_increment,1,-1,-1,2758,42.7044
7366,1983,root_increment,1,-1,-1,1983,42.7024
7367,10794,root_increment,1,-1,-1,10794,42.7009
7368,19647,root_increment,1,-1,-1,19647,42.7007
7369,4525,root_increment,1,-1,-1,4525,42.6972
7370,11808,root_increment,1,-1,-1,11808,42.6941
7371,7274,root_increment,1,-1,-1,7274,42.6936
7372,5719,root_increment,1,-1,-1,5719,42.6934
7373,9472,root_increment,1,-1,-1,9472,42.6927
7374,2314,root_increment,1,-1,-1,2314,42.6896
7375,47,root_increment,1,-1,-1,47,42.6806
7376,94,root_increment,1,-1,-1,94,42.6802
7377,8253,root_increment,1,-1,-1,8253,42.6771
7378,5406,root_increment,1,-1,-1,5406,42.6759
7379,5272,root_increment,1,-1,-1,5272,42.6752
7380,497,root_increment,1,-1,-1,497,42.6743
7381,4252,root_increment,1,-1,-1,4252,42.6732
7382,1804,root_increment,1,-1,-1,1804,42.6731
7383,2978,root_increment,1,-1,-1,2978,42.6718
7384,8363,root_increment,1,-1,-1,8363,42.669
7385,19199,root_increment,1,-1,-1,19199,42.6687
7386,9734,root_increment,1,-1,-1,9734,42.6616
7387,2902,root_increment,1,-1,-1,2902,42.661
7388,5264,root_increment,1,-1,-1,5264,42.6594
7389,5589,root_increment,1,-1,-1,5589,42.6593
7390,5404,root_increment,1,-1,-1,5404,42.6578
7391,12415,root_increment,1,-1,-1,12415,42.6571
7392,5275,root_increment,1,-1,-1,5275,42.6493
7393,8563,root_increment,1,-1,-1,8563,42.6463
7394,9365,root_increment,1,-1,-1,9365,42.6462
7395,662,root_increment,1,-1,-1,662,42.6434
7396,326,root_increment,1,-1,-1,326,42.6415
7397,8279,root_increment,1,-1,-1,8279,42.6415
7398,9481,root_increment,1,-1,-1,9481,42.6397
7399,107,root_increment,1,-1,-1,107,42.6367
7400,10146,root_increment,1,-1,-1,10146,42.631
7401,7957,root_increment,1,-1,-1,7957,42.6305
7402,8390,root_increment,1,-1,-1,8390,42.6276
7403,3305,root_increment,1,-1,-1,3305,42.626
7404,5547,root_increment,1,-1,-1,5547,42.6258
7405,19352,root_increment,1,-1,-1,19352,42.6257
7406,16069,root_increment,1,-1,-1,16069,42.6237
7407,10128,root_increment,1,-1,-1,10128,42.6236
7408,13122,root_increment,1,-1,-1,13122,42.6219
7409,1134,root_increment,1,-1,-1,1134,42.621
7410,16787,root_increment,1,-1,-1,16787,42.6208
7411,19319,root_increment,1,-1,-1,19319,42.6175
7412,120,root_increment,1,-1,-1,120,42.6102
7413,4650,root_increment,1,-1,-1,4650,42.6085
7414,12472,root_increment,1,-1,-1,12472,42.5989
7415,5257,root_increment,1,-1,-1,5257,42.5983
7416,14625,root_increment,1,-1,-1,14625,42.5958
7417,14426,root_increment,1,-1,-1,14426,42.5944
7418,4306,root_increment,1,-1,-1,4306,42.5923
7419,646,root_increment,1,-1,-1,646,42.5908
7420,5805,root_increment,1,-1,-1,5805,42.5849
7421,9091,root_increment,1,-1,-1,9091,42.5804
7422,7887,root_increment,1,-1,-1,7887,42.5796
7423,4461,root_increment,1,-1,-1,4461,42.5767
7424,11518,root_increment,1,-1,-1,11518,42.5724
7425,6794,root_increment,1,-1,-1,6794,42.5723
7426,6101,root_increment,1,-1,-1,6101,42.5721
7427,11852,root_increment,1,-1,-1,11852,42.5718
7428,5317,root_increment,1,-1,-1,5317,42.5717
7429,345,root_increment,1,-1,-1,345,42.5713
7430,17491,root_increment,1,-1,-1,17491,42.5711
7431,11232,root_increment,1,-1,-1,11232,42.568
7432,581,root_increment,1,-1,-1,581,42.5667
7433,16798,root_increment,1,-1,-1,16798,42.5665
7434,12224,root_increment,1,-1,-1,12224,42.5626
7435,1353,root_increment,1,-1,-1,1353,42.5606
7436,4231,root_increment,1,-1,-1,4231,42.5561
7437,4084,root_increment,1,-1,-1,4084,42.5537
7438,3103,root_increment,1,-1,-1,3103,42.5485
7439,4512,root_increment,1,-1,-1,4512,42.5484
7440,6451,root_increment,1,-1,-1,6451,42.5478
7441,4998,root_increment,1,-1,-1,4998,42.5464
7442,6903,root_increment,1,-1,-1,6903,42.5462
7443,4436,root_increment,1,-1,-1,4436,42.5444
7444,1534,root_increment,1,-1,-1,1534,42.5407
7445,5378,root_increment,1,-1,-1,5378,42.5381
7446,688,root_increment,1,-1,-1,688,42.5367
7447,7724,root_increment,1,-1,-1,7724,42.5351
7448,9171,root_increment,1,-1,-1,9171,42.5331
7449,5774,root_increment,1,-1,-1,5774,42.5321
7450,3517,root_increment,1,-1,-1,3517,42.5301
7451,6835,root_increment,1,-1,-1,6835,42.5294
7452,2085,root_increment,1,-1,-1,2085,42.5281
7453,5996,root_increment,1,-1,-1,5996,42.528
7454,3284,root_increment,1,-1,-1,3284,42.5262
7455,10375,root_increment,1,-1,-1,10375,42.5253
7456,1896,root_increment,1,-1,-1,1896,42.5218
7457,14901,root_increment,1,-1,-1,14901,42.5159
7458,4869,root_increment,1,-1,-1,4869,42.515
7459,2742,root_increment,1,-1,-1,2742,42.5147
7460,14746,root_increment,1,-1,-1,14746,42.5098
7461,12229,root_increment,1,-1,-1,12229,42.5077
7462,560,root_increment,1,-1,-1,560,42.5011
7463,13988,root_increment,1,-1,-1,13988,42.5008
7464,19138,root_increment,1,-1,-1,19138,42.4987
7465,5431,root_increment,1,-1,-1,5431,42.4962
7466,9015,root_increment,1,-1,-1,9015,42.4919
7467,5830,root_increment,1,-1,-1,5830,42.4917
7468,892,root_increment,1,-1,-1,892,42.4881
7469,6859,root_increment,1,-1,-1,6859,42.487
7470,3551,root_increment,1,-1,-1,3551,42.486
7471,709,root_increment,1,-1,-1,709,42.4856
7472,2793,root_increment,1,-1,-1,2793,42.4856
7473,1580,root_increment,1,-1,-1,1580,42.4839
7474,10037,root_increment,1,-1,-1,10037,42.4838
7475,14498,root_increment,1,-1,-1,14498,42.4815
7476,6158,root_increment,1,-1,-1,6158,42.4796
7477,12423,root_increment,1,-1,-1,12423,42.4697
7478,14032,root_increment,1,-1,-1,14032,42.4689
7479,2729,root_increment,1,-1,-1,2729,42.4673
7480,9809,root_increment,1,-1,-1,9809,42.4672
7481,6890,root_increment,1,-1,-1,6890,42.4569
7482,15632,root_increment,1,-1,-1,15632,42.4549
7483,6329,root_increment,1,-1,-1,6329,42.4537
7484,2674,root_increment,1,-1,-1,2674,42.4516
7485,9525,root_increment,1,-1,-1,9525,42.4514
7486,3820,root_increment,1,-1,-1,3820,42.4502
7487,15192,root_increment,1,-1,-1,15192,42.45
7488,15229,root_increment,1,-1,-1,15229,42.4412
7489,6106,root_increment,1,-1,-1,6106,42.4308
7490,17670,root_increment,1,-1,-1,17670,42.4301
7491,9074,root_increment,1,-1,-1,9074,42.4261
7492,5767,root_increment,1,-1,-1,5767,42.4214
7493,468,root_increment,1,-1,-1,468,42.4154
7494,11977,root_increment,1,-1,-1,11977,42.4133
7495,12564,root_increment,1,-1,-1,12564,42.4112
7496,408,root_increment,1,-1,-1,408,42.4103
7497,3483,root_increment,1,-1,-1,3483,42.3961
7498,5899,root_increment,1,-1,-1,5899,42.3942
7499,3585,root_increment,1,-1,-1,3585,42.3939
7500,5736,root_increment,1,-1,-1,5736,42.39
7501,6110,root_increment,1,-1,-1,6110,42.3878
7502,2828,root_increment,1,-1,-1,2828,42.3832
7503,10244,root_increment,1,-1,-1,10244,42.3831
7504,2802,root_increment,1,-1,-1,2802,42.3821
7505,5240,root_increment,1,-1,-1,5240,42.382
7506,573,root_increment,1,-1,-1,573,42.3805
7507,2179,root_increment,1,-1,-1,2179,42.3793
7508,12713,root_increment,1,-1,-1,12713,42.3775
7509,683,root_increment,1,-1,-1,683,42.3711
7510,4475,root_increment,1,-1,-1,4475,42.3706
7511,2023,root_increment,1,-1,-1,2023,42.3686
7512,5254,root_increment,1,-1,-1,5254,42.3682
7513,4569,root_increment,1,-1,-1,4569,42.3671
7514,2779,root_increment,1,-1,-1,2779,42.3669
7515,5294,root_increment,1,-1,-1,5294,42.3628
7516,12410,root_increment,1,-1,-1,12410,42.3617
7517,9096,root_increment,1,-1,-1,9096,42.3616
7518,115,root_increment,1,-1,-1,115,42.3577
7519,15955,root_increment,1,-1,-1,15955,42.3563
7520,2497,root_increment,1,-1,-1,2497,42.3553
7521,2338,root_increment,1,-1,-1,2338,42.3545
7522,18181,root_increment,1,-1,-1,18181,42.3544
7523,5894,root_increment,1,-1,-1,5894,42.354
7524,3530,root_increment,1,-1,-1,3530,42.3494
7525,5013,root_increment,1,-1,-1,5013,42.3467
7526,9726,root_increment,1,-1,-1,9726,42.3466
7527,12065,root_increment,1,-1,-1,12065,42.3436
7528,13138,root_increment,1,-1,-1,13138,42.3355
7529,8173,root_increment,1,-1,-1,8173,42.3353
7530,12828,root_increment,1,-1,-1,12828,42.335
7531,11909,root_increment,1,-1,-1,11909,42.3306
7532,16286,root_increment,1,-1,-1,16286,42.3298
7533,15979,root_increment,1,-1,-1,15979,42.3256
7534,3427,root_increment,1,-1,-1,3427,42.3196
7535,3448,root_increment,1,-1,-1,3448,42.3196
7536,3461,root_increment,1,-1,-1,3461,42.3196
7537,746,root_increment,1,-1,-1,746,42.3173
7538,18573,root_increment,1,-1,-1,18573,42.3165
7539,17745,root_increment,1,-1,-1,17745,42.3134
7540,6466,root_increment,1,-1,-1,6466,42.3115
7541,19604,root_increment,1,-1,-1,19604,42.3043
7542,6645,root_increment,1,-1,-1,6645,42.3037
7543,19434,root_increment,1,-1,-1,19434,42.3005
7544,5267,root_increment,1,-1,-1,5267,42.3002
7545,15398,root_increment,1,-1,-1,15398,42.2981
7546,2098,root_increment,1,-1,-1,2098,42.2973
7547,5644,root_increment,1,-1,-1,5644,42.2904
7548,3244,root_increment,1,-1,-1,3244,42.2859
7549,3265,root_increment,1,-1,-1,3265,42.2859
7550,5262,root_increment,1,-1,-1,5262,42.2852
7551,1568,root_increment,1,-1,-1,1568,42.2818
7552,4504,root_increment,1,-1,-1,4504,42.2791
7553,6439,root_increment,1,-1,-1,6439,42.2727
7554,3640,root_increment,1,-1,-1,3640,42.2719
7555,8093,root_increment,1,-1,-1,8093,42.2706
7556,964,root_increment,1,-1,-1,964,42.2694
7557,18343,root_increment,1,-1,-1,18343,42.2653
7558,4770,root_increment,1,-1,-1,4770,42.2628
7559,1528,root_increment,1,-1,-1,1528,42.2625
7560,7159,root_increment,1,-1,-1,7159,42.2606
7561,12908,root_increment,1,-1,-1,12908,42.2591
7562,3664,root_increment,1,-1,-1,3664,42.2559
7563,8261,root_increment,1,-1,-1,8261,42.2558
7564,11346,root_increment,1,-1,-1,11346,42.2525
7565,14869,root_increment,1,-1,-1,14869,42.2522
7566,12400,root_increment,1,-1,-1,12400,42.2514
7567,11205,root_increment,1,-1,-1,11205,42.2498
7568,8741,root_increment,1,-1,-1,8741,42.2496
7569,3562,root_increment,1,-1,-1,3562,42.2493
7570,6846,root_increment,1,-1,-1,6846,42.245
7571,6568,root_increment,1,-1,-1,6568,42.2443
7572,6035,root_increment,1,-1,-1,6035,42.2311
7573,13659,root_increment,1,-1,-1,13659,42.2283
7574,9517,root_increment,1,-1,-1,9517,42.2282
7575,481,root_increment,1,-1,-1,481,42.2276
7576,16405,root_increment,1,-1,-1,16405,42.2243
7577,12019,root_increment,1,-1,-1,12019,42.2236
7578,5593,root_increment,1,-1,-1,5593,42.2225
7579,13094,root_increment,1,-1,-1,13094,42.2219
7580,5627,root_increment,1,-1,-1,5627,42.2188
7581,12661,root_increment,1,-1,-1,12661,42.2176
7582,13726,root_increment,1,-1,-1,13726,42.2156
7583,3397,root_increment,1,-1,-1,3397,42.213
7584,19382,root_increment,1,-1,-1,19382,42.2121
7585,60,root_increment,1,-1,-1,60,42.2121
7586,5299,root_increment,1,-1,-1,5299,42.2098
7587,18504,root_increment,1,-1,-1,18504,42.2093
7588,16633,root_increment,1,-1,-1,16633,42.2048
7589,1463,root_increment,1,-1,-1,1463,42.1929
7590,16987,root_increment,1,-1,-1,16987,42.191
7591,4606,root_increment,1,-1,-1,4606,42.1901
7592,9286,root_increment,1,-1,-1,9286,42.1868
7593,17726,root_increment,1,-1,-1,17726,42.1828
7594,6554,root_increment,1,-1,-1,6554,42.1808
7595,288,root_increment,1,-1,-1,288,42.1804
7596,12527,root_increment,1,-1,-1,12527,42.1803
7597,6187,root_increment,1,-1,-1,6187,42.1728
7598,9430,root_increment,1,-1,-1,9430,42.1713
7599,5907,root_increment,1,-1,-1,5907,42.1706
7600,8290,root_increment,1,-1,-1,8290,42.1636
7601,4745,root_increment,1,-1,-1,4745,42.1613
7602,9070,root_increment,1,-1,-1,9070,42.1607
7603,13445,root_increment,1,-1,-1,13445,42.1588
7604,1095,root_increment,1,-1,-1,1095,42.158
7605,11934,root_increment,1,-1,-1,11934,42.1574
7606,1371,root_increment,1,-1,-1,1371,42.1547
7607,1203,root_increment,1,-1,-1,1203,42.1504
7608,1483,root_increment,1,-1,-1,1483,42.1407
7609,12430,root_increment,1,-1,-1,12430,42.1352
7610,3336,root_increment,1,-1,-1,3336,42.1297
7611,7919,root_increment,1,-1,-1,7919,42.1261
7612,3859,root_increment,1,-1,-1,3859,42.1261
7613,214,root_increment,1,-1,-1,214,42.1255
7614,12366,root_increment,1,-1,-1,12366,42.1244
7615,4155,root_increment,1,-1,-1,4155,42.1219
7616,1659,root_increment,1,-1,-1,1659,42.1212
7617,1985,root_increment,1,-1,-1,1985,42.1154
7618,6310,root_increment,1,-1,-1,6310,42.1147
7619,18442,root_increment,1,-1,-1,18442,42.1132
7620,15318,root_increment,1,-1,-1,15318,42.1081
7621,2858,root_increment,1,-1,-1,2858,42.1067
7622,8065,root_increment,1,-1,-1,8065,42.1044
7623,5203,root_increment,1,-1,-1,5203,42.0995
7624,11365,root_increment,1,-1,-1,11365,42.0965
7625,2634,root_increment,1,-1,-1,2634,42.0934
7626,8622,root_increment,1,-1,-1,8622,42.0906
7627,3777,root_increment,1,-1,-1,3777,42.0896
7628,6581,root_increment,1,-1,-1,6581,42.0879
7629,6901,root_increment,1,-1,-1,6901,42.0876
7630,6904,root_increment,1,-1,-1,6904,42.0876
7631,6909,root_increment,1,-1,-1,6909,42.0876
7632,6914,root_increment,1,-1,-1,6914,42.0876
7633,1917,root_increment,1,-1,-1,1917,42.0856
7634,10960,root_increment,1,-1,-1,10960,42.0823
7635,3268,root_increment,1,-1,-1,3268,42.0816
7636,2837,root_increment,1,-1,-1,2837,42.0814
7637,1350,root_increment,1,-1,-1,1350,42.0759
7638,16323,root_increment,1,-1,-1,16323,42.0743
7639,7901,root_increment,1,-1,-1,7901,42.0707
7640,3082,root_increment,1,-1,-1,3082,42.0649
7641,12955,root_increment,1,-1,-1,12955,42.0601
7642,13172,root_increment,1,-1,-1,13172,42.06
7643,17562,root_increment,1,-1,-1,17562,42.0559
7644,14222,root_increment,1,-1,-1,14222,42.053
7645,14740,root_increment,1,-1,-1,14740,42.0506
7646,7279,root_increment,1,-1,-1,7279,42.0493
7647,4932,root_increment,1,-1,-1,4932,42.0482
7648,14735,root_increment,1,-1,-1,14735,42.0481
7649,11181,root_increment,1,-1,-1,11181,42.0467
7650,16638,root_increment,1,-1,-1,16638,42.0463
7651,3334,root_increment,1,-1,-1,3334,42.0437
7652,16669,root_increment,1,-1,-1,16669,42.0435
7653,3368,root_increment,1,-1,-1,3368,42.0414
7654,9978,root_increment,1,-1,-1,9978,42.0413
7655,8790,root_increment,1,-1,-1,8790,42.0394
7656,6037,root_increment,1,-1,-1,6037,42.0394
7657,13409,root_increment,1,-1,-1,13409,42.0377
7658,19328,root_increment,1,-1,-1,19328,42.0336
7659,15063,root_increment,1,-1,-1,15063,42.0325
7660,4676,root_increment,1,-1,-1,4676,42.0321
7661,5125,root_increment,1,-1,-1,5125,42.0316
7662,13746,root_increment,1,-1,-1,13746,42.0298
7663,8158,root_increment,1,-1,-1,8158,42.0274
7664,16920,root_increment,1,-1,-1,16920,42.0268
7665,785,root_increment,1,-1,-1,785,42.0263
7666,14640,root_increment,1,-1,-1,14640,42.0257
7667,1108,root_increment,1,-1,-1,1108,42.0226
7668,4846,root_increment,1,-1,-1,4846,42.0222
7669,13652,root_increment,1,-1,-1,13652,42.0221
7670,12821,root_increment,1,-1,-1,12821,42.0207
7671,11718,root_increment,1,-1,-1,11718,42.015
7672,4199,root_increment,1,-1,-1,4199,42.0086
7673,6972,root_increment,1,-1,-1,6972,42.0082
7674,3510,root_increment,1,-1,-1,3510,42.0071
7675,4244,root_increment,1,-1,-1,4244,42.0035
7676,6190,root_increment,1,-1,-1,6190,41.9997
7677,5554,root_increment,1,-1,-1,5554,41.9953
7678,13451,root_increment,1,-1,-1,13451,41.9937
7679,3708,root_increment,1,-1,-1,3708,41.993
7680,10465,root_increment,1,-1,-1,10465,41.9927
7681,11985,root_increment,1,-1,-1,11985,41.9899
7682,5933,root_increment,1,-1,-1,5933,41.9849
7683,6379,root_increment,1,-1,-1,6379,41.982
7684,19751,root_increment,1,-1,-1,19751,41.9775
7685,16997,root_increment,1,-1,-1,16997,41.9775
7686,5037,root_increment,1,-1,-1,5037,41.9761
7687,4016,root_increment,1,-1,-1,4016,41.968
7688,10202,root_increment,1,-1,-1,10202,41.9649
7689,4835,root_increment,1,-1,-1,4835,41.961
7690,11596,root_increment,1,-1,-1,11596,41.961
7691,1066,root_increment,1,-1,-1,1066,41.9605
7692,15980,root_increment,1,-1,-1,15980,41.9599
7693,3355,root_increment,1,-1,-1,3355,41.9569
7694,5836,root_increment,1,-1,-1,5836,41.9532
7695,4716,root_increment,1,-1,-1,4716,41.9476
7696,3250,root_increment,1,-1,-1,3250,41.9475
7697,4663,root_increment,1,-1,-1,4663,41.9464
7698,6428,root_increment,1,-1,-1,6428,41.9421
7699,2957,root_increment,1,-1,-1,2957,41.9373
7700,7208,root_increment,1,-1,-1,7208,41.9348
7701,230,root_increment,1,-1,-1,230,41.9311
7702,7292,root_increment,1,-1,-1,7292,41.9308
7703,7126,root_increment,1,-1,-1,7126,41.9289
7704,15402,root_increment,1,-1,-1,15402,41.9284
7705,3554,root_increment,1,-1,-1,3554,41.9244
7706,8506,root_increment,1,-1,-1,8506,41.9188
7707,12888,root_increment,1,-1,-1,12888,41.908
7708,5886,root_increment,1,-1,-1,5886,41.9045
7709,5285,root_increment,1,-1,-1,5285,41.8987
7710,13531,root_increment,1,-1,-1,13531,41.8959
7711,17526,root_increment,1,-1,-1,17526,41.8929
7712,11750,root_increment,1,-1,-1,11750,41.8918
7713,859,root_increment,1,-1,-1,859,41.891
7714,867,root_increment,1,-1,-1,867,41.891
7715,880,root_increment,1,-1,-1,880,41.891
7716,2794,root_increment,1,-1,-1,2794,41.8898
7717,1087,root_increment,1,-1,-1,1087,41.885
7718,16826,root_increment,1,-1,-1,16826,41.8848
7719,7499,root_increment,1,-1,-1,7499,41.884
7720,614,root_increment,1,-1,-1,614,41.8818
7721,3418,root_increment,1,-1,-1,3418,41.8794
7722,6522,root_increment,1,-1,-1,6522,41.8782
7723,15175,root_increment,1,-1,-1,15175,41.8644
7724,4788,root_increment,1,-1,-1,4788,41.8636
7725,2231,root_increment,1,-1,-1,2231,41.8633
7726,9732,root_increment,1,-1,-1,9732,41.8613
7727,3166,root_increment,1,-1,-1,3166,41.8586
7728,10372,root_increment,1,-1,-1,10372,41.8538
7729,7913,root_increment,1,-1,-1,7913,41.852
7730,241,root_increment,1,-1,-1,241,41.8493
7731,8406,root_increment,1,-1,-1,8406,41.8405
7732,14938,root_increment,1,-1,-1,14938,41.8404
7733,951,root_increment,1,-1,-1,951,41.8381
7734,6803,root_increment,1,-1,-1,6803,41.8324
7735,12619,root_increment,1,-1,-1,12619,41.8307
7736,774,root_increment,1,-1,-1,774,41.8271
7737,16888,root_increment,1,-1,-1,16888,41.8214
7738,2635,root_increment,1,-1,-1,2635,41.8195
7739,6524,root_increment,1,-1,-1,6524,41.8167
7740,3324,root_increment,1,-1,-1,3324,41.8152
7741,8004,root_increment,1,-1,-1,8004,41.8147
7742,7537,root_increment,1,-1,-1,7537,41.808
7743,4322,root_increment,1,-1,-1,4322,41.8069
7744,3890,root_increment,1,-1,-1,3890,41.8034
7745,10232,root_increment,1,-1,-1,10232,41.802
7746,3937,root_increment,1,-1,-1,3937,41.8017
7747,3153,root_increment,1,-1,-1,3153,41.796
7748,4817,root_increment,1,-1,-1,4817,41.7918
7749,13033,root_increment,1,-1,-1,13033,41.7917
7750,128,root_increment,1,-1,-1,128,41.7857
7751,11702,root_increment,1,-1,-1,11702,41.7805
7752,17643,root_increment,1,-1,-1,17643,41.7797
7753,17808,root_increment,1,-1,-1,17808,41.7775
7754,2952,root_increment,1,-1,-1,2952,41.7773
7755,8215,root_increment,1,-1,-1,8215,41.7721
7756,10837,root_increment,1,-1,-1,10837,41.772
7757,3721,root_increment,1,-1,-1,3721,41.7696
7758,10074,root_increment,1,-1,-1,10074,41.768
7759,3384,root_increment,1,-1,-1,3384,41.7675
7760,10491,root_increment,1,-1,-1,10491,41.7604
7761,8901,root_increment,1,-1,-1,8901,41.7596
7762,10345,root_increment,1,-1,-1,10345,41.759
7763,1751,root_increment,1,-1,-1,1751,41.759
7764,2187,root_increment,1,-1,-1,2187,41.7569
7765,1266,root_increment,1,-1,-1,1266,41.7519
7766,5306,root_increment,1,-1,-1,5306,41.7493
7767,5868,root_increment,1,-1,-1,5868,41.7489
7768,19507,root_increment,1,-1,-1,19507,41.7487
7769,4144,root_increment,1,-1,-1,4144,41.7466
7770,12929,root_increment,1,-1,-1,12929,41.7465
7771,14345,root_increment,1,-1,-1,14345,41.7386
7772,3428,root_increment,1,-1,-1,3428,41.7315
7773,4097,root_increment,1,-1,-1,4097,41.7308
7774,1769,root_increment,1,-1,-1,1769,41.7298
7775,5273,root_increment,1,-1,-1,5273,41.7204
7776,7037,root_increment,1,-1,-1,7037,41.7063
7777,6682,root_increment,1,-1,-1,6682,41.7058
7778,5259,root_increment,1,-1,-1,5259,41.7003
7779,5793,root_increment,1,-1,-1,5793,41.6989
7780,9770,root_increment,1,-1,-1,9770,41.6986
7781,1497,root_increment,1,-1,-1,1497,41.6899
7782,2662,root_increment,1,-1,-1,2662,41.6878
7783,17390,root_increment,1,-1,-1,17390,41.6873
7784,18381,root_increment,1,-1,-1,18381,41.6871
7785,10627,root_increment,1,-1,-1,10627,41.6827
7786,6182,root_increment,1,-1,-1,6182,41.6653
7787,10394,root_increment,1,-1,-1,10394,41.6649
7788,2868,root_increment,1,-1,-1,2868,41.6621
7789,730,root_increment,1,-1,-1,730,41.6582
7790,920,root_increment,1,-1,-1,920,41.6576
7791,5692,root_increment,1,-1,-1,5692,41.6575
7792,16992,root_increment,1,-1,-1,16992,41.6563
7793,3232,root_increment,1,-1,-1,3232,41.6536
7794,5978,root_increment,1,-1,-1,5978,41.6524
7795,2079,root_increment,1,-1,-1,2079,41.6522
7796,2113,root_increment,1,-1,-1,2113,41.6522
7797,2416,root_increment,1,-1,-1,2416,41.6485
7798,19924,root_increment,1,-1,-1,19924,41.6461
7799,5671,root_increment,1,-1,-1,5671,41.6445
7800,14138,root_increment,1,-1,-1,14138,41.643
7801,16086,root_increment,1,-1,-1,16086,41.6424
7802,15473,root_increment,1,-1,-1,15473,41.642
7803,8325,root_increment,1,-1,-1,8325,41.642
7804,17030,root_increment,1,-1,-1,17030,41.6418
7805,7987,root_increment,1,-1,-1,7987,41.6379
7806,10252,root_increment,1,-1,-1,10252,41.6379
7807,16962,root_increment,1,-1,-1,16962,41.6289
7808,9660,root_increment,1,-1,-1,9660,41.6264
7809,7482,root_increment,1,-1,-1,7482,41.6238
7810,116,root_increment,1,-1,-1,116,41.6229
7811,5281,root_increment,1,-1,-1,5281,41.6196
7812,6944,root_increment,1,-1,-1,6944,41.6176
7813,1718,root_increment,1,-1,-1,1718,41.611
7814,7525,root_increment,1,-1,-1,7525,41.6092
7815,371,root_increment,1,-1,-1,371,41.6083
7816,5293,root_increment,1,-1,-1,5293,41.6065
7817,15115,root_increment,1,-1,-1,15115,41.603
7818,4631,root_increment,1,-1,-1,4631,41.6011
7819,4787,root_increment,1,-1,-1,4787,41.6001
7820,4800,root_increment,1,-1,-1,4800,41.5945
7821,8487,root_increment,1,-1,-1,8487,41.5915
7822,12662,root_increment,1,-1,-1,12662,41.5899
7823,4683,root_increment,1,-1,-1,4683,41.5895
7824,806,root_increment,1,-1,-1,806,41.5759
7825,16360,root_increment,1,-1,-1,16360,41.5721
7826,8998,root_increment,1,-1,-1,8998,41.568
7827,4025,root_increment,1,-1,-1,4025,41.5595
7828,15091,root_increment,1,-1,-1,15091,41.5547
7829,11520,root_increment,1,-1,-1,11520,41.5511
7830,7814,root_increment,1,-1,-1,7814,41.5496
7831,11237,root_increment,1,-1,-1,11237,41.547
7832,10302,root_increment,1,-1,-1,10302,41.5458
7833,7801,root_increment,1,-1,-1,7801,41.5454
7834,18068,root_increment,1,-1,-1,18068,41.5453
7835,1327,root_increment,1,-1,-1,1327,41.5406
7836,3405,root_increment,1,-1,-1,3405,41.538
7837,2711,root_increment,1,-1,-1,2711,41.5378
7838,1805,root_increment,1,-1,-1,1805,41.5356
7839,7396,root_increment,1,-1,-1,7396,41.534
7840,7404,root_increment,1,-1,-1,7404,41.534
7841,9493,root_increment,1,-1,-1,9493,41.5329
7842,676,root_increment,1,-1,-1,676,41.5294
7843,681,root_increment,1,-1,-1,681,41.5294
7844,684,root_increment,1,-1,-1,684,41.5294
7845,686,root_increment,1,-1,-1,686,41.5294
7846,689,root_increment,1,-1,-1,689,41.5294
7847,692,root_increment,1,-1,-1,692,41.5294
7848,694,root_increment,1,-1,-1,694,41.5294
7849,697,root_increment,1,-1,-1,697,41.5294
7850,702,root_increment,1,-1,-1,702,41.5294
7851,705,root_increment,1,-1,-1,705,41.5294
7852,707,root_increment,1,-1,-1,707,41.5294
7853,710,root_increment,1,-1,-1,710,41.5294
7854,715,root_increment,1,-1,-1,715,41.5294
7855,718,root_increment,1,-1,-1,718,41.5294
7856,16097,root_increment,1,-1,-1,16097,41.5223
7857,6208,root_increment,1,-1,-1,6208,41.5208
7858,6885,root_increment,1,-1,-1,6885,41.519
7859,6344,root_increment,1,-1,-1,6344,41.517
7860,8752,root_increment,1,-1,-1,8752,41.5151
7861,15996,root_increment,1,-1,-1,15996,41.5133
7862,5636,root_increment,1,-1,-1,5636,41.5044
7863,18646,root_increment,1,-1,-1,18646,41.4984
7864,5625,root_increment,1,-1,-1,5625,41.4947
7865,18474,root_increment,1,-1,-1,18474,41.4944
7866,19381,root_increment,1,-1,-1,19381,41.489
7867,547,root_increment,1,-1,-1,547,41.4832
7868,961,root_increment,1,-1,-1,961,41.4813
7869,6359,root_increment,1,-1,-1,6359,41.48
7870,6195,root_increment,1,-1,-1,6195,41.4714
7871,6250,root_increment,1,-1,-1,6250,41.4696
7872,4296,root_increment,1,-1,-1,4296,41.4665
7873,8050,root_increment,1,-1,-1,8050,41.4622
7874,8796,root_increment,1,-1,-1,8796,41.4512
7875,5005,root_increment,1,-1,-1,5005,41.4418
7876,16819,root_increment,1,-1,-1,16819,41.4403
7877,10684,root_increment,1,-1,-1,10684,41.4386
7878,3491,root_increment,1,-1,-1,3491,41.4383
7879,11452,root_increment,1,-1,-1,11452,41.4368
7880,18408,root_increment,1,-1,-1,18408,41.4324
7881,12306,root_increment,1,-1,-1,12306,41.4315
7882,4079,root_increment,1,-1,-1,4079,41.4302
7883,4564,root_increment,1,-1,-1,4564,41.4288
7884,8339,root_increment,1,-1,-1,8339,41.4245
7885,3958,root_increment,1,-1,-1,3958,41.4224
7886,10572,root_increment,1,-1,-1,10572,41.4207
7887,4944,root_increment,1,-1,-1,4944,41.4188
7888,9655,root_increment,1,-1,-1,9655,41.4162
7889,6179,root_increment,1,-1,-1,6179,41.4127
7890,14264,root_increment,1,-1,-1,14264,41.4105
7891,3054,root_increment,1,-1,-1,3054,41.4075
7892,18405,root_increment,1,-1,-1,18405,41.406
7893,15108,root_increment,1,-1,-1,15108,41.4042
7894,5291,root_increment,1,-1,-1,5291,41.3997
7895,4861,root_increment,1,-1,-1,4861,41.3963
7896,15771,root_increment,1,-1,-1,15771,41.3916
7897,17158,root_increment,1,-1,-1,17158,41.3899
7898,1772,root_increment,1,-1,-1,1772,41.3874
7899,6910,root_increment,1,-1,-1,6910,41.3874
7900,18459,root_increment,1,-1,-1,18459,41.3846
7901,4203,root_increment,1,-1,-1,4203,41.3831
7902,6148,root_increment,1,-1,-1,6148,41.3809
7903,5076,root_increment,1,-1,-1,5076,41.3785
7904,13913,root_increment,1,-1,-1,13913,41.3757
7905,18816,root_increment,1,-1,-1,18816,41.373
7906,10906,root_increment,1,-1,-1,10906,41.3726
7907,8346,root_increment,1,-1,-1,8346,41.3715
7908,5614,root_increment,1,-1,-1,5614,41.371
7909,16027,root_increment,1,-1,-1,16027,41.371
7910,19033,root_increment,1,-1,-1,19033,41.3664
7911,15912,root_increment,1,-1,-1,15912,41.3642
7912,19194,root_increment,1,-1,-1,19194,41.3621
7913,15468,root_increment,1,-1,-1,15468,41.3614
7914,15373,root_increment,1,-1,-1,15373,41.3592
7915,68,root_increment,1,-1,-1,68,41.3585
7916,16335,root_increment,1,-1,-1,16335,41.3543
7917,2737,root_increment,1,-1,-1,2737,41.3521
7918,970,root_increment,1,-1,-1,970,41.3488
7919,11182,root_increment,1,-1,-1,11182,41.3448
7920,6516,root_increment,1,-1,-1,6516,41.3437
7921,10336,root_increment,1,-1,-1,10336,41.3431
7922,4577,root_increment,1,-1,-1,4577,41.3405
7923,589,root_increment,1,-1,-1,589,41.3359
7924,592,root_increment,1,-1,-1,592,41.3359
7925,597,root_increment,1,-1,-1,597,41.3359
7926,605,root_increment,1,-1,-1,605,41.3359
7927,610,root_increment,1,-1,-1,610,41.3359
7928,613,root_increment,1,-1,-1,613,41.3359
7929,618,root_increment,1,-1,-1,618,41.3359
7930,626,root_increment,1,-1,-1,626,41.3359
7931,2273,root_increment,1,-1,-1,2273,41.3331
7932,12923,root_increment,1,-1,-1,12923,41.3305
7933,5699,root_increment,1,-1,-1,5699,41.3298
7934,4150,root_increment,1,-1,-1,4150,41.3282
7935,4,root_increment,1,-1,-1,4,41.3273
7936,6229,root_increment,1,-1,-1,6229,41.3204
7937,9875,root_increment,1,-1,-1,9875,41.3132
7938,7506,root_increment,1,-1,-1,7506,41.3125
7939,4655,root_increment,1,-1,-1,4655,41.3117
7940,14125,root_increment,1,-1,-1,14125,41.3095
7941,324,root_increment,1,-1,-1,324,41.3092
7942,5026,root_increment,1,-1,-1,5026,41.3037
7943,4567,root_increment,1,-1,-1,4567,41.3036
7944,2420,root_increment,1,-1,-1,2420,41.3027
7945,3995,root_increment,1,-1,-1,3995,41.3011
7946,2622,root_increment,1,-1,-1,2622,41.2947
7947,3255,root_increment,1,-1,-1,3255,41.2912
7948,474,root_increment,1,-1,-1,474,41.286
7949,11899,root_increment,1,-1,-1,11899,41.28
7950,18376,root_increment,1,-1,-1,18376,41.2782
7951,19970,root_increment,1,-1,-1,19970,41.2759
7952,8436,root_increment,1,-1,-1,8436,41.272
7953,216,root_increment,1,-1,-1,216,41.2643
7954,654,root_increment,1,-1,-1,654,41.2581
7955,9409,root_increment,1,-1,-1,9409,41.2534
7956,5517,root_increment,1,-1,-1,5517,41.2531
7957,8211,root_increment,1,-1,-1,8211,41.2529
7958,4696,root_increment,1,-1,-1,4696,41.2504
7959,1314,root_increment,1,-1,-1,1314,41.2492
7960,9488,root_increment,1,-1,-1,9488,41.2476
7961,530,root_increment,1,-1,-1,530,41.2442
7962,1028,root_increment,1,-1,-1,1028,41.2438
7963,16374,root_increment,1,-1,-1,16374,41.242
7964,136,root_increment,1,-1,-1,136,41.241
7965,149,root_increment,1,-1,-1,149,41.241
7966,170,root_increment,1,-1,-1,170,41.241
7967,14642,root_increment,1,-1,-1,14642,41.2395
7968,9887,root_increment,1,-1,-1,9887,41.239
7969,193,root_increment,1,-1,-1,193,41.2381
7970,19413,root_increment,1,-1,-1,19413,41.2373
7971,3851,root_increment,1,-1,-1,3851,41.2333
7972,9565,root_increment,1,-1,-1,9565,41.2322
7973,11230,root_increment,1,-1,-1,11230,41.2309
7974,473,root_increment,1,-1,-1,473,41.2237
7975,985,root_increment,1,-1,-1,985,41.2234
7976,8139,root_increment,1,-1,-1,8139,41.2178
7977,8266,root_increment,1,-1,-1,8266,41.217
7978,633,root_increment,1,-1,-1,633,41.215
7979,6823,root_increment,1,-1,-1,6823,41.2148
7980,5140,root_increment,1,-1,-1,5140,41.2104
7981,12942,root_increment,1,-1,-1,12942,41.2036
7982,4093,root_increment,1,-1,-1,4093,41.2023
7983,4317,root_increment,1,-1,-1,4317,41.198
7984,8834,root_increment,1,-1,-1,8834,41.1949
7985,297,root_increment,1,-1,-1,297,41.1861
7986,5881,root_increment,1,-1,-1,5881,41.1857
7987,13154,root_increment,1,-1,-1,13154,41.1832
7988,667,root_increment,1,-1,-1,667,41.1823
7989,6749,root_increment,1,-1,-1,6749,41.1791
7990,1779,root_increment,1,-1,-1,1779,41.1779
7991,4882,root_increment,1,-1,-1,4882,41.1777
7992,16292,root_increment,1,-1,-1,16292,41.1755
7993,2988,root_increment,1,-1,-1,2988,41.1717
7994,4042,root_increment,1,-1,-1,4042,41.1707
7995,9647,root_increment,1,-1,-1,9647,41.1673
7996,15972,root_increment,1,-1,-1,15972,41.1639
7997,12022,root_increment,1,-1,-1,12022,41.1585
7998,2621,root_increment,1,-1,-1,2621,41.158
7999,15035,root_increment,1,-1,-1,15035,41.1578
8000,12551,root_increment,1,-1,-1,12551,41.1568
8001,15843,root_increment,1,-1,-1,15843,41.1553
8002,11371,root_increment,1,-1,-1,11371,41.1551
8003,18467,root_increment,1,-1,-1,18467,41.1533
8004,18407,root_increment,1,-1,-1,18407,41.1527
8005,3449,root_increment,1,-1,-1,3449,41.15
8006,7669,root_increment,1,-1,-1,7669,41.1463
8007,4709,root_increment,1,-1,-1,4709,41.1406
8008,11672,root_increment,1,-1,-1,11672,41.1374
8009,1975,root_increment,1,-1,-1,1975,41.1368
8010,12177,root_increment,1,-1,-1,12177,41.135
8011,7102,root_increment,1,-1,-1,7102,41.1331
8012,19742,root_increment,1,-1,-1,19742,41.1269
8013,7825,root_increment,1,-1,-1,7825,41.1261
8014,16519,root_increment,1,-1,-1,16519,41.1232
8015,9640,root_increment,1,-1,-1,9640,41.1225
8016,11650,root_increment,1,-1,-1,11650,41.12
8017,1530,root_increment,1,-1,-1,1530,41.1185
8018,442,root_increment,1,-1,-1,442,41.1173
8019,7042,root_increment,1,-1,-1,7042,41.1117
8020,17374,root_increment,1,-1,-1,17374,41.107
8021,7045,root_increment,1,-1,-1,7045,41.1059
8022,15129,root_increment,1,-1,-1,15129,41.1046
8023,6827,root_increment,1,-1,-1,6827,41.103
8024,12892,root_increment,1,-1,-1,12892,41.1029
8025,6511,root_increment,1,-1,-1,6511,41.0989
8026,19343,root_increment,1,-1,-1,19343,41.0969
8027,8402,root_increment,1,-1,-1,8402,41.0962
8028,16861,root_increment,1,-1,-1,16861,41.0938
8029,11048,root_increment,1,-1,-1,11048,41.088
8030,14369,root_increment,1,-1,-1,14369,41.0788
8031,5635,root_increment,1,-1,-1,5635,41.0783
8032,13480,root_increment,1,-1,-1,13480,41.0728
8033,4371,root_increment,1,-1,-1,4371,41.0727
8034,13579,root_increment,1,-1,-1,13579,41.0712
8035,5823,root_increment,1,-1,-1,5823,41.0705
8036,6786,root_increment,1,-1,-1,6786,41.068
8037,10795,root_increment,1,-1,-1,10795,41.0673
8038,13299,root_increment,1,-1,-1,13299,41.0655
8039,5512,root_increment,1,-1,-1,5512,41.065
8040,5895,root_increment,1,-1,-1,5895,41.0641
8041,1741,root_increment,1,-1,-1,1741,41.06
8042,2719,root_increment,1,-1,-1,2719,41.0577
8043,7614,root_increment,1,-1,-1,7614,41.057
8044,2204,root_increment,1,-1,-1,2204,41.0514
8045,5880,root_increment,1,-1,-1,5880,41.0503
8046,5893,root_increment,1,-1,-1,5893,41.0503
8047,5906,root_increment,1,-1,-1,5906,41.0503
8048,7033,root_increment,1,-1,-1,7033,41.0496
8049,460,root_increment,1,-1,-1,460,41.0466
8050,7540,root_increment,1,-1,-1,7540,41.0449
8051,13929,root_increment,1,-1,-1,13929,41.0437
8052,4304,root_increment,1,-1,-1,4304,41.0435
8053,7287,root_increment,1,-1,-1,7287,41.0373
8054,4236,root_increment,1,-1,-1,4236,41.0339
8055,18386,root_increment,1,-1,-1,18386,41.0327
8056,2538,root_increment,1,-1,-1,2538,41.0305
8057,19611,root_increment,1,-1,-1,19611,41.0273
8058,1677,root_increment,1,-1,-1,1677,41.0266
8059,12356,root_increment,1,-1,-1,12356,41.0185
8060,9575,root_increment,1,-1,-1,9575,41.015
8061,6631,root_increment,1,-1,-1,6631,41.0119
8062,6639,root_increment,1,-1,-1,6639,41.0119
8063,14357,root_increment,1,-1,-1,14357,41.0082
8064,3685,root_increment,1,-1,-1,3685,41.0071
8065,18303,root_increment,1,-1,-1,18303,41.0037
8066,1282,root_increment,1,-1,-1,1282,41.0019
8067,4520,root_increment,1,-1,-1,4520,41.0019
8068,7388,root_increment,1,-1,-1,7388,40.9993
8069,6999,root_increment,1,-1,-1,6999,40.999
8070,4809,root_increment,1,-1,-1,4809,40.9858
8071,19064,root_increment,1,-1,-1,19064,40.9808
8072,4003,root_increment,1,-1,-1,4003,40.979
8073,18453,root_increment,1,-1,-1,18453,40.9763
8074,4319,root_increment,1,-1,-1,4319,40.9744
8075,12230,root_increment,1,-1,-1,12230,40.9736
8076,972,root_increment,1,-1,-1,972,40.9694
8077,18180,root_increment,1,-1,-1,18180,40.9651
8078,2433,root_increment,1,-1,-1,2433,40.9608
8079,3216,root_increment,1,-1,-1,3216,40.9574
8080,5356,root_increment,1,-1,-1,5356,40.9572
8081,5435,root_increment,1,-1,-1,5435,40.9531
8082,1819,root_increment,1,-1,-1,1819,40.9521
8083,17190,root_increment,1,-1,-1,17190,40.9509
8084,3203,root_increment,1,-1,-1,3203,40.9505
8085,3237,root_increment,1,-1,-1,3237,40.9505
8086,16496,root_increment,1,-1,-1,16496,40.9491
8087,12357,root_increment,1,-1,-1,12357,40.9469
8088,4836,root_increment,1,-1,-1,4836,40.9464
8089,4849,root_increment,1,-1,-1,4849,40.9464
8090,4857,root_increment,1,-1,-1,4857,40.9464
8091,19728,root_increment,1,-1,-1,19728,40.9444
8092,669,root_increment,1,-1,-1,669,40.9437
8093,11156,root_increment,1,-1,-1,11156,40.9429
8094,14889,root_increment,1,-1,-1,14889,40.9414
8095,9388,root_increment,1,-1,-1,9388,40.9407
8096,8457,root_increment,1,-1,-1,8457,40.9407
8097,10249,root_increment,1,-1,-1,10249,40.9402
8098,7218,root_increment,1,-1,-1,7218,40.9349
8099,7226,root_increment,1,-1,-1,7226,40.9349
8100,16750,root_increment,1,-1,-1,16750,40.9345
8101,4660,root_increment,1,-1,-1,4660,40.9345
8102,4370,root_increment,1,-1,-1,4370,40.9339
8103,8679,root_increment,1,-1,-1,8679,40.9317
8104,7685,root_increment,1,-1,-1,7685,40.9305
8105,9125,root_increment,1,-1,-1,9125,40.9269
8106,2114,root_increment,1,-1,-1,2114,40.924
8107,11077,root_increment,1,-1,-1,11077,40.9214
8108,16311,root_increment,1,-1,-1,16311,40.9204
8109,8243,root_increment,1,-1,-1,8243,40.916
8110,13125,root_increment,1,-1,-1,13125,40.9094
8111,9881,root_increment,1,-1,-1,9881,40.9075
8112,17926,root_increment,1,-1,-1,17926,40.9072
8113,15128,root_increment,1,-1,-1,15128,40.9069
8114,4257,root_increment,1,-1,-1,4257,40.9064
8115,17326,root_increment,1,-1,-1,17326,40.9021
8116,15333,root_increment,1,-1,-1,15333,40.9018
8117,3052,root_increment,1,-1,-1,3052,40.8956
8118,8626,root_increment,1,-1,-1,8626,40.8894
8119,5504,root_increment,1,-1,-1,5504,40.8872
8120,14978,root_increment,1,-1,-1,14978,40.886
8121,12108,root_increment,1,-1,-1,12108,40.886
8122,1232,root_increment,1,-1,-1,1232,40.8854
8123,12667,root_increment,1,-1,-1,12667,40.8849
8124,12438,root_increment,1,-1,-1,12438,40.8817
8125,19264,root_increment,1,-1,-1,19264,40.8815
8126,17152,root_increment,1,-1,-1,17152,40.8807
8127,414,root_increment,1,-1,-1,414,40.8788
8128,435,root_increment,1,-1,-1,435,40.8788
8129,448,root_increment,1,-1,-1,448,40.8788
8130,6026,root_increment,1,-1,-1,6026,40.8752
8131,10275,root_increment,1,-1,-1,10275,40.8667
8132,14685,root_increment,1,-1,-1,14685,40.8647
8133,16814,root_increment,1,-1,-1,16814,40.8642
8134,8520,root_increment,1,-1,-1,8520,40.8619
8135,6072,root_increment,1,-1,-1,6072,40.8609
8136,3224,root_increment,1,-1,-1,3224,40.8577
8137,6479,root_increment,1,-1,-1,6479,40.8538
8138,495,root_increment,1,-1,-1,495,40.8469
8139,529,root_increment,1,-1,-1,529,40.8469
8140,6152,root_increment,1,-1,-1,6152,40.8453
8141,14465,root_increment,1,-1,-1,14465,40.8443
8142,73,root_increment,1,-1,-1,73,40.8443
8143,6555,root_increment,1,-1,-1,6555,40.8439
8144,12379,root_increment,1,-1,-1,12379,40.8429
8145,18281,root_increment,1,-1,-1,18281,40.8379
8146,3091,root_increment,1,-1,-1,3091,40.8367
8147,4247,root_increment,1,-1,-1,4247,40.8345
8148,4239,root_increment,1,-1,-1,4239,40.8321
8149,5656,root_increment,1,-1,-1,5656,40.8306
8150,12027,root_increment,1,-1,-1,12027,40.8296
8151,7234,root_increment,1,-1,-1,7234,40.8281
8152,4673,root_increment,1,-1,-1,4673,40.8185
8153,764,root_increment,1,-1,-1,764,40.8181
8154,7056,root_increment,1,-1,-1,7056,40.8168
8155,17938,root_increment,1,-1,-1,17938,40.8145
8156,7856,root_increment,1,-1,-1,7856,40.8135
8157,10206,root_increment,1,-1,-1,10206,40.8127
8158,17656,root_increment,1,-1,-1,17656,40.8125
8159,4668,root_increment,1,-1,-1,4668,40.8082
8160,9548,root_increment,1,-1,-1,9548,40.8066
8161,14045,root_increment,1,-1,-1,14045,40.8048
8162,4859,root_increment,1,-1,-1,4859,40.8033
8163,10397,root_increment,1,-1,-1,10397,40.8013
8164,52,root_increment,1,-1,-1,52,40.8
8165,12557,root_increment,1,-1,-1,12557,40.7986
8166,8357,root_increment,1,-1,-1,8357,40.7948
8167,8362,root_increment,1,-1,-1,8362,40.7948
8168,8365,root_increment,1,-1,-1,8365,40.7948
8169,5575,root_increment,1,-1,-1,5575,40.7941
8170,7747,root_increment,1,-1,-1,7747,40.791
8171,7752,root_increment,1,-1,-1,7752,40.791
8172,3478,root_increment,1,-1,-1,3478,40.7897
8173,16149,root_increment,1,-1,-1,16149,40.7896
8174,9533,root_increment,1,-1,-1,9533,40.7832
8175,9553,root_increment,1,-1,-1,9553,40.7821
8176,15643,root_increment,1,-1,-1,15643,40.7791
8177,12798,root_increment,1,-1,-1,12798,40.7747
8178,5260,root_increment,1,-1,-1,5260,40.7745
8179,9121,root_increment,1,-1,-1,9121,40.7713
8180,6813,root_increment,1,-1,-1,6813,40.7663
8181,2228,root_increment,1,-1,-1,2228,40.7649
8182,17250,root_increment,1,-1,-1,17250,40.7636
8183,4585,root_increment,1,-1,-1,4585,40.7601
8184,5640,root_increment,1,-1,-1,5640,40.7526
8185,5653,root_increment,1,-1,-1,5653,40.7526
8186,13226,root_increment,1,-1,-1,13226,40.7478
8187,9134,root_increment,1,-1,-1,9134,40.7439
8188,10439,root_increment,1,-1,-1,10439,40.742
8189,4342,root_increment,1,-1,-1,4342,40.7415
8190,4894,root_increment,1,-1,-1,4894,40.7402
8191,19377,root_increment,1,-1,-1,19377,40.7365
8192,6871,root_increment,1,-1,-1,6871,40.735
8193,8027,root_increment,1,-1,-1,8027,40.7322
8194,4652,root_increment,1,-1,-1,4652,40.729
8195,9748,root_increment,1,-1,-1,9748,40.7257
8196,10499,root_increment,1,-1,-1,10499,40.7166
8197,7040,root_increment,1,-1,-1,7040,40.7158
8198,5711,root_increment,1,-1,-1,5711,40.7146
8199,5717,root_increment,1,-1,-1,5717,40.714
8200,5301,root_increment,1,-1,-1,5301,40.7134
8201,8639,root_increment,1,-1,-1,8639,40.7105
8202,4619,root_increment,1,-1,-1,4619,40.7086
8203,16792,root_increment,1,-1,-1,16792,40.7048
8204,8105,root_increment,1,-1,-1,8105,40.6995
8205,4649,root_increment,1,-1,-1,4649,40.6968
8206,1560,root_increment,1,-1,-1,1560,40.6925
8207,6313,root_increment,1,-1,-1,6313,40.6797
8208,3990,root_increment,1,-1,-1,3990,40.672
8209,2703,root_increment,1,-1,-1,2703,40.6696
8210,18728,root_increment,1,-1,-1,18728,40.6689
8211,3704,root_increment,1,-1,-1,3704,40.6688
8212,2304,root_increment,1,-1,-1,2304,40.6672
8213,8694,root_increment,1,-1,-1,8694,40.6661
8214,3877,root_increment,1,-1,-1,3877,40.6632
8215,9279,root_increment,1,-1,-1,9279,40.6631
8216,2999,root_increment,1,-1,-1,2999,40.6615
8217,2732,root_increment,1,-1,-1,2732,40.6573
8218,4644,root_increment,1,-1,-1,4644,40.6513
8219,14692,root_increment,1,-1,-1,14692,40.6506
8220,381,root_increment,1,-1,-1,381,40.6451
8221,7077,root_increment,1,-1,-1,7077,40.6438
8222,11430,root_increment,1,-1,-1,11430,40.6356
8223,317,root_increment,1,-1,-1,317,40.6286
8224,325,root_increment,1,-1,-1,325,40.6286
8225,330,root_increment,1,-1,-1,330,40.6286
8226,333,root_increment,1,-1,-1,333,40.6286
8227,338,root_increment,1,-1,-1,338,40.6286
8228,346,root_increment,1,-1,-1,346,40.6286
8229,351,root_increment,1,-1,-1,351,40.6286
8230,359,root_increment,1,-1,-1,359,40.6286
8231,4611,root_increment,1,-1,-1,4611,40.6274
8232,7711,root_increment,1,-1,-1,7711,40.6173
8233,4959,root_increment,1,-1,-1,4959,40.6168
8234,6995,root_increment,1,-1,-1,6995,40.6164
8235,4665,root_increment,1,-1,-1,4665,40.6148
8236,6297,root_increment,1,-1,-1,6297,40.6096
8237,8007,root_increment,1,-1,-1,8007,40.6076
8238,3538,root_increment,1,-1,-1,3538,40.6066
8239,1861,root_increment,1,-1,-1,1861,40.6025
8240,15036,root_increment,1,-1,-1,15036,40.5999
8241,6799,root_increment,1,-1,-1,6799,40.5894
8242,8511,root_increment,1,-1,-1,8511,40.5878
8243,13738,root_increment,1,-1,-1,13738,40.5814
8244,3798,root_increment,1,-1,-1,3798,40.5762
8245,6263,root_increment,1,-1,-1,6263,40.5747
8246,5622,root_increment,1,-1,-1,5622,40.5732
8247,2581,root_increment,1,-1,-1,2581,40.5683
8248,10934,root_increment,1,-1,-1,10934,40.5662
8249,5309,root_increment,1,-1,-1,5309,40.5647
8250,5296,root_increment,1,-1,-1,5296,40.5644
8251,1132,root_increment,1,-1,-1,1132,40.561
8252,10444,root_increment,1,-1,-1,10444,40.5603
8253,18140,root_increment,1,-1,-1,18140,40.5557
8254,2351,root_increment,1,-1,-1,2351,40.5554
8255,17569,root_increment,1,-1,-1,17569,40.5541
8256,2222,root_increment,1,-1,-1,2222,40.5481
8257,3276,root_increment,1,-1,-1,3276,40.5412
8258,5280,root_increment,1,-1,-1,5280,40.54
8259,8647,root_increment,1,-1,-1,8647,40.5396
8260,7276,root_increment,1,-1,-1,7276,40.5389
8261,14678,root_increment,1,-1,-1,14678,40.5377
8262,4089,root_increment,1,-1,-1,4089,40.5364
8263,9698,root_increment,1,-1,-1,9698,40.5303
8264,2724,root_increment,1,-1,-1,2724,40.5177
8265,9721,root_increment,1,-1,-1,9721,40.5149
8266,7992,root_increment,1,-1,-1,7992,40.5122
8267,12983,root_increment,1,-1,-1,12983,40.5032
8268,17965,root_increment,1,-1,-1,17965,40.5025
8269,11161,root_increment,1,-1,-1,11161,40.4994
8270,8978,root_increment,1,-1,-1,8978,40.4984
8271,8875,root_increment,1,-1,-1,8875,40.492
8272,5957,root_increment,1,-1,-1,5957,40.4899
8273,19973,root_increment,1,-1,-1,19973,40.4886
8274,9885,root_increment,1,-1,-1,9885,40.4885
8275,14026,root_increment,1,-1,-1,14026,40.4802
8276,1941,root_increment,1,-1,-1,1941,40.475
8277,7043,root_increment,1,-1,-1,7043,40.4735
8278,13703,root_increment,1,-1,-1,13703,40.4718
8279,531,root_increment,1,-1,-1,531,40.4709
8280,10559,root_increment,1,-1,-1,10559,40.469
8281,11873,root_increment,1,-1,-1,11873,40.466
8282,12412,root_increment,1,-1,-1,12412,40.4625
8283,9234,root_increment,1,-1,-1,9234,40.4592
8284,6084,root_increment,1,-1,-1,6084,40.4578
8285,8135,root_increment,1,-1,-1,8135,40.4486
8286,5357,root_increment,1,-1,-1,5357,40.4483
8287,18660,root_increment,1,-1,-1,18660,40.4482
8288,2506,root_increment,1,-1,-1,2506,40.446
8289,19026,root_increment,1,-1,-1,19026,40.4453
8290,5283,root_increment,1,-1,-1,5283,40.4417
8291,17229,root_increment,1,-1,-1,17229,40.4406
8292,3942,root_increment,1,-1,-1,3942,40.4401
8293,18615,root_increment,1,-1,-1,18615,40.4393
8294,7906,root_increment,1,-1,-1,7906,40.4373
8295,17548,root_increment,1,-1,-1,17548,40.4369
8296,968,root_increment,1,-1,-1,968,40.4367
8297,10464,root_increment,1,-1,-1,10464,40.4354
8298,7580,root_increment,1,-1,-1,7580,40.4308
8299,9420,root_increment,1,-1,-1,9420,40.4298
8300,19380,root_increment,1,-1,-1,19380,40.4278
8301,1384,root_increment,1,-1,-1,1384,40.4276
8302,3602,root_increment,1,-1,-1,3602,40.4251
8303,15640,root_increment,1,-1,-1,15640,40.4247
8304,12851,root_increment,1,-1,-1,12851,40.4212
8305,15644,root_increment,1,-1,-1,15644,40.4196
8306,8807,root_increment,1,-1,-1,8807,40.4117
8307,5304,root_increment,1,-1,-1,5304,40.4074
8308,675,root_increment,1,-1,-1,675,40.4045
8309,12399,root_increment,1,-1,-1,12399,40.4008
8310,12710,root_increment,1,-1,-1,12710,40.3961
8311,15951,root_increment,1,-1,-1,15951,40.3895
8312,4541,root_increment,1,-1,-1,4541,40.3861
8313,7088,root_increment,1,-1,-1,7088,40.3851
8314,9159,root_increment,1,-1,-1,9159,40.3835
8315,2696,root_increment,1,-1,-1,2696,40.3824
8316,15310,root_increment,1,-1,-1,15310,40.3752
8317,6707,root_increment,1,-1,-1,6707,40.3735
8318,16483,root_increment,1,-1,-1,16483,40.3669
8319,16009,root_increment,1,-1,-1,16009,40.3652
8320,2004,root_increment,1,-1,-1,2004,40.3613
8321,4923,root_increment,1,-1,-1,4923,40.3602
8322,11760,root_increment,1,-1,-1,11760,40.3582
8323,9084,root_increment,1,-1,-1,9084,40.3574
8324,10760,root_increment,1,-1,-1,10760,40.3553
8325,15736,root_increment,1,-1,-1,15736,40.3506
8326,6437,root_increment,1,-1,-1,6437,40.3503
8327,4291,root_increment,1,-1,-1,4291,40.348
8328,6203,root_increment,1,-1,-1,6203,40.3476
8329,14791,root_increment,1,-1,-1,14791,40.3458
8330,18153,root_increment,1,-1,-1,18153,40.3446
8331,1086,root_increment,1,-1,-1,1086,40.3409
8332,12903,root_increment,1,-1,-1,12903,40.3391
8333,18477,root_increment,1,-1,-1,18477,40.3305
8334,3201,root_increment,1,-1,-1,3201,40.3255
8335,8789,root_increment,1,-1,-1,8789,40.3235
8336,9210,root_increment,1,-1,-1,9210,40.3218
8337,19387,root_increment,1,-1,-1,19387,40.3205
8338,941,root_increment,1,-1,-1,941,40.315
8339,8815,root_increment,1,-1,-1,8815,40.3144
8340,5742,root_increment,1,-1,-1,5742,40.3116
8341,12638,root_increment,1,-1,-1,12638,40.3014
8342,15048,root_increment,1,-1,-1,15048,40.2882
8343,12926,root_increment,1,-1,-1,12926,40.286
8344,9363,root_increment,1,-1,-1,9363,40.2827
8345,8747,root_increment,1,-1,-1,8747,40.2793
8346,2327,root_increment,1,-1,-1,2327,40.2785
8347,6351,root_increment,1,-1,-1,6351,40.2779
8348,4121,root_increment,1,-1,-1,4121,40.2777
8349,4623,root_increment,1,-1,-1,4623,40.2768
8350,1673,root_increment,1,-1,-1,1673,40.276
8351,9918,root_increment,1,-1,-1,9918,40.2736
8352,3009,root_increment,1,-1,-1,3009,40.2727
8353,17270,root_increment,1,-1,-1,17270,40.268
8354,9142,root_increment,1,-1,-1,9142,40.2676
8355,10418,root_increment,1,-1,-1,10418,40.2606
8356,9085,root_increment,1,-1,-1,9085,40.2585
8357,10569,root_increment,1,-1,-1,10569,40.2582
8358,4580,root_increment,1,-1,-1,4580,40.2575
8359,5355,root_increment,1,-1,-1,5355,40.2529
8360,4000,root_increment,1,-1,-1,4000,40.2525
8361,2285,root_increment,1,-1,-1,2285,40.252
8362,9497,root_increment,1,-1,-1,9497,40.2484
8363,12599,root_increment,1,-1,-1,12599,40.2466
8364,8150,root_increment,1,-1,-1,8150,40.239
8365,19596,root_increment,1,-1,-1,19596,40.2349
8366,5991,root_increment,1,-1,-1,5991,40.2317
8367,6135,root_increment,1,-1,-1,6135,40.2273
8368,9779,root_increment,1,-1,-1,9779,40.2267
8369,9489,root_increment,1,-1,-1,9489,40.2244
8370,1907,root_increment,1,-1,-1,1907,40.2151
8371,17666,root_increment,1,-1,-1,17666,40.2146
8372,7242,root_increment,1,-1,-1,7242,40.209
8373,3525,root_increment,1,-1,-1,3525,40.2066
8374,10502,root_increment,1,-1,-1,10502,40.2045
8375,12980,root_increment,1,-1,-1,12980,40.2025
8376,1882,root_increment,1,-1,-1,1882,40.1978
8377,7153,root_increment,1,-1,-1,7153,40.1967
8378,4139,root_increment,1,-1,-1,4139,40.1966
8379,7020,root_increment,1,-1,-1,7020,40.1963
8380,2643,root_increment,1,-1,-1,2643,40.193
8381,182,root_increment,1,-1,-1,182,40.1838
8382,19629,root_increment,1,-1,-1,19629,40.1803
8383,9452,root_increment,1,-1,-1,9452,40.1798
8384,5580,root_increment,1,-1,-1,5580,40.1769
8385,8274,root_increment,1,-1,-1,8274,40.1767
8386,9256,root_increment,1,-1,-1,9256,40.1673
8387,268,root_increment,1,-1,-1,268,40.1671
8388,9179,root_increment,1,-1,-1,9179,40.1665
8389,10406,root_increment,1,-1,-1,10406,40.1635
8390,3520,root_increment,1,-1,-1,3520,40.1615
8391,15456,root_increment,1,-1,-1,15456,40.1609
8392,5847,root_increment,1,-1,-1,5847,40.1579
8393,5745,root_increment,1,-1,-1,5745,40.1545
8394,6056,root_increment,1,-1,-1,6056,40.1498
8395,8035,root_increment,1,-1,-1,8035,40.149
8396,11360,root_increment,1,-1,-1,11360,40.1479
8397,3436,root_increment,1,-1,-1,3436,40.1478
8398,9004,root_increment,1,-1,-1,9004,40.14
8399,9686,root_increment,1,-1,-1,9686,40.1384
8400,10478,root_increment,1,-1,-1,10478,40.131
8401,9192,root_increment,1,-1,-1,9192,40.1247
8402,14777,root_increment,1,-1,-1,14777,40.1211
8403,15476,root_increment,1,-1,-1,15476,40.1182
8404,7486,root_increment,1,-1,-1,7486,40.1125
8405,3847,root_increment,1,-1,-1,3847,40.1115
8406,10100,root_increment,1,-1,-1,10100,40.104
8407,13649,root_increment,1,-1,-1,13649,40.1031
8408,11108,root_increment,1,-1,-1,11108,40.1031
8409,14943,root_increment,1,-1,-1,14943,40.1002
8410,11388,root_increment,1,-1,-1,11388,40.0997
8411,8248,root_increment,1,-1,-1,8248,40.0977
8412,7,root_increment,1,-1,-1,7,40.097
8413,7035,root_increment,1,-1,-1,7035,40.0967
8414,8514,root_increment,1,-1,-1,8514,40.0955
8415,3429,root_increment,1,-1,-1,3429,40.0903
8416,2463,root_increment,1,-1,-1,2463,40.0874
8417,4710,root_increment,1,-1,-1,4710,40.0831
8418,4731,root_increment,1,-1,-1,4731,40.0831
8419,4657,root_increment,1,-1,-1,4657,40.0815
8420,2504,root_increment,1,-1,-1,2504,40.0813
8421,7694,root_increment,1,-1,-1,7694,40.0779
8422,759,root_increment,1,-1,-1,759,40.0732
8423,10109,root_increment,1,-1,-1,10109,40.0731
8424,16511,root_increment,1,-1,-1,16511,40.0637
8425,8881,root_increment,1,-1,-1,8881,40.0629
8426,7465,root_increment,1,-1,-1,7465,40.0584
8427,4554,root_increment,1,-1,-1,4554,40.0558
8428,7048,root_increment,1,-1,-1,7048,40.0524
8429,234,root_increment,1,-1,-1,234,40.0433
8430,18821,root_increment,1,-1,-1,18821,40.0422
8431,6316,root_increment,1,-1,-1,6316,40.0413
8432,5459,root_increment,1,-1,-1,5459,40.0408
8433,3546,root_increment,1,-1,-1,3546,40.0346
8434,2503,root_increment,1,-1,-1,2503,40.0265
8435,10655,root_increment,1,-1,-1,10655,40.0206
8436,8460,root_increment,1,-1,-1,8460,40.0197
8437,11018,root_increment,1,-1,-1,11018,40.0095
8438,19748,root_increment,1,-1,-1,19748,40.0081
8439,7084,root_increment,1,-1,-1,7084,40.0052
8440,18482,root_increment,1,-1,-1,18482,40.0038
8441,4173,root_increment,1,-1,-1,4173,40.0031
8442,4181,root_increment,1,-1,-1,4181,40.0031
8443,4194,root_increment,1,-1,-1,4194,40.0031
8444,10867,root_increment,1,-1,-1,10867,40.0015
8445,15403,root_increment,1,-1,-1,15403,39.996
8446,4678,root_increment,1,-1,-1,4678,39.9888
8447,4449,root_increment,1,-1,-1,4449,39.9887
8448,6519,root_increment,1,-1,-1,6519,39.987
8449,12463,root_increment,1,-1,-1,12463,39.9817
8450,6498,root_increment,1,-1,-1,6498,39.9791
8451,4027,root_increment,1,-1,-1,4027,39.9748
8452,4048,root_increment,1,-1,-1,4048,39.9748
8453,12313,root_increment,1,-1,-1,12313,39.9736
8454,9347,root_increment,1,-1,-1,9347,39.9717
8455,4856,root_increment,1,-1,-1,4856,39.9712
8456,17232,root_increment,1,-1,-1,17232,39.9684
8457,11234,root_increment,1,-1,-1,11234,39.9571
8458,3952,root_increment,1,-1,-1,3952,39.9524
8459,4838,root_increment,1,-1,-1,4838,39.952
8460,18568,root_increment,1,-1,-1,18568,39.9512
8461,11312,root_increment,1,-1,-1,11312,39.9471
8462,4598,root_increment,1,-1,-1,4598,39.94
8463,8267,root_increment,1,-1,-1,8267,39.9388
8464,5382,root_increment,1,-1,-1,5382,39.937
8465,3872,root_increment,1,-1,-1,3872,39.9367
8466,16363,root_increment,1,-1,-1,16363,39.9315
8467,9500,root_increment,1,-1,-1,9500,39.9236
8468,15910,root_increment,1,-1,-1,15910,39.9222
8469,18367,root_increment,1,-1,-1,18367,39.9185
8470,8121,root_increment,1,-1,-1,8121,39.9139
8471,3950,root_increment,1,-1,-1,3950,39.9121
8472,1168,root_increment,1,-1,-1,1168,39.9029
8473,16881,root_increment,1,-1,-1,16881,39.9024
8474,4453,root_increment,1,-1,-1,4453,39.9008
8475,6695,root_increment,1,-1,-1,6695,39.8997
8476,5211,root_increment,1,-1,-1,5211,39.8985
8477,5093,root_increment,1,-1,-1,5093,39.896
8478,16314,root_increment,1,-1,-1,16314,39.8952
8479,9837,root_increment,1,-1,-1,9837,39.8946
8480,9144,root_increment,1,-1,-1,9144,39.8904
8481,8466,root_increment,1,-1,-1,8466,39.8897
8482,14019,root_increment,1,-1,-1,14019,39.8891
8483,6815,root_increment,1,-1,-1,6815,39.8866
8484,13636,root_increment,1,-1,-1,13636,39.8865
8485,5615,root_increment,1,-1,-1,5615,39.8853
8486,8244,root_increment,1,-1,-1,8244,39.8849
8487,6367,root_increment,1,-1,-1,6367,39.8814
8488,19433,root_increment,1,-1,-1,19433,39.881
8489,4737,root_increment,1,-1,-1,4737,39.8803
8490,17081,root_increment,1,-1,-1,17081,39.8794
8491,5338,root_increment,1,-1,-1,5338,39.8746
8492,12964,root_increment,1,-1,-1,12964,39.8734
8493,6080,root_increment,1,-1,-1,6080,39.8709
8494,13802,root_increment,1,-1,-1,13802,39.8683
8495,17487,root_increment,1,-1,-1,17487,39.8654
8496,5902,root_increment,1,-1,-1,5902,39.862
8497,18999,root_increment,1,-1,-1,18999,39.8618
8498,5560,root_increment,1,-1,-1,5560,39.8547
8499,384,root_increment,1,-1,-1,384,39.8515
8500,12920,root_increment,1,-1,-1,12920,39.8449
8501,4242,root_increment,1,-1,-1,4242,39.8441
8502,4250,root_increment,1,-1,-1,4250,39.8441
8503,16527,root_increment,1,-1,-1,16527,39.844
8504,6541,root_increment,1,-1,-1,6541,39.8422
8505,3115,root_increment,1,-1,-1,3115,39.8363
8506,8288,root_increment,1,-1,-1,8288,39.8344
8507,4518,root_increment,1,-1,-1,4518,39.8244
8508,2372,root_increment,1,-1,-1,2372,39.8198
8509,12760,root_increment,1,-1,-1,12760,39.8131
8510,4986,root_increment,1,-1,-1,4986,39.8112
8511,5148,root_increment,1,-1,-1,5148,39.811
8512,11674,root_increment,1,-1,-1,11674,39.81
8513,7347,root_increment,1,-1,-1,7347,39.8085
8514,363,root_increment,1,-1,-1,363,39.8084
8515,14205,root_increment,1,-1,-1,14205,39.8049
8516,6622,root_increment,1,-1,-1,6622,39.8038
8517,1399,root_increment,1,-1,-1,1399,39.8012
8518,1193,root_increment,1,-1,-1,1193,39.8003
8519,977,root_increment,1,-1,-1,977,39.8001
8520,780,root_increment,1,-1,-1,780,39.7983
8521,11787,root_increment,1,-1,-1,11787,39.7951
8522,494,root_increment,1,-1,-1,494,39.7925
8523,6770,root_increment,1,-1,-1,6770,39.7861
8524,10609,root_increment,1,-1,-1,10609,39.7861
8525,1366,root_increment,1,-1,-1,1366,39.7836
8526,7850,root_increment,1,-1,-1,7850,39.7824
8527,6923,root_increment,1,-1,-1,6923,39.7765
8528,743,root_increment,1,-1,-1,743,39.7725
8529,4195,root_increment,1,-1,-1,4195,39.7716
8530,11278,root_increment,1,-1,-1,11278,39.7689
8531,6224,root_increment,1,-1,-1,6224,39.7679
8532,725,root_increment,1,-1,-1,725,39.7544
8533,6430,root_increment,1,-1,-1,6430,39.7523
8534,10401,root_increment,1,-1,-1,10401,39.752
8535,5225,root_increment,1,-1,-1,5225,39.7507
8536,4178,root_increment,1,-1,-1,4178,39.7433
8537,12889,root_increment,1,-1,-1,12889,39.7394
8538,19657,root_increment,1,-1,-1,19657,39.7347
8539,5288,root_increment,1,-1,-1,5288,39.7291
8540,86,root_increment,1,-1,-1,86,39.7274
8541,9307,root_increment,1,-1,-1,9307,39.7268
8542,19972,root_increment,1,-1,-1,19972,39.7198
8543,17921,root_increment,1,-1,-1,17921,39.7182
8544,13779,root_increment,1,-1,-1,13779,39.7118
8545,19262,root_increment,1,-1,-1,19262,39.7033
8546,12293,root_increment,1,-1,-1,12293,39.701
8547,8810,root_increment,1,-1,-1,8810,39.6984
8548,8358,root_increment,1,-1,-1,8358,39.6962
8549,2613,root_increment,1,-1,-1,2613,39.6955
8550,5543,root_increment,1,-1,-1,5543,39.6916
8551,5391,root_increment,1,-1,-1,5391,39.689
8552,3695,root_increment,1,-1,-1,3695,39.6883
8553,14717,root_increment,1,-1,-1,14717,39.6866
8554,2559,root_increment,1,-1,-1,2559,39.6811
8555,12654,root_increment,1,-1,-1,12654,39.679
8556,19405,root_increment,1,-1,-1,19405,39.6759
8557,16290,root_increment,1,-1,-1,16290,39.6743
8558,4008,root_increment,1,-1,-1,4008,39.6733
8559,17227,root_increment,1,-1,-1,17227,39.6724
8560,17591,root_increment,1,-1,-1,17591,39.6652
8561,4011,root_increment,1,-1,-1,4011,39.6642
8562,5630,root_increment,1,-1,-1,5630,39.6606
8563,17711,root_increment,1,-1,-1,17711,39.6543
8564,9129,root_increment,1,-1,-1,9129,39.6515
8565,19140,root_increment,1,-1,-1,19140,39.6487
8566,5190,root_increment,1,-1,-1,5190,39.645
8567,11679,root_increment,1,-1,-1,11679,39.6376
8568,19644,root_increment,1,-1,-1,19644,39.6371
8569,8042,root_increment,1,-1,-1,8042,39.6369
8570,7881,root_increment,1,-1,-1,7881,39.6359
8571,7104,root_increment,1,-1,-1,7104,39.6286
8572,12477,root_increment,1,-1,-1,12477,39.6214
8573,14121,root_increment,1,-1,-1,14121,39.6165
8574,18723,root_increment,1,-1,-1,18723,39.6101
8575,9375,root_increment,1,-1,-1,9375,39.6092
8576,12130,root_increment,1,-1,-1,12130,39.608
8577,11304,root_increment,1,-1,-1,11304,39.6034
8578,9380,root_increment,1,-1,-1,9380,39.6016
8579,907,root_increment,1,-1,-1,907,39.6001
8580,14957,root_increment,1,-1,-1,14957,39.5998
8581,15650,root_increment,1,-1,-1,15650,39.5986
8582,14439,root_increment,1,-1,-1,14439,39.5981
8583,10498,root_increment,1,-1,-1,10498,39.5971
8584,16488,root_increment,1,-1,-1,16488,39.5971
8585,9023,root_increment,1,-1,-1,9023,39.5935
8586,2264,root_increment,1,-1,-1,2264,39.5921
8587,3651,root_increment,1,-1,-1,3651,39.5914
8588,6284,root_increment,1,-1,-1,6284,39.5828
8589,11737,root_increment,1,-1,-1,11737,39.5739
8590,16293,root_increment,1,-1,-1,16293,39.5739
8591,9433,root_increment,1,-1,-1,9433,39.5702
8592,11897,root_increment,1,-1,-1,11897,39.5693
8593,6752,root_increment,1,-1,-1,6752,39.5637
8594,6760,root_increment,1,-1,-1,6760,39.5637
8595,12332,root_increment,1,-1,-1,12332,39.5597
8596,2386,root_increment,1,-1,-1,2386,39.5589
8597,7219,root_increment,1,-1,-1,7219,39.5566
8598,9184,root_increment,1,-1,-1,9184,39.5546
8599,5920,root_increment,1,-1,-1,5920,39.5493
8600,12232,root_increment,1,-1,-1,12232,39.5454
8601,5855,root_increment,1,-1,-1,5855,39.54
8602,15339,root_increment,1,-1,-1,15339,39.5319
8603,7121,root_increment,1,-1,-1,7121,39.5279
8604,17982,root_increment,1,-1,-1,17982,39.5145
8605,18346,root_increment,1,-1,-1,18346,39.5119
8606,6216,root_increment,1,-1,-1,6216,39.5077
8607,3541,root_increment,1,-1,-1,3541,39.5063
8608,772,root_increment,1,-1,-1,772,39.5002
8609,5325,root_increment,1,-1,-1,5325,39.4886
8610,17559,root_increment,1,-1,-1,17559,39.488
8611,15820,root_increment,1,-1,-1,15820,39.4823
8612,10494,root_increment,1,-1,-1,10494,39.4801
8613,862,root_increment,1,-1,-1,862,39.4801
8614,875,root_increment,1,-1,-1,875,39.4801
8615,888,root_increment,1,-1,-1,888,39.4801
8616,896,root_increment,1,-1,-1,896,39.4801
8617,19894,root_increment,1,-1,-1,19894,39.4744
8618,1449,root_increment,1,-1,-1,1449,39.4725
8619,10044,root_increment,1,-1,-1,10044,39.471
8620,159,root_increment,1,-1,-1,159,39.4707
8621,421,root_increment,1,-1,-1,421,39.4668
8622,19731,root_increment,1,-1,-1,19731,39.465
8623,3072,root_increment,1,-1,-1,3072,39.4561
8624,4034,root_increment,1,-1,-1,4034,39.4557
8625,10706,root_increment,1,-1,-1,10706,39.4515
8626,13760,root_increment,1,-1,-1,13760,39.4461
8627,8032,root_increment,1,-1,-1,8032,39.4454
8628,12939,root_increment,1,-1,-1,12939,39.4442
8629,16295,root_increment,1,-1,-1,16295,39.4431
8630,7789,root_increment,1,-1,-1,7789,39.4379
8631,7797,root_increment,1,-1,-1,7797,39.4379
8632,15474,root_increment,1,-1,-1,15474,39.4222
8633,9460,root_increment,1,-1,-1,9460,39.4216
8634,13909,root_increment,1,-1,-1,13909,39.4141
8635,5371,root_increment,1,-1,-1,5371,39.4136
8636,5012,root_increment,1,-1,-1,5012,39.3867
8637,9299,root_increment,1,-1,-1,9299,39.3837
8638,3119,root_increment,1,-1,-1,3119,39.3766
8639,844,root_increment,1,-1,-1,844,39.3765
8640,4830,root_increment,1,-1,-1,4830,39.3729
8641,3512,root_increment,1,-1,-1,3512,39.3671
8642,4670,root_increment,1,-1,-1,4670,39.3604
8643,15371,root_increment,1,-1,-1,15371,39.3577
8644,4720,root_increment,1,-1,-1,4720,39.3573
8645,15191,root_increment,1,-1,-1,15191,39.357
8646,8606,root_increment,1,-1,-1,8606,39.3566
8647,4021,root_increment,1,-1,-1,4021,39.3508
8648,7923,root_increment,1,-1,-1,7923,39.3497
8649,12071,root_increment,1,-1,-1,12071,39.3483
8650,3187,root_increment,1,-1,-1,3187,39.3475
8651,10392,root_increment,1,-1,-1,10392,39.3463
8652,15100,root_increment,1,-1,-1,15100,39.3414
8653,16298,root_increment,1,-1,-1,16298,39.3413
8654,6792,root_increment,1,-1,-1,6792,39.3394
8655,4110,root_increment,1,-1,-1,4110,39.3367
8656,10180,root_increment,1,-1,-1,10180,39.3316
8657,18403,root_increment,1,-1,-1,18403,39.33
8658,6775,root_increment,1,-1,-1,6775,39.3281
8659,10331,root_increment,1,-1,-1,10331,39.3263
8660,8478,root_increment,1,-1,-1,8478,39.3223
8661,15517,root_increment,1,-1,-1,15517,39.3205
8662,8821,root_increment,1,-1,-1,8821,39.3196
8663,10614,root_increment,1,-1,-1,10614,39.317
8664,9245,root_increment,1,-1,-1,9245,39.3168
8665,10396,root_increment,1,-1,-1,10396,39.3133
8666,4058,root_increment,1,-1,-1,4058,39.3082
8667,12433,root_increment,1,-1,-1,12433,39.307
8668,14089,root_increment,1,-1,-1,14089,39.3034
8669,18947,root_increment,1,-1,-1,18947,39.3017
8670,6038,root_increment,1,-1,-1,6038,39.3002
8671,6918,root_increment,1,-1,-1,6918,39.2969
8672,2818,root_increment,1,-1,-1,2818,39.2947
8673,5427,root_increment,1,-1,-1,5427,39.2912
8674,8702,root_increment,1,-1,-1,8702,39.2874
8675,6385,root_increment,1,-1,-1,6385,39.2868
8676,1539,root_increment,1,-1,-1,1539,39.2829
8677,1427,root_increment,1,-1,-1,1427,39.2773
8678,17144,root_increment,1,-1,-1,17144,39.2762
8679,8138,root_increment,1,-1,-1,8138,39.2705
8680,14603,root_increment,1,-1,-1,14603,39.2689
8681,11980,root_increment,1,-1,-1,11980,39.268
8682,13323,root_increment,1,-1,-1,13323,39.2677
8683,6423,root_increment,1,-1,-1,6423,39.2673
8684,1331,root_increment,1,-1,-1,1331,39.2671
8685,2777,root_increment,1,-1,-1,2777,39.2651
8686,10882,root_increment,1,-1,-1,10882,39.2588
8687,7140,root_increment,1,-1,-1,7140,39.2516
8688,8338,root_increment,1,-1,-1,8338,39.2484
8689,4381,root_increment,1,-1,-1,4381,39.2429
8690,16038,root_increment,1,-1,-1,16038,39.241
8691,5562,root_increment,1,-1,-1,5562,39.2382
8692,10230,root_increment,1,-1,-1,10230,39.2379
8693,5452,root_increment,1,-1,-1,5452,39.2345
8694,1333,root_increment,1,-1,-1,1333,39.233
8695,1121,root_increment,1,-1,-1,1121,39.2235
8696,14823,root_increment,1,-1,-1,14823,39.222
8697,12349,root_increment,1,-1,-1,12349,39.2201
8698,5643,root_increment,1,-1,-1,5643,39.22
8699,15657,root_increment,1,-1,-1,15657,39.2188
8700,8277,root_increment,1,-1,-1,8277,39.2167
8701,17811,root_increment,1,-1,-1,17811,39.2158
8702,11836,root_increment,1,-1,-1,11836,39.2153
8703,11824,root_increment,1,-1,-1,11824,39.2075
8704,8774,root_increment,1,-1,-1,8774,39.2057
8705,4430,root_increment,1,-1,-1,4430,39.2044
8706,17530,root_increment,1,-1,-1,17530,39.1985
8707,12274,root_increment,1,-1,-1,12274,39.1964
8708,7145,root_increment,1,-1,-1,7145,39.1749
8709,7047,root_increment,1,-1,-1,7047,39.1742
8710,18942,root_increment,1,-1,-1,18942,39.174
8711,3636,root_increment,1,-1,-1,3636,39.1631
8712,10777,root_increment,1,-1,-1,10777,39.1607
8713,2552,root_increment,1,-1,-1,2552,39.1601
8714,9069,root_increment,1,-1,-1,9069,39.1593
8715,16538,root_increment,1,-1,-1,16538,39.1584
8716,1937,root_increment,1,-1,-1,1937,39.1562
8717,19037,root_increment,1,-1,-1,19037,39.1483
8718,9880,root_increment,1,-1,-1,9880,39.1432
8719,2407,root_increment,1,-1,-1,2407,39.1428
8720,9158,root_increment,1,-1,-1,9158,39.1425
8721,3242,root_increment,1,-1,-1,3242,39.1416
8722,9651,root_increment,1,-1,-1,9651,39.1387
8723,4046,root_increment,1,-1,-1,4046,39.1348
8724,17284,root_increment,1,-1,-1,17284,39.1327
8725,6708,root_increment,1,-1,-1,6708,39.1314
8726,6184,root_increment,1,-1,-1,6184,39.1311
8727,6205,root_increment,1,-1,-1,6205,39.1311
8728,1766,root_increment,1,-1,-1,1766,39.1288
8729,18186,root_increment,1,-1,-1,18186,39.1281
8730,7039,root_increment,1,-1,-1,7039,39.1187
8731,3303,root_increment,1,-1,-1,3303,39.1177
8732,7893,root_increment,1,-1,-1,7893,39.1134
8733,16842,root_increment,1,-1,-1,16842,39.1113
8734,4131,root_increment,1,-1,-1,4131,39.1103
8735,4142,root_increment,1,-1,-1,4142,39.1058
8736,11046,root_increment,1,-1,-1,11046,39.1042
8737,11225,root_increment,1,-1,-1,11225,39.1035
8738,3703,root_increment,1,-1,-1,3703,39.0932
8739,2827,root_increment,1,-1,-1,2827,39.0882
8740,4843,root_increment,1,-1,-1,4843,39.0843
8741,17826,root_increment,1,-1,-1,17826,39.082
8742,12714,root_increment,1,-1,-1,12714,39.0784
8743,6397,root_increment,1,-1,-1,6397,39.0777
8744,4433,root_increment,1,-1,-1,4433,39.0755
8745,6237,root_increment,1,-1,-1,6237,39.0723
8746,15471,root_increment,1,-1,-1,15471,39.0722
8747,6906,root_increment,1,-1,-1,6906,39.0697
8748,1045,root_increment,1,-1,-1,1045,39.0634
8749,8826,root_increment,1,-1,-1,8826,39.0567
8750,2647,root_increment,1,-1,-1,2647,39.0542
8751,10533,root_increment,1,-1,-1,10533,39.0539
8752,10939,root_increment,1,-1,-1,10939,39.0507
8753,7147,root_increment,1,-1,-1,7147,39.0464
8754,4688,root_increment,1,-1,-1,4688,39.0447
8755,8269,root_increment,1,-1,-1,8269,39.0425
8756,2745,root_increment,1,-1,-1,2745,39.0399
8757,16551,root_increment,1,-1,-1,16551,39.0338
8758,10901,root_increment,1,-1,-1,10901,39.0323
8759,9101,root_increment,1,-1,-1,9101,39.015
8760,10258,root_increment,1,-1,-1,10258,39.014
8761,19827,root_increment,1,-1,-1,19827,39.0075
8762,13463,root_increment,1,-1,-1,13463,39.0012
8763,3061,root_increment,1,-1,-1,3061,39.0008
8764,1295,root_increment,1,-1,-1,1295,39.0005
8765,14655,root_increment,1,-1,-1,14655,38.9952
8766,12429,root_increment,1,-1,-1,12429,38.9902
8767,14527,root_increment,1,-1,-1,14527,38.9892
8768,9425,root_increment,1,-1,-1,9425,38.9887
8769,6043,root_increment,1,-1,-1,6043,38.9845
8770,18081,root_increment,1,-1,-1,18081,38.9771
8771,3191,root_increment,1,-1,-1,3191,38.9761
8772,6919,root_increment,1,-1,-1,6919,38.9742
8773,5217,root_increment,1,-1,-1,5217,38.9703
8774,16361,root_increment,1,-1,-1,16361,38.9684
8775,4628,root_increment,1,-1,-1,4628,38.968
8776,2476,root_increment,1,-1,-1,2476,38.9669
8777,15099,root_increment,1,-1,-1,15099,38.9653
8778,5724,root_increment,1,-1,-1,5724,38.959
8779,17009,root_increment,1,-1,-1,17009,38.9574
8780,12503,root_increment,1,-1,-1,12503,38.9571
8781,18832,root_increment,1,-1,-1,18832,38.9539
8782,10042,root_increment,1,-1,-1,10042,38.9504
8783,4936,root_increment,1,-1,-1,4936,38.9484
8784,11585,root_increment,1,-1,-1,11585,38.9458
8785,2052,root_increment,1,-1,-1,2052,38.9451
8786,17557,root_increment,1,-1,-1,17557,38.9397
8787,7355,root_increment,1,-1,-1,7355,38.9395
8788,10490,root_increment,1,-1,-1,10490,38.9391
8789,19597,root_increment,1,-1,-1,19597,38.9376
8790,1050,root_increment,1,-1,-1,1050,38.9361
8791,11902,root_increment,1,-1,-1,11902,38.9353
8792,19364,root_increment,1,-1,-1,19364,38.9347
8793,2465,root_increment,1,-1,-1,2465,38.9336
8794,6678,root_increment,1,-1,-1,6678,38.9326
8795,496,root_increment,1,-1,-1,496,38.9319
8796,5392,root_increment,1,-1,-1,5392,38.929
8797,5657,root_increment,1,-1,-1,5657,38.9274
8798,13325,root_increment,1,-1,-1,13325,38.9241
8799,4298,root_increment,1,-1,-1,4298,38.9225
8800,10800,root_increment,1,-1,-1,10800,38.9181
8801,3271,root_increment,1,-1,-1,3271,38.9152
8802,10413,root_increment,1,-1,-1,10413,38.9124
8803,7770,root_increment,1,-1,-1,7770,38.9109
8804,10228,root_increment,1,-1,-1,10228,38.9047
8805,4495,root_increment,1,-1,-1,4495,38.9046
8806,11683,root_increment,1,-1,-1,11683,38.9028
8807,1848,root_increment,1,-1,-1,1848,38.8936
8808,10241,root_increment,1,-1,-1,10241,38.8927
8809,15601,root_increment,1,-1,-1,15601,38.8886
8810,6927,root_increment,1,-1,-1,6927,38.884
8811,4547,root_increment,1,-1,-1,4547,38.8804
8812,549,root_increment,1,-1,-1,549,38.8797
8813,2306,root_increment,1,-1,-1,2306,38.8779
8814,6245,root_increment,1,-1,-1,6245,38.8718
8815,19848,root_increment,1,-1,-1,19848,38.8676
8816,8523,root_increment,1,-1,-1,8523,38.8628
8817,14175,root_increment,1,-1,-1,14175,38.8599
8818,12913,root_increment,1,-1,-1,12913,38.8482
8819,5152,root_increment,1,-1,-1,5152,38.8472
8820,18954,root_increment,1,-1,-1,18954,38.8466
8821,14235,root_increment,1,-1,-1,14235,38.8437
8822,8570,root_increment,1,-1,-1,8570,38.8358
8823,10430,root_increment,1,-1,-1,10430,38.8357
8824,12937,root_increment,1,-1,-1,12937,38.8188
8825,8655,root_increment,1,-1,-1,8655,38.8178
8826,3898,root_increment,1,-1,-1,3898,38.8167
8827,5424,root_increment,1,-1,-1,5424,38.8129
8828,14575,root_increment,1,-1,-1,14575,38.8122
8829,15938,root_increment,1,-1,-1,15938,38.8115
8830,6731,root_increment,1,-1,-1,6731,38.8084
8831,13534,root_increment,1,-1,-1,13534,38.8014
8832,15056,root_increment,1,-1,-1,15056,38.7985
8833,8786,root_increment,1,-1,-1,8786,38.7979
8834,18571,root_increment,1,-1,-1,18571,38.7962
8835,11983,root_increment,1,-1,-1,11983,38.7943
8836,10277,root_increment,1,-1,-1,10277,38.7937
8837,6063,root_increment,1,-1,-1,6063,38.7899
8838,6931,root_increment,1,-1,-1,6931,38.7858
8839,5986,root_increment,1,-1,-1,5986,38.7839
8840,18853,root_increment,1,-1,-1,18853,38.7799
8841,11513,root_increment,1,-1,-1,11513,38.7792
8842,1622,root_increment,1,-1,-1,1622,38.7776
8843,8562,root_increment,1,-1,-1,8562,38.7721
8844,10350,root_increment,1,-1,-1,10350,38.7717
8845,1826,root_increment,1,-1,-1,1826,38.7686
8846,10291,root_increment,1,-1,-1,10291,38.7676
8847,9367,root_increment,1,-1,-1,9367,38.7656
8848,5638,root_increment,1,-1,-1,5638,38.763
8849,7288,root_increment,1,-1,-1,7288,38.7618
8850,3342,root_increment,1,-1,-1,3342,38.7613
8851,6258,root_increment,1,-1,-1,6258,38.7574
8852,8083,root_increment,1,-1,-1,8083,38.7556
8853,11625,root_increment,1,-1,-1,11625,38.7515
8854,990,root_increment,1,-1,-1,990,38.7451
8855,1003,root_increment,1,-1,-1,1003,38.7451
8856,1011,root_increment,1,-1,-1,1011,38.7451
8857,1024,root_increment,1,-1,-1,1024,38.7451
8858,6755,root_increment,1,-1,-1,6755,38.7412
8859,7626,root_increment,1,-1,-1,7626,38.7391
8860,10650,root_increment,1,-1,-1,10650,38.7323
8861,4249,root_increment,1,-1,-1,4249,38.7299
8862,7130,root_increment,1,-1,-1,7130,38.7291
8863,6471,root_increment,1,-1,-1,6471,38.7287
8864,17912,root_increment,1,-1,-1,17912,38.7216
8865,1729,root_increment,1,-1,-1,1729,38.7158
8866,4636,root_increment,1,-1,-1,4636,38.7142
8867,10784,root_increment,1,-1,-1,10784,38.7127
8868,9969,root_increment,1,-1,-1,9969,38.7066
8869,6456,root_increment,1,-1,-1,6456,38.7009
8870,12656,root_increment,1,-1,-1,12656,38.6967
8871,17475,root_increment,1,-1,-1,17475,38.6955
8872,9933,root_increment,1,-1,-1,9933,38.6951
8873,6503,root_increment,1,-1,-1,6503,38.6945
8874,9680,root_increment,1,-1,-1,9680,38.694
8875,2135,root_increment,1,-1,-1,2135,38.6925
8876,14696,root_increment,1,-1,-1,14696,38.6916
8877,4212,root_increment,1,-1,-1,4212,38.6891
8878,6211,root_increment,1,-1,-1,6211,38.687
8879,4170,root_increment,1,-1,-1,4170,38.6847
8880,13742,root_increment,1,-1,-1,13742,38.678
8881,16375,root_increment,1,-1,-1,16375,38.6777
8882,9723,root_increment,1,-1,-1,9723,38.677
8883,15696,root_increment,1,-1,-1,15696,38.6759
8884,10334,root_increment,1,-1,-1,10334,38.6754
8885,12845,root_increment,1,-1,-1,12845,38.6718
8886,4101,root_increment,1,-1,-1,4101,38.667
8887,5943,root_increment,1,-1,-1,5943,38.6664
8888,5951,root_increment,1,-1,-1,5951,38.6664
8889,5956,root_increment,1,-1,-1,5956,38.6664
8890,5964,root_increment,1,-1,-1,5964,38.6664
8891,99,root_increment,1,-1,-1,99,38.6637
8892,723,root_increment,1,-1,-1,723,38.6611
8893,12993,root_increment,1,-1,-1,12993,38.6596
8894,13242,root_increment,1,-1,-1,13242,38.6568
8895,4224,root_increment,1,-1,-1,4224,38.6539
8896,9491,root_increment,1,-1,-1,9491,38.6497
8897,12096,root_increment,1,-1,-1,12096,38.6493
8898,6030,root_increment,1,-1,-1,6030,38.649
8899,10899,root_increment,1,-1,-1,10899,38.6366
8900,19662,root_increment,1,-1,-1,19662,38.6358
8901,4851,root_increment,1,-1,-1,4851,38.6346
8902,423,root_increment,1,-1,-1,423,38.6341
8903,6952,root_increment,1,-1,-1,6952,38.6287
8904,13398,root_increment,1,-1,-1,13398,38.6272
8905,15390,root_increment,1,-1,-1,15390,38.6234
8906,4572,root_increment,1,-1,-1,4572,38.6094
8907,5732,root_increment,1,-1,-1,5732,38.6077
8908,11819,root_increment,1,-1,-1,11819,38.6006
8909,2395,root_increment,1,-1,-1,2395,38.5988
8910,5456,root_increment,1,-1,-1,5456,38.5965
8911,4921,root_increment,1,-1,-1,4921,38.5958
8912,11637,root_increment,1,-1,-1,11637,38.592
8913,3882,root_increment,1,-1,-1,3882,38.5912
8914,11975,root_increment,1,-1,-1,11975,38.57
8915,19456,root_increment,1,-1,-1,19456,38.5687
8916,6370,root_increment,1,-1,-1,6370,38.5672
8917,12894,root_increment,1,-1,-1,12894,38.5661
8918,16310,root_increment,1,-1,-1,16310,38.5648
8919,737,root_increment,1,-1,-1,737,38.5633
8920,7666,root_increment,1,-1,-1,7666,38.55
8921,1921,root_increment,1,-1,-1,1921,38.5493
8922,9729,root_increment,1,-1,-1,9729,38.549
8923,4412,root_increment,1,-1,-1,4412,38.5379
8924,4080,root_increment,1,-1,-1,4080,38.5336
8925,2002,root_increment,1,-1,-1,2002,38.5326
8926,7617,root_increment,1,-1,-1,7617,38.5302
8927,6232,root_increment,1,-1,-1,6232,38.5289
8928,10554,root_increment,1,-1,-1,10554,38.5283
8929,15170,root_increment,1,-1,-1,15170,38.5267
8930,7444,root_increment,1,-1,-1,7444,38.5218
8931,7412,root_increment,1,-1,-1,7412,38.5157
8932,5687,root_increment,1,-1,-1,5687,38.5093
8933,2510,root_increment,1,-1,-1,2510,38.5021
8934,10015,root_increment,1,-1,-1,10015,38.5019
8935,4423,root_increment,1,-1,-1,4423,38.4951
8936,8398,root_increment,1,-1,-1,8398,38.4868
8937,10169,root_increment,1,-1,-1,10169,38.4865
8938,6271,root_increment,1,-1,-1,6271,38.4858
8939,6219,root_increment,1,-1,-1,6219,38.4848
8940,9339,root_increment,1,-1,-1,9339,38.4823
8941,6464,root_increment,1,-1,-1,6464,38.4698
8942,17675,root_increment,1,-1,-1,17675,38.4673
8943,8147,root_increment,1,-1,-1,8147,38.4605
8944,7193,root_increment,1,-1,-1,7193,38.4602
8945,18576,root_increment,1,-1,-1,18576,38.4596
8946,8568,root_increment,1,-1,-1,8568,38.4593
8947,5617,root_increment,1,-1,-1,5617,38.4541
8948,2881,root_increment,1,-1,-1,2881,38.4536
8949,4366,root_increment,1,-1,-1,4366,38.4487
8950,11040,root_increment,1,-1,-1,11040,38.4444
8951,25,root_increment,1,-1,-1,25,38.4432
8952,9099,root_increment,1,-1,-1,9099,38.4415
8953,1442,root_increment,1,-1,-1,1442,38.4357
8954,6020,root_increment,1,-1,-1,6020,38.4354
8955,16509,root_increment,1,-1,-1,16509,38.4337
8956,11053,root_increment,1,-1,-1,11053,38.4172
8957,12550,root_increment,1,-1,-1,12550,38.4043
8958,5905,root_increment,1,-1,-1,5905,38.4028
8959,9895,root_increment,1,-1,-1,9895,38.4025
8960,10481,root_increment,1,-1,-1,10481,38.3972
8961,11291,root_increment,1,-1,-1,11291,38.3904
8962,4255,root_increment,1,-1,-1,4255,38.3836
8963,16626,root_increment,1,-1,-1,16626,38.3799
8964,5876,root_increment,1,-1,-1,5876,38.3782
8965,7487,root_increment,1,-1,-1,7487,38.3772
8966,11355,root_increment,1,-1,-1,11355,38.3755
8967,17667,root_increment,1,-1,-1,17667,38.3731
8968,14284,root_increment,1,-1,-1,14284,38.3729
8969,18944,root_increment,1,-1,-1,18944,38.369
8970,10207,root_increment,1,-1,-1,10207,38.369
8971,8989,root_increment,1,-1,-1,8989,38.3664
8972,4533,root_increment,1,-1,-1,4533,38.3662
8973,659,root_increment,1,-1,-1,659,38.3611
8974,3174,root_increment,1,-1,-1,3174,38.3586
8975,17483,root_increment,1,-1,-1,17483,38.3554
8976,580,root_increment,1,-1,-1,580,38.3447
8977,1380,root_increment,1,-1,-1,1380,38.3443
8978,15852,root_increment,1,-1,-1,15852,38.3382
8979,14670,root_increment,1,-1,-1,14670,38.3379
8980,6067,root_increment,1,-1,-1,6067,38.3351
8981,19018,root_increment,1,-1,-1,19018,38.3318
8982,6563,root_increment,1,-1,-1,6563,38.3304
8983,15895,root_increment,1,-1,-1,15895,38.33
8984,11649,root_increment,1,-1,-1,11649,38.3299
8985,4047,root_increment,1,-1,-1,4047,38.3284
8986,6533,root_increment,1,-1,-1,6533,38.3281
8987,1787,root_increment,1,-1,-1,1787,38.3257
8988,9524,root_increment,1,-1,-1,9524,38.3245
8989,4031,root_increment,1,-1,-1,4031,38.3231
8990,4274,root_increment,1,-1,-1,4274,38.3201
8991,2371,root_increment,1,-1,-1,2371,38.3195
8992,11959,root_increment,1,-1,-1,11959,38.3188
8993,14391,root_increment,1,-1,-1,14391,38.3164
8994,4220,root_increment,1,-1,-1,4220,38.316
8995,11362,root_increment,1,-1,-1,11362,38.3115
8996,10938,root_increment,1,-1,-1,10938,38.3078
8997,3833,root_increment,1,-1,-1,3833,38.3077
8998,17124,root_increment,1,-1,-1,17124,38.3005
8999,5520,root_increment,1,-1,-1,5520,38.2886
9000,4609,root_increment,1,-1,-1,4609,38.2874
9001,5458,root_increment,1,-1,-1,5458,38.2864
9002,5928,root_increment,1,-1,-1,5928,38.2858
9003,1147,root_increment,1,-1,-1,1147,38.2837
9004,13292,root_increment,1,-1,-1,13292,38.2826
9005,7070,root_increment,1,-1,-1,7070,38.2815
9006,9372,root_increment,1,-1,-1,9372,38.2727
9007,5792,root_increment,1,-1,-1,5792,38.2526
9008,8894,root_increment,1,-1,-1,8894,38.2481
9009,17966,root_increment,1,-1,-1,17966,38.2445
9010,4874,root_increment,1,-1,-1,4874,38.2401
9011,9851,root_increment,1,-1,-1,9851,38.2379
9012,3400,root_increment,1,-1,-1,3400,38.2351
9013,6711,root_increment,1,-1,-1,6711,38.2312
9014,12220,root_increment,1,-1,-1,12220,38.2212
9015,7777,root_increment,1,-1,-1,7777,38.221
9016,16580,root_increment,1,-1,-1,16580,38.2199
9017,4538,root_increment,1,-1,-1,4538,38.2164
9018,12297,root_increment,1,-1,-1,12297,38.2114
9019,4667,root_increment,1,-1,-1,4667,38.2103
9020,10104,root_increment,1,-1,-1,10104,38.2097
9021,9795,root_increment,1,-1,-1,9795,38.2091
9022,347,root_increment,1,-1,-1,347,38.2069
9023,6537,root_increment,1,-1,-1,6537,38.2056
9024,9448,root_increment,1,-1,-1,9448,38.2049
9025,12570,root_increment,1,-1,-1,12570,38.2039
9026,9879,root_increment,1,-1,-1,9879,38.203
9027,3646,root_increment,1,-1,-1,3646,38.2008
9028,9673,root_increment,1,-1,-1,9673,38.197
9029,10921,root_increment,1,-1,-1,10921,38.1942
9030,7430,root_increment,1,-1,-1,7430,38.19
9031,9126,root_increment,1,-1,-1,9126,38.1895
9032,1190,root_increment,1,-1,-1,1190,38.1879
9033,5319,root_increment,1,-1,-1,5319,38.1849
9034,19833,root_increment,1,-1,-1,19833,38.1842
9035,2695,root_increment,1,-1,-1,2695,38.1832
9036,7927,root_increment,1,-1,-1,7927,38.1826
9037,7914,root_increment,1,-1,-1,7914,38.1816
9038,8011,root_increment,1,-1,-1,8011,38.1755
9039,17465,root_increment,1,-1,-1,17465,38.1706
9040,16257,root_increment,1,-1,-1,16257,38.1683
9041,11349,root_increment,1,-1,-1,11349,38.1606
9042,7440,root_increment,1,-1,-1,7440,38.1581
9043,17555,root_increment,1,-1,-1,17555,38.156
9044,906,root_increment,1,-1,-1,906,38.1505
9045,4163,root_increment,1,-1,-1,4163,38.1496
9046,9592,root_increment,1,-1,-1,9592,38.1478
9047,10385,root_increment,1,-1,-1,10385,38.1372
9048,14954,root_increment,1,-1,-1,14954,38.1354
9049,3329,root_increment,1,-1,-1,3329,38.1342
9050,13444,root_increment,1,-1,-1,13444,38.1307
9051,13844,root_increment,1,-1,-1,13844,38.128
9052,1928,root_increment,1,-1,-1,1928,38.1271
9053,4118,root_increment,1,-1,-1,4118,38.1198
9054,4911,root_increment,1,-1,-1,4911,38.1155
9055,6362,root_increment,1,-1,-1,6362,38.1132
9056,9766,root_increment,1,-1,-1,9766,38.1126
9057,8733,root_increment,1,-1,-1,8733,38.1118
9058,13923,root_increment,1,-1,-1,13923,38.1079
9059,13318,root_increment,1,-1,-1,13318,38.1046
9060,5333,root_increment,1,-1,-1,5333,38.1009
9061,19660,root_increment,1,-1,-1,19660,38.0991
9062,491,root_increment,1,-1,-1,491,38.0984
9063,4759,root_increment,1,-1,-1,4759,38.0979
9064,17492,root_increment,1,-1,-1,17492,38.087
9065,1991,root_increment,1,-1,-1,1991,38.0868
9066,18297,root_increment,1,-1,-1,18297,38.0785
9067,16362,root_increment,1,-1,-1,16362,38.0701
9068,12418,root_increment,1,-1,-1,12418,38.0687
9069,7723,root_increment,1,-1,-1,7723,38.0645
9070,5666,root_increment,1,-1,-1,5666,38.0615
9071,982,root_increment,1,-1,-1,982,38.0608
9072,16654,root_increment,1,-1,-1,16654,38.0592
9073,15913,root_increment,1,-1,-1,15913,38.0571
9074,6461,root_increment,1,-1,-1,6461,38.0539
9075,1154,root_increment,1,-1,-1,1154,38.0537
9076,17664,root_increment,1,-1,-1,17664,38.0519
9077,5526,root_increment,1,-1,-1,5526,38.0514
9078,15352,root_increment,1,-1,-1,15352,38.0436
9079,1007,root_increment,1,-1,-1,1007,38.0399
9080,12489,root_increment,1,-1,-1,12489,38.0312
9081,11118,root_increment,1,-1,-1,11118,38.0177
9082,3528,root_increment,1,-1,-1,3528,38.015
9083,1119,root_increment,1,-1,-1,1119,38.0147
9084,10660,root_increment,1,-1,-1,10660,38.0126
9085,4316,root_increment,1,-1,-1,4316,38.0099
9086,1306,root_increment,1,-1,-1,1306,38.0097
9087,15809,root_increment,1,-1,-1,15809,38.0075
9088,10393,root_increment,1,-1,-1,10393,38.0071
9089,8735,root_increment,1,-1,-1,8735,38.0062
9090,11872,root_increment,1,-1,-1,11872,38.0057
9091,16464,root_increment,1,-1,-1,16464,38.0015
9092,14239,root_increment,1,-1,-1,14239,37.9948
9093,840,root_increment,1,-1,-1,840,37.9943
9094,17000,root_increment,1,-1,-1,17000,37.9934
9095,7185,root_increment,1,-1,-1,7185,37.9928
9096,151,root_increment,1,-1,-1,151,37.9903
9097,8449,root_increment,1,-1,-1,8449,37.9875
9098,817,root_increment,1,-1,-1,817,37.9816
9099,838,root_increment,1,-1,-1,838,37.9816
9100,5800,root_increment,1,-1,-1,5800,37.9802
9101,5007,root_increment,1,-1,-1,5007,37.9737
9102,4834,root_increment,1,-1,-1,4834,37.971
9103,18848,root_increment,1,-1,-1,18848,37.9708
9104,16634,root_increment,1,-1,-1,16634,37.9702
9105,15138,root_increment,1,-1,-1,15138,37.9644
9106,14793,root_increment,1,-1,-1,14793,37.9624
9107,16950,root_increment,1,-1,-1,16950,37.9606
9108,19968,root_increment,1,-1,-1,19968,37.9587
9109,11722,root_increment,1,-1,-1,11722,37.9529
9110,15212,root_increment,1,-1,-1,15212,37.9526
9111,5869,root_increment,1,-1,-1,5869,37.9483
9112,9724,root_increment,1,-1,-1,9724,37.9449
9113,4654,root_increment,1,-1,-1,4654,37.9447
9114,7360,root_increment,1,-1,-1,7360,37.9418
9115,15757,root_increment,1,-1,-1,15757,37.9408
9116,4791,root_increment,1,-1,-1,4791,37.933
9117,8387,root_increment,1,-1,-1,8387,37.9282
9118,402,root_increment,1,-1,-1,402,37.9223
9119,13030,root_increment,1,-1,-1,13030,37.9179
9120,13912,root_increment,1,-1,-1,13912,37.9179
9121,4822,root_increment,1,-1,-1,4822,37.916
9122,3263,root_increment,1,-1,-1,3263,37.9151
9123,7148,root_increment,1,-1,-1,7148,37.9117
9124,5601,root_increment,1,-1,-1,5601,37.91
9125,3101,root_increment,1,-1,-1,3101,37.9077
9126,3463,root_increment,1,-1,-1,3463,37.9044
9127,14421,root_increment,1,-1,-1,14421,37.9009
9128,8529,root_increment,1,-1,-1,8529,37.9003
9129,17446,root_increment,1,-1,-1,17446,37.8985
9130,2491,root_increment,1,-1,-1,2491,37.8973
9131,6671,root_increment,1,-1,-1,6671,37.8968
9132,13855,root_increment,1,-1,-1,13855,37.8902
9133,4102,root_increment,1,-1,-1,4102,37.8876
9134,6059,root_increment,1,-1,-1,6059,37.8857
9135,15210,root_increment,1,-1,-1,15210,37.885
9136,3080,root_increment,1,-1,-1,3080,37.8819
9137,11129,root_increment,1,-1,-1,11129,37.8756
9138,13620,root_increment,1,-1,-1,13620,37.8692
9139,11590,root_increment,1,-1,-1,11590,37.868
9140,8674,root_increment,1,-1,-1,8674,37.8632
9141,5889,root_increment,1,-1,-1,5889,37.863
9142,4233,root_increment,1,-1,-1,4233,37.8619
9143,11896,root_increment,1,-1,-1,11896,37.8618
9144,2962,root_increment,1,-1,-1,2962,37.861
9145,65,root_increment,1,-1,-1,65,37.8604
9146,4312,root_increment,1,-1,-1,4312,37.8597
9147,17486,root_increment,1,-1,-1,17486,37.8577
9148,10536,root_increment,1,-1,-1,10536,37.8564
9149,1415,root_increment,1,-1,-1,1415,37.8517
9150,10605,root_increment,1,-1,-1,10605,37.849
9151,5609,root_increment,1,-1,-1,5609,37.8459
9152,5131,root_increment,1,-1,-1,5131,37.8453
9153,12811,root_increment,1,-1,-1,12811,37.8418
9154,908,root_increment,1,-1,-1,908,37.8398
9155,3093,root_increment,1,-1,-1,3093,37.8364
9156,19285,root_increment,1,-1,-1,19285,37.8319
9157,13247,root_increment,1,-1,-1,13247,37.8251
9158,12967,root_increment,1,-1,-1,12967,37.8224
9159,7762,root_increment,1,-1,-1,7762,37.8216
9160,3578,root_increment,1,-1,-1,3578,37.8197
9161,17536,root_increment,1,-1,-1,17536,37.8161
9162,7475,root_increment,1,-1,-1,7475,37.8144
9163,7483,root_increment,1,-1,-1,7483,37.8144
9164,3614,root_increment,1,-1,-1,3614,37.8144
9165,3549,root_increment,1,-1,-1,3549,37.8111
9166,14840,root_increment,1,-1,-1,14840,37.8095
9167,9050,root_increment,1,-1,-1,9050,37.8071
9168,3856,root_increment,1,-1,-1,3856,37.8052
9169,19362,root_increment,1,-1,-1,19362,37.8034
9170,5312,root_increment,1,-1,-1,5312,37.8029
9171,4517,root_increment,1,-1,-1,4517,37.8026
9172,1589,root_increment,1,-1,-1,1589,37.7988
9173,1602,root_increment,1,-1,-1,1602,37.7988
9174,1610,root_increment,1,-1,-1,1610,37.7988
9175,8235,root_increment,1,-1,-1,8235,37.7978
9176,13819,root_increment,1,-1,-1,13819,37.7928
9177,5033,root_increment,1,-1,-1,5033,37.7879
9178,12583,root_increment,1,-1,-1,12583,37.7858
9179,6873,root_increment,1,-1,-1,6873,37.7841
9180,14580,root_increment,1,-1,-1,14580,37.7811
9181,1971,root_increment,1,-1,-1,1971,37.7793
9182,5346,root_increment,1,-1,-1,5346,37.7791
9183,16530,root_increment,1,-1,-1,16530,37.7776
9184,10611,root_increment,1,-1,-1,10611,37.7727
9185,19124,root_increment,1,-1,-1,19124,37.7709
9186,9634,root_increment,1,-1,-1,9634,37.7704
9187,5999,root_increment,1,-1,-1,5999,37.7691
9188,706,root_increment,1,-1,-1,706,37.7685
9189,6227,root_increment,1,-1,-1,6227,37.7672
9190,13300,root_increment,1,-1,-1,13300,37.7657
9191,7931,root_increment,1,-1,-1,7931,37.765
9192,7609,root_increment,1,-1,-1,7609,37.7557
9193,5206,root_increment,1,-1,-1,5206,37.7532
9194,5030,root_increment,1,-1,-1,5030,37.7509
9195,5602,root_increment,1,-1,-1,5602,37.7432
9196,7266,root_increment,1,-1,-1,7266,37.7381
9197,7064,root_increment,1,-1,-1,7064,37.7352
9198,6549,root_increment,1,-1,-1,6549,37.7337
9199,17541,root_increment,1,-1,-1,17541,37.7256
9200,10896,root_increment,1,-1,-1,10896,37.7251
9201,7677,root_increment,1,-1,-1,7677,37.7212
9202,5043,root_increment,1,-1,-1,5043,37.7209
9203,5056,root_increment,1,-1,-1,5056,37.7209
9204,5069,root_increment,1,-1,-1,5069,37.7209
9205,14518,root_increment,1,-1,-1,14518,37.7166
9206,876,root_increment,1,-1,-1,876,37.7087
9207,4915,root_increment,1,-1,-1,4915,37.7041
9208,12586,root_increment,1,-1,-1,12586,37.6979
9209,17410,root_increment,1,-1,-1,17410,37.6958
9210,635,root_increment,1,-1,-1,635,37.6918
9211,15756,root_increment,1,-1,-1,15756,37.6868
9212,11162,root_increment,1,-1,-1,11162,37.6836
9213,1408,root_increment,1,-1,-1,1408,37.6829
9214,928,root_increment,1,-1,-1,928,37.682
9215,4848,root_increment,1,-1,-1,4848,37.6769
9216,8479,root_increment,1,-1,-1,8479,37.6756
9217,6716,root_increment,1,-1,-1,6716,37.6755
9218,4425,root_increment,1,-1,-1,4425,37.6742
9219,5850,root_increment,1,-1,-1,5850,37.6706
9220,12663,root_increment,1,-1,-1,12663,37.6688
9221,11253,root_increment,1,-1,-1,11253,37.6616
9222,19408,root_increment,1,-1,-1,19408,37.6582
9223,5226,root_increment,1,-1,-1,5226,37.6532
9224,1680,root_increment,1,-1,-1,1680,37.6528
9225,19289,root_increment,1,-1,-1,19289,37.6497
9226,18319,root_increment,1,-1,-1,18319,37.6463
9227,18641,root_increment,1,-1,-1,18641,37.6446
9228,17662,root_increment,1,-1,-1,17662,37.6425
9229,5522,root_increment,1,-1,-1,5522,37.6395
9230,16108,root_increment,1,-1,-1,16108,37.6378
9231,4559,root_increment,1,-1,-1,4559,37.6333
9232,9009,root_increment,1,-1,-1,9009,37.6305
9233,15915,root_increment,1,-1,-1,15915,37.6257
9234,11761,root_increment,1,-1,-1,11761,37.6208
9235,19530,root_increment,1,-1,-1,19530,37.6157
9236,10521,root_increment,1,-1,-1,10521,37.6135
9237,14099,root_increment,1,-1,-1,14099,37.6095
9238,3457,root_increment,1,-1,-1,3457,37.6066
9239,15604,root_increment,1,-1,-1,15604,37.605
9240,3291,root_increment,1,-1,-1,3291,37.6028
9241,3304,root_increment,1,-1,-1,3304,37.6028
9242,3312,root_increment,1,-1,-1,3312,37.6028
9243,3325,root_increment,1,-1,-1,3325,37.6028
9244,15147,root_increment,1,-1,-1,15147,37.5996
9245,13090,root_increment,1,-1,-1,13090,37.598
9246,5863,root_increment,1,-1,-1,5863,37.5971
9247,18160,root_increment,1,-1,-1,18160,37.5917
9248,16147,root_increment,1,-1,-1,16147,37.5916
9249,7012,root_increment,1,-1,-1,7012,37.5902
9250,2146,root_increment,1,-1,-1,2146,37.5901
9251,10700,root_increment,1,-1,-1,10700,37.5863
9252,7441,root_increment,1,-1,-1,7441,37.5829
9253,10963,root_increment,1,-1,-1,10963,37.5798
9254,8582,root_increment,1,-1,-1,8582,37.575
9255,8590,root_increment,1,-1,-1,8590,37.575
9256,10442,root_increment,1,-1,-1,10442,37.5643
9257,1407,root_increment,1,-1,-1,1407,37.5619
9258,1428,root_increment,1,-1,-1,1428,37.5619
9259,6514,root_increment,1,-1,-1,6514,37.5555
9260,12017,root_increment,1,-1,-1,12017,37.5546
9261,10447,root_increment,1,-1,-1,10447,37.5533
9262,12871,root_increment,1,-1,-1,12871,37.5509
9263,13109,root_increment,1,-1,-1,13109,37.5481
9264,2855,root_increment,1,-1,-1,2855,37.5475
9265,1505,root_increment,1,-1,-1,1505,37.5427
9266,10475,root_increment,1,-1,-1,10475,37.541
9267,14434,root_increment,1,-1,-1,14434,37.5364
9268,4733,root_increment,1,-1,-1,4733,37.5363
9269,11782,root_increment,1,-1,-1,11782,37.5361
9270,7820,root_increment,1,-1,-1,7820,37.5355
9271,10563,root_increment,1,-1,-1,10563,37.5331
9272,16868,root_increment,1,-1,-1,16868,37.5313
9273,632,root_increment,1,-1,-1,632,37.5278
9274,634,root_increment,1,-1,-1,634,37.5278
9275,637,root_increment,1,-1,-1,637,37.5278
9276,639,root_increment,1,-1,-1,639,37.5278
9277,642,root_increment,1,-1,-1,642,37.5278
9278,645,root_increment,1,-1,-1,645,37.5278
9279,647,root_increment,1,-1,-1,647,37.5278
9280,650,root_increment,1,-1,-1,650,37.5278
9281,655,root_increment,1,-1,-1,655,37.5278
9282,658,root_increment,1,-1,-1,658,37.5278
9283,660,root_increment,1,-1,-1,660,37.5278
9284,663,root_increment,1,-1,-1,663,37.5278
9285,666,root_increment,1,-1,-1,666,37.5278
9286,668,root_increment,1,-1,-1,668,37.5278
9287,671,root_increment,1,-1,-1,671,37.5278
9288,673,root_increment,1,-1,-1,673,37.5278
9289,7182,root_increment,1,-1,-1,7182,37.5263
9290,2876,root_increment,1,-1,-1,2876,37.5258
9291,7494,root_increment,1,-1,-1,7494,37.5251
9292,16666,root_increment,1,-1,-1,16666,37.5241
9293,358,root_increment,1,-1,-1,358,37.5225
9294,203,root_increment,1,-1,-1,203,37.5196
9295,18340,root_increment,1,-1,-1,18340,37.5131
9296,7134,root_increment,1,-1,-1,7134,37.5096
9297,5703,root_increment,1,-1,-1,5703,37.5066
9298,7960,root_increment,1,-1,-1,7960,37.502
9299,19926,root_increment,1,-1,-1,19926,37.5017
9300,11736,root_increment,1,-1,-1,11736,37.5003
9301,7977,root_increment,1,-1,-1,7977,37.4981
9302,10452,root_increment,1,-1,-1,10452,37.4902
9303,3756,root_increment,1,-1,-1,3756,37.4902
9304,11087,root_increment,1,-1,-1,11087,37.4885
9305,6699,root_increment,1,-1,-1,6699,37.4882
9306,1518,root_increment,1,-1,-1,1518,37.4869
9307,5674,root_increment,1,-1,-1,5674,37.481
9308,13841,root_increment,1,-1,-1,13841,37.4788
9309,4157,root_increment,1,-1,-1,4157,37.4774
9310,2915,root_increment,1,-1,-1,2915,37.4759
9311,6377,root_increment,1,-1,-1,6377,37.4709
9312,13146,root_increment,1,-1,-1,13146,37.4698
9313,9274,root_increment,1,-1,-1,9274,37.4676
9314,18105,root_increment,1,-1,-1,18105,37.4593
9315,7727,root_increment,1,-1,-1,7727,37.4559
9316,8591,root_increment,1,-1,-1,8591,37.4488
9317,13367,root_increment,1,-1,-1,13367,37.4469
9318,7996,root_increment,1,-1,-1,7996,37.4463
9319,4527,root_increment,1,-1,-1,4527,37.4462
9320,16688,root_increment,1,-1,-1,16688,37.4426
9321,18378,root_increment,1,-1,-1,18378,37.4411
9322,9758,root_increment,1,-1,-1,9758,37.4398
9323,947,root_increment,1,-1,-1,947,37.4389
9324,11569,root_increment,1,-1,-1,11569,37.4379
9325,4622,root_increment,1,-1,-1,4622,37.4378
9326,4254,root_increment,1,-1,-1,4254,37.4371
9327,12896,root_increment,1,-1,-1,12896,37.4351
9328,19290,root_increment,1,-1,-1,19290,37.435
9329,14666,root_increment,1,-1,-1,14666,37.4334
9330,14512,root_increment,1,-1,-1,14512,37.4325
9331,19173,root_increment,1,-1,-1,19173,37.4301
9332,4156,root_increment,1,-1,-1,4156,37.4274
9333,10736,root_increment,1,-1,-1,10736,37.4251
9334,7706,root_increment,1,-1,-1,7706,37.4247
9335,14462,root_increment,1,-1,-1,14462,37.4239
9336,10621,root_increment,1,-1,-1,10621,37.4177
9337,11015,root_increment,1,-1,-1,11015,37.4169
9338,6051,root_increment,1,-1,-1,6051,37.4152
9339,11826,root_increment,1,-1,-1,11826,37.4124
9340,10422,root_increment,1,-1,-1,10422,37.4088
9341,17112,root_increment,1,-1,-1,17112,37.4081
9342,4013,root_increment,1,-1,-1,4013,37.4073
9343,4662,root_increment,1,-1,-1,4662,37.4068
9344,7818,root_increment,1,-1,-1,7818,37.3997
9345,1601,root_increment,1,-1,-1,1601,37.3994
9346,16575,root_increment,1,-1,-1,16575,37.3987
9347,16774,root_increment,1,-1,-1,16774,37.3963
9348,7069,root_increment,1,-1,-1,7069,37.3953
9349,13179,root_increment,1,-1,-1,13179,37.3924
9350,957,root_increment,1,-1,-1,957,37.3923
9351,5968,root_increment,1,-1,-1,5968,37.3828
9352,17230,root_increment,1,-1,-1,17230,37.3803
9353,18256,root_increment,1,-1,-1,18256,37.3792
9354,2842,root_increment,1,-1,-1,2842,37.3774
9355,1900,root_increment,1,-1,-1,1900,37.3763
9356,14074,root_increment,1,-1,-1,14074,37.3745
9357,8165,root_increment,1,-1,-1,8165,37.372
9358,6274,root_increment,1,-1,-1,6274,37.37
9359,6801,root_increment,1,-1,-1,6801,37.3677
9360,16641,root_increment,1,-1,-1,16641,37.3673
9361,6300,root_increment,1,-1,-1,6300,37.367
9362,15188,root_increment,1,-1,-1,15188,37.3618
9363,255,root_increment,1,-1,-1,255,37.3609
9364,10451,root_increment,1,-1,-1,10451,37.3591
9365,18662,root_increment,1,-1,-1,18662,37.3566
9366,4182,root_increment,1,-1,-1,4182,37.353
9367,4507,root_increment,1,-1,-1,4507,37.3516
9368,12384,root_increment,1,-1,-1,12384,37.3446
9369,2235,root_increment,1,-1,-1,2235,37.3359
9370,11957,root_increment,1,-1,-1,11957,37.3325
9371,9362,root_increment,1,-1,-1,9362,37.3303
9372,10501,root_increment,1,-1,-1,10501,37.3246
9373,4514,root_increment,1,-1,-1,4514,37.3221
9374,1878,root_increment,1,-1,-1,1878,37.32
9375,9610,root_increment,1,-1,-1,9610,37.3192
9376,3170,root_increment,1,-1,-1,3170,37.3191
9377,5564,root_increment,1,-1,-1,5564,37.309
9378,5548,root_increment,1,-1,-1,5548,37.3074
9379,19921,root_increment,1,-1,-1,19921,37.3001
9380,8507,root_increment,1,-1,-1,8507,37.299
9381,4066,root_increment,1,-1,-1,4066,37.2982
9382,7661,root_increment,1,-1,-1,7661,37.2959
9383,15423,root_increment,1,-1,-1,15423,37.2958
9384,6122,root_increment,1,-1,-1,6122,37.2911
9385,14269,root_increment,1,-1,-1,14269,37.2893
9386,17843,root_increment,1,-1,-1,17843,37.2892
9387,3864,root_increment,1,-1,-1,3864,37.2847
9388,6251,root_increment,1,-1,-1,6251,37.2796
9389,14578,root_increment,1,-1,-1,14578,37.2779
9390,9613,root_increment,1,-1,-1,9613,37.2735
9391,14120,root_increment,1,-1,-1,14120,37.2734
9392,7741,root_increment,1,-1,-1,7741,37.2713
9393,9786,root_increment,1,-1,-1,9786,37.2678
9394,16908,root_increment,1,-1,-1,16908,37.266
9395,12204,root_increment,1,-1,-1,12204,37.2638
9396,11954,root_increment,1,-1,-1,11954,37.2632
9397,4596,root_increment,1,-1,-1,4596,37.2619
9398,8047,root_increment,1,-1,-1,8047,37.2614
9399,7520,root_increment,1,-1,-1,7520,37.2585
9400,2512,root_increment,1,-1,-1,2512,37.256
9401,5320,root_increment,1,-1,-1,5320,37.2536
9402,8886,root_increment,1,-1,-1,8886,37.2491
9403,13484,root_increment,1,-1,-1,13484,37.2432
9404,10024,root_increment,1,-1,-1,10024,37.2428
9405,8755,root_increment,1,-1,-1,8755,37.2323
9406,5535,root_increment,1,-1,-1,5535,37.2308
9407,6225,root_increment,1,-1,-1,6225,37.2301
9408,17047,root_increment,1,-1,-1,17047,37.23
9409,17090,root_increment,1,-1,-1,17090,37.2261
9410,4081,root_increment,1,-1,-1,4081,37.2156
9411,8761,root_increment,1,-1,-1,8761,37.208
9412,16454,root_increment,1,-1,-1,16454,37.2059
9413,9926,root_increment,1,-1,-1,9926,37.2027
9414,6677,root_increment,1,-1,-1,6677,37.2024
9415,10087,root_increment,1,-1,-1,10087,37.2019
9416,17309,root_increment,1,-1,-1,17309,37.2018
9417,12611,root_increment,1,-1,-1,12611,37.1953
9418,8137,root_increment,1,-1,-1,8137,37.1941
9419,17741,root_increment,1,-1,-1,17741,37.1898
9420,4978,root_increment,1,-1,-1,4978,37.1875
9421,18484,root_increment,1,-1,-1,18484,37.1874
9422,1420,root_increment,1,-1,-1,1420,37.1842
9423,4335,root_increment,1,-1,-1,4335,37.1816
9424,8867,root_increment,1,-1,-1,8867,37.18
9425,8326,root_increment,1,-1,-1,8326,37.1759
9426,64,root_increment,1,-1,-1,64,37.1743
9427,15111,root_increment,1,-1,-1,15111,37.1723
9428,10612,root_increment,1,-1,-1,10612,37.164
9429,10529,root_increment,1,-1,-1,10529,37.1638
9430,18768,root_increment,1,-1,-1,18768,37.1614
9431,19502,root_increment,1,-1,-1,19502,37.1604
9432,8328,root_increment,1,-1,-1,8328,37.1588
9433,7935,root_increment,1,-1,-1,7935,37.1546
9434,12386,root_increment,1,-1,-1,12386,37.151
9435,7398,root_increment,1,-1,-1,7398,37.1478
9436,8983,root_increment,1,-1,-1,8983,37.1462
9437,10414,root_increment,1,-1,-1,10414,37.1458
9438,4241,root_increment,1,-1,-1,4241,37.1349
9439,10272,root_increment,1,-1,-1,10272,37.1271
9440,3020,root_increment,1,-1,-1,3020,37.1262
9441,18481,root_increment,1,-1,-1,18481,37.1249
9442,3246,root_increment,1,-1,-1,3246,37.1247
9443,7967,root_increment,1,-1,-1,7967,37.1244
9444,6757,root_increment,1,-1,-1,6757,37.1228
9445,17133,root_increment,1,-1,-1,17133,37.1207
9446,7300,root_increment,1,-1,-1,7300,37.1203
9447,10929,root_increment,1,-1,-1,10929,37.119
9448,631,root_increment,1,-1,-1,631,37.1189
9449,644,root_increment,1,-1,-1,644,37.1189
9450,652,root_increment,1,-1,-1,652,37.1189
9451,657,root_increment,1,-1,-1,657,37.1189
9452,665,root_increment,1,-1,-1,665,37.1189
9453,9642,root_increment,1,-1,-1,9642,37.1164
9454,18559,root_increment,1,-1,-1,18559,37.1142
9455,9262,root_increment,1,-1,-1,9262,37.1109
9456,8682,root_increment,1,-1,-1,8682,37.1107
9457,9650,root_increment,1,-1,-1,9650,37.1085
9458,17174,root_increment,1,-1,-1,17174,37.1058
9459,8583,root_increment,1,-1,-1,8583,37.1005
9460,12777,root_increment,1,-1,-1,12777,37.0919
9461,7296,root_increment,1,-1,-1,7296,37.0879
9462,13155,root_increment,1,-1,-1,13155,37.084
9463,10812,root_increment,1,-1,-1,10812,37.0772
9464,4712,root_increment,1,-1,-1,4712,37.0747
9465,10032,root_increment,1,-1,-1,10032,37.0723
9466,6529,root_increment,1,-1,-1,6529,37.07
9467,5944,root_increment,1,-1,-1,5944,37.067
9468,2012,root_increment,1,-1,-1,2012,37.0668
9469,2706,root_increment,1,-1,-1,2706,37.0643
9470,14218,root_increment,1,-1,-1,14218,37.0582
9471,4530,root_increment,1,-1,-1,4530,37.055
9472,13208,root_increment,1,-1,-1,13208,37.0518
9473,11922,root_increment,1,-1,-1,11922,37.0493
9474,15018,root_increment,1,-1,-1,15018,37.0459
9475,7783,root_increment,1,-1,-1,7783,37.0453
9476,19976,root_increment,1,-1,-1,19976,37.043
9477,9105,root_increment,1,-1,-1,9105,37.0429
9478,12984,root_increment,1,-1,-1,12984,37.0404
9479,7449,root_increment,1,-1,-1,7449,37.0357
9480,5979,root_increment,1,-1,-1,5979,37.0315
9481,11020,root_increment,1,-1,-1,11020,37.0303
9482,17578,root_increment,1,-1,-1,17578,37.0276
9483,19971,root_increment,1,-1,-1,19971,37.0271
9484,10557,root_increment,1,-1,-1,10557,37.0111
9485,8488,root_increment,1,-1,-1,8488,37.0093
9486,7715,root_increment,1,-1,-1,7715,37.0043
9487,6248,root_increment,1,-1,-1,6248,36.9996
9488,5437,root_increment,1,-1,-1,5437,36.9949
9489,19040,root_increment,1,-1,-1,19040,36.992
9490,10912,root_increment,1,-1,-1,10912,36.9838
9491,2031,root_increment,1,-1,-1,2031,36.9831
9492,1698,root_increment,1,-1,-1,1698,36.9797
9493,9622,root_increment,1,-1,-1,9622,36.9785
9494,6371,root_increment,1,-1,-1,6371,36.9677
9495,18360,root_increment,1,-1,-1,18360,36.9676
9496,14472,root_increment,1,-1,-1,14472,36.9668
9497,8452,root_increment,1,-1,-1,8452,36.9646
9498,9823,root_increment,1,-1,-1,9823,36.9601
9499,9815,root_increment,1,-1,-1,9815,36.9596
9500,8155,root_increment,1,-1,-1,8155,36.9534
9501,5897,root_increment,1,-1,-1,5897,36.9524
9502,8063,root_increment,1,-1,-1,8063,36.9499
9503,7757,root_increment,1,-1,-1,7757,36.9498
9504,8435,root_increment,1,-1,-1,8435,36.9495
9505,6261,root_increment,1,-1,-1,6261,36.9477
9506,12458,root_increment,1,-1,-1,12458,36.9453
9507,10398,root_increment,1,-1,-1,10398,36.9452
9508,17501,root_increment,1,-1,-1,17501,36.9442
9509,11863,root_increment,1,-1,-1,11863,36.9342
9510,8090,root_increment,1,-1,-1,8090,36.9321
9511,5342,root_increment,1,-1,-1,5342,36.9316
9512,16132,root_increment,1,-1,-1,16132,36.9281
9513,9229,root_increment,1,-1,-1,9229,36.925
9514,11276,root_increment,1,-1,-1,11276,36.9246
9515,4094,root_increment,1,-1,-1,4094,36.9242
9516,11734,root_increment,1,-1,-1,11734,36.9238
9517,6746,root_increment,1,-1,-1,6746,36.9231
9518,4546,root_increment,1,-1,-1,4546,36.9196
9519,8419,root_increment,1,-1,-1,8419,36.9151
9520,16526,root_increment,1,-1,-1,16526,36.9145
9521,12068,root_increment,1,-1,-1,12068,36.9106
9522,6266,root_increment,1,-1,-1,6266,36.91
9523,18845,root_increment,1,-1,-1,18845,36.91
9524,450,root_increment,1,-1,-1,450,36.9052
9525,453,root_increment,1,-1,-1,453,36.9052
9526,458,root_increment,1,-1,-1,458,36.9052
9527,466,root_increment,1,-1,-1,466,36.9052
9528,471,root_increment,1,-1,-1,471,36.9052
9529,479,root_increment,1,-1,-1,479,36.9052
9530,487,root_increment,1,-1,-1,487,36.9052
9531,492,root_increment,1,-1,-1,492,36.9052
9532,7775,root_increment,1,-1,-1,7775,36.9023
9533,11607,root_increment,1,-1,-1,11607,36.9009
9534,9760,root_increment,1,-1,-1,9760,36.8903
9535,3067,root_increment,1,-1,-1,3067,36.8893
9536,7420,root_increment,1,-1,-1,7420,36.886
9537,9033,root_increment,1,-1,-1,9033,36.8819
9538,9066,root_increment,1,-1,-1,9066,36.8792
9539,7028,root_increment,1,-1,-1,7028,36.8719
9540,7381,root_increment,1,-1,-1,7381,36.8665
9541,16416,root_increment,1,-1,-1,16416,36.8636
9542,4725,root_increment,1,-1,-1,4725,36.8604
9543,6334,root_increment,1,-1,-1,6334,36.8567
9544,11549,root_increment,1,-1,-1,11549,36.8563
9545,5813,root_increment,1,-1,-1,5813,36.8518
9546,10299,root_increment,1,-1,-1,10299,36.8494
9547,14657,root_increment,1,-1,-1,14657,36.8475
9548,9808,root_increment,1,-1,-1,9808,36.8453
9549,15437,root_increment,1,-1,-1,15437,36.8437
9550,15453,root_increment,1,-1,-1,15453,36.842
9551,2183,root_increment,1,-1,-1,2183,36.8382
9552,8521,root_increment,1,-1,-1,8521,36.8327
9553,14300,root_increment,1,-1,-1,14300,36.8313
9554,4064,root_increment,1,-1,-1,4064,36.8304
9555,15552,root_increment,1,-1,-1,15552,36.818
9556,14295,root_increment,1,-1,-1,14295,36.8136
9557,14683,root_increment,1,-1,-1,14683,36.8032
9558,10528,root_increment,1,-1,-1,10528,36.7979
9559,8964,root_increment,1,-1,-1,8964,36.7974
9560,8677,root_increment,1,-1,-1,8677,36.7964
9561,3790,root_increment,1,-1,-1,3790,36.7949
9562,1211,root_increment,1,-1,-1,1211,36.7937
9563,4551,root_increment,1,-1,-1,4551,36.7929
9564,1894,root_increment,1,-1,-1,1894,36.7929
9565,7701,root_increment,1,-1,-1,7701,36.7928
9566,10459,root_increment,1,-1,-1,10459,36.7887
9567,5690,root_increment,1,-1,-1,5690,36.7836
9568,10879,root_increment,1,-1,-1,10879,36.7827
9569,2939,root_increment,1,-1,-1,2939,36.7766
9570,11876,root_increment,1,-1,-1,11876,36.7723
9571,2431,root_increment,1,-1,-1,2431,36.7711
9572,13887,root_increment,1,-1,-1,13887,36.7711
9573,11065,root_increment,1,-1,-1,11065,36.7709
9574,12040,root_increment,1,-1,-1,12040,36.7708
9575,13362,root_increment,1,-1,-1,13362,36.7664
9576,6791,root_increment,1,-1,-1,6791,36.7622
9577,11367,root_increment,1,-1,-1,11367,36.7601
9578,9483,root_increment,1,-1,-1,9483,36.7586
9579,9447,root_increment,1,-1,-1,9447,36.7504
9580,1126,root_increment,1,-1,-1,1126,36.7464
9581,12363,root_increment,1,-1,-1,12363,36.735
9582,7474,root_increment,1,-1,-1,7474,36.7345
9583,16471,root_increment,1,-1,-1,16471,36.7276
9584,5915,root_increment,1,-1,-1,5915,36.7234
9585,1551,root_increment,1,-1,-1,1551,36.7226
9586,6926,root_increment,1,-1,-1,6926,36.7212
9587,4191,root_increment,1,-1,-1,4191,36.7181
9588,15954,root_increment,1,-1,-1,15954,36.7176
9589,9699,root_increment,1,-1,-1,9699,36.7129
9590,1573,root_increment,1,-1,-1,1573,36.7121
9591,1750,root_increment,1,-1,-1,1750,36.7077
9592,10913,root_increment,1,-1,-1,10913,36.7003
9593,6431,root_increment,1,-1,-1,6431,36.6992
9594,19754,root_increment,1,-1,-1,19754,36.6917
9595,5884,root_increment,1,-1,-1,5884,36.6914
9596,13411,root_increment,1,-1,-1,13411,36.6903
9597,11235,root_increment,1,-1,-1,11235,36.6894
9598,18263,root_increment,1,-1,-1,18263,36.6889
9599,16863,root_increment,1,-1,-1,16863,36.6853
9600,9801,root_increment,1,-1,-1,9801,36.6808
9601,11124,root_increment,1,-1,-1,11124,36.6796
9602,7198,root_increment,1,-1,-1,7198,36.6773
9603,13582,root_increment,1,-1,-1,13582,36.6729
9604,2626,root_increment,1,-1,-1,2626,36.6656
9605,19311,root_increment,1,-1,-1,19311,36.6641
9606,3868,root_increment,1,-1,-1,3868,36.6606
9607,12318,root_increment,1,-1,-1,12318,36.6533
9608,5438,root_increment,1,-1,-1,5438,36.6517
9609,1832,root_increment,1,-1,-1,1832,36.6407
9610,15830,root_increment,1,-1,-1,15830,36.6398
9611,15811,root_increment,1,-1,-1,15811,36.6311
9612,9576,root_increment,1,-1,-1,9576,36.6309
9613,1811,root_increment,1,-1,-1,1811,36.629
9614,19237,root_increment,1,-1,-1,19237,36.6289
9615,12002,root_increment,1,-1,-1,12002,36.6258
9616,5129,root_increment,1,-1,-1,5129,36.6211
9617,5227,root_increment,1,-1,-1,5227,36.6158
9618,1869,root_increment,1,-1,-1,1869,36.6154
9619,7289,root_increment,1,-1,-1,7289,36.6152
9620,18654,root_increment,1,-1,-1,18654,36.6147
9621,16289,root_increment,1,-1,-1,16289,36.6062
9622,4114,root_increment,1,-1,-1,4114,36.6045
9623,16345,root_increment,1,-1,-1,16345,36.5992
9624,4026,root_increment,1,-1,-1,4026,36.5989
9625,11684,root_increment,1,-1,-1,11684,36.5962
9626,5367,root_increment,1,-1,-1,5367,36.5943
9627,3299,root_increment,1,-1,-1,3299,36.5907
9628,16847,root_increment,1,-1,-1,16847,36.589
9629,368,root_increment,1,-1,-1,368,36.5885
9630,10488,root_increment,1,-1,-1,10488,36.5843
9631,457,root_increment,1,-1,-1,457,36.5821
9632,110,root_increment,1,-1,-1,110,36.5809
9633,18239,root_increment,1,-1,-1,18239,36.5792
9634,17386,root_increment,1,-1,-1,17386,36.5719
9635,12112,root_increment,1,-1,-1,12112,36.5707
9636,7394,root_increment,1,-1,-1,7394,36.5705
9637,10727,root_increment,1,-1,-1,10727,36.5648
9638,12953,root_increment,1,-1,-1,12953,36.5624
9639,9317,root_increment,1,-1,-1,9317,36.5568
9640,14329,root_increment,1,-1,-1,14329,36.5551
9641,7236,root_increment,1,-1,-1,7236,36.5544
9642,11982,root_increment,1,-1,-1,11982,36.5499
9643,5172,root_increment,1,-1,-1,5172,36.5481
9644,19631,root_increment,1,-1,-1,19631,36.5467
9645,12461,root_increment,1,-1,-1,12461,36.5453
9646,7343,root_increment,1,-1,-1,7343,36.5399
9647,915,root_increment,1,-1,-1,915,36.5388
9648,7342,root_increment,1,-1,-1,7342,36.5376
9649,6143,root_increment,1,-1,-1,6143,36.535
9650,5923,root_increment,1,-1,-1,5923,36.5348
9651,8860,root_increment,1,-1,-1,8860,36.5274
9652,7653,root_increment,1,-1,-1,7653,36.5272
9653,18268,root_increment,1,-1,-1,18268,36.526
9654,18651,root_increment,1,-1,-1,18651,36.5257
9655,17037,root_increment,1,-1,-1,17037,36.523
9656,8475,root_increment,1,-1,-1,8475,36.5217
9657,7719,root_increment,1,-1,-1,7719,36.5206
9658,9791,root_increment,1,-1,-1,9791,36.5204
9659,758,root_increment,1,-1,-1,758,36.5162
9660,17693,root_increment,1,-1,-1,17693,36.515
9661,15493,root_increment,1,-1,-1,15493,36.5145
9662,1120,root_increment,1,-1,-1,1120,36.5121
9663,18831,root_increment,1,-1,-1,18831,36.5099
9664,7329,root_increment,1,-1,-1,7329,36.5062
9665,5843,root_increment,1,-1,-1,5843,36.5036
9666,18128,root_increment,1,-1,-1,18128,36.5025
9667,17746,root_increment,1,-1,-1,17746,36.4963
9668,9830,root_increment,1,-1,-1,9830,36.4953
9669,10365,root_increment,1,-1,-1,10365,36.4879
9670,19659,root_increment,1,-1,-1,19659,36.4876
9671,6915,root_increment,1,-1,-1,6915,36.4855
9672,16785,root_increment,1,-1,-1,16785,36.4834
9673,16056,root_increment,1,-1,-1,16056,36.4789
9674,5284,root_increment,1,-1,-1,5284,36.4753
9675,5287,root_increment,1,-1,-1,5287,36.4753
9676,5289,root_increment,1,-1,-1,5289,36.4753
9677,5292,root_increment,1,-1,-1,5292,36.4753
9678,5297,root_increment,1,-1,-1,5297,36.4753
9679,5300,root_increment,1,-1,-1,5300,36.4753
9680,5302,root_increment,1,-1,-1,5302,36.4753
9681,5305,root_increment,1,-1,-1,5305,36.4753
9682,15381,root_increment,1,-1,-1,15381,36.4699
9683,4675,root_increment,1,-1,-1,4675,36.469
9684,5947,root_increment,1,-1,-1,5947,36.4673
9685,7616,root_increment,1,-1,-1,7616,36.463
9686,9040,root_increment,1,-1,-1,9040,36.4612
9687,15276,root_increment,1,-1,-1,15276,36.4606
9688,6877,root_increment,1,-1,-1,6877,36.4594
9689,2032,root_increment,1,-1,-1,2032,36.4584
9690,2045,root_increment,1,-1,-1,2045,36.4584
9691,2066,root_increment,1,-1,-1,2066,36.4584
9692,14315,root_increment,1,-1,-1,14315,36.4581
9693,8812,root_increment,1,-1,-1,8812,36.4579
9694,11385,root_increment,1,-1,-1,11385,36.4536
9695,11106,root_increment,1,-1,-1,11106,36.447
9696,7660,root_increment,1,-1,-1,7660,36.4457
9697,17581,root_increment,1,-1,-1,17581,36.4453
9698,17314,root_increment,1,-1,-1,17314,36.4429
9699,7181,root_increment,1,-1,-1,7181,36.4386
9700,5892,root_increment,1,-1,-1,5892,36.4323
9701,12282,root_increment,1,-1,-1,12282,36.4242
9702,11921,root_increment,1,-1,-1,11921,36.4225
9703,4979,root_increment,1,-1,-1,4979,36.4196
9704,3280,root_increment,1,-1,-1,3280,36.4187
9705,1730,root_increment,1,-1,-1,1730,36.4168
9706,6292,root_increment,1,-1,-1,6292,36.416
9707,7754,root_increment,1,-1,-1,7754,36.415
9708,9735,root_increment,1,-1,-1,9735,36.4121
9709,8019,root_increment,1,-1,-1,8019,36.406
9710,9617,root_increment,1,-1,-1,9617,36.4002
9711,11612,root_increment,1,-1,-1,11612,36.396
9712,1312,root_increment,1,-1,-1,1312,36.3956
9713,17470,root_increment,1,-1,-1,17470,36.395
9714,9325,root_increment,1,-1,-1,9325,36.3914
9715,0,root_increment,1,-1,-1,0,36.3897
9716,5,root_increment,1,-1,-1,5,36.3897
9717,8,root_increment,1,-1,-1,8,36.3897
9718,13,root_increment,1,-1,-1,13,36.3897
9719,18,root_increment,1,-1,-1,18,36.3897
9720,21,root_increment,1,-1,-1,21,36.3897
9721,26,root_increment,1,-1,-1,26,36.3897
9722,29,root_increment,1,-1,-1,29,36.3897
9723,31,root_increment,1,-1,-1,31,36.3897
9724,34,root_increment,1,-1,-1,34,36.3897
9725,39,root_increment,1,-1,-1,39,36.3897
9726,42,root_increment,1,-1,-1,42,36.3897
9727,10425,root_increment,1,-1,-1,10425,36.3855
9728,2756,root_increment,1,-1,-1,2756,36.3833
9729,5682,root_increment,1,-1,-1,5682,36.3805
9730,14739,root_increment,1,-1,-1,14739,36.3783
9731,3885,root_increment,1,-1,-1,3885,36.3747
9732,10551,root_increment,1,-1,-1,10551,36.3698
9733,8104,root_increment,1,-1,-1,8104,36.3689
9734,15064,root_increment,1,-1,-1,15064,36.3679
9735,9035,root_increment,1,-1,-1,9035,36.3664
9736,17488,root_increment,1,-1,-1,17488,36.366
9737,11752,root_increment,1,-1,-1,11752,36.3643
9738,14654,root_increment,1,-1,-1,14654,36.3622
9739,8668,root_increment,1,-1,-1,8668,36.3617
9740,14950,root_increment,1,-1,-1,14950,36.3569
9741,4949,root_increment,1,-1,-1,4949,36.3534
9742,5965,root_increment,1,-1,-1,5965,36.3529
9743,16923,root_increment,1,-1,-1,16923,36.3527
9744,2478,root_increment,1,-1,-1,2478,36.3521
9745,17773,root_increment,1,-1,-1,17773,36.3505
9746,16984,root_increment,1,-1,-1,16984,36.3477
9747,8837,root_increment,1,-1,-1,8837,36.3473
9748,10902,root_increment,1,-1,-1,10902,36.3424
9749,6741,root_increment,1,-1,-1,6741,36.3391
9750,19241,root_increment,1,-1,-1,19241,36.3345
9751,5695,root_increment,1,-1,-1,5695,36.3318
9752,7755,root_increment,1,-1,-1,7755,36.3289
9753,7758,root_increment,1,-1,-1,7758,36.3289
9754,7763,root_increment,1,-1,-1,7763,36.3289
9755,7766,root_increment,1,-1,-1,7766,36.3289
9756,15213,root_increment,1,-1,-1,15213,36.3281
9757,224,root_increment,1,-1,-1,224,36.3157
9758,14334,root_increment,1,-1,-1,14334,36.314
9759,1604,root_increment,1,-1,-1,1604,36.3129
9760,11471,root_increment,1,-1,-1,11471,36.3097
9761,2941,root_increment,1,-1,-1,2941,36.308
9762,17723,root_increment,1,-1,-1,17723,36.2908
9763,5500,root_increment,1,-1,-1,5500,36.2883
9764,12422,root_increment,1,-1,-1,12422,36.2876
9765,5753,root_increment,1,-1,-1,5753,36.2876
9766,5780,root_increment,1,-1,-1,5780,36.2848
9767,8264,root_increment,1,-1,-1,8264,36.2842
9768,17414,root_increment,1,-1,-1,17414,36.2842
9769,8757,root_increment,1,-1,-1,8757,36.2796
9770,15818,root_increment,1,-1,-1,15818,36.2794
9771,16235,root_increment,1,-1,-1,16235,36.2782
9772,981,root_increment,1,-1,-1,981,36.2753
9773,6665,root_increment,1,-1,-1,6665,36.2742
9774,4780,root_increment,1,-1,-1,4780,36.274
9775,9354,root_increment,1,-1,-1,9354,36.2663
9776,15200,root_increment,1,-1,-1,15200,36.2612
9777,7645,root_increment,1,-1,-1,7645,36.26
9778,8883,root_increment,1,-1,-1,8883,36.2593
9779,9545,root_increment,1,-1,-1,9545,36.2541
9780,13142,root_increment,1,-1,-1,13142,36.254
9781,810,root_increment,1,-1,-1,810,36.2535
9782,15864,root_increment,1,-1,-1,15864,36.2525
9783,5918,root_increment,1,-1,-1,5918,36.2506
9784,15125,root_increment,1,-1,-1,15125,36.2501
9785,14179,root_increment,1,-1,-1,14179,36.2479
9786,15226,root_increment,1,-1,-1,15226,36.2427
9787,18435,root_increment,1,-1,-1,18435,36.2376
9788,15356,root_increment,1,-1,-1,15356,36.2308
9789,3088,root_increment,1,-1,-1,3088,36.2293
9790,10010,root_increment,1,-1,-1,10010,36.2292
9791,2429,root_increment,1,-1,-1,2429,36.2243
9792,1436,root_increment,1,-1,-1,1436,36.2223
9793,13601,root_increment,1,-1,-1,13601,36.2173
9794,8906,root_increment,1,-1,-1,8906,36.2161
9795,10298,root_increment,1,-1,-1,10298,36.2125
9796,2606,root_increment,1,-1,-1,2606,36.2123
9797,14912,root_increment,1,-1,-1,14912,36.2109
9798,8776,root_increment,1,-1,-1,8776,36.2098
9799,16594,root_increment,1,-1,-1,16594,36.2043
9800,2394,root_increment,1,-1,-1,2394,36.1974
9801,4821,root_increment,1,-1,-1,4821,36.191
9802,3358,root_increment,1,-1,-1,3358,36.1909
9803,2104,root_increment,1,-1,-1,2104,36.1907
9804,1085,root_increment,1,-1,-1,1085,36.1896
9805,8516,root_increment,1,-1,-1,8516,36.1885
9806,9455,root_increment,1,-1,-1,9455,36.1868
9807,5581,root_increment,1,-1,-1,5581,36.1854
9808,2370,root_increment,1,-1,-1,2370,36.183
9809,17716,root_increment,1,-1,-1,17716,36.1802
9810,9528,root_increment,1,-1,-1,9528,36.1793
9811,15397,root_increment,1,-1,-1,15397,36.1753
9812,17626,root_increment,1,-1,-1,17626,36.1744
9813,2428,root_increment,1,-1,-1,2428,36.1685
9814,11043,root_increment,1,-1,-1,11043,36.1684
9815,6774,root_increment,1,-1,-1,6774,36.1643
9816,361,root_increment,1,-1,-1,361,36.164
9817,364,root_increment,1,-1,-1,364,36.164
9818,369,root_increment,1,-1,-1,369,36.164
9819,372,root_increment,1,-1,-1,372,36.164
9820,374,root_increment,1,-1,-1,374,36.164
9821,377,root_increment,1,-1,-1,377,36.164
9822,382,root_increment,1,-1,-1,382,36.164
9823,385,root_increment,1,-1,-1,385,36.164
9824,390,root_increment,1,-1,-1,390,36.164
9825,395,root_increment,1,-1,-1,395,36.164
9826,398,root_increment,1,-1,-1,398,36.164
9827,403,root_increment,1,-1,-1,403,36.164
9828,11860,root_increment,1,-1,-1,11860,36.1615
9829,15703,root_increment,1,-1,-1,15703,36.1606
9830,8369,root_increment,1,-1,-1,8369,36.1593
9831,12891,root_increment,1,-1,-1,12891,36.1583
9832,10201,root_increment,1,-1,-1,10201,36.158
9833,103,root_increment,1,-1,-1,103,36.1507
9834,10129,root_increment,1,-1,-1,10129,36.1456
9835,2277,root_increment,1,-1,-1,2277,36.1373
9836,13048,root_increment,1,-1,-1,13048,36.1314
9837,10586,root_increment,1,-1,-1,10586,36.1305
9838,16693,root_increment,1,-1,-1,16693,36.1283
9839,9213,root_increment,1,-1,-1,9213,36.1265
9840,9218,root_increment,1,-1,-1,9218,36.1265
9841,9221,root_increment,1,-1,-1,9221,36.1265
9842,14612,root_increment,1,-1,-1,14612,36.1244
9843,8483,root_increment,1,-1,-1,8483,36.124
9844,19835,root_increment,1,-1,-1,19835,36.1218
9845,17822,root_increment,1,-1,-1,17822,36.1161
9846,3363,root_increment,1,-1,-1,3363,36.1105
9847,11952,root_increment,1,-1,-1,11952,36.1094
9848,11243,root_increment,1,-1,-1,11243,36.1076
9849,10075,root_increment,1,-1,-1,10075,36.1048
9850,3843,root_increment,1,-1,-1,3843,36.1041
9851,9418,root_increment,1,-1,-1,9418,36.0994
9852,13889,root_increment,1,-1,-1,13889,36.0986
9853,8852,root_increment,1,-1,-1,8852,36.094
9854,85,root_increment,1,-1,-1,85,36.0885
9855,6096,root_increment,1,-1,-1,6096,36.0879
9856,9093,root_increment,1,-1,-1,9093,36.0799
9857,3485,root_increment,1,-1,-1,3485,36.0742
9858,3506,root_increment,1,-1,-1,3506,36.0742
9859,14730,root_increment,1,-1,-1,14730,36.0725
9860,8392,root_increment,1,-1,-1,8392,36.0704
9861,4543,root_increment,1,-1,-1,4543,36.0698
9862,13328,root_increment,1,-1,-1,13328,36.0663
9863,1962,root_increment,1,-1,-1,1962,36.0661
9864,517,root_increment,1,-1,-1,517,36.0656
9865,2070,root_increment,1,-1,-1,2070,36.0647
9866,12945,root_increment,1,-1,-1,12945,36.0623
9867,6253,root_increment,1,-1,-1,6253,36.057
9868,15785,root_increment,1,-1,-1,15785,36.0542
9869,7535,root_increment,1,-1,-1,7535,36.054
9870,7697,root_increment,1,-1,-1,7697,36.0538
9871,5704,root_increment,1,-1,-1,5704,36.049
9872,3235,root_increment,1,-1,-1,3235,36.0485
9873,19342,root_increment,1,-1,-1,19342,36.0406
9874,15353,root_increment,1,-1,-1,15353,36.0402
9875,10943,root_increment,1,-1,-1,10943,36.0401
9876,14544,root_increment,1,-1,-1,14544,36.0394
9877,1934,root_increment,1,-1,-1,1934,36.036
9878,3031,root_increment,1,-1,-1,3031,36.0301
9879,7363,root_increment,1,-1,-1,7363,36.0282
9880,11239,root_increment,1,-1,-1,11239,36.0273
9881,4556,root_increment,1,-1,-1,4556,36.0237
9882,13660,root_increment,1,-1,-1,13660,36.0225
9883,5080,root_increment,1,-1,-1,5080,36.0178
9884,722,root_increment,1,-1,-1,722,36.0168
9885,13476,root_increment,1,-1,-1,13476,36.0163
9886,11465,root_increment,1,-1,-1,11465,36.0149
9887,6240,root_increment,1,-1,-1,6240,36.0144
9888,13149,root_increment,1,-1,-1,13149,36.014
9889,4766,root_increment,1,-1,-1,4766,36.0125
9890,5960,root_increment,1,-1,-1,5960,36.0096
9891,13926,root_increment,1,-1,-1,13926,36.009
9892,1153,root_increment,1,-1,-1,1153,36.0003
9893,5952,root_increment,1,-1,-1,5952,35.9981
9894,16403,root_increment,1,-1,-1,16403,35.9965
9895,8515,root_increment,1,-1,-1,8515,35.9921
9896,8651,root_increment,1,-1,-1,8651,35.9896
9897,12361,root_increment,1,-1,-1,12361,35.989
9898,12431,root_increment,1,-1,-1,12431,35.9829
9899,7588,root_increment,1,-1,-1,7588,35.9788
9900,15479,root_increment,1,-1,-1,15479,35.9768
9901,8497,root_increment,1,-1,-1,8497,35.9726
9902,11045,root_increment,1,-1,-1,11045,35.9694
9903,5087,root_increment,1,-1,-1,5087,35.9685
9904,7431,root_increment,1,-1,-1,7431,35.9586
9905,13878,root_increment,1,-1,-1,13878,35.9539
9906,17058,root_increment,1,-1,-1,17058,35.952
9907,8385,root_increment,1,-1,-1,8385,35.9516
9908,19912,root_increment,1,-1,-1,19912,35.9469
9909,9866,root_increment,1,-1,-1,9866,35.9444
9910,1079,root_increment,1,-1,-1,1079,35.9422
9911,2525,root_increment,1,-1,-1,2525,35.941
9912,7131,root_increment,1,-1,-1,7131,35.9401
9913,6627,root_increment,1,-1,-1,6627,35.9369
9914,11586,root_increment,1,-1,-1,11586,35.9354
9915,17885,root_increment,1,-1,-1,17885,35.9343
9916,11512,root_increment,1,-1,-1,11512,35.9342
9917,277,root_increment,1,-1,-1,277,35.9334
9918,7055,root_increment,1,-1,-1,7055,35.9317
9919,16355,root_increment,1,-1,-1,16355,35.9291
9920,33,root_increment,1,-1,-1,33,35.9216
9921,4659,root_increment,1,-1,-1,4659,35.914
9922,14801,root_increment,1,-1,-1,14801,35.9111
9923,546,root_increment,1,-1,-1,546,35.9102
9924,8617,root_increment,1,-1,-1,8617,35.9098
9925,12024,root_increment,1,-1,-1,12024,35.9056
9926,5725,root_increment,1,-1,-1,5725,35.9032
9927,15856,root_increment,1,-1,-1,15856,35.9029
9928,11236,root_increment,1,-1,-1,11236,35.9008
9929,16104,root_increment,1,-1,-1,16104,35.8993
9930,16402,root_increment,1,-1,-1,16402,35.8989
9931,19916,root_increment,1,-1,-1,19916,35.8934
9932,10861,root_increment,1,-1,-1,10861,35.8912
9933,7746,root_increment,1,-1,-1,7746,35.8902
9934,4088,root_increment,1,-1,-1,4088,35.8895
9935,11879,root_increment,1,-1,-1,11879,35.883
9936,12,root_increment,1,-1,-1,12,35.8715
9937,2661,root_increment,1,-1,-1,2661,35.871
9938,10972,root_increment,1,-1,-1,10972,35.8694
9939,11058,root_increment,1,-1,-1,11058,35.8683
9940,7063,root_increment,1,-1,-1,7063,35.8676
9941,19957,root_increment,1,-1,-1,19957,35.8654
9942,3818,root_increment,1,-1,-1,3818,35.8564
9943,15547,root_increment,1,-1,-1,15547,35.8492
9944,15754,root_increment,1,-1,-1,15754,35.8422
9945,17573,root_increment,1,-1,-1,17573,35.8421
9946,19613,root_increment,1,-1,-1,19613,35.8404
9947,1071,root_increment,1,-1,-1,1071,35.8375
9948,4490,root_increment,1,-1,-1,4490,35.8355
9949,17179,root_increment,1,-1,-1,17179,35.8347
9950,17684,root_increment,1,-1,-1,17684,35.8267
9951,4466,root_increment,1,-1,-1,4466,35.8251
9952,11705,root_increment,1,-1,-1,11705,35.822
9953,11155,root_increment,1,-1,-1,11155,35.8143
9954,3198,root_increment,1,-1,-1,3198,35.8139
9955,9190,root_increment,1,-1,-1,9190,35.8132
9956,4496,root_increment,1,-1,-1,4496,35.8084
9957,17021,root_increment,1,-1,-1,17021,35.808
9958,6864,root_increment,1,-1,-1,6864,35.808
9959,9693,root_increment,1,-1,-1,9693,35.8032
9960,12409,root_increment,1,-1,-1,12409,35.8024
9961,9264,root_increment,1,-1,-1,9264,35.8015
9962,6924,root_increment,1,-1,-1,6924,35.7979
9963,13519,root_increment,1,-1,-1,13519,35.7917
9964,4246,root_increment,1,-1,-1,4246,35.7876
9965,8695,root_increment,1,-1,-1,8695,35.7814
9966,10990,root_increment,1,-1,-1,10990,35.7786
9967,16721,root_increment,1,-1,-1,16721,35.7756
9968,6723,root_increment,1,-1,-1,6723,35.7742
9969,2594,root_increment,1,-1,-1,2594,35.7734
9970,1354,root_increment,1,-1,-1,1354,35.7701
9971,1367,root_increment,1,-1,-1,1367,35.7701
9972,1375,root_increment,1,-1,-1,1375,35.7701
9973,1388,root_increment,1,-1,-1,1388,35.7701
9974,12626,root_increment,1,-1,-1,12626,35.763
9975,6269,root_increment,1,-1,-1,6269,35.7565
9976,11567,root_increment,1,-1,-1,11567,35.7515
9977,5931,root_increment,1,-1,-1,5931,35.7495
9978,10890,root_increment,1,-1,-1,10890,35.7485
9979,8975,root_increment,1,-1,-1,8975,35.7419
9980,14971,root_increment,1,-1,-1,14971,35.741
9981,15193,root_increment,1,-1,-1,15193,35.7345
9982,18184,root_increment,1,-1,-1,18184,35.7344
9983,4535,root_increment,1,-1,-1,4535,35.7298
9984,5588,root_increment,1,-1,-1,5588,35.7291
9985,5852,root_increment,1,-1,-1,5852,35.7254
9986,5865,root_increment,1,-1,-1,5865,35.7254
9987,5878,root_increment,1,-1,-1,5878,35.7254
9988,11778,root_increment,1,-1,-1,11778,35.7167
9989,13315,root_increment,1,-1,-1,13315,35.7093
9990,9993,root_increment,1,-1,-1,9993,35.6976
9991,5403,root_increment,1,-1,-1,5403,35.6974
9992,9512,root_increment,1,-1,-1,9512,35.6958
9993,11551,root_increment,1,-1,-1,11551,35.6956
9994,12436,root_increment,1,-1,-1,12436,35.6955
9995,9290,root_increment,1,-1,-1,9290,35.6952
9996,1999,root_increment,1,-1,-1,1999,35.6896
9997,18924,root_increment,1,-1,-1,18924,35.6895
9998,17544,root_increment,1,-1,-1,17544,35.6887
9999,12816,root_increment,1,-1,-1,12816,35.6883
10000,6753,root_increment,1,-1,-1,6753,35.6858
10001,7786,root_increment,1,-1,-1,7786,35.6855
10002,5955,root_increment,1,-1,-1,5955,35.6841
10003,18283,root_increment,1,-1,-1,18283,35.6836
10004,2675,root_increment,1,-1,-1,2675,35.6805
10005,7050,root_increment,1,-1,-1,7050,35.6798
10006,14245,root_increment,1,-1,-1,14245,35.6793
10007,14552,root_increment,1,-1,-1,14552,35.6784
10008,12498,root_increment,1,-1,-1,12498,35.67
10009,14197,root_increment,1,-1,-1,14197,35.6671
10010,10544,root_increment,1,-1,-1,10544,35.6666
10011,9284,root_increment,1,-1,-1,9284,35.666
10012,15123,root_increment,1,-1,-1,15123,35.6625
10013,298,root_increment,1,-1,-1,298,35.6588
10014,11747,root_increment,1,-1,-1,11747,35.6556
10015,5910,root_increment,1,-1,-1,5910,35.653
10016,7452,root_increment,1,-1,-1,7452,35.6522
10017,6404,root_increment,1,-1,-1,6404,35.6521
10018,10159,root_increment,1,-1,-1,10159,35.6509
10019,3442,root_increment,1,-1,-1,3442,35.644
10020,12577,root_increment,1,-1,-1,12577,35.6425
10021,2928,root_increment,1,-1,-1,2928,35.6422
10022,5541,root_increment,1,-1,-1,5541,35.639
10023,12405,root_increment,1,-1,-1,12405,35.6379
10024,9728,root_increment,1,-1,-1,9728,35.6373
10025,1470,root_increment,1,-1,-1,1470,35.6366
10026,6109,root_increment,1,-1,-1,6109,35.635
10027,17558,root_increment,1,-1,-1,17558,35.6349
10028,8349,root_increment,1,-1,-1,8349,35.633
10029,2646,root_increment,1,-1,-1,2646,35.6284
10030,5414,root_increment,1,-1,-1,5414,35.6282
10031,10970,root_increment,1,-1,-1,10970,35.6272
10032,5755,root_increment,1,-1,-1,5755,35.6245
10033,7418,root_increment,1,-1,-1,7418,35.6244
10034,12655,root_increment,1,-1,-1,12655,35.6223
10035,7060,root_increment,1,-1,-1,7060,35.6192
10036,6422,root_increment,1,-1,-1,6422,35.6085
10037,5024,root_increment,1,-1,-1,5024,35.6084
10038,14504,root_increment,1,-1,-1,14504,35.608
10039,10022,root_increment,1,-1,-1,10022,35.6078
10040,12718,root_increment,1,-1,-1,12718,35.6019
10041,18898,root_increment,1,-1,-1,18898,35.595
10042,7470,root_increment,1,-1,-1,7470,35.5922
10043,1267,root_increment,1,-1,-1,1267,35.5917
10044,1275,root_increment,1,-1,-1,1275,35.5917
10045,1288,root_increment,1,-1,-1,1288,35.5917
10046,1301,root_increment,1,-1,-1,1301,35.5917
10047,1287,root_increment,1,-1,-1,1287,35.5894
10048,9271,root_increment,1,-1,-1,9271,35.5872
10049,11537,root_increment,1,-1,-1,11537,35.5865
10050,9220,root_increment,1,-1,-1,9220,35.5858
10051,9208,root_increment,1,-1,-1,9208,35.5853
10052,4774,root_increment,1,-1,-1,4774,35.5841
10053,10348,root_increment,1,-1,-1,10348,35.5833
10054,13439,root_increment,1,-1,-1,13439,35.5831
10055,11104,root_increment,1,-1,-1,11104,35.5819
10056,10480,root_increment,1,-1,-1,10480,35.5808
10057,1476,root_increment,1,-1,-1,1476,35.5806
10058,15153,root_increment,1,-1,-1,15153,35.5783
10059,4509,root_increment,1,-1,-1,4509,35.5737
10060,4135,root_increment,1,-1,-1,4135,35.5718
10061,9291,root_increment,1,-1,-1,9291,35.5708
10062,11611,root_increment,1,-1,-1,11611,35.5656
10063,4299,root_increment,1,-1,-1,4299,35.5525
10064,4010,root_increment,1,-1,-1,4010,35.5518
10065,5468,root_increment,1,-1,-1,5468,35.5509
10066,7386,root_increment,1,-1,-1,7386,35.5508
10067,3889,root_increment,1,-1,-1,3889,35.5493
10068,17538,root_increment,1,-1,-1,17538,35.5488
10069,18672,root_increment,1,-1,-1,18672,35.5402
10070,2447,root_increment,1,-1,-1,2447,35.5381
10071,1643,root_increment,1,-1,-1,1643,35.5357
10072,18543,root_increment,1,-1,-1,18543,35.535
10073,13956,root_increment,1,-1,-1,13956,35.5349
10074,993,root_increment,1,-1,-1,993,35.5299
10075,998,root_increment,1,-1,-1,998,35.5299
10076,1006,root_increment,1,-1,-1,1006,35.5299
10077,1014,root_increment,1,-1,-1,1014,35.5299
10078,1019,root_increment,1,-1,-1,1019,35.5299
10079,1027,root_increment,1,-1,-1,1027,35.5299
10080,1032,root_increment,1,-1,-1,1032,35.5299
10081,13662,root_increment,1,-1,-1,13662,35.5263
10082,8997,root_increment,1,-1,-1,8997,35.5242
10083,8855,root_increment,1,-1,-1,8855,35.5242
10084,15005,root_increment,1,-1,-1,15005,35.5196
10085,7007,root_increment,1,-1,-1,7007,35.5194
10086,15426,root_increment,1,-1,-1,15426,35.5179
10087,17551,root_increment,1,-1,-1,17551,35.513
10088,13715,root_increment,1,-1,-1,13715,35.5123
10089,7328,root_increment,1,-1,-1,7328,35.505
10090,7655,root_increment,1,-1,-1,7655,35.5036
10091,11668,root_increment,1,-1,-1,11668,35.5031
10092,12765,root_increment,1,-1,-1,12765,35.5029
10093,12701,root_increment,1,-1,-1,12701,35.5018
10094,8029,root_increment,1,-1,-1,8029,35.5012
10095,12883,root_increment,1,-1,-1,12883,35.4987
10096,6166,root_increment,1,-1,-1,6166,35.4977
10097,8502,root_increment,1,-1,-1,8502,35.4939
10098,15805,root_increment,1,-1,-1,15805,35.4927
10099,1376,root_increment,1,-1,-1,1376,35.4871
10100,7397,root_increment,1,-1,-1,7397,35.4818
10101,6863,root_increment,1,-1,-1,6863,35.4755
10102,10761,root_increment,1,-1,-1,10761,35.4675
10103,3812,root_increment,1,-1,-1,3812,35.4659
10104,11186,root_increment,1,-1,-1,11186,35.4653
10105,8222,root_increment,1,-1,-1,8222,35.4622
10106,8555,root_increment,1,-1,-1,8555,35.4597
10107,19958,root_increment,1,-1,-1,19958,35.459
10108,13594,root_increment,1,-1,-1,13594,35.4585
10109,18951,root_increment,1,-1,-1,18951,35.4582
10110,9625,root_increment,1,-1,-1,9625,35.4561
10111,15801,root_increment,1,-1,-1,15801,35.4557
10112,10268,root_increment,1,-1,-1,10268,35.4527
10113,19575,root_increment,1,-1,-1,19575,35.4521
10114,4071,root_increment,1,-1,-1,4071,35.4402
10115,9253,root_increment,1,-1,-1,9253,35.4389
10116,5082,root_increment,1,-1,-1,5082,35.4377
10117,6138,root_increment,1,-1,-1,6138,35.4362
10118,4617,root_increment,1,-1,-1,4617,35.4358
10119,6214,root_increment,1,-1,-1,6214,35.4325
10120,7605,root_increment,1,-1,-1,7605,35.428
10121,12681,root_increment,1,-1,-1,12681,35.4262
10122,6883,root_increment,1,-1,-1,6883,35.4224
10123,14505,root_increment,1,-1,-1,14505,35.4208
10124,17580,root_increment,1,-1,-1,17580,35.4149
10125,7735,root_increment,1,-1,-1,7735,35.4144
10126,16742,root_increment,1,-1,-1,16742,35.4105
10127,15917,root_increment,1,-1,-1,15917,35.4094
10128,12138,root_increment,1,-1,-1,12138,35.4071
10129,18357,root_increment,1,-1,-1,18357,35.3948
10130,13303,root_increment,1,-1,-1,13303,35.3902
10131,12391,root_increment,1,-1,-1,12391,35.3872
10132,756,root_increment,1,-1,-1,756,35.3862
10133,583,root_increment,1,-1,-1,583,35.3851
10134,13872,root_increment,1,-1,-1,13872,35.3782
10135,11111,root_increment,1,-1,-1,11111,35.3781
10136,6302,root_increment,1,-1,-1,6302,35.3777
10137,5936,root_increment,1,-1,-1,5936,35.3775
10138,18172,root_increment,1,-1,-1,18172,35.3752
10139,9278,root_increment,1,-1,-1,9278,35.3738
10140,7748,root_increment,1,-1,-1,7748,35.3678
10141,6820,root_increment,1,-1,-1,6820,35.3663
10142,11109,root_increment,1,-1,-1,11109,35.3636
10143,11443,root_increment,1,-1,-1,11443,35.3623
10144,8818,root_increment,1,-1,-1,8818,35.3596
10145,9970,root_increment,1,-1,-1,9970,35.3568
10146,8070,root_increment,1,-1,-1,8070,35.3559
10147,19501,root_increment,1,-1,-1,19501,35.3518
10148,6322,root_increment,1,-1,-1,6322,35.3513
10149,1716,root_increment,1,-1,-1,1716,35.3479
10150,389,root_increment,1,-1,-1,389,35.3463
10151,7905,root_increment,1,-1,-1,7905,35.346
10152,7608,root_increment,1,-1,-1,7608,35.3454
10153,10591,root_increment,1,-1,-1,10591,35.3442
10154,11223,root_increment,1,-1,-1,11223,35.3355
10155,7613,root_increment,1,-1,-1,7613,35.3314
10156,11066,root_increment,1,-1,-1,11066,35.3269
10157,15376,root_increment,1,-1,-1,15376,35.3249
10158,10307,root_increment,1,-1,-1,10307,35.3242
10159,17203,root_increment,1,-1,-1,17203,35.3219
10160,9177,root_increment,1,-1,-1,9177,35.3199
10161,15034,root_increment,1,-1,-1,15034,35.3193
10162,13997,root_increment,1,-1,-1,13997,35.3156
10163,5369,root_increment,1,-1,-1,5369,35.3155
10164,15878,root_increment,1,-1,-1,15878,35.3084
10165,4522,root_increment,1,-1,-1,4522,35.3051
10166,16339,root_increment,1,-1,-1,16339,35.305
10167,15841,root_increment,1,-1,-1,15841,35.3049
10168,10674,root_increment,1,-1,-1,10674,35.3018
10169,12417,root_increment,1,-1,-1,12417,35.3007
10170,12552,root_increment,1,-1,-1,12552,35.2944
10171,13230,root_increment,1,-1,-1,13230,35.294
10172,13310,root_increment,1,-1,-1,13310,35.2873
10173,13130,root_increment,1,-1,-1,13130,35.2871
10174,11177,root_increment,1,-1,-1,11177,35.281
10175,11965,root_increment,1,-1,-1,11965,35.2743
10176,2125,root_increment,1,-1,-1,2125,35.2739
10177,12580,root_increment,1,-1,-1,12580,35.2735
10178,18255,root_increment,1,-1,-1,18255,35.2679
10179,4643,root_increment,1,-1,-1,4643,35.2659
10180,1943,root_increment,1,-1,-1,1943,35.2659
10181,5834,root_increment,1,-1,-1,5834,35.2608
10182,15463,root_increment,1,-1,-1,15463,35.2594
10183,16859,root_increment,1,-1,-1,16859,35.2568
10184,7816,root_increment,1,-1,-1,7816,35.2531
10185,11060,root_increment,1,-1,-1,11060,35.2505
10186,3561,root_increment,1,-1,-1,3561,35.2504
10187,3582,root_increment,1,-1,-1,3582,35.2504
10188,10702,root_increment,1,-1,-1,10702,35.2486
10189,4548,root_increment,1,-1,-1,4548,35.2466
10190,11525,root_increment,1,-1,-1,11525,35.2419
10191,18899,root_increment,1,-1,-1,18899,35.2416
10192,11189,root_increment,1,-1,-1,11189,35.239
10193,4033,root_increment,1,-1,-1,4033,35.2354
10194,1652,root_increment,1,-1,-1,1652,35.2342
10195,1526,root_increment,1,-1,-1,1526,35.2331
10196,2450,root_increment,1,-1,-1,2450,35.2329
10197,16382,root_increment,1,-1,-1,16382,35.2287
10198,7604,root_increment,1,-1,-1,7604,35.227
10199,16976,root_increment,1,-1,-1,16976,35.2256
10200,3635,root_increment,1,-1,-1,3635,35.2256
10201,5761,root_increment,1,-1,-1,5761,35.2214
10202,15542,root_increment,1,-1,-1,15542,35.2172
10203,17077,root_increment,1,-1,-1,17077,35.2144
10204,948,root_increment,1,-1,-1,948,35.2137
10205,14335,root_increment,1,-1,-1,14335,35.213
10206,10134,root_increment,1,-1,-1,10134,35.2114
10207,11955,root_increment,1,-1,-1,11955,35.2112
10208,6669,root_increment,1,-1,-1,6669,35.2071
10209,10697,root_increment,1,-1,-1,10697,35.1995
10210,4928,root_increment,1,-1,-1,4928,35.1983
10211,16993,root_increment,1,-1,-1,16993,35.1978
10212,12928,root_increment,1,-1,-1,12928,35.1936
10213,11338,root_increment,1,-1,-1,11338,35.193
10214,6088,root_increment,1,-1,-1,6088,35.191
10215,11799,root_increment,1,-1,-1,11799,35.1831
10216,9690,root_increment,1,-1,-1,9690,35.1734
10217,7453,root_increment,1,-1,-1,7453,35.1715
10218,6007,root_increment,1,-1,-1,6007,35.1708
10219,3149,root_increment,1,-1,-1,3149,35.1674
10220,7029,root_increment,1,-1,-1,7029,35.1613
10221,9688,root_increment,1,-1,-1,9688,35.1609
10222,4738,root_increment,1,-1,-1,4738,35.1598
10223,3499,root_increment,1,-1,-1,3499,35.1564
10224,11618,root_increment,1,-1,-1,11618,35.1541
10225,9032,root_increment,1,-1,-1,9032,35.1436
10226,6748,root_increment,1,-1,-1,6748,35.1348
10227,2065,root_increment,1,-1,-1,2065,35.1343
10228,831,root_increment,1,-1,-1,831,35.1336
10229,8167,root_increment,1,-1,-1,8167,35.1274
10230,9898,root_increment,1,-1,-1,9898,35.1227
10231,5250,root_increment,1,-1,-1,5250,35.1215
10232,5255,root_increment,1,-1,-1,5255,35.1215
10233,5263,root_increment,1,-1,-1,5263,35.1215
10234,5268,root_increment,1,-1,-1,5268,35.1215
10235,5271,root_increment,1,-1,-1,5271,35.1215
10236,5276,root_increment,1,-1,-1,5276,35.1215
10237,7013,root_increment,1,-1,-1,7013,35.1189
10238,14092,root_increment,1,-1,-1,14092,35.1186
10239,6427,root_increment,1,-1,-1,6427,35.1142
10240,14572,root_increment,1,-1,-1,14572,35.1097
10241,6130,root_increment,1,-1,-1,6130,35.1082
10242,8486,root_increment,1,-1,-1,8486,35.1057
10243,19580,root_increment,1,-1,-1,19580,35.1027
10244,4039,root_increment,1,-1,-1,4039,35.0977
10245,1443,root_increment,1,-1,-1,1443,35.094
10246,1451,root_increment,1,-1,-1,1451,35.094
10247,1456,root_increment,1,-1,-1,1456,35.094
10248,1464,root_increment,1,-1,-1,1464,35.094
10249,1477,root_increment,1,-1,-1,1477,35.094
10250,6235,root_increment,1,-1,-1,6235,35.0935
10251,12404,root_increment,1,-1,-1,12404,35.0881
10252,4474,root_increment,1,-1,-1,4474,35.088
10253,538,root_increment,1,-1,-1,538,35.0847
10254,2630,root_increment,1,-1,-1,2630,35.0834
10255,6102,root_increment,1,-1,-1,6102,35.0825
10256,9750,root_increment,1,-1,-1,9750,35.0689
10257,6547,root_increment,1,-1,-1,6547,35.0655
10258,11485,root_increment,1,-1,-1,11485,35.0635
10259,9774,root_increment,1,-1,-1,9774,35.0629
10260,2531,root_increment,1,-1,-1,2531,35.0625
10261,9597,root_increment,1,-1,-1,9597,35.0619
10262,3183,root_increment,1,-1,-1,3183,35.0614
10263,8838,root_increment,1,-1,-1,8838,35.0559
10264,18486,root_increment,1,-1,-1,18486,35.0557
10265,4506,root_increment,1,-1,-1,4506,35.0527
10266,2806,root_increment,1,-1,-1,2806,35.0503
10267,19518,root_increment,1,-1,-1,19518,35.0478
10268,2038,root_increment,1,-1,-1,2038,35.0472
10269,9222,root_increment,1,-1,-1,9222,35.042
10270,4123,root_increment,1,-1,-1,4123,35.0411
10271,7731,root_increment,1,-1,-1,7731,35.0394
10272,2766,root_increment,1,-1,-1,2766,35.0335
10273,9176,root_increment,1,-1,-1,9176,35.0325
10274,4570,root_increment,1,-1,-1,4570,35.0312
10275,18136,root_increment,1,-1,-1,18136,35.0277
10276,13933,root_increment,1,-1,-1,13933,35.0256
10277,6842,root_increment,1,-1,-1,6842,35.0252
10278,724,root_increment,1,-1,-1,724,35.0242
10279,14576,root_increment,1,-1,-1,14576,35.0185
10280,8635,root_increment,1,-1,-1,8635,35.0174
10281,9566,root_increment,1,-1,-1,9566,35.0167
10282,13867,root_increment,1,-1,-1,13867,35.0121
10283,2080,root_increment,1,-1,-1,2080,35.0087
10284,9439,root_increment,1,-1,-1,9439,35.0058
10285,17311,root_increment,1,-1,-1,17311,35.0056
10286,8686,root_increment,1,-1,-1,8686,35.0022
10287,3971,root_increment,1,-1,-1,3971,35.0019
10288,15059,root_increment,1,-1,-1,15059,35.0001
10289,8578,root_increment,1,-1,-1,8578,34.9918
10290,9626,root_increment,1,-1,-1,9626,34.9826
10291,8656,root_increment,1,-1,-1,8656,34.9812
10292,13375,root_increment,1,-1,-1,13375,34.9812
10293,16049,root_increment,1,-1,-1,16049,34.9783
10294,12166,root_increment,1,-1,-1,12166,34.9744
10295,10378,root_increment,1,-1,-1,10378,34.9674
10296,10354,root_increment,1,-1,-1,10354,34.9647
10297,9399,root_increment,1,-1,-1,9399,34.9624
10298,9079,root_increment,1,-1,-1,9079,34.9494
10299,13365,root_increment,1,-1,-1,13365,34.9492
10300,17650,root_increment,1,-1,-1,17650,34.9444
10301,6513,root_increment,1,-1,-1,6513,34.9417
10302,7705,root_increment,1,-1,-1,7705,34.9393
10303,206,root_increment,1,-1,-1,206,34.9384
10304,9250,root_increment,1,-1,-1,9250,34.9358
10305,19967,root_increment,1,-1,-1,19967,34.9343
10306,7324,root_increment,1,-1,-1,7324,34.9315
10307,14772,root_increment,1,-1,-1,14772,34.9257
10308,15758,root_increment,1,-1,-1,15758,34.9249
10309,6279,root_increment,1,-1,-1,6279,34.9223
10310,8891,root_increment,1,-1,-1,8891,34.9193
10311,18112,root_increment,1,-1,-1,18112,34.9123
10312,7663,root_increment,1,-1,-1,7663,34.9117
10313,4501,root_increment,1,-1,-1,4501,34.9053
10314,11057,root_increment,1,-1,-1,11057,34.903
10315,14056,root_increment,1,-1,-1,14056,34.9009
10316,4149,root_increment,1,-1,-1,4149,34.9003
10317,2349,root_increment,1,-1,-1,2349,34.8987
10318,12420,root_increment,1,-1,-1,12420,34.898
10319,942,root_increment,1,-1,-1,942,34.8974
10320,5664,root_increment,1,-1,-1,5664,34.8955
10321,4424,root_increment,1,-1,-1,4424,34.8944
10322,17550,root_increment,1,-1,-1,17550,34.894
10323,17583,root_increment,1,-1,-1,17583,34.8881
10324,8189,root_increment,1,-1,-1,8189,34.8787
10325,16237,root_increment,1,-1,-1,16237,34.8781
10326,8447,root_increment,1,-1,-1,8447,34.8773
10327,12210,root_increment,1,-1,-1,12210,34.8706
10328,16229,root_increment,1,-1,-1,16229,34.8658
10329,4890,root_increment,1,-1,-1,4890,34.8639
10330,12425,root_increment,1,-1,-1,12425,34.8623
10331,18424,root_increment,1,-1,-1,18424,34.8573
10332,10457,root_increment,1,-1,-1,10457,34.8573
10333,10619,root_increment,1,-1,-1,10619,34.8534
10334,17888,root_increment,1,-1,-1,17888,34.8531
10335,11503,root_increment,1,-1,-1,11503,34.8531
10336,10462,root_increment,1,-1,-1,10462,34.8524
10337,8001,root_increment,1,-1,-1,8001,34.849
10338,10495,root_increment,1,-1,-1,10495,34.8484
10339,6492,root_increment,1,-1,-1,6492,34.8452
10340,13792,root_increment,1,-1,-1,13792,34.8438
10341,7768,root_increment,1,-1,-1,7768,34.8401
10342,11166,root_increment,1,-1,-1,11166,34.8388
10343,19316,root_increment,1,-1,-1,19316,34.8386
10344,11133,root_increment,1,-1,-1,11133,34.8367
10345,7948,root_increment,1,-1,-1,7948,34.835
10346,10360,root_increment,1,-1,-1,10360,34.8301
10347,10978,root_increment,1,-1,-1,10978,34.825
10348,7920,root_increment,1,-1,-1,7920,34.8249
10349,6656,root_increment,1,-1,-1,6656,34.8245
10350,10946,root_increment,1,-1,-1,10946,34.8228
10351,14652,root_increment,1,-1,-1,14652,34.8222
10352,8110,root_increment,1,-1,-1,8110,34.8212
10353,18916,root_increment,1,-1,-1,18916,34.8143
10354,9907,root_increment,1,-1,-1,9907,34.8093
10355,14960,root_increment,1,-1,-1,14960,34.8092
10356,14417,root_increment,1,-1,-1,14417,34.8081
10357,5089,root_increment,1,-1,-1,5089,34.807
10358,15079,root_increment,1,-1,-1,15079,34.8063
10359,15871,root_increment,1,-1,-1,15871,34.805
10360,7597,root_increment,1,-1,-1,7597,34.8009
10361,9198,root_increment,1,-1,-1,9198,34.7926
10362,9021,root_increment,1,-1,-1,9021,34.7874
10363,8669,root_increment,1,-1,-1,8669,34.7831
10364,10001,root_increment,1,-1,-1,10001,34.7831
10365,19367,root_increment,1,-1,-1,19367,34.7808
10366,9635,root_increment,1,-1,-1,9635,34.7807
10367,6958,root_increment,1,-1,-1,6958,34.7806
10368,10290,root_increment,1,-1,-1,10290,34.7797
10369,4390,root_increment,1,-1,-1,4390,34.7788
10370,8769,root_increment,1,-1,-1,8769,34.7762
10371,148,root_increment,1,-1,-1,148,34.7759
10372,8375,root_increment,1,-1,-1,8375,34.7747
10373,284,root_increment,1,-1,-1,284,34.774
10374,1552,root_increment,1,-1,-1,1552,34.7738
10375,11993,root_increment,1,-1,-1,11993,34.7637
10376,2728,root_increment,1,-1,-1,2728,34.763
10377,11744,root_increment,1,-1,-1,11744,34.7625
10378,18073,root_increment,1,-1,-1,18073,34.7607
10379,10883,root_increment,1,-1,-1,10883,34.7562
10380,10574,root_increment,1,-1,-1,10574,34.7541
10381,1037,root_increment,1,-1,-1,1037,34.7521
10382,12242,root_increment,1,-1,-1,12242,34.7515
10383,9097,root_increment,1,-1,-1,9097,34.7409
10384,14845,root_increment,1,-1,-1,14845,34.7341
10385,6198,root_increment,1,-1,-1,6198,34.7323
10386,7061,root_increment,1,-1,-1,7061,34.7318
10387,13219,root_increment,1,-1,-1,13219,34.7295
10388,15314,root_increment,1,-1,-1,15314,34.726
10389,18023,root_increment,1,-1,-1,18023,34.725
10390,9227,root_increment,1,-1,-1,9227,34.7177
10391,5370,root_increment,1,-1,-1,5370,34.7172
10392,5383,root_increment,1,-1,-1,5383,34.7172
10393,5396,root_increment,1,-1,-1,5396,34.7172
10394,13383,root_increment,1,-1,-1,13383,34.715
10395,17130,root_increment,1,-1,-1,17130,34.7144
10396,6922,root_increment,1,-1,-1,6922,34.7082
10397,6382,root_increment,1,-1,-1,6382,34.7072
10398,7760,root_increment,1,-1,-1,7760,34.7003
10399,8750,root_increment,1,-1,-1,8750,34.6992
10400,8176,root_increment,1,-1,-1,8176,34.6991
10401,14952,root_increment,1,-1,-1,14952,34.699
10402,8009,root_increment,1,-1,-1,8009,34.6959
10403,11583,root_increment,1,-1,-1,11583,34.6953
10404,19583,root_increment,1,-1,-1,19583,34.6919
10405,10329,root_increment,1,-1,-1,10329,34.6854
10406,14503,root_increment,1,-1,-1,14503,34.685
10407,6487,root_increment,1,-1,-1,6487,34.684
10408,14219,root_increment,1,-1,-1,14219,34.6778
10409,8949,root_increment,1,-1,-1,8949,34.6762
10410,18056,root_increment,1,-1,-1,18056,34.6744
10411,9515,root_increment,1,-1,-1,9515,34.6721
10412,8661,root_increment,1,-1,-1,8661,34.6699
10413,12574,root_increment,1,-1,-1,12574,34.6697
10414,5628,root_increment,1,-1,-1,5628,34.6692
10415,19600,root_increment,1,-1,-1,19600,34.6635
10416,13776,root_increment,1,-1,-1,13776,34.6608
10417,7679,root_increment,1,-1,-1,7679,34.6573
10418,17480,root_increment,1,-1,-1,17480,34.6547
10419,9536,root_increment,1,-1,-1,9536,34.6527
10420,10756,root_increment,1,-1,-1,10756,34.6526
10421,15535,root_increment,1,-1,-1,15535,34.6522
10422,10555,root_increment,1,-1,-1,10555,34.6488
10423,8380,root_increment,1,-1,-1,8380,34.6487
10424,13595,root_increment,1,-1,-1,13595,34.647
10425,4724,root_increment,1,-1,-1,4724,34.6457
10426,15582,root_increment,1,-1,-1,15582,34.6454
10427,9155,root_increment,1,-1,-1,9155,34.6441
10428,9163,root_increment,1,-1,-1,9163,34.6392
10429,5712,root_increment,1,-1,-1,5712,34.6365
10430,17539,root_increment,1,-1,-1,17539,34.6348
10431,6560,root_increment,1,-1,-1,6560,34.6306
10432,11732,root_increment,1,-1,-1,11732,34.6303
10433,7618,root_increment,1,-1,-1,7618,34.6287
10434,2546,root_increment,1,-1,-1,2546,34.6262
10435,10431,root_increment,1,-1,-1,10431,34.6199
10436,12540,root_increment,1,-1,-1,12540,34.6135
10437,8631,root_increment,1,-1,-1,8631,34.6105
10438,15144,root_increment,1,-1,-1,15144,34.6097
10439,9232,root_increment,1,-1,-1,9232,34.6088
10440,5871,root_increment,1,-1,-1,5871,34.6051
10441,17244,root_increment,1,-1,-1,17244,34.6041
10442,2805,root_increment,1,-1,-1,2805,34.5985
10443,1402,root_increment,1,-1,-1,1402,34.5959
10444,14453,root_increment,1,-1,-1,14453,34.5948
10445,1440,root_increment,1,-1,-1,1440,34.5908
10446,1448,root_increment,1,-1,-1,1448,34.5908
10447,1453,root_increment,1,-1,-1,1453,34.5908
10448,1461,root_increment,1,-1,-1,1461,34.5908
10449,1469,root_increment,1,-1,-1,1469,34.5908
10450,1474,root_increment,1,-1,-1,1474,34.5908
10451,1482,root_increment,1,-1,-1,1482,34.5908
10452,11726,root_increment,1,-1,-1,11726,34.5866
10453,11050,root_increment,1,-1,-1,11050,34.5799
10454,3992,root_increment,1,-1,-1,3992,34.5772
10455,6812,root_increment,1,-1,-1,6812,34.5739
10456,6287,root_increment,1,-1,-1,6287,34.573
10457,5556,root_increment,1,-1,-1,5556,34.5715
10458,5577,root_increment,1,-1,-1,5577,34.5715
10459,2101,root_increment,1,-1,-1,2101,34.569
10460,1694,root_increment,1,-1,-1,1694,34.5661
10461,9803,root_increment,1,-1,-1,9803,34.5659
10462,18394,root_increment,1,-1,-1,18394,34.5648
10463,19156,root_increment,1,-1,-1,19156,34.5576
10464,13206,root_increment,1,-1,-1,13206,34.5562
10465,17767,root_increment,1,-1,-1,17767,34.5546
10466,6691,root_increment,1,-1,-1,6691,34.5532
10467,8037,root_increment,1,-1,-1,8037,34.5525
10468,10933,root_increment,1,-1,-1,10933,34.5494
10469,7092,root_increment,1,-1,-1,7092,34.5436
10470,2214,root_increment,1,-1,-1,2214,34.5419
10471,3825,root_increment,1,-1,-1,3825,34.5416
10472,14208,root_increment,1,-1,-1,14208,34.5387
10473,11742,root_increment,1,-1,-1,11742,34.5349
10474,16521,root_increment,1,-1,-1,16521,34.5309
10475,1737,root_increment,1,-1,-1,1737,34.5305
10476,11088,root_increment,1,-1,-1,11088,34.5279
10477,11419,root_increment,1,-1,-1,11419,34.5259
10478,9043,root_increment,1,-1,-1,9043,34.5248
10479,6336,root_increment,1,-1,-1,6336,34.5206
10480,13096,root_increment,1,-1,-1,13096,34.5181
10481,8956,root_increment,1,-1,-1,8956,34.5131
10482,9282,root_increment,1,-1,-1,9282,34.5055
10483,15277,root_increment,1,-1,-1,15277,34.502
10484,6558,root_increment,1,-1,-1,6558,34.5001
10485,18693,root_increment,1,-1,-1,18693,34.4995
10486,8181,root_increment,1,-1,-1,8181,34.4984
10487,10225,root_increment,1,-1,-1,10225,34.4939
10488,15596,root_increment,1,-1,-1,15596,34.4881
10489,7637,root_increment,1,-1,-1,7637,34.4858
10490,11784,root_increment,1,-1,-1,11784,34.4824
10491,11041,root_increment,1,-1,-1,11041,34.4809
10492,19302,root_increment,1,-1,-1,19302,34.4754
10493,16018,root_increment,1,-1,-1,16018,34.4718
10494,19011,root_increment,1,-1,-1,19011,34.4666
10495,14507,root_increment,1,-1,-1,14507,34.4654
10496,6851,root_increment,1,-1,-1,6851,34.465
10497,12414,root_increment,1,-1,-1,12414,34.4645
10498,19744,root_increment,1,-1,-1,19744,34.4638
10499,17476,root_increment,1,-1,-1,17476,34.4595
10500,17846,root_increment,1,-1,-1,17846,34.4574
10501,14431,root_increment,1,-1,-1,14431,34.4572
10502,6161,root_increment,1,-1,-1,6161,34.457
10503,7978,root_increment,1,-1,-1,7978,34.4569
10504,10156,root_increment,1,-1,-1,10156,34.4537
10505,7389,root_increment,1,-1,-1,7389,34.4507
10506,9150,root_increment,1,-1,-1,9150,34.447
10507,16932,root_increment,1,-1,-1,16932,34.4453
10508,5349,root_increment,1,-1,-1,5349,34.4447
10509,256,root_increment,1,-1,-1,256,34.4433
10510,18013,root_increment,1,-1,-1,18013,34.4349
10511,12947,root_increment,1,-1,-1,12947,34.4329
10512,18429,root_increment,1,-1,-1,18429,34.4302
10513,7478,root_increment,1,-1,-1,7478,34.4291
10514,13087,root_increment,1,-1,-1,13087,34.427
10515,14781,root_increment,1,-1,-1,14781,34.4264
10516,6939,root_increment,1,-1,-1,6939,34.4256
10517,242,root_increment,1,-1,-1,242,34.4222
10518,4607,root_increment,1,-1,-1,4607,34.4194
10519,5924,root_increment,1,-1,-1,5924,34.4066
10520,7071,root_increment,1,-1,-1,7071,34.4049
10521,9872,root_increment,1,-1,-1,9872,34.4004
10522,13940,root_increment,1,-1,-1,13940,34.3954
10523,3214,root_increment,1,-1,-1,3214,34.3948
10524,452,root_increment,1,-1,-1,452,34.3934
10525,6589,root_increment,1,-1,-1,6589,34.3899
10526,311,root_increment,1,-1,-1,311,34.384
10527,16560,root_increment,1,-1,-1,16560,34.3819
10528,11710,root_increment,1,-1,-1,11710,34.3817
10529,13834,root_increment,1,-1,-1,13834,34.3797
10530,12649,root_increment,1,-1,-1,12649,34.3754
10531,9038,root_increment,1,-1,-1,9038,34.3752
10532,8426,root_increment,1,-1,-1,8426,34.3678
10533,15549,root_increment,1,-1,-1,15549,34.3645
10534,11546,root_increment,1,-1,-1,11546,34.3613
10535,7174,root_increment,1,-1,-1,7174,34.3574
10536,8690,root_increment,1,-1,-1,8690,34.3568
10537,8748,root_increment,1,-1,-1,8748,34.3524
10538,9962,root_increment,1,-1,-1,9962,34.3496
10539,15802,root_increment,1,-1,-1,15802,34.3395
10540,6222,root_increment,1,-1,-1,6222,34.3343
10541,5734,root_increment,1,-1,-1,5734,34.3301
10542,10993,root_increment,1,-1,-1,10993,34.326
10543,14725,root_increment,1,-1,-1,14725,34.3221
10544,8829,root_increment,1,-1,-1,8829,34.3181
10545,2088,root_increment,1,-1,-1,2088,34.3173
10546,9135,root_increment,1,-1,-1,9135,34.3171
10547,9583,root_increment,1,-1,-1,9583,34.3121
10548,19824,root_increment,1,-1,-1,19824,34.3104
10549,12184,root_increment,1,-1,-1,12184,34.3087
10550,17455,root_increment,1,-1,-1,17455,34.3034
10551,16493,root_increment,1,-1,-1,16493,34.3007
10552,2271,root_increment,1,-1,-1,2271,34.2993
10553,19974,root_increment,1,-1,-1,19974,34.2989
10554,5939,root_increment,1,-1,-1,5939,34.2875
10555,3869,root_increment,1,-1,-1,3869,34.2872
10556,14523,root_increment,1,-1,-1,14523,34.2851
10557,7080,root_increment,1,-1,-1,7080,34.2837
10558,596,root_increment,1,-1,-1,596,34.2836
10559,19919,root_increment,1,-1,-1,19919,34.2827
10560,4778,root_increment,1,-1,-1,4778,34.2766
10561,11092,root_increment,1,-1,-1,11092,34.2751
10562,7858,root_increment,1,-1,-1,7858,34.2741
10563,12263,root_increment,1,-1,-1,12263,34.2735
10564,18643,root_increment,1,-1,-1,18643,34.2734
10565,9273,root_increment,1,-1,-1,9273,34.2725
10566,19375,root_increment,1,-1,-1,19375,34.2692
10567,16161,root_increment,1,-1,-1,16161,34.2603
10568,4018,root_increment,1,-1,-1,4018,34.26
10569,15260,root_increment,1,-1,-1,15260,34.2583
10570,5992,root_increment,1,-1,-1,5992,34.2555
10571,14476,root_increment,1,-1,-1,14476,34.2532
10572,4984,root_increment,1,-1,-1,4984,34.2509
10573,11769,root_increment,1,-1,-1,11769,34.2508
10574,9965,root_increment,1,-1,-1,9965,34.2437
10575,15985,root_increment,1,-1,-1,15985,34.2434
10576,690,root_increment,1,-1,-1,690,34.2335
10577,13642,root_increment,1,-1,-1,13642,34.2332
10578,9001,root_increment,1,-1,-1,9001,34.2315
10579,9435,root_increment,1,-1,-1,9435,34.23
10580,9659,root_increment,1,-1,-1,9659,34.225
10581,1106,root_increment,1,-1,-1,1106,34.2222
10582,19962,root_increment,1,-1,-1,19962,34.2211
10583,4050,root_increment,1,-1,-1,4050,34.211
10584,18345,root_increment,1,-1,-1,18345,34.209
10585,7391,root_increment,1,-1,-1,7391,34.2065
10586,5760,root_increment,1,-1,-1,5760,34.1959
10587,5781,root_increment,1,-1,-1,5781,34.1959
10588,13647,root_increment,1,-1,-1,13647,34.1947
10589,9520,root_increment,1,-1,-1,9520,34.1902
10590,14371,root_increment,1,-1,-1,14371,34.1886
10591,4940,root_increment,1,-1,-1,4940,34.1819
10592,1532,root_increment,1,-1,-1,1532,34.178
10593,1566,root_increment,1,-1,-1,1566,34.178
10594,11990,root_increment,1,-1,-1,11990,34.1703
10595,9753,root_increment,1,-1,-1,9753,34.1684
10596,16967,root_increment,1,-1,-1,16967,34.165
10597,18041,root_increment,1,-1,-1,18041,34.1636
10598,7799,root_increment,1,-1,-1,7799,34.1621
10599,10018,root_increment,1,-1,-1,10018,34.1618
10600,6661,root_increment,1,-1,-1,6661,34.1562
10601,8588,root_increment,1,-1,-1,8588,34.1526
10602,18772,root_increment,1,-1,-1,18772,34.1517
10603,7765,root_increment,1,-1,-1,7765,34.1512
10604,1531,root_increment,1,-1,-1,1531,34.1501
10605,11009,root_increment,1,-1,-1,11009,34.1495
10606,10625,root_increment,1,-1,-1,10625,34.1471
10607,8888,root_increment,1,-1,-1,8888,34.141
10608,12510,root_increment,1,-1,-1,12510,34.1393
10609,16158,root_increment,1,-1,-1,16158,34.1389
10610,2566,root_increment,1,-1,-1,2566,34.1375
10611,2587,root_increment,1,-1,-1,2587,34.1375
10612,2608,root_increment,1,-1,-1,2608,34.1375
10613,8300,root_increment,1,-1,-1,8300,34.1332
10614,12978,root_increment,1,-1,-1,12978,34.131
10615,13763,root_increment,1,-1,-1,13763,34.1288
10616,6698,root_increment,1,-1,-1,6698,34.1268
10617,1857,root_increment,1,-1,-1,1857,34.1266
10618,12396,root_increment,1,-1,-1,12396,34.125
10619,15958,root_increment,1,-1,-1,15958,34.1221
10620,11943,root_increment,1,-1,-1,11943,34.1212
10621,6341,root_increment,1,-1,-1,6341,34.1208
10622,17729,root_increment,1,-1,-1,17729,34.1133
10623,12354,root_increment,1,-1,-1,12354,34.1084
10624,2452,root_increment,1,-1,-1,2452,34.1061
10625,8980,root_increment,1,-1,-1,8980,34.1018
10626,7424,root_increment,1,-1,-1,7424,34.101
10627,10866,root_increment,1,-1,-1,10866,34.0972
10628,6393,root_increment,1,-1,-1,6393,34.0969
10629,19197,root_increment,1,-1,-1,19197,34.0953
10630,15751,root_increment,1,-1,-1,15751,34.0875
10631,8131,root_increment,1,-1,-1,8131,34.0869
10632,1133,root_increment,1,-1,-1,1133,34.0868
10633,9998,root_increment,1,-1,-1,9998,34.0849
10634,13388,root_increment,1,-1,-1,13388,34.0829
10635,8609,root_increment,1,-1,-1,8609,34.0804
10636,6307,root_increment,1,-1,-1,6307,34.0792
10637,3140,root_increment,1,-1,-1,3140,34.0764
10638,9810,root_increment,1,-1,-1,9810,34.0739
10639,11141,root_increment,1,-1,-1,11141,34.0691
10640,17395,root_increment,1,-1,-1,17395,34.0674
10641,17859,root_increment,1,-1,-1,17859,34.0612
10642,2949,root_increment,1,-1,-1,2949,34.059
10643,8544,root_increment,1,-1,-1,8544,34.0548
10644,18102,root_increment,1,-1,-1,18102,34.0542
10645,3895,root_increment,1,-1,-1,3895,34.0541
10646,6733,root_increment,1,-1,-1,6733,34.0479
10647,19269,root_increment,1,-1,-1,19269,34.0446
10648,8990,root_increment,1,-1,-1,8990,34.0427
10649,3197,root_increment,1,-1,-1,3197,34.0405
10650,3202,root_increment,1,-1,-1,3202,34.0405
10651,3205,root_increment,1,-1,-1,3205,34.0405
10652,3207,root_increment,1,-1,-1,3207,34.0405
10653,3210,root_increment,1,-1,-1,3210,34.0405
10654,3213,root_increment,1,-1,-1,3213,34.0405
10655,3215,root_increment,1,-1,-1,3215,34.0405
10656,3218,root_increment,1,-1,-1,3218,34.0405
10657,3220,root_increment,1,-1,-1,3220,34.0405
10658,3223,root_increment,1,-1,-1,3223,34.0405
10659,3226,root_increment,1,-1,-1,3226,34.0405
10660,3228,root_increment,1,-1,-1,3228,34.0405
10661,3231,root_increment,1,-1,-1,3231,34.0405
10662,3234,root_increment,1,-1,-1,3234,34.0405
10663,3236,root_increment,1,-1,-1,3236,34.0405
10664,3239,root_increment,1,-1,-1,3239,34.0405
10665,8508,root_increment,1,-1,-1,8508,34.0401
10666,10508,root_increment,1,-1,-1,10508,34.0397
10667,3839,root_increment,1,-1,-1,3839,34.0356
10668,19757,root_increment,1,-1,-1,19757,34.0322
10669,11145,root_increment,1,-1,-1,11145,34.0299
10670,10380,root_increment,1,-1,-1,10380,34.0223
10671,18718,root_increment,1,-1,-1,18718,34.0126
10672,16925,root_increment,1,-1,-1,16925,34.0066
10673,17804,root_increment,1,-1,-1,17804,34.0043
10674,8706,root_increment,1,-1,-1,8706,34.0039
10675,8944,root_increment,1,-1,-1,8944,34.0025
10676,5861,root_increment,1,-1,-1,5861,34.0019
10677,6722,root_increment,1,-1,-1,6722,34.0006
10678,19479,root_increment,1,-1,-1,19479,33.9898
10679,14360,root_increment,1,-1,-1,14360,33.9896
10680,9763,root_increment,1,-1,-1,9763,33.9827
10681,9986,root_increment,1,-1,-1,9986,33.9804
10682,19961,root_increment,1,-1,-1,19961,33.9681
10683,14184,root_increment,1,-1,-1,14184,33.9669
10684,13239,root_increment,1,-1,-1,13239,33.9658
10685,8666,root_increment,1,-1,-1,8666,33.9565
10686,15686,root_increment,1,-1,-1,15686,33.9541
10687,4005,root_increment,1,-1,-1,4005,33.9511
10688,13363,root_increment,1,-1,-1,13363,33.9508
10689,17154,root_increment,1,-1,-1,17154,33.9498
10690,4190,root_increment,1,-1,-1,4190,33.9474
10691,10383,root_increment,1,-1,-1,10383,33.9442
10692,16141,root_increment,1,-1,-1,16141,33.9431
10693,8749,root_increment,1,-1,-1,8749,33.9363
10694,7413,root_increment,1,-1,-1,7413,33.9264
10695,7489,root_increment,1,-1,-1,7489,33.9255
10696,3423,root_increment,1,-1,-1,3423,33.9237
10697,9544,root_increment,1,-1,-1,9544,33.9231
10698,2181,root_increment,1,-1,-1,2181,33.9165
10699,2202,root_increment,1,-1,-1,2202,33.9165
10700,14965,root_increment,1,-1,-1,14965,33.9164
10701,9270,root_increment,1,-1,-1,9270,33.9155
10702,13836,root_increment,1,-1,-1,13836,33.9091
10703,9701,root_increment,1,-1,-1,9701,33.9063
10704,11039,root_increment,1,-1,-1,11039,33.9002
10705,10295,root_increment,1,-1,-1,10295,33.8861
10706,7321,root_increment,1,-1,-1,7321,33.8852
10707,8824,root_increment,1,-1,-1,8824,33.8847
10708,7700,root_increment,1,-1,-1,7700,33.8843
10709,11858,root_increment,1,-1,-1,11858,33.8802
10710,15806,root_increment,1,-1,-1,15806,33.8748
10711,7410,root_increment,1,-1,-1,7410,33.8746
10712,9018,root_increment,1,-1,-1,9018,33.8643
10713,18141,root_increment,1,-1,-1,18141,33.8619
10714,16572,root_increment,1,-1,-1,16572,33.8598
10715,17685,root_increment,1,-1,-1,17685,33.8504
10716,8537,root_increment,1,-1,-1,8537,33.8476
10717,9595,root_increment,1,-1,-1,9595,33.8461
10718,10367,root_increment,1,-1,-1,10367,33.8388
10719,14167,root_increment,1,-1,-1,14167,33.837
10720,18115,root_increment,1,-1,-1,18115,33.8365
10721,5994,root_increment,1,-1,-1,5994,33.8361
10722,10106,root_increment,1,-1,-1,10106,33.8321
10723,3296,root_increment,1,-1,-1,3296,33.8284
10724,3317,root_increment,1,-1,-1,3317,33.8284
10725,12696,root_increment,1,-1,-1,12696,33.8232
10726,8512,root_increment,1,-1,-1,8512,33.8183
10727,16731,root_increment,1,-1,-1,16731,33.8149
10728,10677,root_increment,1,-1,-1,10677,33.8104
10729,9236,root_increment,1,-1,-1,9236,33.8099
10730,10570,root_increment,1,-1,-1,10570,33.8087
10731,2122,root_increment,1,-1,-1,2122,33.8029
10732,8758,root_increment,1,-1,-1,8758,33.8016
10733,16264,root_increment,1,-1,-1,16264,33.8005
10734,11197,root_increment,1,-1,-1,11197,33.7955
10735,16153,root_increment,1,-1,-1,16153,33.793
10736,18731,root_increment,1,-1,-1,18731,33.793
10737,10113,root_increment,1,-1,-1,10113,33.7878
10738,17170,root_increment,1,-1,-1,17170,33.7877
10739,9405,root_increment,1,-1,-1,9405,33.7849
10740,6401,root_increment,1,-1,-1,6401,33.7849
10741,7511,root_increment,1,-1,-1,7511,33.7824
10742,18949,root_increment,1,-1,-1,18949,33.782
10743,2174,root_increment,1,-1,-1,2174,33.7789
10744,13671,root_increment,1,-1,-1,13671,33.7748
10745,8652,root_increment,1,-1,-1,8652,33.7725
10746,16980,root_increment,1,-1,-1,16980,33.7699
10747,3887,root_increment,1,-1,-1,3887,33.7675
10748,1340,root_increment,1,-1,-1,1340,33.7656
10749,5678,root_increment,1,-1,-1,5678,33.7605
10750,7672,root_increment,1,-1,-1,7672,33.7595
10751,8952,root_increment,1,-1,-1,8952,33.759
10752,504,root_increment,1,-1,-1,504,33.7583
10753,5337,root_increment,1,-1,-1,5337,33.758
10754,8898,root_increment,1,-1,-1,8898,33.7511
10755,235,root_increment,1,-1,-1,235,33.7501
10756,6629,root_increment,1,-1,-1,6629,33.7459
10757,2156,root_increment,1,-1,-1,2156,33.7459
10758,9030,root_increment,1,-1,-1,9030,33.7454
10759,7504,root_increment,1,-1,-1,7504,33.7397
10760,14980,root_increment,1,-1,-1,14980,33.7371
10761,3161,root_increment,1,-1,-1,3161,33.7347
10762,16543,root_increment,1,-1,-1,16543,33.7292
10763,3502,root_increment,1,-1,-1,3502,33.7232
10764,9202,root_increment,1,-1,-1,9202,33.722
10765,19752,root_increment,1,-1,-1,19752,33.7173
10766,14926,root_increment,1,-1,-1,14926,33.7082
10767,7352,root_increment,1,-1,-1,7352,33.7038
10768,7357,root_increment,1,-1,-1,7357,33.7038
10769,3486,root_increment,1,-1,-1,3486,33.6846
10770,17404,root_increment,1,-1,-1,17404,33.6822
10771,10160,root_increment,1,-1,-1,10160,33.6817
10772,16051,root_increment,1,-1,-1,16051,33.6809
10773,7749,root_increment,1,-1,-1,7749,33.6779
10774,17602,root_increment,1,-1,-1,17602,33.6757
10775,6664,root_increment,1,-1,-1,6664,33.6726
10776,14261,root_increment,1,-1,-1,14261,33.6724
10777,7587,root_increment,1,-1,-1,7587,33.6529
10778,10595,root_increment,1,-1,-1,10595,33.6523
10779,17776,root_increment,1,-1,-1,17776,33.6492
10780,921,root_increment,1,-1,-1,921,33.6488
10781,15431,root_increment,1,-1,-1,15431,33.6448
10782,14510,root_increment,1,-1,-1,14510,33.6352
10783,7702,root_increment,1,-1,-1,7702,33.6315
10784,11627,root_increment,1,-1,-1,11627,33.6289
10785,11313,root_increment,1,-1,-1,11313,33.6286
10786,3874,root_increment,1,-1,-1,3874,33.6264
10787,269,root_increment,1,-1,-1,269,33.6215
10788,7631,root_increment,1,-1,-1,7631,33.6202
10789,7650,root_increment,1,-1,-1,7650,33.6172
10790,6174,root_increment,1,-1,-1,6174,33.6163
10791,13089,root_increment,1,-1,-1,13089,33.6157
10792,7057,root_increment,1,-1,-1,7057,33.6154
10793,5145,root_increment,1,-1,-1,5145,33.6138
10794,5158,root_increment,1,-1,-1,5158,33.6138
10795,10942,root_increment,1,-1,-1,10942,33.5993
10796,2415,root_increment,1,-1,-1,2415,33.5945
10797,4445,root_increment,1,-1,-1,4445,33.5929
10798,7936,root_increment,1,-1,-1,7936,33.5896
10799,6372,root_increment,1,-1,-1,6372,33.5892
10800,7337,root_increment,1,-1,-1,7337,33.5872
10801,9961,root_increment,1,-1,-1,9961,33.5834
10802,13188,root_increment,1,-1,-1,13188,33.5824
10803,13151,root_increment,1,-1,-1,13151,33.5784
10804,2986,root_increment,1,-1,-1,2986,33.5764
10805,10615,root_increment,1,-1,-1,10615,33.5753
10806,4230,root_increment,1,-1,-1,4230,33.572
10807,8069,root_increment,1,-1,-1,8069,33.5708
10808,10578,root_increment,1,-1,-1,10578,33.5673
10809,16466,root_increment,1,-1,-1,16466,33.5635
10810,13175,root_increment,1,-1,-1,13175,33.5631
10811,12126,root_increment,1,-1,-1,12126,33.5626
10812,10147,root_increment,1,-1,-1,10147,33.5603
10813,8481,root_increment,1,-1,-1,8481,33.5587
10814,5379,root_increment,1,-1,-1,5379,33.5572
10815,8393,root_increment,1,-1,-1,8393,33.5552
10816,2836,root_increment,1,-1,-1,2836,33.5544
10817,2841,root_increment,1,-1,-1,2841,33.5544
10818,2849,root_increment,1,-1,-1,2849,33.5544
10819,2857,root_increment,1,-1,-1,2857,33.5544
10820,2862,root_increment,1,-1,-1,2862,33.5544
10821,2870,root_increment,1,-1,-1,2870,33.5544
10822,11827,root_increment,1,-1,-1,11827,33.5535
10823,7658,root_increment,1,-1,-1,7658,33.548
10824,6817,root_increment,1,-1,-1,6817,33.5469
10825,5973,root_increment,1,-1,-1,5973,33.5439
10826,18537,root_increment,1,-1,-1,18537,33.5391
10827,3465,root_increment,1,-1,-1,3465,33.5382
10828,1565,root_increment,1,-1,-1,1565,33.5334
10829,3997,root_increment,1,-1,-1,3997,33.5326
10830,7415,root_increment,1,-1,-1,7415,33.5278
10831,13623,root_increment,1,-1,-1,13623,33.5273
10832,10266,root_increment,1,-1,-1,10266,33.5186
10833,13729,root_increment,1,-1,-1,13729,33.5184
10834,13920,root_increment,1,-1,-1,13920,33.517
10835,19436,root_increment,1,-1,-1,19436,33.5138
10836,4211,root_increment,1,-1,-1,4211,33.5081
10837,4958,root_increment,1,-1,-1,4958,33.5038
10838,18300,root_increment,1,-1,-1,18300,33.5
10839,11399,root_increment,1,-1,-1,11399,33.4973
10840,19147,root_increment,1,-1,-1,19147,33.4968
10841,7366,root_increment,1,-1,-1,7366,33.4928
10842,9974,root_increment,1,-1,-1,9974,33.487
10843,15434,root_increment,1,-1,-1,15434,33.4819
10844,19127,root_increment,1,-1,-1,19127,33.4727
10845,16652,root_increment,1,-1,-1,16652,33.4725
10846,8585,root_increment,1,-1,-1,8585,33.471
10847,7686,root_increment,1,-1,-1,7686,33.4686
10848,12770,root_increment,1,-1,-1,12770,33.4654
10849,11859,root_increment,1,-1,-1,11859,33.4531
10850,12207,root_increment,1,-1,-1,12207,33.4486
10851,13575,root_increment,1,-1,-1,13575,33.4433
10852,3755,root_increment,1,-1,-1,3755,33.4408
10853,3768,root_increment,1,-1,-1,3768,33.4408
10854,13231,root_increment,1,-1,-1,13231,33.4398
10855,12043,root_increment,1,-1,-1,12043,33.4379
10856,17135,root_increment,1,-1,-1,17135,33.4349
10857,13121,root_increment,1,-1,-1,13121,33.4319
10858,12484,root_increment,1,-1,-1,12484,33.4313
10859,17099,root_increment,1,-1,-1,17099,33.4254
10860,5354,root_increment,1,-1,-1,5354,33.4249
10861,8177,root_increment,1,-1,-1,8177,33.4207
10862,14802,root_increment,1,-1,-1,14802,33.4205
10863,13645,root_increment,1,-1,-1,13645,33.4184
10864,5822,root_increment,1,-1,-1,5822,33.4165
10865,3615,root_increment,1,-1,-1,3615,33.4148
10866,17838,root_increment,1,-1,-1,17838,33.4137
10867,10973,root_increment,1,-1,-1,10973,33.411
10868,15122,root_increment,1,-1,-1,15122,33.4093
10869,11798,root_increment,1,-1,-1,11798,33.4087
10870,1492,root_increment,1,-1,-1,1492,33.4023
10871,9237,root_increment,1,-1,-1,9237,33.4021
10872,8862,root_increment,1,-1,-1,8862,33.3968
10873,3558,root_increment,1,-1,-1,3558,33.3947
10874,3566,root_increment,1,-1,-1,3566,33.3947
10875,3574,root_increment,1,-1,-1,3574,33.3947
10876,3579,root_increment,1,-1,-1,3579,33.3947
10877,3587,root_increment,1,-1,-1,3587,33.3947
10878,3592,root_increment,1,-1,-1,3592,33.3947
10879,3595,root_increment,1,-1,-1,3595,33.3947
10880,14250,root_increment,1,-1,-1,14250,33.3945
10881,10132,root_increment,1,-1,-1,10132,33.3887
10882,17876,root_increment,1,-1,-1,17876,33.3866
10883,10223,root_increment,1,-1,-1,10223,33.3824
10884,18890,root_increment,1,-1,-1,18890,33.3797
10885,5171,root_increment,1,-1,-1,5171,33.3783
10886,12767,root_increment,1,-1,-1,12767,33.3782
10887,16297,root_increment,1,-1,-1,16297,33.3743
10888,12901,root_increment,1,-1,-1,12901,33.3735
10889,8191,root_increment,1,-1,-1,8191,33.3726
10890,4251,root_increment,1,-1,-1,4251,33.367
10891,4402,root_increment,1,-1,-1,4402,33.3645
10892,7965,root_increment,1,-1,-1,7965,33.3584
10893,11318,root_increment,1,-1,-1,11318,33.356
10894,14256,root_increment,1,-1,-1,14256,33.3547
10895,8778,root_increment,1,-1,-1,8778,33.3534
10896,7323,root_increment,1,-1,-1,7323,33.351
10897,2219,root_increment,1,-1,-1,2219,33.3501
10898,3349,root_increment,1,-1,-1,3349,33.3479
10899,3370,root_increment,1,-1,-1,3370,33.3479
10900,12705,root_increment,1,-1,-1,12705,33.3455
10901,18683,root_increment,1,-1,-1,18683,33.3426
10902,18202,root_increment,1,-1,-1,18202,33.3423
10903,7549,root_increment,1,-1,-1,7549,33.3395
10904,9558,root_increment,1,-1,-1,9558,33.3387
10905,11283,root_increment,1,-1,-1,11283,33.3363
10906,4799,root_increment,1,-1,-1,4799,33.3319
10907,14748,root_increment,1,-1,-1,14748,33.3309
10908,12269,root_increment,1,-1,-1,12269,33.3263
10909,4225,root_increment,1,-1,-1,4225,33.3237
10910,16060,root_increment,1,-1,-1,16060,33.3213
10911,12247,root_increment,1,-1,-1,12247,33.3111
10912,14713,root_increment,1,-1,-1,14713,33.3072
10913,8714,root_increment,1,-1,-1,8714,33.3062
10914,9076,root_increment,1,-1,-1,9076,33.3007
10915,14900,root_increment,1,-1,-1,14900,33.2984
10916,14162,root_increment,1,-1,-1,14162,33.2965
10917,13104,root_increment,1,-1,-1,13104,33.2921
10918,4540,root_increment,1,-1,-1,4540,33.291
10919,6153,root_increment,1,-1,-1,6153,33.2902
10920,19645,root_increment,1,-1,-1,19645,33.288
10921,5971,root_increment,1,-1,-1,5971,33.2864
10922,8492,root_increment,1,-1,-1,8492,33.2862
10923,8095,root_increment,1,-1,-1,8095,33.2861
10924,10088,root_increment,1,-1,-1,10088,33.2839
10925,5192,root_increment,1,-1,-1,5192,33.2834
10926,5194,root_increment,1,-1,-1,5194,33.2834
10927,5197,root_increment,1,-1,-1,5197,33.2834
10928,5200,root_increment,1,-1,-1,5200,33.2834
10929,5202,root_increment,1,-1,-1,5202,33.2834
10930,5205,root_increment,1,-1,-1,5205,33.2834
10931,5210,root_increment,1,-1,-1,5210,33.2834
10932,5213,root_increment,1,-1,-1,5213,33.2834
10933,5215,root_increment,1,-1,-1,5215,33.2834
10934,5218,root_increment,1,-1,-1,5218,33.2834
10935,14202,root_increment,1,-1,-1,14202,33.2791
10936,1544,root_increment,1,-1,-1,1544,33.2791
10937,8366,root_increment,1,-1,-1,8366,33.2786
10938,5238,root_increment,1,-1,-1,5238,33.2776
10939,18851,root_increment,1,-1,-1,18851,33.2769
10940,13040,root_increment,1,-1,-1,13040,33.2743
10941,10477,root_increment,1,-1,-1,10477,33.2742
10942,19977,root_increment,1,-1,-1,19977,33.2732
10943,12546,root_increment,1,-1,-1,12546,33.2724
10944,10917,root_increment,1,-1,-1,10917,33.2721
10945,4259,root_increment,1,-1,-1,4259,33.2677
10946,9463,root_increment,1,-1,-1,9463,33.2668
10947,9648,root_increment,1,-1,-1,9648,33.2665
10948,14630,root_increment,1,-1,-1,14630,33.2625
10949,9570,root_increment,1,-1,-1,9570,33.2581
10950,2707,root_increment,1,-1,-1,2707,33.258
10951,7623,root_increment,1,-1,-1,7623,33.2579
10952,12875,root_increment,1,-1,-1,12875,33.2573
10953,7695,root_increment,1,-1,-1,7695,33.2559
10954,5740,root_increment,1,-1,-1,5740,33.254
10955,6115,root_increment,1,-1,-1,6115,33.253
10956,15848,root_increment,1,-1,-1,15848,33.2497
10957,1455,root_increment,1,-1,-1,1455,33.2481
10958,4302,root_increment,1,-1,-1,4302,33.2447
10959,290,root_increment,1,-1,-1,290,33.2441
10960,7708,root_increment,1,-1,-1,7708,33.2435
10961,6076,root_increment,1,-1,-1,6076,33.2424
10962,8441,root_increment,1,-1,-1,8441,33.2416
10963,12213,root_increment,1,-1,-1,12213,33.2415
10964,5207,root_increment,1,-1,-1,5207,33.2342
10965,12389,root_increment,1,-1,-1,12389,33.2334
10966,5039,root_increment,1,-1,-1,5039,33.2331
10967,16895,root_increment,1,-1,-1,16895,33.2308
10968,14798,root_increment,1,-1,-1,14798,33.23
10969,8596,root_increment,1,-1,-1,8596,33.2295
10970,19149,root_increment,1,-1,-1,19149,33.2284
10971,11200,root_increment,1,-1,-1,11200,33.2264
10972,19588,root_increment,1,-1,-1,19588,33.2243
10973,8524,root_increment,1,-1,-1,8524,33.2213
10974,13832,root_increment,1,-1,-1,13832,33.2199
10975,18034,root_increment,1,-1,-1,18034,33.217
10976,7698,root_increment,1,-1,-1,7698,33.2158
10977,9755,root_increment,1,-1,-1,9755,33.2147
10978,4055,root_increment,1,-1,-1,4055,33.2116
10979,9871,root_increment,1,-1,-1,9871,33.2099
10980,9876,root_increment,1,-1,-1,9876,33.2099
10981,9884,root_increment,1,-1,-1,9884,33.2099
10982,3350,root_increment,1,-1,-1,3350,33.1968
10983,8152,root_increment,1,-1,-1,8152,33.1955
10984,11499,root_increment,1,-1,-1,11499,33.1944
10985,19249,root_increment,1,-1,-1,19249,33.1914
10986,5499,root_increment,1,-1,-1,5499,33.1845
10987,2087,root_increment,1,-1,-1,2087,33.1823
10988,2108,root_increment,1,-1,-1,2108,33.1823
10989,8599,root_increment,1,-1,-1,8599,33.1811
10990,15235,root_increment,1,-1,-1,15235,33.1759
10991,4261,root_increment,1,-1,-1,4261,33.1686
10992,16690,root_increment,1,-1,-1,16690,33.1667
10993,15753,root_increment,1,-1,-1,15753,33.1651
10994,17051,root_increment,1,-1,-1,17051,33.1621
10995,19000,root_increment,1,-1,-1,19000,33.162
10996,8534,root_increment,1,-1,-1,8534,33.1597
10997,9394,root_increment,1,-1,-1,9394,33.1578
10998,17903,root_increment,1,-1,-1,17903,33.1558
10999,19753,root_increment,1,-1,-1,19753,33.1548
11000,11973,root_increment,1,-1,-1,11973,33.1547
11001,8743,root_increment,1,-1,-1,8743,33.1502
11002,15291,root_increment,1,-1,-1,15291,33.1499
11003,18169,root_increment,1,-1,-1,18169,33.1488
11004,8453,root_increment,1,-1,-1,8453,33.1452
11005,2787,root_increment,1,-1,-1,2787,33.1443
11006,19591,root_increment,1,-1,-1,19591,33.1443
11007,3032,root_increment,1,-1,-1,3032,33.1412
11008,3053,root_increment,1,-1,-1,3053,33.1412
11009,4994,root_increment,1,-1,-1,4994,33.1385
11010,14530,root_increment,1,-1,-1,14530,33.1359
11011,12813,root_increment,1,-1,-1,12813,33.1293
11012,10914,root_increment,1,-1,-1,10914,33.1269
11013,7076,root_increment,1,-1,-1,7076,33.1264
11014,6169,root_increment,1,-1,-1,6169,33.125
11015,13434,root_increment,1,-1,-1,13434,33.1235
11016,3044,root_increment,1,-1,-1,3044,33.1228
11017,10460,root_increment,1,-1,-1,10460,33.1176
11018,6028,root_increment,1,-1,-1,6028,33.1132
11019,17087,root_increment,1,-1,-1,17087,33.1113
11020,12925,root_increment,1,-1,-1,12925,33.1108
11021,14577,root_increment,1,-1,-1,14577,33.1083
11022,14773,root_increment,1,-1,-1,14773,33.0945
11023,10162,root_increment,1,-1,-1,10162,33.0945
11024,19927,root_increment,1,-1,-1,19927,33.0917
11025,17356,root_increment,1,-1,-1,17356,33.0831
11026,7203,root_increment,1,-1,-1,7203,33.0826
11027,6125,root_increment,1,-1,-1,6125,33.0814
11028,1572,root_increment,1,-1,-1,1572,33.0786
11029,10174,root_increment,1,-1,-1,10174,33.0785
11030,11960,root_increment,1,-1,-1,11960,33.0774
11031,2319,root_increment,1,-1,-1,2319,33.0766
11032,7949,root_increment,1,-1,-1,7949,33.0759
11033,12753,root_increment,1,-1,-1,12753,33.0721
11034,12439,root_increment,1,-1,-1,12439,33.0721
11035,2573,root_increment,1,-1,-1,2573,33.0708
11036,19306,root_increment,1,-1,-1,19306,33.0706
11037,7543,root_increment,1,-1,-1,7543,33.0704
11038,5401,root_increment,1,-1,-1,5401,33.0682
11039,10516,root_increment,1,-1,-1,10516,33.0638
11040,124,root_increment,1,-1,-1,124,33.063
11041,17316,root_increment,1,-1,-1,17316,33.0605
11042,5065,root_increment,1,-1,-1,5065,33.0589
11043,12135,root_increment,1,-1,-1,12135,33.0575
11044,5135,root_increment,1,-1,-1,5135,33.0562
11045,11938,root_increment,1,-1,-1,11938,33.0518
11046,10571,root_increment,1,-1,-1,10571,33.0504
11047,15237,root_increment,1,-1,-1,15237,33.0484
11048,2121,root_increment,1,-1,-1,2121,33.0457
11049,2126,root_increment,1,-1,-1,2126,33.0457
11050,2129,root_increment,1,-1,-1,2129,33.0457
11051,2134,root_increment,1,-1,-1,2134,33.0457
11052,2142,root_increment,1,-1,-1,2142,33.0457
11053,2147,root_increment,1,-1,-1,2147,33.0457
11054,2155,root_increment,1,-1,-1,2155,33.0457
11055,11061,root_increment,1,-1,-1,11061,33.0437
11056,11344,root_increment,1,-1,-1,11344,33.0435
11057,6312,root_increment,1,-1,-1,6312,33.0425
11058,14574,root_increment,1,-1,-1,14574,33.0232
11059,9664,root_increment,1,-1,-1,9664,33.0228
11060,6327,root_increment,1,-1,-1,6327,33.0184
11061,8006,root_increment,1,-1,-1,8006,33.0162
11062,11142,root_increment,1,-1,-1,11142,33.015
11063,3672,root_increment,1,-1,-1,3672,33.0113
11064,14633,root_increment,1,-1,-1,14633,33.0099
11065,17849,root_increment,1,-1,-1,17849,33.0008
11066,2109,root_increment,1,-1,-1,2109,33.0004
11067,5815,root_increment,1,-1,-1,5815,32.9996
11068,11107,root_increment,1,-1,-1,11107,32.9902
11069,9283,root_increment,1,-1,-1,9283,32.9889
11070,3647,root_increment,1,-1,-1,3647,32.987
11071,3655,root_increment,1,-1,-1,3655,32.987
11072,3668,root_increment,1,-1,-1,3668,32.987
11073,3689,root_increment,1,-1,-1,3689,32.987
11074,13251,root_increment,1,-1,-1,13251,32.984
11075,7571,root_increment,1,-1,-1,7571,32.9791
11076,4941,root_increment,1,-1,-1,4941,32.9628
11077,9281,root_increment,1,-1,-1,9281,32.9587
11078,11366,root_increment,1,-1,-1,11366,32.9571
11079,10282,root_increment,1,-1,-1,10282,32.9567
11080,3822,root_increment,1,-1,-1,3822,32.9547
11081,6432,root_increment,1,-1,-1,6432,32.9521
11082,10328,root_increment,1,-1,-1,10328,32.9512
11083,3838,root_increment,1,-1,-1,3838,32.9465
11084,8604,root_increment,1,-1,-1,8604,32.9418
11085,10056,root_increment,1,-1,-1,10056,32.9415
11086,14492,root_increment,1,-1,-1,14492,32.9396
11087,7447,root_increment,1,-1,-1,7447,32.9385
11088,11296,root_increment,1,-1,-1,11296,32.9316
11089,13521,root_increment,1,-1,-1,13521,32.9297
11090,12860,root_increment,1,-1,-1,12860,32.927
11091,819,root_increment,1,-1,-1,819,32.9246
11092,14362,root_increment,1,-1,-1,14362,32.9222
11093,10839,root_increment,1,-1,-1,10839,32.9187
11094,9276,root_increment,1,-1,-1,9276,32.9177
11095,10118,root_increment,1,-1,-1,10118,32.9176
11096,19341,root_increment,1,-1,-1,19341,32.9164
11097,7955,root_increment,1,-1,-1,7955,32.9114
11098,7714,root_increment,1,-1,-1,7714,32.9106
11099,19093,root_increment,1,-1,-1,19093,32.906
11100,14509,root_increment,1,-1,-1,14509,32.9043
11101,9391,root_increment,1,-1,-1,9391,32.9011
11102,4243,root_increment,1,-1,-1,4243,32.8995
11103,14508,root_increment,1,-1,-1,14508,32.8985
11104,8612,root_increment,1,-1,-1,8612,32.8918
11105,8872,root_increment,1,-1,-1,8872,32.8884
11106,4238,root_increment,1,-1,-1,4238,32.888
11107,16191,root_increment,1,-1,-1,16191,32.8813
11108,10592,root_increment,1,-1,-1,10592,32.8779
11109,11917,root_increment,1,-1,-1,11917,32.873
11110,3817,root_increment,1,-1,-1,3817,32.8725
11111,10964,root_increment,1,-1,-1,10964,32.8718
11112,6728,root_increment,1,-1,-1,6728,32.8693
11113,11442,root_increment,1,-1,-1,11442,32.8692
11114,11025,root_increment,1,-1,-1,11025,32.865
11115,8299,root_increment,1,-1,-1,8299,32.853
11116,8126,root_increment,1,-1,-1,8126,32.851
11117,6928,root_increment,1,-1,-1,6928,32.8497
11118,11146,root_increment,1,-1,-1,11146,32.8493
11119,735,root_increment,1,-1,-1,735,32.8474
11120,6288,root_increment,1,-1,-1,6288,32.8473
11121,13718,root_increment,1,-1,-1,13718,32.844
11122,12936,root_increment,1,-1,-1,12936,32.8437
11123,3444,root_increment,1,-1,-1,3444,32.841
11124,18682,root_increment,1,-1,-1,18682,32.8404
11125,6424,root_increment,1,-1,-1,6424,32.8385
11126,10362,root_increment,1,-1,-1,10362,32.8384
11127,2682,root_increment,1,-1,-1,2682,32.835
11128,8879,root_increment,1,-1,-1,8879,32.8333
11129,18222,root_increment,1,-1,-1,18222,32.8308
11130,18894,root_increment,1,-1,-1,18894,32.8284
11131,10276,root_increment,1,-1,-1,10276,32.8275
11132,13839,root_increment,1,-1,-1,13839,32.8272
11133,8913,root_increment,1,-1,-1,8913,32.8265
11134,2143,root_increment,1,-1,-1,2143,32.8259
11135,16217,root_increment,1,-1,-1,16217,32.8248
11136,14780,root_increment,1,-1,-1,14780,32.8215
11137,4063,root_increment,1,-1,-1,4063,32.8166
11138,18572,root_increment,1,-1,-1,18572,32.8156
11139,4307,root_increment,1,-1,-1,4307,32.8153
11140,15041,root_increment,1,-1,-1,15041,32.8152
11141,19062,root_increment,1,-1,-1,19062,32.8142
11142,3830,root_increment,1,-1,-1,3830,32.8139
11143,6490,root_increment,1,-1,-1,6490,32.8102
11144,19842,root_increment,1,-1,-1,19842,32.8098
11145,4329,root_increment,1,-1,-1,4329,32.8062
11146,9697,root_increment,1,-1,-1,9697,32.8042
11147,8663,root_increment,1,-1,-1,8663,32.8042
11148,7074,root_increment,1,-1,-1,7074,32.8033
11149,10507,root_increment,1,-1,-1,10507,32.8018
11150,19490,root_increment,1,-1,-1,19490,32.7947
11151,5248,root_increment,1,-1,-1,5248,32.7927
11152,16959,root_increment,1,-1,-1,16959,32.7925
11153,10115,root_increment,1,-1,-1,10115,32.7798
11154,11074,root_increment,1,-1,-1,11074,32.7796
11155,6738,root_increment,1,-1,-1,6738,32.7742
11156,16114,root_increment,1,-1,-1,16114,32.7735
11157,18746,root_increment,1,-1,-1,18746,32.7626
11158,17584,root_increment,1,-1,-1,17584,32.7624
11159,9594,root_increment,1,-1,-1,9594,32.7609
11160,7282,root_increment,1,-1,-1,7282,32.7593
11161,12725,root_increment,1,-1,-1,12725,32.7561
11162,510,root_increment,1,-1,-1,510,32.7509
11163,2408,root_increment,1,-1,-1,2408,32.7504
11164,16109,root_increment,1,-1,-1,16109,32.7467
11165,8304,root_increment,1,-1,-1,8304,32.7422
11166,9071,root_increment,1,-1,-1,9071,32.7363
11167,10834,root_increment,1,-1,-1,10834,32.7314
11168,14060,root_increment,1,-1,-1,14060,32.7286
11169,13265,root_increment,1,-1,-1,13265,32.7284
11170,10965,root_increment,1,-1,-1,10965,32.7274
11171,11817,root_increment,1,-1,-1,11817,32.7271
11172,18323,root_increment,1,-1,-1,18323,32.726
11173,8903,root_increment,1,-1,-1,8903,32.7257
11174,337,root_increment,1,-1,-1,337,32.7231
11175,10341,root_increment,1,-1,-1,10341,32.7212
11176,7759,root_increment,1,-1,-1,7759,32.7168
11177,10285,root_increment,1,-1,-1,10285,32.7156
11178,8627,root_increment,1,-1,-1,8627,32.7154
11179,6151,root_increment,1,-1,-1,6151,32.7128
11180,10758,root_increment,1,-1,-1,10758,32.7109
11181,10734,root_increment,1,-1,-1,10734,32.71
11182,10732,root_increment,1,-1,-1,10732,32.7084
11183,13585,root_increment,1,-1,-1,13585,32.7081
11184,8863,root_increment,1,-1,-1,8863,32.7078
11185,11602,root_increment,1,-1,-1,11602,32.7076
11186,12281,root_increment,1,-1,-1,12281,32.7034
11187,9584,root_increment,1,-1,-1,9584,32.7022
11188,17801,root_increment,1,-1,-1,17801,32.7018
11189,5277,root_increment,1,-1,-1,5277,32.7014
11190,7066,root_increment,1,-1,-1,7066,32.6963
11191,5416,root_increment,1,-1,-1,5416,32.696
11192,7908,root_increment,1,-1,-1,7908,32.6886
11193,8850,root_increment,1,-1,-1,8850,32.6788
11194,7736,root_increment,1,-1,-1,7736,32.6716
11195,6566,root_increment,1,-1,-1,6566,32.6662
11196,9303,root_increment,1,-1,-1,9303,32.6653
11197,10999,root_increment,1,-1,-1,10999,32.6637
11198,17052,root_increment,1,-1,-1,17052,32.6632
11199,2668,root_increment,1,-1,-1,2668,32.6626
11200,12155,root_increment,1,-1,-1,12155,32.6616
11201,6117,root_increment,1,-1,-1,6117,32.6609
11202,12315,root_increment,1,-1,-1,12315,32.6596
11203,6333,root_increment,1,-1,-1,6333,32.6565
11204,9319,root_increment,1,-1,-1,9319,32.6563
11205,7058,root_increment,1,-1,-1,7058,32.6563
11206,11175,root_increment,1,-1,-1,11175,32.6532
11207,6164,root_increment,1,-1,-1,6164,32.6528
11208,13084,root_increment,1,-1,-1,13084,32.6492
11209,19505,root_increment,1,-1,-1,19505,32.6467
11210,8444,root_increment,1,-1,-1,8444,32.6434
11211,12723,root_increment,1,-1,-1,12723,32.6393
11212,2256,root_increment,1,-1,-1,2256,32.6383
11213,13245,root_increment,1,-1,-1,13245,32.6345
11214,10681,root_increment,1,-1,-1,10681,32.6305
11215,5332,root_increment,1,-1,-1,5332,32.6279
11216,16631,root_increment,1,-1,-1,16631,32.6239
11217,14700,root_increment,1,-1,-1,14700,32.6232
11218,15460,root_increment,1,-1,-1,15460,32.6224
11219,7668,root_increment,1,-1,-1,7668,32.6213
11220,4294,root_increment,1,-1,-1,4294,32.6188
11221,8798,root_increment,1,-1,-1,8798,32.6181
11222,5144,root_increment,1,-1,-1,5144,32.617
11223,15909,root_increment,1,-1,-1,15909,32.6168
11224,17756,root_increment,1,-1,-1,17756,32.6158
11225,1812,root_increment,1,-1,-1,1812,32.6157
11226,1825,root_increment,1,-1,-1,1825,32.6157
11227,1833,root_increment,1,-1,-1,1833,32.6157
11228,6843,root_increment,1,-1,-1,6843,32.6146
11229,8784,root_increment,1,-1,-1,8784,32.6118
11230,4002,root_increment,1,-1,-1,4002,32.6075
11231,5981,root_increment,1,-1,-1,5981,32.6055
11232,13806,root_increment,1,-1,-1,13806,32.6054
11233,13077,root_increment,1,-1,-1,13077,32.6052
11234,11806,root_increment,1,-1,-1,11806,32.5998
11235,16369,root_increment,1,-1,-1,16369,32.5984
11236,5720,root_increment,1,-1,-1,5720,32.5931
11237,8087,root_increment,1,-1,-1,8087,32.5922
11238,3984,root_increment,1,-1,-1,3984,32.5888
11239,15457,root_increment,1,-1,-1,15457,32.5876
11240,15635,root_increment,1,-1,-1,15635,32.5786
11241,7918,root_increment,1,-1,-1,7918,32.5757
11242,9355,root_increment,1,-1,-1,9355,32.575
11243,13882,root_increment,1,-1,-1,13882,32.5734
11244,8334,root_increment,1,-1,-1,8334,32.5709
11245,14467,root_increment,1,-1,-1,14467,32.569
11246,3295,root_increment,1,-1,-1,3295,32.568
11247,16586,root_increment,1,-1,-1,16586,32.5668
11248,7053,root_increment,1,-1,-1,7053,32.5665
11249,17489,root_increment,1,-1,-1,17489,32.5602
11250,18756,root_increment,1,-1,-1,18756,32.5594
11251,7390,root_increment,1,-1,-1,7390,32.5576
11252,18211,root_increment,1,-1,-1,18211,32.5547
11253,10835,root_increment,1,-1,-1,10835,32.553
11254,14756,root_increment,1,-1,-1,14756,32.5518
11255,12075,root_increment,1,-1,-1,12075,32.5498
11256,4997,root_increment,1,-1,-1,4997,32.5432
11257,8296,root_increment,1,-1,-1,8296,32.537
11258,2826,root_increment,1,-1,-1,2826,32.5363
11259,656,root_increment,1,-1,-1,656,32.5305
11260,8058,root_increment,1,-1,-1,8058,32.5286
11261,17398,root_increment,1,-1,-1,17398,32.5278
11262,7817,root_increment,1,-1,-1,7817,32.5254
11263,2044,root_increment,1,-1,-1,2044,32.5253
11264,11502,root_increment,1,-1,-1,11502,32.5231
11265,14635,root_increment,1,-1,-1,14635,32.5136
11266,8301,root_increment,1,-1,-1,8301,32.5116
11267,11655,root_increment,1,-1,-1,11655,32.5043
11268,9717,root_increment,1,-1,-1,9717,32.5042
11269,12933,root_increment,1,-1,-1,12933,32.5035
11270,10599,root_increment,1,-1,-1,10599,32.4956
11271,11374,root_increment,1,-1,-1,11374,32.4951
11272,8489,root_increment,1,-1,-1,8489,32.4936
11273,10319,root_increment,1,-1,-1,10319,32.4928
11274,11599,root_increment,1,-1,-1,11599,32.4909
11275,19457,root_increment,1,-1,-1,19457,32.4901
11276,1743,root_increment,1,-1,-1,1743,32.4899
11277,15207,root_increment,1,-1,-1,15207,32.4896
11278,12492,root_increment,1,-1,-1,12492,32.4893
11279,14650,root_increment,1,-1,-1,14650,32.4879
11280,11770,root_increment,1,-1,-1,11770,32.4848
11281,9005,root_increment,1,-1,-1,9005,32.4838
11282,7703,root_increment,1,-1,-1,7703,32.4821
11283,6674,root_increment,1,-1,-1,6674,32.4702
11284,10606,root_increment,1,-1,-1,10606,32.4698
11285,10836,root_increment,1,-1,-1,10836,32.4637
11286,13083,root_increment,1,-1,-1,13083,32.4603
11287,16782,root_increment,1,-1,-1,16782,32.4551
11288,12539,root_increment,1,-1,-1,12539,32.4519
11289,14370,root_increment,1,-1,-1,14370,32.4515
11290,7079,root_increment,1,-1,-1,7079,32.4476
11291,6050,root_increment,1,-1,-1,6050,32.4461
11292,10729,root_increment,1,-1,-1,10729,32.4441
11293,15320,root_increment,1,-1,-1,15320,32.4395
11294,8920,root_increment,1,-1,-1,8920,32.4315
11295,10503,root_increment,1,-1,-1,10503,32.4288
11296,13144,root_increment,1,-1,-1,13144,32.4241
11297,16021,root_increment,1,-1,-1,16021,32.4212
11298,12226,root_increment,1,-1,-1,12226,32.4211
11299,3075,root_increment,1,-1,-1,3075,32.4171
11300,4534,root_increment,1,-1,-1,4534,32.4158
11301,4537,root_increment,1,-1,-1,4537,32.4158
11302,4542,root_increment,1,-1,-1,4542,32.4158
11303,4550,root_increment,1,-1,-1,4550,32.4158
11304,4555,root_increment,1,-1,-1,4555,32.4158
11305,12807,root_increment,1,-1,-1,12807,32.4062
11306,2388,root_increment,1,-1,-1,2388,32.4052
11307,2401,root_increment,1,-1,-1,2401,32.4052
11308,2422,root_increment,1,-1,-1,2422,32.4052
11309,6685,root_increment,1,-1,-1,6685,32.4027
11310,7579,root_increment,1,-1,-1,7579,32.4003
11311,12240,root_increment,1,-1,-1,12240,32.3979
11312,12582,root_increment,1,-1,-1,12582,32.3951
11313,17717,root_increment,1,-1,-1,17717,32.3942
11314,13313,root_increment,1,-1,-1,13313,32.3915
11315,7944,root_increment,1,-1,-1,7944,32.3898
11316,16929,root_increment,1,-1,-1,16929,32.3869
11317,10823,root_increment,1,-1,-1,10823,32.386
11318,12514,root_increment,1,-1,-1,12514,32.3751
11319,17064,root_increment,1,-1,-1,17064,32.366
11320,1915,root_increment,1,-1,-1,1915,32.3563
11321,3422,root_increment,1,-1,-1,3422,32.348
11322,3430,root_increment,1,-1,-1,3430,32.348
11323,3435,root_increment,1,-1,-1,3435,32.348
11324,3443,root_increment,1,-1,-1,3443,32.348
11325,3456,root_increment,1,-1,-1,3456,32.348
11326,3464,root_increment,1,-1,-1,3464,32.348
11327,7575,root_increment,1,-1,-1,7575,32.3386
11328,19129,root_increment,1,-1,-1,19129,32.3363
11329,8813,root_increment,1,-1,-1,8813,32.3328
11330,3876,root_increment,1,-1,-1,3876,32.3326
11331,7167,root_increment,1,-1,-1,7167,32.3248
11332,19038,root_increment,1,-1,-1,19038,32.3244
11333,17085,root_increment,1,-1,-1,17085,32.3197
11334,7138,root_increment,1,-1,-1,7138,32.317
11335,18661,root_increment,1,-1,-1,18661,32.3149
11336,1421,root_increment,1,-1,-1,1421,32.314
11337,191,root_increment,1,-1,-1,191,32.3106
11338,8805,root_increment,1,-1,-1,8805,32.3043
11339,8756,root_increment,1,-1,-1,8756,32.3026
11340,9966,root_increment,1,-1,-1,9966,32.3011
11341,8658,root_increment,1,-1,-1,8658,32.2983
11342,18666,root_increment,1,-1,-1,18666,32.2941
11343,5363,root_increment,1,-1,-1,5363,32.2936
11344,4711,root_increment,1,-1,-1,4711,32.2923
11345,9554,root_increment,1,-1,-1,9554,32.283
11346,1950,root_increment,1,-1,-1,1950,32.2828
11347,8730,root_increment,1,-1,-1,8730,32.28
11348,16629,root_increment,1,-1,-1,16629,32.2742
11349,6573,root_increment,1,-1,-1,6573,32.2721
11350,2075,root_increment,1,-1,-1,2075,32.2705
11351,7114,root_increment,1,-1,-1,7114,32.2611
11352,14298,root_increment,1,-1,-1,14298,32.2591
11353,11029,root_increment,1,-1,-1,11029,32.2591
11354,11434,root_increment,1,-1,-1,11434,32.2584
11355,3259,root_increment,1,-1,-1,3259,32.2567
11356,14479,root_increment,1,-1,-1,14479,32.2556
11357,11765,root_increment,1,-1,-1,11765,32.2496
11358,978,root_increment,1,-1,-1,978,32.2462
11359,2753,root_increment,1,-1,-1,2753,32.2444
11360,13893,root_increment,1,-1,-1,13893,32.2436
11361,17122,root_increment,1,-1,-1,17122,32.2429
11362,15238,root_increment,1,-1,-1,15238,32.2367
11363,8383,root_increment,1,-1,-1,8383,32.2345
11364,8397,root_increment,1,-1,-1,8397,32.2312
11365,8729,root_increment,1,-1,-1,8729,32.2303
11366,9330,root_increment,1,-1,-1,9330,32.2282
11367,18107,root_increment,1,-1,-1,18107,32.2277
11368,17093,root_increment,1,-1,-1,17093,32.2272
11369,3601,root_increment,1,-1,-1,3601,32.2233
11370,11206,root_increment,1,-1,-1,11206,32.2168
11371,9973,root_increment,1,-1,-1,9973,32.2166
11372,15272,root_increment,1,-1,-1,15272,32.2141
11373,9646,root_increment,1,-1,-1,9646,32.2128
11374,19963,root_increment,1,-1,-1,19963,32.2122
11375,10130,root_increment,1,-1,-1,10130,32.205
11376,8969,root_increment,1,-1,-1,8969,32.2044
11377,13112,root_increment,1,-1,-1,13112,32.2043
11378,14200,root_increment,1,-1,-1,14200,32.2019
11379,11319,root_increment,1,-1,-1,11319,32.1968
11380,8309,root_increment,1,-1,-1,8309,32.1956
11381,8753,root_increment,1,-1,-1,8753,32.1953
11382,11396,root_increment,1,-1,-1,11396,32.1952
11383,13192,root_increment,1,-1,-1,13192,32.1939
11384,9546,root_increment,1,-1,-1,9546,32.1926
11385,2195,root_increment,1,-1,-1,2195,32.1891
11386,7676,root_increment,1,-1,-1,7676,32.1876
11387,13824,root_increment,1,-1,-1,13824,32.1835
11388,1856,root_increment,1,-1,-1,1856,32.1828
11389,13666,root_increment,1,-1,-1,13666,32.1795
11390,17468,root_increment,1,-1,-1,17468,32.1795
11391,2489,root_increment,1,-1,-1,2489,32.1793
11392,11027,root_increment,1,-1,-1,11027,32.1765
11393,6807,root_increment,1,-1,-1,6807,32.1759
11394,6356,root_increment,1,-1,-1,6356,32.1759
11395,316,root_increment,1,-1,-1,316,32.1728
11396,12427,root_increment,1,-1,-1,12427,32.1635
11397,15042,root_increment,1,-1,-1,15042,32.155
11398,7998,root_increment,1,-1,-1,7998,32.1532
11399,8659,root_increment,1,-1,-1,8659,32.1524
11400,3724,root_increment,1,-1,-1,3724,32.1521
11401,7423,root_increment,1,-1,-1,7423,32.145
11402,8184,root_increment,1,-1,-1,8184,32.1348
11403,15067,root_increment,1,-1,-1,15067,32.1282
11404,18266,root_increment,1,-1,-1,18266,32.1263
11405,10039,root_increment,1,-1,-1,10039,32.1254
11406,8307,root_increment,1,-1,-1,8307,32.1238
11407,11715,root_increment,1,-1,-1,11715,32.1228
11408,5676,root_increment,1,-1,-1,5676,32.1199
11409,5684,root_increment,1,-1,-1,5684,32.1199
11410,5697,root_increment,1,-1,-1,5697,32.1199
11411,13135,root_increment,1,-1,-1,13135,32.1174
11412,17595,root_increment,1,-1,-1,17595,32.1162
11413,12452,root_increment,1,-1,-1,12452,32.1153
11414,5716,root_increment,1,-1,-1,5716,32.1152
11415,19839,root_increment,1,-1,-1,19839,32.1144
11416,426,root_increment,1,-1,-1,426,32.1073
11417,9331,root_increment,1,-1,-1,9331,32.107
11418,17080,root_increment,1,-1,-1,17080,32.1066
11419,10958,root_increment,1,-1,-1,10958,32.1053
11420,45,root_increment,1,-1,-1,45,32.1013
11421,79,root_increment,1,-1,-1,79,32.1013
11422,6149,root_increment,1,-1,-1,6149,32.0994
11423,9185,root_increment,1,-1,-1,9185,32.0961
11424,13195,root_increment,1,-1,-1,13195,32.0915
11425,9344,root_increment,1,-1,-1,9344,32.0896
11426,12895,root_increment,1,-1,-1,12895,32.0853
11427,18714,root_increment,1,-1,-1,18714,32.0848
11428,10185,root_increment,1,-1,-1,10185,32.0815
11429,8305,root_increment,1,-1,-1,8305,32.0797
11430,11394,root_increment,1,-1,-1,11394,32.0724
11431,4855,root_increment,1,-1,-1,4855,32.0712
11432,14515,root_increment,1,-1,-1,14515,32.0712
11433,9672,root_increment,1,-1,-1,9672,32.0605
11434,10443,root_increment,1,-1,-1,10443,32.0594
11435,6238,root_increment,1,-1,-1,6238,32.0549
11436,4315,root_increment,1,-1,-1,4315,32.05
11437,7671,root_increment,1,-1,-1,7671,32.043
11438,7530,root_increment,1,-1,-1,7530,32.0414
11439,10297,root_increment,1,-1,-1,10297,32.0376
11440,2059,root_increment,1,-1,-1,2059,32.029
11441,8972,root_increment,1,-1,-1,8972,32.0269
11442,10179,root_increment,1,-1,-1,10179,32.0266
11443,6364,root_increment,1,-1,-1,6364,32.026
11444,9703,root_increment,1,-1,-1,9703,32.0245
11445,14667,root_increment,1,-1,-1,14667,32.0233
11446,5439,root_increment,1,-1,-1,5439,32.0199
11447,17534,root_increment,1,-1,-1,17534,32.0172
11448,5422,root_increment,1,-1,-1,5422,32.0134
11449,1172,root_increment,1,-1,-1,1172,32.0105
11450,13870,root_increment,1,-1,-1,13870,32.0072
11451,16644,root_increment,1,-1,-1,16644,32.0028
11452,15354,root_increment,1,-1,-1,15354,32.0013
11453,6693,root_increment,1,-1,-1,6693,31.996
11454,4887,root_increment,1,-1,-1,4887,31.9936
11455,18162,root_increment,1,-1,-1,18162,31.9899
11456,6304,root_increment,1,-1,-1,6304,31.985
11457,18603,root_increment,1,-1,-1,18603,31.9783
11458,12977,root_increment,1,-1,-1,12977,31.9763
11459,15421,root_increment,1,-1,-1,15421,31.9761
11460,3162,root_increment,1,-1,-1,3162,31.976
11461,3219,root_increment,1,-1,-1,3219,31.9748
11462,3544,root_increment,1,-1,-1,3544,31.9699
11463,8024,root_increment,1,-1,-1,8024,31.9622
11464,13073,root_increment,1,-1,-1,13073,31.9496
11465,18471,root_increment,1,-1,-1,18471,31.9481
11466,16512,root_increment,1,-1,-1,16512,31.9414
11467,1762,root_increment,1,-1,-1,1762,31.9414
11468,1783,root_increment,1,-1,-1,1783,31.9414
11469,5624,root_increment,1,-1,-1,5624,31.9411
11470,6156,root_increment,1,-1,-1,6156,31.9371
11471,5450,root_increment,1,-1,-1,5450,31.9347
11472,15199,root_increment,1,-1,-1,15199,31.9338
11473,11676,root_increment,1,-1,-1,11676,31.9333
11474,12772,root_increment,1,-1,-1,12772,31.93
11475,9761,root_increment,1,-1,-1,9761,31.9246
11476,1400,root_increment,1,-1,-1,1400,31.9228
11477,15959,root_increment,1,-1,-1,15959,31.9217
11478,12137,root_increment,1,-1,-1,12137,31.9201
11479,2162,root_increment,1,-1,-1,2162,31.919
11480,4076,root_increment,1,-1,-1,4076,31.9182
11481,1724,root_increment,1,-1,-1,1724,31.9164
11482,6521,root_increment,1,-1,-1,6521,31.916
11483,5467,root_increment,1,-1,-1,5467,31.9159
11484,5472,root_increment,1,-1,-1,5472,31.9159
11485,5475,root_increment,1,-1,-1,5475,31.9159
11486,5480,root_increment,1,-1,-1,5480,31.9159
11487,5488,root_increment,1,-1,-1,5488,31.9159
11488,15769,root_increment,1,-1,-1,15769,31.9104
11489,10091,root_increment,1,-1,-1,10091,31.9052
11490,7673,root_increment,1,-1,-1,7673,31.905
11491,9160,root_increment,1,-1,-1,9160,31.8972
11492,11658,root_increment,1,-1,-1,11658,31.897
11493,17485,root_increment,1,-1,-1,17485,31.8967
11494,11099,root_increment,1,-1,-1,11099,31.896
11495,5970,root_increment,1,-1,-1,5970,31.8958
11496,5983,root_increment,1,-1,-1,5983,31.8958
11497,9601,root_increment,1,-1,-1,9601,31.8907
11498,19322,root_increment,1,-1,-1,19322,31.8906
11499,9909,root_increment,1,-1,-1,9909,31.8837
11500,13044,root_increment,1,-1,-1,13044,31.8833
11501,11190,root_increment,1,-1,-1,11190,31.8832
11502,6720,root_increment,1,-1,-1,6720,31.8827
11503,9549,root_increment,1,-1,-1,9549,31.881
11504,12616,root_increment,1,-1,-1,12616,31.8808
11505,12451,root_increment,1,-1,-1,12451,31.8806
11506,17127,root_increment,1,-1,-1,17127,31.8775
11507,7744,root_increment,1,-1,-1,7744,31.8761
11508,10552,root_increment,1,-1,-1,10552,31.874
11509,2760,root_increment,1,-1,-1,2760,31.8736
11510,2773,root_increment,1,-1,-1,2773,31.8736
11511,10327,root_increment,1,-1,-1,10327,31.8731
11512,14166,root_increment,1,-1,-1,14166,31.8699
11513,5528,root_increment,1,-1,-1,5528,31.8657
11514,78,root_increment,1,-1,-1,78,31.8635
11515,11735,root_increment,1,-1,-1,11735,31.8605
11516,8028,root_increment,1,-1,-1,8028,31.8564
11517,9402,root_increment,1,-1,-1,9402,31.8519
11518,10980,root_increment,1,-1,-1,10980,31.8488
11519,7445,root_increment,1,-1,-1,7445,31.8463
11520,2159,root_increment,1,-1,-1,2159,31.8453
11521,13117,root_increment,1,-1,-1,13117,31.8451
11522,3795,root_increment,1,-1,-1,3795,31.8428
11523,11640,root_increment,1,-1,-1,11640,31.8397
11524,3848,root_increment,1,-1,-1,3848,31.8394
11525,1140,root_increment,1,-1,-1,1140,31.8362
11526,19832,root_increment,1,-1,-1,19832,31.8355
11527,9427,root_increment,1,-1,-1,9427,31.8343
11528,5782,root_increment,1,-1,-1,5782,31.8326
11529,10951,root_increment,1,-1,-1,10951,31.8274
11530,7845,root_increment,1,-1,-1,7845,31.8259
11531,10950,root_increment,1,-1,-1,10950,31.8242
11532,9037,root_increment,1,-1,-1,9037,31.8223
11533,13782,root_increment,1,-1,-1,13782,31.8192
11534,12672,root_increment,1,-1,-1,12672,31.8168
11535,10387,root_increment,1,-1,-1,10387,31.8145
11536,5917,root_increment,1,-1,-1,5917,31.8103
11537,4604,root_increment,1,-1,-1,4604,31.8035
11538,12962,root_increment,1,-1,-1,12962,31.8026
11539,13732,root_increment,1,-1,-1,13732,31.8016
11540,9341,root_increment,1,-1,-1,9341,31.8014
11541,8716,root_increment,1,-1,-1,8716,31.8013
11542,18555,root_increment,1,-1,-1,18555,31.8003
11543,3182,root_increment,1,-1,-1,3182,31.799
11544,8745,root_increment,1,-1,-1,8745,31.7954
11545,4795,root_increment,1,-1,-1,4795,31.795
11546,11159,root_increment,1,-1,-1,11159,31.7898
11547,1363,root_increment,1,-1,-1,1363,31.7892
11548,12265,root_increment,1,-1,-1,12265,31.7843
11549,9563,root_increment,1,-1,-1,9563,31.7737
11550,14892,root_increment,1,-1,-1,14892,31.7676
11551,18447,root_increment,1,-1,-1,18447,31.7664
11552,18753,root_increment,1,-1,-1,18753,31.7632
11553,16531,root_increment,1,-1,-1,16531,31.7584
11554,13023,root_increment,1,-1,-1,13023,31.7573
11555,11790,root_increment,1,-1,-1,11790,31.7499
11556,350,root_increment,1,-1,-1,350,31.7479
11557,11216,root_increment,1,-1,-1,11216,31.7458
11558,16116,root_increment,1,-1,-1,16116,31.7434
11559,12057,root_increment,1,-1,-1,12057,31.7366
11560,12020,root_increment,1,-1,-1,12020,31.7338
11561,15847,root_increment,1,-1,-1,15847,31.7326
11562,11621,root_increment,1,-1,-1,11621,31.7318
11563,9955,root_increment,1,-1,-1,9955,31.7318
11564,4348,root_increment,1,-1,-1,4348,31.7298
11565,10635,root_increment,1,-1,-1,10635,31.7228
11566,4311,root_increment,1,-1,-1,4311,31.7203
11567,14409,root_increment,1,-1,-1,14409,31.7199
11568,15611,root_increment,1,-1,-1,15611,31.7193
11569,936,root_increment,1,-1,-1,936,31.7177
11570,7331,root_increment,1,-1,-1,7331,31.7158
11571,12030,root_increment,1,-1,-1,12030,31.7093
11572,7582,root_increment,1,-1,-1,7582,31.7067
11573,16926,root_increment,1,-1,-1,16926,31.6998
11574,10485,root_increment,1,-1,-1,10485,31.6926
11575,19145,root_increment,1,-1,-1,19145,31.6902
11576,11138,root_increment,1,-1,-1,11138,31.6884
11577,8601,root_increment,1,-1,-1,8601,31.6876
11578,16095,root_increment,1,-1,-1,16095,31.6876
11579,9169,root_increment,1,-1,-1,9169,31.6869
11580,13371,root_increment,1,-1,-1,13371,31.6857
11581,1538,root_increment,1,-1,-1,1538,31.6845
11582,15075,root_increment,1,-1,-1,15075,31.6812
11583,9338,root_increment,1,-1,-1,9338,31.6794
11584,18458,root_increment,1,-1,-1,18458,31.6738
11585,10722,root_increment,1,-1,-1,10722,31.6707
11586,19346,root_increment,1,-1,-1,19346,31.663
11587,3199,root_increment,1,-1,-1,3199,31.6619
11588,3212,root_increment,1,-1,-1,3212,31.6619
11589,3225,root_increment,1,-1,-1,3225,31.6619
11590,3233,root_increment,1,-1,-1,3233,31.6619
11591,9912,root_increment,1,-1,-1,9912,31.6615
11592,3939,root_increment,1,-1,-1,3939,31.6594
11593,11690,root_increment,1,-1,-1,11690,31.6582
11594,2313,root_increment,1,-1,-1,2313,31.657
11595,18123,root_increment,1,-1,-1,18123,31.6564
11596,4801,root_increment,1,-1,-1,4801,31.6515
11597,13360,root_increment,1,-1,-1,13360,31.6501
11598,11317,root_increment,1,-1,-1,11317,31.6452
11599,11912,root_increment,1,-1,-1,11912,31.6437
11600,11867,root_increment,1,-1,-1,11867,31.6399
11601,16054,root_increment,1,-1,-1,16054,31.6392
11602,2402,root_increment,1,-1,-1,2402,31.6367
11603,14158,root_increment,1,-1,-1,14158,31.6367
11604,18043,root_increment,1,-1,-1,18043,31.6354
11605,12182,root_increment,1,-1,-1,12182,31.6324
11606,6850,root_increment,1,-1,-1,6850,31.6322
11607,18444,root_increment,1,-1,-1,18444,31.6246
11608,1870,root_increment,1,-1,-1,1870,31.6139
11609,10753,root_increment,1,-1,-1,10753,31.6074
11610,9118,root_increment,1,-1,-1,9118,31.6073
11611,13417,root_increment,1,-1,-1,13417,31.6056
11612,15439,root_increment,1,-1,-1,15439,31.6051
11613,10688,root_increment,1,-1,-1,10688,31.6044
11614,11490,root_increment,1,-1,-1,11490,31.6003
11615,7113,root_increment,1,-1,-1,7113,31.5978
11616,14904,root_increment,1,-1,-1,14904,31.5974
11617,185,root_increment,1,-1,-1,185,31.5961
11618,16942,root_increment,1,-1,-1,16942,31.5793
11619,2499,root_increment,1,-1,-1,2499,31.5743
11620,6453,root_increment,1,-1,-1,6453,31.5693
11621,10303,root_increment,1,-1,-1,10303,31.555
11622,13374,root_increment,1,-1,-1,13374,31.5433
11623,18306,root_increment,1,-1,-1,18306,31.5404
11624,11193,root_increment,1,-1,-1,11193,31.538
11625,10893,root_increment,1,-1,-1,10893,31.5366
11626,19079,root_increment,1,-1,-1,19079,31.5362
11627,15593,root_increment,1,-1,-1,15593,31.5289
11628,6094,root_increment,1,-1,-1,6094,31.5256
11629,9921,root_increment,1,-1,-1,9921,31.5249
11630,8510,root_increment,1,-1,-1,8510,31.5248
11631,19450,root_increment,1,-1,-1,19450,31.5201
11632,17196,root_increment,1,-1,-1,17196,31.5186
11633,748,root_increment,1,-1,-1,748,31.5178
11634,6369,root_increment,1,-1,-1,6369,31.5162
11635,9818,root_increment,1,-1,-1,9818,31.5158
11636,12289,root_increment,1,-1,-1,12289,31.5147
11637,8533,root_increment,1,-1,-1,8533,31.5141
11638,7728,root_increment,1,-1,-1,7728,31.5077
11639,19508,root_increment,1,-1,-1,19508,31.5048
11640,9206,root_increment,1,-1,-1,9206,31.5043
11641,13060,root_increment,1,-1,-1,13060,31.5017
11642,6177,root_increment,1,-1,-1,6177,31.498
11643,16068,root_increment,1,-1,-1,16068,31.4929
11644,12841,root_increment,1,-1,-1,12841,31.4928
11645,11158,root_increment,1,-1,-1,11158,31.4893
11646,12488,root_increment,1,-1,-1,12488,31.4823
11647,11470,root_increment,1,-1,-1,11470,31.4797
11648,18332,root_increment,1,-1,-1,18332,31.4766
11649,90,root_increment,1,-1,-1,90,31.4702
11650,19715,root_increment,1,-1,-1,19715,31.4676
11651,17088,root_increment,1,-1,-1,17088,31.4667
11652,1553,root_increment,1,-1,-1,1553,31.4613
11653,1093,root_increment,1,-1,-1,1093,31.4584
11654,16958,root_increment,1,-1,-1,16958,31.4583
11655,18032,root_increment,1,-1,-1,18032,31.4374
11656,6348,root_increment,1,-1,-1,6348,31.4372
11657,4379,root_increment,1,-1,-1,4379,31.4345
11658,3507,root_increment,1,-1,-1,3507,31.4337
11659,12074,root_increment,1,-1,-1,12074,31.4297
11660,10789,root_increment,1,-1,-1,10789,31.4269
11661,12751,root_increment,1,-1,-1,12751,31.4195
11662,3473,root_increment,1,-1,-1,3473,31.4187
11663,7973,root_increment,1,-1,-1,7973,31.4187
11664,11358,root_increment,1,-1,-1,11358,31.4178
11665,8721,root_increment,1,-1,-1,8721,31.4154
11666,8565,root_increment,1,-1,-1,8565,31.4095
11667,14611,root_increment,1,-1,-1,14611,31.4086
11668,5594,root_increment,1,-1,-1,5594,31.4069
11669,8210,root_increment,1,-1,-1,8210,31.4069
11670,601,root_increment,1,-1,-1,601,31.4063
11671,1813,root_increment,1,-1,-1,1813,31.4019
11672,10217,root_increment,1,-1,-1,10217,31.4012
11673,14616,root_increment,1,-1,-1,14616,31.3954
11674,10333,root_increment,1,-1,-1,10333,31.3952
11675,7356,root_increment,1,-1,-1,7356,31.3905
11676,17407,root_increment,1,-1,-1,17407,31.3904
11677,7111,root_increment,1,-1,-1,7111,31.3896
11678,11122,root_increment,1,-1,-1,11122,31.3856
11679,18910,root_increment,1,-1,-1,18910,31.3816
11680,11320,root_increment,1,-1,-1,11320,31.3807
11681,7928,root_increment,1,-1,-1,7928,31.3791
11682,9589,root_increment,1,-1,-1,9589,31.3775
11683,10311,root_increment,1,-1,-1,10311,31.376
11684,6945,root_increment,1,-1,-1,6945,31.3755
11685,9665,root_increment,1,-1,-1,9665,31.3744
11686,7239,root_increment,1,-1,-1,7239,31.3731
11687,14565,root_increment,1,-1,-1,14565,31.3646
11688,18692,root_increment,1,-1,-1,18692,31.3645
11689,3469,root_increment,1,-1,-1,3469,31.3638
11690,3474,root_increment,1,-1,-1,3474,31.3638
11691,3477,root_increment,1,-1,-1,3477,31.3638
11692,3482,root_increment,1,-1,-1,3482,31.3638
11693,3490,root_increment,1,-1,-1,3490,31.3638
11694,3495,root_increment,1,-1,-1,3495,31.3638
11695,3498,root_increment,1,-1,-1,3498,31.3638
11696,3503,root_increment,1,-1,-1,3503,31.3638
11697,3508,root_increment,1,-1,-1,3508,31.3638
11698,12311,root_increment,1,-1,-1,12311,31.3622
11699,12259,root_increment,1,-1,-1,12259,31.3592
11700,14376,root_increment,1,-1,-1,14376,31.3575
11701,10653,root_increment,1,-1,-1,10653,31.3575
11702,17153,root_increment,1,-1,-1,17153,31.3562
11703,11455,root_increment,1,-1,-1,11455,31.3544
11704,4903,root_increment,1,-1,-1,4903,31.3526
11705,15515,root_increment,1,-1,-1,15515,31.3523
11706,14013,root_increment,1,-1,-1,14013,31.3521
11707,16043,root_increment,1,-1,-1,16043,31.3475
11708,14226,root_increment,1,-1,-1,14226,31.3472
11709,13163,root_increment,1,-1,-1,13163,31.3455
11710,12695,root_increment,1,-1,-1,12695,31.3446
11711,4068,root_increment,1,-1,-1,4068,31.3438
11712,9247,root_increment,1,-1,-1,9247,31.3338
11713,9275,root_increment,1,-1,-1,9275,31.3302
11714,10138,root_increment,1,-1,-1,10138,31.3295
11715,2669,root_increment,1,-1,-1,2669,31.3251
11716,9582,root_increment,1,-1,-1,9582,31.3244
11717,6565,root_increment,1,-1,-1,6565,31.3232
11718,8699,root_increment,1,-1,-1,8699,31.3179
11719,11311,root_increment,1,-1,-1,11311,31.3121
11720,11628,root_increment,1,-1,-1,11628,31.3119
11721,14221,root_increment,1,-1,-1,14221,31.3104
11722,9543,root_increment,1,-1,-1,9543,31.3103
11723,13422,root_increment,1,-1,-1,13422,31.31
11724,10573,root_increment,1,-1,-1,10573,31.3085
11725,11803,root_increment,1,-1,-1,11803,31.3063
11726,18759,root_increment,1,-1,-1,18759,31.3052
11727,14494,root_increment,1,-1,-1,14494,31.3013
11728,13240,root_increment,1,-1,-1,13240,31.3005
11729,16830,root_increment,1,-1,-1,16830,31.2995
11730,11270,root_increment,1,-1,-1,11270,31.2981
11731,10825,root_increment,1,-1,-1,10825,31.2963
11732,9523,root_increment,1,-1,-1,9523,31.2908
11733,14651,root_increment,1,-1,-1,14651,31.2903
11734,10316,root_increment,1,-1,-1,10316,31.2887
11735,9371,root_increment,1,-1,-1,9371,31.2877
11736,12756,root_increment,1,-1,-1,12756,31.287
11737,8630,root_increment,1,-1,-1,8630,31.2832
11738,17268,root_increment,1,-1,-1,17268,31.2825
11739,12395,root_increment,1,-1,-1,12395,31.2824
11740,9336,root_increment,1,-1,-1,9336,31.2804
11741,6185,root_increment,1,-1,-1,6185,31.2792
11742,16852,root_increment,1,-1,-1,16852,31.2738
11743,13829,root_increment,1,-1,-1,13829,31.2708
11744,2572,root_increment,1,-1,-1,2572,31.2702
11745,9587,root_increment,1,-1,-1,9587,31.2699
11746,960,root_increment,1,-1,-1,960,31.2681
11747,11723,root_increment,1,-1,-1,11723,31.2675
11748,7265,root_increment,1,-1,-1,7265,31.2654
11749,9166,root_increment,1,-1,-1,9166,31.2643
11750,14469,root_increment,1,-1,-1,14469,31.2621
11751,11927,root_increment,1,-1,-1,11927,31.2573
11752,5649,root_increment,1,-1,-1,5649,31.2563
11753,2083,root_increment,1,-1,-1,2083,31.255
11754,14718,root_increment,1,-1,-1,14718,31.2539
11755,18307,root_increment,1,-1,-1,18307,31.2536
11756,16789,root_increment,1,-1,-1,16789,31.2516
11757,12170,root_increment,1,-1,-1,12170,31.2507
11758,13498,root_increment,1,-1,-1,13498,31.2504
11759,4553,root_increment,1,-1,-1,4553,31.2473
11760,4793,root_increment,1,-1,-1,4793,31.2457
11761,6762,root_increment,1,-1,-1,6762,31.2446
11762,9991,root_increment,1,-1,-1,9991,31.2423
11763,10743,root_increment,1,-1,-1,10743,31.237
11764,1745,root_increment,1,-1,-1,1745,31.2318
11765,16204,root_increment,1,-1,-1,16204,31.2229
11766,8580,root_increment,1,-1,-1,8580,31.2226
11767,6460,root_increment,1,-1,-1,6460,31.222
11768,9904,root_increment,1,-1,-1,9904,31.2156
11769,15394,root_increment,1,-1,-1,15394,31.214
11770,5180,root_increment,1,-1,-1,5180,31.2133
11771,17594,root_increment,1,-1,-1,17594,31.2087
11772,9252,root_increment,1,-1,-1,9252,31.2046
11773,638,root_increment,1,-1,-1,638,31.2045
11774,6295,root_increment,1,-1,-1,6295,31.2038
11775,8297,root_increment,1,-1,-1,8297,31.1998
11776,9712,root_increment,1,-1,-1,9712,31.1972
11777,7211,root_increment,1,-1,-1,7211,31.197
11778,9639,root_increment,1,-1,-1,9639,31.1939
11779,18168,root_increment,1,-1,-1,18168,31.193
11780,16081,root_increment,1,-1,-1,16081,31.1898
11781,8664,root_increment,1,-1,-1,8664,31.1828
11782,9967,root_increment,1,-1,-1,9967,31.1827
11783,15561,root_increment,1,-1,-1,15561,31.1789
11784,5196,root_increment,1,-1,-1,5196,31.1781
11785,10187,root_increment,1,-1,-1,10187,31.1759
11786,5020,root_increment,1,-1,-1,5020,31.1746
11787,11201,root_increment,1,-1,-1,11201,31.171
11788,7591,root_increment,1,-1,-1,7591,31.1709
11789,7068,root_increment,1,-1,-1,7068,31.1602
11790,2290,root_increment,1,-1,-1,2290,31.1416
11791,9312,root_increment,1,-1,-1,9312,31.1398
11792,10351,root_increment,1,-1,-1,10351,31.1381
11793,5108,root_increment,1,-1,-1,5108,31.1352
11794,5121,root_increment,1,-1,-1,5121,31.1352
11795,6721,root_increment,1,-1,-1,6721,31.1347
11796,6726,root_increment,1,-1,-1,6726,31.1347
11797,6729,root_increment,1,-1,-1,6729,31.1347
11798,6734,root_increment,1,-1,-1,6734,31.1347
11799,11842,root_increment,1,-1,-1,11842,31.1318
11800,9193,root_increment,1,-1,-1,9193,31.1194
11801,17069,root_increment,1,-1,-1,17069,31.115
11802,57,root_increment,1,-1,-1,57,31.1146
11803,8593,root_increment,1,-1,-1,8593,31.1145
11804,133,root_increment,1,-1,-1,133,31.1142
11805,9821,root_increment,1,-1,-1,9821,31.1073
11806,1722,root_increment,1,-1,-1,1722,31.1054
11807,11316,root_increment,1,-1,-1,11316,31.1036
11808,17467,root_increment,1,-1,-1,17467,31.1035
11809,15652,root_increment,1,-1,-1,15652,31.0978
11810,15750,root_increment,1,-1,-1,15750,31.0951
11811,5612,root_increment,1,-1,-1,5612,31.088
11812,13857,root_increment,1,-1,-1,13857,31.083
11813,13201,root_increment,1,-1,-1,13201,31.0802
11814,7970,root_increment,1,-1,-1,7970,31.0785
11815,8536,root_increment,1,-1,-1,8536,31.0736
11816,10565,root_increment,1,-1,-1,10565,31.0715
11817,10260,root_increment,1,-1,-1,10260,31.0706
11818,10575,root_increment,1,-1,-1,10575,31.0695
11819,13748,root_increment,1,-1,-1,13748,31.0691
11820,4136,root_increment,1,-1,-1,4136,31.0661
11821,9516,root_increment,1,-1,-1,9516,31.0625
11822,10682,root_increment,1,-1,-1,10682,31.0623
11823,111,root_increment,1,-1,-1,111,31.0617
11824,12062,root_increment,1,-1,-1,12062,31.0597
11825,11777,root_increment,1,-1,-1,11777,31.0595
11826,13006,root_increment,1,-1,-1,13006,31.0558
11827,6735,root_increment,1,-1,-1,6735,31.0523
11828,18175,root_increment,1,-1,-1,18175,31.0515
11829,16949,root_increment,1,-1,-1,16949,31.051
11830,13951,root_increment,1,-1,-1,13951,31.0493
11831,3740,root_increment,1,-1,-1,3740,31.0468
11832,16810,root_increment,1,-1,-1,16810,31.0459
11833,17735,root_increment,1,-1,-1,17735,31.0454
11834,19270,root_increment,1,-1,-1,19270,31.0378
11835,8185,root_increment,1,-1,-1,8185,31.0354
11836,17393,root_increment,1,-1,-1,17393,31.0327
11837,6191,root_increment,1,-1,-1,6191,31.032
11838,10030,root_increment,1,-1,-1,10030,31.0298
11839,2210,root_increment,1,-1,-1,2210,31.0297
11840,9901,root_increment,1,-1,-1,9901,31.0273
11841,8816,root_increment,1,-1,-1,8816,31.0251
11842,11160,root_increment,1,-1,-1,11160,31.0189
11843,11173,root_increment,1,-1,-1,11173,31.0179
11844,8724,root_increment,1,-1,-1,8724,31.0152
11845,9910,root_increment,1,-1,-1,9910,31.0083
11846,2020,root_increment,1,-1,-1,2020,30.998
11847,8941,root_increment,1,-1,-1,8941,30.9972
11848,17091,root_increment,1,-1,-1,17091,30.9967
11849,7897,root_increment,1,-1,-1,7897,30.9866
11850,13070,root_increment,1,-1,-1,13070,30.9852
11851,7612,root_increment,1,-1,-1,7612,30.984
11852,13785,root_increment,1,-1,-1,13785,30.9795
11853,13312,root_increment,1,-1,-1,13312,30.9704
11854,9551,root_increment,1,-1,-1,9551,30.9691
11855,14714,root_increment,1,-1,-1,14714,30.9669
11856,11834,root_increment,1,-1,-1,11834,30.9667
11857,7015,root_increment,1,-1,-1,7015,30.9646
11858,13860,root_increment,1,-1,-1,13860,30.963
11859,14454,root_increment,1,-1,-1,14454,30.9606
11860,17870,root_increment,1,-1,-1,17870,30.9588
11861,2792,root_increment,1,-1,-1,2792,30.9532
11862,12279,root_increment,1,-1,-1,12279,30.9521
11863,2894,root_increment,1,-1,-1,2894,30.9517
11864,14343,root_increment,1,-1,-1,14343,30.9472
11865,12679,root_increment,1,-1,-1,12679,30.9468
11866,4630,root_increment,1,-1,-1,4630,30.9434
11867,6256,root_increment,1,-1,-1,6256,30.9427
11868,7969,root_increment,1,-1,-1,7969,30.9424
11869,13082,root_increment,1,-1,-1,13082,30.9392
11870,19829,root_increment,1,-1,-1,19829,30.9389
11871,17988,root_increment,1,-1,-1,17988,30.9356
11872,8302,root_increment,1,-1,-1,8302,30.9354
11873,6361,root_increment,1,-1,-1,6361,30.931
11874,19442,root_increment,1,-1,-1,19442,30.9262
11875,7791,root_increment,1,-1,-1,7791,30.9226
11876,15488,root_increment,1,-1,-1,15488,30.9163
11877,15072,root_increment,1,-1,-1,15072,30.9152
11878,19960,root_increment,1,-1,-1,19960,30.9151
11879,18363,root_increment,1,-1,-1,18363,30.9113
11880,7707,root_increment,1,-1,-1,7707,30.9112
11881,12474,root_increment,1,-1,-1,12474,30.9059
11882,2720,root_increment,1,-1,-1,2720,30.903
11883,2741,root_increment,1,-1,-1,2741,30.903
11884,11958,root_increment,1,-1,-1,11958,30.8969
11885,3106,root_increment,1,-1,-1,3106,30.8872
11886,9342,root_increment,1,-1,-1,9342,30.8831
11887,7350,root_increment,1,-1,-1,7350,30.8814
11888,10703,root_increment,1,-1,-1,10703,30.8793
11889,15404,root_increment,1,-1,-1,15404,30.8771
11890,900,root_increment,1,-1,-1,900,30.8767
11891,9935,root_increment,1,-1,-1,9935,30.875
11892,16606,root_increment,1,-1,-1,16606,30.8746
11893,10111,root_increment,1,-1,-1,10111,30.8729
11894,8857,root_increment,1,-1,-1,8857,30.8694
11895,16300,root_increment,1,-1,-1,16300,30.8659
11896,10171,root_increment,1,-1,-1,10171,30.8604
11897,8808,root_increment,1,-1,-1,8808,30.8591
11898,1583,root_increment,1,-1,-1,1583,30.8525
11899,11497,root_increment,1,-1,-1,11497,30.8519
11900,14459,root_increment,1,-1,-1,14459,30.8441
11901,2196,root_increment,1,-1,-1,2196,30.8401
11902,11143,root_increment,1,-1,-1,11143,30.831
11903,10317,root_increment,1,-1,-1,10317,30.8304
11904,7320,root_increment,1,-1,-1,7320,30.8299
11905,7333,root_increment,1,-1,-1,7333,30.8299
11906,305,root_increment,1,-1,-1,305,30.8287
11907,9413,root_increment,1,-1,-1,9413,30.8282
11908,15974,root_increment,1,-1,-1,15974,30.8234
11909,6719,root_increment,1,-1,-1,6719,30.821
11910,169,root_increment,1,-1,-1,169,30.8204
11911,12045,root_increment,1,-1,-1,12045,30.8177
11912,7787,root_increment,1,-1,-1,7787,30.8155
11913,10005,root_increment,1,-1,-1,10005,30.8131
11914,10953,root_increment,1,-1,-1,10953,30.8105
11915,9333,root_increment,1,-1,-1,9333,30.8098
11916,17306,root_increment,1,-1,-1,17306,30.8045
11917,14047,root_increment,1,-1,-1,14047,30.7981
11918,6046,root_increment,1,-1,-1,6046,30.7966
11919,13403,root_increment,1,-1,-1,13403,30.7935
11920,11634,root_increment,1,-1,-1,11634,30.7889
11921,11608,root_increment,1,-1,-1,11608,30.7887
11922,5828,root_increment,1,-1,-1,5828,30.7869
11923,15069,root_increment,1,-1,-1,15069,30.778
11924,4920,root_increment,1,-1,-1,4920,30.7775
11925,13336,root_increment,1,-1,-1,13336,30.7772
11926,10122,root_increment,1,-1,-1,10122,30.775
11927,19489,root_increment,1,-1,-1,19489,30.7562
11928,10190,root_increment,1,-1,-1,10190,30.7554
11929,7295,root_increment,1,-1,-1,7295,30.75
11930,7207,root_increment,1,-1,-1,7207,30.749
11931,8618,root_increment,1,-1,-1,8618,30.7422
11932,7767,root_increment,1,-1,-1,7767,30.7394
11933,11978,root_increment,1,-1,-1,11978,30.7356
11934,9240,root_increment,1,-1,-1,9240,30.733
11935,9902,root_increment,1,-1,-1,9902,30.7304
11936,11024,root_increment,1,-1,-1,11024,30.7304
11937,14979,root_increment,1,-1,-1,14979,30.7265
11938,7237,root_increment,1,-1,-1,7237,30.7259
11939,12975,root_increment,1,-1,-1,12975,30.7233
11940,8698,root_increment,1,-1,-1,8698,30.7216
11941,13443,root_increment,1,-1,-1,13443,30.7161
11942,4532,root_increment,1,-1,-1,4532,30.7159
11943,5984,root_increment,1,-1,-1,5984,30.7126
11944,8823,root_increment,1,-1,-1,8823,30.7115
11945,2432,root_increment,1,-1,-1,2432,30.7051
11946,2437,root_increment,1,-1,-1,2437,30.7051
11947,2440,root_increment,1,-1,-1,2440,30.7051
11948,2445,root_increment,1,-1,-1,2445,30.7051
11949,2448,root_increment,1,-1,-1,2448,30.7051
11950,2453,root_increment,1,-1,-1,2453,30.7051
11951,2458,root_increment,1,-1,-1,2458,30.7051
11952,2461,root_increment,1,-1,-1,2461,30.7051
11953,2466,root_increment,1,-1,-1,2466,30.7051
11954,2471,root_increment,1,-1,-1,2471,30.7051
11955,2474,root_increment,1,-1,-1,2474,30.7051
11956,2651,root_increment,1,-1,-1,2651,30.7006
11957,2383,root_increment,1,-1,-1,2383,30.6987
11958,18364,root_increment,1,-1,-1,18364,30.6961
11959,853,root_increment,1,-1,-1,853,30.6882
11960,8880,root_increment,1,-1,-1,8880,30.6876
11961,18327,root_increment,1,-1,-1,18327,30.6874
11962,10630,root_increment,1,-1,-1,10630,30.6844
11963,1711,root_increment,1,-1,-1,1711,30.6805
11964,11524,root_increment,1,-1,-1,11524,30.6799
11965,4457,root_increment,1,-1,-1,4457,30.675
11966,11187,root_increment,1,-1,-1,11187,30.6736
11967,2813,root_increment,1,-1,-1,2813,30.6673
11968,19121,root_increment,1,-1,-1,19121,30.6633
11969,10070,root_increment,1,-1,-1,10070,30.6596
11970,18234,root_increment,1,-1,-1,18234,30.6561
11971,13259,root_increment,1,-1,-1,13259,30.6559
11972,12388,root_increment,1,-1,-1,12388,30.6447
11973,13687,root_increment,1,-1,-1,13687,30.6429
11974,14704,root_increment,1,-1,-1,14704,30.6403
11975,5808,root_increment,1,-1,-1,5808,30.6396
11976,8055,root_increment,1,-1,-1,8055,30.6375
11977,19014,root_increment,1,-1,-1,19014,30.6364
11978,10346,root_increment,1,-1,-1,10346,30.6333
11979,6481,root_increment,1,-1,-1,6481,30.6301
11980,11603,root_increment,1,-1,-1,11603,30.63
11981,16823,root_increment,1,-1,-1,16823,30.6273
11982,15450,root_increment,1,-1,-1,15450,30.6257
11983,12094,root_increment,1,-1,-1,12094,30.6223
11984,4122,root_increment,1,-1,-1,4122,30.6215
11985,11865,root_increment,1,-1,-1,11865,30.6199
11986,9541,root_increment,1,-1,-1,9541,30.6195
11987,14272,root_increment,1,-1,-1,14272,30.6192
11988,8779,root_increment,1,-1,-1,8779,30.614
11989,15879,root_increment,1,-1,-1,15879,30.6087
11990,9320,root_increment,1,-1,-1,9320,30.6074
11991,12023,root_increment,1,-1,-1,12023,30.5987
11992,9137,root_increment,1,-1,-1,9137,30.5982
11993,8052,root_increment,1,-1,-1,8052,30.5936
11994,11091,root_increment,1,-1,-1,11091,30.5914
11995,9298,root_increment,1,-1,-1,9298,30.588
11996,13976,root_increment,1,-1,-1,13976,30.5876
11997,17257,root_increment,1,-1,-1,17257,30.5792
11998,8509,root_increment,1,-1,-1,8509,30.5699
11999,8517,root_increment,1,-1,-1,8517,30.5699
12000,17705,root_increment,1,-1,-1,17705,30.5689
12001,8182,root_increment,1,-1,-1,8182,30.5666
12002,4051,root_increment,1,-1,-1,4051,30.5634
12003,19429,root_increment,1,-1,-1,19429,30.5615
12004,11595,root_increment,1,-1,-1,11595,30.5604
12005,18375,root_increment,1,-1,-1,18375,30.5575
12006,15978,root_increment,1,-1,-1,15978,30.5559
12007,18139,root_increment,1,-1,-1,18139,30.5524
12008,13795,root_increment,1,-1,-1,13795,30.5493
12009,17035,root_increment,1,-1,-1,17035,30.547
12010,9112,root_increment,1,-1,-1,9112,30.5454
12011,7610,root_increment,1,-1,-1,7610,30.5447
12012,18548,root_increment,1,-1,-1,18548,30.5442
12013,17613,root_increment,1,-1,-1,17613,30.5427
12014,1466,root_increment,1,-1,-1,1466,30.5418
12015,12163,root_increment,1,-1,-1,12163,30.5346
12016,14198,root_increment,1,-1,-1,14198,30.5325
12017,19350,root_increment,1,-1,-1,19350,30.5308
12018,12120,root_increment,1,-1,-1,12120,30.5296
12019,12581,root_increment,1,-1,-1,12581,30.5292
12020,4561,root_increment,1,-1,-1,4561,30.5254
12021,4582,root_increment,1,-1,-1,4582,30.5254
12022,14320,root_increment,1,-1,-1,14320,30.525
12023,10672,root_increment,1,-1,-1,10672,30.5197
12024,2100,root_increment,1,-1,-1,2100,30.5176
12025,14831,root_increment,1,-1,-1,14831,30.5163
12026,12520,root_increment,1,-1,-1,12520,30.5094
12027,5395,root_increment,1,-1,-1,5395,30.5088
12028,10364,root_increment,1,-1,-1,10364,30.5083
12029,17923,root_increment,1,-1,-1,17923,30.5024
12030,4528,root_increment,1,-1,-1,4528,30.5005
12031,190,root_increment,1,-1,-1,190,30.5005
12032,16936,root_increment,1,-1,-1,16936,30.5004
12033,14006,root_increment,1,-1,-1,14006,30.4995
12034,2384,root_increment,1,-1,-1,2384,30.4967
12035,11811,root_increment,1,-1,-1,11811,30.4908
12036,4204,root_increment,1,-1,-1,4204,30.4893
12037,6703,root_increment,1,-1,-1,6703,30.4847
12038,16455,root_increment,1,-1,-1,16455,30.4759
12039,14000,root_increment,1,-1,-1,14000,30.454
12040,934,root_increment,1,-1,-1,934,30.4511
12041,12245,root_increment,1,-1,-1,12245,30.4508
12042,5751,root_increment,1,-1,-1,5751,30.4496
12043,18366,root_increment,1,-1,-1,18366,30.4468
12044,16131,root_increment,1,-1,-1,16131,30.4461
12045,9242,root_increment,1,-1,-1,9242,30.4366
12046,13405,root_increment,1,-1,-1,13405,30.4286
12047,12260,root_increment,1,-1,-1,12260,30.4258
12048,12594,root_increment,1,-1,-1,12594,30.4257
12049,17238,root_increment,1,-1,-1,17238,30.4208
12050,19412,root_increment,1,-1,-1,19412,30.4174
12051,17514,root_increment,1,-1,-1,17514,30.4016
12052,14156,root_increment,1,-1,-1,14156,30.4003
12053,8961,root_increment,1,-1,-1,8961,30.3984
12054,9036,root_increment,1,-1,-1,9036,30.398
12055,13305,root_increment,1,-1,-1,13305,30.3956
12056,3583,root_increment,1,-1,-1,3583,30.3922
12057,3494,root_increment,1,-1,-1,3494,30.3884
12058,11063,root_increment,1,-1,-1,11063,30.3831
12059,7405,root_increment,1,-1,-1,7405,30.3772
12060,4072,root_increment,1,-1,-1,4072,30.3763
12061,8754,root_increment,1,-1,-1,8754,30.3758
12062,884,root_increment,1,-1,-1,884,30.3752
12063,7512,root_increment,1,-1,-1,7512,30.3749
12064,10427,root_increment,1,-1,-1,10427,30.3693
12065,10153,root_increment,1,-1,-1,10153,30.3631
12066,12294,root_increment,1,-1,-1,12294,30.3613
12067,12633,root_increment,1,-1,-1,12633,30.3539
12068,12782,root_increment,1,-1,-1,12782,30.3503
12069,12142,root_increment,1,-1,-1,12142,30.3495
12070,12403,root_increment,1,-1,-1,12403,30.3482
12071,10313,root_increment,1,-1,-1,10313,30.3463
12072,5937,root_increment,1,-1,-1,5937,30.3453
12073,11075,root_increment,1,-1,-1,11075,30.3419
12074,12333,root_increment,1,-1,-1,12333,30.3408
12075,14428,root_increment,1,-1,-1,14428,30.3361
12076,18945,root_increment,1,-1,-1,18945,30.3357
12077,16513,root_increment,1,-1,-1,16513,30.3346
12078,10189,root_increment,1,-1,-1,10189,30.3254
12079,9620,root_increment,1,-1,-1,9620,30.3241
12080,2423,root_increment,1,-1,-1,2423,30.3139
12081,12840,root_increment,1,-1,-1,12840,30.3082
12082,3963,root_increment,1,-1,-1,3963,30.3058
12083,6700,root_increment,1,-1,-1,6700,30.305
12084,5707,root_increment,1,-1,-1,5707,30.3023
12085,7332,root_increment,1,-1,-1,7332,30.3021
12086,13632,root_increment,1,-1,-1,13632,30.2956
12087,8948,root_increment,1,-1,-1,8948,30.2816
12088,11410,root_increment,1,-1,-1,11410,30.2814
12089,4109,root_increment,1,-1,-1,4109,30.2806
12090,17136,root_increment,1,-1,-1,17136,30.28
12091,16835,root_increment,1,-1,-1,16835,30.28
12092,6426,root_increment,1,-1,-1,6426,30.2798
12093,4410,root_increment,1,-1,-1,4410,30.2796
12094,7132,root_increment,1,-1,-1,7132,30.2784
12095,9077,root_increment,1,-1,-1,9077,30.2743
12096,17070,root_increment,1,-1,-1,17070,30.2738
12097,18957,root_increment,1,-1,-1,18957,30.2704
12098,10315,root_increment,1,-1,-1,10315,30.2595
12099,6561,root_increment,1,-1,-1,6561,30.2583
12100,18711,root_increment,1,-1,-1,18711,30.2529
12101,7435,root_increment,1,-1,-1,7435,30.2508
12102,7824,root_increment,1,-1,-1,7824,30.2451
12103,3690,root_increment,1,-1,-1,3690,30.2446
12104,18818,root_increment,1,-1,-1,18818,30.2419
12105,18379,root_increment,1,-1,-1,18379,30.2415
12106,5747,root_increment,1,-1,-1,5747,30.2373
12107,11150,root_increment,1,-1,-1,11150,30.2371
12108,12741,root_increment,1,-1,-1,12741,30.2322
12109,16377,root_increment,1,-1,-1,16377,30.2316
12110,12944,root_increment,1,-1,-1,12944,30.2314
12111,15205,root_increment,1,-1,-1,15205,30.2307
12112,12806,root_increment,1,-1,-1,12806,30.2197
12113,13559,root_increment,1,-1,-1,13559,30.2166
12114,3451,root_increment,1,-1,-1,3451,30.2157
12115,2485,root_increment,1,-1,-1,2485,30.2136
12116,9999,root_increment,1,-1,-1,9999,30.2131
12117,5916,root_increment,1,-1,-1,5916,30.2127
12118,7334,root_increment,1,-1,-1,7334,30.2122
12119,17231,root_increment,1,-1,-1,17231,30.2074
12120,7232,root_increment,1,-1,-1,7232,30.2061
12121,13766,root_increment,1,-1,-1,13766,30.2002
12122,10143,root_increment,1,-1,-1,10143,30.1997
12123,2791,root_increment,1,-1,-1,2791,30.1982
12124,2812,root_increment,1,-1,-1,2812,30.1982
12125,11805,root_increment,1,-1,-1,11805,30.1978
12126,9475,root_increment,1,-1,-1,9475,30.1961
12127,17637,root_increment,1,-1,-1,17637,30.1913
12128,11861,root_increment,1,-1,-1,11861,30.1908
12129,11675,root_increment,1,-1,-1,11675,30.1861
12130,17779,root_increment,1,-1,-1,17779,30.184
12131,11802,root_increment,1,-1,-1,11802,30.1778
12132,7466,root_increment,1,-1,-1,7466,30.1759
12133,8701,root_increment,1,-1,-1,8701,30.1752
12134,12254,root_increment,1,-1,-1,12254,30.1734
12135,1693,root_increment,1,-1,-1,1693,30.1718
12136,6396,root_increment,1,-1,-1,6396,30.1679
12137,10108,root_increment,1,-1,-1,10108,30.1671
12138,12887,root_increment,1,-1,-1,12887,30.1663
12139,10312,root_increment,1,-1,-1,10312,30.1651
12140,8344,root_increment,1,-1,-1,8344,30.1606
12141,17361,root_increment,1,-1,-1,17361,30.1555
12142,3163,root_increment,1,-1,-1,3163,30.1551
12143,3184,root_increment,1,-1,-1,3184,30.1551
12144,9864,root_increment,1,-1,-1,9864,30.1531
12145,10062,root_increment,1,-1,-1,10062,30.1497
12146,11403,root_increment,1,-1,-1,11403,30.1461
12147,9014,root_increment,1,-1,-1,9014,30.145
12148,9180,root_increment,1,-1,-1,9180,30.1416
12149,523,root_increment,1,-1,-1,523,30.1415
12150,17724,root_increment,1,-1,-1,17724,30.1395
12151,19918,root_increment,1,-1,-1,19918,30.1258
12152,16091,root_increment,1,-1,-1,16091,30.124
12153,9637,root_increment,1,-1,-1,9637,30.1216
12154,6672,root_increment,1,-1,-1,6672,30.1196
12155,17511,root_increment,1,-1,-1,17511,30.1176
12156,12479,root_increment,1,-1,-1,12479,30.117
12157,14587,root_increment,1,-1,-1,14587,30.1157
12158,12286,root_increment,1,-1,-1,12286,30.1144
12159,10588,root_increment,1,-1,-1,10588,30.1143
12160,11353,root_increment,1,-1,-1,11353,30.114
12161,4717,root_increment,1,-1,-1,4717,30.1135
12162,11044,root_increment,1,-1,-1,11044,30.113
12163,18094,root_increment,1,-1,-1,18094,30.1097
12164,12302,root_increment,1,-1,-1,12302,30.1066
12165,4545,root_increment,1,-1,-1,4545,30.1008
12166,10469,root_increment,1,-1,-1,10469,30.097
12167,9813,root_increment,1,-1,-1,9813,30.0951
12168,15393,root_increment,1,-1,-1,15393,30.0946
12169,11915,root_increment,1,-1,-1,11915,30.0934
12170,11137,root_increment,1,-1,-1,11137,30.0932
12171,16871,root_increment,1,-1,-1,16871,30.0929
12172,11246,root_increment,1,-1,-1,11246,30.0899
12173,16865,root_increment,1,-1,-1,16865,30.0881
12174,10415,root_increment,1,-1,-1,10415,30.0869
12175,12825,root_increment,1,-1,-1,12825,30.0769
12176,15976,root_increment,1,-1,-1,15976,30.0757
12177,6165,root_increment,1,-1,-1,6165,30.0752
12178,8384,root_increment,1,-1,-1,8384,30.075
12179,18278,root_increment,1,-1,-1,18278,30.0682
12180,17094,root_increment,1,-1,-1,17094,30.0606
12181,8549,root_increment,1,-1,-1,8549,30.0575
12182,10142,root_increment,1,-1,-1,10142,30.0553
12183,11800,root_increment,1,-1,-1,11800,30.0541
12184,19896,root_increment,1,-1,-1,19896,30.0471
12185,6150,root_increment,1,-1,-1,6150,30.047
12186,6163,root_increment,1,-1,-1,6163,30.047
12187,6171,root_increment,1,-1,-1,6171,30.047
12188,10765,root_increment,1,-1,-1,10765,30.0423
12189,14589,root_increment,1,-1,-1,14589,30.0385
12190,19153,root_increment,1,-1,-1,19153,30.0368
12191,15637,root_increment,1,-1,-1,15637,30.0311
12192,14896,root_increment,1,-1,-1,14896,30.029
12193,8960,root_increment,1,-1,-1,8960,30.0255
12194,9555,root_increment,1,-1,-1,9555,30.0233
12195,2655,root_increment,1,-1,-1,2655,30.0232
12196,2689,root_increment,1,-1,-1,2689,30.0232
12197,5443,root_increment,1,-1,-1,5443,30.0226
12198,16242,root_increment,1,-1,-1,16242,30.0217
12199,2160,root_increment,1,-1,-1,2160,30.0195
12200,6398,root_increment,1,-1,-1,6398,30.0187
12201,1893,root_increment,1,-1,-1,1893,30.0174
12202,1906,root_increment,1,-1,-1,1906,30.0174
12203,1914,root_increment,1,-1,-1,1914,30.0174
12204,1927,root_increment,1,-1,-1,1927,30.0174
12205,11638,root_increment,1,-1,-1,11638,30.0171
12206,12743,root_increment,1,-1,-1,12743,30.0102
12207,10135,root_increment,1,-1,-1,10135,30.0091
12208,1161,root_increment,1,-1,-1,1161,30.0086
12209,13590,root_increment,1,-1,-1,13590,30.0081
12210,8893,root_increment,1,-1,-1,8893,30.008
12211,12173,root_increment,1,-1,-1,12173,30.0072
12212,10590,root_increment,1,-1,-1,10590,30.0049
12213,12529,root_increment,1,-1,-1,12529,30.0028
12214,12249,root_increment,1,-1,-1,12249,30.0014
12215,19906,root_increment,1,-1,-1,19906,30.0012
12216,711,root_increment,1,-1,-1,711,30.0011
12217,19065,root_increment,1,-1,-1,19065,30.0002
12218,8660,root_increment,1,-1,-1,8660,29.9994
12219,10833,root_increment,1,-1,-1,10833,29.9914
12220,17027,root_increment,1,-1,-1,17027,29.9906
12221,13797,root_increment,1,-1,-1,13797,29.9904
12222,13169,root_increment,1,-1,-1,13169,29.9876
12223,18232,root_increment,1,-1,-1,18232,29.9845
12224,11533,root_increment,1,-1,-1,11533,29.984
12225,17996,root_increment,1,-1,-1,17996,29.9822
12226,13627,root_increment,1,-1,-1,13627,29.9818
12227,13624,root_increment,1,-1,-1,13624,29.9802
12228,9769,root_increment,1,-1,-1,9769,29.9766
12229,6314,root_increment,1,-1,-1,6314,29.9763
12230,8707,root_increment,1,-1,-1,8707,29.97
12231,444,root_increment,1,-1,-1,444,29.9685
12232,14266,root_increment,1,-1,-1,14266,29.9683
12233,8000,root_increment,1,-1,-1,8000,29.9671
12234,1735,root_increment,1,-1,-1,1735,29.9656
12235,8476,root_increment,1,-1,-1,8476,29.9574
12236,13019,root_increment,1,-1,-1,13019,29.9523
12237,9571,root_increment,1,-1,-1,9571,29.948
12238,3855,root_increment,1,-1,-1,3855,29.9458
12239,7699,root_increment,1,-1,-1,7699,29.9379
12240,2774,root_increment,1,-1,-1,2774,29.9349
12241,16495,root_increment,1,-1,-1,16495,29.9349
12242,13341,root_increment,1,-1,-1,13341,29.9332
12243,11609,root_increment,1,-1,-1,11609,29.932
12244,19236,root_increment,1,-1,-1,19236,29.9317
12245,51,root_increment,1,-1,-1,51,29.9308
12246,12497,root_increment,1,-1,-1,12497,29.9304
12247,1981,root_increment,1,-1,-1,1981,29.9291
12248,14736,root_increment,1,-1,-1,14736,29.9269
12249,18470,root_increment,1,-1,-1,18470,29.9246
12250,6856,root_increment,1,-1,-1,6856,29.9242
12251,18667,root_increment,1,-1,-1,18667,29.9126
12252,3121,root_increment,1,-1,-1,3121,29.9067
12253,3134,root_increment,1,-1,-1,3134,29.9067
12254,13095,root_increment,1,-1,-1,13095,29.9019
12255,10769,root_increment,1,-1,-1,10769,29.8965
12256,14962,root_increment,1,-1,-1,14962,29.8959
12257,13366,root_increment,1,-1,-1,13366,29.8924
12258,7392,root_increment,1,-1,-1,7392,29.8914
12259,18850,root_increment,1,-1,-1,18850,29.8872
12260,16089,root_increment,1,-1,-1,16089,29.8872
12261,4902,root_increment,1,-1,-1,4902,29.8822
12262,12179,root_increment,1,-1,-1,12179,29.8798
12263,11328,root_increment,1,-1,-1,11328,29.8774
12264,17669,root_increment,1,-1,-1,17669,29.877
12265,15312,root_increment,1,-1,-1,15312,29.875
12266,902,root_increment,1,-1,-1,902,29.8619
12267,12434,root_increment,1,-1,-1,12434,29.8605
12268,6725,root_increment,1,-1,-1,6725,29.8586
12269,11363,root_increment,1,-1,-1,11363,29.8573
12270,19475,root_increment,1,-1,-1,19475,29.8555
12271,16582,root_increment,1,-1,-1,16582,29.8493
12272,8845,root_increment,1,-1,-1,8845,29.8486
12273,5926,root_increment,1,-1,-1,5926,29.8482
12274,14260,root_increment,1,-1,-1,14260,29.8475
12275,18104,root_increment,1,-1,-1,18104,29.8465
12276,11544,root_increment,1,-1,-1,11544,29.8453
12277,18751,root_increment,1,-1,-1,18751,29.8357
12278,14309,root_increment,1,-1,-1,14309,29.8282
12279,15428,root_increment,1,-1,-1,15428,29.82
12280,9840,root_increment,1,-1,-1,9840,29.8158
12281,4020,root_increment,1,-1,-1,4020,29.8151
12282,3659,root_increment,1,-1,-1,3659,29.8119
12283,12890,root_increment,1,-1,-1,12890,29.8102
12284,11380,root_increment,1,-1,-1,11380,29.7997
12285,9042,root_increment,1,-1,-1,9042,29.7989
12286,18110,root_increment,1,-1,-1,18110,29.7979
12287,5348,root_increment,1,-1,-1,5348,29.7918
12288,6309,root_increment,1,-1,-1,6309,29.7914
12289,8342,root_increment,1,-1,-1,8342,29.7905
12290,14438,root_increment,1,-1,-1,14438,29.7815
12291,11998,root_increment,1,-1,-1,11998,29.7813
12292,16407,root_increment,1,-1,-1,16407,29.7776
12293,5573,root_increment,1,-1,-1,5573,29.7771
12294,3431,root_increment,1,-1,-1,3431,29.7747
12295,14588,root_increment,1,-1,-1,14588,29.7708
12296,14442,root_increment,1,-1,-1,14442,29.77
12297,2625,root_increment,1,-1,-1,2625,29.7695
12298,6213,root_increment,1,-1,-1,6213,29.7649
12299,6218,root_increment,1,-1,-1,6218,29.7649
12300,6221,root_increment,1,-1,-1,6221,29.7649
12301,6226,root_increment,1,-1,-1,6226,29.7649
12302,6234,root_increment,1,-1,-1,6234,29.7649
12303,6239,root_increment,1,-1,-1,6239,29.7649
12304,10482,root_increment,1,-1,-1,10482,29.762
12305,2096,root_increment,1,-1,-1,2096,29.7615
12306,4641,root_increment,1,-1,-1,4641,29.7526
12307,12587,root_increment,1,-1,-1,12587,29.747
12308,14082,root_increment,1,-1,-1,14082,29.7426
12309,11699,root_increment,1,-1,-1,11699,29.738
12310,6005,root_increment,1,-1,-1,6005,29.7369
12311,11378,root_increment,1,-1,-1,11378,29.7302
12312,17545,root_increment,1,-1,-1,17545,29.7285
12313,2607,root_increment,1,-1,-1,2607,29.7226
12314,19001,root_increment,1,-1,-1,19001,29.722
12315,10596,root_increment,1,-1,-1,10596,29.7162
12316,1963,root_increment,1,-1,-1,1963,29.7136
12317,2617,root_increment,1,-1,-1,2617,29.7129
12318,13510,root_increment,1,-1,-1,13510,29.7107
12319,17377,root_increment,1,-1,-1,17377,29.7039
12320,10265,root_increment,1,-1,-1,10265,29.702
12321,7358,root_increment,1,-1,-1,7358,29.685
12322,4177,root_increment,1,-1,-1,4177,29.6844
12323,2161,root_increment,1,-1,-1,2161,29.678
12324,8940,root_increment,1,-1,-1,8940,29.6748
12325,14560,root_increment,1,-1,-1,14560,29.6682
12326,9326,root_increment,1,-1,-1,9326,29.6577
12327,13901,root_increment,1,-1,-1,13901,29.6567
12328,2834,root_increment,1,-1,-1,2834,29.6528
12329,10154,root_increment,1,-1,-1,10154,29.6477
12330,10054,root_increment,1,-1,-1,10054,29.6457
12331,11136,root_increment,1,-1,-1,11136,29.6457
12332,10871,root_increment,1,-1,-1,10871,29.645
12333,9643,root_increment,1,-1,-1,9643,29.6439
12334,19837,root_increment,1,-1,-1,19837,29.6431
12335,10519,root_increment,1,-1,-1,10519,29.6424
12336,12375,root_increment,1,-1,-1,12375,29.6417
12337,11268,root_increment,1,-1,-1,11268,29.6384
12338,10004,root_increment,1,-1,-1,10004,29.634
12339,9775,root_increment,1,-1,-1,9775,29.6339
12340,8685,root_increment,1,-1,-1,8685,29.6315
12341,19959,root_increment,1,-1,-1,19959,29.6315
12342,14144,root_increment,1,-1,-1,14144,29.6291
12343,8112,root_increment,1,-1,-1,8112,29.6256
12344,14086,root_increment,1,-1,-1,14086,29.6226
12345,7555,root_increment,1,-1,-1,7555,29.6217
12346,11717,root_increment,1,-1,-1,11717,29.6174
12347,14388,root_increment,1,-1,-1,14388,29.6159
12348,6687,root_increment,1,-1,-1,6687,29.6069
12349,17304,root_increment,1,-1,-1,17304,29.605
12350,17722,root_increment,1,-1,-1,17722,29.5925
12351,13069,root_increment,1,-1,-1,13069,29.5888
12352,17110,root_increment,1,-1,-1,17110,29.5815
12353,11968,root_increment,1,-1,-1,11968,29.5804
12354,13337,root_increment,1,-1,-1,13337,29.5797
12355,6301,root_increment,1,-1,-1,6301,29.5775
12356,7173,root_increment,1,-1,-1,7173,29.5741
12357,15690,root_increment,1,-1,-1,15690,29.5701
12358,2892,root_increment,1,-1,-1,2892,29.5701
12359,19446,root_increment,1,-1,-1,19446,29.5684
12360,219,root_increment,1,-1,-1,219,29.5662
12361,14380,root_increment,1,-1,-1,14380,29.5662
12362,7538,root_increment,1,-1,-1,7538,29.5647
12363,6104,root_increment,1,-1,-1,6104,29.5626
12364,11901,root_increment,1,-1,-1,11901,29.5614
12365,11888,root_increment,1,-1,-1,11888,29.5592
12366,14374,root_increment,1,-1,-1,14374,29.5566
12367,11996,root_increment,1,-1,-1,11996,29.5452
12368,16359,root_increment,1,-1,-1,16359,29.5381
12369,9172,root_increment,1,-1,-1,9172,29.5373
12370,8002,root_increment,1,-1,-1,8002,29.5366
12371,13820,root_increment,1,-1,-1,13820,29.5333
12372,9244,root_increment,1,-1,-1,9244,29.533
12373,7811,root_increment,1,-1,-1,7811,29.5328
12374,3258,root_increment,1,-1,-1,3258,29.5314
12375,10025,root_increment,1,-1,-1,10025,29.5267
12376,6499,root_increment,1,-1,-1,6499,29.5249
12377,13003,root_increment,1,-1,-1,13003,29.519
12378,15183,root_increment,1,-1,-1,15183,29.5161
12379,17287,root_increment,1,-1,-1,17287,29.5127
12380,9214,root_increment,1,-1,-1,9214,29.5103
12381,12337,root_increment,1,-1,-1,12337,29.5101
12382,18061,root_increment,1,-1,-1,18061,29.502
12383,19762,root_increment,1,-1,-1,19762,29.5019
12384,15808,root_increment,1,-1,-1,15808,29.5017
12385,11475,root_increment,1,-1,-1,11475,29.4982
12386,17076,root_increment,1,-1,-1,17076,29.4954
12387,18182,root_increment,1,-1,-1,18182,29.4928
12388,18308,root_increment,1,-1,-1,18308,29.4889
12389,6797,root_increment,1,-1,-1,6797,29.4888
12390,7975,root_increment,1,-1,-1,7975,29.4749
12391,12316,root_increment,1,-1,-1,12316,29.4725
12392,9443,root_increment,1,-1,-1,9443,29.4715
12393,2248,root_increment,1,-1,-1,2248,29.4709
12394,1127,root_increment,1,-1,-1,1127,29.4683
12395,3023,root_increment,1,-1,-1,3023,29.4659
12396,17129,root_increment,1,-1,-1,17129,29.46
12397,15815,root_increment,1,-1,-1,15815,29.4574
12398,18311,root_increment,1,-1,-1,18311,29.4489
12399,10051,root_increment,1,-1,-1,10051,29.4454
12400,17205,root_increment,1,-1,-1,17205,29.4359
12401,6556,root_increment,1,-1,-1,6556,29.429
12402,5549,root_increment,1,-1,-1,5549,29.4288
12403,12561,root_increment,1,-1,-1,12561,29.4282
12404,14726,root_increment,1,-1,-1,14726,29.4248
12405,852,root_increment,1,-1,-1,852,29.4189
12406,18361,root_increment,1,-1,-1,18361,29.4168
12407,13263,root_increment,1,-1,-1,13263,29.4057
12408,11369,root_increment,1,-1,-1,11369,29.4046
12409,8003,root_increment,1,-1,-1,8003,29.4045
12410,8117,root_increment,1,-1,-1,8117,29.4015
12411,9900,root_increment,1,-1,-1,9900,29.4
12412,10998,root_increment,1,-1,-1,10998,29.3958
12413,10279,root_increment,1,-1,-1,10279,29.3955
12414,6690,root_increment,1,-1,-1,6690,29.3932
12415,5409,root_increment,1,-1,-1,5409,29.383
12416,15683,root_increment,1,-1,-1,15683,29.3827
12417,17955,root_increment,1,-1,-1,17955,29.3806
12418,11484,root_increment,1,-1,-1,11484,29.3795
12419,3252,root_increment,1,-1,-1,3252,29.3778
12420,3273,root_increment,1,-1,-1,3273,29.3778
12421,16779,root_increment,1,-1,-1,16779,29.3751
12422,19901,root_increment,1,-1,-1,19901,29.372
12423,11274,root_increment,1,-1,-1,11274,29.3704
12424,8787,root_increment,1,-1,-1,8787,29.3682
12425,10194,root_increment,1,-1,-1,10194,29.3645
12426,9235,root_increment,1,-1,-1,9235,29.3634
12427,13588,root_increment,1,-1,-1,13588,29.362
12428,11906,root_increment,1,-1,-1,11906,29.3605
12429,11841,root_increment,1,-1,-1,11841,29.3583
12430,13973,root_increment,1,-1,-1,13973,29.3555
12431,9853,root_increment,1,-1,-1,9853,29.3537
12432,9228,root_increment,1,-1,-1,9228,29.3534
12433,8866,root_increment,1,-1,-1,8866,29.3495
12434,12736,root_increment,1,-1,-1,12736,29.3437
12435,11793,root_increment,1,-1,-1,11793,29.3422
12436,10064,root_increment,1,-1,-1,10064,29.3404
12437,14217,root_increment,1,-1,-1,14217,29.3401
12438,10127,root_increment,1,-1,-1,10127,29.3389
12439,7473,root_increment,1,-1,-1,7473,29.3383
12440,3897,root_increment,1,-1,-1,3897,29.3383
12441,9607,root_increment,1,-1,-1,9607,29.3377
12442,17572,root_increment,1,-1,-1,17572,29.3358
12443,4772,root_increment,1,-1,-1,4772,29.3318
12444,11831,root_increment,1,-1,-1,11831,29.3301
12445,18261,root_increment,1,-1,-1,18261,29.3276
12446,4840,root_increment,1,-1,-1,4840,29.3253
12447,17755,root_increment,1,-1,-1,17755,29.3246
12448,11028,root_increment,1,-1,-1,11028,29.32
12449,13391,root_increment,1,-1,-1,13391,29.3179
12450,4107,root_increment,1,-1,-1,4107,29.3114
12451,2215,root_increment,1,-1,-1,2215,29.3076
12452,2223,root_increment,1,-1,-1,2223,29.3076
12453,2236,root_increment,1,-1,-1,2236,29.3076
12454,2249,root_increment,1,-1,-1,2249,29.3076
12455,13963,root_increment,1,-1,-1,13963,29.3016
12456,12455,root_increment,1,-1,-1,12455,29.3011
12457,10184,root_increment,1,-1,-1,10184,29.2986
12458,15281,root_increment,1,-1,-1,15281,29.2979
12459,14913,root_increment,1,-1,-1,14913,29.2918
12460,11379,root_increment,1,-1,-1,11379,29.2912
12461,10667,root_increment,1,-1,-1,10667,29.2912
12462,14803,root_increment,1,-1,-1,14803,29.2866
12463,13053,root_increment,1,-1,-1,13053,29.2857
12464,6107,root_increment,1,-1,-1,6107,29.2856
12465,3127,root_increment,1,-1,-1,3127,29.2725
12466,3697,root_increment,1,-1,-1,3697,29.2688
12467,3710,root_increment,1,-1,-1,3710,29.2688
12468,3723,root_increment,1,-1,-1,3723,29.2688
12469,3731,root_increment,1,-1,-1,3731,29.2688
12470,12091,root_increment,1,-1,-1,12091,29.2658
12471,11125,root_increment,1,-1,-1,11125,29.26
12472,1977,root_increment,1,-1,-1,1977,29.2562
12473,10926,root_increment,1,-1,-1,10926,29.2543
12474,15135,root_increment,1,-1,-1,15135,29.253
12475,19503,root_increment,1,-1,-1,19503,29.2512
12476,2690,root_increment,1,-1,-1,2690,29.2493
12477,6330,root_increment,1,-1,-1,6330,29.2423
12478,14983,root_increment,1,-1,-1,14983,29.2404
12479,10880,root_increment,1,-1,-1,10880,29.2351
12480,248,root_increment,1,-1,-1,248,29.2331
12481,18767,root_increment,1,-1,-1,18767,29.2306
12482,12342,root_increment,1,-1,-1,12342,29.2281
12483,263,root_increment,1,-1,-1,263,29.2232
12484,11100,root_increment,1,-1,-1,11100,29.2195
12485,10652,root_increment,1,-1,-1,10652,29.2185
12486,15799,root_increment,1,-1,-1,15799,29.2156
12487,9905,root_increment,1,-1,-1,9905,29.2087
12488,6447,root_increment,1,-1,-1,6447,29.2062
12489,8954,root_increment,1,-1,-1,8954,29.1999
12490,9968,root_increment,1,-1,-1,9968,29.1973
12491,10061,root_increment,1,-1,-1,10061,29.1917
12492,4458,root_increment,1,-1,-1,4458,29.1903
12493,8767,root_increment,1,-1,-1,8767,29.1898
12494,14083,root_increment,1,-1,-1,14083,29.1873
12495,11128,root_increment,1,-1,-1,11128,29.1866
12496,12627,root_increment,1,-1,-1,12627,29.1772
12497,15556,root_increment,1,-1,-1,15556,29.1761
12498,2362,root_increment,1,-1,-1,2362,29.1711
12499,17579,root_increment,1,-1,-1,17579,29.1708
12500,8854,root_increment,1,-1,-1,8854,29.1696
12501,12968,root_increment,1,-1,-1,12968,29.1688
12502,18962,root_increment,1,-1,-1,18962,29.1677
12503,11708,root_increment,1,-1,-1,11708,29.1583
12504,12319,root_increment,1,-1,-1,12319,29.1566
12505,16438,root_increment,1,-1,-1,16438,29.1551
12506,7383,root_increment,1,-1,-1,7383,29.1547
12507,8372,root_increment,1,-1,-1,8372,29.1517
12508,19454,root_increment,1,-1,-1,19454,29.1516
12509,17151,root_increment,1,-1,-1,17151,29.1514
12510,4327,root_increment,1,-1,-1,4327,29.1464
12511,11198,root_increment,1,-1,-1,11198,29.1451
12512,12285,root_increment,1,-1,-1,12285,29.1441
12513,17952,root_increment,1,-1,-1,17952,29.1419
12514,14018,root_increment,1,-1,-1,14018,29.1387
12515,9652,root_increment,1,-1,-1,9652,29.1383
12516,10715,root_increment,1,-1,-1,10715,29.1376
12517,12865,root_increment,1,-1,-1,12865,29.1372
12518,9816,root_increment,1,-1,-1,9816,29.1332
12519,9752,root_increment,1,-1,-1,9752,29.1328
12520,6892,root_increment,1,-1,-1,6892,29.127
12521,8644,root_increment,1,-1,-1,8644,29.1255
12522,3535,root_increment,1,-1,-1,3535,29.1229
12523,6206,root_increment,1,-1,-1,6206,29.1216
12524,9981,root_increment,1,-1,-1,9981,29.1215
12525,8858,root_increment,1,-1,-1,8858,29.1178
12526,6617,root_increment,1,-1,-1,6617,29.1154
12527,19353,root_increment,1,-1,-1,19353,29.1085
12528,12558,root_increment,1,-1,-1,12558,29.1017
12529,13120,root_increment,1,-1,-1,13120,29.0997
12530,11203,root_increment,1,-1,-1,11203,29.0921
12531,18784,root_increment,1,-1,-1,18784,29.0902
12532,334,root_increment,1,-1,-1,334,29.0891
12533,14865,root_increment,1,-1,-1,14865,29.0871
12534,2325,root_increment,1,-1,-1,2325,29.0867
12535,9000,root_increment,1,-1,-1,9000,29.0825
12536,11030,root_increment,1,-1,-1,11030,29.0802
12537,7704,root_increment,1,-1,-1,7704,29.0801
12538,4041,root_increment,1,-1,-1,4041,29.0787
12539,11381,root_increment,1,-1,-1,11381,29.0741
12540,1167,root_increment,1,-1,-1,1167,29.0733
12541,17604,root_increment,1,-1,-1,17604,29.0723
12542,15136,root_increment,1,-1,-1,15136,29.0711
12543,10996,root_increment,1,-1,-1,10996,29.0676
12544,19587,root_increment,1,-1,-1,19587,29.0674
12545,2819,root_increment,1,-1,-1,2819,29.0666
12546,18664,root_increment,1,-1,-1,18664,29.0657
12547,17936,root_increment,1,-1,-1,17936,29.0592
12548,9824,root_increment,1,-1,-1,9824,29.0586
12549,7326,root_increment,1,-1,-1,7326,29.0567
12550,672,root_increment,1,-1,-1,672,29.0553
12551,8092,root_increment,1,-1,-1,8092,29.0532
12552,10908,root_increment,1,-1,-1,10908,29.0511
12553,15250,root_increment,1,-1,-1,15250,29.051
12554,4732,root_increment,1,-1,-1,4732,29.0507
12555,2269,root_increment,1,-1,-1,2269,29.0457
12556,10585,root_increment,1,-1,-1,10585,29.0429
12557,10518,root_increment,1,-1,-1,10518,29.0416
12558,10816,root_increment,1,-1,-1,10816,29.0364
12559,13298,root_increment,1,-1,-1,13298,29.0353
12560,14014,root_increment,1,-1,-1,14014,29.0351
12561,9743,root_increment,1,-1,-1,9743,29.0276
12562,11643,root_increment,1,-1,-1,11643,29.0262
12563,6569,root_increment,1,-1,-1,6569,29.0152
12564,13640,root_increment,1,-1,-1,13640,29.0106
12565,8946,root_increment,1,-1,-1,8946,29.0096
12566,8951,root_increment,1,-1,-1,8951,29.0096
12567,18688,root_increment,1,-1,-1,18688,29.0046
12568,10086,root_increment,1,-1,-1,10086,29.0039
12569,5795,root_increment,1,-1,-1,5795,28.9897
12570,10363,root_increment,1,-1,-1,10363,28.9889
12571,8877,root_increment,1,-1,-1,8877,28.987
12572,5157,root_increment,1,-1,-1,5157,28.9861
12573,8977,root_increment,1,-1,-1,8977,28.9852
12574,18810,root_increment,1,-1,-1,18810,28.9837
12575,12505,root_increment,1,-1,-1,12505,28.9803
12576,11185,root_increment,1,-1,-1,11185,28.9775
12577,12780,root_increment,1,-1,-1,12780,28.9759
12578,10141,root_increment,1,-1,-1,10141,28.9713
12579,8433,root_increment,1,-1,-1,8433,28.9636
12580,15965,root_increment,1,-1,-1,15965,28.9546
12581,12058,root_increment,1,-1,-1,12058,28.9486
12582,11773,root_increment,1,-1,-1,11773,28.9486
12583,14377,root_increment,1,-1,-1,14377,28.9224
12584,5596,root_increment,1,-1,-1,5596,28.9219
12585,7642,root_increment,1,-1,-1,7642,28.9156
12586,18047,root_increment,1,-1,-1,18047,28.9144
12587,15930,root_increment,1,-1,-1,15930,28.9077
12588,2544,root_increment,1,-1,-1,2544,28.9003
12589,5570,root_increment,1,-1,-1,5570,28.8978
12590,13218,root_increment,1,-1,-1,13218,28.8957
12591,135,root_increment,1,-1,-1,135,28.8955
12592,10687,root_increment,1,-1,-1,10687,28.8938
12593,9450,root_increment,1,-1,-1,9450,28.8927
12594,18539,root_increment,1,-1,-1,18539,28.8907
12595,10093,root_increment,1,-1,-1,10093,28.8895
12596,17208,root_increment,1,-1,-1,17208,28.8843
12597,9848,root_increment,1,-1,-1,9848,28.8718
12598,13301,root_increment,1,-1,-1,13301,28.869
12599,5193,root_increment,1,-1,-1,5193,28.868
12600,18003,root_increment,1,-1,-1,18003,28.8621
12601,502,root_increment,1,-1,-1,502,28.8581
12602,13788,root_increment,1,-1,-1,13788,28.8561
12603,9133,root_increment,1,-1,-1,9133,28.8549
12604,18758,root_increment,1,-1,-1,18758,28.8528
12605,8008,root_increment,1,-1,-1,8008,28.8503
12606,12602,root_increment,1,-1,-1,12602,28.8402
12607,8586,root_increment,1,-1,-1,8586,28.838
12608,7562,root_increment,1,-1,-1,7562,28.8352
12609,13031,root_increment,1,-1,-1,13031,28.8329
12610,10865,root_increment,1,-1,-1,10865,28.8272
12611,7780,root_increment,1,-1,-1,7780,28.8258
12612,2025,root_increment,1,-1,-1,2025,28.8243
12613,16408,root_increment,1,-1,-1,16408,28.8237
12614,13629,root_increment,1,-1,-1,13629,28.8227
12615,6338,root_increment,1,-1,-1,6338,28.814
12616,7533,root_increment,1,-1,-1,7533,28.8133
12617,18909,root_increment,1,-1,-1,18909,28.811
12618,3096,root_increment,1,-1,-1,3096,28.7984
12619,15451,root_increment,1,-1,-1,15451,28.7915
12620,10628,root_increment,1,-1,-1,10628,28.7904
12621,10322,root_increment,1,-1,-1,10322,28.7894
12622,11880,root_increment,1,-1,-1,11880,28.7875
12623,9426,root_increment,1,-1,-1,9426,28.7846
12624,15028,root_increment,1,-1,-1,15028,28.7761
12625,14331,root_increment,1,-1,-1,14331,28.7737
12626,9249,root_increment,1,-1,-1,9249,28.7736
12627,9041,root_increment,1,-1,-1,9041,28.7691
12628,13696,root_increment,1,-1,-1,13696,28.7677
12629,16354,root_increment,1,-1,-1,16354,28.767
12630,14506,root_increment,1,-1,-1,14506,28.766
12631,16183,root_increment,1,-1,-1,16183,28.7597
12632,10748,root_increment,1,-1,-1,10748,28.7596
12633,11014,root_increment,1,-1,-1,11014,28.7516
12634,9722,root_increment,1,-1,-1,9722,28.7496
12635,16763,root_increment,1,-1,-1,16763,28.7478
12636,11774,root_increment,1,-1,-1,11774,28.7421
12637,7995,root_increment,1,-1,-1,7995,28.7395
12638,12013,root_increment,1,-1,-1,12013,28.7383
12639,10033,root_increment,1,-1,-1,10033,28.7378
12640,13709,root_increment,1,-1,-1,13709,28.7373
12641,10059,root_increment,1,-1,-1,10059,28.7369
12642,11062,root_increment,1,-1,-1,11062,28.731
12643,16608,root_increment,1,-1,-1,16608,28.7284
12644,10888,root_increment,1,-1,-1,10888,28.728
12645,10774,root_increment,1,-1,-1,10774,28.7206
12646,16931,root_increment,1,-1,-1,16931,28.7197
12647,9131,root_increment,1,-1,-1,9131,28.7163
12648,15987,root_increment,1,-1,-1,15987,28.7152
12649,10031,root_increment,1,-1,-1,10031,28.7149
12650,9364,root_increment,1,-1,-1,9364,28.7107
12651,18792,root_increment,1,-1,-1,18792,28.7102
12652,9800,root_increment,1,-1,-1,9800,28.7098
12653,1714,root_increment,1,-1,-1,1714,28.704
12654,2533,root_increment,1,-1,-1,2533,28.7003
12655,11816,root_increment,1,-1,-1,11816,28.7
12656,13020,root_increment,1,-1,-1,13020,28.6956
12657,16433,root_increment,1,-1,-1,16433,28.6955
12658,11918,root_increment,1,-1,-1,11918,28.6919
12659,9982,root_increment,1,-1,-1,9982,28.6872
12660,18739,root_increment,1,-1,-1,18739,28.6837
12661,14835,root_increment,1,-1,-1,14835,28.6828
12662,11635,root_increment,1,-1,-1,11635,28.6738
12663,12117,root_increment,1,-1,-1,12117,28.6701
12664,15706,root_increment,1,-1,-1,15706,28.6685
12665,15299,root_increment,1,-1,-1,15299,28.6643
12666,13667,root_increment,1,-1,-1,13667,28.663
12667,8973,root_increment,1,-1,-1,8973,28.6409
12668,11739,root_increment,1,-1,-1,11739,28.6359
12669,5677,root_increment,1,-1,-1,5677,28.6344
12670,13234,root_increment,1,-1,-1,13234,28.6281
12671,9346,root_increment,1,-1,-1,9346,28.6274
12672,10830,root_increment,1,-1,-1,10830,28.6258
12673,7000,root_increment,1,-1,-1,7000,28.6233
12674,7795,root_increment,1,-1,-1,7795,28.619
12675,7722,root_increment,1,-1,-1,7722,28.6156
12676,11140,root_increment,1,-1,-1,11140,28.6116
12677,14662,root_increment,1,-1,-1,14662,28.6015
12678,16686,root_increment,1,-1,-1,16686,28.5992
12679,14123,root_increment,1,-1,-1,14123,28.5979
12680,8947,root_increment,1,-1,-1,8947,28.5977
12681,10463,root_increment,1,-1,-1,10463,28.5905
12682,2656,root_increment,1,-1,-1,2656,28.5898
12683,14253,root_increment,1,-1,-1,14253,28.5896
12684,17132,root_increment,1,-1,-1,17132,28.583
12685,13286,root_increment,1,-1,-1,13286,28.5741
12686,6172,root_increment,1,-1,-1,6172,28.567
12687,14481,root_increment,1,-1,-1,14481,28.5659
12688,10388,root_increment,1,-1,-1,10388,28.5633
12689,17209,root_increment,1,-1,-1,17209,28.5598
12690,10576,root_increment,1,-1,-1,10576,28.5586
12691,10786,root_increment,1,-1,-1,10786,28.5568
12692,1949,root_increment,1,-1,-1,1949,28.5543
12693,8738,root_increment,1,-1,-1,8738,28.5501
12694,4162,root_increment,1,-1,-1,4162,28.5449
12695,15609,root_increment,1,-1,-1,15609,28.5446
12696,13865,root_increment,1,-1,-1,13865,28.5382
12697,13319,root_increment,1,-1,-1,13319,28.537
12698,9927,root_increment,1,-1,-1,9927,28.536
12699,9631,root_increment,1,-1,-1,9631,28.536
12700,10300,root_increment,1,-1,-1,10300,28.5351
12701,8801,root_increment,1,-1,-1,8801,28.5342
12702,6666,root_increment,1,-1,-1,6666,28.5342
12703,8541,root_increment,1,-1,-1,8541,28.5308
12704,6482,root_increment,1,-1,-1,6482,28.5275
12705,10542,root_increment,1,-1,-1,10542,28.5253
12706,18330,root_increment,1,-1,-1,18330,28.5223
12707,8196,root_increment,1,-1,-1,8196,28.5195
12708,11163,root_increment,1,-1,-1,11163,28.5194
12709,4277,root_increment,1,-1,-1,4277,28.5178
12710,16628,root_increment,1,-1,-1,16628,28.5073
12711,9654,root_increment,1,-1,-1,9654,28.507
12712,12938,root_increment,1,-1,-1,12938,28.5051
12713,16953,root_increment,1,-1,-1,16953,28.5017
12714,17471,root_increment,1,-1,-1,17471,28.4995
12715,12162,root_increment,1,-1,-1,12162,28.498
12716,17416,root_increment,1,-1,-1,17416,28.4973
12717,5874,root_increment,1,-1,-1,5874,28.4928
12718,18355,root_increment,1,-1,-1,18355,28.4903
12719,11481,root_increment,1,-1,-1,11481,28.4874
12720,19141,root_increment,1,-1,-1,19141,28.4828
12721,15719,root_increment,1,-1,-1,15719,28.4814
12722,12183,root_increment,1,-1,-1,12183,28.4806
12723,12878,root_increment,1,-1,-1,12878,28.4802
12724,6343,root_increment,1,-1,-1,6343,28.4779
12725,15872,root_increment,1,-1,-1,15872,28.4764
12726,10137,root_increment,1,-1,-1,10137,28.4742
12727,18269,root_increment,1,-1,-1,18269,28.4703
12728,14525,root_increment,1,-1,-1,14525,28.4663
12729,10669,root_increment,1,-1,-1,10669,28.4654
12730,13132,root_increment,1,-1,-1,13132,28.463
12731,11828,root_increment,1,-1,-1,11828,28.46
12732,3128,root_increment,1,-1,-1,3128,28.4544
12733,13706,root_increment,1,-1,-1,13706,28.4533
12734,5375,root_increment,1,-1,-1,5375,28.4513
12735,13401,root_increment,1,-1,-1,13401,28.4511
12736,11942,root_increment,1,-1,-1,11942,28.451
12737,10188,root_increment,1,-1,-1,10188,28.4486
12738,7384,root_increment,1,-1,-1,7384,28.4434
12739,16866,root_increment,1,-1,-1,16866,28.437
12740,13113,root_increment,1,-1,-1,13113,28.4368
12741,8719,root_increment,1,-1,-1,8719,28.4325
12742,15816,root_increment,1,-1,-1,15816,28.4239
12743,4282,root_increment,1,-1,-1,4282,28.4215
12744,18908,root_increment,1,-1,-1,18908,28.4161
12745,478,root_increment,1,-1,-1,478,28.4124
12746,13316,root_increment,1,-1,-1,13316,28.4117
12747,16966,root_increment,1,-1,-1,16966,28.4051
12748,17141,root_increment,1,-1,-1,17141,28.3987
12749,14414,root_increment,1,-1,-1,14414,28.3964
12750,10274,root_increment,1,-1,-1,10274,28.3944
12751,11633,root_increment,1,-1,-1,11633,28.3924
12752,12025,root_increment,1,-1,-1,12025,28.3918
12753,14545,root_increment,1,-1,-1,14545,28.3913
12754,17962,root_increment,1,-1,-1,17962,28.3893
12755,11663,root_increment,1,-1,-1,11663,28.3857
12756,1206,root_increment,1,-1,-1,1206,28.3795
12757,8832,root_increment,1,-1,-1,8832,28.3789
12758,17674,root_increment,1,-1,-1,17674,28.3788
12759,2769,root_increment,1,-1,-1,2769,28.3781
12760,8943,root_increment,1,-1,-1,8943,28.3774
12761,11376,root_increment,1,-1,-1,11376,28.3741
12762,8782,root_increment,1,-1,-1,8782,28.3708
12763,11751,root_increment,1,-1,-1,11751,28.3697
12764,13184,root_increment,1,-1,-1,13184,28.3656
12765,8828,root_increment,1,-1,-1,8828,28.364
12766,11839,root_increment,1,-1,-1,11839,28.3639
12767,2800,root_increment,1,-1,-1,2800,28.3617
12768,13074,root_increment,1,-1,-1,13074,28.3608
12769,11439,root_increment,1,-1,-1,11439,28.3606
12770,14267,root_increment,1,-1,-1,14267,28.3589
12771,11981,root_increment,1,-1,-1,11981,28.3564
12772,13555,root_increment,1,-1,-1,13555,28.3539
12773,16858,root_increment,1,-1,-1,16858,28.3507
12774,10053,root_increment,1,-1,-1,10053,28.3477
12775,12424,root_increment,1,-1,-1,12424,28.3437
12776,5662,root_increment,1,-1,-1,5662,28.3381
12777,9811,root_increment,1,-1,-1,9811,28.3339
12778,12866,root_increment,1,-1,-1,12866,28.3331
12779,6953,root_increment,1,-1,-1,6953,28.3298
12780,9832,root_increment,1,-1,-1,9832,28.3242
12781,12370,root_increment,1,-1,-1,12370,28.3211
12782,7507,root_increment,1,-1,-1,7507,28.3162
12783,15693,root_increment,1,-1,-1,15693,28.316
12784,19736,root_increment,1,-1,-1,19736,28.3152
12785,1114,root_increment,1,-1,-1,1114,28.3136
12786,12758,root_increment,1,-1,-1,12758,28.3092
12787,13080,root_increment,1,-1,-1,13080,28.2985
12788,12823,root_increment,1,-1,-1,12823,28.2982
12789,11413,root_increment,1,-1,-1,11413,28.2965
12790,13260,root_increment,1,-1,-1,13260,28.2954
12791,13747,root_increment,1,-1,-1,13747,28.2897
12792,8333,root_increment,1,-1,-1,8333,28.2893
12793,15382,root_increment,1,-1,-1,15382,28.2869
12794,11970,root_increment,1,-1,-1,11970,28.2833
12795,8036,root_increment,1,-1,-1,8036,28.281
12796,10731,root_increment,1,-1,-1,10731,28.2794
12797,5156,root_increment,1,-1,-1,5156,28.2738
12798,5011,root_increment,1,-1,-1,5011,28.2736
12799,12670,root_increment,1,-1,-1,12670,28.2735
12800,10651,root_increment,1,-1,-1,10651,28.2649
12801,13765,root_increment,1,-1,-1,13765,28.2617
12802,19004,root_increment,1,-1,-1,19004,28.2617
12803,9990,root_increment,1,-1,-1,9990,28.2512
12804,4143,root_increment,1,-1,-1,4143,28.2454
12805,9856,root_increment,1,-1,-1,9856,28.2429
12806,1319,root_increment,1,-1,-1,1319,28.2269
12807,15906,root_increment,1,-1,-1,15906,28.2263
12808,1588,root_increment,1,-1,-1,1588,28.2242
12809,9783,root_increment,1,-1,-1,9783,28.2241
12810,5929,root_increment,1,-1,-1,5929,28.215
12811,11731,root_increment,1,-1,-1,11731,28.2118
12812,11624,root_increment,1,-1,-1,11624,28.2057
12813,12235,root_increment,1,-1,-1,12235,28.2031
12814,13064,root_increment,1,-1,-1,13064,28.2026
12815,12660,root_increment,1,-1,-1,12660,28.2021
12816,19291,root_increment,1,-1,-1,19291,28.1918
12817,6366,root_increment,1,-1,-1,6366,28.1917
12818,17980,root_increment,1,-1,-1,17980,28.1907
12819,2182,root_increment,1,-1,-1,2182,28.189
12820,11486,root_increment,1,-1,-1,11486,28.1806
12821,7615,root_increment,1,-1,-1,7615,28.1775
12822,16609,root_increment,1,-1,-1,16609,28.1765
12823,8370,root_increment,1,-1,-1,8370,28.1739
12824,11094,root_increment,1,-1,-1,11094,28.1702
12825,18247,root_increment,1,-1,-1,18247,28.168
12826,7883,root_increment,1,-1,-1,7883,28.1664
12827,5729,root_increment,1,-1,-1,5729,28.1526
12828,1834,root_increment,1,-1,-1,1834,28.1518
12829,13369,root_increment,1,-1,-1,13369,28.1517
12830,19468,root_increment,1,-1,-1,19468,28.1499
12831,12717,root_increment,1,-1,-1,12717,28.1497
12832,16599,root_increment,1,-1,-1,16599,28.1483
12833,7557,root_increment,1,-1,-1,7557,28.1482
12834,12189,root_increment,1,-1,-1,12189,28.143
12835,14248,root_increment,1,-1,-1,14248,28.141
12836,5997,root_increment,1,-1,-1,5997,28.1368
12837,6679,root_increment,1,-1,-1,6679,28.1332
12838,10983,root_increment,1,-1,-1,10983,28.1313
12839,7547,root_increment,1,-1,-1,7547,28.13
12840,11785,root_increment,1,-1,-1,11785,28.1282
12841,9149,root_increment,1,-1,-1,9149,28.1243
12842,5728,root_increment,1,-1,-1,5728,28.1166
12843,18016,root_increment,1,-1,-1,18016,28.1096
12844,2244,root_increment,1,-1,-1,2244,28.1087
12845,1215,root_increment,1,-1,-1,1215,28.1069
12846,1223,root_increment,1,-1,-1,1223,28.1069
12847,1228,root_increment,1,-1,-1,1228,28.1069
12848,1231,root_increment,1,-1,-1,1231,28.1069
12849,1236,root_increment,1,-1,-1,1236,28.1069
12850,1244,root_increment,1,-1,-1,1244,28.1069
12851,1249,root_increment,1,-1,-1,1249,28.1069
12852,1252,root_increment,1,-1,-1,1252,28.1069
12853,1257,root_increment,1,-1,-1,1257,28.1069
12854,12115,root_increment,1,-1,-1,12115,28.0999
12855,9996,root_increment,1,-1,-1,9996,28.0997
12856,14856,root_increment,1,-1,-1,14856,28.0979
12857,12098,root_increment,1,-1,-1,12098,28.0972
12858,10994,root_increment,1,-1,-1,10994,28.0971
12859,16036,root_increment,1,-1,-1,16036,28.0969
12860,2389,root_increment,1,-1,-1,2389,28.0945
12861,5821,root_increment,1,-1,-1,5821,28.0938
12862,16989,root_increment,1,-1,-1,16989,28.0927
12863,9890,root_increment,1,-1,-1,9890,28.089
12864,15492,root_increment,1,-1,-1,15492,28.0886
12865,17640,root_increment,1,-1,-1,17640,28.0874
12866,14328,root_increment,1,-1,-1,14328,28.0853
12867,12324,root_increment,1,-1,-1,12324,28.0846
12868,11969,root_increment,1,-1,-1,11969,28.079
12869,10698,root_increment,1,-1,-1,10698,28.0758
12870,2298,root_increment,1,-1,-1,2298,28.0745
12871,11789,root_increment,1,-1,-1,11789,28.0738
12872,13781,root_increment,1,-1,-1,13781,28.0737
12873,10648,root_increment,1,-1,-1,10648,28.0711
12874,13680,root_increment,1,-1,-1,13680,28.0705
12875,12814,root_increment,1,-1,-1,12814,28.0604
12876,13489,root_increment,1,-1,-1,13489,28.0533
12877,10751,root_increment,1,-1,-1,10751,28.0525
12878,10358,root_increment,1,-1,-1,10358,28.0444
12879,10158,root_increment,1,-1,-1,10158,28.0357
12880,2998,root_increment,1,-1,-1,2998,28.0355
12881,4808,root_increment,1,-1,-1,4808,28.0343
12882,17971,root_increment,1,-1,-1,17971,28.0293
12883,16309,root_increment,1,-1,-1,16309,28.0283
12884,15500,root_increment,1,-1,-1,15500,28.0276
12885,8831,root_increment,1,-1,-1,8831,28.0253
12886,11532,root_increment,1,-1,-1,11532,28.0165
12887,10717,root_increment,1,-1,-1,10717,28.0143
12888,9618,root_increment,1,-1,-1,9618,28.0076
12889,16541,root_increment,1,-1,-1,16541,28.0045
12890,15023,root_increment,1,-1,-1,15023,27.9973
12891,4256,root_increment,1,-1,-1,4256,27.9947
12892,17506,root_increment,1,-1,-1,17506,27.9925
12893,18888,root_increment,1,-1,-1,18888,27.9899
12894,7427,root_increment,1,-1,-1,7427,27.9871
12895,17600,root_increment,1,-1,-1,17600,27.9827
12896,15012,root_increment,1,-1,-1,15012,27.9804
12897,14594,root_increment,1,-1,-1,14594,27.976
12898,13364,root_increment,1,-1,-1,13364,27.9737
12899,10253,root_increment,1,-1,-1,10253,27.9737
12900,542,root_increment,1,-1,-1,542,27.973
12901,550,root_increment,1,-1,-1,550,27.973
12902,555,root_increment,1,-1,-1,555,27.973
12903,563,root_increment,1,-1,-1,563,27.973
12904,568,root_increment,1,-1,-1,568,27.973
12905,576,root_increment,1,-1,-1,576,27.973
12906,584,root_increment,1,-1,-1,584,27.973
12907,9568,root_increment,1,-1,-1,9568,27.9717
12908,10664,root_increment,1,-1,-1,10664,27.9686
12909,7828,root_increment,1,-1,-1,7828,27.965
12910,17108,root_increment,1,-1,-1,17108,27.9585
12911,14065,root_increment,1,-1,-1,14065,27.9506
12912,12450,root_increment,1,-1,-1,12450,27.9505
12913,1177,root_increment,1,-1,-1,1177,27.938
12914,11517,root_increment,1,-1,-1,11517,27.9303
12915,13848,root_increment,1,-1,-1,13848,27.9285
12916,16074,root_increment,1,-1,-1,16074,27.928
12917,12617,root_increment,1,-1,-1,12617,27.9257
12918,13604,root_increment,1,-1,-1,13604,27.9224
12919,16739,root_increment,1,-1,-1,16739,27.9198
12920,15774,root_increment,1,-1,-1,15774,27.919
12921,11180,root_increment,1,-1,-1,11180,27.9078
12922,18790,root_increment,1,-1,-1,18790,27.8935
12923,5748,root_increment,1,-1,-1,5748,27.8852
12924,10318,root_increment,1,-1,-1,10318,27.8839
12925,13505,root_increment,1,-1,-1,13505,27.8793
12926,18754,root_increment,1,-1,-1,18754,27.8788
12927,8280,root_increment,1,-1,-1,8280,27.8779
12928,10701,root_increment,1,-1,-1,10701,27.8777
12929,6767,root_increment,1,-1,-1,6767,27.8774
12930,11257,root_increment,1,-1,-1,11257,27.8752
12931,12447,root_increment,1,-1,-1,12447,27.873
12932,13045,root_increment,1,-1,-1,13045,27.8714
12933,15744,root_increment,1,-1,-1,15744,27.8701
12934,14868,root_increment,1,-1,-1,14868,27.8699
12935,14290,root_increment,1,-1,-1,14290,27.8558
12936,1099,root_increment,1,-1,-1,1099,27.8541
12937,9845,root_increment,1,-1,-1,9845,27.8522
12938,6523,root_increment,1,-1,-1,6523,27.852
12939,10927,root_increment,1,-1,-1,10927,27.8361
12940,10897,root_increment,1,-1,-1,10897,27.8324
12941,8431,root_increment,1,-1,-1,8431,27.8302
12942,17379,root_increment,1,-1,-1,17379,27.8282
12943,9102,root_increment,1,-1,-1,9102,27.828
12944,16577,root_increment,1,-1,-1,16577,27.827
12945,9730,root_increment,1,-1,-1,9730,27.8259
12946,7599,root_increment,1,-1,-1,7599,27.8248
12947,7421,root_increment,1,-1,-1,7421,27.8196
12948,12340,root_increment,1,-1,-1,12340,27.8124
12949,17889,root_increment,1,-1,-1,17889,27.8037
12950,14887,root_increment,1,-1,-1,14887,27.8006
12951,15835,root_increment,1,-1,-1,15835,27.7977
12952,9675,root_increment,1,-1,-1,9675,27.7858
12953,4290,root_increment,1,-1,-1,4290,27.7843
12954,6075,root_increment,1,-1,-1,6075,27.7816
12955,8440,root_increment,1,-1,-1,8440,27.7749
12956,6335,root_increment,1,-1,-1,6335,27.771
12957,13725,root_increment,1,-1,-1,13725,27.7669
12958,12949,root_increment,1,-1,-1,12949,27.7663
12959,17799,root_increment,1,-1,-1,17799,27.7663
12960,12706,root_increment,1,-1,-1,12706,27.7646
12961,17213,root_increment,1,-1,-1,17213,27.7644
12962,15590,root_increment,1,-1,-1,15590,27.7567
12963,10003,root_increment,1,-1,-1,10003,27.7528
12964,11472,root_increment,1,-1,-1,11472,27.7459
12965,567,root_increment,1,-1,-1,567,27.7424
12966,13148,root_increment,1,-1,-1,13148,27.7413
12967,14885,root_increment,1,-1,-1,14885,27.7406
12968,19266,root_increment,1,-1,-1,19266,27.7386
12969,6905,root_increment,1,-1,-1,6905,27.7382
12970,9168,root_increment,1,-1,-1,9168,27.7367
12971,18913,root_increment,1,-1,-1,18913,27.7272
12972,10468,root_increment,1,-1,-1,10468,27.7254
12973,16486,root_increment,1,-1,-1,16486,27.7224
12974,19494,root_increment,1,-1,-1,19494,27.7197
12975,11529,root_increment,1,-1,-1,11529,27.7151
12976,13608,root_increment,1,-1,-1,13608,27.7151
12977,677,root_increment,1,-1,-1,677,27.7126
12978,19348,root_increment,1,-1,-1,19348,27.7086
12979,12674,root_increment,1,-1,-1,12674,27.7074
12980,19947,root_increment,1,-1,-1,19947,27.7014
12981,12675,root_increment,1,-1,-1,12675,27.6969
12982,19125,root_increment,1,-1,-1,19125,27.6966
12983,13684,root_increment,1,-1,-1,13684,27.6915
12984,18927,root_increment,1,-1,-1,18927,27.6872
12985,10870,root_increment,1,-1,-1,10870,27.6832
12986,17612,root_increment,1,-1,-1,17612,27.6734
12987,17719,root_increment,1,-1,-1,17719,27.6718
12988,3861,root_increment,1,-1,-1,3861,27.6696
12989,19043,root_increment,1,-1,-1,19043,27.6693
12990,10714,root_increment,1,-1,-1,10714,27.6655
12991,10186,root_increment,1,-1,-1,10186,27.6644
12992,10435,root_increment,1,-1,-1,10435,27.6641
12993,14180,root_increment,1,-1,-1,14180,27.66
12994,5088,root_increment,1,-1,-1,5088,27.6497
12995,12305,root_increment,1,-1,-1,12305,27.647
12996,15916,root_increment,1,-1,-1,15916,27.6457
12997,4927,root_increment,1,-1,-1,4927,27.6446
12998,5018,root_increment,1,-1,-1,5018,27.634
12999,12905,root_increment,1,-1,-1,12905,27.6326
13000,17713,root_increment,1,-1,-1,17713,27.6324
13001,11994,root_increment,1,-1,-1,11994,27.632
13002,14103,root_increment,1,-1,-1,14103,27.6281
13003,11120,root_increment,1,-1,-1,11120,27.6207
13004,10472,root_increment,1,-1,-1,10472,27.6179
13005,15433,root_increment,1,-1,-1,15433,27.6167
13006,14684,root_increment,1,-1,-1,14684,27.6127
13007,2387,root_increment,1,-1,-1,2387,27.6111
13008,11256,root_increment,1,-1,-1,11256,27.6083
13009,9913,root_increment,1,-1,-1,9913,27.6082
13010,12733,root_increment,1,-1,-1,12733,27.6078
13011,19130,root_increment,1,-1,-1,19130,27.6043
13012,12284,root_increment,1,-1,-1,12284,27.5984
13013,16315,root_increment,1,-1,-1,16315,27.5956
13014,10139,root_increment,1,-1,-1,10139,27.5945
13015,15102,root_increment,1,-1,-1,15102,27.5942
13016,9008,root_increment,1,-1,-1,9008,27.5911
13017,10772,root_increment,1,-1,-1,10772,27.586
13018,10604,root_increment,1,-1,-1,10604,27.586
13019,4198,root_increment,1,-1,-1,4198,27.5852
13020,15654,root_increment,1,-1,-1,15654,27.5836
13021,12959,root_increment,1,-1,-1,12959,27.5825
13022,5835,root_increment,1,-1,-1,5835,27.58
13023,14660,root_increment,1,-1,-1,14660,27.5793
13024,8547,root_increment,1,-1,-1,8547,27.5772
13025,7227,root_increment,1,-1,-1,7227,27.5769
13026,8646,root_increment,1,-1,-1,8646,27.5754
13027,12303,root_increment,1,-1,-1,12303,27.5749
13028,14613,root_increment,1,-1,-1,14613,27.5743
13029,525,root_increment,1,-1,-1,525,27.5652
13030,17848,root_increment,1,-1,-1,17848,27.5638
13031,11255,root_increment,1,-1,-1,11255,27.5635
13032,19219,root_increment,1,-1,-1,19219,27.5615
13033,15166,root_increment,1,-1,-1,15166,27.5561
13034,13682,root_increment,1,-1,-1,13682,27.5482
13035,16406,root_increment,1,-1,-1,16406,27.5465
13036,1732,root_increment,1,-1,-1,1732,27.5423
13037,18310,root_increment,1,-1,-1,18310,27.5358
13038,12362,root_increment,1,-1,-1,12362,27.5344
13039,19535,root_increment,1,-1,-1,19535,27.5297
13040,7652,root_increment,1,-1,-1,7652,27.5266
13041,18986,root_increment,1,-1,-1,18986,27.5247
13042,8389,root_increment,1,-1,-1,8389,27.5234
13043,13670,root_increment,1,-1,-1,13670,27.5187
13044,10095,root_increment,1,-1,-1,10095,27.5116
13045,10251,root_increment,1,-1,-1,10251,27.5089
13046,16554,root_increment,1,-1,-1,16554,27.5057
13047,11214,root_increment,1,-1,-1,11214,27.5033
13048,10395,root_increment,1,-1,-1,10395,27.4908
13049,13811,root_increment,1,-1,-1,13811,27.4901
13050,10820,root_increment,1,-1,-1,10820,27.4857
13051,5513,root_increment,1,-1,-1,5513,27.4833
13052,685,root_increment,1,-1,-1,685,27.4831
13053,4590,root_increment,1,-1,-1,4590,27.483
13054,4595,root_increment,1,-1,-1,4595,27.483
13055,4603,root_increment,1,-1,-1,4603,27.483
13056,4608,root_increment,1,-1,-1,4608,27.483
13057,4616,root_increment,1,-1,-1,4616,27.483
13058,13368,root_increment,1,-1,-1,13368,27.4814
13059,16876,root_increment,1,-1,-1,16876,27.4797
13060,9807,root_increment,1,-1,-1,9807,27.4765
13061,10821,root_increment,1,-1,-1,10821,27.472
13062,13572,root_increment,1,-1,-1,13572,27.4689
13063,10817,root_increment,1,-1,-1,10817,27.4668
13064,16938,root_increment,1,-1,-1,16938,27.4653
13065,15966,root_increment,1,-1,-1,15966,27.4632
13066,18305,root_increment,1,-1,-1,18305,27.4606
13067,11492,root_increment,1,-1,-1,11492,27.4559
13068,6015,root_increment,1,-1,-1,6015,27.4457
13069,16294,root_increment,1,-1,-1,16294,27.4457
13070,13296,root_increment,1,-1,-1,13296,27.4428
13071,4437,root_increment,1,-1,-1,4437,27.4411
13072,16278,root_increment,1,-1,-1,16278,27.4385
13073,19396,root_increment,1,-1,-1,19396,27.4344
13074,12739,root_increment,1,-1,-1,12739,27.4333
13075,8722,root_increment,1,-1,-1,8722,27.4172
13076,12818,root_increment,1,-1,-1,12818,27.4097
13077,9052,root_increment,1,-1,-1,9052,27.409
13078,9914,root_increment,1,-1,-1,9914,27.4018
13079,12930,root_increment,1,-1,-1,12930,27.3948
13080,7939,root_increment,1,-1,-1,7939,27.3896
13081,15009,root_increment,1,-1,-1,15009,27.3856
13082,10713,root_increment,1,-1,-1,10713,27.3837
13083,11284,root_increment,1,-1,-1,11284,27.3821
13084,18820,root_increment,1,-1,-1,18820,27.3817
13085,9379,root_increment,1,-1,-1,9379,27.3809
13086,132,root_increment,1,-1,-1,132,27.3795
13087,13437,root_increment,1,-1,-1,13437,27.3792
13088,12744,root_increment,1,-1,-1,12744,27.3778
13089,9203,root_increment,1,-1,-1,9203,27.3774
13090,7665,root_increment,1,-1,-1,7665,27.3738
13091,15849,root_increment,1,-1,-1,15849,27.3725
13092,13361,root_increment,1,-1,-1,13361,27.371
13093,14386,root_increment,1,-1,-1,14386,27.3705
13094,6280,root_increment,1,-1,-1,6280,27.3688
13095,16092,root_increment,1,-1,-1,16092,27.3667
13096,8717,root_increment,1,-1,-1,8717,27.3627
13097,11248,root_increment,1,-1,-1,11248,27.3578
13098,12493,root_increment,1,-1,-1,12493,27.3529
13099,6822,root_increment,1,-1,-1,6822,27.3503
13100,10957,root_increment,1,-1,-1,10957,27.35
13101,271,root_increment,1,-1,-1,271,27.344
13102,4141,root_increment,1,-1,-1,4141,27.3338
13103,16665,root_increment,1,-1,-1,16665,27.3306
13104,12537,root_increment,1,-1,-1,12537,27.3262
13105,17599,root_increment,1,-1,-1,17599,27.323
13106,5607,root_increment,1,-1,-1,5607,27.321
13107,18044,root_increment,1,-1,-1,18044,27.3209
13108,5311,root_increment,1,-1,-1,5311,27.3199
13109,15440,root_increment,1,-1,-1,15440,27.3182
13110,16991,root_increment,1,-1,-1,16991,27.3154
13111,12320,root_increment,1,-1,-1,12320,27.3105
13112,4558,root_increment,1,-1,-1,4558,27.309
13113,12371,root_increment,1,-1,-1,12371,27.3056
13114,11511,root_increment,1,-1,-1,11511,27.2977
13115,11574,root_increment,1,-1,-1,11574,27.2933
13116,14828,root_increment,1,-1,-1,14828,27.2883
13117,8078,root_increment,1,-1,-1,8078,27.288
13118,16477,root_increment,1,-1,-1,16477,27.2837
13119,9819,root_increment,1,-1,-1,9819,27.2783
13120,8820,root_increment,1,-1,-1,8820,27.276
13121,13001,root_increment,1,-1,-1,13001,27.2753
13122,12446,root_increment,1,-1,-1,12446,27.273
13123,1148,root_increment,1,-1,-1,1148,27.2673
13124,13017,root_increment,1,-1,-1,13017,27.2668
13125,19749,root_increment,1,-1,-1,19749,27.2633
13126,7886,root_increment,1,-1,-1,7886,27.2595
13127,3206,root_increment,1,-1,-1,3206,27.2553
13128,10473,root_increment,1,-1,-1,10473,27.2516
13129,7387,root_increment,1,-1,-1,7387,27.2457
13130,11134,root_increment,1,-1,-1,11134,27.2397
13131,14521,root_increment,1,-1,-1,14521,27.2322
13132,8981,root_increment,1,-1,-1,8981,27.2287
13133,19497,root_increment,1,-1,-1,19497,27.2233
13134,9794,root_increment,1,-1,-1,9794,27.2192
13135,17392,root_increment,1,-1,-1,17392,27.2178
13136,913,root_increment,1,-1,-1,913,27.2031
13137,13133,root_increment,1,-1,-1,13133,27.2021
13138,4933,root_increment,1,-1,-1,4933,27.198
13139,19592,root_increment,1,-1,-1,19592,27.1979
13140,9658,root_increment,1,-1,-1,9658,27.1932
13141,18948,root_increment,1,-1,-1,18948,27.193
13142,19426,root_increment,1,-1,-1,19426,27.186
13143,13238,root_increment,1,-1,-1,13238,27.1802
13144,19625,root_increment,1,-1,-1,19625,27.1729
13145,11833,root_increment,1,-1,-1,11833,27.1724
13146,11438,root_increment,1,-1,-1,11438,27.1666
13147,19029,root_increment,1,-1,-1,19029,27.163
13148,6534,root_increment,1,-1,-1,6534,27.1625
13149,7720,root_increment,1,-1,-1,7720,27.1624
13150,727,root_increment,1,-1,-1,727,27.1618
13151,12721,root_increment,1,-1,-1,12721,27.1601
13152,7625,root_increment,1,-1,-1,7625,27.1599
13153,13744,root_increment,1,-1,-1,13744,27.1592
13154,10654,root_increment,1,-1,-1,10654,27.1568
13155,7129,root_increment,1,-1,-1,7129,27.1557
13156,16441,root_increment,1,-1,-1,16441,27.1554
13157,12726,root_increment,1,-1,-1,12726,27.1545
13158,18911,root_increment,1,-1,-1,18911,27.1522
13159,12225,root_increment,1,-1,-1,12225,27.1488
13160,8625,root_increment,1,-1,-1,8625,27.1485
13161,15962,root_increment,1,-1,-1,15962,27.1435
13162,11615,root_increment,1,-1,-1,11615,27.1358
13163,12018,root_increment,1,-1,-1,12018,27.1329
13164,14994,root_increment,1,-1,-1,14994,27.1326
13165,17082,root_increment,1,-1,-1,17082,27.1292
13166,6994,root_increment,1,-1,-1,6994,27.1244
13167,8532,root_increment,1,-1,-1,8532,27.1135
13168,9182,root_increment,1,-1,-1,9182,27.1117
13169,15370,root_increment,1,-1,-1,15370,27.105
13170,11913,root_increment,1,-1,-1,11913,27.105
13171,7021,root_increment,1,-1,-1,7021,27.1045
13172,12237,root_increment,1,-1,-1,12237,27.1036
13173,13552,root_increment,1,-1,-1,13552,27.1033
13174,11539,root_increment,1,-1,-1,11539,27.1006
13175,17868,root_increment,1,-1,-1,17868,27.0954
13176,15946,root_increment,1,-1,-1,15946,27.0949
13177,4981,root_increment,1,-1,-1,4981,27.0879
13178,13141,root_increment,1,-1,-1,13141,27.0868
13179,13022,root_increment,1,-1,-1,13022,27.0866
13180,14790,root_increment,1,-1,-1,14790,27.0772
13181,14231,root_increment,1,-1,-1,14231,27.0731
13182,13308,root_increment,1,-1,-1,13308,27.0689
13183,12367,root_increment,1,-1,-1,12367,27.0667
13184,19899,root_increment,1,-1,-1,19899,27.0653
13185,1995,root_increment,1,-1,-1,1995,27.062
13186,7280,root_increment,1,-1,-1,7280,27.0614
13187,14641,root_increment,1,-1,-1,14641,27.0545
13188,10982,root_increment,1,-1,-1,10982,27.0539
13189,7481,root_increment,1,-1,-1,7481,27.0512
13190,3316,root_increment,1,-1,-1,3316,27.0507
13191,17515,root_increment,1,-1,-1,17515,27.0431
13192,10735,root_increment,1,-1,-1,10735,27.0391
13193,15642,root_increment,1,-1,-1,15642,27.0367
13194,9350,root_increment,1,-1,-1,9350,27.0364
13195,9792,root_increment,1,-1,-1,9792,27.0359
13196,17909,root_increment,1,-1,-1,17909,27.0333
13197,17865,root_increment,1,-1,-1,17865,27.0183
13198,10066,root_increment,1,-1,-1,10066,27.0165
13199,571,root_increment,1,-1,-1,571,27.0162
13200,14719,root_increment,1,-1,-1,14719,27.0083
13201,14671,root_increment,1,-1,-1,14671,27.0078
13202,17737,root_increment,1,-1,-1,17737,27.0061
13203,10699,root_increment,1,-1,-1,10699,27.0026
13204,8016,root_increment,1,-1,-1,8016,27.0011
13205,10002,root_increment,1,-1,-1,10002,26.9997
13206,5858,root_increment,1,-1,-1,5858,26.9969
13207,14705,root_increment,1,-1,-1,14705,26.9957
13208,6754,root_increment,1,-1,-1,6754,26.9935
13209,13098,root_increment,1,-1,-1,13098,26.98
13210,4814,root_increment,1,-1,-1,4814,26.9793
13211,18008,root_increment,1,-1,-1,18008,26.9758
13212,11764,root_increment,1,-1,-1,11764,26.9758
13213,12481,root_increment,1,-1,-1,12481,26.9752
13214,13814,root_increment,1,-1,-1,13814,26.972
13215,303,root_increment,1,-1,-1,303,26.9703
13216,8388,root_increment,1,-1,-1,8388,26.967
13217,19417,root_increment,1,-1,-1,19417,26.9653
13218,15077,root_increment,1,-1,-1,15077,26.9638
13219,10090,root_increment,1,-1,-1,10090,26.961
13220,11890,root_increment,1,-1,-1,11890,26.9608
13221,17542,root_increment,1,-1,-1,17542,26.9567
13222,15508,root_increment,1,-1,-1,15508,26.9542
13223,5908,root_increment,1,-1,-1,5908,26.9542
13224,14258,root_increment,1,-1,-1,14258,26.9532
13225,17139,root_increment,1,-1,-1,17139,26.9519
13226,11522,root_increment,1,-1,-1,11522,26.9507
13227,16601,root_increment,1,-1,-1,16601,26.9493
13228,10981,root_increment,1,-1,-1,10981,26.9445
13229,5315,root_increment,1,-1,-1,5315,26.944
13230,5323,root_increment,1,-1,-1,5323,26.944
13231,5328,root_increment,1,-1,-1,5328,26.944
13232,5336,root_increment,1,-1,-1,5336,26.944
13233,15564,root_increment,1,-1,-1,15564,26.9381
13234,2863,root_increment,1,-1,-1,2863,26.937
13235,5361,root_increment,1,-1,-1,5361,26.9351
13236,12970,root_increment,1,-1,-1,12970,26.9351
13237,11210,root_increment,1,-1,-1,11210,26.9335
13238,12326,root_increment,1,-1,-1,12326,26.9333
13239,15481,root_increment,1,-1,-1,15481,26.9292
13240,13021,root_increment,1,-1,-1,13021,26.9267
13241,15794,root_increment,1,-1,-1,15794,26.9238
13242,14875,root_increment,1,-1,-1,14875,26.9183
13243,16348,root_increment,1,-1,-1,16348,26.9138
13244,5350,root_increment,1,-1,-1,5350,26.9111
13245,10719,root_increment,1,-1,-1,10719,26.9095
13246,10057,root_increment,1,-1,-1,10057,26.9094
13247,15999,root_increment,1,-1,-1,15999,26.9008
13248,14151,root_increment,1,-1,-1,14151,26.9003
13249,10744,root_increment,1,-1,-1,10744,26.899
13250,8330,root_increment,1,-1,-1,8330,26.8987
13251,6350,root_increment,1,-1,-1,6350,26.8982
13252,7589,root_increment,1,-1,-1,7589,26.8961
13253,14126,root_increment,1,-1,-1,14126,26.8931
13254,10799,root_increment,1,-1,-1,10799,26.8918
13255,14629,root_increment,1,-1,-1,14629,26.8898
13256,2334,root_increment,1,-1,-1,2334,26.8887
13257,13637,root_increment,1,-1,-1,13637,26.8879
13258,16604,root_increment,1,-1,-1,16604,26.8865
13259,5816,root_increment,1,-1,-1,5816,26.8809
13260,13193,root_increment,1,-1,-1,13193,26.8729
13261,283,root_increment,1,-1,-1,283,26.8721
13262,13191,root_increment,1,-1,-1,13191,26.8683
13263,9869,root_increment,1,-1,-1,9869,26.8681
13264,18989,root_increment,1,-1,-1,18989,26.8628
13265,18669,root_increment,1,-1,-1,18669,26.8505
13266,11454,root_increment,1,-1,-1,11454,26.8459
13267,9997,root_increment,1,-1,-1,9997,26.8451
13268,14591,root_increment,1,-1,-1,14591,26.8402
13269,13177,root_increment,1,-1,-1,13177,26.8376
13270,14999,root_increment,1,-1,-1,14999,26.8332
13271,9328,root_increment,1,-1,-1,9328,26.8281
13272,6306,root_increment,1,-1,-1,6306,26.8222
13273,818,root_increment,1,-1,-1,818,26.8209
13274,10868,root_increment,1,-1,-1,10868,26.8193
13275,12382,root_increment,1,-1,-1,12382,26.8131
13276,7521,root_increment,1,-1,-1,7521,26.8077
13277,8251,root_increment,1,-1,-1,8251,26.8056
13278,1902,root_increment,1,-1,-1,1902,26.804
13279,8034,root_increment,1,-1,-1,8034,26.8013
13280,6217,root_increment,1,-1,-1,6217,26.8006
13281,12132,root_increment,1,-1,-1,12132,26.7996
13282,12794,root_increment,1,-1,-1,12794,26.7975
13283,11250,root_increment,1,-1,-1,11250,26.7953
13284,9304,root_increment,1,-1,-1,9304,26.7877
13285,14113,root_increment,1,-1,-1,14113,26.7866
13286,3169,root_increment,1,-1,-1,3169,26.7822
13287,18698,root_increment,1,-1,-1,18698,26.7805
13288,9550,root_increment,1,-1,-1,9550,26.769
13289,12146,root_increment,1,-1,-1,12146,26.769
13290,13280,root_increment,1,-1,-1,13280,26.7681
13291,10092,root_increment,1,-1,-1,10092,26.7677
13292,15876,root_increment,1,-1,-1,15876,26.7593
13293,14597,root_increment,1,-1,-1,14597,26.7546
13294,13222,root_increment,1,-1,-1,13222,26.7504
13295,10814,root_increment,1,-1,-1,10814,26.7392
13296,6324,root_increment,1,-1,-1,6324,26.7383
13297,10768,root_increment,1,-1,-1,10768,26.7372
13298,12870,root_increment,1,-1,-1,12870,26.7327
13299,12266,root_increment,1,-1,-1,12266,26.7308
13300,6564,root_increment,1,-1,-1,6564,26.7238
13301,17212,root_increment,1,-1,-1,17212,26.7207
13302,7541,root_increment,1,-1,-1,7541,26.7183
13303,15026,root_increment,1,-1,-1,15026,26.7161
13304,19653,root_increment,1,-1,-1,19653,26.7144
13305,11868,root_increment,1,-1,-1,11868,26.714
13306,18339,root_increment,1,-1,-1,18339,26.7133
13307,16057,root_increment,1,-1,-1,16057,26.7101
13308,15534,root_increment,1,-1,-1,15534,26.7076
13309,6821,root_increment,1,-1,-1,6821,26.7061
13310,13164,root_increment,1,-1,-1,13164,26.7052
13311,4389,root_increment,1,-1,-1,4389,26.7045
13312,15540,root_increment,1,-1,-1,15540,26.703
13313,5641,root_increment,1,-1,-1,5641,26.7009
13314,13285,root_increment,1,-1,-1,13285,26.7008
13315,17733,root_increment,1,-1,-1,17733,26.6949
13316,12502,root_increment,1,-1,-1,12502,26.6947
13317,18588,root_increment,1,-1,-1,18588,26.6925
13318,17310,root_increment,1,-1,-1,17310,26.6918
13319,9188,root_increment,1,-1,-1,9188,26.6902
13320,8885,root_increment,1,-1,-1,8885,26.69
13321,16840,root_increment,1,-1,-1,16840,26.689
13322,18091,root_increment,1,-1,-1,18091,26.6866
13323,14528,root_increment,1,-1,-1,14528,26.6862
13324,18716,root_increment,1,-1,-1,18716,26.6822
13325,10718,root_increment,1,-1,-1,10718,26.6818
13326,11645,root_increment,1,-1,-1,11645,26.6797
13327,10020,root_increment,1,-1,-1,10020,26.6676
13328,12487,root_increment,1,-1,-1,12487,26.6584
13329,11329,root_increment,1,-1,-1,11329,26.6559
13330,16156,root_increment,1,-1,-1,16156,26.6527
13331,18113,root_increment,1,-1,-1,18113,26.6519
13332,14915,root_increment,1,-1,-1,14915,26.6494
13333,2688,root_increment,1,-1,-1,2688,26.6494
13334,8638,root_increment,1,-1,-1,8638,26.6447
13335,6342,root_increment,1,-1,-1,6342,26.6416
13336,14069,root_increment,1,-1,-1,14069,26.6362
13337,10668,root_increment,1,-1,-1,10668,26.6341
13338,14234,root_increment,1,-1,-1,14234,26.6304
13339,17235,root_increment,1,-1,-1,17235,26.6287
13340,12781,root_increment,1,-1,-1,12781,26.6248
13341,13116,root_increment,1,-1,-1,13116,26.6204
13342,9444,root_increment,1,-1,-1,9444,26.611
13343,7910,root_increment,1,-1,-1,7910,26.6037
13344,19521,root_increment,1,-1,-1,19521,26.6033
13345,1468,root_increment,1,-1,-1,1468,26.5942
13346,13092,root_increment,1,-1,-1,13092,26.5935
13347,8727,root_increment,1,-1,-1,8727,26.5935
13348,1942,root_increment,1,-1,-1,1942,26.5923
13349,12979,root_increment,1,-1,-1,12979,26.5876
13350,11498,root_increment,1,-1,-1,11498,26.5763
13351,11874,root_increment,1,-1,-1,11874,26.5761
13352,11364,root_increment,1,-1,-1,11364,26.5755
13353,15755,root_increment,1,-1,-1,15755,26.5746
13354,12270,root_increment,1,-1,-1,12270,26.5723
13355,15300,root_increment,1,-1,-1,15300,26.5701
13356,11222,root_increment,1,-1,-1,11222,26.5672
13357,12824,root_increment,1,-1,-1,12824,26.5654
13358,8157,root_increment,1,-1,-1,8157,26.56
13359,1849,root_increment,1,-1,-1,1849,26.559
13360,13321,root_increment,1,-1,-1,13321,26.5557
13361,7136,root_increment,1,-1,-1,7136,26.5536
13362,10349,root_increment,1,-1,-1,10349,26.5535
13363,17753,root_increment,1,-1,-1,17753,26.5515
13364,11408,root_increment,1,-1,-1,11408,26.5492
13365,19922,root_increment,1,-1,-1,19922,26.5473
13366,14061,root_increment,1,-1,-1,14061,26.5441
13367,10854,root_increment,1,-1,-1,10854,26.5379
13368,16712,root_increment,1,-1,-1,16712,26.5379
13369,8859,root_increment,1,-1,-1,8859,26.5291
13370,6704,root_increment,1,-1,-1,6704,26.5273
13371,11855,root_increment,1,-1,-1,11855,26.5236
13372,1062,root_increment,1,-1,-1,1062,26.5211
13373,12829,root_increment,1,-1,-1,12829,26.52
13374,14128,root_increment,1,-1,-1,14128,26.5194
13375,18085,root_increment,1,-1,-1,18085,26.5191
13376,16426,root_increment,1,-1,-1,16426,26.5163
13377,14614,root_increment,1,-1,-1,14614,26.5146
13378,13917,root_increment,1,-1,-1,13917,26.5095
13379,12336,root_increment,1,-1,-1,12336,26.5094
13380,12844,root_increment,1,-1,-1,12844,26.5037
13381,13710,root_increment,1,-1,-1,13710,26.503
13382,9195,root_increment,1,-1,-1,9195,26.501
13383,12738,root_increment,1,-1,-1,12738,26.5005
13384,11397,root_increment,1,-1,-1,11397,26.5004
13385,5539,root_increment,1,-1,-1,5539,26.4989
13386,9404,root_increment,1,-1,-1,9404,26.4973
13387,10131,root_increment,1,-1,-1,10131,26.4953
13388,10805,root_increment,1,-1,-1,10805,26.4938
13389,19656,root_increment,1,-1,-1,19656,26.493
13390,12046,root_increment,1,-1,-1,12046,26.4895
13391,1557,root_increment,1,-1,-1,1557,26.4872
13392,2410,root_increment,1,-1,-1,2410,26.4871
13393,18086,root_increment,1,-1,-1,18086,26.4851
13394,10885,root_increment,1,-1,-1,10885,26.483
13395,10752,root_increment,1,-1,-1,10752,26.4812
13396,12642,root_increment,1,-1,-1,12642,26.4788
13397,10510,root_increment,1,-1,-1,10510,26.4773
13398,9537,root_increment,1,-1,-1,9537,26.4691
13399,13252,root_increment,1,-1,-1,13252,26.467
13400,10947,root_increment,1,-1,-1,10947,26.4632
13401,19216,root_increment,1,-1,-1,19216,26.4622
13402,14451,root_increment,1,-1,-1,14451,26.4621
13403,9600,root_increment,1,-1,-1,9600,26.457
13404,15559,root_increment,1,-1,-1,15559,26.4454
13405,622,root_increment,1,-1,-1,622,26.4413
13406,9055,root_increment,1,-1,-1,9055,26.4402
13407,8982,root_increment,1,-1,-1,8982,26.4362
13408,13676,root_increment,1,-1,-1,13676,26.4315
13409,18717,root_increment,1,-1,-1,18717,26.4312
13410,10977,root_increment,1,-1,-1,10977,26.4312
13411,17774,root_increment,1,-1,-1,17774,26.4296
13412,9960,root_increment,1,-1,-1,9960,26.4292
13413,3976,root_increment,1,-1,-1,3976,26.4252
13414,12341,root_increment,1,-1,-1,12341,26.4232
13415,16603,root_increment,1,-1,-1,16603,26.4229
13416,8378,root_increment,1,-1,-1,8378,26.417
13417,14398,root_increment,1,-1,-1,14398,26.4155
13418,10872,root_increment,1,-1,-1,10872,26.4094
13419,10144,root_increment,1,-1,-1,10144,26.4044
13420,17096,root_increment,1,-1,-1,17096,26.4019
13421,8912,root_increment,1,-1,-1,8912,26.4004
13422,14081,root_increment,1,-1,-1,14081,26.4004
13423,15680,root_increment,1,-1,-1,15680,26.3984
13424,18159,root_increment,1,-1,-1,18159,26.398
13425,13938,root_increment,1,-1,-1,13938,26.3959
13426,19246,root_increment,1,-1,-1,19246,26.3945
13427,17758,root_increment,1,-1,-1,17758,26.3892
13428,12084,root_increment,1,-1,-1,12084,26.3876
13429,11812,root_increment,1,-1,-1,11812,26.387
13430,5976,root_increment,1,-1,-1,5976,26.3851
13431,16673,root_increment,1,-1,-1,16673,26.3823
13432,12486,root_increment,1,-1,-1,12486,26.3767
13433,17727,root_increment,1,-1,-1,17727,26.3741
13434,15550,root_increment,1,-1,-1,15550,26.3733
13435,12407,root_increment,1,-1,-1,12407,26.3728
13436,11758,root_increment,1,-1,-1,11758,26.3661
13437,17866,root_increment,1,-1,-1,17866,26.365
13438,12528,root_increment,1,-1,-1,12528,26.3649
13439,6806,root_increment,1,-1,-1,6806,26.3647
13440,2292,root_increment,1,-1,-1,2292,26.3616
13441,12312,root_increment,1,-1,-1,12312,26.3557
13442,10685,root_increment,1,-1,-1,10685,26.3506
13443,14636,root_increment,1,-1,-1,14636,26.3381
13444,14881,root_increment,1,-1,-1,14881,26.3317
13445,19187,root_increment,1,-1,-1,19187,26.3295
13446,13256,root_increment,1,-1,-1,13256,26.3268
13447,6920,root_increment,1,-1,-1,6920,26.3253
13448,11600,root_increment,1,-1,-1,11600,26.3246
13449,14164,root_increment,1,-1,-1,14164,26.3243
13450,11449,root_increment,1,-1,-1,11449,26.3226
13451,18017,root_increment,1,-1,-1,18017,26.3192
13452,13420,root_increment,1,-1,-1,13420,26.3137
13453,6934,root_increment,1,-1,-1,6934,26.3035
13454,10524,root_increment,1,-1,-1,10524,26.2998
13455,18111,root_increment,1,-1,-1,18111,26.2975
13456,15014,root_increment,1,-1,-1,15014,26.2933
13457,9695,root_increment,1,-1,-1,9695,26.2928
13458,12264,root_increment,1,-1,-1,12264,26.2804
13459,19061,root_increment,1,-1,-1,19061,26.2737
13460,12762,root_increment,1,-1,-1,12762,26.2731
13461,5081,root_increment,1,-1,-1,5081,26.2717
13462,4701,root_increment,1,-1,-1,4701,26.2636
13463,12465,root_increment,1,-1,-1,12465,26.2625
13464,17939,root_increment,1,-1,-1,17939,26.2581
13465,16004,root_increment,1,-1,-1,16004,26.2575
13466,16598,root_increment,1,-1,-1,16598,26.252
13467,16364,root_increment,1,-1,-1,16364,26.2493
13468,11382,root_increment,1,-1,-1,11382,26.2464
13469,11086,root_increment,1,-1,-1,11086,26.2435
13470,16395,root_increment,1,-1,-1,16395,26.2419
13471,12028,root_increment,1,-1,-1,12028,26.238
13472,1800,root_increment,1,-1,-1,1800,26.2372
13473,4219,root_increment,1,-1,-1,4219,26.236
13474,8822,root_increment,1,-1,-1,8822,26.2351
13475,10802,root_increment,1,-1,-1,10802,26.2336
13476,5429,root_increment,1,-1,-1,5429,26.2293
13477,8830,root_increment,1,-1,-1,8830,26.2246
13478,10780,root_increment,1,-1,-1,10780,26.2198
13479,12659,root_increment,1,-1,-1,12659,26.2177
13480,10531,root_increment,1,-1,-1,10531,26.2167
13481,6495,root_increment,1,-1,-1,6495,26.2135
13482,10850,root_increment,1,-1,-1,10850,26.2077
13483,17402,root_increment,1,-1,-1,17402,26.1974
13484,9936,root_increment,1,-1,-1,9936,26.1795
13485,16072,root_increment,1,-1,-1,16072,26.1776
13486,12524,root_increment,1,-1,-1,12524,26.1744
13487,832,root_increment,1,-1,-1,832,26.1718
13488,2057,root_increment,1,-1,-1,2057,26.1701
13489,4340,root_increment,1,-1,-1,4340,26.1654
13490,13657,root_increment,1,-1,-1,13657,26.1532
13491,3884,root_increment,1,-1,-1,3884,26.1531
13492,9285,root_increment,1,-1,-1,9285,26.1481
13493,9579,root_increment,1,-1,-1,9579,26.1465
13494,11010,root_increment,1,-1,-1,11010,26.1442
13495,1824,root_increment,1,-1,-1,1824,26.1353
13496,13884,root_increment,1,-1,-1,13884,26.1352
13497,536,root_increment,1,-1,-1,536,26.1294
13498,1976,root_increment,1,-1,-1,1976,26.1287
13499,9854,root_increment,1,-1,-1,9854,26.1254
13500,643,root_increment,1,-1,-1,643,26.125
13501,2586,root_increment,1,-1,-1,2586,26.1246
13502,16258,root_increment,1,-1,-1,16258,26.1244
13503,13711,root_increment,1,-1,-1,13711,26.1225
13504,7926,root_increment,1,-1,-1,7926,26.1207
13505,15176,root_increment,1,-1,-1,15176,26.1129
13506,13314,root_increment,1,-1,-1,13314,26.1101
13507,11681,root_increment,1,-1,-1,11681,26.1081
13508,11825,root_increment,1,-1,-1,11825,26.1038
13509,10773,root_increment,1,-1,-1,10773,26.0979
13510,9578,root_increment,1,-1,-1,9578,26.0972
13511,12728,root_increment,1,-1,-1,12728,26.0963
13512,11756,root_increment,1,-1,-1,11756,26.0939
13513,10235,root_increment,1,-1,-1,10235,26.0935
13514,12214,root_increment,1,-1,-1,12214,26.0911
13515,14916,root_increment,1,-1,-1,14916,26.0906
13516,13174,root_increment,1,-1,-1,13174,26.0895
13517,9931,root_increment,1,-1,-1,9931,26.0838
13518,9087,root_increment,1,-1,-1,9087,26.0798
13519,13105,root_increment,1,-1,-1,13105,26.0754
13520,13038,root_increment,1,-1,-1,13038,26.0724
13521,10549,root_increment,1,-1,-1,10549,26.0695
13522,11526,root_increment,1,-1,-1,11526,26.069
13523,8293,root_increment,1,-1,-1,8293,26.0653
13524,18569,root_increment,1,-1,-1,18569,26.0625
13525,9216,root_increment,1,-1,-1,9216,26.0591
13526,18565,root_increment,1,-1,-1,18565,26.0558
13527,16557,root_increment,1,-1,-1,16557,26.0553
13528,15002,root_increment,1,-1,-1,15002,26.0523
13529,9720,root_increment,1,-1,-1,9720,26.0516
13530,18887,root_increment,1,-1,-1,18887,26.0455
13531,3826,root_increment,1,-1,-1,3826,26.0424
13532,15827,root_increment,1,-1,-1,15827,26.0416
13533,15124,root_increment,1,-1,-1,15124,26.038
13534,12444,root_increment,1,-1,-1,12444,26.0306
13535,15265,root_increment,1,-1,-1,15265,26.0305
13536,11333,root_increment,1,-1,-1,11333,26.026
13537,17985,root_increment,1,-1,-1,17985,26.0243
13538,12277,root_increment,1,-1,-1,12277,26.0233
13539,8151,root_increment,1,-1,-1,8151,26.023
13540,7639,root_increment,1,-1,-1,7639,26.0215
13541,17399,root_increment,1,-1,-1,17399,26.0181
13542,9267,root_increment,1,-1,-1,9267,26.0167
13543,18264,root_increment,1,-1,-1,18264,26.016
13544,6518,root_increment,1,-1,-1,6518,26.0153
13545,11845,root_increment,1,-1,-1,11845,26.0145
13546,11623,root_increment,1,-1,-1,11623,26.0087
13547,5362,root_increment,1,-1,-1,5362,26.0064
13548,10948,root_increment,1,-1,-1,10948,25.9939
13549,14621,root_increment,1,-1,-1,14621,25.9916
13550,19041,root_increment,1,-1,-1,19041,25.9899
13551,11390,root_increment,1,-1,-1,11390,25.9885
13552,14539,root_increment,1,-1,-1,14539,25.9883
13553,20,root_increment,1,-1,-1,20,25.9861
13554,9850,root_increment,1,-1,-1,9850,25.9846
13555,11121,root_increment,1,-1,-1,11121,25.9834
13556,9574,root_increment,1,-1,-1,9574,25.9808
13557,4183,root_increment,1,-1,-1,4183,25.9788
13558,16301,root_increment,1,-1,-1,16301,25.9758
13559,761,root_increment,1,-1,-1,761,25.9706
13560,9224,root_increment,1,-1,-1,9224,25.9695
13561,12321,root_increment,1,-1,-1,12321,25.9521
13562,18959,root_increment,1,-1,-1,18959,25.952
13563,19572,root_increment,1,-1,-1,19572,25.9412
13564,4086,root_increment,1,-1,-1,4086,25.9399
13565,13939,root_increment,1,-1,-1,13939,25.9379
13566,12401,root_increment,1,-1,-1,12401,25.9329
13567,13258,root_increment,1,-1,-1,13258,25.9326
13568,13136,root_increment,1,-1,-1,13136,25.9291
13569,18703,root_increment,1,-1,-1,18703,25.9274
13570,13386,root_increment,1,-1,-1,13386,25.9233
13571,1434,root_increment,1,-1,-1,1434,25.9141
13572,14959,root_increment,1,-1,-1,14959,25.9129
13573,5900,root_increment,1,-1,-1,5900,25.9111
13574,13485,root_increment,1,-1,-1,13485,25.9098
13575,13065,root_increment,1,-1,-1,13065,25.9068
13576,7528,root_increment,1,-1,-1,7528,25.9041
13577,19215,root_increment,1,-1,-1,19215,25.9029
13578,15038,root_increment,1,-1,-1,15038,25.8997
13579,18988,root_increment,1,-1,-1,18988,25.8984
13580,7607,root_increment,1,-1,-1,7607,25.8957
13581,14413,root_increment,1,-1,-1,14413,25.8881
13582,10770,root_increment,1,-1,-1,10770,25.8879
13583,17184,root_increment,1,-1,-1,17184,25.8834
13584,4028,root_increment,1,-1,-1,4028,25.8825
13585,15110,root_increment,1,-1,-1,15110,25.8779
13586,11340,root_increment,1,-1,-1,11340,25.8766
13587,18313,root_increment,1,-1,-1,18313,25.8752
13588,13185,root_increment,1,-1,-1,13185,25.8734
13589,2175,root_increment,1,-1,-1,2175,25.8722
13590,12956,root_increment,1,-1,-1,12956,25.87
13591,10140,root_increment,1,-1,-1,10140,25.8692
13592,5074,root_increment,1,-1,-1,5074,25.8687
13593,8186,root_increment,1,-1,-1,8186,25.8556
13594,18039,root_increment,1,-1,-1,18039,25.8545
13595,12868,root_increment,1,-1,-1,12868,25.8508
13596,19013,root_increment,1,-1,-1,19013,25.8504
13597,17433,root_increment,1,-1,-1,17433,25.8465
13598,17781,root_increment,1,-1,-1,17781,25.8456
13599,14514,root_increment,1,-1,-1,14514,25.8453
13600,10220,root_increment,1,-1,-1,10220,25.8438
13601,12011,root_increment,1,-1,-1,12011,25.8432
13602,18185,root_increment,1,-1,-1,18185,25.8429
13603,19133,root_increment,1,-1,-1,19133,25.841
13604,19231,root_increment,1,-1,-1,19231,25.8401
13605,16283,root_increment,1,-1,-1,16283,25.8314
13606,8411,root_increment,1,-1,-1,8411,25.8313
13607,17156,root_increment,1,-1,-1,17156,25.8312
13608,15819,root_increment,1,-1,-1,15819,25.8311
13609,13145,root_increment,1,-1,-1,13145,25.8284
13610,11963,root_increment,1,-1,-1,11963,25.8272
13611,6712,root_increment,1,-1,-1,6712,25.8219
13612,3070,root_increment,1,-1,-1,3070,25.82
13613,11629,root_increment,1,-1,-1,11629,25.8133
13614,9874,root_increment,1,-1,-1,9874,25.8124
13615,14361,root_increment,1,-1,-1,14361,25.8062
13616,2421,root_increment,1,-1,-1,2421,25.8048
13617,8693,root_increment,1,-1,-1,8693,25.8007
13618,18917,root_increment,1,-1,-1,18917,25.798
13619,18563,root_increment,1,-1,-1,18563,25.7967
13620,1146,root_increment,1,-1,-1,1146,25.7965
13621,6293,root_increment,1,-1,-1,6293,25.7929
13622,7563,root_increment,1,-1,-1,7563,25.7913
13623,4096,root_increment,1,-1,-1,4096,25.7912
13624,10849,root_increment,1,-1,-1,10849,25.7842
13625,5552,root_increment,1,-1,-1,5552,25.7796
13626,15340,root_increment,1,-1,-1,15340,25.7787
13627,3007,root_increment,1,-1,-1,3007,25.773
13628,8066,root_increment,1,-1,-1,8066,25.7721
13629,3148,root_increment,1,-1,-1,3148,25.7665
13630,11331,root_increment,1,-1,-1,11331,25.7656
13631,7584,root_increment,1,-1,-1,7584,25.7612
13632,4842,root_increment,1,-1,-1,4842,25.7575
13633,19158,root_increment,1,-1,-1,19158,25.7565
13634,10023,root_increment,1,-1,-1,10023,25.7527
13635,13380,root_increment,1,-1,-1,13380,25.7523
13636,18352,root_increment,1,-1,-1,18352,25.7495
13637,9994,root_increment,1,-1,-1,9994,25.746
13638,14775,root_increment,1,-1,-1,14775,25.7361
13639,9798,root_increment,1,-1,-1,9798,25.7329
13640,13128,root_increment,1,-1,-1,13128,25.7317
13641,17630,root_increment,1,-1,-1,17630,25.7284
13642,17950,root_increment,1,-1,-1,17950,25.7271
13643,10196,root_increment,1,-1,-1,10196,25.7225
13644,7647,root_increment,1,-1,-1,7647,25.7209
13645,13339,root_increment,1,-1,-1,13339,25.7169
13646,9941,root_increment,1,-1,-1,9941,25.7168
13647,11694,root_increment,1,-1,-1,11694,25.7162
13648,651,root_increment,1,-1,-1,651,25.7106
13649,1748,root_increment,1,-1,-1,1748,25.7034
13650,11392,root_increment,1,-1,-1,11392,25.7016
13651,14599,root_increment,1,-1,-1,14599,25.7003
13652,11528,root_increment,1,-1,-1,11528,25.6986
13653,17983,root_increment,1,-1,-1,17983,25.6983
13654,10755,root_increment,1,-1,-1,10755,25.6979
13655,16839,root_increment,1,-1,-1,16839,25.69
13656,17597,root_increment,1,-1,-1,17597,25.6837
13657,9277,root_increment,1,-1,-1,9277,25.6787
13658,10269,root_increment,1,-1,-1,10269,25.6779
13659,11605,root_increment,1,-1,-1,11605,25.6734
13660,12757,root_increment,1,-1,-1,12757,25.6713
13661,17547,root_increment,1,-1,-1,17547,25.6702
13662,14255,root_increment,1,-1,-1,14255,25.6687
13663,6128,root_increment,1,-1,-1,6128,25.6672
13664,8371,root_increment,1,-1,-1,8371,25.666
13665,12722,root_increment,1,-1,-1,12722,25.6613
13666,8667,root_increment,1,-1,-1,8667,25.6566
13667,1883,root_increment,1,-1,-1,1883,25.6533
13668,9777,root_increment,1,-1,-1,9777,25.6497
13669,10517,root_increment,1,-1,-1,10517,25.6477
13670,16199,root_increment,1,-1,-1,16199,25.6476
13671,14319,root_increment,1,-1,-1,14319,25.6424
13672,18101,root_increment,1,-1,-1,18101,25.6406
13673,5913,root_increment,1,-1,-1,5913,25.6381
13674,7796,root_increment,1,-1,-1,7796,25.6324
13675,18580,root_increment,1,-1,-1,18580,25.6306
13676,19628,root_increment,1,-1,-1,19628,25.6301
13677,10170,root_increment,1,-1,-1,10170,25.6282
13678,15539,root_increment,1,-1,-1,15539,25.6273
13679,12141,root_increment,1,-1,-1,12141,25.6195
13680,2227,root_increment,1,-1,-1,2227,25.6179
13681,11895,root_increment,1,-1,-1,11895,25.6169
13682,13916,root_increment,1,-1,-1,13916,25.6166
13683,5698,root_increment,1,-1,-1,5698,25.6148
13684,12495,root_increment,1,-1,-1,12495,25.614
13685,12689,root_increment,1,-1,-1,12689,25.6027
13686,112,root_increment,1,-1,-1,112,25.6004
13687,16515,root_increment,1,-1,-1,16515,25.5987
13688,7361,root_increment,1,-1,-1,7361,25.5902
13689,13373,root_increment,1,-1,-1,13373,25.5818
13690,11334,root_increment,1,-1,-1,11334,25.5816
13691,15399,root_increment,1,-1,-1,15399,25.5706
13692,8545,root_increment,1,-1,-1,8545,25.57
13693,1970,root_increment,1,-1,-1,1970,25.564
13694,12273,root_increment,1,-1,-1,12273,25.562
13695,17941,root_increment,1,-1,-1,17941,25.556
13696,8864,root_increment,1,-1,-1,8864,25.5495
13697,12831,root_increment,1,-1,-1,12831,25.529
13698,8945,root_increment,1,-1,-1,8945,25.5248
13699,16815,root_increment,1,-1,-1,16815,25.5245
13700,12820,root_increment,1,-1,-1,12820,25.5223
13701,6783,root_increment,1,-1,-1,6783,25.5208
13702,3711,root_increment,1,-1,-1,3711,25.5202
13703,2332,root_increment,1,-1,-1,2332,25.5187
13704,14483,root_increment,1,-1,-1,14483,25.5104
13705,14858,root_increment,1,-1,-1,14858,25.5097
13706,4591,root_increment,1,-1,-1,4591,25.5033
13707,17679,root_increment,1,-1,-1,17679,25.5016
13708,12742,root_increment,1,-1,-1,12742,25.4971
13709,13281,root_increment,1,-1,-1,13281,25.4912
13710,6089,root_increment,1,-1,-1,6089,25.4847
13711,13233,root_increment,1,-1,-1,13233,25.482
13712,1609,root_increment,1,-1,-1,1609,25.4758
13713,15019,root_increment,1,-1,-1,15019,25.4758
13714,7503,root_increment,1,-1,-1,7503,25.4744
13715,292,root_increment,1,-1,-1,292,25.4685
13716,14656,root_increment,1,-1,-1,14656,25.4648
13717,11709,root_increment,1,-1,-1,11709,25.4638
13718,13389,root_increment,1,-1,-1,13389,25.4631
13719,7576,root_increment,1,-1,-1,7576,25.4592
13720,12373,root_increment,1,-1,-1,12373,25.4481
13721,18958,root_increment,1,-1,-1,18958,25.446
13722,13735,root_increment,1,-1,-1,13735,25.4454
13723,18369,root_increment,1,-1,-1,18369,25.4453
13724,12954,root_increment,1,-1,-1,12954,25.4452
13725,12470,root_increment,1,-1,-1,12470,25.4415
13726,10771,root_increment,1,-1,-1,10771,25.4401
13727,1080,root_increment,1,-1,-1,1080,25.4363
13728,18952,root_increment,1,-1,-1,18952,25.4334
13729,6706,root_increment,1,-1,-1,6706,25.4318
13730,11011,root_increment,1,-1,-1,11011,25.4287
13731,9944,root_increment,1,-1,-1,9944,25.4284
13732,11711,root_increment,1,-1,-1,11711,25.4163
13733,12708,root_increment,1,-1,-1,12708,25.4123
13734,9841,root_increment,1,-1,-1,9841,25.4053
13735,17182,root_increment,1,-1,-1,17182,25.3993
13736,4115,root_increment,1,-1,-1,4115,25.3974
13737,18997,root_increment,1,-1,-1,18997,25.3965
13738,5620,root_increment,1,-1,-1,5620,25.3949
13739,12536,root_increment,1,-1,-1,12536,25.3945
13740,9065,root_increment,1,-1,-1,9065,25.3914
13741,13372,root_increment,1,-1,-1,13372,25.3911
13742,13085,root_increment,1,-1,-1,13085,25.3908
13743,12467,root_increment,1,-1,-1,12467,25.3895
13744,8259,root_increment,1,-1,-1,8259,25.3887
13745,15025,root_increment,1,-1,-1,15025,25.3868
13746,10747,root_increment,1,-1,-1,10747,25.3855
13747,8825,root_increment,1,-1,-1,8825,25.3852
13748,8833,root_increment,1,-1,-1,8833,25.3841
13749,13522,root_increment,1,-1,-1,13522,25.3838
13750,4044,root_increment,1,-1,-1,4044,25.3834
13751,8610,root_increment,1,-1,-1,8610,25.3828
13752,18864,root_increment,1,-1,-1,18864,25.3823
13753,18896,root_increment,1,-1,-1,18896,25.3779
13754,6895,root_increment,1,-1,-1,6895,25.3713
13755,9311,root_increment,1,-1,-1,9311,25.3709
13756,3421,root_increment,1,-1,-1,3421,25.3708
13757,14541,root_increment,1,-1,-1,14541,25.3688
13758,11277,root_increment,1,-1,-1,11277,25.3657
13759,12715,root_increment,1,-1,-1,12715,25.359
13760,19191,root_increment,1,-1,-1,19191,25.3534
13761,16128,root_increment,1,-1,-1,16128,25.3519
13762,15623,root_increment,1,-1,-1,15623,25.3473
13763,10791,root_increment,1,-1,-1,10791,25.344
13764,3628,root_increment,1,-1,-1,3628,25.3432
13765,12490,root_increment,1,-1,-1,12490,25.3389
13766,13348,root_increment,1,-1,-1,13348,25.3353
13767,10997,root_increment,1,-1,-1,10997,25.3352
13768,16692,root_increment,1,-1,-1,16692,25.3306
13769,18861,root_increment,1,-1,-1,18861,25.3279
13770,18673,root_increment,1,-1,-1,18673,25.3166
13771,10716,root_increment,1,-1,-1,10716,25.3161
13772,10757,root_increment,1,-1,-1,10757,25.3109
13773,11999,root_increment,1,-1,-1,11999,25.308
13774,16152,root_increment,1,-1,-1,16152,25.3044
13775,10254,root_increment,1,-1,-1,10254,25.301
13776,18704,root_increment,1,-1,-1,18704,25.2967
13777,10176,root_increment,1,-1,-1,10176,25.2957
13778,16253,root_increment,1,-1,-1,16253,25.2943
13779,16368,root_increment,1,-1,-1,16368,25.2939
13780,18455,root_increment,1,-1,-1,18455,25.291
13781,8068,root_increment,1,-1,-1,8068,25.2879
13782,2138,root_increment,1,-1,-1,2138,25.2875
13783,19046,root_increment,1,-1,-1,19046,25.2861
13784,12709,root_increment,1,-1,-1,12709,25.2839
13785,4059,root_increment,1,-1,-1,4059,25.2825
13786,13458,root_increment,1,-1,-1,13458,25.2804
13787,19297,root_increment,1,-1,-1,19297,25.2788
13788,13370,root_increment,1,-1,-1,13370,25.2767
13789,18098,root_increment,1,-1,-1,18098,25.2727
13790,7439,root_increment,1,-1,-1,7439,25.272
13791,10366,root_increment,1,-1,-1,10366,25.2715
13792,12323,root_increment,1,-1,-1,12323,25.268
13793,12792,root_increment,1,-1,-1,12792,25.2673
13794,19616,root_increment,1,-1,-1,19616,25.267
13795,11661,root_increment,1,-1,-1,11661,25.2646
13796,8405,root_increment,1,-1,-1,8405,25.2642
13797,18595,root_increment,1,-1,-1,18595,25.258
13798,18897,root_increment,1,-1,-1,18897,25.2559
13799,98,root_increment,1,-1,-1,98,25.254
13800,17721,root_increment,1,-1,-1,17721,25.25
13801,19467,root_increment,1,-1,-1,19467,25.246
13802,12531,root_increment,1,-1,-1,12531,25.2428
13803,19217,root_increment,1,-1,-1,19217,25.2377
13804,10293,root_increment,1,-1,-1,10293,25.2269
13805,14433,root_increment,1,-1,-1,14433,25.2259
13806,19439,root_increment,1,-1,-1,19439,25.225
13807,10962,root_increment,1,-1,-1,10962,25.224
13808,13471,root_increment,1,-1,-1,13471,25.2237
13809,7143,root_increment,1,-1,-1,7143,25.2133
13810,13813,root_increment,1,-1,-1,13813,25.2092
13811,5209,root_increment,1,-1,-1,5209,25.2082
13812,7116,root_increment,1,-1,-1,7116,25.2064
13813,7124,root_increment,1,-1,-1,7124,25.2064
13814,4185,root_increment,1,-1,-1,4185,25.2031
13815,12711,root_increment,1,-1,-1,12711,25.2022
13816,10949,root_increment,1,-1,-1,10949,25.202
13817,10764,root_increment,1,-1,-1,10764,25.1991
13818,15947,root_increment,1,-1,-1,15947,25.1979
13819,13353,root_increment,1,-1,-1,13353,25.1969
13820,1241,root_increment,1,-1,-1,1241,25.1962
13821,14933,root_increment,1,-1,-1,14933,25.1923
13822,13196,root_increment,1,-1,-1,13196,25.1893
13823,14910,root_increment,1,-1,-1,14910,25.1867
13824,11309,root_increment,1,-1,-1,11309,25.1854
13825,8856,root_increment,1,-1,-1,8856,25.18
13826,11976,root_increment,1,-1,-1,11976,25.177
13827,17425,root_increment,1,-1,-1,17425,25.1768
13828,14254,root_increment,1,-1,-1,14254,25.1717
13829,11350,root_increment,1,-1,-1,11350,25.1711
13830,12010,root_increment,1,-1,-1,12010,25.1598
13831,19743,root_increment,1,-1,-1,19743,25.1576
13832,11656,root_increment,1,-1,-1,11656,25.1573
13833,17732,root_increment,1,-1,-1,17732,25.1505
13834,11796,root_increment,1,-1,-1,11796,25.1501
13835,8672,root_increment,1,-1,-1,8672,25.1409
13836,8793,root_increment,1,-1,-1,8793,25.1388
13837,6618,root_increment,1,-1,-1,6618,25.1379
13838,9630,root_increment,1,-1,-1,9630,25.1357
13839,7010,root_increment,1,-1,-1,7010,25.1354
13840,17140,root_increment,1,-1,-1,17140,25.1326
13841,19445,root_increment,1,-1,-1,19445,25.1324
13842,8953,root_increment,1,-1,-1,8953,25.1293
13843,15720,root_increment,1,-1,-1,15720,25.1289
13844,10124,root_increment,1,-1,-1,10124,25.1275
13845,13991,root_increment,1,-1,-1,13991,25.1275
13846,5708,root_increment,1,-1,-1,5708,25.1256
13847,17086,root_increment,1,-1,-1,17086,25.1217
13848,11630,root_increment,1,-1,-1,11630,25.115
13849,17645,root_increment,1,-1,-1,17645,25.1135
13850,11409,root_increment,1,-1,-1,11409,25.1077
13851,12208,root_increment,1,-1,-1,12208,25.1067
13852,19745,root_increment,1,-1,-1,19745,25.1039
13853,15892,root_increment,1,-1,-1,15892,25.1035
13854,11937,root_increment,1,-1,-1,11937,25.103
13855,16913,root_increment,1,-1,-1,16913,25.1022
13856,12593,root_increment,1,-1,-1,12593,25.098
13857,10359,root_increment,1,-1,-1,10359,25.0914
13858,12991,root_increment,1,-1,-1,12991,25.0905
13859,19560,root_increment,1,-1,-1,19560,25.0714
13860,8917,root_increment,1,-1,-1,8917,25.0711
13861,70,root_increment,1,-1,-1,70,25.0692
13862,19255,root_increment,1,-1,-1,19255,25.0683
13863,18178,root_increment,1,-1,-1,18178,25.0604
13864,6272,root_increment,1,-1,-1,6272,25.0593
13865,11183,root_increment,1,-1,-1,11183,25.0566
13866,10216,root_increment,1,-1,-1,10216,25.0517
13867,10775,root_increment,1,-1,-1,10775,25.0495
13868,9989,root_increment,1,-1,-1,9989,25.0448
13869,16927,root_increment,1,-1,-1,16927,25.0442
13870,6146,root_increment,1,-1,-1,6146,25.0422
13871,9963,root_increment,1,-1,-1,9963,25.0388
13872,13730,root_increment,1,-1,-1,13730,25.0382
13873,5136,root_increment,1,-1,-1,5136,25.0356
13874,18042,root_increment,1,-1,-1,18042,25.031
13875,4586,root_increment,1,-1,-1,4586,25.0272
13876,16186,root_increment,1,-1,-1,16186,25.0265
13877,14416,root_increment,1,-1,-1,14416,25.026
13878,16105,root_increment,1,-1,-1,16105,25.0255
13879,10078,root_increment,1,-1,-1,10078,25.0203
13880,19415,root_increment,1,-1,-1,19415,25.02
13881,12882,root_increment,1,-1,-1,12882,25.0186
13882,11740,root_increment,1,-1,-1,11740,25.0177
13883,19119,root_increment,1,-1,-1,19119,25.0165
13884,8471,root_increment,1,-1,-1,8471,25.0156
13885,16934,root_increment,1,-1,-1,16934,25.0127
13886,811,root_increment,1,-1,-1,811,25.0076
13887,13527,root_increment,1,-1,-1,13527,24.9993
13888,14271,root_increment,1,-1,-1,14271,24.9905
13889,10287,root_increment,1,-1,-1,10287,24.9862
13890,8995,root_increment,1,-1,-1,8995,24.9838
13891,19875,root_increment,1,-1,-1,19875,24.9765
13892,15190,root_increment,1,-1,-1,15190,24.9751
13893,4730,root_increment,1,-1,-1,4730,24.9688
13894,13591,root_increment,1,-1,-1,13591,24.965
13895,18322,root_increment,1,-1,-1,18322,24.9641
13896,11616,root_increment,1,-1,-1,11616,24.9608
13897,15705,root_increment,1,-1,-1,15705,24.9596
13898,9211,root_increment,1,-1,-1,9211,24.9589
13899,12292,root_increment,1,-1,-1,12292,24.9554
13900,15514,root_increment,1,-1,-1,15514,24.9512
13901,12197,root_increment,1,-1,-1,12197,24.9447
13902,15045,root_increment,1,-1,-1,15045,24.9437
13903,18389,root_increment,1,-1,-1,18389,24.9408
13904,17233,root_increment,1,-1,-1,17233,24.9401
13905,12368,root_increment,1,-1,-1,12368,24.9395
13906,16647,root_increment,1,-1,-1,16647,24.938
13907,13058,root_increment,1,-1,-1,13058,24.9376
13908,19892,root_increment,1,-1,-1,19892,24.9369
13909,2502,root_increment,1,-1,-1,2502,24.933
13910,11939,root_increment,1,-1,-1,11939,24.9302
13911,16033,root_increment,1,-1,-1,16033,24.9239
13912,11931,root_increment,1,-1,-1,11931,24.9214
13913,6230,root_increment,1,-1,-1,6230,24.9209
13914,16320,root_increment,1,-1,-1,16320,24.9199
13915,15685,root_increment,1,-1,-1,15685,24.9163
13916,14488,root_increment,1,-1,-1,14488,24.9152
13917,14404,root_increment,1,-1,-1,14404,24.9068
13918,562,root_increment,1,-1,-1,562,24.9056
13919,4866,root_increment,1,-1,-1,4866,24.9036
13920,9414,root_increment,1,-1,-1,9414,24.8967
13921,4827,root_increment,1,-1,-1,4827,24.8948
13922,19304,root_increment,1,-1,-1,19304,24.8947
13923,11153,root_increment,1,-1,-1,11153,24.8915
13924,16939,root_increment,1,-1,-1,16939,24.89
13925,14593,root_increment,1,-1,-1,14593,24.8878
13926,7034,root_increment,1,-1,-1,7034,24.8868
13927,12008,root_increment,1,-1,-1,12008,24.8856
13928,13794,root_increment,1,-1,-1,13794,24.8703
13929,11436,root_increment,1,-1,-1,11436,24.8692
13930,18059,root_increment,1,-1,-1,18059,24.8636
13931,3057,root_increment,1,-1,-1,3057,24.8606
13932,3840,root_increment,1,-1,-1,3840,24.8592
13933,7932,root_increment,1,-1,-1,7932,24.8582
13934,19333,root_increment,1,-1,-1,19333,24.858
13935,13161,root_increment,1,-1,-1,13161,24.8572
13936,16878,root_increment,1,-1,-1,16878,24.857
13937,15669,root_increment,1,-1,-1,15669,24.85
13938,19220,root_increment,1,-1,-1,19220,24.8479
13939,19459,root_increment,1,-1,-1,19459,24.8376
13940,11097,root_increment,1,-1,-1,11097,24.8262
13941,12003,root_increment,1,-1,-1,12003,24.8189
13942,2046,root_increment,1,-1,-1,2046,24.8168
13943,15429,root_increment,1,-1,-1,15429,24.8141
13944,13635,root_increment,1,-1,-1,13635,24.8092
13945,14945,root_increment,1,-1,-1,14945,24.8081
13946,19301,root_increment,1,-1,-1,19301,24.808
13947,19622,root_increment,1,-1,-1,19622,24.8061
13948,10955,root_increment,1,-1,-1,10955,24.8051
13949,11821,root_increment,1,-1,-1,11821,24.8043
13950,1955,root_increment,1,-1,-1,1955,24.8041
13951,12167,root_increment,1,-1,-1,12167,24.8004
13952,9919,root_increment,1,-1,-1,9919,24.799
13953,11500,root_increment,1,-1,-1,11500,24.7967
13954,17253,root_increment,1,-1,-1,17253,24.7955
13955,13583,root_increment,1,-1,-1,13583,24.7877
13956,5803,root_increment,1,-1,-1,5803,24.7869
13957,16133,root_increment,1,-1,-1,16133,24.7762
13958,11501,root_increment,1,-1,-1,11501,24.7753
13959,2821,root_increment,1,-1,-1,2821,24.7746
13960,9602,root_increment,1,-1,-1,9602,24.7721
13961,8088,root_increment,1,-1,-1,8088,24.7697
13962,13741,root_increment,1,-1,-1,13741,24.7679
13963,17815,root_increment,1,-1,-1,17815,24.762
13964,17819,root_increment,1,-1,-1,17819,24.7612
13965,13577,root_increment,1,-1,-1,13577,24.7514
13966,17949,root_increment,1,-1,-1,17949,24.7506
13967,4806,root_increment,1,-1,-1,4806,24.7499
13968,16838,root_increment,1,-1,-1,16838,24.7499
13969,14531,root_increment,1,-1,-1,14531,24.7435
13970,13107,root_increment,1,-1,-1,13107,24.7422
13971,9842,root_increment,1,-1,-1,9842,24.7414
13972,2260,root_increment,1,-1,-1,2260,24.7406
13973,2281,root_increment,1,-1,-1,2281,24.7406
13974,2294,root_increment,1,-1,-1,2294,24.7406
13975,16090,root_increment,1,-1,-1,16090,24.7392
13976,8439,root_increment,1,-1,-1,8439,24.7327
13977,18131,root_increment,1,-1,-1,18131,24.7292
13978,18760,root_increment,1,-1,-1,18760,24.729
13979,11165,root_increment,1,-1,-1,11165,24.7283
13980,17449,root_increment,1,-1,-1,17449,24.7271
13981,18770,root_increment,1,-1,-1,18770,24.7257
13982,19198,root_increment,1,-1,-1,19198,24.7248
13983,19325,root_increment,1,-1,-1,19325,24.7218
13984,13494,root_increment,1,-1,-1,13494,24.7175
13985,11168,root_increment,1,-1,-1,11168,24.7165
13986,1559,root_increment,1,-1,-1,1559,24.7118
13987,9315,root_increment,1,-1,-1,9315,24.7089
13988,13257,root_increment,1,-1,-1,13257,24.7077
13989,10745,root_increment,1,-1,-1,10745,24.6991
13990,9846,root_increment,1,-1,-1,9846,24.6906
13991,2677,root_increment,1,-1,-1,2677,24.6879
13992,12511,root_increment,1,-1,-1,12511,24.6868
13993,13342,root_increment,1,-1,-1,13342,24.682
13994,18342,root_increment,1,-1,-1,18342,24.6814
13995,7909,root_increment,1,-1,-1,7909,24.6791
13996,5447,root_increment,1,-1,-1,5447,24.6728
13997,4416,root_increment,1,-1,-1,4416,24.6708
13998,16201,root_increment,1,-1,-1,16201,24.669
13999,10666,root_increment,1,-1,-1,10666,24.6659
14000,2359,root_increment,1,-1,-1,2359,24.6643
14001,4620,root_increment,1,-1,-1,4620,24.6638
14002,8377,root_increment,1,-1,-1,8377,24.6636
14003,11527,root_increment,1,-1,-1,11527,24.6633
14004,8081,root_increment,1,-1,-1,8081,24.6617
14005,16366,root_increment,1,-1,-1,16366,24.6612
14006,7693,root_increment,1,-1,-1,7693,24.6594
14007,17138,root_increment,1,-1,-1,17138,24.6584
14008,5586,root_increment,1,-1,-1,5586,24.6562
14009,11772,root_increment,1,-1,-1,11772,24.6523
14010,7638,root_increment,1,-1,-1,7638,24.6511
14011,12387,root_increment,1,-1,-1,12387,24.6501
14012,7277,root_increment,1,-1,-1,7277,24.6477
14013,13393,root_increment,1,-1,-1,13393,24.6455
14014,164,root_increment,1,-1,-1,164,24.6448
14015,5730,root_increment,1,-1,-1,5730,24.6429
14016,10094,root_increment,1,-1,-1,10094,24.6427
14017,11252,root_increment,1,-1,-1,11252,24.6401
14018,9757,root_increment,1,-1,-1,9757,24.6394
14019,14816,root_increment,1,-1,-1,14816,24.6388
14020,13868,root_increment,1,-1,-1,13868,24.6382
14021,17313,root_increment,1,-1,-1,17313,24.6371
14022,6937,root_increment,1,-1,-1,6937,24.6364
14023,12501,root_increment,1,-1,-1,12501,24.6353
14024,630,root_increment,1,-1,-1,630,24.6351
14025,18847,root_increment,1,-1,-1,18847,24.6347
14026,9219,root_increment,1,-1,-1,9219,24.6318
14027,10028,root_increment,1,-1,-1,10028,24.6282
14028,12103,root_increment,1,-1,-1,12103,24.6262
14029,3279,root_increment,1,-1,-1,3279,24.6225
14030,12338,root_increment,1,-1,-1,12338,24.6193
14031,9849,root_increment,1,-1,-1,9849,24.6129
14032,6392,root_increment,1,-1,-1,6392,24.6116
14033,18943,root_increment,1,-1,-1,18943,24.6074
14034,5842,root_increment,1,-1,-1,5842,24.6059
14035,11297,root_increment,1,-1,-1,11297,24.6042
14036,14022,root_increment,1,-1,-1,14022,24.604
14037,10741,root_increment,1,-1,-1,10741,24.6007
14038,12343,root_increment,1,-1,-1,12343,24.5998
14039,11659,root_increment,1,-1,-1,11659,24.5975
14040,10455,root_increment,1,-1,-1,10455,24.5894
14041,11862,root_increment,1,-1,-1,11862,24.5824
14042,19221,root_increment,1,-1,-1,19221,24.5806
14043,16776,root_increment,1,-1,-1,16776,24.5758
14044,8673,root_increment,1,-1,-1,8673,24.5741
14045,5772,root_increment,1,-1,-1,5772,24.5694
14046,18493,root_increment,1,-1,-1,18493,24.569
14047,11496,root_increment,1,-1,-1,11496,24.5653
14048,4444,root_increment,1,-1,-1,4444,24.5631
14049,7947,root_increment,1,-1,-1,7947,24.5613
14050,11820,root_increment,1,-1,-1,11820,24.5584
14051,13992,root_increment,1,-1,-1,13992,24.5573
14052,16533,root_increment,1,-1,-1,16533,24.5566
14053,9322,root_increment,1,-1,-1,9322,24.5562
14054,9003,root_increment,1,-1,-1,9003,24.554
14055,19263,root_increment,1,-1,-1,19263,24.5526
14056,12078,root_increment,1,-1,-1,12078,24.5515
14057,10976,root_increment,1,-1,-1,10976,24.5488
14058,13423,root_increment,1,-1,-1,13423,24.5485
14059,9241,root_increment,1,-1,-1,9241,24.5405
14060,13808,root_increment,1,-1,-1,13808,24.5352
14061,16491,root_increment,1,-1,-1,16491,24.5327
14062,6957,root_increment,1,-1,-1,6957,24.5291
14063,16473,root_increment,1,-1,-1,16473,24.5262
14064,13340,root_increment,1,-1,-1,13340,24.5255
14065,15616,root_increment,1,-1,-1,15616,24.5136
14066,13086,root_increment,1,-1,-1,13086,24.5095
14067,10587,root_increment,1,-1,-1,10587,24.5064
14068,10818,root_increment,1,-1,-1,10818,24.5051
14069,5214,root_increment,1,-1,-1,5214,24.4943
14070,11451,root_increment,1,-1,-1,11451,24.4933
14071,17252,root_increment,1,-1,-1,17252,24.4912
14072,13799,root_increment,1,-1,-1,13799,24.4776
14073,19444,root_increment,1,-1,-1,19444,24.4746
14074,12105,root_increment,1,-1,-1,12105,24.4658
14075,8329,root_increment,1,-1,-1,8329,24.4649
14076,6159,root_increment,1,-1,-1,6159,24.4647
14077,19654,root_increment,1,-1,-1,19654,24.4621
14078,19917,root_increment,1,-1,-1,19917,24.4582
14079,16636,root_increment,1,-1,-1,16636,24.4551
14080,15231,root_increment,1,-1,-1,15231,24.4526
14081,18267,root_increment,1,-1,-1,18267,24.4483
14082,17521,root_increment,1,-1,-1,17521,24.4435
14083,15566,root_increment,1,-1,-1,15566,24.4433
14084,588,root_increment,1,-1,-1,588,24.4361
14085,14644,root_increment,1,-1,-1,14644,24.4361
14086,12598,root_increment,1,-1,-1,12598,24.434
14087,7941,root_increment,1,-1,-1,7941,24.4326
14088,19877,root_increment,1,-1,-1,19877,24.4278
14089,2798,root_increment,1,-1,-1,2798,24.4252
14090,863,root_increment,1,-1,-1,863,24.4249
14091,19169,root_increment,1,-1,-1,19169,24.4084
14092,13333,root_increment,1,-1,-1,13333,24.3985
14093,14447,root_increment,1,-1,-1,14447,24.3957
14094,17967,root_increment,1,-1,-1,17967,24.3957
14095,18005,root_increment,1,-1,-1,18005,24.3943
14096,282,root_increment,1,-1,-1,282,24.393
14097,12300,root_increment,1,-1,-1,12300,24.382
14098,11730,root_increment,1,-1,-1,11730,24.3689
14099,7052,root_increment,1,-1,-1,7052,24.3616
14100,9787,root_increment,1,-1,-1,9787,24.3596
14101,1753,root_increment,1,-1,-1,1753,24.3575
14102,10930,root_increment,1,-1,-1,10930,24.3534
14103,5731,root_increment,1,-1,-1,5731,24.3465
14104,5744,root_increment,1,-1,-1,5744,24.3465
14105,5752,root_increment,1,-1,-1,5752,24.3465
14106,5757,root_increment,1,-1,-1,5757,24.3465
14107,15904,root_increment,1,-1,-1,15904,24.3447
14108,19737,root_increment,1,-1,-1,19737,24.3413
14109,17614,root_increment,1,-1,-1,17614,24.3412
14110,18858,root_increment,1,-1,-1,18858,24.3348
14111,15228,root_increment,1,-1,-1,15228,24.3251
14112,13798,root_increment,1,-1,-1,13798,24.3235
14113,8725,root_increment,1,-1,-1,8725,24.3229
14114,13384,root_increment,1,-1,-1,13384,24.3211
14115,16313,root_increment,1,-1,-1,16313,24.3188
14116,10288,root_increment,1,-1,-1,10288,24.3155
14117,18532,root_increment,1,-1,-1,18532,24.3149
14118,12327,root_increment,1,-1,-1,12327,24.3147
14119,11476,root_increment,1,-1,-1,11476,24.3097
14120,14277,root_increment,1,-1,-1,14277,24.3081
14121,13930,root_increment,1,-1,-1,13930,24.308
14122,5715,root_increment,1,-1,-1,5715,24.3043
14123,11593,root_increment,1,-1,-1,11593,24.304
14124,19847,root_increment,1,-1,-1,19847,24.301
14125,11933,root_increment,1,-1,-1,11933,24.2921
14126,2311,root_increment,1,-1,-1,2311,24.2911
14127,8851,root_increment,1,-1,-1,8851,24.2837
14128,7678,root_increment,1,-1,-1,7678,24.2732
14129,10874,root_increment,1,-1,-1,10874,24.269
14130,9953,root_increment,1,-1,-1,9953,24.2661
14131,16777,root_increment,1,-1,-1,16777,24.2605
14132,14985,root_increment,1,-1,-1,14985,24.2579
14133,7892,root_increment,1,-1,-1,7892,24.2574
14134,1617,root_increment,1,-1,-1,1617,24.2525
14135,12144,root_increment,1,-1,-1,12144,24.2501
14136,19486,root_increment,1,-1,-1,19486,24.2499
14137,7815,root_increment,1,-1,-1,7815,24.2449
14138,11578,root_increment,1,-1,-1,11578,24.2447
14139,11646,root_increment,1,-1,-1,11646,24.244
14140,10633,root_increment,1,-1,-1,10633,24.2408
14141,7460,root_increment,1,-1,-1,7460,24.2403
14142,12544,root_increment,1,-1,-1,12544,24.2402
14143,18439,root_increment,1,-1,-1,18439,24.2363
14144,13002,root_increment,1,-1,-1,13002,24.2362
14145,8607,root_increment,1,-1,-1,8607,24.2346
14146,4235,root_increment,1,-1,-1,4235,24.232
14147,18126,root_increment,1,-1,-1,18126,24.2295
14148,17167,root_increment,1,-1,-1,17167,24.2246
14149,16883,root_increment,1,-1,-1,16883,24.2207
14150,3622,root_increment,1,-1,-1,3622,24.2164
14151,19315,root_increment,1,-1,-1,19315,24.2159
14152,12788,root_increment,1,-1,-1,12788,24.2115
14153,2299,root_increment,1,-1,-1,2299,24.2086
14154,2320,root_increment,1,-1,-1,2320,24.2086
14155,12879,root_increment,1,-1,-1,12879,24.2066
14156,14373,root_increment,1,-1,-1,14373,24.1939
14157,19035,root_increment,1,-1,-1,19035,24.1924
14158,13326,root_increment,1,-1,-1,13326,24.192
14159,2977,root_increment,1,-1,-1,2977,24.1894
14160,2982,root_increment,1,-1,-1,2982,24.1894
14161,2990,root_increment,1,-1,-1,2990,24.1894
14162,3003,root_increment,1,-1,-1,3003,24.1894
14163,3011,root_increment,1,-1,-1,3011,24.1894
14164,11324,root_increment,1,-1,-1,11324,24.1882
14165,14137,root_increment,1,-1,-1,14137,24.1869
14166,11542,root_increment,1,-1,-1,11542,24.1866
14167,19294,root_increment,1,-1,-1,19294,24.1816
14168,6458,root_increment,1,-1,-1,6458,24.1785
14169,12374,root_increment,1,-1,-1,12374,24.1776
14170,11003,root_increment,1,-1,-1,11003,24.1762
14171,13274,root_increment,1,-1,-1,13274,24.1689
14172,8144,root_increment,1,-1,-1,8144,24.1662
14173,10869,root_increment,1,-1,-1,10869,24.1608
14174,18846,root_increment,1,-1,-1,18846,24.1606
14175,9467,root_increment,1,-1,-1,9467,24.159
14176,10680,root_increment,1,-1,-1,10680,24.157
14177,2486,root_increment,1,-1,-1,2486,24.1562
14178,19309,root_increment,1,-1,-1,19309,24.1545
14179,19128,root_increment,1,-1,-1,19128,24.1508
14180,12566,root_increment,1,-1,-1,12566,24.1367
14181,11383,root_increment,1,-1,-1,11383,24.1269
14182,13197,root_increment,1,-1,-1,13197,24.1244
14183,405,root_increment,1,-1,-1,405,24.1214
14184,12998,root_increment,1,-1,-1,12998,24.1196
14185,5536,root_increment,1,-1,-1,5536,24.1192
14186,13051,root_increment,1,-1,-1,13051,24.1182
14187,12909,root_increment,1,-1,-1,12909,24.1162
14188,7335,root_increment,1,-1,-1,7335,24.1071
14189,12339,root_increment,1,-1,-1,12339,24.1041
14190,10671,root_increment,1,-1,-1,10671,24.1017
14191,9120,root_increment,1,-1,-1,9120,24.0992
14192,12636,root_increment,1,-1,-1,12636,24.098
14193,11997,root_increment,1,-1,-1,11997,24.0797
14194,11783,root_increment,1,-1,-1,11783,24.0795
14195,8817,root_increment,1,-1,-1,8817,24.0724
14196,18707,root_increment,1,-1,-1,18707,24.0711
14197,7848,root_increment,1,-1,-1,7848,24.0682
14198,8140,root_increment,1,-1,-1,8140,24.0661
14199,10696,root_increment,1,-1,-1,10696,24.0596
14200,12499,root_increment,1,-1,-1,12499,24.0557
14201,18012,root_increment,1,-1,-1,18012,24.0555
14202,12041,root_increment,1,-1,-1,12041,24.051
14203,1986,root_increment,1,-1,-1,1986,24.0493
14204,19072,root_increment,1,-1,-1,19072,24.0474
14205,12549,root_increment,1,-1,-1,12549,24.0443
14206,6193,root_increment,1,-1,-1,6193,24.0428
14207,3107,root_increment,1,-1,-1,3107,24.0426
14208,11850,root_increment,1,-1,-1,11850,24.0365
14209,12044,root_increment,1,-1,-1,12044,24.0355
14210,14296,root_increment,1,-1,-1,14296,24.0339
14211,10173,root_increment,1,-1,-1,10173,24.033
14212,11031,root_increment,1,-1,-1,11031,24.0248
14213,767,root_increment,1,-1,-1,767,24.0239
14214,788,root_increment,1,-1,-1,788,24.0239
14215,17415,root_increment,1,-1,-1,17415,24.0239
14216,8026,root_increment,1,-1,-1,8026,24.0238
14217,12737,root_increment,1,-1,-1,12737,24.0202
14218,8746,root_increment,1,-1,-1,8746,24.0139
14219,3245,root_increment,1,-1,-1,3245,24.0112
14220,13578,root_increment,1,-1,-1,13578,23.9888
14221,11332,root_increment,1,-1,-1,11332,23.9868
14222,16419,root_increment,1,-1,-1,16419,23.9814
14223,11928,root_increment,1,-1,-1,11928,23.978
14224,15921,root_increment,1,-1,-1,15921,23.9777
14225,9521,root_increment,1,-1,-1,9521,23.9776
14226,13387,root_increment,1,-1,-1,13387,23.9746
14227,4403,root_increment,1,-1,-1,4403,23.9713
14228,13171,root_increment,1,-1,-1,13171,23.9701
14229,12874,root_increment,1,-1,-1,12874,23.9689
14230,14964,root_increment,1,-1,-1,14964,23.958
14231,13322,root_increment,1,-1,-1,13322,23.9489
14232,12483,root_increment,1,-1,-1,12483,23.9458
14233,18054,root_increment,1,-1,-1,18054,23.9406
14234,4829,root_increment,1,-1,-1,4829,23.9235
14235,18020,root_increment,1,-1,-1,18020,23.9215
14236,19516,root_increment,1,-1,-1,19516,23.9082
14237,7432,root_increment,1,-1,-1,7432,23.9045
14238,2460,root_increment,1,-1,-1,2460,23.9008
14239,14948,root_increment,1,-1,-1,14948,23.8936
14240,6374,root_increment,1,-1,-1,6374,23.8919
14241,9089,root_increment,1,-1,-1,9089,23.8897
14242,10638,root_increment,1,-1,-1,10638,23.8863
14243,13027,root_increment,1,-1,-1,13027,23.8855
14244,6869,root_increment,1,-1,-1,6869,23.882
14245,13959,root_increment,1,-1,-1,13959,23.8813
14246,15682,root_increment,1,-1,-1,15682,23.8806
14247,13634,root_increment,1,-1,-1,13634,23.8803
14248,13547,root_increment,1,-1,-1,13547,23.8778
14249,14520,root_increment,1,-1,-1,14520,23.872
14250,13969,root_increment,1,-1,-1,13969,23.8657
14251,17420,root_increment,1,-1,-1,17420,23.8646
14252,12630,root_increment,1,-1,-1,12630,23.8639
14253,12797,root_increment,1,-1,-1,12797,23.8622
14254,11196,root_increment,1,-1,-1,11196,23.8574
14255,12740,root_increment,1,-1,-1,12740,23.8483
14256,1936,root_increment,1,-1,-1,1936,23.8482
14257,2300,root_increment,1,-1,-1,2300,23.8374
14258,1423,root_increment,1,-1,-1,1423,23.8341
14259,11238,root_increment,1,-1,-1,11238,23.8339
14260,3114,root_increment,1,-1,-1,3114,23.8283
14261,3835,root_increment,1,-1,-1,3835,23.8236
14262,15263,root_increment,1,-1,-1,15263,23.8186
14263,10489,root_increment,1,-1,-1,10489,23.8184
14264,14134,root_increment,1,-1,-1,14134,23.8155
14265,9110,root_increment,1,-1,-1,9110,23.8065
14266,13262,root_increment,1,-1,-1,13262,23.804
14267,13243,root_increment,1,-1,-1,13243,23.8024
14268,9510,root_increment,1,-1,-1,9510,23.8011
14269,16784,root_increment,1,-1,-1,16784,23.7914
14270,3853,root_increment,1,-1,-1,3853,23.7881
14271,17251,root_increment,1,-1,-1,17251,23.7853
14272,14252,root_increment,1,-1,-1,14252,23.7849
14273,10617,root_increment,1,-1,-1,10617,23.7824
14274,229,root_increment,1,-1,-1,229,23.7813
14275,14209,root_increment,1,-1,-1,14209,23.7714
14276,17308,root_increment,1,-1,-1,17308,23.762
14277,18088,root_increment,1,-1,-1,18088,23.7616
14278,13005,root_increment,1,-1,-1,13005,23.7556
14279,10496,root_increment,1,-1,-1,10496,23.7541
14280,12981,root_increment,1,-1,-1,12981,23.7515
14281,15568,root_increment,1,-1,-1,15568,23.7288
14282,15932,root_increment,1,-1,-1,15932,23.7283
14283,9148,root_increment,1,-1,-1,9148,23.7278
14284,19431,root_increment,1,-1,-1,19431,23.7262
14285,19292,root_increment,1,-1,-1,19292,23.7252
14286,7152,root_increment,1,-1,-1,7152,23.7248
14287,18597,root_increment,1,-1,-1,18597,23.7247
14288,15595,root_increment,1,-1,-1,15595,23.7221
14289,4638,root_increment,1,-1,-1,4638,23.7179
14290,7570,root_increment,1,-1,-1,7570,23.7044
14291,3190,root_increment,1,-1,-1,3190,23.7032
14292,14653,root_increment,1,-1,-1,14653,23.7028
14293,16937,root_increment,1,-1,-1,16937,23.7015
14294,16437,root_increment,1,-1,-1,16437,23.7013
14295,8118,root_increment,1,-1,-1,8118,23.6973
14296,11306,root_increment,1,-1,-1,11306,23.6971
14297,18750,root_increment,1,-1,-1,18750,23.6914
14298,16965,root_increment,1,-1,-1,16965,23.6822
14299,18167,root_increment,1,-1,-1,18167,23.6807
14300,8811,root_increment,1,-1,-1,8811,23.678
14301,19258,root_increment,1,-1,-1,19258,23.6746
14302,11823,root_increment,1,-1,-1,11823,23.6728
14303,4916,root_increment,1,-1,-1,4916,23.6642
14304,6680,root_increment,1,-1,-1,6680,23.6609
14305,11429,root_increment,1,-1,-1,11429,23.6534
14306,10968,root_increment,1,-1,-1,10968,23.6477
14307,17436,root_increment,1,-1,-1,17436,23.6466
14308,16121,root_increment,1,-1,-1,16121,23.6456
14309,17901,root_increment,1,-1,-1,17901,23.6367
14310,16215,root_increment,1,-1,-1,16215,23.6337
14311,13704,root_increment,1,-1,-1,13704,23.6249
14312,15116,root_increment,1,-1,-1,15116,23.6198
14313,10514,root_increment,1,-1,-1,10514,23.6181
14314,15065,root_increment,1,-1,-1,15065,23.618
14315,12287,root_increment,1,-1,-1,12287,23.6171
14316,13261,root_increment,1,-1,-1,13261,23.6157
14317,14854,root_increment,1,-1,-1,14854,23.6148
14318,3735,root_increment,1,-1,-1,3735,23.6081
14319,2523,root_increment,1,-1,-1,2523,23.6051
14320,14970,root_increment,1,-1,-1,14970,23.5958
14321,11415,root_increment,1,-1,-1,11415,23.5954
14322,5417,root_increment,1,-1,-1,5417,23.5933
14323,19492,root_increment,1,-1,-1,19492,23.5919
14324,8922,root_increment,1,-1,-1,8922,23.5843
14325,9781,root_increment,1,-1,-1,9781,23.5818
14326,12512,root_increment,1,-1,-1,12512,23.5802
14327,13774,root_increment,1,-1,-1,13774,23.5779
14328,740,root_increment,1,-1,-1,740,23.5709
14329,12437,root_increment,1,-1,-1,12437,23.5705
14330,18120,root_increment,1,-1,-1,18120,23.5632
14331,15262,root_increment,1,-1,-1,15262,23.5619
14332,17343,root_increment,1,-1,-1,17343,23.5567
14333,13150,root_increment,1,-1,-1,13150,23.5523
14334,7458,root_increment,1,-1,-1,7458,23.552
14335,17874,root_increment,1,-1,-1,17874,23.5504
14336,17466,root_increment,1,-1,-1,17466,23.5433
14337,8133,root_increment,1,-1,-1,8133,23.5416
14338,745,root_increment,1,-1,-1,745,23.5346
14339,12921,root_increment,1,-1,-1,12921,23.5341
14340,17490,root_increment,1,-1,-1,17490,23.533
14341,14942,root_increment,1,-1,-1,14942,23.5328
14342,16130,root_increment,1,-1,-1,16130,23.5322
14343,13863,root_increment,1,-1,-1,13863,23.5258
14344,15118,root_increment,1,-1,-1,15118,23.525
14345,4164,root_increment,1,-1,-1,4164,23.5195
14346,15254,root_increment,1,-1,-1,15254,23.5177
14347,10584,root_increment,1,-1,-1,10584,23.512
14348,9366,root_increment,1,-1,-1,9366,23.5119
14349,12600,root_increment,1,-1,-1,12600,23.5112
14350,18055,root_increment,1,-1,-1,18055,23.4975
14351,12856,root_increment,1,-1,-1,12856,23.4949
14352,12935,root_increment,1,-1,-1,12935,23.492
14353,2593,root_increment,1,-1,-1,2593,23.4884
14354,17003,root_increment,1,-1,-1,17003,23.488
14355,12946,root_increment,1,-1,-1,12946,23.4772
14356,10107,root_increment,1,-1,-1,10107,23.4722
14357,11573,root_increment,1,-1,-1,11573,23.4719
14358,12055,root_increment,1,-1,-1,12055,23.4718
14359,17317,root_increment,1,-1,-1,17317,23.4708
14360,13507,root_increment,1,-1,-1,13507,23.4676
14361,13354,root_increment,1,-1,-1,13354,23.4586
14362,11530,root_increment,1,-1,-1,11530,23.4554
14363,11414,root_increment,1,-1,-1,11414,23.4522
14364,1225,root_increment,1,-1,-1,1225,23.4448
14365,1259,root_increment,1,-1,-1,1259,23.4448
14366,13008,root_increment,1,-1,-1,13008,23.4447
14367,17048,root_increment,1,-1,-1,17048,23.4426
14368,14771,root_increment,1,-1,-1,14771,23.4425
14369,13039,root_increment,1,-1,-1,13039,23.4395
14370,7002,root_increment,1,-1,-1,7002,23.4394
14371,10597,root_increment,1,-1,-1,10597,23.4373
14372,8966,root_increment,1,-1,-1,8966,23.4367
14373,9852,root_increment,1,-1,-1,9852,23.4345
14374,8421,root_increment,1,-1,-1,8421,23.4335
14375,19146,root_increment,1,-1,-1,19146,23.4325
14376,17747,root_increment,1,-1,-1,17747,23.4219
14377,15982,root_increment,1,-1,-1,15982,23.4198
14378,14220,root_increment,1,-1,-1,14220,23.4178
14379,15740,root_increment,1,-1,-1,15740,23.4169
14380,12683,root_increment,1,-1,-1,12683,23.4162
14381,11356,root_increment,1,-1,-1,11356,23.4146
14382,1318,root_increment,1,-1,-1,1318,23.4132
14383,8620,root_increment,1,-1,-1,8620,23.4096
14384,16994,root_increment,1,-1,-1,16994,23.4077
14385,13214,root_increment,1,-1,-1,13214,23.407
14386,12061,root_increment,1,-1,-1,12061,23.4067
14387,17442,root_increment,1,-1,-1,17442,23.4051
14388,9505,root_increment,1,-1,-1,9505,23.3966
14389,12026,root_increment,1,-1,-1,12026,23.3948
14390,14176,root_increment,1,-1,-1,14176,23.3871
14391,9847,root_increment,1,-1,-1,9847,23.3838
14392,15466,root_increment,1,-1,-1,15466,23.3835
14393,16384,root_increment,1,-1,-1,16384,23.3827
14394,9189,root_increment,1,-1,-1,9189,23.3819
14395,10105,root_increment,1,-1,-1,10105,23.3802
14396,18449,root_increment,1,-1,-1,18449,23.3726
14397,12699,root_increment,1,-1,-1,12699,23.3721
14398,11330,root_increment,1,-1,-1,11330,23.3715
14399,17340,root_increment,1,-1,-1,17340,23.3711
14400,7281,root_increment,1,-1,-1,7281,23.3657
14401,11818,root_increment,1,-1,-1,11818,23.3559
14402,13272,root_increment,1,-1,-1,13272,23.3555
14403,16615,root_increment,1,-1,-1,16615,23.3544
14404,9207,root_increment,1,-1,-1,9207,23.353
14405,9844,root_increment,1,-1,-1,9844,23.3408
14406,12966,root_increment,1,-1,-1,12966,23.3389
14407,19218,root_increment,1,-1,-1,19218,23.3337
14408,10058,root_increment,1,-1,-1,10058,23.3325
14409,19337,root_increment,1,-1,-1,19337,23.3306
14410,17057,root_increment,1,-1,-1,17057,23.3266
14411,3272,root_increment,1,-1,-1,3272,23.3229
14412,4217,root_increment,1,-1,-1,4217,23.3207
14413,15309,root_increment,1,-1,-1,15309,23.3118
14414,8350,root_increment,1,-1,-1,8350,23.3104
14415,11971,root_increment,1,-1,-1,11971,23.3088
14416,18685,root_increment,1,-1,-1,18685,23.3088
14417,7916,root_increment,1,-1,-1,7916,23.3061
14418,19473,root_increment,1,-1,-1,19473,23.3012
14419,5418,root_increment,1,-1,-1,5418,23.3001
14420,12562,root_increment,1,-1,-1,12562,23.2981
14421,19303,root_increment,1,-1,-1,19303,23.297
14422,11477,root_increment,1,-1,-1,11477,23.297
14423,16016,root_increment,1,-1,-1,16016,23.2943
14424,11042,root_increment,1,-1,-1,11042,23.2929
14425,12579,root_increment,1,-1,-1,12579,23.2899
14426,15786,root_increment,1,-1,-1,15786,23.2856
14427,14257,root_increment,1,-1,-1,14257,23.2698
14428,11641,root_increment,1,-1,-1,11641,23.2686
14429,13617,root_increment,1,-1,-1,13617,23.261
14430,5942,root_increment,1,-1,-1,5942,23.2545
14431,17782,root_increment,1,-1,-1,17782,23.247
14432,12089,root_increment,1,-1,-1,12089,23.2452
14433,16734,root_increment,1,-1,-1,16734,23.2451
14434,5934,root_increment,1,-1,-1,5934,23.2446
14435,16689,root_increment,1,-1,-1,16689,23.2402
14436,973,root_increment,1,-1,-1,973,23.2237
14437,16316,root_increment,1,-1,-1,16316,23.2149
14438,8526,root_increment,1,-1,-1,8526,23.2146
14439,4519,root_increment,1,-1,-1,4519,23.2043
14440,13827,root_increment,1,-1,-1,13827,23.1968
14441,10952,root_increment,1,-1,-1,10952,23.1957
14442,14464,root_increment,1,-1,-1,14464,23.1875
14443,14336,root_increment,1,-1,-1,14336,23.1865
14444,9152,root_increment,1,-1,-1,9152,23.1838
14445,17031,root_increment,1,-1,-1,17031,23.1778
14446,13236,root_increment,1,-1,-1,13236,23.1736
14447,14676,root_increment,1,-1,-1,14676,23.1732
14448,13654,root_increment,1,-1,-1,13654,23.1691
14449,19563,root_increment,1,-1,-1,19563,23.1634
14450,13007,root_increment,1,-1,-1,13007,23.1629
14451,13049,root_increment,1,-1,-1,13049,23.1624
14452,5340,root_increment,1,-1,-1,5340,23.1584
14453,6243,root_increment,1,-1,-1,6243,23.1573
14454,18701,root_increment,1,-1,-1,18701,23.155
14455,1220,root_increment,1,-1,-1,1220,23.1491
14456,1233,root_increment,1,-1,-1,1233,23.1491
14457,1246,root_increment,1,-1,-1,1246,23.1491
14458,1254,root_increment,1,-1,-1,1254,23.1491
14459,12015,root_increment,1,-1,-1,12015,23.1378
14460,18984,root_increment,1,-1,-1,18984,23.1296
14461,14826,root_increment,1,-1,-1,14826,23.1274
14462,18318,root_increment,1,-1,-1,18318,23.1249
14463,13852,root_increment,1,-1,-1,13852,23.1157
14464,19044,root_increment,1,-1,-1,19044,23.1138
14465,15267,root_increment,1,-1,-1,15267,23.1126
14466,5230,root_increment,1,-1,-1,5230,23.1109
14467,12857,root_increment,1,-1,-1,12857,23.1067
14468,4773,root_increment,1,-1,-1,4773,23.0996
14469,4786,root_increment,1,-1,-1,4786,23.0996
14470,4794,root_increment,1,-1,-1,4794,23.0996
14471,13807,root_increment,1,-1,-1,13807,23.099
14472,9906,root_increment,1,-1,-1,9906,23.0936
14473,19506,root_increment,1,-1,-1,19506,23.0936
14474,19889,root_increment,1,-1,-1,19889,23.0921
14475,11034,root_increment,1,-1,-1,11034,23.0894
14476,14895,root_increment,1,-1,-1,14895,23.0838
14477,14813,root_increment,1,-1,-1,14813,23.0777
14478,15365,root_increment,1,-1,-1,15365,23.0738
14479,12523,root_increment,1,-1,-1,12523,23.0705
14480,19151,root_increment,1,-1,-1,19151,23.0701
14481,15832,root_increment,1,-1,-1,15832,23.0698
14482,16684,root_increment,1,-1,-1,16684,23.0682
14483,10079,root_increment,1,-1,-1,10079,23.0679
14484,3041,root_increment,1,-1,-1,3041,23.0669
14485,18677,root_increment,1,-1,-1,18677,23.0589
14486,13416,root_increment,1,-1,-1,13416,23.0535
14487,12211,root_increment,1,-1,-1,12211,23.0457
14488,16164,root_increment,1,-1,-1,16164,23.0435
14489,18465,root_increment,1,-1,-1,18465,23.0434
14490,19887,root_increment,1,-1,-1,19887,23.0392
14491,12543,root_increment,1,-1,-1,12543,23.0385
14492,12910,root_increment,1,-1,-1,12910,23.0382
14493,18316,root_increment,1,-1,-1,18316,23.0324
14494,14193,root_increment,1,-1,-1,14193,23.0308
14495,8102,root_increment,1,-1,-1,8102,23.0289
14496,3955,root_increment,1,-1,-1,3955,23.0286
14497,91,root_increment,1,-1,-1,91,23.0281
14498,15663,root_increment,1,-1,-1,15663,23.024
14499,6308,root_increment,1,-1,-1,6308,23.0217
14500,7078,root_increment,1,-1,-1,7078,23.0176
14501,18892,root_increment,1,-1,-1,18892,23.0167
14502,17263,root_increment,1,-1,-1,17263,23.0106
14503,5853,root_increment,1,-1,-1,5853,23.0091
14504,16476,root_increment,1,-1,-1,16476,23.0088
14505,9806,root_increment,1,-1,-1,9806,23.0085
14506,14424,root_increment,1,-1,-1,14424,23.0054
14507,9201,root_increment,1,-1,-1,9201,23.0048
14508,15851,root_increment,1,-1,-1,15851,23.0047
14509,6802,root_increment,1,-1,-1,6802,23.0041
14510,10750,root_increment,1,-1,-1,10750,23.0036
14511,13962,root_increment,1,-1,-1,13962,23.003
14512,14818,root_increment,1,-1,-1,14818,22.9995
14513,15661,root_increment,1,-1,-1,15661,22.9992
14514,5028,root_increment,1,-1,-1,5028,22.9986
14515,10338,root_increment,1,-1,-1,10338,22.9981
14516,3782,root_increment,1,-1,-1,3782,22.9959
14517,6670,root_increment,1,-1,-1,6670,22.9907
14518,397,root_increment,1,-1,-1,397,22.9886
14519,18074,root_increment,1,-1,-1,18074,22.9869
14520,2015,root_increment,1,-1,-1,2015,22.9786
14521,11188,root_increment,1,-1,-1,11188,22.9699
14522,18315,root_increment,1,-1,-1,18315,22.9641
14523,7093,root_increment,1,-1,-1,7093,22.9544
14524,17011,root_increment,1,-1,-1,17011,22.9512
14525,9296,root_increment,1,-1,-1,9296,22.9503
14526,1169,root_increment,1,-1,-1,1169,22.9469
14527,14049,root_increment,1,-1,-1,14049,22.9468
14528,19712,root_increment,1,-1,-1,19712,22.9392
14529,12243,root_increment,1,-1,-1,12243,22.9381
14530,17688,root_increment,1,-1,-1,17688,22.9372
14531,11749,root_increment,1,-1,-1,11749,22.9351
14532,11961,root_increment,1,-1,-1,11961,22.9323
14533,14276,root_increment,1,-1,-1,14276,22.9302
14534,17592,root_increment,1,-1,-1,17592,22.9263
14535,14917,root_increment,1,-1,-1,14917,22.9261
14536,13689,root_increment,1,-1,-1,13689,22.9248
14537,10218,root_increment,1,-1,-1,10218,22.9233
14538,18349,root_increment,1,-1,-1,18349,22.9207
14539,10900,root_increment,1,-1,-1,10900,22.9186
14540,17671,root_increment,1,-1,-1,17671,22.9131
14541,18095,root_increment,1,-1,-1,18095,22.9098
14542,13016,root_increment,1,-1,-1,13016,22.9059
14543,8468,root_increment,1,-1,-1,8468,22.9056
14544,13597,root_increment,1,-1,-1,13597,22.9044
14545,12317,root_increment,1,-1,-1,12317,22.9018
14546,12727,root_increment,1,-1,-1,12727,22.8995
14547,7743,root_increment,1,-1,-1,7743,22.8816
14548,14632,root_increment,1,-1,-1,14632,22.8785
14549,17046,root_increment,1,-1,-1,17046,22.8776
14550,13731,root_increment,1,-1,-1,13731,22.8741
14551,12972,root_increment,1,-1,-1,12972,22.8709
14552,6948,root_increment,1,-1,-1,6948,22.8703
14553,14832,root_increment,1,-1,-1,14832,22.8701
14554,9434,root_increment,1,-1,-1,9434,22.8631
14555,15536,root_increment,1,-1,-1,15536,22.862
14556,13739,root_increment,1,-1,-1,13739,22.8606
14557,12668,root_increment,1,-1,-1,12668,22.8596
14558,6033,root_increment,1,-1,-1,6033,22.8588
14559,19118,root_increment,1,-1,-1,19118,22.8565
14560,9632,root_increment,1,-1,-1,9632,22.8561
14561,4819,root_increment,1,-1,-1,4819,22.8553
14562,12031,root_increment,1,-1,-1,12031,22.8536
14563,19649,root_increment,1,-1,-1,19649,22.853
14564,8204,root_increment,1,-1,-1,8204,22.8506
14565,14287,root_increment,1,-1,-1,14287,22.8503
14566,19471,root_increment,1,-1,-1,19471,22.8499
14567,16528,root_increment,1,-1,-1,16528,22.8492
14568,18273,root_increment,1,-1,-1,18273,22.8457
14569,355,root_increment,1,-1,-1,355,22.8456
14570,12752,root_increment,1,-1,-1,12752,22.8413
14571,14471,root_increment,1,-1,-1,14471,22.8346
14572,12239,root_increment,1,-1,-1,12239,22.8337
14573,15074,root_increment,1,-1,-1,15074,22.8285
14574,4785,root_increment,1,-1,-1,4785,22.8278
14575,9248,root_increment,1,-1,-1,9248,22.8212
14576,16975,root_increment,1,-1,-1,16975,22.8211
14577,19299,root_increment,1,-1,-1,19299,22.8191
14578,9034,root_increment,1,-1,-1,9034,22.8187
14579,1913,root_increment,1,-1,-1,1913,22.8112
14580,13157,root_increment,1,-1,-1,13157,22.8072
14581,6528,root_increment,1,-1,-1,6528,22.8065
14582,10089,root_increment,1,-1,-1,10089,22.8065
14583,18859,root_increment,1,-1,-1,18859,22.8039
14584,14003,root_increment,1,-1,-1,14003,22.7984
14585,16007,root_increment,1,-1,-1,16007,22.7899
14586,15956,root_increment,1,-1,-1,15956,22.788
14587,4719,root_increment,1,-1,-1,4719,22.7878
14588,13456,root_increment,1,-1,-1,13456,22.7877
14589,14955,root_increment,1,-1,-1,14955,22.7844
14590,14788,root_increment,1,-1,-1,14788,22.7808
14591,7023,root_increment,1,-1,-1,7023,22.779
14592,15364,root_increment,1,-1,-1,15364,22.7787
14593,14741,root_increment,1,-1,-1,14741,22.7714
14594,9696,root_increment,1,-1,-1,9696,22.7714
14595,3842,root_increment,1,-1,-1,3842,22.7705
14596,11361,root_increment,1,-1,-1,11361,22.768
14597,12759,root_increment,1,-1,-1,12759,22.7608
14598,13479,root_increment,1,-1,-1,13479,22.7562
14599,17946,root_increment,1,-1,-1,17946,22.7521
14600,12090,root_increment,1,-1,-1,12090,22.7499
14601,18226,root_increment,1,-1,-1,18226,22.7456
14602,3156,root_increment,1,-1,-1,3156,22.7425
14603,14039,root_increment,1,-1,-1,14039,22.7403
14604,16002,root_increment,1,-1,-1,16002,22.7399
14605,11704,root_increment,1,-1,-1,11704,22.7389
14606,719,root_increment,1,-1,-1,719,22.7384
14607,12880,root_increment,1,-1,-1,12880,22.7384
14608,6042,root_increment,1,-1,-1,6042,22.7292
14609,13460,root_increment,1,-1,-1,13460,22.7243
14610,17320,root_increment,1,-1,-1,17320,22.7231
14611,14643,root_increment,1,-1,-1,14643,22.7208
14612,897,root_increment,1,-1,-1,897,22.7205
14613,7241,root_increment,1,-1,-1,7241,22.7184
14614,2400,root_increment,1,-1,-1,2400,22.7165
14615,18382,root_increment,1,-1,-1,18382,22.7143
14616,8751,root_increment,1,-1,-1,8751,22.7126
14617,19759,root_increment,1,-1,-1,19759,22.7091
14618,18207,root_increment,1,-1,-1,18207,22.7051
14619,14691,root_increment,1,-1,-1,14691,22.6904
14620,11433,root_increment,1,-1,-1,11433,22.689
14621,7764,root_increment,1,-1,-1,7764,22.6815
14622,12014,root_increment,1,-1,-1,12014,22.6806
14623,4853,root_increment,1,-1,-1,4853,22.6783
14624,12212,root_increment,1,-1,-1,12212,22.6779
14625,845,root_increment,1,-1,-1,845,22.6772
14626,8557,root_increment,1,-1,-1,8557,22.6726
14627,14789,root_increment,1,-1,-1,14789,22.6646
14628,10121,root_increment,1,-1,-1,10121,22.6581
14629,13862,root_increment,1,-1,-1,13862,22.6571
14630,15629,root_increment,1,-1,-1,15629,22.6538
14631,11016,root_increment,1,-1,-1,11016,22.6513
14632,14007,root_increment,1,-1,-1,14007,22.6457
14633,19338,root_increment,1,-1,-1,19338,22.6425
14634,17960,root_increment,1,-1,-1,17960,22.6396
14635,6178,root_increment,1,-1,-1,6178,22.6338
14636,7667,root_increment,1,-1,-1,7667,22.6269
14637,13621,root_increment,1,-1,-1,13621,22.6136
14638,18385,root_increment,1,-1,-1,18385,22.6116
14639,7940,root_increment,1,-1,-1,7940,22.6111
14640,10306,root_increment,1,-1,-1,10306,22.6099
14641,11563,root_increment,1,-1,-1,11563,22.6083
14642,18384,root_increment,1,-1,-1,18384,22.6011
14643,13079,root_increment,1,-1,-1,13079,22.599
14644,10967,root_increment,1,-1,-1,10967,22.5985
14645,10155,root_increment,1,-1,-1,10155,22.598
14646,8874,root_increment,1,-1,-1,8874,22.5977
14647,19589,root_increment,1,-1,-1,19589,22.5948
14648,12555,root_increment,1,-1,-1,12555,22.5906
14649,12086,root_increment,1,-1,-1,12086,22.59
14650,12976,root_increment,1,-1,-1,12976,22.5891
14651,16524,root_increment,1,-1,-1,16524,22.5889
14652,11531,root_increment,1,-1,-1,11531,22.5853
14653,6992,root_increment,1,-1,-1,6992,22.5848
14654,15447,root_increment,1,-1,-1,15447,22.5847
14655,11406,root_increment,1,-1,-1,11406,22.5782
14656,16822,root_increment,1,-1,-1,16822,22.5764
14657,13713,root_increment,1,-1,-1,13713,22.5757
14658,9358,root_increment,1,-1,-1,9358,22.5611
14659,15761,root_increment,1,-1,-1,15761,22.5601
14660,17586,root_increment,1,-1,-1,17586,22.5552
14661,14898,root_increment,1,-1,-1,14898,22.5533
14662,2481,root_increment,1,-1,-1,2481,22.5524
14663,19903,root_increment,1,-1,-1,19903,22.5505
14664,19344,root_increment,1,-1,-1,19344,22.5494
14665,3333,root_increment,1,-1,-1,3333,22.5463
14666,3341,root_increment,1,-1,-1,3341,22.5463
14667,3346,root_increment,1,-1,-1,3346,22.5463
14668,3354,root_increment,1,-1,-1,3354,22.5463
14669,3362,root_increment,1,-1,-1,3362,22.5463
14670,3367,root_increment,1,-1,-1,3367,22.5463
14671,10456,root_increment,1,-1,-1,10456,22.5391
14672,12369,root_increment,1,-1,-1,12369,22.535
14673,10304,root_increment,1,-1,-1,10304,22.5296
14674,14583,root_increment,1,-1,-1,14583,22.5263
14675,12963,root_increment,1,-1,-1,12963,22.5263
14676,10798,root_increment,1,-1,-1,10798,22.5251
14677,15419,root_increment,1,-1,-1,15419,22.5245
14678,13815,root_increment,1,-1,-1,13815,22.5191
14679,11900,root_increment,1,-1,-1,11900,22.5163
14680,12009,root_increment,1,-1,-1,12009,22.5135
14681,17845,root_increment,1,-1,-1,17845,22.513
14682,10759,root_increment,1,-1,-1,10759,22.511
14683,8209,root_increment,1,-1,-1,8209,22.5088
14684,10589,root_increment,1,-1,-1,10589,22.5065
14685,14876,root_increment,1,-1,-1,14876,22.5059
14686,16025,root_increment,1,-1,-1,16025,22.5042
14687,17299,root_increment,1,-1,-1,17299,22.4985
14688,10539,root_increment,1,-1,-1,10539,22.4971
14689,5848,root_increment,1,-1,-1,5848,22.4959
14690,2036,root_increment,1,-1,-1,2036,22.4916
14691,19677,root_increment,1,-1,-1,19677,22.4904
14692,16825,root_increment,1,-1,-1,16825,22.4872
14693,16142,root_increment,1,-1,-1,16142,22.4696
14694,12842,root_increment,1,-1,-1,12842,22.4642
14695,156,root_increment,1,-1,-1,156,22.4641
14696,6658,root_increment,1,-1,-1,6658,22.4638
14697,9478,root_increment,1,-1,-1,9478,22.4638
14698,17537,root_increment,1,-1,-1,17537,22.4583
14699,15509,root_increment,1,-1,-1,15509,22.4531
14700,14547,root_increment,1,-1,-1,14547,22.4526
14701,13166,root_increment,1,-1,-1,13166,22.4473
14702,7026,root_increment,1,-1,-1,7026,22.4472
14703,11620,root_increment,1,-1,-1,11620,22.4463
14704,7583,root_increment,1,-1,-1,7583,22.4403
14705,6619,root_increment,1,-1,-1,6619,22.4401
14706,1253,root_increment,1,-1,-1,1253,22.4365
14707,3141,root_increment,1,-1,-1,3141,22.4341
14708,19242,root_increment,1,-1,-1,19242,22.4163
14709,16691,root_increment,1,-1,-1,16691,22.4104
14710,12039,root_increment,1,-1,-1,12039,22.4092
14711,19689,root_increment,1,-1,-1,19689,22.4074
14712,18712,root_increment,1,-1,-1,18712,22.4035
14713,11535,root_increment,1,-1,-1,11535,22.3974
14714,119,root_increment,1,-1,-1,119,22.3955
14715,13035,root_increment,1,-1,-1,13035,22.3865
14716,17459,root_increment,1,-1,-1,17459,22.3848
14717,12904,root_increment,1,-1,-1,12904,22.3752
14718,14303,root_increment,1,-1,-1,14303,22.3739
14719,12192,root_increment,1,-1,-1,12192,22.3737
14720,1135,root_increment,1,-1,-1,1135,22.3728
14721,16167,root_increment,1,-1,-1,16167,22.3669
14722,4431,root_increment,1,-1,-1,4431,22.362
14723,19564,root_increment,1,-1,-1,19564,22.3589
14724,14396,root_increment,1,-1,-1,14396,22.3587
14725,12072,root_increment,1,-1,-1,12072,22.3547
14726,4023,root_increment,1,-1,-1,4023,22.3527
14727,11856,root_increment,1,-1,-1,11856,22.3518
14728,14497,root_increment,1,-1,-1,14497,22.3498
14729,16234,root_increment,1,-1,-1,16234,22.3486
14730,17193,root_increment,1,-1,-1,17193,22.3466
14731,18370,root_increment,1,-1,-1,18370,22.3421
14732,13664,root_increment,1,-1,-1,13664,22.3314
14733,12406,root_increment,1,-1,-1,12406,22.3309
14734,9531,root_increment,1,-1,-1,9531,22.329
14735,14526,root_increment,1,-1,-1,14526,22.3138
14736,7125,root_increment,1,-1,-1,7125,22.3115
14737,7345,root_increment,1,-1,-1,7345,22.3071
14738,17323,root_increment,1,-1,-1,17323,22.3058
14739,11071,root_increment,1,-1,-1,11071,22.3013
14740,17754,root_increment,1,-1,-1,17754,22.2984
14741,17744,root_increment,1,-1,-1,17744,22.2974
14742,15810,root_increment,1,-1,-1,15810,22.297
14743,19470,root_increment,1,-1,-1,19470,22.2924
14744,15594,root_increment,1,-1,-1,15594,22.2904
14745,13618,root_increment,1,-1,-1,13618,22.2901
14746,4049,root_increment,1,-1,-1,4049,22.2857
14747,16507,root_increment,1,-1,-1,16507,22.2856
14748,18489,root_increment,1,-1,-1,18489,22.2836
14749,13228,root_increment,1,-1,-1,13228,22.2792
14750,12898,root_increment,1,-1,-1,12898,22.2774
14751,18483,root_increment,1,-1,-1,18483,22.274
14752,16076,root_increment,1,-1,-1,16076,22.2648
14753,14827,root_increment,1,-1,-1,14827,22.2565
14754,10749,root_increment,1,-1,-1,10749,22.2538
14755,7450,root_increment,1,-1,-1,7450,22.2536
14756,18905,root_increment,1,-1,-1,18905,22.2523
14757,13643,root_increment,1,-1,-1,13643,22.2514
14758,8759,root_increment,1,-1,-1,8759,22.2431
14759,3557,root_increment,1,-1,-1,3557,22.2368
14760,17222,root_increment,1,-1,-1,17222,22.2366
14761,2532,root_increment,1,-1,-1,2532,22.2206
14762,2553,root_increment,1,-1,-1,2553,22.2206
14763,19283,root_increment,1,-1,-1,19283,22.214
14764,14897,root_increment,1,-1,-1,14897,22.2129
14765,18374,root_increment,1,-1,-1,18374,22.2099
14766,5829,root_increment,1,-1,-1,5829,22.2094
14767,2430,root_increment,1,-1,-1,2430,22.2019
14768,2435,root_increment,1,-1,-1,2435,22.2019
14769,2438,root_increment,1,-1,-1,2438,22.2019
14770,2443,root_increment,1,-1,-1,2443,22.2019
14771,2446,root_increment,1,-1,-1,2446,22.2019
14772,2451,root_increment,1,-1,-1,2451,22.2019
14773,2456,root_increment,1,-1,-1,2456,22.2019
14774,2459,root_increment,1,-1,-1,2459,22.2019
14775,2464,root_increment,1,-1,-1,2464,22.2019
14776,2467,root_increment,1,-1,-1,2467,22.2019
14777,2469,root_increment,1,-1,-1,2469,22.2019
14778,2472,root_increment,1,-1,-1,2472,22.2019
14779,13587,root_increment,1,-1,-1,13587,22.2003
14780,8853,root_increment,1,-1,-1,8853,22.1979
14781,15598,root_increment,1,-1,-1,15598,22.1977
14782,7122,root_increment,1,-1,-1,7122,22.1943
14783,15008,root_increment,1,-1,-1,15008,22.1866
14784,13550,root_increment,1,-1,-1,13550,22.1854
14785,15298,root_increment,1,-1,-1,15298,22.1799
14786,10332,root_increment,1,-1,-1,10332,22.1774
14787,19826,root_increment,1,-1,-1,19826,22.177
14788,3379,root_increment,1,-1,-1,3379,22.1709
14789,13189,root_increment,1,-1,-1,13189,22.1632
14790,13235,root_increment,1,-1,-1,13235,22.1579
14791,19671,root_increment,1,-1,-1,19671,22.1545
14792,7581,root_increment,1,-1,-1,7581,22.1532
14793,18648,root_increment,1,-1,-1,18648,22.1439
14794,12641,root_increment,1,-1,-1,12641,22.1421
14795,13327,root_increment,1,-1,-1,13327,22.1416
14796,3266,root_increment,1,-1,-1,3266,22.1304
14797,4971,root_increment,1,-1,-1,4971,22.1288
14798,16371,root_increment,1,-1,-1,16371,22.1274
14799,16657,root_increment,1,-1,-1,16657,22.1267
14800,17658,root_increment,1,-1,-1,17658,22.1264
14801,18347,root_increment,1,-1,-1,18347,22.1249
14802,5879,root_increment,1,-1,-1,5879,22.1154
14803,12299,root_increment,1,-1,-1,12299,22.1129
14804,11314,root_increment,1,-1,-1,11314,22.1058
14805,11300,root_increment,1,-1,-1,11300,22.1016
14806,8654,root_increment,1,-1,-1,8654,22.1013
14807,16639,root_increment,1,-1,-1,16639,22.0989
14808,14155,root_increment,1,-1,-1,14155,22.0887
14809,7497,root_increment,1,-1,-1,7497,22.0883
14810,11642,root_increment,1,-1,-1,11642,22.0844
14811,13054,root_increment,1,-1,-1,13054,22.0843
14812,12310,root_increment,1,-1,-1,12310,22.0824
14813,1968,root_increment,1,-1,-1,1968,22.0817
14814,12209,root_increment,1,-1,-1,12209,22.0736
14815,14989,root_increment,1,-1,-1,14989,22.0702
14816,15518,root_increment,1,-1,-1,15518,22.0595
14817,15013,root_increment,1,-1,-1,15013,22.0551
14818,17049,root_increment,1,-1,-1,17049,22.053
14819,4751,root_increment,1,-1,-1,4751,22.0454
14820,15324,root_increment,1,-1,-1,15324,22.0451
14821,11303,root_increment,1,-1,-1,11303,22.0428
14822,12847,root_increment,1,-1,-1,12847,22.0415
14823,10426,root_increment,1,-1,-1,10426,22.0372
14824,13317,root_increment,1,-1,-1,13317,22.0349
14825,11282,root_increment,1,-1,-1,11282,22.0302
14826,14800,root_increment,1,-1,-1,14800,22.0298
14827,14502,root_increment,1,-1,-1,14502,22.0276
14828,16084,root_increment,1,-1,-1,16084,22.0256
14829,2333,root_increment,1,-1,-1,2333,22.0233
14830,7657,root_increment,1,-1,-1,7657,22.0197
14831,12164,root_increment,1,-1,-1,12164,22.0162
14832,12625,root_increment,1,-1,-1,12625,22.0123
14833,1339,root_increment,1,-1,-1,1339,22.0104
14834,5201,root_increment,1,-1,-1,5201,22.0054
14835,14986,root_increment,1,-1,-1,14986,22
14836,16768,root_increment,1,-1,-1,16768,21.9955
14837,10891,root_increment,1,-1,-1,10891,21.9913
14838,1112,root_increment,1,-1,-1,1112,21.9909
14839,16671,root_increment,1,-1,-1,16671,21.9872
14840,10084,root_increment,1,-1,-1,10084,21.9832
14841,12448,root_increment,1,-1,-1,12448,21.9815
14842,1054,root_increment,1,-1,-1,1054,21.9789
14843,13557,root_increment,1,-1,-1,13557,21.9784
14844,9337,root_increment,1,-1,-1,9337,21.9749
14845,13282,root_increment,1,-1,-1,13282,21.9742
14846,10622,root_increment,1,-1,-1,10622,21.9728
14847,10838,root_increment,1,-1,-1,10838,21.9679
14848,10935,root_increment,1,-1,-1,10935,21.9613
14849,12621,root_increment,1,-1,-1,12621,21.9581
14850,17165,root_increment,1,-1,-1,17165,21.9547
14851,9939,root_increment,1,-1,-1,9939,21.9536
14852,6390,root_increment,1,-1,-1,6390,21.9525
14853,3989,root_increment,1,-1,-1,3989,21.9515
14854,13180,root_increment,1,-1,-1,13180,21.9513
14855,8230,root_increment,1,-1,-1,8230,21.9502
14856,17215,root_increment,1,-1,-1,17215,21.9494
14857,9987,root_increment,1,-1,-1,9987,21.948
14858,13078,root_increment,1,-1,-1,13078,21.9433
14859,12846,root_increment,1,-1,-1,12846,21.9424
14860,12646,root_increment,1,-1,-1,12646,21.9406
14861,15660,root_increment,1,-1,-1,15660,21.9325
14862,14034,root_increment,1,-1,-1,14034,21.9313
14863,8187,root_increment,1,-1,-1,8187,21.927
14864,14975,root_increment,1,-1,-1,14975,21.9228
14865,3135,root_increment,1,-1,-1,3135,21.9121
14866,13198,root_increment,1,-1,-1,13198,21.9096
14867,18946,root_increment,1,-1,-1,18946,21.903
14868,10029,root_increment,1,-1,-1,10029,21.901
14869,15870,root_increment,1,-1,-1,15870,21.8998
14870,12533,root_increment,1,-1,-1,12533,21.8977
14871,11695,root_increment,1,-1,-1,11695,21.8941
14872,12411,root_increment,1,-1,-1,12411,21.8921
14873,19340,root_increment,1,-1,-1,19340,21.8904
14874,16928,root_increment,1,-1,-1,16928,21.8875
14875,14399,root_increment,1,-1,-1,14399,21.8868
14876,14437,root_increment,1,-1,-1,14437,21.8842
14877,11194,root_increment,1,-1,-1,11194,21.8837
14878,5685,root_increment,1,-1,-1,5685,21.8828
14879,14363,root_increment,1,-1,-1,14363,21.8813
14880,13475,root_increment,1,-1,-1,13475,21.8726
14881,10284,root_increment,1,-1,-1,10284,21.8711
14882,10126,root_increment,1,-1,-1,10126,21.8697
14883,18438,root_increment,1,-1,-1,18438,21.8664
14884,34596,hierarchy_delta,2,0,0,19602,77.9557
14885,48416,hierarchy_delta,2,0,1,18428,69.959
14886,47044,hierarchy_delta,2,0,1,17056,69.2145
14887,48856,hierarchy_delta,2,0,1,18868,69.1244
14888,48763,hierarchy_delta,2,0,1,18775,68.2131
14889,48217,hierarchy_delta,2,0,1,18229,67.8146
14890,33757,hierarchy_delta,2,0,0,18763,67.6335
14891,32065,hierarchy_delta,2,0,0,17071,64.5257
14892,32579,hierarchy_delta,2,0,0,17585,64.4774
14893,34598,hierarchy_delta,2,0,0,19604,63.4736
14894,32046,hierarchy_delta,2,0,0,17052,63.1756
14895,47641,hierarchy_delta,2,0,1,17653,63.029
14896,46460,hierarchy_delta,2,0,1,16472,62.7368
14897,33207,hierarchy_delta,2,0,0,18213,61.5365
14898,32592,hierarchy_delta,2,0,0,17598,60.9731
14899,32584,hierarchy_delta,2,0,0,17590,60.9612
14900,49591,hierarchy_delta,2,0,1,19603,60.8735
14901,33227,hierarchy_delta,2,0,0,18233,60.2426
14902,33222,hierarchy_delta,2,0,0,18228,59.8743
14903,33202,hierarchy_delta,2,0,0,18208,59.5732
14904,25594,hierarchy_delta,2,0,0,10600,59.3712
14905,33821,hierarchy_delta,2,0,0,18827,59.1259
14906,48768,hierarchy_delta,2,0,1,18780,59.0125
14907,48815,hierarchy_delta,2,0,1,18827,58.5194
14908,33218,hierarchy_delta,2,0,0,18224,58.2376
14909,33773,hierarchy_delta,2,0,0,18779,58.1877
14910,31481,hierarchy_delta,2,0,0,16487,57.9355
14911,49397,hierarchy_delta,2,0,1,19409,57.725
14912,33770,hierarchy_delta,2,0,0,18776,57.3385
14913,47591,hierarchy_delta,2,0,1,17603,57.2069
14914,34377,hierarchy_delta,2,0,0,19383,57.1071
14915,33861,hierarchy_delta,2,0,0,18867,56.0339
14916,32062,hierarchy_delta,2,0,0,17068,55.9092
14917,33796,hierarchy_delta,2,0,0,18802,55.7042
14918,32598,hierarchy_delta,2,0,0,17604,55.588
14919,32643,hierarchy_delta,2,0,0,17649,55.5748
14920,34959,hierarchy_delta,2,0,0,19965,55.088
14921,34403,hierarchy_delta,2,0,0,19409,55.0766
14922,33224,hierarchy_delta,2,0,0,18230,55.0207
14923,47635,hierarchy_delta,2,0,1,17647,54.8881
14924,33423,hierarchy_delta,2,0,0,18429,54.6215
14925,47636,hierarchy_delta,2,0,1,17648,54.5682
14926,32078,hierarchy_delta,2,0,0,17084,54.5221
14927,48200,hierarchy_delta,2,0,1,18212,54.1133
14928,32051,hierarchy_delta,2,0,0,17057,54.0064
14929,32646,hierarchy_delta,2,0,0,17652,53.903
14930,33863,hierarchy_delta,2,0,0,18869,53.4146
14931,32580,hierarchy_delta,2,0,0,17586,53.3297
14932,35466,hierarchy_delta,2,0,1,5478,53.278
14933,35458,hierarchy_delta,2,0,1,5470,53.0939
14934,32597,hierarchy_delta,2,0,0,17603,52.9009
14935,35450,hierarchy_delta,2,0,1,5462,52.7111
14936,25599,hierarchy_delta,2,0,0,10605,52.6051
14937,32641,hierarchy_delta,2,0,0,17647,52.497
14938,35471,hierarchy_delta,2,0,1,5483,52.4093
14939,26942,hierarchy_delta,2,0,0,11948,52.094
14940,33420,hierarchy_delta,2,0,0,18426,52.0111
14941,32274,hierarchy_delta,2,0,0,17280,51.8121
14942,34013,hierarchy_delta,2,0,0,19019,51.7519
14943,32593,hierarchy_delta,2,0,0,17599,51.7219
14944,48216,hierarchy_delta,2,0,1,18228,51.314
14945,31541,hierarchy_delta,2,0,0,16547,51.1625
14946,44691,hierarchy_delta,2,0,1,14703,51.1185
14947,42848,hierarchy_delta,2,0,1,12860,50.8597
14948,33799,hierarchy_delta,2,0,0,18805,50.7852
14949,31407,hierarchy_delta,2,0,0,16413,50.6011
14950,32842,hierarchy_delta,2,0,0,17848,50.5328
14951,31419,hierarchy_delta,2,0,0,16425,50.4712
14952,47683,hierarchy_delta,2,0,1,17695,50.4166
14953,44042,hierarchy_delta,2,0,1,14054,50.4054
14954,33421,hierarchy_delta,2,0,0,18427,49.8603
14955,35453,hierarchy_delta,2,0,1,5465,49.672
14956,45220,hierarchy_delta,2,0,1,15232,49.4487
14957,47549,hierarchy_delta,2,0,1,17561,49.4136
14958,46092,hierarchy_delta,2,0,1,16104,49.367
14959,35751,hierarchy_delta,2,0,1,5763,49.2313
14960,34028,hierarchy_delta,2,0,0,19034,49.1992
14961,33434,hierarchy_delta,2,0,0,18440,49.0616
14962,35824,hierarchy_delta,2,0,1,5836,49.0035
14963,31422,hierarchy_delta,2,0,0,16428,48.9788
14964,35764,hierarchy_delta,2,0,1,5776,48.886
14965,36632,hierarchy_delta,2,0,1,6644,48.7879
14966,36624,hierarchy_delta,2,0,1,6636,48.3638
14967,33238,hierarchy_delta,2,0,0,18244,48.3525
14968,32626,hierarchy_delta,2,0,0,17632,48.3524
14969,32595,hierarchy_delta,2,0,0,17601,48.3291
14970,36002,hierarchy_delta,2,0,1,6014,48.2447
14971,31404,hierarchy_delta,2,0,0,16410,48.2208
14972,48765,hierarchy_delta,2,0,1,18777,48.2054
14973,32855,hierarchy_delta,2,0,0,17861,48.1312
14974,46475,hierarchy_delta,2,0,1,16487,48.0131
14975,48816,hierarchy_delta,2,0,1,18828,47.9737
14976,35777,hierarchy_delta,2,0,1,5789,47.8195
14977,31470,hierarchy_delta,2,0,0,16476,47.6786
14978,47059,hierarchy_delta,2,0,1,17071,47.5176
14979,33418,hierarchy_delta,2,0,0,18424,47.2812
14980,43429,hierarchy_delta,2,0,1,13441,47.211
14981,33187,hierarchy_delta,2,0,0,18193,47.2079
14982,48853,hierarchy_delta,2,0,1,18865,47.1989
14983,30884,hierarchy_delta,2,0,0,15890,47.1952
14984,34367,hierarchy_delta,2,0,0,19373,47.1434
14985,30873,hierarchy_delta,2,0,0,15879,47.0875
14986,30363,hierarchy_delta,2,0,0,15369,47.022
14987,33189,hierarchy_delta,2,0,0,18195,46.9921
14988,32117,hierarchy_delta,2,0,0,17123,46.8754
14989,33192,hierarchy_delta,2,0,0,18198,46.7823
14990,30870,hierarchy_delta,2,0,0,15876,46.7475
14991,43995,hierarchy_delta,2,0,1,14007,46.597
14992,33282,hierarchy_delta,2,0,0,18288,46.595
14993,45285,hierarchy_delta,2,0,1,15297,46.5472
14994,35379,hierarchy_delta,2,0,1,5391,46.4938
14995,33760,hierarchy_delta,2,0,0,18766,46.4444
14996,24816,hierarchy_delta,2,0,0,9822,46.3161
14997,30902,hierarchy_delta,2,0,0,15908,46.2795
14998,32621,hierarchy_delta,2,0,0,17627,46.2599
14999,49594,hierarchy_delta,2,0,1,19606,46.1676
15000,28969,hierarchy_delta,2,0,0,13975,46.109
15001,35358,hierarchy_delta,2,0,1,5370,46.0888
15002,35371,hierarchy_delta,2,0,1,5383,46.0888
15003,35384,hierarchy_delta,2,0,1,5396,46.0888
15004,25604,hierarchy_delta,2,0,0,10610,46.0645
15005,33205,hierarchy_delta,2,0,0,18211,45.9882
15006,24803,hierarchy_delta,2,0,0,9809,45.9756
15007,49590,hierarchy_delta,2,0,1,19602,45.9276
15008,49944,hierarchy_delta,2,0,1,19956,45.9055
15009,37850,hierarchy_delta,2,0,1,7862,45.8013
15010,32049,hierarchy_delta,2,0,0,17055,45.7353
15011,49376,hierarchy_delta,2,0,1,19388,45.6073
15012,49373,hierarchy_delta,2,0,1,19385,45.5799
15013,27190,hierarchy_delta,2,0,0,12196,45.5368
15014,24654,hierarchy_delta,2,0,0,9660,45.5096
15015,44631,hierarchy_delta,2,0,1,14643,45.4434
15016,35523,hierarchy_delta,2,0,1,5535,45.4254
15017,31417,hierarchy_delta,2,0,0,16423,45.4078
15018,34018,hierarchy_delta,2,0,0,19024,45.3208
15019,35811,hierarchy_delta,2,0,1,5823,45.3169
15020,33450,hierarchy_delta,2,0,0,18456,45.2647
15021,31402,hierarchy_delta,2,0,0,16408,45.2202
15022,35756,hierarchy_delta,2,0,1,5768,45.2114
15023,31364,hierarchy_delta,2,0,0,16370,45.1996
15024,43510,hierarchy_delta,2,0,1,13522,45.1976
15025,35536,hierarchy_delta,2,0,1,5548,45.1786
15026,26277,hierarchy_delta,2,0,0,11283,45.1546
15027,30887,hierarchy_delta,2,0,0,15893,45.1456
15028,31523,hierarchy_delta,2,0,0,16529,45.0999
15029,35366,hierarchy_delta,2,0,1,5378,45.0828
15030,33819,hierarchy_delta,2,0,0,18825,45.0321
15031,35772,hierarchy_delta,2,0,1,5784,44.9025
15032,49395,hierarchy_delta,2,0,1,19407,44.8781
15033,32040,hierarchy_delta,2,0,0,17046,44.8373
15034,24667,hierarchy_delta,2,0,0,9673,44.7547
15035,24795,hierarchy_delta,2,0,0,9801,44.6944
15036,35474,hierarchy_delta,2,0,1,5486,44.6672
15037,32107,hierarchy_delta,2,0,0,17113,44.5925
15038,23403,hierarchy_delta,2,0,0,8409,44.422
15039,26201,hierarchy_delta,2,0,0,11207,44.3838
15040,45225,hierarchy_delta,2,0,1,15237,44.3515
15041,46398,hierarchy_delta,2,0,1,16410,44.142
15042,23395,hierarchy_delta,2,0,0,8401,44.1007
15043,34380,hierarchy_delta,2,0,0,19386,44.087
15044,37858,hierarchy_delta,2,0,1,7870,44.0708
15045,24790,hierarchy_delta,2,0,0,9796,44.0214
15046,31380,hierarchy_delta,2,0,0,16386,44.0185
15047,46993,hierarchy_delta,2,0,1,17005,43.9322
15048,34974,hierarchy_delta,2,0,0,19980,43.9057
15049,42725,hierarchy_delta,2,0,1,12737,43.8872
15050,37133,hierarchy_delta,2,0,1,7145,43.8091
15051,42801,hierarchy_delta,2,0,1,12813,43.6621
15052,46463,hierarchy_delta,2,0,1,16475,43.6212
15053,28966,hierarchy_delta,2,0,0,13972,43.567
15054,30871,hierarchy_delta,2,0,0,15877,43.5532
15055,45882,hierarchy_delta,2,0,1,15894,43.5529
15056,32688,hierarchy_delta,2,0,0,17694,43.5123
15057,23912,hierarchy_delta,2,0,0,8918,43.5117
15058,36598,hierarchy_delta,2,0,1,6610,43.5104
15059,30876,hierarchy_delta,2,0,0,15882,43.4273
15060,42814,hierarchy_delta,2,0,1,12826,43.4267
15061,44181,hierarchy_delta,2,0,1,14193,43.3689
15062,23400,hierarchy_delta,2,0,0,8406,43.3305
15063,45801,hierarchy_delta,2,0,1,15813,43.3095
15064,31403,hierarchy_delta,2,0,0,16409,43.2896
15065,35837,hierarchy_delta,2,0,1,5849,43.1994
15066,36795,hierarchy_delta,2,0,1,6807,43.1957
15067,47619,hierarchy_delta,2,0,1,17631,43.1658
15068,37855,hierarchy_delta,2,0,1,7867,43.164
15069,45249,hierarchy_delta,2,0,1,15261,43.1292
15070,35510,hierarchy_delta,2,0,1,5522,43.1237
15071,35989,hierarchy_delta,2,0,1,6001,43.109
15072,30875,hierarchy_delta,2,0,0,15881,43.0205
15073,37086,hierarchy_delta,2,0,1,7098,42.9642
15074,42102,hierarchy_delta,2,0,1,12114,42.8483
15075,42170,hierarchy_delta,2,0,1,12182,42.8421
15076,45869,hierarchy_delta,2,0,1,15881,42.8234
15077,42767,hierarchy_delta,2,0,1,12779,42.754
15078,44626,hierarchy_delta,2,0,1,14638,42.7236
15079,32048,hierarchy_delta,2,0,0,17054,42.6747
15080,36363,hierarchy_delta,2,0,1,6375,42.6651
15081,45879,hierarchy_delta,2,0,1,15891,42.6345
15082,43961,hierarchy_delta,2,0,1,13973,42.6195
15083,43691,hierarchy_delta,2,0,1,13703,42.514
15084,34033,hierarchy_delta,2,0,0,19039,42.4609
15085,35387,hierarchy_delta,2,0,1,5399,42.3968
15086,38547,hierarchy_delta,2,0,1,8559,42.3754
15087,32582,hierarchy_delta,2,0,0,17588,42.3646
15088,28030,hierarchy_delta,2,0,0,13036,42.3253
15089,47678,hierarchy_delta,2,0,1,17690,42.3165
15090,31406,hierarchy_delta,2,0,0,16412,42.2871
15091,32537,hierarchy_delta,2,0,0,17543,42.2791
15092,36368,hierarchy_delta,2,0,1,6380,42.2692
15093,23408,hierarchy_delta,2,0,0,8414,42.2107
15094,23904,hierarchy_delta,2,0,0,8910,42.1682
15095,48201,hierarchy_delta,2,0,1,18213,42.1617
15096,36376,hierarchy_delta,2,0,1,6388,42.1505
15097,48776,hierarchy_delta,2,0,1,18788,42.1307
15098,31096,hierarchy_delta,2,0,0,16102,42.1026
15099,33279,hierarchy_delta,2,0,0,18285,42.0529
15100,48790,hierarchy_delta,2,0,1,18802,41.9497
15101,28285,hierarchy_delta,2,0,0,13291,41.9344
15102,48813,hierarchy_delta,2,0,1,18825,41.9148
15103,29143,hierarchy_delta,2,0,0,14149,41.901
15104,42696,hierarchy_delta,2,0,1,12708,41.8941
15105,49347,hierarchy_delta,2,0,1,19359,41.8628
15106,44055,hierarchy_delta,2,0,1,14067,41.7929
15107,37094,hierarchy_delta,2,0,1,7106,41.7866
15108,23980,hierarchy_delta,2,0,0,8986,41.7084
15109,35099,hierarchy_delta,2,0,1,5111,41.6929
15110,28695,hierarchy_delta,2,0,0,13701,41.6604
15111,27855,hierarchy_delta,2,0,0,12861,41.6441
15112,48171,hierarchy_delta,2,0,1,18183,41.5755
15113,27620,hierarchy_delta,2,0,0,12626,41.5015
15114,32192,hierarchy_delta,2,0,0,17198,41.4697
15115,48811,hierarchy_delta,2,0,1,18823,41.3934
15116,49371,hierarchy_delta,2,0,1,19383,41.3528
15117,23547,hierarchy_delta,2,0,0,8553,41.3513
15118,24659,hierarchy_delta,2,0,0,9665,41.341
15119,32187,hierarchy_delta,2,0,0,17193,41.2883
15120,43358,hierarchy_delta,2,0,1,13370,41.2854
15121,37269,hierarchy_delta,2,0,1,7281,41.2825
15122,33758,hierarchy_delta,2,0,0,18764,41.2395
15123,38568,hierarchy_delta,2,0,1,8580,41.1003
15124,24662,hierarchy_delta,2,0,0,9668,41.0996
15125,45212,hierarchy_delta,2,0,1,15224,41.0989
15126,39929,hierarchy_delta,2,0,1,9941,41.0819
15127,36460,hierarchy_delta,2,0,1,6472,41.0748
15128,22653,hierarchy_delta,2,0,0,7659,41.0404
15129,31988,hierarchy_delta,2,0,0,16994,41.0034
15130,43445,hierarchy_delta,2,0,1,13457,40.9889
15131,44670,hierarchy_delta,2,0,1,14682,40.9781
15132,31507,hierarchy_delta,2,0,0,16513,40.9191
15133,38471,hierarchy_delta,2,0,1,8483,40.8907
15134,38581,hierarchy_delta,2,0,1,8593,40.866
15135,23917,hierarchy_delta,2,0,0,8923,40.7859
15136,37280,hierarchy_delta,2,0,1,7292,40.7417
15137,25114,hierarchy_delta,2,0,0,10120,40.7178
15138,38036,hierarchy_delta,2,0,1,8048,40.7174
15139,23398,hierarchy_delta,2,0,0,8404,40.7146
15140,48792,hierarchy_delta,2,0,1,18804,40.6821
15141,25122,hierarchy_delta,2,0,0,10128,40.6681
15142,38573,hierarchy_delta,2,0,1,8585,40.6394
15143,33755,hierarchy_delta,2,0,0,18761,40.5637
15144,49392,hierarchy_delta,2,0,1,19404,40.5339
15145,47055,hierarchy_delta,2,0,1,17067,40.4989
15146,31375,hierarchy_delta,2,0,0,16381,40.4791
15147,40871,hierarchy_delta,2,0,1,10883,40.4735
15148,30889,hierarchy_delta,2,0,0,15895,40.4708
15149,36036,hierarchy_delta,2,0,1,6048,40.406
15150,47072,hierarchy_delta,2,0,1,17084,40.3477
15151,35175,hierarchy_delta,2,0,1,5187,40.3473
15152,36554,hierarchy_delta,2,0,1,6566,40.3227
15153,44914,hierarchy_delta,2,0,1,14926,40.3102
15154,34977,hierarchy_delta,2,0,0,19983,40.2602
15155,44023,hierarchy_delta,2,0,1,14035,40.2566
15156,34948,hierarchy_delta,2,0,0,19954,40.1977
15157,34612,hierarchy_delta,2,0,0,19618,40.1192
15158,35848,hierarchy_delta,2,0,1,5860,40.099
15159,36465,hierarchy_delta,2,0,1,6477,40.0971
15160,37408,hierarchy_delta,2,0,1,7420,40.0962
15161,35154,hierarchy_delta,2,0,1,5166,40.0958
15162,23902,hierarchy_delta,2,0,0,8908,40.0862
15163,26280,hierarchy_delta,2,0,0,11286,40.067
15164,30290,hierarchy_delta,2,0,0,15296,40.0339
15165,45252,hierarchy_delta,2,0,1,15264,40.029
15166,37316,hierarchy_delta,2,0,1,7328,40.0282
15167,34393,hierarchy_delta,2,0,0,19399,40.0065
15168,33786,hierarchy_delta,2,0,0,18792,39.9295
15169,26512,hierarchy_delta,2,0,0,11518,39.9154
15170,37311,hierarchy_delta,2,0,1,7323,39.9142
15171,44068,hierarchy_delta,2,0,1,14080,39.8749
15172,44586,hierarchy_delta,2,0,1,14598,39.8464
15173,36470,hierarchy_delta,2,0,1,6482,39.8463
15174,35861,hierarchy_delta,2,0,1,5873,39.8362
15175,31420,hierarchy_delta,2,0,0,16426,39.8199
15176,42089,hierarchy_delta,2,0,1,12101,39.8115
15177,36081,hierarchy_delta,2,0,1,6093,39.8
15178,32555,hierarchy_delta,2,0,0,17561,39.7893
15179,35112,hierarchy_delta,2,0,1,5124,39.736
15180,42034,hierarchy_delta,2,0,1,12046,39.7339
15181,45283,hierarchy_delta,2,0,1,15295,39.701
15182,41421,hierarchy_delta,2,0,1,11433,39.687
15183,27852,hierarchy_delta,2,0,0,12858,39.6843
15184,40636,hierarchy_delta,2,0,1,10648,39.6586
15185,38463,hierarchy_delta,2,0,1,8475,39.6525
15186,22734,hierarchy_delta,2,0,0,7740,39.6523
15187,32837,hierarchy_delta,2,0,0,17843,39.6464
15188,36180,hierarchy_delta,2,0,1,6192,39.6432
15189,43363,hierarchy_delta,2,0,1,13375,39.6221
15190,36478,hierarchy_delta,2,0,1,6490,39.6209
15191,42123,hierarchy_delta,2,0,1,12135,39.5888
15192,32685,hierarchy_delta,2,0,0,17691,39.5864
15193,36583,hierarchy_delta,2,0,1,6595,39.5722
15194,34766,hierarchy_delta,2,0,0,19772,39.5626
15195,34599,hierarchy_delta,2,0,0,19605,39.5566
15196,37327,hierarchy_delta,2,0,1,7339,39.5383
15197,35104,hierarchy_delta,2,0,1,5116,39.5368
15198,37146,hierarchy_delta,2,0,1,7158,39.5287
15199,38028,hierarchy_delta,2,0,1,8040,39.5226
15200,35547,hierarchy_delta,2,0,1,5559,39.5169
15201,35091,hierarchy_delta,2,0,1,5103,39.5029
15202,37304,hierarchy_delta,2,0,1,7316,39.4911
15203,43979,hierarchy_delta,2,0,1,13991,39.4859
15204,37319,hierarchy_delta,2,0,1,7331,39.4459
15205,36094,hierarchy_delta,2,0,1,6106,39.4258
15206,28964,hierarchy_delta,2,0,0,13970,39.4231
15207,34991,hierarchy_delta,2,0,1,5003,39.4199
15208,47577,hierarchy_delta,2,0,1,17589,39.4027
15209,35560,hierarchy_delta,2,0,1,5572,39.3861
15210,42149,hierarchy_delta,2,0,1,12161,39.3846
15211,35539,hierarchy_delta,2,0,1,5551,39.3693
15212,35555,hierarchy_delta,2,0,1,5567,39.3355
15213,26507,hierarchy_delta,2,0,0,11513,39.2826
15214,43314,hierarchy_delta,2,0,1,13326,39.279
15215,40563,hierarchy_delta,2,0,1,10575,39.2503
15216,31494,hierarchy_delta,2,0,0,16500,39.2502
15217,34400,hierarchy_delta,2,0,0,19406,39.2409
15218,45154,hierarchy_delta,2,0,1,15166,39.2349
15219,41468,hierarchy_delta,2,0,1,11480,39.2216
15220,34748,hierarchy_delta,2,0,0,19754,39.125
15221,49954,hierarchy_delta,2,0,1,19966,39.0299
15222,29031,hierarchy_delta,2,0,0,14037,39.026
15223,37400,hierarchy_delta,2,0,1,7412,39.0224
15224,26945,hierarchy_delta,2,0,0,11951,39.0132
15225,41500,hierarchy_delta,2,0,1,11512,39.008
15226,24798,hierarchy_delta,2,0,0,9804,39.0019
15227,38555,hierarchy_delta,2,0,1,8567,38.9619
15228,35913,hierarchy_delta,2,0,1,5925,38.9475
15229,35167,hierarchy_delta,2,0,1,5179,38.9246
15230,35735,hierarchy_delta,2,0,1,5747,38.9028
15231,37646,hierarchy_delta,2,0,1,7658,38.9008
15232,46412,hierarchy_delta,2,0,1,16424,38.8562
15233,23907,hierarchy_delta,2,0,0,8913,38.8361
15234,35832,hierarchy_delta,2,0,1,5844,38.8174
15235,38031,hierarchy_delta,2,0,1,8043,38.7885
15236,45843,hierarchy_delta,2,0,1,15855,38.785
15237,33436,hierarchy_delta,2,0,0,18442,38.7657
15238,43409,hierarchy_delta,2,0,1,13421,38.76
15239,30228,hierarchy_delta,2,0,0,15234,38.7369
15240,41489,hierarchy_delta,2,0,1,11501,38.7332
15241,45864,hierarchy_delta,2,0,1,15876,38.7278
15242,35900,hierarchy_delta,2,0,1,5912,38.726
15243,38592,hierarchy_delta,2,0,1,8604,38.7256
15244,36457,hierarchy_delta,2,0,1,6469,38.7097
15245,33163,hierarchy_delta,2,0,0,18169,38.7024
15246,36593,hierarchy_delta,2,0,1,6605,38.6888
15247,42835,hierarchy_delta,2,0,1,12847,38.6875
15248,38437,hierarchy_delta,2,0,1,8449,38.6858
15249,41505,hierarchy_delta,2,0,1,11517,38.6739
15250,47046,hierarchy_delta,2,0,1,17058,38.6497
15251,37638,hierarchy_delta,2,0,1,7650,38.635
15252,46461,hierarchy_delta,2,0,1,16473,38.614
15253,34458,hierarchy_delta,2,0,0,19464,38.5832
15254,35620,hierarchy_delta,2,0,1,5632,38.5773
15255,37314,hierarchy_delta,2,0,1,7326,38.5583
15256,36392,hierarchy_delta,2,0,1,6404,38.5379
15257,35039,hierarchy_delta,2,0,1,5051,38.5333
15258,47056,hierarchy_delta,2,0,1,17068,38.5316
15259,44110,hierarchy_delta,2,0,1,14122,38.473
15260,32261,hierarchy_delta,2,0,0,17267,38.4706
15261,23552,hierarchy_delta,2,0,0,8558,38.4598
15262,41335,hierarchy_delta,2,0,1,11347,38.4477
15263,37416,hierarchy_delta,2,0,1,7428,38.4102
15264,43477,hierarchy_delta,2,0,1,13489,38.3955
15265,47586,hierarchy_delta,2,0,1,17598,38.3846
15266,47060,hierarchy_delta,2,0,1,17072,38.3239
15267,36455,hierarchy_delta,2,0,1,6467,38.2704
15268,32045,hierarchy_delta,2,0,0,17051,38.2678
15269,35052,hierarchy_delta,2,0,1,5064,38.2527
15270,36384,hierarchy_delta,2,0,1,6396,38.231
15271,33161,hierarchy_delta,2,0,0,18167,38.2206
15272,35680,hierarchy_delta,2,0,1,5692,38.1916
15273,36102,hierarchy_delta,2,0,1,6114,38.1621
15274,24837,hierarchy_delta,2,0,0,9843,38.1516
15275,35759,hierarchy_delta,2,0,1,5771,38.1324
15276,42699,hierarchy_delta,2,0,1,12711,38.1234
15277,33215,hierarchy_delta,2,0,0,18221,38.1069
15278,38584,hierarchy_delta,2,0,1,8596,38.0953
15279,37853,hierarchy_delta,2,0,1,7865,38.0767
15280,35599,hierarchy_delta,2,0,1,5611,38.0708
15281,36204,hierarchy_delta,2,0,1,6216,38.0696
15282,31536,hierarchy_delta,2,0,0,16542,38.0633
15283,47606,hierarchy_delta,2,0,1,17618,38.0591
15284,46996,hierarchy_delta,2,0,1,17008,38.0433
15285,25789,hierarchy_delta,2,0,0,10795,38.0359
15286,35659,hierarchy_delta,2,0,1,5671,38.0282
15287,31510,hierarchy_delta,2,0,0,16516,38.0193
15288,35926,hierarchy_delta,2,0,1,5938,38.0119
15289,33801,hierarchy_delta,2,0,0,18807,37.9973
15290,41966,hierarchy_delta,2,0,1,11978,37.9948
15291,46430,hierarchy_delta,2,0,1,16442,37.9627
15292,35461,hierarchy_delta,2,0,1,5473,37.9614
15293,25597,hierarchy_delta,2,0,0,10603,37.938
15294,44149,hierarchy_delta,2,0,1,14161,37.9266
15295,32683,hierarchy_delta,2,0,0,17689,37.9201
15296,37834,hierarchy_delta,2,0,1,7846,37.9145
15297,36225,hierarchy_delta,2,0,1,6237,37.9082
15298,36217,hierarchy_delta,2,0,1,6229,37.9057
15299,38039,hierarchy_delta,2,0,1,8051,37.9016
15300,36010,hierarchy_delta,2,0,1,6022,37.9006
15301,36350,hierarchy_delta,2,0,1,6362,37.8969
15302,35607,hierarchy_delta,2,0,1,5619,37.8655
15303,35921,hierarchy_delta,2,0,1,5933,37.863
15304,26290,hierarchy_delta,2,0,0,11296,37.8605
15305,36619,hierarchy_delta,2,0,1,6631,37.8569
15306,36627,hierarchy_delta,2,0,1,6639,37.8569
15307,40756,hierarchy_delta,2,0,1,10768,37.8434
15308,47102,hierarchy_delta,2,0,1,17114,37.8333
15309,36089,hierarchy_delta,2,0,1,6101,37.8217
15310,35374,hierarchy_delta,2,0,1,5386,37.8008
15311,32016,hierarchy_delta,2,0,0,17022,37.7655
15312,30392,hierarchy_delta,2,0,0,15398,37.7526
15313,32258,hierarchy_delta,2,0,0,17264,37.7494
15314,27857,hierarchy_delta,2,0,0,12863,37.6789
15315,44704,hierarchy_delta,2,0,1,14716,37.6567
15316,25633,hierarchy_delta,2,0,0,10639,37.646
15317,37332,hierarchy_delta,2,0,1,7344,37.646
15318,43526,hierarchy_delta,2,0,1,13538,37.6285
15319,38615,hierarchy_delta,2,0,1,8627,37.6093
15320,42029,hierarchy_delta,2,0,1,12041,37.6026
15321,23544,hierarchy_delta,2,0,0,8550,37.58
15322,38041,hierarchy_delta,2,0,1,8053,37.5573
15323,38476,hierarchy_delta,2,0,1,8488,37.5524
15324,43228,hierarchy_delta,2,0,1,13240,37.5436
15325,35107,hierarchy_delta,2,0,1,5119,37.5151
15326,44058,hierarchy_delta,2,0,1,14070,37.4999
15327,38403,hierarchy_delta,2,0,1,8415,37.4954
15328,38999,hierarchy_delta,2,0,1,9011,37.4953
15329,42647,hierarchy_delta,2,0,1,12659,37.4783
15330,43482,hierarchy_delta,2,0,1,13494,37.4754
15331,31985,hierarchy_delta,2,0,0,16991,37.4667
15332,39840,hierarchy_delta,2,0,1,9852,37.4648
15333,36272,hierarchy_delta,2,0,1,6284,37.4547
15334,27686,hierarchy_delta,2,0,0,12692,37.4484
15335,39832,hierarchy_delta,2,0,1,9844,37.4285
15336,48712,hierarchy_delta,2,0,1,18724,37.3702
15337,48232,hierarchy_delta,2,0,1,18244,37.336
15338,48287,hierarchy_delta,2,0,1,18299,37.3059
15339,37296,hierarchy_delta,2,0,1,7308,37.2931
15340,35876,hierarchy_delta,2,0,1,5888,37.2896
15341,35615,hierarchy_delta,2,0,1,5627,37.2561
15342,27539,hierarchy_delta,2,0,0,12545,37.1999
15343,46506,hierarchy_delta,2,0,1,16518,37.1901
15344,40599,hierarchy_delta,2,0,1,10611,37.1813
15345,27544,hierarchy_delta,2,0,0,12550,37.1637
15346,38576,hierarchy_delta,2,0,1,8588,37.1597
15347,29189,hierarchy_delta,2,0,0,14195,37.1525
15348,25169,hierarchy_delta,2,0,0,10175,37.1322
15349,35897,hierarchy_delta,2,0,1,5909,37.0398
15350,45539,hierarchy_delta,2,0,1,15551,37.0372
15351,37183,hierarchy_delta,2,0,1,7195,37.0276
15352,26293,hierarchy_delta,2,0,0,11299,37.0089
15353,42060,hierarchy_delta,2,0,1,12072,37.0084
15354,42107,hierarchy_delta,2,0,1,12119,36.9986
15355,38429,hierarchy_delta,2,0,1,8441,36.9918
15356,43309,hierarchy_delta,2,0,1,13321,36.9723
15357,42633,hierarchy_delta,2,0,1,12645,36.9127
15358,49957,hierarchy_delta,2,0,1,19969,36.904
15359,22747,hierarchy_delta,2,0,0,7753,36.9014
15360,36444,hierarchy_delta,2,0,1,6456,36.8836
15361,35196,hierarchy_delta,2,0,1,5208,36.878
15362,39837,hierarchy_delta,2,0,1,9849,36.8754
15363,23988,hierarchy_delta,2,0,0,8994,36.8636
15364,37437,hierarchy_delta,2,0,1,7449,36.8546
15365,43434,hierarchy_delta,2,0,1,13446,36.8283
15366,36146,hierarchy_delta,2,0,1,6158,36.8122
15367,26272,hierarchy_delta,2,0,0,11278,36.8105
15368,36371,hierarchy_delta,2,0,1,6383,36.7869
15369,35908,hierarchy_delta,2,0,1,5920,36.7625
15370,34349,hierarchy_delta,2,0,0,19355,36.7622
15371,35987,hierarchy_delta,2,0,1,5999,36.7501
15372,36415,hierarchy_delta,2,0,1,6427,36.7474
15373,45359,hierarchy_delta,2,0,1,15371,36.7413
15374,41971,hierarchy_delta,2,0,1,11983,36.7089
15375,42118,hierarchy_delta,2,0,1,12130,36.6694
15376,36285,hierarchy_delta,2,0,1,6297,36.666
15377,26971,hierarchy_delta,2,0,0,11977,36.661
15378,29185,hierarchy_delta,2,0,0,14191,36.6568
15379,31467,hierarchy_delta,2,0,0,16473,36.6482
15380,35282,hierarchy_delta,2,0,1,5294,36.6432
15381,34336,hierarchy_delta,2,0,0,19342,36.6157
15382,38542,hierarchy_delta,2,0,1,8554,36.6134
15383,46499,hierarchy_delta,2,0,1,16511,36.6121
15384,40545,hierarchy_delta,2,0,1,10557,36.6073
15385,36212,hierarchy_delta,2,0,1,6224,36.6039
15386,36538,hierarchy_delta,2,0,1,6550,36.6001
15387,46356,hierarchy_delta,2,0,1,16368,36.596
15388,42628,hierarchy_delta,2,0,1,12640,36.5954
15389,23996,hierarchy_delta,2,0,0,9002,36.5865
15390,36256,hierarchy_delta,2,0,1,6268,36.586
15391,30231,hierarchy_delta,2,0,0,15237,36.5792
15392,35884,hierarchy_delta,2,0,1,5896,36.5718
15393,27802,hierarchy_delta,2,0,0,12808,36.568
15394,49589,hierarchy_delta,2,0,1,19601,36.5663
15395,40686,hierarchy_delta,2,0,1,10698,36.5634
15396,36120,hierarchy_delta,2,0,1,6132,36.5623
15397,27805,hierarchy_delta,2,0,0,12811,36.5563
15398,41903,hierarchy_delta,2,0,1,11915,36.5556
15399,49941,hierarchy_delta,2,0,1,19953,36.5254
15400,42630,hierarchy_delta,2,0,1,12642,36.5148
15401,31377,hierarchy_delta,2,0,0,16383,36.4656
15402,40623,hierarchy_delta,2,0,1,10635,36.4603
15403,43560,hierarchy_delta,2,0,1,13572,36.4572
15404,22742,hierarchy_delta,2,0,0,7748,36.4465
15405,40806,hierarchy_delta,2,0,1,10818,36.4404
15406,45921,hierarchy_delta,2,0,1,15933,36.4272
15407,30295,hierarchy_delta,2,0,0,15301,36.4229
15408,40324,hierarchy_delta,2,0,1,10336,36.4218
15409,46427,hierarchy_delta,2,0,1,16439,36.4192
15410,36167,hierarchy_delta,2,0,1,6179,36.4182
15411,49943,hierarchy_delta,2,0,1,19955,36.4153
15412,42780,hierarchy_delta,2,0,1,12792,36.405
15413,44073,hierarchy_delta,2,0,1,14085,36.3909
15414,35269,hierarchy_delta,2,0,1,5281,36.3647
15415,35481,hierarchy_delta,2,0,1,5493,36.3484
15416,35790,hierarchy_delta,2,0,1,5802,36.3258
15417,41984,hierarchy_delta,2,0,1,11996,36.3135
15418,49022,hierarchy_delta,2,0,1,19034,36.3131
15419,34383,hierarchy_delta,2,0,0,19389,36.31
15420,36295,hierarchy_delta,2,0,1,6307,36.3022
15421,29695,hierarchy_delta,2,0,0,14701,36.3012
15422,34030,hierarchy_delta,2,0,0,19036,36.2982
15423,36057,hierarchy_delta,2,0,1,6069,36.2671
15424,43990,hierarchy_delta,2,0,1,14002,36.2495
15425,41453,hierarchy_delta,2,0,1,11465,36.2484
15426,37633,hierarchy_delta,2,0,1,7645,36.2396
15427,39798,hierarchy_delta,2,0,1,9810,36.235
15428,45254,hierarchy_delta,2,0,1,15266,36.2312
15429,35209,hierarchy_delta,2,0,1,5221,36.2169
15430,27174,hierarchy_delta,2,0,0,12180,36.2123
15431,36546,hierarchy_delta,2,0,1,6558,36.1937
15432,41437,hierarchy_delta,2,0,1,11449,36.1884
15433,45881,hierarchy_delta,2,0,1,15893,36.1755
15434,37601,hierarchy_delta,2,0,1,7613,36.1732
15435,30226,hierarchy_delta,2,0,0,15232,36.1487
15436,35217,hierarchy_delta,2,0,1,5229,36.1398
15437,45817,hierarchy_delta,2,0,1,15829,36.1368
15438,37651,hierarchy_delta,2,0,1,7663,36.1352
15439,37348,hierarchy_delta,2,0,1,7360,36.1305
15440,33240,hierarchy_delta,2,0,0,18246,36.1198
15441,42665,hierarchy_delta,2,0,1,12677,36.1187
15442,38539,hierarchy_delta,2,0,1,8551,36.1052
15443,29918,hierarchy_delta,2,0,0,14924,36.0942
15444,32853,hierarchy_delta,2,0,0,17859,36.0912
15445,41458,hierarchy_delta,2,0,1,11470,36.0848
15446,46089,hierarchy_delta,2,0,1,16101,36.0781
15447,41322,hierarchy_delta,2,0,1,11334,36.0625
15448,38597,hierarchy_delta,2,0,1,8609,36.062
15449,32596,hierarchy_delta,2,0,0,17602,36.0593
15450,45303,hierarchy_delta,2,0,1,15315,36.0427
15451,39806,hierarchy_delta,2,0,1,9818,36.0381
15452,35230,hierarchy_delta,2,0,1,5242,36.0336
15453,39835,hierarchy_delta,2,0,1,9847,36.0179
15454,35225,hierarchy_delta,2,0,1,5237,36.0148
15455,23557,hierarchy_delta,2,0,0,8563,36.0074
15456,37374,hierarchy_delta,2,0,1,7386,35.9986
15457,39822,hierarchy_delta,2,0,1,9834,35.9978
15458,39688,hierarchy_delta,2,0,1,9700,35.9901
15459,46502,hierarchy_delta,2,0,1,16514,35.9745
15460,41036,hierarchy_delta,2,0,1,11048,35.9743
15461,26976,hierarchy_delta,2,0,0,11982,35.9707
15462,35667,hierarchy_delta,2,0,1,5679,35.9686
15463,40657,hierarchy_delta,2,0,1,10669,35.9523
15464,36507,hierarchy_delta,2,0,1,6519,35.9465
15465,43327,hierarchy_delta,2,0,1,13339,35.9455
15466,40162,hierarchy_delta,2,0,1,10174,35.9424
15467,42730,hierarchy_delta,2,0,1,12742,35.9378
15468,32256,hierarchy_delta,2,0,0,17262,35.9328
15469,35966,hierarchy_delta,2,0,1,5978,35.9108
15470,38709,hierarchy_delta,2,0,1,8721,35.8961
15471,31448,hierarchy_delta,2,0,0,16454,35.892
15472,23983,hierarchy_delta,2,0,0,8989,35.8868
15473,30305,hierarchy_delta,2,0,0,15311,35.8868
15474,29697,hierarchy_delta,2,0,0,14703,35.8779
15475,43563,hierarchy_delta,2,0,1,13575,35.8585
15476,37222,hierarchy_delta,2,0,1,7234,35.8437
15477,35531,hierarchy_delta,2,0,1,5543,35.8308
15478,46505,hierarchy_delta,2,0,1,16517,35.8292
15479,26462,hierarchy_delta,2,0,0,11468,35.7758
15480,44107,hierarchy_delta,2,0,1,14119,35.7714
15481,35636,hierarchy_delta,2,0,1,5648,35.7544
15482,35235,hierarchy_delta,2,0,1,5247,35.7488
15483,36065,hierarchy_delta,2,0,1,6077,35.7462
15484,42081,hierarchy_delta,2,0,1,12093,35.7447
15485,35856,hierarchy_delta,2,0,1,5868,35.7355
15486,32027,hierarchy_delta,2,0,0,17033,35.7285
15487,37424,hierarchy_delta,2,0,1,7436,35.7113
15488,30360,hierarchy_delta,2,0,0,15366,35.696
15489,37466,hierarchy_delta,2,0,1,7478,35.6871
15490,37719,hierarchy_delta,2,0,1,7731,35.655
15491,30812,hierarchy_delta,2,0,0,15818,35.6451
15492,42678,hierarchy_delta,2,0,1,12690,35.6448
15493,42018,hierarchy_delta,2,0,1,12030,35.6414
15494,37847,hierarchy_delta,2,0,1,7859,35.6307
15495,37842,hierarchy_delta,2,0,1,7854,35.6303
15496,42340,hierarchy_delta,2,0,1,12352,35.6255
15497,23909,hierarchy_delta,2,0,0,8915,35.6106
15498,47270,hierarchy_delta,2,0,1,17282,35.5955
15499,43497,hierarchy_delta,2,0,1,13509,35.5753
15500,37429,hierarchy_delta,2,0,1,7441,35.5553
15501,40675,hierarchy_delta,2,0,1,10687,35.5551
15502,44139,hierarchy_delta,2,0,1,14151,35.553
15503,37382,hierarchy_delta,2,0,1,7394,35.547
15504,31987,hierarchy_delta,2,0,0,16993,35.5443
15505,32011,hierarchy_delta,2,0,0,17017,35.5382
15506,35955,hierarchy_delta,2,0,1,5967,35.4948
15507,36355,hierarchy_delta,2,0,1,6367,35.4907
15508,29635,hierarchy_delta,2,0,0,14641,35.4771
15509,49588,hierarchy_delta,2,0,1,19600,35.4767
15510,43466,hierarchy_delta,2,0,1,13478,35.455
15511,23991,hierarchy_delta,2,0,0,8997,35.4419
15512,35248,hierarchy_delta,2,0,1,5260,35.4095
15513,47101,hierarchy_delta,2,0,1,17113,35.4045
15514,37609,hierarchy_delta,2,0,1,7621,35.3992
15515,29636,hierarchy_delta,2,0,0,14642,35.393
15516,23429,hierarchy_delta,2,0,0,8435,35.3767
15517,38416,hierarchy_delta,2,0,1,8428,35.3747
15518,46459,hierarchy_delta,2,0,1,16471,35.372
15519,35222,hierarchy_delta,2,0,1,5234,35.3701
15520,24004,hierarchy_delta,2,0,0,9010,35.3669
15521,36984,hierarchy_delta,2,0,1,6996,35.3444
15522,26465,hierarchy_delta,2,0,0,11471,35.3439
15523,23999,hierarchy_delta,2,0,0,9005,35.3389
15524,29042,hierarchy_delta,2,0,0,14048,35.3349
15525,35979,hierarchy_delta,2,0,1,5991,35.3331
15526,48197,hierarchy_delta,2,0,1,18209,35.3217
15527,44319,hierarchy_delta,2,0,1,14331,35.3182
15528,25628,hierarchy_delta,2,0,0,10634,35.3054
15529,36128,hierarchy_delta,2,0,1,6140,35.3045
15530,35942,hierarchy_delta,2,0,1,5954,35.2993
15531,41987,hierarchy_delta,2,0,1,11999,35.297
15532,35494,hierarchy_delta,2,0,1,5506,35.2917
15533,33818,hierarchy_delta,2,0,0,18824,35.2873
15534,35502,hierarchy_delta,2,0,1,5514,35.2825
15535,38411,hierarchy_delta,2,0,1,8423,35.2709
15536,31304,hierarchy_delta,2,0,0,16310,35.2651
15537,29184,hierarchy_delta,2,0,0,14190,35.2634
15538,44516,hierarchy_delta,2,0,1,14528,35.245
15539,40743,hierarchy_delta,2,0,1,10755,35.2325
15540,40018,hierarchy_delta,2,0,1,10030,35.2186
15541,46924,hierarchy_delta,2,0,1,16936,35.209
15542,39940,hierarchy_delta,2,0,1,9952,35.208
15543,21559,hierarchy_delta,2,0,0,6565,35.2008
15544,39680,hierarchy_delta,2,0,1,9692,35.1982
15545,42076,hierarchy_delta,2,0,1,12088,35.1901
15546,37188,hierarchy_delta,2,0,1,7200,35.1766
15547,27623,hierarchy_delta,2,0,0,12629,35.1644
15548,37369,hierarchy_delta,2,0,1,7381,35.1546
15549,35798,hierarchy_delta,2,0,1,5810,35.1415
15550,42183,hierarchy_delta,2,0,1,12195,35.1363
15551,44804,hierarchy_delta,2,0,1,14816,35.1284
15552,48276,hierarchy_delta,2,0,1,18288,35.1268
15553,42214,hierarchy_delta,2,0,1,12226,35.113
15554,37803,hierarchy_delta,2,0,1,7815,35.1108
15555,23437,hierarchy_delta,2,0,0,8443,35.1057
15556,39829,hierarchy_delta,2,0,1,9841,35.0834
15557,34352,hierarchy_delta,2,0,0,19358,35.0711
15558,45866,hierarchy_delta,2,0,1,15878,35.0657
15559,41484,hierarchy_delta,2,0,1,11496,35.0484
15560,42715,hierarchy_delta,2,0,1,12727,35.0442
15561,32840,hierarchy_delta,2,0,0,17846,35.0256
15562,38623,hierarchy_delta,2,0,1,8635,35.0168
15563,47042,hierarchy_delta,2,0,1,17054,35.0037
15564,39112,hierarchy_delta,2,0,1,9124,34.9923
15565,33592,hierarchy_delta,2,0,0,18598,34.9915
15566,37570,hierarchy_delta,2,0,1,7582,34.98
15567,36023,hierarchy_delta,2,0,1,6035,34.9576
15568,41885,hierarchy_delta,2,0,1,11897,34.8634
15569,44801,hierarchy_delta,2,0,1,14813,34.8623
15570,41424,hierarchy_delta,2,0,1,11436,34.8619
15571,47605,hierarchy_delta,2,0,1,17617,34.8556
15572,34707,hierarchy_delta,2,0,0,19713,34.8431
15573,43298,hierarchy_delta,2,0,1,13310,34.8316
15574,36884,hierarchy_delta,2,0,1,6896,34.8161
15575,36399,hierarchy_delta,2,0,1,6411,34.811
15576,25834,hierarchy_delta,2,0,0,10840,34.7965
15577,46529,hierarchy_delta,2,0,1,16541,34.7939
15578,37879,hierarchy_delta,2,0,1,7891,34.7831
15579,47590,hierarchy_delta,2,0,1,17602,34.7716
15580,32064,hierarchy_delta,2,0,0,17070,34.7485
15581,38678,hierarchy_delta,2,0,1,8690,34.7192
15582,44052,hierarchy_delta,2,0,1,14064,34.7113
15583,35586,hierarchy_delta,2,0,1,5598,34.705
15584,38587,hierarchy_delta,2,0,1,8599,34.6919
15585,45849,hierarchy_delta,2,0,1,15861,34.6728
15586,29631,hierarchy_delta,2,0,0,14637,34.6716
15587,28314,hierarchy_delta,2,0,0,13320,34.6683
15588,47638,hierarchy_delta,2,0,1,17650,34.6626
15589,45848,hierarchy_delta,2,0,1,15860,34.6341
15590,37324,hierarchy_delta,2,0,1,7336,34.6257
15591,40083,hierarchy_delta,2,0,1,10095,34.6192
15592,37209,hierarchy_delta,2,0,1,7221,34.6189
15593,38887,hierarchy_delta,2,0,1,8899,34.6048
15594,25847,hierarchy_delta,2,0,0,10853,34.5949
15595,39842,hierarchy_delta,2,0,1,9854,34.5834
15596,42693,hierarchy_delta,2,0,1,12705,34.5648
15597,38163,hierarchy_delta,2,0,1,8175,34.5557
15598,49958,hierarchy_delta,2,0,1,19970,34.5376
15599,38811,hierarchy_delta,2,0,1,8823,34.5374
15600,28288,hierarchy_delta,2,0,0,13294,34.4955
15601,45330,hierarchy_delta,2,0,1,15342,34.4944
15602,47603,hierarchy_delta,2,0,1,17615,34.487
15603,38390,hierarchy_delta,2,0,1,8402,34.4819
15604,43424,hierarchy_delta,2,0,1,13436,34.4799
15605,46995,hierarchy_delta,2,0,1,17007,34.4763
15606,26340,hierarchy_delta,2,0,0,11346,34.4697
15607,36499,hierarchy_delta,2,0,1,6511,34.4624
15608,30359,hierarchy_delta,2,0,0,15365,34.4608
15609,36463,hierarchy_delta,2,0,1,6475,34.4566
15610,22645,hierarchy_delta,2,0,0,7651,34.4557
15611,39652,hierarchy_delta,2,0,1,9664,34.4529
15612,22739,hierarchy_delta,2,0,0,7745,34.4494
15613,34594,hierarchy_delta,2,0,0,19600,34.4192
15614,40843,hierarchy_delta,2,0,1,10855,34.418
15615,45325,hierarchy_delta,2,0,1,15337,34.4173
15616,30810,hierarchy_delta,2,0,0,15816,34.4088
15617,28486,hierarchy_delta,2,0,0,13492,34.4053
15618,35542,hierarchy_delta,2,0,1,5554,34.3985
15619,38717,hierarchy_delta,2,0,1,8729,34.3941
15620,35657,hierarchy_delta,2,0,1,5669,34.3807
15621,28319,hierarchy_delta,2,0,0,13325,34.3787
15622,45508,hierarchy_delta,2,0,1,15520,34.3653
15623,37664,hierarchy_delta,2,0,1,7676,34.3526
15624,27652,hierarchy_delta,2,0,0,12658,34.3492
15625,44759,hierarchy_delta,2,0,1,14771,34.342
15626,35295,hierarchy_delta,2,0,1,5307,34.3415
15627,37688,hierarchy_delta,2,0,1,7700,34.334
15628,36133,hierarchy_delta,2,0,1,6145,34.3303
15629,49938,hierarchy_delta,2,0,1,19950,34.3161
15630,39303,hierarchy_delta,2,0,1,9315,34.3115
15631,40110,hierarchy_delta,2,0,1,10122,34.3094
15632,41503,hierarchy_delta,2,0,1,11515,34.3084
15633,43494,hierarchy_delta,2,0,1,13506,34.3068
15634,30241,hierarchy_delta,2,0,0,15247,34.301
15635,41400,hierarchy_delta,2,0,1,11412,34.2992
15636,36313,hierarchy_delta,2,0,1,6325,34.2939
15637,38892,hierarchy_delta,2,0,1,8904,34.2809
15638,47639,hierarchy_delta,2,0,1,17651,34.2763
15639,38884,hierarchy_delta,2,0,1,8896,34.2548
15640,27851,hierarchy_delta,2,0,0,12857,34.2472
15641,44718,hierarchy_delta,2,0,1,14730,34.2452
15642,25523,hierarchy_delta,2,0,0,10529,34.2448
15643,36235,hierarchy_delta,2,0,1,6247,34.2432
15644,32245,hierarchy_delta,2,0,0,17251,34.2303
15645,40232,hierarchy_delta,2,0,1,10244,34.2264
15646,36199,hierarchy_delta,2,0,1,6211,34.2235
15647,45806,hierarchy_delta,2,0,1,15818,34.2231
15648,29634,hierarchy_delta,2,0,0,14640,34.2201
15649,28536,hierarchy_delta,2,0,0,13542,34.2019
15650,39476,hierarchy_delta,2,0,1,9488,34.1979
15651,38994,hierarchy_delta,2,0,1,9006,34.1916
15652,47532,hierarchy_delta,2,0,1,17544,34.1895
15653,37641,hierarchy_delta,2,0,1,7653,34.1778
15654,47045,hierarchy_delta,2,0,1,17057,34.1668
15655,30292,hierarchy_delta,2,0,0,15298,34.1526
15656,36428,hierarchy_delta,2,0,1,6440,34.1372
15657,36952,hierarchy_delta,2,0,1,6964,34.0775
15658,43421,hierarchy_delta,2,0,1,13433,34.0587
15659,35212,hierarchy_delta,2,0,1,5224,34.0476
15660,39117,hierarchy_delta,2,0,1,9129,34.0386
15661,30334,hierarchy_delta,2,0,0,15340,34.0119
15662,39971,hierarchy_delta,2,0,1,9983,34.0013
15663,23549,hierarchy_delta,2,0,0,8555,33.9995
15664,40602,hierarchy_delta,2,0,1,10614,33.9874
15665,42612,hierarchy_delta,2,0,1,12624,33.9807
15666,33351,hierarchy_delta,2,0,0,18357,33.9784
15667,36515,hierarchy_delta,2,0,1,6527,33.9726
15668,38683,hierarchy_delta,2,0,1,8695,33.9688
15669,29032,hierarchy_delta,2,0,0,14038,33.968
15670,38033,hierarchy_delta,2,0,1,8045,33.9547
15671,48233,hierarchy_delta,2,0,1,18245,33.9506
15672,47099,hierarchy_delta,2,0,1,17111,33.934
15673,48752,hierarchy_delta,2,0,1,18764,33.9306
15674,49593,hierarchy_delta,2,0,1,19605,33.9186
15675,26685,hierarchy_delta,2,0,0,11691,33.9169
15676,23583,hierarchy_delta,2,0,0,8589,33.8975
15677,37542,hierarchy_delta,2,0,1,7554,33.8966
15678,38563,hierarchy_delta,2,0,1,8575,33.885
15679,45898,hierarchy_delta,2,0,1,15910,33.8708
15680,36112,hierarchy_delta,2,0,1,6124,33.8653
15681,30216,hierarchy_delta,2,0,0,15222,33.8623
15682,39683,hierarchy_delta,2,0,1,9695,33.854
15683,46476,hierarchy_delta,2,0,1,16488,33.8361
15684,35871,hierarchy_delta,2,0,1,5883,33.8324
15685,37737,hierarchy_delta,2,0,1,7749,33.8257
15686,47531,hierarchy_delta,2,0,1,17543,33.8167
15687,36845,hierarchy_delta,2,0,1,6857,33.816
15688,43406,hierarchy_delta,2,0,1,13418,33.7967
15689,38819,hierarchy_delta,2,0,1,8831,33.7896
15690,32879,hierarchy_delta,2,0,0,17885,33.7879
15691,36407,hierarchy_delta,2,0,1,6419,33.7858
15692,40641,hierarchy_delta,2,0,1,10653,33.7771
15693,38973,hierarchy_delta,2,0,1,8985,33.7629
15694,37244,hierarchy_delta,2,0,1,7256,33.7532
15695,39057,hierarchy_delta,2,0,1,9069,33.7288
15696,48781,hierarchy_delta,2,0,1,18793,33.7193
15697,34043,hierarchy_delta,2,0,0,19049,33.7189
15698,27143,hierarchy_delta,2,0,0,12149,33.7083
15699,38408,hierarchy_delta,2,0,1,8420,33.7064
15700,24001,hierarchy_delta,2,0,0,9007,33.7041
15701,38654,hierarchy_delta,2,0,1,8666,33.6851
15702,35722,hierarchy_delta,2,0,1,5734,33.6846
15703,44008,hierarchy_delta,2,0,1,14020,33.6678
15704,29768,hierarchy_delta,2,0,0,14774,33.6601
15705,39311,hierarchy_delta,2,0,1,9323,33.6501
15706,38850,hierarchy_delta,2,0,1,8862,33.6382
15707,37816,hierarchy_delta,2,0,1,7828,33.6355
15708,39890,hierarchy_delta,2,0,1,9902,33.6331
15709,45762,hierarchy_delta,2,0,1,15774,33.6235
15710,42343,hierarchy_delta,2,0,1,12355,33.6051
15711,22810,hierarchy_delta,2,0,0,7816,33.6035
15712,35274,hierarchy_delta,2,0,1,5286,33.6016
15713,45165,hierarchy_delta,2,0,1,15177,33.5728
15714,36462,hierarchy_delta,2,0,1,6474,33.5587
15715,35397,hierarchy_delta,2,0,1,5409,33.5563
15716,48196,hierarchy_delta,2,0,1,18208,33.55
15717,30364,hierarchy_delta,2,0,0,15370,33.5408
15718,42712,hierarchy_delta,2,0,1,12724,33.5383
15719,23993,hierarchy_delta,2,0,0,8999,33.497
15720,33190,hierarchy_delta,2,0,0,18196,33.4864
15721,44026,hierarchy_delta,2,0,1,14038,33.4809
15722,25526,hierarchy_delta,2,0,0,10532,33.4719
15723,37685,hierarchy_delta,2,0,1,7697,33.4647
15724,30515,hierarchy_delta,2,0,0,15521,33.4581
15725,43404,hierarchy_delta,2,0,1,13416,33.4551
15726,38871,hierarchy_delta,2,0,1,8883,33.4444
15727,37745,hierarchy_delta,2,0,1,7757,33.4428
15728,36220,hierarchy_delta,2,0,1,6232,33.4356
15729,31465,hierarchy_delta,2,0,0,16471,33.424
15730,36410,hierarchy_delta,2,0,1,6422,33.4219
15731,40759,hierarchy_delta,2,0,1,10771,33.416
15732,43463,hierarchy_delta,2,0,1,13475,33.3987
15733,44667,hierarchy_delta,2,0,1,14679,33.3965
15734,41351,hierarchy_delta,2,0,1,11363,33.3861
15735,41301,hierarchy_delta,2,0,1,11313,33.3791
15736,29563,hierarchy_delta,2,0,0,14569,33.3725
15737,48795,hierarchy_delta,2,0,1,18807,33.3675
15738,47620,hierarchy_delta,2,0,1,17632,33.358
15739,23555,hierarchy_delta,2,0,0,8561,33.3511
15740,35361,hierarchy_delta,2,0,1,5373,33.3428
15741,36533,hierarchy_delta,2,0,1,6545,33.3414
15742,25216,hierarchy_delta,2,0,0,10222,33.3406
15743,36960,hierarchy_delta,2,0,1,6972,33.3406
15744,37861,hierarchy_delta,2,0,1,7873,33.3381
15745,40900,hierarchy_delta,2,0,1,10912,33.3227
15746,23424,hierarchy_delta,2,0,0,8430,33.3158
15747,43974,hierarchy_delta,2,0,1,13986,33.3098
15748,21551,hierarchy_delta,2,0,0,6557,33.3067
15749,42683,hierarchy_delta,2,0,1,12695,33.2984
15750,49940,hierarchy_delta,2,0,1,19952,33.2915
15751,37693,hierarchy_delta,2,0,1,7705,33.2782
15752,49398,hierarchy_delta,2,0,1,19410,33.2571
15753,32882,hierarchy_delta,2,0,0,17888,33.2557
15754,31538,hierarchy_delta,2,0,0,16544,33.2539
15755,46515,hierarchy_delta,2,0,1,16527,33.2536
15756,35094,hierarchy_delta,2,0,1,5106,33.2477
15757,34964,hierarchy_delta,2,0,0,19970,33.2429
15758,37683,hierarchy_delta,2,0,1,7695,33.2377
15759,34354,hierarchy_delta,2,0,0,19360,33.2322
15760,37696,hierarchy_delta,2,0,1,7708,33.2229
15761,35573,hierarchy_delta,2,0,1,5585,33.201
15762,27185,hierarchy_delta,2,0,0,12191,33.2005
15763,25174,hierarchy_delta,2,0,0,10180,33.1938
15764,35261,hierarchy_delta,2,0,1,5273,33.1873
15765,29632,hierarchy_delta,2,0,0,14638,33.1858
15766,34524,hierarchy_delta,2,0,0,19530,33.1857
15767,38238,hierarchy_delta,2,0,1,8250,33.1844
15768,49968,hierarchy_delta,2,0,1,19980,33.1726
15769,36452,hierarchy_delta,2,0,1,6464,33.1631
15770,49331,hierarchy_delta,2,0,1,19343,33.1448
15771,42819,hierarchy_delta,2,0,1,12831,33.1337
15772,40120,hierarchy_delta,2,0,1,10132,33.1151
15773,41534,hierarchy_delta,2,0,1,11546,33.1079
15774,47074,hierarchy_delta,2,0,1,17086,33.0993
15775,35892,hierarchy_delta,2,0,1,5904,33.0773
15776,24853,hierarchy_delta,2,0,0,9859,33.0758
15777,48173,hierarchy_delta,2,0,1,18185,33.0689
15778,28487,hierarchy_delta,2,0,0,13493,33.0305
15779,43249,hierarchy_delta,2,0,1,13261,33.0267
15780,41539,hierarchy_delta,2,0,1,11551,33.0024
15781,34455,hierarchy_delta,2,0,0,19461,32.9764
15782,36243,hierarchy_delta,2,0,1,6255,32.971
15783,39702,hierarchy_delta,2,0,1,9714,32.953
15784,38445,hierarchy_delta,2,0,1,8457,32.9523
15785,35929,hierarchy_delta,2,0,1,5941,32.9517
15786,34351,hierarchy_delta,2,0,0,19357,32.9455
15787,48221,hierarchy_delta,2,0,1,18233,32.9351
15788,35709,hierarchy_delta,2,0,1,5721,32.9246
15789,46982,hierarchy_delta,2,0,1,16994,32.8941
15790,36575,hierarchy_delta,2,0,1,6587,32.8901
15791,36549,hierarchy_delta,2,0,1,6561,32.8854
15792,44529,hierarchy_delta,2,0,1,14541,32.8693
15793,22797,hierarchy_delta,2,0,0,7803,32.8653
15794,36876,hierarchy_delta,2,0,1,6888,32.8643
15795,37322,hierarchy_delta,2,0,1,7334,32.864
15796,40558,hierarchy_delta,2,0,1,10570,32.8635
15797,32052,hierarchy_delta,2,0,0,17058,32.8612
15798,30841,hierarchy_delta,2,0,0,15847,32.8563
15799,26452,hierarchy_delta,2,0,0,11458,32.8396
15800,45765,hierarchy_delta,2,0,1,15777,32.8361
15801,41207,hierarchy_delta,2,0,1,11219,32.8309
15802,47574,hierarchy_delta,2,0,1,17586,32.8295
15803,41471,hierarchy_delta,2,0,1,11483,32.8272
15804,37795,hierarchy_delta,2,0,1,7807,32.8133
15805,36557,hierarchy_delta,2,0,1,6569,32.8007
15806,30321,hierarchy_delta,2,0,0,15327,32.7976
15807,35350,hierarchy_delta,2,0,1,5362,32.7911
15808,35696,hierarchy_delta,2,0,1,5708,32.791
15809,39867,hierarchy_delta,2,0,1,9879,32.7833
15810,37458,hierarchy_delta,2,0,1,7470,32.7694
15811,40858,hierarchy_delta,2,0,1,10870,32.7658
15812,37811,hierarchy_delta,2,0,1,7823,32.7577
15813,38963,hierarchy_delta,2,0,1,8975,32.7552
15814,22823,hierarchy_delta,2,0,0,7829,32.754
15815,25208,hierarchy_delta,2,0,0,10214,32.7534
15816,39992,hierarchy_delta,2,0,1,10004,32.7498
15817,33367,hierarchy_delta,2,0,0,18373,32.7321
15818,25839,hierarchy_delta,2,0,0,10845,32.7253
15819,41403,hierarchy_delta,2,0,1,11415,32.7252
15820,33362,hierarchy_delta,2,0,0,18368,32.7167
15821,40822,hierarchy_delta,2,0,1,10834,32.7166
15822,38736,hierarchy_delta,2,0,1,8748,32.7103
15823,30968,hierarchy_delta,2,0,0,15974,32.7009
15824,43346,hierarchy_delta,2,0,1,13358,32.6977
15825,42785,hierarchy_delta,2,0,1,12797,32.6948
15826,35183,hierarchy_delta,2,0,1,5195,32.685
15827,27350,hierarchy_delta,2,0,0,12356,32.6838
15828,24861,hierarchy_delta,2,0,0,9867,32.6736
15829,26275,hierarchy_delta,2,0,0,11281,32.6693
15830,37217,hierarchy_delta,2,0,1,7229,32.6593
15831,33823,hierarchy_delta,2,0,0,18829,32.6524
15832,27122,hierarchy_delta,2,0,0,12128,32.6249
15833,36394,hierarchy_delta,2,0,1,6406,32.6233
15834,28690,hierarchy_delta,2,0,0,13696,32.6211
15835,30244,hierarchy_delta,2,0,0,15250,32.6196
15836,35916,hierarchy_delta,2,0,1,5928,32.6084
15837,28692,hierarchy_delta,2,0,0,13698,32.5967
15838,29047,hierarchy_delta,2,0,0,14053,32.5886
15839,33293,hierarchy_delta,2,0,0,18299,32.5856
15840,37013,hierarchy_delta,2,0,1,7025,32.5614
15841,25515,hierarchy_delta,2,0,0,10521,32.5601
15842,37523,hierarchy_delta,2,0,1,7535,32.5571
15843,39811,hierarchy_delta,2,0,1,9823,32.5477
15844,39316,hierarchy_delta,2,0,1,9328,32.5423
15845,37698,hierarchy_delta,2,0,1,7710,32.5388
15846,45207,hierarchy_delta,2,0,1,15219,32.5375
15847,42003,hierarchy_delta,2,0,1,12015,32.536
15848,36308,hierarchy_delta,2,0,1,6320,32.533
15849,29027,hierarchy_delta,2,0,0,14033,32.5317
15850,39801,hierarchy_delta,2,0,1,9813,32.5226
15851,42065,hierarchy_delta,2,0,1,12077,32.5106
15852,34031,hierarchy_delta,2,0,0,19037,32.5087
15853,24080,hierarchy_delta,2,0,0,9086,32.5074
15854,30918,hierarchy_delta,2,0,0,15924,32.4936
15855,49289,hierarchy_delta,2,0,1,19301,32.4851
15856,23406,hierarchy_delta,2,0,0,8412,32.4462
15857,44206,hierarchy_delta,2,0,1,14218,32.4448
15858,37301,hierarchy_delta,2,0,1,7313,32.4412
15859,28283,hierarchy_delta,2,0,0,13289,32.4151
15860,44748,hierarchy_delta,2,0,1,14760,32.4145
15861,46359,hierarchy_delta,2,0,1,16371,32.3988
15862,43531,hierarchy_delta,2,0,1,13543,32.3977
15863,38646,hierarchy_delta,2,0,1,8658,32.3867
15864,30337,hierarchy_delta,2,0,0,15343,32.3831
15865,37387,hierarchy_delta,2,0,1,7399,32.3701
15866,36761,hierarchy_delta,2,0,1,6773,32.3684
15867,40827,hierarchy_delta,2,0,1,10839,32.3571
15868,44178,hierarchy_delta,2,0,1,14190,32.3555
15869,45170,hierarchy_delta,2,0,1,15182,32.3524
15870,37236,hierarchy_delta,2,0,1,7248,32.3524
15871,35934,hierarchy_delta,2,0,1,5946,32.3386
15872,47025,hierarchy_delta,2,0,1,17037,32.3359
15873,44641,hierarchy_delta,2,0,1,14653,32.3297
15874,37659,hierarchy_delta,2,0,1,7671,32.3293
15875,35329,hierarchy_delta,2,0,1,5341,32.3252
15876,29700,hierarchy_delta,2,0,0,14706,32.3242
15877,25203,hierarchy_delta,2,0,0,10209,32.32
15878,24064,hierarchy_delta,2,0,0,9070,32.3196
15879,39371,hierarchy_delta,2,0,1,9383,32.3183
15880,36569,hierarchy_delta,2,0,1,6581,32.3131
15881,43515,hierarchy_delta,2,0,1,13527,32.3091
15882,48169,hierarchy_delta,2,0,1,18181,32.3054
15883,45878,hierarchy_delta,2,0,1,15890,32.3005
15884,31309,hierarchy_delta,2,0,0,16315,32.2814
15885,32029,hierarchy_delta,2,0,0,17035,32.2805
15886,36824,hierarchy_delta,2,0,1,6836,32.2714
15887,42764,hierarchy_delta,2,0,1,12776,32.271
15888,37379,hierarchy_delta,2,0,1,7391,32.2699
15889,41317,hierarchy_delta,2,0,1,11329,32.2621
15890,39958,hierarchy_delta,2,0,1,9970,32.2558
15891,30807,hierarchy_delta,2,0,0,15813,32.2549
15892,28467,hierarchy_delta,2,0,0,13473,32.254
15893,32122,hierarchy_delta,2,0,0,17128,32.2446
15894,36259,hierarchy_delta,2,0,1,6271,32.242
15895,49606,hierarchy_delta,2,0,1,19618,32.2347
15896,43390,hierarchy_delta,2,0,1,13402,32.2328
15897,48428,hierarchy_delta,2,0,1,18440,32.2274
15898,32003,hierarchy_delta,2,0,0,17009,32.2168
15899,36329,hierarchy_delta,2,0,1,6341,32.2132
15900,36819,hierarchy_delta,2,0,1,6831,32.1991
15901,33173,hierarchy_delta,2,0,0,18179,32.1951
15902,46289,hierarchy_delta,2,0,1,16301,32.1891
15903,40840,hierarchy_delta,2,0,1,10852,32.185
15904,38733,hierarchy_delta,2,0,1,8745,32.1821
15905,45356,hierarchy_delta,2,0,1,15368,32.1722
15906,38879,hierarchy_delta,2,0,1,8891,32.172
15907,48859,hierarchy_delta,2,0,1,18871,32.1519
15908,44053,hierarchy_delta,2,0,1,14065,32.1392
15909,43657,hierarchy_delta,2,0,1,13669,32.1302
15910,36719,hierarchy_delta,2,0,1,6731,32.1267
15911,28372,hierarchy_delta,2,0,0,13378,32.126
15912,30741,hierarchy_delta,2,0,0,15747,32.1227
15913,38772,hierarchy_delta,2,0,1,8784,32.1209
15914,25876,hierarchy_delta,2,0,0,10882,32.1131
15915,31100,hierarchy_delta,2,0,0,16106,32.1121
15916,37832,hierarchy_delta,2,0,1,7844,32.104
15917,37403,hierarchy_delta,2,0,1,7415,32.1003
15918,40707,hierarchy_delta,2,0,1,10719,32.0972
15919,45288,hierarchy_delta,2,0,1,15300,32.0964
15920,38991,hierarchy_delta,2,0,1,9003,32.0948
15921,44322,hierarchy_delta,2,0,1,14334,32.0764
15922,38667,hierarchy_delta,2,0,1,8679,32.072
15923,38981,hierarchy_delta,2,0,1,8993,32.0527
15924,34930,hierarchy_delta,2,0,0,19936,32.0493
15925,41306,hierarchy_delta,2,0,1,11318,32.0422
15926,45760,hierarchy_delta,2,0,1,15772,32.0359
15927,35233,hierarchy_delta,2,0,1,5245,32.0252
15928,38217,hierarchy_delta,2,0,1,8229,32.02
15929,36544,hierarchy_delta,2,0,1,6556,32.0186
15930,33587,hierarchy_delta,2,0,0,18593,32.0163
15931,27129,hierarchy_delta,2,0,0,12135,32.0094
15932,38348,hierarchy_delta,2,0,1,8360,32.005
15933,32659,hierarchy_delta,2,0,0,17665,32.0009
15934,40869,hierarchy_delta,2,0,1,10881,31.9931
15935,37343,hierarchy_delta,2,0,1,7355,31.9673
15936,29048,hierarchy_delta,2,0,0,14054,31.9652
15937,40670,hierarchy_delta,2,0,1,10682,31.9638
15938,37201,hierarchy_delta,2,0,1,7213,31.9539
15939,28533,hierarchy_delta,2,0,0,13539,31.9488
15940,39694,hierarchy_delta,2,0,1,9706,31.9473
15941,37479,hierarchy_delta,2,0,1,7491,31.9461
15942,41523,hierarchy_delta,2,0,1,11535,31.9297
15943,35240,hierarchy_delta,2,0,1,5252,31.9262
15944,48709,hierarchy_delta,2,0,1,18721,31.9173
15945,29740,hierarchy_delta,2,0,0,14746,31.9145
15946,34171,hierarchy_delta,2,0,0,19177,31.907
15947,30229,hierarchy_delta,2,0,0,15235,31.9066
15948,36248,hierarchy_delta,2,0,1,6260,31.9036
15949,31998,hierarchy_delta,2,0,0,17004,31.8952
15950,39738,hierarchy_delta,2,0,1,9750,31.893
15951,38500,hierarchy_delta,2,0,1,8512,31.8864
15952,39950,hierarchy_delta,2,0,1,9962,31.8844
15953,26940,hierarchy_delta,2,0,0,11946,31.879
15954,31974,hierarchy_delta,2,0,0,16980,31.8702
15955,37790,hierarchy_delta,2,0,1,7802,31.8512
15956,38796,hierarchy_delta,2,0,1,8808,31.8511
15957,48762,hierarchy_delta,2,0,1,18774,31.8484
15958,32540,hierarchy_delta,2,0,0,17546,31.8377
15959,31499,hierarchy_delta,2,0,0,16505,31.8363
15960,37976,hierarchy_delta,2,0,1,7988,31.8231
15961,39809,hierarchy_delta,2,0,1,9821,31.801
15962,36125,hierarchy_delta,2,0,1,6137,31.8007
15963,30215,hierarchy_delta,2,0,0,15221,31.786
15964,37892,hierarchy_delta,2,0,1,7904,31.7807
15965,37821,hierarchy_delta,2,0,1,7833,31.7747
15966,40597,hierarchy_delta,2,0,1,10609,31.7689
15967,30376,hierarchy_delta,2,0,0,15382,31.7638
15968,37677,hierarchy_delta,2,0,1,7689,31.7635
15969,36827,hierarchy_delta,2,0,1,6839,31.7497
15970,44589,hierarchy_delta,2,0,1,14601,31.7444
15971,31483,hierarchy_delta,2,0,0,16489,31.7412
15972,31293,hierarchy_delta,2,0,0,16299,31.7258
15973,29030,hierarchy_delta,2,0,0,14036,31.6981
15974,31567,hierarchy_delta,2,0,0,16573,31.6967
15975,30973,hierarchy_delta,2,0,0,15979,31.6836
15976,25625,hierarchy_delta,2,0,0,10631,31.6794
15977,47040,hierarchy_delta,2,0,1,17052,31.6786
15978,27690,hierarchy_delta,2,0,0,12696,31.6709
15979,37505,hierarchy_delta,2,0,1,7517,31.6707
15980,40704,hierarchy_delta,2,0,1,10716,31.6586
15981,33802,hierarchy_delta,2,0,0,18808,31.6512
15982,28984,hierarchy_delta,2,0,0,13990,31.6487
15983,30944,hierarchy_delta,2,0,0,15950,31.6426
15984,38897,hierarchy_delta,2,0,1,8909,31.6188
15985,42120,hierarchy_delta,2,0,1,12132,31.6134
15986,37824,hierarchy_delta,2,0,1,7836,31.6113
15987,24657,hierarchy_delta,2,0,0,9663,31.6081
15988,39984,hierarchy_delta,2,0,1,9996,31.5901
15989,30986,hierarchy_delta,2,0,0,15992,31.5877
15990,21606,hierarchy_delta,2,0,0,6612,31.576
15991,31693,hierarchy_delta,2,0,0,16699,31.5691
15992,42327,hierarchy_delta,2,0,1,12339,31.5675
15993,34378,hierarchy_delta,2,0,0,19384,31.5648
15994,36811,hierarchy_delta,2,0,1,6823,31.5534
15995,27127,hierarchy_delta,2,0,0,12133,31.5497
15996,47024,hierarchy_delta,2,0,1,17036,31.5481
15997,28482,hierarchy_delta,2,0,0,13488,31.5405
15998,27187,hierarchy_delta,2,0,0,12193,31.5315
15999,42694,hierarchy_delta,2,0,1,12706,31.5273
16000,38783,hierarchy_delta,2,0,1,8795,31.5248
16001,48244,hierarchy_delta,2,0,1,18256,31.5217
16002,37625,hierarchy_delta,2,0,1,7637,31.5085
16003,37005,hierarchy_delta,2,0,1,7017,31.5048
16004,47267,hierarchy_delta,2,0,1,17279,31.5037
16005,25603,hierarchy_delta,2,0,0,10609,31.5019
16006,37753,hierarchy_delta,2,0,1,7765,31.4985
16007,25797,hierarchy_delta,2,0,0,10803,31.4933
16008,35602,hierarchy_delta,2,0,1,5614,31.489
16009,25623,hierarchy_delta,2,0,0,10629,31.4827
16010,49396,hierarchy_delta,2,0,1,19408,31.4822
16011,35287,hierarchy_delta,2,0,1,5299,31.4816
16012,45382,hierarchy_delta,2,0,1,15394,31.4787
16013,38741,hierarchy_delta,2,0,1,8753,31.4686
16014,44112,hierarchy_delta,2,0,1,14124,31.4657
16015,36769,hierarchy_delta,2,0,1,6781,31.4647
16016,32014,hierarchy_delta,2,0,0,17020,31.4642
16017,44736,hierarchy_delta,2,0,1,14748,31.451
16018,44806,hierarchy_delta,2,0,1,14818,31.4306
16019,45775,hierarchy_delta,2,0,1,15787,31.4295
16020,40146,hierarchy_delta,2,0,1,10158,31.4186
16021,39031,hierarchy_delta,2,0,1,9043,31.417
16022,48814,hierarchy_delta,2,0,1,18826,31.4167
16023,36512,hierarchy_delta,2,0,1,6524,31.4116
16024,28882,hierarchy_delta,2,0,0,13888,31.4106
16025,31983,hierarchy_delta,2,0,0,16989,31.3785
16026,38209,hierarchy_delta,2,0,1,8221,31.3779
16027,27842,hierarchy_delta,2,0,0,12848,31.3732
16028,42710,hierarchy_delta,2,0,1,12722,31.3699
16029,40125,hierarchy_delta,2,0,1,10137,31.3675
16030,40159,hierarchy_delta,2,0,1,10171,31.3669
16031,24693,hierarchy_delta,2,0,0,9699,31.3635
16032,42047,hierarchy_delta,2,0,1,12059,31.357
16033,40172,hierarchy_delta,2,0,1,10184,31.3559
16034,38900,hierarchy_delta,2,0,1,8912,31.3366
16035,25608,hierarchy_delta,2,0,0,10614,31.3343
16036,37748,hierarchy_delta,2,0,1,7760,31.327
16037,48220,hierarchy_delta,2,0,1,18232,31.3161
16038,41950,hierarchy_delta,2,0,1,11962,31.3131
16039,35120,hierarchy_delta,2,0,1,5132,31.3058
16040,30838,hierarchy_delta,2,0,0,15844,31.3051
16041,35688,hierarchy_delta,2,0,1,5700,31.3044
16042,45845,hierarchy_delta,2,0,1,15857,31.3041
16043,32001,hierarchy_delta,2,0,0,17007,31.2981
16044,34414,hierarchy_delta,2,0,0,19420,31.2939
16045,38704,hierarchy_delta,2,0,1,8716,31.2856
16046,47022,hierarchy_delta,2,0,1,17034,31.285
16047,42555,hierarchy_delta,2,0,1,12567,31.2644
16048,35717,hierarchy_delta,2,0,1,5729,31.2588
16049,33176,hierarchy_delta,2,0,0,18182,31.2586
16050,44037,hierarchy_delta,2,0,1,14049,31.2364
16051,40194,hierarchy_delta,2,0,1,10206,31.2335
16052,41212,hierarchy_delta,2,0,1,11224,31.2226
16053,37531,hierarchy_delta,2,0,1,7543,31.219
16054,49925,hierarchy_delta,2,0,1,19937,31.2107
16055,49393,hierarchy_delta,2,0,1,19405,31.2071
16056,35950,hierarchy_delta,2,0,1,5962,31.2046
16057,39885,hierarchy_delta,2,0,1,9897,31.2032
16058,36207,hierarchy_delta,2,0,1,6219,31.1917
16059,38931,hierarchy_delta,2,0,1,8943,31.191
16060,34753,hierarchy_delta,2,0,0,19759,31.1857
16061,35704,hierarchy_delta,2,0,1,5716,31.1725
16062,31512,hierarchy_delta,2,0,0,16518,31.1671
16063,42615,hierarchy_delta,2,0,1,12627,31.1644
16064,36070,hierarchy_delta,2,0,1,6082,31.1628
16065,47588,hierarchy_delta,2,0,1,17600,31.1453
16066,40997,hierarchy_delta,2,0,1,11009,31.1421
16067,49360,hierarchy_delta,2,0,1,19372,31.1307
16068,37819,hierarchy_delta,2,0,1,7831,31.1277
16069,27124,hierarchy_delta,2,0,0,12130,31.1267
16070,46428,hierarchy_delta,2,0,1,16440,31.1117
16071,47693,hierarchy_delta,2,0,1,17705,31.1107
16072,36814,hierarchy_delta,2,0,1,6826,31.1088
16073,36366,hierarchy_delta,2,0,1,6378,31.1041
16074,35089,hierarchy_delta,2,0,1,5101,31.103
16075,42845,hierarchy_delta,2,0,1,12857,31.0968
16076,44089,hierarchy_delta,2,0,1,14101,31.0845
16077,37971,hierarchy_delta,2,0,1,7983,31.0791
16078,37860,hierarchy_delta,2,0,1,7872,31.0739
16079,21598,hierarchy_delta,2,0,0,6604,31.0712
16080,34723,hierarchy_delta,2,0,0,19729,31.0699
16081,48230,hierarchy_delta,2,0,1,18242,31.0658
16082,45513,hierarchy_delta,2,0,1,15525,31.0619
16083,47600,hierarchy_delta,2,0,1,17612,31.0547
16084,39468,hierarchy_delta,2,0,1,9480,31.0492
16085,40128,hierarchy_delta,2,0,1,10140,31.0419
16086,36530,hierarchy_delta,2,0,1,6542,31.0357
16087,44039,hierarchy_delta,2,0,1,14051,31.0352
16088,40177,hierarchy_delta,2,0,1,10189,31.0257
16089,44084,hierarchy_delta,2,0,1,14096,31.0147
16090,37445,hierarchy_delta,2,0,1,7457,31.0125
16091,37021,hierarchy_delta,2,0,1,7033,31.0089
16092,45184,hierarchy_delta,2,0,1,15196,31.0042
16093,44209,hierarchy_delta,2,0,1,14221,30.9996
16094,30826,hierarchy_delta,2,0,0,15832,30.9932
16095,35047,hierarchy_delta,2,0,1,5059,30.9916
16096,40638,hierarchy_delta,2,0,1,10650,30.991
16097,47021,hierarchy_delta,2,0,1,17033,30.9871
16098,26958,hierarchy_delta,2,0,0,11964,30.9762
16099,40160,hierarchy_delta,2,0,1,10172,30.9599
16100,35102,hierarchy_delta,2,0,1,5114,30.9579
16101,34726,hierarchy_delta,2,0,0,19732,30.9559
16102,37756,hierarchy_delta,2,0,1,7768,30.9544
16103,45345,hierarchy_delta,2,0,1,15357,30.9515
16104,41227,hierarchy_delta,2,0,1,11239,30.9477
16105,37800,hierarchy_delta,2,0,1,7812,30.9392
16106,37562,hierarchy_delta,2,0,1,7574,30.939
16107,32284,hierarchy_delta,2,0,0,17290,30.9298
16108,25171,hierarchy_delta,2,0,0,10177,30.9236
16109,32624,hierarchy_delta,2,0,0,17630,30.9231
16110,37968,hierarchy_delta,2,0,1,7980,30.9127
16111,39707,hierarchy_delta,2,0,1,9719,30.909
16112,40094,hierarchy_delta,2,0,1,10106,30.8912
16113,34430,hierarchy_delta,2,0,0,19436,30.8901
16114,49219,hierarchy_delta,2,0,1,19231,30.888
16115,40712,hierarchy_delta,2,0,1,10724,30.8698
16116,42345,hierarchy_delta,2,0,1,12357,30.8686
16117,30387,hierarchy_delta,2,0,0,15393,30.8598
16118,38034,hierarchy_delta,2,0,1,8046,30.8573
16119,35115,hierarchy_delta,2,0,1,5127,30.8511
16120,26267,hierarchy_delta,2,0,0,11273,30.8246
16121,37008,hierarchy_delta,2,0,1,7020,30.821
16122,29187,hierarchy_delta,2,0,0,14193,30.8166
16123,25620,hierarchy_delta,2,0,0,10626,30.8164
16124,45385,hierarchy_delta,2,0,1,15397,30.7998
16125,39979,hierarchy_delta,2,0,1,9991,30.7906
16126,30867,hierarchy_delta,2,0,0,15873,30.7878
16127,44746,hierarchy_delta,2,0,1,14758,30.787
16128,32030,hierarchy_delta,2,0,0,17036,30.7868
16129,30926,hierarchy_delta,2,0,0,15932,30.7743
16130,42861,hierarchy_delta,2,0,1,12873,30.7731
16131,34765,hierarchy_delta,2,0,0,19771,30.7709
16132,40834,hierarchy_delta,2,0,1,10846,30.7614
16133,41283,hierarchy_delta,2,0,1,11295,30.7371
16134,32701,hierarchy_delta,2,0,0,17707,30.7081
16135,25779,hierarchy_delta,2,0,0,10785,30.7039
16136,42139,hierarchy_delta,2,0,1,12151,30.7016
16137,40772,hierarchy_delta,2,0,1,10784,30.6973
16138,30331,hierarchy_delta,2,0,0,15337,30.6877
16139,31554,hierarchy_delta,2,0,0,16560,30.6866
16140,37178,hierarchy_delta,2,0,1,7190,30.6838
16141,30851,hierarchy_delta,2,0,0,15857,30.6824
16142,35649,hierarchy_delta,2,0,1,5661,30.6821
16143,41549,hierarchy_delta,2,0,1,11561,30.682
16144,22729,hierarchy_delta,2,0,0,7735,30.6663
16145,42992,hierarchy_delta,2,0,1,13004,30.6646
16146,36973,hierarchy_delta,2,0,1,6985,30.6626
16147,43233,hierarchy_delta,2,0,1,13245,30.659
16148,35997,hierarchy_delta,2,0,1,6009,30.6588
16149,27618,hierarchy_delta,2,0,0,12624,30.6476
16150,34721,hierarchy_delta,2,0,0,19727,30.6366
16151,41188,hierarchy_delta,2,0,1,11200,30.6344
16152,36816,hierarchy_delta,2,0,1,6828,30.6322
16153,38720,hierarchy_delta,2,0,1,8732,30.6229
16154,36732,hierarchy_delta,2,0,1,6744,30.5994
16155,42134,hierarchy_delta,2,0,1,12146,30.5991
16156,46401,hierarchy_delta,2,0,1,16413,30.5986
16157,30289,hierarchy_delta,2,0,0,15295,30.5956
16158,37395,hierarchy_delta,2,0,1,7407,30.5906
16159,28520,hierarchy_delta,2,0,0,13526,30.5884
16160,32542,hierarchy_delta,2,0,0,17548,30.5871
16161,49329,hierarchy_delta,2,0,1,19341,30.5721
16162,45286,hierarchy_delta,2,0,1,15298,30.5613
16163,35974,hierarchy_delta,2,0,1,5986,30.5585
16164,49952,hierarchy_delta,2,0,1,19964,30.5564
16165,39720,hierarchy_delta,2,0,1,9732,30.5452
16166,46063,hierarchy_delta,2,0,1,16075,30.5447
16167,32583,hierarchy_delta,2,0,0,17589,30.5367
16168,37829,hierarchy_delta,2,0,1,7841,30.5341
16169,28514,hierarchy_delta,2,0,0,13520,30.5171
16170,28978,hierarchy_delta,2,0,0,13984,30.5059
16171,46935,hierarchy_delta,2,0,1,16947,30.5013
16172,36965,hierarchy_delta,2,0,1,6977,30.4997
16173,39880,hierarchy_delta,2,0,1,9892,30.4922
16174,30953,hierarchy_delta,2,0,0,15959,30.4838
16175,26264,hierarchy_delta,2,0,0,11270,30.4829
16176,46979,hierarchy_delta,2,0,1,16991,30.4632
16177,27692,hierarchy_delta,2,0,0,12698,30.454
16178,27030,hierarchy_delta,2,0,0,12036,30.4537
16179,35889,hierarchy_delta,2,0,1,5901,30.4466
16180,41296,hierarchy_delta,2,0,1,11308,30.4268
16181,41366,hierarchy_delta,2,0,1,11378,30.4224
16182,34168,hierarchy_delta,2,0,0,19174,30.4139
16183,27695,hierarchy_delta,2,0,0,12701,30.4126
16184,30213,hierarchy_delta,2,0,0,15219,30.4108
16185,40702,hierarchy_delta,2,0,1,10714,30.3825
16186,38038,hierarchy_delta,2,0,1,8050,30.3753
16187,39846,hierarchy_delta,2,0,1,9858,30.3721
16188,49930,hierarchy_delta,2,0,1,19942,30.3687
16189,43330,hierarchy_delta,2,0,1,13342,30.3648
16190,33226,hierarchy_delta,2,0,0,18232,30.3592
16191,34623,hierarchy_delta,2,0,0,19629,30.3523
16192,25205,hierarchy_delta,2,0,0,10211,30.3408
16193,48168,hierarchy_delta,2,0,1,18180,30.335
16194,40042,hierarchy_delta,2,0,1,10054,30.3333
16195,26504,hierarchy_delta,2,0,0,11510,30.3233
16196,39830,hierarchy_delta,2,0,1,9842,30.3195
16197,42212,hierarchy_delta,2,0,1,12224,30.3186
16198,26467,hierarchy_delta,2,0,0,11473,30.3137
16199,32287,hierarchy_delta,2,0,0,17293,30.3082
16200,31391,hierarchy_delta,2,0,0,16397,30.307
16201,38874,hierarchy_delta,2,0,1,8886,30.2992
16202,41272,hierarchy_delta,2,0,1,11284,30.2988
16203,27102,hierarchy_delta,2,0,0,12108,30.2881
16204,47069,hierarchy_delta,2,0,1,17081,30.2876
16205,44359,hierarchy_delta,2,0,1,14371,30.2876
16206,34046,hierarchy_delta,2,0,0,19052,30.2738
16207,25615,hierarchy_delta,2,0,0,10621,30.265
16208,22726,hierarchy_delta,2,0,0,7732,30.2635
16209,39898,hierarchy_delta,2,0,1,9910,30.2629
16210,29594,hierarchy_delta,2,0,0,14600,30.2507
16211,46400,hierarchy_delta,2,0,1,16412,30.2491
16212,30836,hierarchy_delta,2,0,0,15842,30.2415
16213,41520,hierarchy_delta,2,0,1,11532,30.2376
16214,29637,hierarchy_delta,2,0,0,14643,30.2347
16215,43244,hierarchy_delta,2,0,1,13256,30.2298
16216,32289,hierarchy_delta,2,0,0,17295,30.2111
16217,33768,hierarchy_delta,2,0,0,18774,30.2064
16218,45183,hierarchy_delta,2,0,1,15195,30.2056
16219,34972,hierarchy_delta,2,0,0,19978,30.1977
16220,40824,hierarchy_delta,2,0,1,10836,30.1881
16221,27713,hierarchy_delta,2,0,0,12719,30.1808
16222,41714,hierarchy_delta,2,0,1,11726,30.1525
16223,38895,hierarchy_delta,2,0,1,8907,30.144
16224,45511,hierarchy_delta,2,0,1,15523,30.1283
16225,32104,hierarchy_delta,2,0,0,17110,30.1147
16226,48414,hierarchy_delta,2,0,1,18426,30.1057
16227,22721,hierarchy_delta,2,0,0,7727,30.1028
16228,45778,hierarchy_delta,2,0,1,15790,30.101
16229,47113,hierarchy_delta,2,0,1,17125,30.0615
16230,44165,hierarchy_delta,2,0,1,14177,30.0534
16231,44317,hierarchy_delta,2,0,1,14329,30.0507
16232,28983,hierarchy_delta,2,0,0,13989,30.0423
16233,46940,hierarchy_delta,2,0,1,16952,30.0387
16234,39803,hierarchy_delta,2,0,1,9815,30.0308
16235,27641,hierarchy_delta,2,0,0,12647,30.0233
16236,49344,hierarchy_delta,2,0,1,19356,30.0228
16237,40047,hierarchy_delta,2,0,1,10059,30.0216
16238,28438,hierarchy_delta,2,0,0,13444,30.0194
16239,39049,hierarchy_delta,2,0,1,9061,30.0152
16240,29770,hierarchy_delta,2,0,0,14776,30.0062
16241,41285,hierarchy_delta,2,0,1,11297,30.0042
16242,28517,hierarchy_delta,2,0,0,13523,29.9882
16243,44764,hierarchy_delta,2,0,1,14776,29.9642
16244,38212,hierarchy_delta,2,0,1,8224,29.9641
16245,38117,hierarchy_delta,2,0,1,8129,29.9614
16246,47576,hierarchy_delta,2,0,1,17588,29.9602
16247,35253,hierarchy_delta,2,0,1,5265,29.9585
16248,46066,hierarchy_delta,2,0,1,16078,29.9538
16249,45113,hierarchy_delta,2,0,1,15125,29.9529
16250,35337,hierarchy_delta,2,0,1,5349,29.9432
16251,35382,hierarchy_delta,2,0,1,5394,29.9291
16252,24937,hierarchy_delta,2,0,0,9943,29.9257
16253,46346,hierarchy_delta,2,0,1,16358,29.9141
16254,38222,hierarchy_delta,2,0,1,8234,29.904
16255,45108,hierarchy_delta,2,0,1,15120,29.9022
16256,43450,hierarchy_delta,2,0,1,13462,29.8983
16257,35947,hierarchy_delta,2,0,1,5959,29.8885
16258,42728,hierarchy_delta,2,0,1,12740,29.88
16259,46673,hierarchy_delta,2,0,1,16685,29.8794
16260,27144,hierarchy_delta,2,0,0,12150,29.8556
16261,46425,hierarchy_delta,2,0,1,16437,29.8467
16262,49394,hierarchy_delta,2,0,1,19406,29.8446
16263,36955,hierarchy_delta,2,0,1,6967,29.8376
16264,48692,hierarchy_delta,2,0,1,18704,29.8371
16265,37827,hierarchy_delta,2,0,1,7839,29.8315
16266,27643,hierarchy_delta,2,0,0,12649,29.8279
16267,27792,hierarchy_delta,2,0,0,12798,29.822
16268,43374,hierarchy_delta,2,0,1,13386,29.8197
16269,25671,hierarchy_delta,2,0,0,10677,29.8191
16270,37979,hierarchy_delta,2,0,1,7991,29.7981
16271,40576,hierarchy_delta,2,0,1,10588,29.7938
16272,30854,hierarchy_delta,2,0,0,15860,29.7879
16273,44916,hierarchy_delta,2,0,1,14928,29.7713
16274,45880,hierarchy_delta,2,0,1,15892,29.7525
16275,40733,hierarchy_delta,2,0,1,10745,29.7447
16276,24072,hierarchy_delta,2,0,0,9078,29.7352
16277,40613,hierarchy_delta,2,0,1,10625,29.7293
16278,36044,hierarchy_delta,2,0,1,6056,29.7212
16279,27012,hierarchy_delta,2,0,0,12018,29.7209
16280,35110,hierarchy_delta,2,0,1,5122,29.7202
16281,33284,hierarchy_delta,2,0,0,18290,29.7147
16282,42644,hierarchy_delta,2,0,1,12656,29.6948
16283,36753,hierarchy_delta,2,0,1,6765,29.6928
16284,39751,hierarchy_delta,2,0,1,9763,29.6825
16285,24832,hierarchy_delta,2,0,0,9838,29.6788
16286,42876,hierarchy_delta,2,0,1,12888,29.678
16287,44584,hierarchy_delta,2,0,1,14596,29.6586
16288,26259,hierarchy_delta,2,0,0,11265,29.6416
16289,22308,hierarchy_delta,2,0,0,7314,29.6381
16290,33977,hierarchy_delta,2,0,0,18983,29.6375
16291,38487,hierarchy_delta,2,0,1,8499,29.6318
16292,38955,hierarchy_delta,2,0,1,8967,29.6314
16293,34540,hierarchy_delta,2,0,0,19546,29.6268
16294,23553,hierarchy_delta,2,0,0,8559,29.6247
16295,37981,hierarchy_delta,2,0,1,7993,29.6223
16296,40620,hierarchy_delta,2,0,1,10632,29.6186
16297,46503,hierarchy_delta,2,0,1,16515,29.6086
16298,23541,hierarchy_delta,2,0,0,8547,29.5826
16299,23396,hierarchy_delta,2,0,0,8402,29.5815
16300,42346,hierarchy_delta,2,0,1,12358,29.5813
16301,28519,hierarchy_delta,2,0,0,13525,29.579
16302,38171,hierarchy_delta,2,0,1,8183,29.5779
16303,27139,hierarchy_delta,2,0,0,12145,29.5729
16304,41890,hierarchy_delta,2,0,1,11902,29.5704
16305,43558,hierarchy_delta,2,0,1,13570,29.5699
16306,25606,hierarchy_delta,2,0,0,10612,29.5668
16307,38662,hierarchy_delta,2,0,1,8674,29.5629
16308,48222,hierarchy_delta,2,0,1,18234,29.5577
16309,30821,hierarchy_delta,2,0,0,15827,29.5554
16310,37732,hierarchy_delta,2,0,1,7744,29.5515
16311,39670,hierarchy_delta,2,0,1,9682,29.5486
16312,37277,hierarchy_delta,2,0,1,7289,29.5435
16313,46507,hierarchy_delta,2,0,1,16519,29.5382
16314,25605,hierarchy_delta,2,0,0,10611,29.5353
16315,39295,hierarchy_delta,2,0,1,9307,29.5291
16316,34751,hierarchy_delta,2,0,0,19757,29.524
16317,34341,hierarchy_delta,2,0,0,19347,29.5231
16318,39691,hierarchy_delta,2,0,1,9703,29.5151
16319,44011,hierarchy_delta,2,0,1,14023,29.5067
16320,33178,hierarchy_delta,2,0,0,18184,29.4958
16321,43377,hierarchy_delta,2,0,1,13389,29.494
16322,40691,hierarchy_delta,2,0,1,10703,29.4902
16323,39728,hierarchy_delta,2,0,1,9740,29.4836
16324,26866,hierarchy_delta,2,0,0,11872,29.4834
16325,32298,hierarchy_delta,2,0,0,17304,29.4834
16326,46388,hierarchy_delta,2,0,1,16400,29.4811
16327,22624,hierarchy_delta,2,0,0,7630,29.4765
16328,23548,hierarchy_delta,2,0,0,8554,29.4749
16329,38858,hierarchy_delta,2,0,1,8870,29.4675
16330,38453,hierarchy_delta,2,0,1,8465,29.4656
16331,35879,hierarchy_delta,2,0,1,5891,29.4612
16332,41969,hierarchy_delta,2,0,1,11981,29.4522
16333,26217,hierarchy_delta,2,0,0,11223,29.4477
16334,27657,hierarchy_delta,2,0,0,12663,29.445
16335,32042,hierarchy_delta,2,0,0,17048,29.4335
16336,38246,hierarchy_delta,2,0,1,8258,29.4253
16337,37617,hierarchy_delta,2,0,1,7629,29.4232
16338,43311,hierarchy_delta,2,0,1,13323,29.4182
16339,32189,hierarchy_delta,2,0,0,17195,29.416
16340,38251,hierarchy_delta,2,0,1,8263,29.4156
16341,42832,hierarchy_delta,2,0,1,12844,29.4026
16342,35578,hierarchy_delta,2,0,1,5590,29.4021
16343,31095,hierarchy_delta,2,0,0,16101,29.4003
16344,27171,hierarchy_delta,2,0,0,12177,29.3979
16345,39712,hierarchy_delta,2,0,1,9724,29.3775
16346,31390,hierarchy_delta,2,0,0,16396,29.3677
16347,42186,hierarchy_delta,2,0,1,12198,29.367
16348,49410,hierarchy_delta,2,0,1,19422,29.357
16349,49334,hierarchy_delta,2,0,1,19346,29.3556
16350,32242,hierarchy_delta,2,0,0,17248,29.3522
16351,37782,hierarchy_delta,2,0,1,7794,29.3515
16352,36454,hierarchy_delta,2,0,1,6466,29.3502
16353,45312,hierarchy_delta,2,0,1,15324,29.3341
16354,43513,hierarchy_delta,2,0,1,13525,29.3325
16355,39963,hierarchy_delta,2,0,1,9975,29.3112
16356,29223,hierarchy_delta,2,0,0,14229,29.3004
16357,26298,hierarchy_delta,2,0,0,11304,29.2992
16358,36154,hierarchy_delta,2,0,1,6166,29.2957
16359,30350,hierarchy_delta,2,0,0,15356,29.2894
16360,42631,hierarchy_delta,2,0,1,12643,29.2795
16361,42581,hierarchy_delta,2,0,1,12593,29.2748
16362,38728,hierarchy_delta,2,0,1,8740,29.2651
16363,44644,hierarchy_delta,2,0,1,14656,29.2631
16364,25881,hierarchy_delta,2,0,0,10887,29.2582
16365,44629,hierarchy_delta,2,0,1,14641,29.2417
16366,28516,hierarchy_delta,2,0,0,13522,29.2404
16367,47238,hierarchy_delta,2,0,1,17250,29.2385
16368,29127,hierarchy_delta,2,0,0,14133,29.2211
16369,26506,hierarchy_delta,2,0,0,11512,29.2177
16370,27186,hierarchy_delta,2,0,0,12192,29.2142
16371,48826,hierarchy_delta,2,0,1,18838,29.2134
16372,41552,hierarchy_delta,2,0,1,11564,29.2089
16373,37337,hierarchy_delta,2,0,1,7349,29.208
16374,45939,hierarchy_delta,2,0,1,15951,29.2046
16375,22658,hierarchy_delta,2,0,0,7664,29.2044
16376,42727,hierarchy_delta,2,0,1,12739,29.1966
16377,27655,hierarchy_delta,2,0,0,12661,29.1913
16378,37034,hierarchy_delta,2,0,1,7046,29.1875
16379,21373,hierarchy_delta,2,0,0,6379,29.1834
16380,34172,hierarchy_delta,2,0,0,19178,29.182
16381,39023,hierarchy_delta,2,0,1,9035,29.1778
16382,24665,hierarchy_delta,2,0,0,9671,29.1683
16383,45935,hierarchy_delta,2,0,1,15947,29.1673
16384,24709,hierarchy_delta,2,0,0,9715,29.1658
16385,47832,hierarchy_delta,2,0,1,17844,29.1522
16386,30835,hierarchy_delta,2,0,0,15841,29.144
16387,49027,hierarchy_delta,2,0,1,19039,29.1419
16388,29045,hierarchy_delta,2,0,0,14051,29.1413
16389,44154,hierarchy_delta,2,0,1,14166,29.1267
16390,27018,hierarchy_delta,2,0,0,12024,29.1226
16391,40078,hierarchy_delta,2,0,1,10090,29.1226
16392,27708,hierarchy_delta,2,0,0,12714,29.12
16393,40777,hierarchy_delta,2,0,1,10789,29.1156
16394,40081,hierarchy_delta,2,0,1,10093,29.1108
16395,24701,hierarchy_delta,2,0,0,9707,29.1016
16396,35410,hierarchy_delta,2,0,1,5422,29.097
16397,42201,hierarchy_delta,2,0,1,12213,29.0935
16398,49013,hierarchy_delta,2,0,1,19025,29.0796
16399,43898,hierarchy_delta,2,0,1,13910,29.0789
16400,47535,hierarchy_delta,2,0,1,17547,29.074
16401,39086,hierarchy_delta,2,0,1,9098,29.0617
16402,49452,hierarchy_delta,2,0,1,19464,29.0485
16403,45692,hierarchy_delta,2,0,1,15704,29.0472
16404,40761,hierarchy_delta,2,0,1,10773,29.0466
16405,44123,hierarchy_delta,2,0,1,14135,29.0462
16406,40191,hierarchy_delta,2,0,1,10203,29.0424
16407,41672,hierarchy_delta,2,0,1,11684,29.0423
16408,27542,hierarchy_delta,2,0,0,12548,29.0389
16409,48153,hierarchy_delta,2,0,1,18165,29.0355
16410,29342,hierarchy_delta,2,0,0,14348,29.0297
16411,37377,hierarchy_delta,2,0,1,7389,29.0243
16412,24942,hierarchy_delta,2,0,0,9948,29.023
16413,48100,hierarchy_delta,2,0,1,18112,29.0218
16414,35691,hierarchy_delta,2,0,1,5703,29.0118
16415,26946,hierarchy_delta,2,0,0,11952,29.0116
16416,41919,hierarchy_delta,2,0,1,11931,29.0114
16417,26464,hierarchy_delta,2,0,0,11470,29.0107
16418,44657,hierarchy_delta,2,0,1,14669,29.0019
16419,39715,hierarchy_delta,2,0,1,9727,28.9933
16420,40039,hierarchy_delta,2,0,1,10051,28.9837
16421,48158,hierarchy_delta,2,0,1,18170,28.9795
16422,41371,hierarchy_delta,2,0,1,11383,28.9793
16423,42196,hierarchy_delta,2,0,1,12208,28.9791
16424,40099,hierarchy_delta,2,0,1,10111,28.9646
16425,41442,hierarchy_delta,2,0,1,11454,28.9625
16426,31394,hierarchy_delta,2,0,0,16400,28.9624
16427,43914,hierarchy_delta,2,0,1,13926,28.96
16428,36675,hierarchy_delta,2,0,1,6687,28.9517
16429,41356,hierarchy_delta,2,0,1,11368,28.9488
16430,30347,hierarchy_delta,2,0,0,15353,28.9452
16431,47112,hierarchy_delta,2,0,1,17124,28.9441
16432,39851,hierarchy_delta,2,0,1,9863,28.9418
16433,26353,hierarchy_delta,2,0,0,11359,28.9331
16434,26982,hierarchy_delta,2,0,0,11988,28.9322
16435,47530,hierarchy_delta,2,0,1,17542,28.9212
16436,39945,hierarchy_delta,2,0,1,9957,28.9191
16437,34299,hierarchy_delta,2,0,0,19305,28.9168
16438,41222,hierarchy_delta,2,0,1,11234,28.9147
16439,48778,hierarchy_delta,2,0,1,18790,28.9046
16440,46371,hierarchy_delta,2,0,1,16383,28.9008
16441,27132,hierarchy_delta,2,0,0,12138,28.8997
16442,47023,hierarchy_delta,2,0,1,17035,28.8894
16443,31723,hierarchy_delta,2,0,0,16729,28.8871
16444,30204,hierarchy_delta,2,0,0,15210,28.8845
16445,44364,hierarchy_delta,2,0,1,14376,28.8813
16446,27854,hierarchy_delta,2,0,0,12860,28.8742
16447,48750,hierarchy_delta,2,0,1,18762,28.8727
16448,46980,hierarchy_delta,2,0,1,16992,28.8368
16449,38876,hierarchy_delta,2,0,1,8888,28.8335
16450,26951,hierarchy_delta,2,0,0,11957,28.8333
16451,29495,hierarchy_delta,2,0,0,14501,28.8268
16452,39877,hierarchy_delta,2,0,1,9889,28.8267
16453,44761,hierarchy_delta,2,0,1,14773,28.8193
16454,45300,hierarchy_delta,2,0,1,15312,28.819
16455,41332,hierarchy_delta,2,0,1,11344,28.8185
16456,47519,hierarchy_delta,2,0,1,17531,28.8108
16457,37026,hierarchy_delta,2,0,1,7038,28.8066
16458,26682,hierarchy_delta,2,0,0,11688,28.79
16459,38649,hierarchy_delta,2,0,1,8661,28.7849
16460,29029,hierarchy_delta,2,0,0,14035,28.7837
16461,23992,hierarchy_delta,2,0,0,8998,28.7819
16462,35937,hierarchy_delta,2,0,1,5949,28.7802
16463,31664,hierarchy_delta,2,0,0,16670,28.7798
16464,33972,hierarchy_delta,2,0,0,18978,28.7785
16465,47572,hierarchy_delta,2,0,1,17584,28.7724
16466,36711,hierarchy_delta,2,0,1,6723,28.7687
16467,36590,hierarchy_delta,2,0,1,6602,28.7645
16468,40037,hierarchy_delta,2,0,1,10049,28.7635
16469,23596,hierarchy_delta,2,0,0,8602,28.7616
16470,36404,hierarchy_delta,2,0,1,6416,28.7567
16471,23405,hierarchy_delta,2,0,0,8411,28.7558
16472,27807,hierarchy_delta,2,0,0,12813,28.7504
16473,25670,hierarchy_delta,2,0,0,10676,28.7347
16474,45818,hierarchy_delta,2,0,1,15830,28.7332
16475,38526,hierarchy_delta,2,0,1,8538,28.72
16476,41547,hierarchy_delta,2,0,1,11559,28.7169
16477,27648,hierarchy_delta,2,0,0,12654,28.7137
16478,37798,hierarchy_delta,2,0,1,7810,28.6999
16479,43341,hierarchy_delta,2,0,1,13353,28.6986
16480,40825,hierarchy_delta,2,0,1,10837,28.6977
16481,49010,hierarchy_delta,2,0,1,19022,28.697
16482,36834,hierarchy_delta,2,0,1,6846,28.6966
16483,28301,hierarchy_delta,2,0,0,13307,28.6893
16484,23979,hierarchy_delta,2,0,0,8985,28.687
16485,49039,hierarchy_delta,2,0,1,19051,28.682
16486,26349,hierarchy_delta,2,0,0,11355,28.6747
16487,25784,hierarchy_delta,2,0,0,10790,28.6677
16488,28441,hierarchy_delta,2,0,0,13447,28.6641
16489,38889,hierarchy_delta,2,0,1,8901,28.6582
16490,38528,hierarchy_delta,2,0,1,8540,28.6581
16491,31388,hierarchy_delta,2,0,0,16394,28.6538
16492,37510,hierarchy_delta,2,0,1,7522,28.6521
16493,22818,hierarchy_delta,2,0,0,7824,28.6519
16494,46712,hierarchy_delta,2,0,1,16724,28.6498
16495,26301,hierarchy_delta,2,0,0,11307,28.6492
16496,47561,hierarchy_delta,2,0,1,17573,28.6417
16497,38176,hierarchy_delta,2,0,1,8188,28.635
16498,40402,hierarchy_delta,2,0,1,10414,28.6329
16499,44597,hierarchy_delta,2,0,1,14609,28.6256
16500,24819,hierarchy_delta,2,0,0,9825,28.6235
16501,37175,hierarchy_delta,2,0,1,7187,28.622
16502,44109,hierarchy_delta,2,0,1,14121,28.619
16503,26500,hierarchy_delta,2,0,0,11506,28.6127
16504,45537,hierarchy_delta,2,0,1,15549,28.6126
16505,27619,hierarchy_delta,2,0,0,12625,28.6088
16506,39308,hierarchy_delta,2,0,1,9320,28.6033
16507,42895,hierarchy_delta,2,0,1,12907,28.6009
16508,22637,hierarchy_delta,2,0,0,7643,28.6
16509,25840,hierarchy_delta,2,0,0,10846,28.5907
16510,25675,hierarchy_delta,2,0,0,10681,28.5873
16511,22881,hierarchy_delta,2,0,0,7887,28.583
16512,42165,hierarchy_delta,2,0,1,12177,28.5795
16513,39078,hierarchy_delta,2,0,1,9090,28.5794
16514,39012,hierarchy_delta,2,0,1,9024,28.5779
16515,38834,hierarchy_delta,2,0,1,8846,28.5734
16516,48292,hierarchy_delta,2,0,1,18304,28.5731
16517,39075,hierarchy_delta,2,0,1,9087,28.5718
16518,26509,hierarchy_delta,2,0,0,11515,28.5655
16519,43230,hierarchy_delta,2,0,1,13242,28.5543
16520,34169,hierarchy_delta,2,0,0,19175,28.5514
16521,35743,hierarchy_delta,2,0,1,5755,28.5497
16522,22298,hierarchy_delta,2,0,0,7304,28.5367
16523,40793,hierarchy_delta,2,0,1,10805,28.5352
16524,38636,hierarchy_delta,2,0,1,8648,28.5294
16525,33179,hierarchy_delta,2,0,0,18185,28.5284
16526,25106,hierarchy_delta,2,0,0,10112,28.5194
16527,32173,hierarchy_delta,2,0,0,17179,28.5049
16528,25549,hierarchy_delta,2,0,0,10555,28.4956
16529,36968,hierarchy_delta,2,0,1,6980,28.494
16530,36745,hierarchy_delta,2,0,1,6757,28.4836
16531,37031,hierarchy_delta,2,0,1,7043,28.4821
16532,23895,hierarchy_delta,2,0,0,8901,28.4791
16533,46341,hierarchy_delta,2,0,1,16353,28.4777
16534,39935,hierarchy_delta,2,0,1,9947,28.4659
16535,30948,hierarchy_delta,2,0,0,15954,28.4554
16536,43909,hierarchy_delta,2,0,1,13921,28.4479
16537,49928,hierarchy_delta,2,0,1,19940,28.4419
16538,29337,hierarchy_delta,2,0,0,14343,28.4384
16539,28436,hierarchy_delta,2,0,0,13442,28.437
16540,40396,hierarchy_delta,2,0,1,10408,28.4304
16541,29660,hierarchy_delta,2,0,0,14666,28.4293
16542,39665,hierarchy_delta,2,0,1,9677,28.4224
16543,42571,hierarchy_delta,2,0,1,12583,28.4223
16544,26306,hierarchy_delta,2,0,0,11312,28.4175
16545,37588,hierarchy_delta,2,0,1,7600,28.4103
16546,48855,hierarchy_delta,2,0,1,18867,28.4003
16547,40198,hierarchy_delta,2,0,1,10210,28.3944
16548,28367,hierarchy_delta,2,0,0,13373,28.3893
16549,40788,hierarchy_delta,2,0,1,10800,28.3886
16550,35162,hierarchy_delta,2,0,1,5174,28.3859
16551,23550,hierarchy_delta,2,0,0,8556,28.3838
16552,27622,hierarchy_delta,2,0,0,12628,28.3814
16553,44628,hierarchy_delta,2,0,1,14640,28.3752
16554,40838,hierarchy_delta,2,0,1,10850,28.3644
16555,31393,hierarchy_delta,2,0,0,16399,28.3611
16556,40013,hierarchy_delta,2,0,1,10025,28.3538
16557,37994,hierarchy_delta,2,0,1,8006,28.3287
16558,36316,hierarchy_delta,2,0,1,6328,28.3223
16559,34041,hierarchy_delta,2,0,0,19047,28.322
16560,40775,hierarchy_delta,2,0,1,10787,28.3201
16561,29765,hierarchy_delta,2,0,0,14771,28.3192
16562,38531,hierarchy_delta,2,0,1,8543,28.3097
16563,32017,hierarchy_delta,2,0,0,17023,28.3087
16564,35712,hierarchy_delta,2,0,1,5724,28.3057
16565,28286,hierarchy_delta,2,0,0,13292,28.3054
16566,27142,hierarchy_delta,2,0,0,12148,28.3038
16567,45197,hierarchy_delta,2,0,1,15209,28.2971
16568,42217,hierarchy_delta,2,0,1,12229,28.2969
16569,48195,hierarchy_delta,2,0,1,18207,28.2945
16570,28320,hierarchy_delta,2,0,0,13326,28.291
16571,32025,hierarchy_delta,2,0,0,17031,28.2898
16572,26511,hierarchy_delta,2,0,0,11517,28.2874
16573,24852,hierarchy_delta,2,0,0,9858,28.2848
16574,41382,hierarchy_delta,2,0,1,11394,28.2839
16575,45327,hierarchy_delta,2,0,1,15339,28.2836
16576,45759,hierarchy_delta,2,0,1,15771,28.2801
16577,28534,hierarchy_delta,2,0,0,13540,28.2739
16578,28315,hierarchy_delta,2,0,0,13321,28.2713
16579,36342,hierarchy_delta,2,0,1,6354,28.2684
16580,27219,hierarchy_delta,2,0,0,12225,28.2644
16581,38067,hierarchy_delta,2,0,1,8079,28.2625
16582,42104,hierarchy_delta,2,0,1,12116,28.2548
16583,38759,hierarchy_delta,2,0,1,8771,28.2534
16584,40607,hierarchy_delta,2,0,1,10619,28.2476
16585,33475,hierarchy_delta,2,0,0,18481,28.2401
16586,43395,hierarchy_delta,2,0,1,13407,28.2376
16587,24824,hierarchy_delta,2,0,0,9830,28.2348
16588,47548,hierarchy_delta,2,0,1,17560,28.2241
16589,36420,hierarchy_delta,2,0,1,6432,28.2237
16590,49292,hierarchy_delta,2,0,1,19304,28.222
16591,38523,hierarchy_delta,2,0,1,8535,28.2194
16592,37241,hierarchy_delta,2,0,1,7253,28.1982
16593,29119,hierarchy_delta,2,0,0,14125,28.198
16594,29033,hierarchy_delta,2,0,0,14039,28.1972
16595,41288,hierarchy_delta,2,0,1,11300,28.1964
16596,24929,hierarchy_delta,2,0,0,9935,28.1875
16597,38536,hierarchy_delta,2,0,1,8548,28.1864
16598,29649,hierarchy_delta,2,0,0,14655,28.1831
16599,34296,hierarchy_delta,2,0,0,19302,28.1745
16600,26365,hierarchy_delta,2,0,0,11371,28.1722
16601,32271,hierarchy_delta,2,0,0,17277,28.1566
16602,48707,hierarchy_delta,2,0,1,18719,28.1548
16603,46414,hierarchy_delta,2,0,1,16426,28.1424
16604,30365,hierarchy_delta,2,0,0,15371,28.1374
16605,35594,hierarchy_delta,2,0,1,5606,28.1373
16606,37973,hierarchy_delta,2,0,1,7985,28.1364
16607,23585,hierarchy_delta,2,0,0,8591,28.1339
16608,40113,hierarchy_delta,2,0,1,10125,28.1303
16609,41968,hierarchy_delta,2,0,1,11980,28.1202
16610,24858,hierarchy_delta,2,0,0,9864,28.1198
16611,40829,hierarchy_delta,2,0,1,10841,28.117
16612,29779,hierarchy_delta,2,0,0,14785,28.0992
16613,37204,hierarchy_delta,2,0,1,7216,28.0987
16614,26278,hierarchy_delta,2,0,0,11284,28.0969
16615,45926,hierarchy_delta,2,0,1,15938,28.0915
16616,33365,hierarchy_delta,2,0,0,18371,28.0888
16617,48286,hierarchy_delta,2,0,1,18298,28.088
16618,43992,hierarchy_delta,2,0,1,14004,28.077
16619,24114,hierarchy_delta,2,0,0,9120,28.0767
16620,23434,hierarchy_delta,2,0,0,8440,28.075
16621,42152,hierarchy_delta,2,0,1,12164,28.0704
16622,25342,hierarchy_delta,2,0,0,10348,28.0636
16623,23900,hierarchy_delta,2,0,0,8906,28.061
16624,35840,hierarchy_delta,2,0,1,5852,28.0589
16625,35853,hierarchy_delta,2,0,1,5865,28.0589
16626,35866,hierarchy_delta,2,0,1,5878,28.0589
16627,44688,hierarchy_delta,2,0,1,14700,28.0586
16628,45111,hierarchy_delta,2,0,1,15123,28.0573
16629,47677,hierarchy_delta,2,0,1,17689,28.057
16630,40652,hierarchy_delta,2,0,1,10664,28.0558
16631,41215,hierarchy_delta,2,0,1,11227,28.0477
16632,40746,hierarchy_delta,2,0,1,10758,28.0465
16633,43246,hierarchy_delta,2,0,1,13258,28.0451
16634,27224,hierarchy_delta,2,0,0,12230,28.0396
16635,29035,hierarchy_delta,2,0,0,14041,28.0389
16636,25602,hierarchy_delta,2,0,0,10608,28.0363
16637,41217,hierarchy_delta,2,0,1,11229,28.0349
16638,47057,hierarchy_delta,2,0,1,17069,28.034
16639,29705,hierarchy_delta,2,0,0,14711,28.031
16640,33474,hierarchy_delta,2,0,0,18480,28.0301
16641,31667,hierarchy_delta,2,0,0,16673,28.0287
16642,23591,hierarchy_delta,2,0,0,8597,28.0218
16643,27176,hierarchy_delta,2,0,0,12182,28.0176
16644,25164,hierarchy_delta,2,0,0,10170,28.0175
16645,48273,hierarchy_delta,2,0,1,18285,28.0127
16646,42866,hierarchy_delta,2,0,1,12878,28.0121
16647,24056,hierarchy_delta,2,0,0,9062,28.0118
16648,30294,hierarchy_delta,2,0,0,15300,28.0093
16649,29775,hierarchy_delta,2,0,0,14781,27.9881
16650,30941,hierarchy_delta,2,0,0,15947,27.9689
16651,29566,hierarchy_delta,2,0,0,14572,27.9668
16652,22731,hierarchy_delta,2,0,0,7737,27.9555
16653,40874,hierarchy_delta,2,0,1,10886,27.9505
16654,30270,hierarchy_delta,2,0,0,15276,27.95
16655,23599,hierarchy_delta,2,0,0,8605,27.9479
16656,40070,hierarchy_delta,2,0,1,10082,27.9459
16657,40189,hierarchy_delta,2,0,1,10201,27.9377
16658,28435,hierarchy_delta,2,0,0,13441,27.9374
16659,24827,hierarchy_delta,2,0,0,9833,27.934
16660,37230,hierarchy_delta,2,0,1,7242,27.9308
16661,40154,hierarchy_delta,2,0,1,10166,27.9254
16662,30849,hierarchy_delta,2,0,0,15855,27.9168
16663,20457,hierarchy_delta,2,0,0,5463,27.9133
16664,40643,hierarchy_delta,2,0,1,10655,27.9127
16665,43055,hierarchy_delta,2,0,1,13067,27.9047
16666,31549,hierarchy_delta,2,0,0,16555,27.9034
16667,30957,hierarchy_delta,2,0,0,15963,27.8992
16668,45689,hierarchy_delta,2,0,1,15701,27.8972
16669,37534,hierarchy_delta,2,0,1,7546,27.8943
16670,35279,hierarchy_delta,2,0,1,5291,27.8895
16671,37023,hierarchy_delta,2,0,1,7035,27.8885
16672,23562,hierarchy_delta,2,0,0,8568,27.8861
16673,26459,hierarchy_delta,2,0,0,11465,27.8843
16674,36433,hierarchy_delta,2,0,1,6445,27.8809
16675,38458,hierarchy_delta,2,0,1,8470,27.8808
16676,44733,hierarchy_delta,2,0,1,14745,27.8738
16677,26949,hierarchy_delta,2,0,0,11955,27.8643
16678,47558,hierarchy_delta,2,0,1,17570,27.8627
16679,47705,hierarchy_delta,2,0,1,17717,27.8621
16680,42342,hierarchy_delta,2,0,1,12354,27.8609
16681,47681,hierarchy_delta,2,0,1,17693,27.8573
16682,49333,hierarchy_delta,2,0,1,19345,27.8534
16683,36436,hierarchy_delta,2,0,1,6448,27.8322
16684,37432,hierarchy_delta,2,0,1,7444,27.8305
16685,48854,hierarchy_delta,2,0,1,18866,27.8272
16686,27808,hierarchy_delta,2,0,0,12814,27.8233
16687,29589,hierarchy_delta,2,0,0,14595,27.803
16688,33590,hierarchy_delta,2,0,0,18596,27.8017
16689,36803,hierarchy_delta,2,0,1,6815,27.796
16690,23898,hierarchy_delta,2,0,0,8904,27.7959
16691,23987,hierarchy_delta,2,0,0,8993,27.7946
16692,27650,hierarchy_delta,2,0,0,12656,27.7917
16693,37073,hierarchy_delta,2,0,1,7085,27.7825
16694,33985,hierarchy_delta,2,0,0,18991,27.7753
16695,46977,hierarchy_delta,2,0,1,16989,27.7676
16696,44183,hierarchy_delta,2,0,1,14195,27.7675
16697,27704,hierarchy_delta,2,0,0,12710,27.7653
16698,40141,hierarchy_delta,2,0,1,10153,27.7514
16699,44006,hierarchy_delta,2,0,1,14018,27.7492
16700,26974,hierarchy_delta,2,0,0,11980,27.7458
16701,39091,hierarchy_delta,2,0,1,9103,27.7457
16702,36787,hierarchy_delta,2,0,1,6799,27.7391
16703,41998,hierarchy_delta,2,0,1,12010,27.7373
16704,25109,hierarchy_delta,2,0,0,10115,27.7301
16705,45940,hierarchy_delta,2,0,1,15952,27.73
16706,24077,hierarchy_delta,2,0,0,9083,27.7255
16707,39471,hierarchy_delta,2,0,1,9483,27.7236
16708,30157,hierarchy_delta,2,0,0,15163,27.721
16709,29161,hierarchy_delta,2,0,0,14167,27.7068
16710,46474,hierarchy_delta,2,0,1,16486,27.7041
16711,35083,hierarchy_delta,2,0,1,5095,27.6921
16712,23890,hierarchy_delta,2,0,0,8896,27.692
16713,25666,hierarchy_delta,2,0,0,10672,27.6738
16714,22300,hierarchy_delta,2,0,0,7306,27.6714
16715,21603,hierarchy_delta,2,0,0,6609,27.6687
16716,28535,hierarchy_delta,2,0,0,13541,27.6633
16717,28485,hierarchy_delta,2,0,0,13491,27.6608
16718,23903,hierarchy_delta,2,0,0,8909,27.6564
16719,34173,hierarchy_delta,2,0,0,19179,27.6461
16720,44021,hierarchy_delta,2,0,1,14033,27.6418
16721,41348,hierarchy_delta,2,0,1,11360,27.6407
16722,39004,hierarchy_delta,2,0,1,9016,27.6394
16723,30954,hierarchy_delta,2,0,0,15960,27.6311
16724,24793,hierarchy_delta,2,0,0,9799,27.6281
16725,25123,hierarchy_delta,2,0,0,10129,27.6223
16726,45287,hierarchy_delta,2,0,1,15299,27.6173
16727,28025,hierarchy_delta,2,0,0,13031,27.608
16728,47181,hierarchy_delta,2,0,1,17193,27.5881
16729,27021,hierarchy_delta,2,0,0,12027,27.5698
16730,30946,hierarchy_delta,2,0,0,15952,27.5644
16731,37575,hierarchy_delta,2,0,1,7587,27.5635
16732,40521,hierarchy_delta,2,0,1,10533,27.5558
16733,37822,hierarchy_delta,2,0,1,7834,27.5545
16734,33974,hierarchy_delta,2,0,0,18980,27.5539
16735,33876,hierarchy_delta,2,0,0,18882,27.5491
16736,43993,hierarchy_delta,2,0,1,14005,27.5488
16737,25836,hierarchy_delta,2,0,0,10842,27.5469
16738,27152,hierarchy_delta,2,0,0,12158,27.5447
16739,36821,hierarchy_delta,2,0,1,6833,27.5397
16740,41304,hierarchy_delta,2,0,1,11316,27.5385
16741,28530,hierarchy_delta,2,0,0,13536,27.5327
16742,24856,hierarchy_delta,2,0,0,9862,27.5306
16743,40809,hierarchy_delta,2,0,1,10821,27.526
16744,24061,hierarchy_delta,2,0,0,9067,27.5246
16745,40738,hierarchy_delta,2,0,1,10750,27.5206
16746,35418,hierarchy_delta,2,0,1,5430,27.5163
16747,29028,hierarchy_delta,2,0,0,14034,27.5097
16748,26979,hierarchy_delta,2,0,0,11985,27.4884
16749,27119,hierarchy_delta,2,0,0,12125,27.4801
16750,28537,hierarchy_delta,2,0,0,13543,27.4788
16751,25173,hierarchy_delta,2,0,0,10179,27.4749
16752,26948,hierarchy_delta,2,0,0,11954,27.4682
16753,26466,hierarchy_delta,2,0,0,11472,27.4599
16754,37367,hierarchy_delta,2,0,1,7379,27.4573
16755,20478,hierarchy_delta,2,0,0,5484,27.4508
16756,32717,hierarchy_delta,2,0,0,17723,27.4483
16757,38062,hierarchy_delta,2,0,1,8074,27.4404
16758,36842,hierarchy_delta,2,0,1,6854,27.4362
16759,37792,hierarchy_delta,2,0,1,7804,27.4347
16760,22815,hierarchy_delta,2,0,0,7821,27.4335
16761,29795,hierarchy_delta,2,0,0,14801,27.4227
16762,25128,hierarchy_delta,2,0,0,10134,27.4169
16763,36300,hierarchy_delta,2,0,1,6312,27.4119
16764,27602,hierarchy_delta,2,0,0,12608,27.4085
16765,47533,hierarchy_delta,2,0,1,17545,27.4078
16766,25160,hierarchy_delta,2,0,0,10166,27.4006
16767,28284,hierarchy_delta,2,0,0,13290,27.3896
16768,22185,hierarchy_delta,2,0,0,7191,27.3889
16769,23432,hierarchy_delta,2,0,0,8438,27.3826
16770,36523,hierarchy_delta,2,0,1,6535,27.3697
16771,28995,hierarchy_delta,2,0,0,14001,27.3655
16772,46879,hierarchy_delta,2,0,1,16891,27.3568
16773,29097,hierarchy_delta,2,0,0,14103,27.355
16774,35141,hierarchy_delta,2,0,1,5153,27.3548
16775,47614,hierarchy_delta,2,0,1,17626,27.3504
16776,35563,hierarchy_delta,2,0,1,5575,27.3418
16777,30323,hierarchy_delta,2,0,0,15329,27.3413
16778,22290,hierarchy_delta,2,0,0,7296,27.339
16779,35266,hierarchy_delta,2,0,1,5278,27.3378
16780,41977,hierarchy_delta,2,0,1,11989,27.3373
16781,36215,hierarchy_delta,2,0,1,6227,27.3368
16782,38495,hierarchy_delta,2,0,1,8507,27.3292
16783,45938,hierarchy_delta,2,0,1,15950,27.3241
16784,31680,hierarchy_delta,2,0,0,16686,27.3238
16785,38754,hierarchy_delta,2,0,1,8766,27.3228
16786,27624,hierarchy_delta,2,0,0,12630,27.3222
16787,48426,hierarchy_delta,2,0,1,18438,27.3161
16788,33478,hierarchy_delta,2,0,0,18484,27.3101
16789,28362,hierarchy_delta,2,0,0,13368,27.3061
16790,34609,hierarchy_delta,2,0,0,19615,27.2998
16791,23556,hierarchy_delta,2,0,0,8562,27.2979
16792,44191,hierarchy_delta,2,0,1,14203,27.2939
16793,29561,hierarchy_delta,2,0,0,14567,27.2938
16794,24850,hierarchy_delta,2,0,0,9856,27.2812
16795,20470,hierarchy_delta,2,0,0,5476,27.2806
16796,39230,hierarchy_delta,2,0,1,9242,27.2806
16797,46951,hierarchy_delta,2,0,1,16963,27.279
16798,40560,hierarchy_delta,2,0,1,10572,27.276
16799,41486,hierarchy_delta,2,0,1,11498,27.252
16800,33834,hierarchy_delta,2,0,0,18840,27.2509
16801,34182,hierarchy_delta,2,0,0,19188,27.2465
16802,48739,hierarchy_delta,2,0,1,18751,27.236
16803,23901,hierarchy_delta,2,0,0,8907,27.2347
16804,28027,hierarchy_delta,2,0,0,13033,27.2261
16805,29142,hierarchy_delta,2,0,0,14148,27.2238
16806,28440,hierarchy_delta,2,0,0,13446,27.2211
16807,28470,hierarchy_delta,2,0,0,13476,27.2197
16808,23545,hierarchy_delta,2,0,0,8551,27.2192
16809,37554,hierarchy_delta,2,0,1,7566,27.2174
16810,37036,hierarchy_delta,2,0,1,7048,27.2156
16811,38023,hierarchy_delta,2,0,1,8035,27.2144
16812,44531,hierarchy_delta,2,0,1,14543,27.2129
16813,40531,hierarchy_delta,2,0,1,10543,27.2128
16814,45846,hierarchy_delta,2,0,1,15858,27.2125
16815,45479,hierarchy_delta,2,0,1,15491,27.2109
16816,22141,hierarchy_delta,2,0,0,7147,27.2101
16817,34187,hierarchy_delta,2,0,0,19193,27.1999
16818,29694,hierarchy_delta,2,0,0,14700,27.1996
16819,34156,hierarchy_delta,2,0,0,19162,27.1966
16820,27607,hierarchy_delta,2,0,0,12613,27.1891
16821,41340,hierarchy_delta,2,0,1,11352,27.1847
16822,22175,hierarchy_delta,2,0,0,7181,27.1817
16823,37583,hierarchy_delta,2,0,1,7595,27.1695
16824,28358,hierarchy_delta,2,0,0,13364,27.1686
16825,24924,hierarchy_delta,2,0,0,9930,27.1681
16826,37622,hierarchy_delta,2,0,1,7634,27.165
16827,27034,hierarchy_delta,2,0,0,12040,27.1642
16828,31322,hierarchy_delta,2,0,0,16328,27.1605
16829,49449,hierarchy_delta,2,0,1,19461,27.1602
16830,48291,hierarchy_delta,2,0,1,18303,27.1583
16831,47546,hierarchy_delta,2,0,1,17558,27.1582
16832,42121,hierarchy_delta,2,0,1,12133,27.1577
16833,46465,hierarchy_delta,2,0,1,16477,27.1562
16834,46286,hierarchy_delta,2,0,1,16298,27.154
16835,43547,hierarchy_delta,2,0,1,13559,27.1537
16836,32303,hierarchy_delta,2,0,0,17309,27.1471
16837,23675,hierarchy_delta,2,0,0,8681,27.1445
16838,37729,hierarchy_delta,2,0,1,7741,27.1437
16839,38565,hierarchy_delta,2,0,1,8577,27.1371
16840,40537,hierarchy_delta,2,0,1,10549,27.1331
16841,22269,hierarchy_delta,2,0,0,7275,27.1324
16842,22649,hierarchy_delta,2,0,0,7655,27.1303
16843,39481,hierarchy_delta,2,0,1,9493,27.1293
16844,25607,hierarchy_delta,2,0,0,10613,27.1239
16845,22167,hierarchy_delta,2,0,0,7173,27.1148
16846,41096,hierarchy_delta,2,0,1,11108,27.1136
16847,27191,hierarchy_delta,2,0,0,12197,27.1091
16848,45820,hierarchy_delta,2,0,1,15832,27.1033
16849,26309,hierarchy_delta,2,0,0,11315,27.0967
16850,41542,hierarchy_delta,2,0,1,11554,27.0965
16851,34902,hierarchy_delta,2,0,0,19908,27.0955
16852,28532,hierarchy_delta,2,0,0,13538,27.0919
16853,34720,hierarchy_delta,2,0,0,19726,27.0912
16854,27905,hierarchy_delta,2,0,0,12911,27.0745
16855,28325,hierarchy_delta,2,0,0,13331,27.074
16856,40688,hierarchy_delta,2,0,1,10700,27.0697
16857,23676,hierarchy_delta,2,0,0,8682,27.0676
16858,24127,hierarchy_delta,2,0,0,9133,27.0657
16859,43293,hierarchy_delta,2,0,1,13305,27.0654
16860,48812,hierarchy_delta,2,0,1,18824,27.0547
16861,41191,hierarchy_delta,2,0,1,11203,27.0523
16862,26348,hierarchy_delta,2,0,0,11354,27.051
16863,48212,hierarchy_delta,2,0,1,18224,27.0489
16864,25619,hierarchy_delta,2,0,0,10625,27.0401
16865,37690,hierarchy_delta,2,0,1,7702,27.0401
16866,44518,hierarchy_delta,2,0,1,14530,27.034
16867,27794,hierarchy_delta,2,0,0,12800,27.0284
16868,42566,hierarchy_delta,2,0,1,12578,27.025
16869,38557,hierarchy_delta,2,0,1,8569,27.0247
16870,45749,hierarchy_delta,2,0,1,15761,27.0232
16871,32608,hierarchy_delta,2,0,0,17614,27.018
16872,35292,hierarchy_delta,2,0,1,5304,27.0164
16873,26450,hierarchy_delta,2,0,0,11456,26.9969
16874,41041,hierarchy_delta,2,0,1,11053,26.9917
16875,41225,hierarchy_delta,2,0,1,11237,26.9841
16876,26285,hierarchy_delta,2,0,0,11291,26.979
16877,45236,hierarchy_delta,2,0,1,15248,26.9789
16878,24860,hierarchy_delta,2,0,0,9866,26.9785
16879,27856,hierarchy_delta,2,0,0,12862,26.9781
16880,48106,hierarchy_delta,2,0,1,18118,26.9765
16881,40157,hierarchy_delta,2,0,1,10169,26.9753
16882,21540,hierarchy_delta,2,0,0,6546,26.9734
16883,26520,hierarchy_delta,2,0,0,11526,26.9691
16884,40672,hierarchy_delta,2,0,1,10684,26.969
16885,23570,hierarchy_delta,2,0,0,8576,26.9586
16886,36926,hierarchy_delta,2,0,1,6938,26.9521
16887,25786,hierarchy_delta,2,0,0,10792,26.9476
16888,30362,hierarchy_delta,2,0,0,15368,26.9465
16889,37826,hierarchy_delta,2,0,1,7838,26.9443
16890,49221,hierarchy_delta,2,0,1,19233,26.942
16891,29116,hierarchy_delta,2,0,0,14122,26.936
16892,23442,hierarchy_delta,2,0,0,8448,26.9321
16893,48697,hierarchy_delta,2,0,1,18709,26.9291
16894,47039,hierarchy_delta,2,0,1,17051,26.9291
16895,29923,hierarchy_delta,2,0,0,14929,26.9253
16896,33121,hierarchy_delta,2,0,0,18127,26.9222
16897,42387,hierarchy_delta,2,0,1,12399,26.9197
16898,27147,hierarchy_delta,2,0,0,12153,26.9112
16899,35034,hierarchy_delta,2,0,1,5046,26.9067
16900,30767,hierarchy_delta,2,0,0,15773,26.9012
16901,34460,hierarchy_delta,2,0,0,19466,26.8972
16902,35903,hierarchy_delta,2,0,1,5915,26.8952
16903,38872,hierarchy_delta,2,0,1,8884,26.8925
16904,38078,hierarchy_delta,2,0,1,8090,26.8922
16905,47592,hierarchy_delta,2,0,1,17604,26.892
16906,20541,hierarchy_delta,2,0,0,5547,26.8911
16907,29147,hierarchy_delta,2,0,0,14153,26.8891
16908,23893,hierarchy_delta,2,0,0,8899,26.8887
16909,23896,hierarchy_delta,2,0,0,8902,26.8878
16910,38848,hierarchy_delta,2,0,1,8860,26.8839
16911,46061,hierarchy_delta,2,0,1,16073,26.8836
16912,39099,hierarchy_delta,2,0,1,9111,26.8803
16913,39081,hierarchy_delta,2,0,1,9093,26.8739
16914,38947,hierarchy_delta,2,0,1,8959,26.8725
16915,29051,hierarchy_delta,2,0,0,14057,26.8667
16916,46541,hierarchy_delta,2,0,1,16553,26.8641
16917,45340,hierarchy_delta,2,0,1,15352,26.8627
16918,21374,hierarchy_delta,2,0,0,6380,26.8551
16919,26352,hierarchy_delta,2,0,0,11358,26.8524
16920,46927,hierarchy_delta,2,0,1,16939,26.8487
16921,44720,hierarchy_delta,2,0,1,14732,26.8448
16922,37989,hierarchy_delta,2,0,1,8001,26.8437
16923,35623,hierarchy_delta,2,0,1,5635,26.8418
16924,31296,hierarchy_delta,2,0,0,16302,26.8356
16925,46396,hierarchy_delta,2,0,1,16408,26.8317
16926,40971,hierarchy_delta,2,0,1,10983,26.8315
16927,28289,hierarchy_delta,2,0,0,13295,26.831
16928,29750,hierarchy_delta,2,0,0,14756,26.8277
16929,22805,hierarchy_delta,2,0,0,7811,26.8178
16930,39937,hierarchy_delta,2,0,1,9949,26.8108
16931,38958,hierarchy_delta,2,0,1,8970,26.8068
16932,33797,hierarchy_delta,2,0,0,18803,26.8067
16933,40631,hierarchy_delta,2,0,1,10643,26.801
16934,23447,hierarchy_delta,2,0,0,8453,26.8004
16935,26419,hierarchy_delta,2,0,0,11425,26.797
16936,30823,hierarchy_delta,2,0,0,15829,26.7955
16937,21548,hierarchy_delta,2,0,0,6554,26.7928
16938,42341,hierarchy_delta,2,0,1,12353,26.7867
16939,40117,hierarchy_delta,2,0,1,10129,26.7864
16940,45298,hierarchy_delta,2,0,1,15310,26.7858
16941,22616,hierarchy_delta,2,0,0,7622,26.7853
16942,36782,hierarchy_delta,2,0,1,6794,26.7672
16943,38936,hierarchy_delta,2,0,1,8948,26.7663
16944,36230,hierarchy_delta,2,0,1,6242,26.7592
16945,31690,hierarchy_delta,2,0,0,16696,26.7563
16946,44309,hierarchy_delta,2,0,1,14321,26.7524
16947,40665,hierarchy_delta,2,0,1,10677,26.7431
16948,44167,hierarchy_delta,2,0,1,14179,26.7383
16949,45495,hierarchy_delta,2,0,1,15507,26.7382
16950,33879,hierarchy_delta,2,0,0,18885,26.7318
16951,41662,hierarchy_delta,2,0,1,11674,26.7287
16952,31446,hierarchy_delta,2,0,0,16452,26.7252
16953,47516,hierarchy_delta,2,0,1,17528,26.7199
16954,38479,hierarchy_delta,2,0,1,8491,26.7121
16955,38030,hierarchy_delta,2,0,1,8042,26.7111
16956,38840,hierarchy_delta,2,0,1,8852,26.7087
16957,28979,hierarchy_delta,2,0,0,13985,26.7035
16958,23565,hierarchy_delta,2,0,0,8571,26.7028
16959,39096,hierarchy_delta,2,0,1,9108,26.6971
16960,49287,hierarchy_delta,2,0,1,19299,26.6966
16961,44600,hierarchy_delta,2,0,1,14612,26.6965
16962,25646,hierarchy_delta,2,0,0,10652,26.6932
16963,47587,hierarchy_delta,2,0,1,17599,26.6928
16964,28364,hierarchy_delta,2,0,0,13370,26.689
16965,32852,hierarchy_delta,2,0,0,17858,26.6861
16966,46479,hierarchy_delta,2,0,1,16491,26.6817
16967,35271,hierarchy_delta,2,0,1,5283,26.68
16968,22744,hierarchy_delta,2,0,0,7750,26.6782
16969,47019,hierarchy_delta,2,0,1,17031,26.6763
16970,23668,hierarchy_delta,2,0,0,8674,26.6661
16971,44775,hierarchy_delta,2,0,1,14787,26.666
16972,45370,hierarchy_delta,2,0,1,15382,26.6567
16973,46517,hierarchy_delta,2,0,1,16529,26.6458
16974,24006,hierarchy_delta,2,0,0,9012,26.638
16975,25781,hierarchy_delta,2,0,0,10787,26.6358
16976,24069,hierarchy_delta,2,0,0,9075,26.6266
16977,34917,hierarchy_delta,2,0,0,19923,26.6255
16978,48831,hierarchy_delta,2,0,1,18843,26.6191
16979,27177,hierarchy_delta,2,0,0,12183,26.5896
16980,21382,hierarchy_delta,2,0,0,6388,26.5896
16981,35204,hierarchy_delta,2,0,1,5216,26.5845
16982,40206,hierarchy_delta,2,0,1,10218,26.5784
16983,26453,hierarchy_delta,2,0,0,11459,26.5778
16984,28950,hierarchy_delta,2,0,0,13956,26.5765
16985,26955,hierarchy_delta,2,0,0,11961,26.5725
16986,43361,hierarchy_delta,2,0,1,13373,26.5705
16987,44555,hierarchy_delta,2,0,1,14567,26.5498
16988,36504,hierarchy_delta,2,0,1,6516,26.5217
16989,29590,hierarchy_delta,2,0,0,14596,26.5134
16990,41536,hierarchy_delta,2,0,1,11548,26.5039
16991,21556,hierarchy_delta,2,0,0,6562,26.4971
16992,33393,hierarchy_delta,2,0,0,18399,26.4965
16993,22337,hierarchy_delta,2,0,0,7343,26.4937
16994,22632,hierarchy_delta,2,0,0,7638,26.4932
16995,42879,hierarchy_delta,2,0,1,12891,26.4901
16996,23594,hierarchy_delta,2,0,0,8600,26.4875
16997,38049,hierarchy_delta,2,0,1,8061,26.481
16998,27105,hierarchy_delta,2,0,0,12111,26.48
16999,30218,hierarchy_delta,2,0,0,15224,26.4743
17000,43426,hierarchy_delta,2,0,1,13438,26.4714
17001,41039,hierarchy_delta,2,0,1,11051,26.4669
17002,43026,hierarchy_delta,2,0,1,13038,26.4467
17003,36976,hierarchy_delta,2,0,1,6988,26.442
17004,48721,hierarchy_delta,2,0,1,18733,26.4403
17005,46354,hierarchy_delta,2,0,1,16366,26.4307
17006,33136,hierarchy_delta,2,0,0,18142,26.429
17007,32768,hierarchy_delta,2,0,0,17774,26.4202
17008,36467,hierarchy_delta,2,0,1,6479,26.4198
17009,27697,hierarchy_delta,2,0,0,12703,26.4025
17010,38275,hierarchy_delta,2,0,1,8287,26.4
17011,48726,hierarchy_delta,2,0,1,18738,26.3945
17012,36937,hierarchy_delta,2,0,1,6949,26.3868
17013,28380,hierarchy_delta,2,0,0,13386,26.3852
17014,22303,hierarchy_delta,2,0,0,7309,26.373
17015,44513,hierarchy_delta,2,0,1,14525,26.3711
17016,27145,hierarchy_delta,2,0,0,12151,26.3652
17017,47601,hierarchy_delta,2,0,1,17613,26.3649
17018,32290,hierarchy_delta,2,0,0,17296,26.3597
17019,22650,hierarchy_delta,2,0,0,7656,26.3595
17020,35097,hierarchy_delta,2,0,1,5109,26.3567
17021,29595,hierarchy_delta,2,0,0,14601,26.3552
17022,46560,hierarchy_delta,2,0,1,16572,26.3552
17023,49955,hierarchy_delta,2,0,1,19967,26.3478
17024,25211,hierarchy_delta,2,0,0,10217,26.3412
17025,29118,hierarchy_delta,2,0,0,14124,26.334
17026,35448,hierarchy_delta,2,0,1,5460,26.331
17027,37643,hierarchy_delta,2,0,1,7655,26.3269
17028,47846,hierarchy_delta,2,0,1,17858,26.3193
17029,32012,hierarchy_delta,2,0,0,17018,26.3188
17030,45924,hierarchy_delta,2,0,1,15936,26.308
17031,49363,hierarchy_delta,2,0,1,19375,26.2989
17032,27064,hierarchy_delta,2,0,0,12070,26.2973
17033,43492,hierarchy_delta,2,0,1,13504,26.295
17034,35284,hierarchy_delta,2,0,1,5296,26.2946
17035,38691,hierarchy_delta,2,0,1,8703,26.2944
17036,36303,hierarchy_delta,2,0,1,6315,26.2837
17037,45895,hierarchy_delta,2,0,1,15907,26.2734
17038,38059,hierarchy_delta,2,0,1,8071,26.2518
17039,41667,hierarchy_delta,2,0,1,11679,26.2447
17040,30372,hierarchy_delta,2,0,0,15378,26.237
17041,45967,hierarchy_delta,2,0,1,15979,26.2346
17042,30824,hierarchy_delta,2,0,0,15830,26.2334
17043,48249,hierarchy_delta,2,0,1,18261,26.2199
17044,21369,hierarchy_delta,2,0,0,6375,26.2034
17045,20520,hierarchy_delta,2,0,0,5526,26.202
17046,26455,hierarchy_delta,2,0,0,11461,26.2017
17047,47534,hierarchy_delta,2,0,1,17546,26.2001
17048,40131,hierarchy_delta,2,0,1,10143,26.1982
17049,45934,hierarchy_delta,2,0,1,15946,26.1962
17050,38466,hierarchy_delta,2,0,1,8478,26.1934
17051,36115,hierarchy_delta,2,0,1,6127,26.1885
17052,25848,hierarchy_delta,2,0,0,10854,26.1875
17053,40625,hierarchy_delta,2,0,1,10637,26.1852
17054,40024,hierarchy_delta,2,0,1,10036,26.1849
17055,22748,hierarchy_delta,2,0,0,7754,26.1783
17056,43280,hierarchy_delta,2,0,1,13292,26.1744
17057,27847,hierarchy_delta,2,0,0,12853,26.1732
17058,45223,hierarchy_delta,2,0,1,15235,26.1722
17059,41337,hierarchy_delta,2,0,1,11349,26.1686
17060,49407,hierarchy_delta,2,0,1,19419,26.1668
17061,31080,hierarchy_delta,2,0,0,16086,26.163
17062,21595,hierarchy_delta,2,0,0,6601,26.1618
17063,27610,hierarchy_delta,2,0,0,12616,26.1536
17064,23577,hierarchy_delta,2,0,0,8583,26.1511
17065,27017,hierarchy_delta,2,0,0,12023,26.1484
17066,45387,hierarchy_delta,2,0,1,15399,26.1451
17067,39104,hierarchy_delta,2,0,1,9116,26.1449
17068,30739,hierarchy_delta,2,0,0,15745,26.14
17069,26311,hierarchy_delta,2,0,0,11317,26.1393
17070,27192,hierarchy_delta,2,0,0,12198,26.1389
17071,49218,hierarchy_delta,2,0,1,19230,26.1366
17072,27141,hierarchy_delta,2,0,0,12147,26.1315
17073,29158,hierarchy_delta,2,0,0,14164,26.1311
17074,22873,hierarchy_delta,2,0,0,7879,26.1195
17075,32569,hierarchy_delta,2,0,0,17575,26.1099
17076,42015,hierarchy_delta,2,0,1,12027,26.0972
17077,43479,hierarchy_delta,2,0,1,13491,26.0913
17078,37081,hierarchy_delta,2,0,1,7093,26.0849
17079,37839,hierarchy_delta,2,0,1,7851,26.0796
17080,23558,hierarchy_delta,2,0,0,8564,26.0788
17081,27658,hierarchy_delta,2,0,0,12664,26.0782
17082,41955,hierarchy_delta,2,0,1,11967,26.0733
17083,29766,hierarchy_delta,2,0,0,14772,26.0683
17084,47115,hierarchy_delta,2,0,1,17127,26.0651
17085,40600,hierarchy_delta,2,0,1,10612,26.0573
17086,30899,hierarchy_delta,2,0,0,15905,26.054
17087,42311,hierarchy_delta,2,0,1,12323,26.0536
17088,27742,hierarchy_delta,2,0,0,12748,26.0533
17089,25111,hierarchy_delta,2,0,0,10117,26.0511
17090,33298,hierarchy_delta,2,0,0,18304,26.0499
17091,45777,hierarchy_delta,2,0,1,15789,26.0468
17092,29227,hierarchy_delta,2,0,0,14233,26.0421
17093,45922,hierarchy_delta,2,0,1,15934,26.0402
17094,49293,hierarchy_delta,2,0,1,19305,26.0377
17095,29702,hierarchy_delta,2,0,0,14708,26.0366
17096,27817,hierarchy_delta,2,0,0,12823,26.0352
17097,35819,hierarchy_delta,2,0,1,5831,26.0328
17098,46970,hierarchy_delta,2,0,1,16982,26.0327
17099,48218,hierarchy_delta,2,0,1,18230,26.0327
17100,45815,hierarchy_delta,2,0,1,15827,26.0293
17101,23889,hierarchy_delta,2,0,0,8895,26.0253
17102,23894,hierarchy_delta,2,0,0,8900,26.023
17103,35699,hierarchy_delta,2,0,1,5711,26.0222
17104,44917,hierarchy_delta,2,0,1,14929,26.004
17105,41649,hierarchy_delta,2,0,1,11661,25.9987
17106,40000,hierarchy_delta,2,0,1,10012,25.9984
17107,33990,hierarchy_delta,2,0,0,18996,25.9805
17108,43262,hierarchy_delta,2,0,1,13274,25.9797
17109,27649,hierarchy_delta,2,0,0,12655,25.9792
17110,29737,hierarchy_delta,2,0,0,14743,25.9789
17111,26296,hierarchy_delta,2,0,0,11302,25.9747
17112,42167,hierarchy_delta,2,0,1,12179,25.9703
17113,36963,hierarchy_delta,2,0,1,6975,25.9672
17114,34595,hierarchy_delta,2,0,0,19601,25.9647
17115,36667,hierarchy_delta,2,0,1,6679,25.9607
17116,33480,hierarchy_delta,2,0,0,18486,25.9599
17117,31981,hierarchy_delta,2,0,0,16987,25.9599
17118,38096,hierarchy_delta,2,0,1,8108,25.9593
17119,21608,hierarchy_delta,2,0,0,6614,25.9584
17120,37830,hierarchy_delta,2,0,1,7842,25.9502
17121,45194,hierarchy_delta,2,0,1,15206,25.9368
17122,32870,hierarchy_delta,2,0,0,17876,25.9315
17123,48044,hierarchy_delta,2,0,1,18056,25.9309
17124,46981,hierarchy_delta,2,0,1,16993,25.9307
17125,22654,hierarchy_delta,2,0,0,7660,25.923
17126,28472,hierarchy_delta,2,0,0,13478,25.9205
17127,48443,hierarchy_delta,2,0,1,18455,25.9142
17128,36727,hierarchy_delta,2,0,1,6739,25.9116
17129,28567,hierarchy_delta,2,0,0,13573,25.9098
17130,37028,hierarchy_delta,2,0,1,7040,25.905
17131,27699,hierarchy_delta,2,0,0,12705,25.904
17132,24950,hierarchy_delta,2,0,0,9956,25.8862
17133,38968,hierarchy_delta,2,0,1,8980,25.8862
17134,48873,hierarchy_delta,2,0,1,18885,25.8836
17135,30852,hierarchy_delta,2,0,0,15858,25.8808
17136,41744,hierarchy_delta,2,0,1,11756,25.8772
17137,22151,hierarchy_delta,2,0,0,7157,25.877
17138,34768,hierarchy_delta,2,0,0,19774,25.876
17139,39903,hierarchy_delta,2,0,1,9915,25.8744
17140,37656,hierarchy_delta,2,0,1,7668,25.8684
17141,29169,hierarchy_delta,2,0,0,14175,25.8669
17142,20769,hierarchy_delta,2,0,0,5775,25.8651
17143,27046,hierarchy_delta,2,0,0,12052,25.8628
17144,27661,hierarchy_delta,2,0,0,12667,25.8539
17145,26457,hierarchy_delta,2,0,0,11463,25.848
17146,36402,hierarchy_delta,2,0,1,6414,25.8473
17147,44571,hierarchy_delta,2,0,1,14583,25.8456
17148,27839,hierarchy_delta,2,0,0,12845,25.8448
17149,23873,hierarchy_delta,2,0,0,8879,25.8446
17150,25826,hierarchy_delta,2,0,0,10832,25.8365
17151,24082,hierarchy_delta,2,0,0,9088,25.8364
17152,31355,hierarchy_delta,2,0,0,16361,25.8326
17153,23982,hierarchy_delta,2,0,0,8988,25.831
17154,39697,hierarchy_delta,2,0,1,9709,25.8285
17155,33586,hierarchy_delta,2,0,0,18592,25.8276
17156,48734,hierarchy_delta,2,0,1,18746,25.8259
17157,30943,hierarchy_delta,2,0,0,15949,25.8158
17158,43877,hierarchy_delta,2,0,1,13889,25.813
17159,27771,hierarchy_delta,2,0,0,12777,25.8129
17160,26456,hierarchy_delta,2,0,0,11462,25.805
17161,33118,hierarchy_delta,2,0,0,18124,25.8036
17162,48868,hierarchy_delta,2,0,1,18880,25.7974
17163,22159,hierarchy_delta,2,0,0,7165,25.7946
17164,47097,hierarchy_delta,2,0,1,17109,25.7896
17165,22285,hierarchy_delta,2,0,0,7291,25.7875
17166,48113,hierarchy_delta,2,0,1,18125,25.7853
17167,22277,hierarchy_delta,2,0,0,7283,25.7626
17168,46867,hierarchy_delta,2,0,1,16879,25.7577
17169,30900,hierarchy_delta,2,0,0,15906,25.7538
17170,37154,hierarchy_delta,2,0,1,7166,25.7533
17171,36913,hierarchy_delta,2,0,1,6925,25.7476
17172,25121,hierarchy_delta,2,0,0,10127,25.7465
17173,25547,hierarchy_delta,2,0,0,10553,25.7427
17174,29145,hierarchy_delta,2,0,0,14151,25.7402
17175,41537,hierarchy_delta,2,0,1,11549,25.7345
17176,44583,hierarchy_delta,2,0,1,14595,25.734
17177,30864,hierarchy_delta,2,0,0,15870,25.7324
17178,39272,hierarchy_delta,2,0,1,9284,25.7323
17179,27629,hierarchy_delta,2,0,0,12635,25.7316
17180,48446,hierarchy_delta,2,0,1,18458,25.7254
17181,27645,hierarchy_delta,2,0,0,12651,25.7231
17182,40735,hierarchy_delta,2,0,1,10747,25.7141
17183,47640,hierarchy_delta,2,0,1,17652,25.7061
17184,22340,hierarchy_delta,2,0,0,7346,25.7057
17185,38070,hierarchy_delta,2,0,1,8082,25.7034
17186,44887,hierarchy_delta,2,0,1,14899,25.6985
17187,26554,hierarchy_delta,2,0,0,11560,25.6825
17188,26469,hierarchy_delta,2,0,0,11475,25.6822
17189,24822,hierarchy_delta,2,0,0,9828,25.6809
17190,44532,hierarchy_delta,2,0,1,14544,25.6795
17191,48155,hierarchy_delta,2,0,1,18167,25.6757
17192,30796,hierarchy_delta,2,0,0,15802,25.6755
17193,24646,hierarchy_delta,2,0,0,9652,25.6748
17194,40853,hierarchy_delta,2,0,1,10865,25.6742
17195,22332,hierarchy_delta,2,0,0,7338,25.6724
17196,48724,hierarchy_delta,2,0,1,18736,25.6636
17197,32247,hierarchy_delta,2,0,0,17253,25.6633
17198,21535,hierarchy_delta,2,0,0,6541,25.6536
17199,45262,hierarchy_delta,2,0,1,15274,25.6533
17200,26953,hierarchy_delta,2,0,0,11959,25.6531
17201,23688,hierarchy_delta,2,0,0,8694,25.6522
17202,41224,hierarchy_delta,2,0,1,11236,25.6516
17203,25829,hierarchy_delta,2,0,0,10835,25.6493
17204,29650,hierarchy_delta,2,0,0,14656,25.6489
17205,28365,hierarchy_delta,2,0,0,13371,25.6472
17206,26424,hierarchy_delta,2,0,0,11430,25.6418
17207,29678,hierarchy_delta,2,0,0,14684,25.6348
17208,24660,hierarchy_delta,2,0,0,9666,25.6321
17209,35024,hierarchy_delta,2,0,1,5036,25.6297
17210,27569,hierarchy_delta,2,0,0,12575,25.6274
17211,25552,hierarchy_delta,2,0,0,10558,25.6268
17212,26212,hierarchy_delta,2,0,0,11218,25.625
17213,40076,hierarchy_delta,2,0,1,10088,25.6236
17214,45354,hierarchy_delta,2,0,1,15366,25.6169
17215,23602,hierarchy_delta,2,0,0,8608,25.6142
17216,27564,hierarchy_delta,2,0,0,12570,25.6114
17217,27626,hierarchy_delta,2,0,0,12632,25.6112
17218,38534,hierarchy_delta,2,0,1,8546,25.6056
17219,31677,hierarchy_delta,2,0,0,16683,25.6042
17220,23589,hierarchy_delta,2,0,0,8595,25.5979
17221,43411,hierarchy_delta,2,0,1,13423,25.5946
17222,45979,hierarchy_delta,2,0,1,15991,25.5921
17223,38814,hierarchy_delta,2,0,1,8826,25.5876
17224,38405,hierarchy_delta,2,0,1,8417,25.5808
17225,21466,hierarchy_delta,2,0,0,6472,25.5623
17226,30725,hierarchy_delta,2,0,0,15731,25.5557
17227,39746,hierarchy_delta,2,0,1,9758,25.552
17228,44686,hierarchy_delta,2,0,1,14698,25.5516
17229,40123,hierarchy_delta,2,0,1,10135,25.5495
17230,47110,hierarchy_delta,2,0,1,17122,25.5392
17231,41953,hierarchy_delta,2,0,1,11965,25.5391
17232,29113,hierarchy_delta,2,0,0,14119,25.5388
17233,40544,hierarchy_delta,2,0,1,10556,25.5344
17234,45301,hierarchy_delta,2,0,1,15313,25.5339
17235,27797,hierarchy_delta,2,0,0,12803,25.5332
17236,21463,hierarchy_delta,2,0,0,6469,25.5267
17237,28369,hierarchy_delta,2,0,0,13375,25.5262
17238,30308,hierarchy_delta,2,0,0,15314,25.5226
17239,38880,hierarchy_delta,2,0,1,8892,25.5151
17240,43447,hierarchy_delta,2,0,1,13459,25.5116
17241,30904,hierarchy_delta,2,0,0,15910,25.5099
17242,37044,hierarchy_delta,2,0,1,7056,25.5093
17243,30809,hierarchy_delta,2,0,0,15815,25.4985
17244,22705,hierarchy_delta,2,0,0,7711,25.4978
17245,29220,hierarchy_delta,2,0,0,14226,25.4966
17246,25126,hierarchy_delta,2,0,0,10132,25.4942
17247,34381,hierarchy_delta,2,0,0,19387,25.4942
17248,20465,hierarchy_delta,2,0,0,5471,25.4939
17249,31098,hierarchy_delta,2,0,0,16104,25.4877
17250,38890,hierarchy_delta,2,0,1,8902,25.4806
17251,27804,hierarchy_delta,2,0,0,12810,25.4799
17252,22735,hierarchy_delta,2,0,0,7741,25.4759
17253,33477,hierarchy_delta,2,0,0,18483,25.4725
17254,25796,hierarchy_delta,2,0,0,10802,25.4673
17255,29648,hierarchy_delta,2,0,0,14654,25.4578
17256,42618,hierarchy_delta,2,0,1,12630,25.4535
17257,34961,hierarchy_delta,2,0,0,19967,25.4493
17258,40989,hierarchy_delta,2,0,1,11001,25.4419
17259,42011,hierarchy_delta,2,0,1,12023,25.4218
17260,39306,hierarchy_delta,2,0,1,9318,25.4208
17261,27663,hierarchy_delta,2,0,0,12669,25.4177
17262,29186,hierarchy_delta,2,0,0,14192,25.4123
17263,29043,hierarchy_delta,2,0,0,14049,25.4095
17264,41000,hierarchy_delta,2,0,1,11012,25.4085
17265,22136,hierarchy_delta,2,0,0,7142,25.4004
17266,40167,hierarchy_delta,2,0,1,10179,25.3996
17267,29924,hierarchy_delta,2,0,0,14930,25.3975
17268,28328,hierarchy_delta,2,0,0,13334,25.3936
17269,30906,hierarchy_delta,2,0,0,15912,25.3917
17270,27683,hierarchy_delta,2,0,0,12689,25.3884
17271,40644,hierarchy_delta,2,0,1,10656,25.3874
17272,41238,hierarchy_delta,2,0,1,11250,25.3817
17273,23683,hierarchy_delta,2,0,0,8689,25.378
17274,34529,hierarchy_delta,2,0,0,19535,25.3725
17275,45751,hierarchy_delta,2,0,1,15763,25.3713
17276,42617,hierarchy_delta,2,0,1,12629,25.3707
17277,30336,hierarchy_delta,2,0,0,15342,25.3663
17278,39733,hierarchy_delta,2,0,1,9745,25.3657
17279,45831,hierarchy_delta,2,0,1,15843,25.3636
17280,22193,hierarchy_delta,2,0,0,7199,25.3631
17281,49466,hierarchy_delta,2,0,1,19478,25.3586
17282,22718,hierarchy_delta,2,0,0,7724,25.3575
17283,45746,hierarchy_delta,2,0,1,15758,25.3544
17284,36950,hierarchy_delta,2,0,1,6962,25.3495
17285,29647,hierarchy_delta,2,0,0,14653,25.3485
17286,36813,hierarchy_delta,2,0,1,6825,25.3423
17287,22740,hierarchy_delta,2,0,0,7746,25.3404
17288,29114,hierarchy_delta,2,0,0,14120,25.3355
17289,38686,hierarchy_delta,2,0,1,8698,25.3258
17290,28963,hierarchy_delta,2,0,0,13969,25.3255
17291,29784,hierarchy_delta,2,0,0,14790,25.3195
17292,30799,hierarchy_delta,2,0,0,15805,25.3173
17293,29755,hierarchy_delta,2,0,0,14761,25.3171
17294,28353,hierarchy_delta,2,0,0,13359,25.3157
17295,24810,hierarchy_delta,2,0,0,9816,25.314
17296,27789,hierarchy_delta,2,0,0,12795,25.3129
17297,27059,hierarchy_delta,2,0,0,12065,25.3118
17298,21471,hierarchy_delta,2,0,0,6477,25.3084
17299,20782,hierarchy_delta,2,0,0,5788,25.3078
17300,43927,hierarchy_delta,2,0,1,13939,25.2986
17301,40634,hierarchy_delta,2,0,1,10646,25.2976
17302,25843,hierarchy_delta,2,0,0,10849,25.2934
17303,39264,hierarchy_delta,2,0,1,9276,25.2872
17304,33476,hierarchy_delta,2,0,0,18482,25.2836
17305,32088,hierarchy_delta,2,0,0,17094,25.2835
17306,23573,hierarchy_delta,2,0,0,8579,25.2748
17307,37547,hierarchy_delta,2,0,1,7559,25.2742
17308,24863,hierarchy_delta,2,0,0,9869,25.2653
17309,46870,hierarchy_delta,2,0,1,16882,25.2627
17310,28495,hierarchy_delta,2,0,0,13501,25.2624
17311,27621,hierarchy_delta,2,0,0,12627,25.2599
17312,38822,hierarchy_delta,2,0,1,8834,25.2567
17313,34996,hierarchy_delta,2,0,1,5008,25.2538
17314,45239,hierarchy_delta,2,0,1,15251,25.2509
17315,31431,hierarchy_delta,2,0,0,16437,25.2496
17316,25835,hierarchy_delta,2,0,0,10841,25.2491
17317,31706,hierarchy_delta,2,0,0,16712,25.2447
17318,30320,hierarchy_delta,2,0,0,15326,25.2446
17319,32714,hierarchy_delta,2,0,0,17720,25.2373
17320,42568,hierarchy_delta,2,0,1,12580,25.2363
17321,36970,hierarchy_delta,2,0,1,6982,25.2356
17322,29645,hierarchy_delta,2,0,0,14651,25.2337
17323,40604,hierarchy_delta,2,0,1,10616,25.2331
17324,29698,hierarchy_delta,2,0,0,14704,25.2327
17325,44515,hierarchy_delta,2,0,1,14527,25.2283
17326,44560,hierarchy_delta,2,0,1,14572,25.2249
17327,46374,hierarchy_delta,2,0,1,16386,25.2241
17328,37669,hierarchy_delta,2,0,1,7681,25.2236
17329,23899,hierarchy_delta,2,0,0,8905,25.2206
17330,24815,hierarchy_delta,2,0,0,9821,25.2199
17331,27162,hierarchy_delta,2,0,0,12168,25.2107
17332,35245,hierarchy_delta,2,0,1,5257,25.2089
17333,23985,hierarchy_delta,2,0,0,8991,25.2055
17334,42649,hierarchy_delta,2,0,1,12661,25.2046
17335,44005,hierarchy_delta,2,0,1,14017,25.1975
17336,27137,hierarchy_delta,2,0,0,12143,25.1963
17337,24688,hierarchy_delta,2,0,0,9694,25.1936
17338,30174,hierarchy_delta,2,0,0,15180,25.1871
17339,36701,hierarchy_delta,2,0,1,6713,25.1859
17340,29593,hierarchy_delta,2,0,0,14599,25.1847
17341,42817,hierarchy_delta,2,0,1,12829,25.1801
17342,21543,hierarchy_delta,2,0,0,6549,25.1784
17343,47567,hierarchy_delta,2,0,1,17579,25.1754
17344,44778,hierarchy_delta,2,0,1,14790,25.1736
17345,25544,hierarchy_delta,2,0,0,10550,25.1722
17346,22657,hierarchy_delta,2,0,0,7663,25.172
17347,28439,hierarchy_delta,2,0,0,13445,25.1676
17348,40701,hierarchy_delta,2,0,1,10713,25.1651
17349,35439,hierarchy_delta,2,0,1,5451,25.16
17350,40803,hierarchy_delta,2,0,1,10815,25.1551
17351,28321,hierarchy_delta,2,0,0,13327,25.154
17352,44071,hierarchy_delta,2,0,1,14083,25.1503
17353,45773,hierarchy_delta,2,0,1,15785,25.1478
17354,25831,hierarchy_delta,2,0,0,10837,25.1463
17355,22723,hierarchy_delta,2,0,0,7729,25.144
17356,44803,hierarchy_delta,2,0,1,14815,25.1411
17357,28290,hierarchy_delta,2,0,0,13296,25.1379
17358,45763,hierarchy_delta,2,0,1,15775,25.1357
17359,43448,hierarchy_delta,2,0,1,13460,25.1328
17360,32865,hierarchy_delta,2,0,0,17871,25.1271
17361,29733,hierarchy_delta,2,0,0,14739,25.1254
17362,32767,hierarchy_delta,2,0,0,17773,25.1201
17363,44335,hierarchy_delta,2,0,1,14347,25.1178
17364,23892,hierarchy_delta,2,0,0,8898,25.1149
17365,28355,hierarchy_delta,2,0,0,13361,25.1
17366,27889,hierarchy_delta,2,0,0,12895,25.0984
17367,36280,hierarchy_delta,2,0,1,6292,25.0957
17368,30541,hierarchy_delta,2,0,0,15547,25.095
17369,26963,hierarchy_delta,2,0,0,11969,25.0948
17370,38602,hierarchy_delta,2,0,1,8614,25.0877
17371,34157,hierarchy_delta,2,0,0,19163,25.087
17372,29063,hierarchy_delta,2,0,0,14069,25.0861
17373,41948,hierarchy_delta,2,0,1,11960,25.086
17374,41544,hierarchy_delta,2,0,1,11556,25.0829
17375,48817,hierarchy_delta,2,0,1,18829,25.0828
17376,29026,hierarchy_delta,2,0,0,14032,25.0718
17377,48767,hierarchy_delta,2,0,1,18779,25.0688
17378,38492,hierarchy_delta,2,0,1,8504,25.0632
17379,40188,hierarchy_delta,2,0,1,10200,25.0587
17380,36551,hierarchy_delta,2,0,1,6563,25.0547
17381,28385,hierarchy_delta,2,0,0,13391,25.0478
17382,36822,hierarchy_delta,2,0,1,6834,25.0434
17383,30825,hierarchy_delta,2,0,0,15831,25.0392
17384,26356,hierarchy_delta,2,0,0,11362,25.0383
17385,27178,hierarchy_delta,2,0,0,12184,25.0371
17386,40526,hierarchy_delta,2,0,1,10538,25.0308
17387,25166,hierarchy_delta,2,0,0,10172,25.0304
17388,34962,hierarchy_delta,2,0,0,19968,25.0287
17389,46534,hierarchy_delta,2,0,1,16546,25.0283
17390,30318,hierarchy_delta,2,0,0,15324,25.026
17391,25330,hierarchy_delta,2,0,0,10336,25.0256
17392,45867,hierarchy_delta,2,0,1,15879,25.0151
17393,45764,hierarchy_delta,2,0,1,15776,25.0146
17394,23450,hierarchy_delta,2,0,0,8456,25.0135
17395,39895,hierarchy_delta,2,0,1,9907,25.0121
17396,31703,hierarchy_delta,2,0,0,16709,25.0099
17397,30273,hierarchy_delta,2,0,0,15279,25.0093
17398,23881,hierarchy_delta,2,0,0,8887,25.0066
17399,45181,hierarchy_delta,2,0,1,15193,25.0037
17400,29218,hierarchy_delta,2,0,0,14224,24.9966
17401,27776,hierarchy_delta,2,0,0,12782,24.9959
17402,38484,hierarchy_delta,2,0,1,8496,24.9946
17403,34312,hierarchy_delta,2,0,0,19318,24.9874
17404,49349,hierarchy_delta,2,0,1,19361,24.9868
17405,30872,hierarchy_delta,2,0,0,15878,24.9865
17406,38809,hierarchy_delta,2,0,1,8821,24.9844
17407,24119,hierarchy_delta,2,0,0,9125,24.9782
17408,47253,hierarchy_delta,2,0,1,17265,24.9753
17409,26890,hierarchy_delta,2,0,0,11896,24.9715
17410,24941,hierarchy_delta,2,0,0,9947,24.9647
17411,29651,hierarchy_delta,2,0,0,14657,24.9613
17412,22743,hierarchy_delta,2,0,0,7749,24.9597
17413,42136,hierarchy_delta,2,0,1,12148,24.9553
17414,49942,hierarchy_delta,2,0,1,19954,24.9548
17415,42052,hierarchy_delta,2,0,1,12064,24.9539
17416,39843,hierarchy_delta,2,0,1,9855,24.9444
17417,29627,hierarchy_delta,2,0,0,14633,24.9398
17418,26347,hierarchy_delta,2,0,0,11353,24.934
17419,42537,hierarchy_delta,2,0,1,12549,24.9336
17420,31109,hierarchy_delta,2,0,0,16115,24.9307
17421,28368,hierarchy_delta,2,0,0,13374,24.9297
17422,28323,hierarchy_delta,2,0,0,13329,24.9282
17423,36423,hierarchy_delta,2,0,1,6435,24.9258
17424,41233,hierarchy_delta,2,0,1,11245,24.9241
17425,34167,hierarchy_delta,2,0,0,19173,24.9234
17426,33009,hierarchy_delta,2,0,0,18015,24.9231
17427,21468,hierarchy_delta,2,0,0,6474,24.923
17428,29591,hierarchy_delta,2,0,0,14597,24.9228
17429,42215,hierarchy_delta,2,0,1,12227,24.9188
17430,37978,hierarchy_delta,2,0,1,7990,24.9177
17431,28318,hierarchy_delta,2,0,0,13324,24.9176
17432,28576,hierarchy_delta,2,0,0,13582,24.9105
17433,39041,hierarchy_delta,2,0,1,9053,24.9094
17434,42709,hierarchy_delta,2,0,1,12721,24.9091
17435,40994,hierarchy_delta,2,0,1,11006,24.9082
17436,28033,hierarchy_delta,2,0,0,13039,24.9051
17437,38882,hierarchy_delta,2,0,1,8894,24.8982
17438,26987,hierarchy_delta,2,0,0,11993,24.8944
17439,30199,hierarchy_delta,2,0,0,15205,24.8933
17440,25878,hierarchy_delta,2,0,0,10884,24.8885
17441,40579,hierarchy_delta,2,0,1,10591,24.8857
17442,33589,hierarchy_delta,2,0,0,18595,24.8829
17443,43356,hierarchy_delta,2,0,1,13368,24.8788
17444,37593,hierarchy_delta,2,0,1,7605,24.8664
17445,47637,hierarchy_delta,2,0,1,17649,24.8612
17446,33948,hierarchy_delta,2,0,0,18954,24.8581
17447,25157,hierarchy_delta,2,0,0,10163,24.8576
17448,22282,hierarchy_delta,2,0,0,7288,24.8571
17449,26984,hierarchy_delta,2,0,0,11990,24.8536
17450,29767,hierarchy_delta,2,0,0,14773,24.8485
17451,21357,hierarchy_delta,2,0,0,6363,24.8448
17452,40528,hierarchy_delta,2,0,1,10540,24.8379
17453,39861,hierarchy_delta,2,0,1,9873,24.8281
17454,26004,hierarchy_delta,2,0,0,11010,24.8263
17455,27628,hierarchy_delta,2,0,0,12634,24.8238
17456,46372,hierarchy_delta,2,0,1,16384,24.8144
17457,25081,hierarchy_delta,2,0,0,10087,24.813
17458,21590,hierarchy_delta,2,0,0,6596,24.8086
17459,30186,hierarchy_delta,2,0,0,15192,24.7913
17460,21611,hierarchy_delta,2,0,0,6617,24.7894
17461,26518,hierarchy_delta,2,0,0,11524,24.7846
17462,29792,hierarchy_delta,2,0,0,14798,24.7845
17463,28317,hierarchy_delta,2,0,0,13323,24.7829
17464,47274,hierarchy_delta,2,0,1,17286,24.7801
17465,47152,hierarchy_delta,2,0,1,17164,24.7796
17466,30118,hierarchy_delta,2,0,0,15124,24.7793
17467,45937,hierarchy_delta,2,0,1,15949,24.7767
17468,26361,hierarchy_delta,2,0,0,11367,24.7766
17469,24706,hierarchy_delta,2,0,0,9712,24.7733
17470,25161,hierarchy_delta,2,0,0,10167,24.7671
17471,44136,hierarchy_delta,2,0,1,14148,24.7635
17472,28209,hierarchy_delta,2,0,0,13215,24.7621
17473,38631,hierarchy_delta,2,0,1,8643,24.7597
17474,37335,hierarchy_delta,2,0,1,7347,24.7525
17475,38146,hierarchy_delta,2,0,1,8158,24.7379
17476,34986,hierarchy_delta,2,0,1,4998,24.7369
17477,32773,hierarchy_delta,2,0,0,17779,24.7362
17478,24703,hierarchy_delta,2,0,0,9709,24.7324
17479,26861,hierarchy_delta,2,0,0,11867,24.7256
17480,23691,hierarchy_delta,2,0,0,8697,24.7206
17481,35369,hierarchy_delta,2,0,1,5381,24.7194
17482,46413,hierarchy_delta,2,0,1,16425,24.7157
17483,38265,hierarchy_delta,2,0,1,8277,24.7125
17484,41494,hierarchy_delta,2,0,1,11506,24.7107
17485,40699,hierarchy_delta,2,0,1,10711,24.7093
17486,40984,hierarchy_delta,2,0,1,10996,24.7032
17487,22710,hierarchy_delta,2,0,0,7716,24.695
17488,39021,hierarchy_delta,2,0,1,9033,24.6905
17489,38971,hierarchy_delta,2,0,1,8983,24.6901
17490,26962,hierarchy_delta,2,0,0,11968,24.6884
17491,49412,hierarchy_delta,2,0,1,19424,24.6866
17492,23401,hierarchy_delta,2,0,0,8407,24.6836
17493,34027,hierarchy_delta,2,0,0,19033,24.6789
17494,31914,hierarchy_delta,2,0,0,16920,24.6787
17495,26503,hierarchy_delta,2,0,0,11509,24.6721
17496,25687,hierarchy_delta,2,0,0,10693,24.6673
17497,20473,hierarchy_delta,2,0,0,5479,24.6646
17498,37484,hierarchy_delta,2,0,1,7496,24.6616
17499,24963,hierarchy_delta,2,0,0,9969,24.657
17500,42440,hierarchy_delta,2,0,1,12452,24.6528
17501,34543,hierarchy_delta,2,0,0,19549,24.6462
17502,26461,hierarchy_delta,2,0,0,11467,24.646
17503,27048,hierarchy_delta,2,0,0,12054,24.6434
17504,39866,hierarchy_delta,2,0,1,9878,24.6383
17505,35843,hierarchy_delta,2,0,1,5855,24.6323
17506,43379,hierarchy_delta,2,0,1,13391,24.6286
17507,42539,hierarchy_delta,2,0,1,12551,24.6282
17508,49424,hierarchy_delta,2,0,1,19436,24.6277
17509,24807,hierarchy_delta,2,0,0,9813,24.6218
17510,32770,hierarchy_delta,2,0,0,17776,24.6188
17511,48441,hierarchy_delta,2,0,1,18453,24.6171
17512,23915,hierarchy_delta,2,0,0,8921,24.617
17513,28411,hierarchy_delta,2,0,0,13417,24.6147
17514,29781,hierarchy_delta,2,0,0,14787,24.6135
17515,38562,hierarchy_delta,2,0,1,8574,24.6084
17516,39083,hierarchy_delta,2,0,1,9095,24.6005
17517,23998,hierarchy_delta,2,0,0,9004,24.5964
17518,43976,hierarchy_delta,2,0,1,13988,24.594
17519,22144,hierarchy_delta,2,0,0,7150,24.5884
17520,38866,hierarchy_delta,2,0,1,8878,24.5878
17521,40130,hierarchy_delta,2,0,1,10142,24.5847
17522,41269,hierarchy_delta,2,0,1,11281,24.5789
17523,36826,hierarchy_delta,2,0,1,6838,24.5785
17524,40133,hierarchy_delta,2,0,1,10145,24.5763
17525,32857,hierarchy_delta,2,0,0,17863,24.5747
17526,32687,hierarchy_delta,2,0,0,17693,24.5698
17527,38791,hierarchy_delta,2,0,1,8803,24.5669
17528,46532,hierarchy_delta,2,0,1,16544,24.5639
17529,25684,hierarchy_delta,2,0,0,10690,24.5568
17530,21391,hierarchy_delta,2,0,0,6397,24.5532
17531,41228,hierarchy_delta,2,0,1,11240,24.5468
17532,27799,hierarchy_delta,2,0,0,12805,24.5415
17533,28395,hierarchy_delta,2,0,0,13401,24.5402
17534,49036,hierarchy_delta,2,0,1,19048,24.5393
17535,38220,hierarchy_delta,2,0,1,8232,24.539
17536,34396,hierarchy_delta,2,0,0,19402,24.5351
17537,43895,hierarchy_delta,2,0,1,13907,24.5311
17538,39989,hierarchy_delta,2,0,1,10001,24.5291
17539,27181,hierarchy_delta,2,0,0,12187,24.5288
17540,42898,hierarchy_delta,2,0,1,12910,24.5238
17541,39500,hierarchy_delta,2,0,1,9512,24.5216
17542,23560,hierarchy_delta,2,0,0,8566,24.5169
17543,33945,hierarchy_delta,2,0,0,18951,24.5168
17544,27884,hierarchy_delta,2,0,0,12890,24.5162
17545,46298,hierarchy_delta,2,0,1,16310,24.5134
17546,43673,hierarchy_delta,2,0,1,13685,24.5075
17547,43882,hierarchy_delta,2,0,1,13894,24.5072
17548,23891,hierarchy_delta,2,0,0,8897,24.5052
17549,25118,hierarchy_delta,2,0,0,10124,24.4996
17550,49970,hierarchy_delta,2,0,1,19982,24.4917
17551,31099,hierarchy_delta,2,0,0,16105,24.4886
17552,48711,hierarchy_delta,2,0,1,18723,24.4861
17553,38712,hierarchy_delta,2,0,1,8724,24.4823
17554,22736,hierarchy_delta,2,0,0,7742,24.4809
17555,47111,hierarchy_delta,2,0,1,17123,24.4804
17556,21600,hierarchy_delta,2,0,0,6606,24.4777
17557,38230,hierarchy_delta,2,0,1,8242,24.4775
17558,34541,hierarchy_delta,2,0,0,19547,24.4767
17559,29797,hierarchy_delta,2,0,0,14803,24.4749
17560,38937,hierarchy_delta,2,0,1,8949,24.4711
17561,36052,hierarchy_delta,2,0,1,6064,24.465
17562,23680,hierarchy_delta,2,0,0,8686,24.4648
17563,27100,hierarchy_delta,2,0,0,12106,24.4592
17564,44673,hierarchy_delta,2,0,1,14685,24.4591
17565,28526,hierarchy_delta,2,0,0,13532,24.4589
17566,25209,hierarchy_delta,2,0,0,10215,24.4588
17567,22803,hierarchy_delta,2,0,0,7809,24.4563
17568,29646,hierarchy_delta,2,0,0,14652,24.4538
17569,32233,hierarchy_delta,2,0,0,17239,24.4516
17570,35489,hierarchy_delta,2,0,1,5501,24.4486
17571,39960,hierarchy_delta,2,0,1,9972,24.445
17572,34933,hierarchy_delta,2,0,0,19939,24.4426
17573,37840,hierarchy_delta,2,0,1,7852,24.4397
17574,30528,hierarchy_delta,2,0,0,15534,24.435
17575,31540,hierarchy_delta,2,0,0,16546,24.4329
17576,44220,hierarchy_delta,2,0,1,14232,24.4312
17577,39678,hierarchy_delta,2,0,1,9690,24.4296
17578,27189,hierarchy_delta,2,0,0,12195,24.4287
17579,22620,hierarchy_delta,2,0,0,7626,24.4258
17580,40122,hierarchy_delta,2,0,1,10134,24.4241
17581,28293,hierarchy_delta,2,0,0,13299,24.42
17582,29492,hierarchy_delta,2,0,0,14498,24.4104
17583,29371,hierarchy_delta,2,0,0,14377,24.4096
17584,25631,hierarchy_delta,2,0,0,10637,24.4051
17585,35610,hierarchy_delta,2,0,1,5622,24.4032
17586,26983,hierarchy_delta,2,0,0,11989,24.4017
17587,40872,hierarchy_delta,2,0,1,10884,24.4012
17588,40557,hierarchy_delta,2,0,1,10569,24.4009
17589,24866,hierarchy_delta,2,0,0,9872,24.395
17590,34710,hierarchy_delta,2,0,0,19716,24.3878
17591,39699,hierarchy_delta,2,0,1,9711,24.3831
17592,26864,hierarchy_delta,2,0,0,11870,24.3804
17593,27043,hierarchy_delta,2,0,0,12049,24.3789
17594,24668,hierarchy_delta,2,0,0,9674,24.3786
17595,44196,hierarchy_delta,2,0,1,14208,24.3711
17596,23693,hierarchy_delta,2,0,0,8699,24.3705
17597,25673,hierarchy_delta,2,0,0,10679,24.3705
17598,28962,hierarchy_delta,2,0,0,13968,24.3625
17599,28443,hierarchy_delta,2,0,0,13449,24.3624
17600,49870,hierarchy_delta,2,0,1,19882,24.3591
17601,21461,hierarchy_delta,2,0,0,6467,24.3576
17602,29919,hierarchy_delta,2,0,0,14925,24.3497
17603,26302,hierarchy_delta,2,0,0,11308,24.3485
17604,36305,hierarchy_delta,2,0,1,6317,24.3483
17605,36494,hierarchy_delta,2,0,1,6506,24.3477
17606,47265,hierarchy_delta,2,0,1,17277,24.3466
17607,29724,hierarchy_delta,2,0,0,14730,24.3453
17608,28437,hierarchy_delta,2,0,0,13443,24.3412
17609,41099,hierarchy_delta,2,0,1,11111,24.335
17610,25165,hierarchy_delta,2,0,0,10171,24.3345
17611,45267,hierarchy_delta,2,0,1,15279,24.3342
17612,39282,hierarchy_delta,2,0,1,9294,24.3325
17613,44762,hierarchy_delta,2,0,1,14774,24.3275
17614,25754,hierarchy_delta,2,0,0,10760,24.3267
17615,35785,hierarchy_delta,2,0,1,5797,24.3263
17616,26470,hierarchy_delta,2,0,0,11476,24.3234
17617,22184,hierarchy_delta,2,0,0,7190,24.3206
17618,24812,hierarchy_delta,2,0,0,9818,24.3183
17619,44789,hierarchy_delta,2,0,1,14801,24.3178
17620,40903,hierarchy_delta,2,0,1,10915,24.3164
17621,31461,hierarchy_delta,2,0,0,16467,24.3124
17622,27026,hierarchy_delta,2,0,0,12032,24.3101
17623,40319,hierarchy_delta,2,0,1,10331,24.3082
17624,42199,hierarchy_delta,2,0,1,12211,24.3059
17625,30173,hierarchy_delta,2,0,0,15179,24.3001
17626,22652,hierarchy_delta,2,0,0,7658,24.2956
17627,38986,hierarchy_delta,2,0,1,8998,24.2946
17628,45844,hierarchy_delta,2,0,1,15856,24.2857
17629,22293,hierarchy_delta,2,0,0,7299,24.2826
17630,36141,hierarchy_delta,2,0,1,6153,24.2777
17631,49603,hierarchy_delta,2,0,1,19615,24.2716
17632,33831,hierarchy_delta,2,0,0,18837,24.2707
17633,30242,hierarchy_delta,2,0,0,15248,24.2671
17634,28377,hierarchy_delta,2,0,0,13383,24.2636
17635,34184,hierarchy_delta,2,0,0,19190,24.258
17636,30839,hierarchy_delta,2,0,0,15845,24.2545
17637,29808,hierarchy_delta,2,0,0,14814,24.2492
17638,26305,hierarchy_delta,2,0,0,11311,24.2447
17639,22806,hierarchy_delta,2,0,0,7812,24.2429
17640,27140,hierarchy_delta,2,0,0,12146,24.2407
17641,44587,hierarchy_delta,2,0,1,14599,24.2397
17642,27859,hierarchy_delta,2,0,0,12865,24.2389
17643,46938,hierarchy_delta,2,0,1,16950,24.2292
17644,21379,hierarchy_delta,2,0,0,6385,24.2278
17645,40335,hierarchy_delta,2,0,1,10347,24.2258
17646,40203,hierarchy_delta,2,0,1,10215,24.2247
17647,29056,hierarchy_delta,2,0,0,14062,24.2242
17648,25691,hierarchy_delta,2,0,0,10697,24.2227
17649,41981,hierarchy_delta,2,0,1,11993,24.2212
17650,37233,hierarchy_delta,2,0,1,7245,24.221
17651,36489,hierarchy_delta,2,0,1,6501,24.2203
17652,39479,hierarchy_delta,2,0,1,9491,24.2197
17653,20515,hierarchy_delta,2,0,0,5521,24.2134
17654,37453,hierarchy_delta,2,0,1,7465,24.208
17655,22801,hierarchy_delta,2,0,0,7807,24.2055
17656,44890,hierarchy_delta,2,0,1,14902,24.2011
17657,30770,hierarchy_delta,2,0,0,15776,24.1999
17658,49223,hierarchy_delta,2,0,1,19235,24.1992
17659,31535,hierarchy_delta,2,0,0,16541,24.1939
17660,33131,hierarchy_delta,2,0,0,18137,24.1842
17661,41002,hierarchy_delta,2,0,1,11014,24.1835
17662,27090,hierarchy_delta,2,0,0,12096,24.1717
17663,20761,hierarchy_delta,2,0,0,5767,24.1706
17664,28363,hierarchy_delta,2,0,0,13369,24.1697
17665,33396,hierarchy_delta,2,0,0,18402,24.1656
17666,43011,hierarchy_delta,2,0,1,13023,24.1638
17667,45178,hierarchy_delta,2,0,1,15190,24.1628
17668,38845,hierarchy_delta,2,0,1,8857,24.1592
17669,32186,hierarchy_delta,2,0,0,17192,24.1479
17670,31365,hierarchy_delta,2,0,0,16371,24.1474
17671,43508,hierarchy_delta,2,0,1,13520,24.1469
17672,34015,hierarchy_delta,2,0,0,19021,24.146
17673,42830,hierarchy_delta,2,0,1,12842,24.141
17674,49914,hierarchy_delta,2,0,1,19926,24.1324
17675,38877,hierarchy_delta,2,0,1,8889,24.1292
17676,27103,hierarchy_delta,2,0,0,12109,24.1256
17677,35258,hierarchy_delta,2,0,1,5270,24.1244
17678,37309,hierarchy_delta,2,0,1,7321,24.121
17679,22737,hierarchy_delta,2,0,0,7743,24.1207
17680,30373,hierarchy_delta,2,0,0,15379,24.1202
17681,33591,hierarchy_delta,2,0,0,18597,24.119
17682,30880,hierarchy_delta,2,0,0,15886,24.1187
17683,46397,hierarchy_delta,2,0,1,16409,24.1184
17684,40782,hierarchy_delta,2,0,1,10794,24.1158
17685,39838,hierarchy_delta,2,0,1,9850,24.1116
17686,29809,hierarchy_delta,2,0,0,14815,24.1032
17687,25202,hierarchy_delta,2,0,0,10208,24.1018
17688,28521,hierarchy_delta,2,0,0,13527,24.1017
17689,40717,hierarchy_delta,2,0,1,10729,24.1012
17690,33465,hierarchy_delta,2,0,0,18471,24.101
17691,44731,hierarchy_delta,2,0,1,14743,24.0999
17692,34907,hierarchy_delta,2,0,0,19913,24.0987
17693,37607,hierarchy_delta,2,0,1,7619,24.0935
17694,34427,hierarchy_delta,2,0,0,19433,24.0928
17695,33874,hierarchy_delta,2,0,0,18880,24.0869
17696,45804,hierarchy_delta,2,0,1,15816,24.0727
17697,38072,hierarchy_delta,2,0,1,8084,24.0726
17698,45168,hierarchy_delta,2,0,1,15180,24.0716
17699,32472,hierarchy_delta,2,0,0,17478,24.0672
17700,34044,hierarchy_delta,2,0,0,19050,24.0589
17701,37033,hierarchy_delta,2,0,1,7045,24.057
17702,27098,hierarchy_delta,2,0,0,12104,24.0552
17703,29514,hierarchy_delta,2,0,0,14520,24.0547
17704,25113,hierarchy_delta,2,0,0,10119,24.0525
17705,45180,hierarchy_delta,2,0,1,15192,24.0521
17706,28887,hierarchy_delta,2,0,0,13893,24.0495
17707,42324,hierarchy_delta,2,0,1,12336,24.0481
17708,31718,hierarchy_delta,2,0,0,16724,24.0479
17709,39911,hierarchy_delta,2,0,1,9923,24.0435
17710,47851,hierarchy_delta,2,0,1,17863,24.0396
17711,40547,hierarchy_delta,2,0,1,10559,24.0389
17712,29592,hierarchy_delta,2,0,0,14598,24.0388
17713,33837,hierarchy_delta,2,0,0,18843,24.0375
17714,38929,hierarchy_delta,2,0,1,8941,24.0368
17715,36945,hierarchy_delta,2,0,1,6957,24.0328
17716,27019,hierarchy_delta,2,0,0,12025,24.0247
17717,44668,hierarchy_delta,2,0,1,14680,24.0236
17718,25696,hierarchy_delta,2,0,0,10702,24.0236
17719,26304,hierarchy_delta,2,0,0,11310,24.0221
17720,41290,hierarchy_delta,2,0,1,11302,24.0153
17721,48751,hierarchy_delta,2,0,1,18763,24.0129
17722,31351,hierarchy_delta,2,0,0,16357,24.0033
17723,24704,hierarchy_delta,2,0,0,9710,24.0031
17724,41359,hierarchy_delta,2,0,1,11371,24.0021
17725,20467,hierarchy_delta,2,0,0,5473,23.9979
17726,23984,hierarchy_delta,2,0,0,8990,23.9975
17727,40741,hierarchy_delta,2,0,1,10753,23.9936
17728,47850,hierarchy_delta,2,0,1,17862,23.9935
17729,48274,hierarchy_delta,2,0,1,18286,23.9932
17730,27715,hierarchy_delta,2,0,0,12721,23.9909
17731,39319,hierarchy_delta,2,0,1,9331,23.9891
17732,38920,hierarchy_delta,2,0,1,8932,23.9869
17733,43021,hierarchy_delta,2,0,1,13033,23.9854
17734,28740,hierarchy_delta,2,0,0,13746,23.9837
17735,42746,hierarchy_delta,2,0,1,12758,23.9811
17736,40126,hierarchy_delta,2,0,1,10138,23.9721
17737,37599,hierarchy_delta,2,0,1,7611,23.9639
17738,49361,hierarchy_delta,2,0,1,19373,23.9625
17739,26493,hierarchy_delta,2,0,0,11499,23.9578
17740,29730,hierarchy_delta,2,0,0,14736,23.9541
17741,28484,hierarchy_delta,2,0,0,13490,23.9524
17742,39332,hierarchy_delta,2,0,1,9344,23.9486
17743,39875,hierarchy_delta,2,0,1,9887,23.9486
17744,28571,hierarchy_delta,2,0,0,13577,23.9484
17745,40816,hierarchy_delta,2,0,1,10828,23.9436
17746,33575,hierarchy_delta,2,0,0,18581,23.9411
17747,32300,hierarchy_delta,2,0,0,17306,23.9406
17748,46922,hierarchy_delta,2,0,1,16934,23.9365
17749,40115,hierarchy_delta,2,0,1,10127,23.9303
17750,21365,hierarchy_delta,2,0,0,6371,23.924
17751,25618,hierarchy_delta,2,0,0,10624,23.9232
17752,27221,hierarchy_delta,2,0,0,12227,23.9211
17753,21460,hierarchy_delta,2,0,0,6466,23.9135
17754,31397,hierarchy_delta,2,0,0,16403,23.9107
17755,26303,hierarchy_delta,2,0,0,11309,23.9087
17756,34905,hierarchy_delta,2,0,0,19911,23.9083
17757,38010,hierarchy_delta,2,0,1,8022,23.9066
17758,29689,hierarchy_delta,2,0,0,14695,23.9034
17759,22274,hierarchy_delta,2,0,0,7280,23.8973
17760,42058,hierarchy_delta,2,0,1,12070,23.8918
17761,41413,hierarchy_delta,2,0,1,11425,23.8899
17762,36958,hierarchy_delta,2,0,1,6970,23.8897
17763,43393,hierarchy_delta,2,0,1,13405,23.8878
17764,35117,hierarchy_delta,2,0,1,5129,23.8873
17765,37818,hierarchy_delta,2,0,1,7830,23.8845
17766,25788,hierarchy_delta,2,0,0,10794,23.8824
17767,46330,hierarchy_delta,2,0,1,16342,23.8722
17768,24074,hierarchy_delta,2,0,0,9080,23.8707
17769,24946,hierarchy_delta,2,0,0,9952,23.8683
17770,25116,hierarchy_delta,2,0,0,10122,23.8665
17771,36724,hierarchy_delta,2,0,1,6736,23.8654
17772,40555,hierarchy_delta,2,0,1,10567,23.8622
17773,25168,hierarchy_delta,2,0,0,10174,23.8614
17774,22798,hierarchy_delta,2,0,0,7804,23.8591
17775,33754,hierarchy_delta,2,0,0,18760,23.8548
17776,45315,hierarchy_delta,2,0,1,15327,23.8528
17777,42660,hierarchy_delta,2,0,1,12672,23.8498
17778,32485,hierarchy_delta,2,0,0,17491,23.845
17779,22644,hierarchy_delta,2,0,0,7650,23.834
17780,46440,hierarchy_delta,2,0,1,16452,23.8254
17781,29152,hierarchy_delta,2,0,0,14158,23.8239
17782,28414,hierarchy_delta,2,0,0,13420,23.8199
17783,23430,hierarchy_delta,2,0,0,8436,23.8177
17784,26009,hierarchy_delta,2,0,0,11015,23.8138
17785,30793,hierarchy_delta,2,0,0,15799,23.8093
17786,30728,hierarchy_delta,2,0,0,15734,23.8029
17787,47652,hierarchy_delta,2,0,1,17664,23.7989
17788,40180,hierarchy_delta,2,0,1,10192,23.7947
17789,28382,hierarchy_delta,2,0,0,13388,23.7919
17790,25637,hierarchy_delta,2,0,0,10643,23.7897
17791,24811,hierarchy_delta,2,0,0,9817,23.7874
17792,43529,hierarchy_delta,2,0,1,13541,23.7824
17793,36971,hierarchy_delta,2,0,1,6983,23.7807
17794,32285,hierarchy_delta,2,0,0,17291,23.7794
17795,41872,hierarchy_delta,2,0,1,11884,23.7752
17796,31525,hierarchy_delta,2,0,0,16531,23.7731
17797,36373,hierarchy_delta,2,0,1,6385,23.7697
17798,25792,hierarchy_delta,2,0,0,10798,23.7642
17799,38628,hierarchy_delta,2,0,1,8640,23.7634
17800,30184,hierarchy_delta,2,0,0,15190,23.7623
17801,47710,hierarchy_delta,2,0,1,17722,23.7594
17802,41343,hierarchy_delta,2,0,1,11355,23.754
17803,23667,hierarchy_delta,2,0,0,8673,23.7485
17804,23586,hierarchy_delta,2,0,0,8592,23.7441
17805,37299,hierarchy_delta,2,0,1,7311,23.7373
17806,26952,hierarchy_delta,2,0,0,11958,23.737
17807,43499,hierarchy_delta,2,0,1,13511,23.729
17808,31480,hierarchy_delta,2,0,0,16486,23.726
17809,38421,hierarchy_delta,2,0,1,8433,23.7242
17810,39869,hierarchy_delta,2,0,1,9881,23.7233
17811,32606,hierarchy_delta,2,0,0,17612,23.723
17812,47835,hierarchy_delta,2,0,1,17847,23.7126
17813,47241,hierarchy_delta,2,0,1,17253,23.7065
17814,26346,hierarchy_delta,2,0,0,11352,23.7055
17815,24804,hierarchy_delta,2,0,0,9810,23.7031
17816,27814,hierarchy_delta,2,0,0,12820,23.7003
17817,39060,hierarchy_delta,2,0,1,9072,23.6962
17818,34538,hierarchy_delta,2,0,0,19544,23.6955
17819,48116,hierarchy_delta,2,0,1,18128,23.6945
17820,24932,hierarchy_delta,2,0,0,9938,23.6931
17821,39675,hierarchy_delta,2,0,1,9687,23.6863
17822,38280,hierarchy_delta,2,0,1,8292,23.6844
17823,24078,hierarchy_delta,2,0,0,9084,23.6805
17824,27061,hierarchy_delta,2,0,0,12067,23.6758
17825,27644,hierarchy_delta,2,0,0,12650,23.6739
17826,24972,hierarchy_delta,2,0,0,9978,23.6718
17827,30286,hierarchy_delta,2,0,0,15292,23.6681
17828,22738,hierarchy_delta,2,0,0,7744,23.6641
17829,27812,hierarchy_delta,2,0,0,12818,23.662
17830,28903,hierarchy_delta,2,0,0,13909,23.66
17831,29216,hierarchy_delta,2,0,0,14222,23.6495
17832,45911,hierarchy_delta,2,0,1,15923,23.6394
17833,28313,hierarchy_delta,2,0,0,13319,23.6373
17834,31679,hierarchy_delta,2,0,0,16685,23.637
17835,27135,hierarchy_delta,2,0,0,12141,23.6278
17836,27720,hierarchy_delta,2,0,0,12726,23.622
17837,42893,hierarchy_delta,2,0,1,12905,23.6192
17838,25794,hierarchy_delta,2,0,0,10800,23.6149
17839,49108,hierarchy_delta,2,0,1,19120,23.6126
17840,39109,hierarchy_delta,2,0,1,9121,23.6081
17841,28549,hierarchy_delta,2,0,0,13555,23.6074
17842,44125,hierarchy_delta,2,0,1,14137,23.6073
17843,43432,hierarchy_delta,2,0,1,13444,23.6045
17844,32119,hierarchy_delta,2,0,0,17125,23.5994
17845,38657,hierarchy_delta,2,0,1,8669,23.5892
17846,41220,hierarchy_delta,2,0,1,11232,23.5892
17847,22713,hierarchy_delta,2,0,0,7719,23.589
17848,46954,hierarchy_delta,2,0,1,16966,23.5871
17849,48170,hierarchy_delta,2,0,1,18182,23.5856
17850,42662,hierarchy_delta,2,0,1,12674,23.5758
17851,45707,hierarchy_delta,2,0,1,15719,23.5755
17852,45353,hierarchy_delta,2,0,1,15365,23.5754
17853,47848,hierarchy_delta,2,0,1,17860,23.5753
17854,41518,hierarchy_delta,2,0,1,11530,23.5753
17855,47563,hierarchy_delta,2,0,1,17575,23.5749
17856,24817,hierarchy_delta,2,0,0,9823,23.574
17857,31597,hierarchy_delta,2,0,0,16603,23.5737
17858,23574,hierarchy_delta,2,0,0,8580,23.5719
17859,37068,hierarchy_delta,2,0,1,7080,23.5706
17860,28912,hierarchy_delta,2,0,0,13918,23.5678
17861,28398,hierarchy_delta,2,0,0,13404,23.5658
17862,39036,hierarchy_delta,2,0,1,9048,23.5635
17863,25336,hierarchy_delta,2,0,0,10342,23.5627
17864,38482,hierarchy_delta,2,0,1,8494,23.5604
17865,27898,hierarchy_delta,2,0,0,12904,23.5599
17866,48749,hierarchy_delta,2,0,1,18761,23.5564
17867,28366,hierarchy_delta,2,0,0,13372,23.5557
17868,42249,hierarchy_delta,2,0,1,12261,23.5533
17869,40678,hierarchy_delta,2,0,1,10690,23.5493
17870,34070,hierarchy_delta,2,0,0,19076,23.5444
17871,31509,hierarchy_delta,2,0,0,16515,23.5438
17872,38571,hierarchy_delta,2,0,1,8583,23.5346
17873,37594,hierarchy_delta,2,0,1,7606,23.5338
17874,32801,hierarchy_delta,2,0,0,17807,23.528
17875,27767,hierarchy_delta,2,0,0,12773,23.5261
17876,26559,hierarchy_delta,2,0,0,11565,23.5258
17877,44152,hierarchy_delta,2,0,1,14164,23.5251
17878,45883,hierarchy_delta,2,0,1,15895,23.5058
17879,48236,hierarchy_delta,2,0,1,18248,23.5018
17880,23578,hierarchy_delta,2,0,0,8584,23.4977
17881,31469,hierarchy_delta,2,0,0,16475,23.4919
17882,25721,hierarchy_delta,2,0,0,10727,23.4894
17883,39858,hierarchy_delta,2,0,1,9870,23.4883
17884,23404,hierarchy_delta,2,0,0,8410,23.4851
17885,41388,hierarchy_delta,2,0,1,11400,23.4838
17886,41353,hierarchy_delta,2,0,1,11365,23.4828
17887,29174,hierarchy_delta,2,0,0,14180,23.4815
17888,32796,hierarchy_delta,2,0,0,17802,23.478
17889,34418,hierarchy_delta,2,0,0,19424,23.4756
17890,40762,hierarchy_delta,2,0,1,10774,23.4741
17891,42055,hierarchy_delta,2,0,1,12067,23.4728
17892,37580,hierarchy_delta,2,0,1,7592,23.4668
17893,24879,hierarchy_delta,2,0,0,9885,23.4651
17894,38235,hierarchy_delta,2,0,1,8247,23.459
17895,22715,hierarchy_delta,2,0,0,7721,23.4579
17896,27183,hierarchy_delta,2,0,0,12189,23.4552
17897,45906,hierarchy_delta,2,0,1,15918,23.4472
17898,45982,hierarchy_delta,2,0,1,15994,23.4469
17899,44602,hierarchy_delta,2,0,1,14614,23.4466
17900,30189,hierarchy_delta,2,0,0,15195,23.4464
17901,45536,hierarchy_delta,2,0,1,15548,23.4433
17902,28417,hierarchy_delta,2,0,0,13423,23.4424
17903,27126,hierarchy_delta,2,0,0,12132,23.4415
17904,48109,hierarchy_delta,2,0,1,18121,23.4381
17905,37141,hierarchy_delta,2,0,1,7153,23.4372
17906,41397,hierarchy_delta,2,0,1,11409,23.4343
17907,28469,hierarchy_delta,2,0,0,13475,23.4296
17908,29343,hierarchy_delta,2,0,0,14349,23.4274
17909,46370,hierarchy_delta,2,0,1,16382,23.4233
17910,31070,hierarchy_delta,2,0,0,16076,23.419
17911,22795,hierarchy_delta,2,0,0,7801,23.4154
17912,25076,hierarchy_delta,2,0,0,10082,23.4146
17913,28308,hierarchy_delta,2,0,0,13314,23.4137
17914,49346,hierarchy_delta,2,0,1,19358,23.4134
17915,45100,hierarchy_delta,2,0,1,15112,23.4124
17916,33987,hierarchy_delta,2,0,0,18993,23.4012
17917,47100,hierarchy_delta,2,0,1,17112,23.3996
17918,33947,hierarchy_delta,2,0,0,18953,23.3954
17919,22796,hierarchy_delta,2,0,0,7802,23.3943
17920,39834,hierarchy_delta,2,0,1,9846,23.3939
17921,49021,hierarchy_delta,2,0,1,19033,23.3927
17922,44225,hierarchy_delta,2,0,1,14237,23.3908
17923,22273,hierarchy_delta,2,0,0,7279,23.3814
17924,41319,hierarchy_delta,2,0,1,11331,23.3747
17925,49956,hierarchy_delta,2,0,1,19968,23.373
17926,33959,hierarchy_delta,2,0,0,18965,23.3705
17927,27118,hierarchy_delta,2,0,0,12124,23.3654
17928,49482,hierarchy_delta,2,0,1,19494,23.3603
17929,47845,hierarchy_delta,2,0,1,17857,23.3579
17930,36940,hierarchy_delta,2,0,1,6952,23.3566
17931,29673,hierarchy_delta,2,0,0,14679,23.3536
17932,41937,hierarchy_delta,2,0,1,11949,23.3527
17933,33123,hierarchy_delta,2,0,0,18129,23.3495
17934,24809,hierarchy_delta,2,0,0,9815,23.3449
17935,38607,hierarchy_delta,2,0,1,8619,23.3413
17936,33962,hierarchy_delta,2,0,0,18968,23.3331
17937,27773,hierarchy_delta,2,0,0,12779,23.3264
17938,29191,hierarchy_delta,2,0,0,14197,23.3213
17939,25125,hierarchy_delta,2,0,0,10131,23.3194
17940,38410,hierarchy_delta,2,0,1,8422,23.3169
17941,39981,hierarchy_delta,2,0,1,9993,23.3103
17942,40706,hierarchy_delta,2,0,1,10718,23.3086
17943,45540,hierarchy_delta,2,0,1,15552,23.3053
17944,21545,hierarchy_delta,2,0,0,6551,23.3037
17945,43880,hierarchy_delta,2,0,1,13892,23.3029
17946,45110,hierarchy_delta,2,0,1,15122,23.3007
17947,25156,hierarchy_delta,2,0,0,10162,23.2986
17948,48045,hierarchy_delta,2,0,1,18057,23.2975
17949,43343,hierarchy_delta,2,0,1,13355,23.285
17950,28445,hierarchy_delta,2,0,0,13451,23.2744
17951,39007,hierarchy_delta,2,0,1,9019,23.2733
17952,37766,hierarchy_delta,2,0,1,7778,23.271
17953,30800,hierarchy_delta,2,0,0,15806,23.2707
17954,40055,hierarchy_delta,2,0,1,10067,23.2685
17955,34413,hierarchy_delta,2,0,0,19419,23.261
17956,49915,hierarchy_delta,2,0,1,19927,23.2603
17957,42374,hierarchy_delta,2,0,1,12386,23.2602
17958,30187,hierarchy_delta,2,0,0,15193,23.2597
17959,40889,hierarchy_delta,2,0,1,10901,23.2572
17960,37518,hierarchy_delta,2,0,1,7530,23.2571
17961,34527,hierarchy_delta,2,0,0,19533,23.2549
17962,38966,hierarchy_delta,2,0,1,8978,23.2492
17963,26471,hierarchy_delta,2,0,0,11477,23.2445
17964,29922,hierarchy_delta,2,0,0,14928,23.2432
17965,21605,hierarchy_delta,2,0,0,6611,23.2335
17966,27115,hierarchy_delta,2,0,0,12121,23.2328
17967,27131,hierarchy_delta,2,0,0,12137,23.2322
17968,40301,hierarchy_delta,2,0,1,10313,23.2319
17969,21616,hierarchy_delta,2,0,0,6622,23.2318
17970,35272,hierarchy_delta,2,0,1,5284,23.2277
17971,35275,hierarchy_delta,2,0,1,5287,23.2277
17972,35277,hierarchy_delta,2,0,1,5289,23.2277
17973,35280,hierarchy_delta,2,0,1,5292,23.2277
17974,35285,hierarchy_delta,2,0,1,5297,23.2277
17975,35288,hierarchy_delta,2,0,1,5300,23.2277
17976,35290,hierarchy_delta,2,0,1,5302,23.2277
17977,35293,hierarchy_delta,2,0,1,5305,23.2277
17978,23579,hierarchy_delta,2,0,0,8585,23.2269
17979,36334,hierarchy_delta,2,0,1,6346,23.2244
17980,30258,hierarchy_delta,2,0,0,15264,23.2219
17981,39805,hierarchy_delta,2,0,1,9817,23.2206
17982,20472,hierarchy_delta,2,0,0,5478,23.2177
17983,47831,hierarchy_delta,2,0,1,17843,23.2119
17984,29181,hierarchy_delta,2,0,0,14187,23.2108
17985,23582,hierarchy_delta,2,0,0,8588,23.2077
17986,31362,hierarchy_delta,2,0,0,16368,23.2067
17987,42000,hierarchy_delta,2,0,1,12012,23.2016
17988,44744,hierarchy_delta,2,0,1,14756,23.2011
17989,48754,hierarchy_delta,2,0,1,18766,23.1991
17990,27668,hierarchy_delta,2,0,0,12674,23.198
17991,38869,hierarchy_delta,2,0,1,8881,23.1967
17992,38356,hierarchy_delta,2,0,1,8368,23.1943
17993,39788,hierarchy_delta,2,0,1,9800,23.1908
17994,33860,hierarchy_delta,2,0,0,18866,23.1858
17995,34417,hierarchy_delta,2,0,0,19423,23.1793
17996,39719,hierarchy_delta,2,0,1,9731,23.1762
17997,45704,hierarchy_delta,2,0,1,15716,23.1761
17998,27850,hierarchy_delta,2,0,0,12856,23.1732
17999,29194,hierarchy_delta,2,0,0,14200,23.1673
18000,47128,hierarchy_delta,2,0,1,17140,23.1652
18001,23587,hierarchy_delta,2,0,0,8593,23.1636
18002,36188,hierarchy_delta,2,0,1,6200,23.1594
18003,23575,hierarchy_delta,2,0,0,8581,23.1469
18004,42251,hierarchy_delta,2,0,1,12263,23.1392
18005,35707,hierarchy_delta,2,0,1,5719,23.1277
18006,21473,hierarchy_delta,2,0,0,6479,23.1218
18007,45344,hierarchy_delta,2,0,1,15356,23.1154
18008,43431,hierarchy_delta,2,0,1,13443,23.1102
18009,44010,hierarchy_delta,2,0,1,14022,23.1071
18010,39871,hierarchy_delta,2,0,1,9883,23.104
18011,34763,hierarchy_delta,2,0,0,19769,23.1029
18012,30758,hierarchy_delta,2,0,0,15764,23.1025
18013,43942,hierarchy_delta,2,0,1,13954,23.1018
18014,25170,hierarchy_delta,2,0,0,10176,23.1015
18015,28951,hierarchy_delta,2,0,0,13957,23.0972
18016,26451,hierarchy_delta,2,0,0,11457,23.0962
18017,23673,hierarchy_delta,2,0,0,8679,23.0869
18018,30182,hierarchy_delta,2,0,0,15188,23.0849
18019,22647,hierarchy_delta,2,0,0,7653,23.0823
18020,33943,hierarchy_delta,2,0,0,18949,23.0805
18021,44056,hierarchy_delta,2,0,1,14068,23.0802
18022,31890,hierarchy_delta,2,0,0,16896,23.0794
18023,37780,hierarchy_delta,2,0,1,7792,23.0794
18024,31719,hierarchy_delta,2,0,0,16725,23.0784
18025,27642,hierarchy_delta,2,0,0,12648,23.0783
18026,39269,hierarchy_delta,2,0,1,9281,23.0771
18027,44057,hierarchy_delta,2,0,1,14069,23.0739
18028,22619,hierarchy_delta,2,0,0,7625,23.0731
18029,29229,hierarchy_delta,2,0,0,14235,23.0721
18030,32812,hierarchy_delta,2,0,0,17818,23.0719
18031,30940,hierarchy_delta,2,0,0,15946,23.0709
18032,27039,hierarchy_delta,2,0,0,12045,23.0699
18033,25780,hierarchy_delta,2,0,0,10786,23.0675
18034,20460,hierarchy_delta,2,0,0,5466,23.0669
18035,26941,hierarchy_delta,2,0,0,11947,23.0653
18036,39817,hierarchy_delta,2,0,1,9829,23.0622
18037,28980,hierarchy_delta,2,0,0,13986,23.0602
18038,24955,hierarchy_delta,2,0,0,9961,23.0578
18039,34416,hierarchy_delta,2,0,0,19422,23.0575
18040,39800,hierarchy_delta,2,0,1,9812,23.0564
18041,47695,hierarchy_delta,2,0,1,17707,23.0537
18042,36374,hierarchy_delta,2,0,1,6386,23.0534
18043,23906,hierarchy_delta,2,0,0,8912,23.0517
18044,30931,hierarchy_delta,2,0,0,15937,23.0426
18045,24818,hierarchy_delta,2,0,0,9824,23.0401
18046,26508,hierarchy_delta,2,0,0,11514,23.0316
18047,42155,hierarchy_delta,2,0,1,12167,23.0291
18048,29742,hierarchy_delta,2,0,0,14748,23.0255
18049,41541,hierarchy_delta,2,0,1,11553,23.0247
18050,22628,hierarchy_delta,2,0,0,7634,23.0225
18051,29564,hierarchy_delta,2,0,0,14570,23.0195
18052,36818,hierarchy_delta,2,0,1,6830,23.0189
18053,48332,hierarchy_delta,2,0,1,18344,23.0179
18054,35345,hierarchy_delta,2,0,1,5357,23.0151
18055,39337,hierarchy_delta,2,0,1,9349,23.0108
18056,31695,hierarchy_delta,2,0,0,16701,23.0082
18057,24947,hierarchy_delta,2,0,0,9953,23.0048
18058,28515,hierarchy_delta,2,0,0,13521,22.9994
18059,36458,hierarchy_delta,2,0,1,6470,22.9966
18060,39714,hierarchy_delta,2,0,1,9726,22.9904
18061,48264,hierarchy_delta,2,0,1,18276,22.9881
18062,27062,hierarchy_delta,2,0,0,12068,22.9844
18063,47466,hierarchy_delta,2,0,1,17478,22.983
18064,26359,hierarchy_delta,2,0,0,11365,22.9811
18065,21371,hierarchy_delta,2,0,0,6377,22.9796
18066,39966,hierarchy_delta,2,0,1,9978,22.9726
18067,24655,hierarchy_delta,2,0,0,9661,22.97
18068,21488,hierarchy_delta,2,0,0,6494,22.9641
18069,25110,hierarchy_delta,2,0,0,10116,22.9622
18070,21396,hierarchy_delta,2,0,0,6402,22.9607
18071,27168,hierarchy_delta,2,0,0,12174,22.9603
18072,24874,hierarchy_delta,2,0,0,9880,22.957
18073,37492,hierarchy_delta,2,0,1,7504,22.9569
18074,41942,hierarchy_delta,2,0,1,11954,22.9568
18075,27702,hierarchy_delta,2,0,0,12708,22.956
18076,24124,hierarchy_delta,2,0,0,9130,22.9513
18077,29339,hierarchy_delta,2,0,0,14345,22.9468
18078,48235,hierarchy_delta,2,0,1,18247,22.9467
18079,35297,hierarchy_delta,2,0,1,5309,22.9437
18080,41554,hierarchy_delta,2,0,1,11566,22.9427
18081,30886,hierarchy_delta,2,0,0,15892,22.9417
18082,23678,hierarchy_delta,2,0,0,8684,22.9401
18083,25335,hierarchy_delta,2,0,0,10341,22.9387
18084,36696,hierarchy_delta,2,0,1,6708,22.9384
18085,42837,hierarchy_delta,2,0,1,12849,22.9372
18086,27138,hierarchy_delta,2,0,0,12144,22.933
18087,39976,hierarchy_delta,2,0,1,9988,22.9321
18088,26687,hierarchy_delta,2,0,0,11693,22.93
18089,25641,hierarchy_delta,2,0,0,10647,22.9296
18090,39995,hierarchy_delta,2,0,1,10007,22.9289
18091,24830,hierarchy_delta,2,0,0,9836,22.9278
18092,38915,hierarchy_delta,2,0,1,8927,22.9265
18093,43460,hierarchy_delta,2,0,1,13472,22.9212
18094,29038,hierarchy_delta,2,0,0,14044,22.9202
18095,28574,hierarchy_delta,2,0,0,13580,22.913
18096,30970,hierarchy_delta,2,0,0,15976,22.9127
18097,48209,hierarchy_delta,2,0,1,18221,22.9097
18098,43652,hierarchy_delta,2,0,1,13664,22.9078
18099,27029,hierarchy_delta,2,0,0,12035,22.9075
18100,26498,hierarchy_delta,2,0,0,11504,22.8997
18101,25119,hierarchy_delta,2,0,0,10125,22.8982
18102,39245,hierarchy_delta,2,0,1,9257,22.8975
18103,30533,hierarchy_delta,2,0,0,15539,22.8957
18104,49437,hierarchy_delta,2,0,1,19449,22.894
18105,41214,hierarchy_delta,2,0,1,11226,22.8927
18106,44573,hierarchy_delta,2,0,1,14585,22.892
18107,29576,hierarchy_delta,2,0,0,14582,22.892
18108,24857,hierarchy_delta,2,0,0,9863,22.8892
18109,39115,hierarchy_delta,2,0,1,9127,22.8861
18110,28316,hierarchy_delta,2,0,0,13322,22.8819
18111,47837,hierarchy_delta,2,0,1,17849,22.8818
18112,22808,hierarchy_delta,2,0,0,7814,22.8783
18113,41747,hierarchy_delta,2,0,1,11759,22.8778
18114,35806,hierarchy_delta,2,0,1,5818,22.8766
18115,23990,hierarchy_delta,2,0,0,8996,22.8754
18116,42882,hierarchy_delta,2,0,1,12894,22.8726
18117,32495,hierarchy_delta,2,0,0,17501,22.8725
18118,45962,hierarchy_delta,2,0,1,15974,22.8647
18119,27022,hierarchy_delta,2,0,0,12028,22.8601
18120,40224,hierarchy_delta,2,0,1,10236,22.8593
18121,41932,hierarchy_delta,2,0,1,11944,22.856
18122,38934,hierarchy_delta,2,0,1,8946,22.8536
18123,38939,hierarchy_delta,2,0,1,8951,22.8536
18124,33718,hierarchy_delta,2,0,0,18724,22.8524
18125,27739,hierarchy_delta,2,0,0,12745,22.8497
18126,39722,hierarchy_delta,2,0,1,9734,22.848
18127,26970,hierarchy_delta,2,0,0,11976,22.8466
18128,37970,hierarchy_delta,2,0,1,7982,22.8454
18129,40151,hierarchy_delta,2,0,1,10163,22.8441
18130,26454,hierarchy_delta,2,0,0,11460,22.8397
18131,28991,hierarchy_delta,2,0,0,13997,22.8328
18132,40107,hierarchy_delta,2,0,1,10119,22.8324
18133,33742,hierarchy_delta,2,0,0,18748,22.831
18134,27121,hierarchy_delta,2,0,0,12127,22.8309
18135,38227,hierarchy_delta,2,0,1,8239,22.8214
18136,47751,hierarchy_delta,2,0,1,17763,22.8183
18137,20481,hierarchy_delta,2,0,0,5487,22.8174
18138,40308,hierarchy_delta,2,0,1,10320,22.8161
18139,25331,hierarchy_delta,2,0,0,10337,22.8068
18140,45484,hierarchy_delta,2,0,1,15496,22.8052
18141,26496,hierarchy_delta,2,0,0,11502,22.805
18142,39859,hierarchy_delta,2,0,1,9871,22.803
18143,39864,hierarchy_delta,2,0,1,9876,22.803
18144,39872,hierarchy_delta,2,0,1,9884,22.803
18145,38332,hierarchy_delta,2,0,1,8344,22.7988
18146,29920,hierarchy_delta,2,0,0,14926,22.797
18147,27605,hierarchy_delta,2,0,0,12611,22.7904
18148,37694,hierarchy_delta,2,0,1,7706,22.7902
18149,33578,hierarchy_delta,2,0,0,18584,22.7842
18150,35220,hierarchy_delta,2,0,1,5232,22.7831
18151,43296,hierarchy_delta,2,0,1,13308,22.7829
18152,48736,hierarchy_delta,2,0,1,18748,22.7794
18153,45284,hierarchy_delta,2,0,1,15296,22.7726
18154,34309,hierarchy_delta,2,0,0,19315,22.7713
18155,30516,hierarchy_delta,2,0,0,15522,22.7642
18156,29517,hierarchy_delta,2,0,0,14523,22.7598
18157,29778,hierarchy_delta,2,0,0,14784,22.7588
18158,38413,hierarchy_delta,2,0,1,8425,22.7568
18159,26895,hierarchy_delta,2,0,0,11901,22.7549
18160,31496,hierarchy_delta,2,0,0,16502,22.7544
18161,23860,hierarchy_delta,2,0,0,8866,22.7481
18162,22311,hierarchy_delta,2,0,0,7317,22.7476
18163,29058,hierarchy_delta,2,0,0,14064,22.7466
18164,43542,hierarchy_delta,2,0,1,13554,22.7407
18165,44694,hierarchy_delta,2,0,1,14706,22.738
18166,27903,hierarchy_delta,2,0,0,12909,22.7344
18167,36683,hierarchy_delta,2,0,1,6695,22.7344
18168,32176,hierarchy_delta,2,0,0,17182,22.7339
18169,28383,hierarchy_delta,2,0,0,13389,22.7302
18170,28488,hierarchy_delta,2,0,0,13494,22.7269
18171,39900,hierarchy_delta,2,0,1,9912,22.7254
18172,32302,hierarchy_delta,2,0,0,17308,22.7238
18173,22804,hierarchy_delta,2,0,0,7810,22.7159
18174,22272,hierarchy_delta,2,0,0,7278,22.7133
18175,39882,hierarchy_delta,2,0,1,9894,22.7132
18176,45192,hierarchy_delta,2,0,1,15204,22.7033
18177,41427,hierarchy_delta,2,0,1,11439,22.7
18178,25539,hierarchy_delta,2,0,0,10545,22.6961
18179,23597,hierarchy_delta,2,0,0,8603,22.6939
18180,29074,hierarchy_delta,2,0,0,14080,22.6902
18181,20528,hierarchy_delta,2,0,0,5534,22.6885
18182,24806,hierarchy_delta,2,0,0,9812,22.6851
18183,43367,hierarchy_delta,2,0,1,13379,22.6809
18184,42053,hierarchy_delta,2,0,1,12065,22.6794
18185,22336,hierarchy_delta,2,0,0,7342,22.6754
18186,46686,hierarchy_delta,2,0,1,16698,22.6653
18187,28202,hierarchy_delta,2,0,0,13208,22.665
18188,24968,hierarchy_delta,2,0,0,9974,22.6626
18189,22860,hierarchy_delta,2,0,0,7866,22.6585
18190,24313,hierarchy_delta,2,0,0,9319,22.6572
18191,48857,hierarchy_delta,2,0,1,18869,22.6539
18192,40571,hierarchy_delta,2,0,1,10583,22.6499
18193,25688,hierarchy_delta,2,0,0,10694,22.6471
18194,47890,hierarchy_delta,2,0,1,17902,22.6468
18195,30901,hierarchy_delta,2,0,0,15907,22.6459
18196,42646,hierarchy_delta,2,0,1,12658,22.6446
18197,41712,hierarchy_delta,2,0,1,11724,22.6443
18198,31363,hierarchy_delta,2,0,0,16369,22.6428
18199,36162,hierarchy_delta,2,0,1,6174,22.6427
18200,48259,hierarchy_delta,2,0,1,18271,22.6424
18201,29338,hierarchy_delta,2,0,0,14344,22.6414
18202,26446,hierarchy_delta,2,0,0,11452,22.6408
18203,33406,hierarchy_delta,2,0,0,18412,22.6404
18204,46548,hierarchy_delta,2,0,1,16560,22.6357
18205,44655,hierarchy_delta,2,0,1,14667,22.6282
18206,40589,hierarchy_delta,2,0,1,10601,22.6269
18207,38940,hierarchy_delta,2,0,1,8952,22.6206
18208,38166,hierarchy_delta,2,0,1,8178,22.617
18209,28899,hierarchy_delta,2,0,0,13905,22.6169
18210,38942,hierarchy_delta,2,0,1,8954,22.6162
18211,27834,hierarchy_delta,2,0,0,12840,22.6157
18212,47573,hierarchy_delta,2,0,1,17585,22.6141
18213,21597,hierarchy_delta,2,0,0,6603,22.614
18214,22278,hierarchy_delta,2,0,0,7284,22.6131
18215,36823,hierarchy_delta,2,0,1,6835,22.6125
18216,28573,hierarchy_delta,2,0,0,13579,22.6125
18217,30283,hierarchy_delta,2,0,0,15289,22.6085
18218,46683,hierarchy_delta,2,0,1,16695,22.6075
18219,46501,hierarchy_delta,2,0,1,16513,22.6059
18220,24949,hierarchy_delta,2,0,0,9955,22.6049
18221,45706,hierarchy_delta,2,0,1,15718,22.603
18222,44653,hierarchy_delta,2,0,1,14665,22.6027
18223,40647,hierarchy_delta,2,0,1,10659,22.5978
18224,46438,hierarchy_delta,2,0,1,16450,22.5971
18225,23445,hierarchy_delta,2,0,0,8451,22.5928
18226,37049,hierarchy_delta,2,0,1,7061,22.5908
18227,22429,hierarchy_delta,2,0,0,7435,22.5835
18228,27397,hierarchy_delta,2,0,0,12403,22.5818
18229,47354,hierarchy_delta,2,0,1,17366,22.5814
18230,42769,hierarchy_delta,2,0,1,12781,22.5794
18231,21446,hierarchy_delta,2,0,0,6452,22.5753
18232,43925,hierarchy_delta,2,0,1,13937,22.5745
18233,41934,hierarchy_delta,2,0,1,11946,22.5736
18234,20459,hierarchy_delta,2,0,0,5465,22.573
18235,21378,hierarchy_delta,2,0,0,6384,22.5693
18236,30389,hierarchy_delta,2,0,0,15395,22.5686
18237,44639,hierarchy_delta,2,0,1,14651,22.5644
18238,46715,hierarchy_delta,2,0,1,16727,22.561
18239,45343,hierarchy_delta,2,0,1,15355,22.5608
18240,30813,hierarchy_delta,2,0,0,15819,22.5604
18241,23625,hierarchy_delta,2,0,0,8631,22.5603
18242,46992,hierarchy_delta,2,0,1,17004,22.5596
18243,43989,hierarchy_delta,2,0,1,14001,22.559
18244,29711,hierarchy_delta,2,0,0,14717,22.5588
18245,40856,hierarchy_delta,2,0,1,10868,22.5563
18246,32075,hierarchy_delta,2,0,0,17081,22.5533
18247,43267,hierarchy_delta,2,0,1,13279,22.5428
18248,43215,hierarchy_delta,2,0,1,13227,22.5413
18249,42534,hierarchy_delta,2,0,1,12546,22.5408
18250,44791,hierarchy_delta,2,0,1,14803,22.5404
18251,39026,hierarchy_delta,2,0,1,9038,22.5391
18252,24696,hierarchy_delta,2,0,0,9702,22.5387
18253,37143,hierarchy_delta,2,0,1,7155,22.5384
18254,26977,hierarchy_delta,2,0,0,11983,22.5379
18255,27027,hierarchy_delta,2,0,0,12033,22.5336
18256,49063,hierarchy_delta,2,0,1,19075,22.5329
18257,40766,hierarchy_delta,2,0,1,10778,22.5226
18258,45386,hierarchy_delta,2,0,1,15398,22.5217
18259,27136,hierarchy_delta,2,0,0,12142,22.5205
18260,38183,hierarchy_delta,2,0,1,8195,22.5191
18261,44898,hierarchy_delta,2,0,1,14910,22.518
18262,47861,hierarchy_delta,2,0,1,17873,22.5176
18263,27555,hierarchy_delta,2,0,0,12561,22.5173
18264,33006,hierarchy_delta,2,0,0,18012,22.5143
18265,25875,hierarchy_delta,2,0,0,10881,22.5118
18266,43930,hierarchy_delta,2,0,1,13942,22.5111
18267,25841,hierarchy_delta,2,0,0,10847,22.5069
18268,39808,hierarchy_delta,2,0,1,9820,22.4996
18269,24823,hierarchy_delta,2,0,0,9829,22.4977
18270,34892,hierarchy_delta,2,0,0,19898,22.4954
18271,31592,hierarchy_delta,2,0,0,16598,22.4952
18272,49618,hierarchy_delta,2,0,1,19630,22.4951
18273,33588,hierarchy_delta,2,0,0,18594,22.495
18274,37717,hierarchy_delta,2,0,1,7729,22.4923
18275,46531,hierarchy_delta,2,0,1,16543,22.4923
18276,22621,hierarchy_delta,2,0,0,7627,22.4877
18277,47309,hierarchy_delta,2,0,1,17321,22.4852
18278,24814,hierarchy_delta,2,0,0,9820,22.4816
18279,42024,hierarchy_delta,2,0,1,12036,22.4808
18280,26281,hierarchy_delta,2,0,0,11287,22.4808
18281,36620,hierarchy_delta,2,0,1,6632,22.4791
18282,40820,hierarchy_delta,2,0,1,10832,22.4769
18283,42851,hierarchy_delta,2,0,1,12863,22.4751
18284,48482,hierarchy_delta,2,0,1,18494,22.4685
18285,29108,hierarchy_delta,2,0,0,14114,22.4666
18286,22288,hierarchy_delta,2,0,0,7294,22.4658
18287,25163,hierarchy_delta,2,0,0,10169,22.4649
18288,40209,hierarchy_delta,2,0,1,10221,22.4646
18289,44706,hierarchy_delta,2,0,1,14718,22.4641
18290,28493,hierarchy_delta,2,0,0,13499,22.4637
18291,38696,hierarchy_delta,2,0,1,8708,22.4629
18292,32825,hierarchy_delta,2,0,0,17831,22.4567
18293,23670,hierarchy_delta,2,0,0,8676,22.4529
18294,41945,hierarchy_delta,2,0,1,11957,22.4516
18295,45342,hierarchy_delta,2,0,1,15354,22.4514
18296,22615,hierarchy_delta,2,0,0,7621,22.4486
18297,31708,hierarchy_delta,2,0,0,16714,22.4478
18298,28967,hierarchy_delta,2,0,0,13973,22.4445
18299,29013,hierarchy_delta,2,0,0,14019,22.4437
18300,37212,hierarchy_delta,2,0,1,7224,22.4396
18301,27694,hierarchy_delta,2,0,0,12700,22.4391
18302,26998,hierarchy_delta,2,0,0,12004,22.4382
18303,27150,hierarchy_delta,2,0,0,12156,22.4382
18304,22341,hierarchy_delta,2,0,0,7347,22.438
18305,29135,hierarchy_delta,2,0,0,14141,22.4329
18306,25634,hierarchy_delta,2,0,0,10640,22.4321
18307,40863,hierarchy_delta,2,0,1,10875,22.4284
18308,35518,hierarchy_delta,2,0,1,5530,22.4255
18309,43251,hierarchy_delta,2,0,1,13263,22.4246
18310,22286,hierarchy_delta,2,0,0,7292,22.4233
18311,38932,hierarchy_delta,2,0,1,8944,22.4228
18312,45196,hierarchy_delta,2,0,1,15208,22.4162
18313,47628,hierarchy_delta,2,0,1,17640,22.4146
18314,49111,hierarchy_delta,2,0,1,19123,22.4146
18315,46094,hierarchy_delta,2,0,1,16106,22.4131
18316,21377,hierarchy_delta,2,0,0,6383,22.4093
18317,30144,hierarchy_delta,2,0,0,15150,22.4081
18318,45897,hierarchy_delta,2,0,1,15909,22.4074
18319,44658,hierarchy_delta,2,0,1,14670,22.4059
18320,29041,hierarchy_delta,2,0,0,14047,22.3984
18321,22856,hierarchy_delta,2,0,0,7862,22.3966
18322,26288,hierarchy_delta,2,0,0,11294,22.3939
18323,25176,hierarchy_delta,2,0,0,10182,22.3884
18324,28386,hierarchy_delta,2,0,0,13392,22.3882
18325,42812,hierarchy_delta,2,0,1,12824,22.3882
18326,23704,hierarchy_delta,2,0,0,8710,22.3834
18327,29163,hierarchy_delta,2,0,0,14169,22.3813
18328,28457,hierarchy_delta,2,0,0,13463,22.3812
18329,30814,hierarchy_delta,2,0,0,15820,22.3781
18330,24073,hierarchy_delta,2,0,0,9079,22.3637
18331,28483,hierarchy_delta,2,0,0,13489,22.3635
18332,42178,hierarchy_delta,2,0,1,12190,22.3626
18333,49007,hierarchy_delta,2,0,1,19019,22.3616
18334,21462,hierarchy_delta,2,0,0,6468,22.3566
18335,39673,hierarchy_delta,2,0,1,9685,22.3563
18336,26938,hierarchy_delta,2,0,0,11944,22.3561
18337,40225,hierarchy_delta,2,0,1,10237,22.3521
18338,48695,hierarchy_delta,2,0,1,18707,22.3502
18339,27640,hierarchy_delta,2,0,0,12646,22.3459
18340,36625,hierarchy_delta,2,0,1,6637,22.3441
18341,29037,hierarchy_delta,2,0,0,14043,22.344
18342,38842,hierarchy_delta,2,0,1,8854,22.3356
18343,25127,hierarchy_delta,2,0,0,10133,22.328
18344,46373,hierarchy_delta,2,0,1,16385,22.3276
18345,40654,hierarchy_delta,2,0,1,10666,22.3265
18346,22329,hierarchy_delta,2,0,0,7335,22.3264
18347,33422,hierarchy_delta,2,0,0,18428,22.3244
18348,24892,hierarchy_delta,2,0,0,9898,22.324
18349,31436,hierarchy_delta,2,0,0,16442,22.3137
18350,46991,hierarchy_delta,2,0,1,17003,22.3136
18351,45358,hierarchy_delta,2,0,1,15370,22.3102
18352,31969,hierarchy_delta,2,0,0,16975,22.3097
18353,28391,hierarchy_delta,2,0,0,13397,22.3095
18354,39814,hierarchy_delta,2,0,1,9826,22.307
18355,33460,hierarchy_delta,2,0,0,18466,22.3052
18356,35887,hierarchy_delta,2,0,1,5899,22.3046
18357,20463,hierarchy_delta,2,0,0,5469,22.3032
18358,48156,hierarchy_delta,2,0,1,18168,22.2999
18359,22189,hierarchy_delta,2,0,0,7195,22.2998
18360,35149,hierarchy_delta,2,0,1,5161,22.2988
18361,45896,hierarchy_delta,2,0,1,15908,22.2986
18362,27724,hierarchy_delta,2,0,0,12730,22.2954
18363,27111,hierarchy_delta,2,0,0,12117,22.2943
18364,41031,hierarchy_delta,2,0,1,11043,22.2919
18365,27762,hierarchy_delta,2,0,0,12768,22.2895
18366,40847,hierarchy_delta,2,0,1,10859,22.2895
18367,31389,hierarchy_delta,2,0,0,16395,22.2853
18368,28448,hierarchy_delta,2,0,0,13454,22.2839
18369,29054,hierarchy_delta,2,0,0,14060,22.2806
18370,40855,hierarchy_delta,2,0,1,10867,22.2794
18371,26433,hierarchy_delta,2,0,0,11439,22.2746
18372,32893,hierarchy_delta,2,0,0,17899,22.2695
18373,33784,hierarchy_delta,2,0,0,18790,22.2692
18374,41190,hierarchy_delta,2,0,1,11202,22.2683
18375,31069,hierarchy_delta,2,0,0,16075,22.2633
18376,24971,hierarchy_delta,2,0,0,9977,22.2599
18377,46660,hierarchy_delta,2,0,1,16672,22.2588
18378,48766,hierarchy_delta,2,0,1,18778,22.2573
18379,34365,hierarchy_delta,2,0,0,19371,22.2535
18380,25809,hierarchy_delta,2,0,0,10815,22.2513
18381,25204,hierarchy_delta,2,0,0,10210,22.2468
18382,23967,hierarchy_delta,2,0,0,8973,22.2462
18383,31551,hierarchy_delta,2,0,0,16557,22.2459
18384,38625,hierarchy_delta,2,0,1,8637,22.245
18385,42175,hierarchy_delta,2,0,1,12187,22.242
18386,39709,hierarchy_delta,2,0,1,9721,22.2402
18387,20454,hierarchy_delta,2,0,0,5460,22.2376
18388,27744,hierarchy_delta,2,0,0,12750,22.2363
18389,29084,hierarchy_delta,2,0,0,14090,22.233
18390,22625,hierarchy_delta,2,0,0,7631,22.2329
18391,41450,hierarchy_delta,2,0,1,11462,22.2262
18392,41678,hierarchy_delta,2,0,1,11690,22.2177
18393,40791,hierarchy_delta,2,0,1,10803,22.2174
18394,25705,hierarchy_delta,2,0,0,10711,22.2144
18395,42146,hierarchy_delta,2,0,1,12158,22.2108
18396,23665,hierarchy_delta,2,0,0,8671,22.2103
18397,33832,hierarchy_delta,2,0,0,18838,22.2096
18398,30219,hierarchy_delta,2,0,0,15225,22.2084
18399,26443,hierarchy_delta,2,0,0,11449,22.2023
18400,28205,hierarchy_delta,2,0,0,13211,22.2011
18401,25668,hierarchy_delta,2,0,0,10674,22.1998
18402,27163,hierarchy_delta,2,0,0,12169,22.1971
18403,40542,hierarchy_delta,2,0,1,10554,22.1969
18404,20480,hierarchy_delta,2,0,0,5486,22.1949
18405,23581,hierarchy_delta,2,0,0,8587,22.193
18406,27184,hierarchy_delta,2,0,0,12190,22.1897
18407,46369,hierarchy_delta,2,0,1,16381,22.187
18408,39955,hierarchy_delta,2,0,1,9967,22.1828
18409,38550,hierarchy_delta,2,0,1,8562,22.1788
18410,21475,hierarchy_delta,2,0,0,6481,22.1773
18411,30502,hierarchy_delta,2,0,0,15508,22.1769
18412,40987,hierarchy_delta,2,0,1,10999,22.1764
18413,25783,hierarchy_delta,2,0,0,10789,22.1735
18414,31978,hierarchy_delta,2,0,0,16984,22.1716
18415,29630,hierarchy_delta,2,0,0,14636,22.1692
18416,33449,hierarchy_delta,2,0,0,18455,22.1682
18417,41740,hierarchy_delta,2,0,1,11752,22.164
18418,31360,hierarchy_delta,2,0,0,16366,22.1633
18419,31901,hierarchy_delta,2,0,0,16907,22.1626
18420,27101,hierarchy_delta,2,0,0,12107,22.1601
18421,21552,hierarchy_delta,2,0,0,6558,22.1588
18422,40573,hierarchy_delta,2,0,1,10585,22.1555
18423,44333,hierarchy_delta,2,0,1,14345,22.1512
18424,24318,hierarchy_delta,2,0,0,9324,22.1473
18425,40649,hierarchy_delta,2,0,1,10661,22.1458
18426,27165,hierarchy_delta,2,0,0,12171,22.1402
18427,26482,hierarchy_delta,2,0,0,11488,22.1323
18428,22147,hierarchy_delta,2,0,0,7153,22.1318
18429,47893,hierarchy_delta,2,0,1,17905,22.1277
18430,25799,hierarchy_delta,2,0,0,10805,22.1274
18431,47451,hierarchy_delta,2,0,1,17463,22.1251
18432,36604,hierarchy_delta,2,0,1,6616,22.124
18433,33944,hierarchy_delta,2,0,0,18950,22.1211
18434,28528,hierarchy_delta,2,0,0,13534,22.1207
18435,29132,hierarchy_delta,2,0,0,14138,22.1204
18436,31435,hierarchy_delta,2,0,0,16441,22.1199
18437,44306,hierarchy_delta,2,0,1,14318,22.1194
18438,25820,hierarchy_delta,2,0,0,10826,22.1128
18439,26975,hierarchy_delta,2,0,0,11981,22.1116
18440,27106,hierarchy_delta,2,0,0,12112,22.1115
18441,24712,hierarchy_delta,2,0,0,9718,22.1111
18442,24889,hierarchy_delta,2,0,0,9895,22.111
18443,48301,hierarchy_delta,2,0,1,18313,22.1108
18444,33957,hierarchy_delta,2,0,0,18963,22.1089
18445,41550,hierarchy_delta,2,0,1,11562,22.1075
18446,27050,hierarchy_delta,2,0,0,12056,22.1064
18447,28948,hierarchy_delta,2,0,0,13954,22.106
18448,24699,hierarchy_delta,2,0,0,9705,22.1038
18449,39952,hierarchy_delta,2,0,1,9964,22.101
18450,37724,hierarchy_delta,2,0,1,7736,22.0994
18451,38643,hierarchy_delta,2,0,1,8655,22.0988
18452,31097,hierarchy_delta,2,0,0,16103,22.0948
18453,24943,hierarchy_delta,2,0,0,9949,22.0912
18454,46670,hierarchy_delta,2,0,1,16682,22.0895
18455,33715,hierarchy_delta,2,0,0,18721,22.0878
18456,27116,hierarchy_delta,2,0,0,12122,22.0876
18457,29168,hierarchy_delta,2,0,0,14174,22.0866
18458,23865,hierarchy_delta,2,0,0,8871,22.0814
18459,42128,hierarchy_delta,2,0,1,12140,22.0747
18460,47075,hierarchy_delta,2,0,1,17087,22.074
18461,45893,hierarchy_delta,2,0,1,15905,22.0688
18462,47522,hierarchy_delta,2,0,1,17534,22.0681
18463,20476,hierarchy_delta,2,0,0,5482,22.067
18464,22629,hierarchy_delta,2,0,0,7635,22.0656
18465,40193,hierarchy_delta,2,0,1,10205,22.0651
18466,23036,hierarchy_delta,2,0,0,8042,22.0629
18467,36966,hierarchy_delta,2,0,1,6978,22.0555
18468,23696,hierarchy_delta,2,0,0,8702,22.0528
18469,27045,hierarchy_delta,2,0,0,12051,22.0483
18470,22283,hierarchy_delta,2,0,0,7289,22.048
18471,35426,hierarchy_delta,2,0,1,5438,22.047
18472,36953,hierarchy_delta,2,0,1,6965,22.0457
18473,47631,hierarchy_delta,2,0,1,17643,22.0435
18474,22154,hierarchy_delta,2,0,0,7160,22.0434
18475,40525,hierarchy_delta,2,0,1,10537,22.0419
18476,29040,hierarchy_delta,2,0,0,14046,22.0415
18477,28388,hierarchy_delta,2,0,0,13394,22.0389
18478,44613,hierarchy_delta,2,0,1,14625,22.0245
18479,32815,hierarchy_delta,2,0,0,17821,22.0222
18480,48111,hierarchy_delta,2,0,1,18123,22.0163
18481,29726,hierarchy_delta,2,0,0,14732,22.0161
18482,41681,hierarchy_delta,2,0,1,11693,22.0145
18483,44717,hierarchy_delta,2,0,1,14729,22.003
18484,45694,hierarchy_delta,2,0,1,15706,22.0011
18485,21469,hierarchy_delta,2,0,0,6475,21.9973
18486,34626,hierarchy_delta,2,0,0,19632,21.9865
18487,37604,hierarchy_delta,2,0,1,7616,21.9862
18488,49105,hierarchy_delta,2,0,1,19117,21.9836
18489,29643,hierarchy_delta,2,0,0,14649,21.9802
18490,32564,hierarchy_delta,2,0,0,17570,21.98
18491,27095,hierarchy_delta,2,0,0,12101,21.9797
18492,28204,hierarchy_delta,2,0,0,13210,21.9794
18493,23870,hierarchy_delta,2,0,0,8876,21.9769
18494,27114,hierarchy_delta,2,0,0,12120,21.9758
18495,32656,hierarchy_delta,2,0,0,17662,21.971
18496,43312,hierarchy_delta,2,0,1,13324,21.9694
18497,45317,hierarchy_delta,2,0,1,15329,21.967
18498,40052,hierarchy_delta,2,0,1,10064,21.9662
18499,24789,hierarchy_delta,2,0,0,9795,21.9607
18500,39253,hierarchy_delta,2,0,1,9265,21.9539
18501,29639,hierarchy_delta,2,0,0,14645,21.9532
18502,29782,hierarchy_delta,2,0,0,14788,21.9514
18503,24666,hierarchy_delta,2,0,0,9672,21.9501
18504,26362,hierarchy_delta,2,0,0,11368,21.9485
18505,26517,hierarchy_delta,2,0,0,11523,21.9418
18506,24960,hierarchy_delta,2,0,0,9966,21.9384
18507,32698,hierarchy_delta,2,0,0,17704,21.937
18508,38762,hierarchy_delta,2,0,1,8774,21.9369
18509,39711,hierarchy_delta,2,0,1,9723,21.9357
18510,33352,hierarchy_delta,2,0,0,18358,21.9355
18511,38174,hierarchy_delta,2,0,1,8186,21.9328
18512,37264,hierarchy_delta,2,0,1,7276,21.9322
18513,38744,hierarchy_delta,2,0,1,8756,21.9318
18514,27886,hierarchy_delta,2,0,0,12892,21.9242
18515,41007,hierarchy_delta,2,0,1,11019,21.9192
18516,28902,hierarchy_delta,2,0,0,13908,21.9177
18517,42037,hierarchy_delta,2,0,1,12049,21.917
18518,25846,hierarchy_delta,2,0,0,10852,21.9142
18519,22728,hierarchy_delta,2,0,0,7734,21.9051
18520,37974,hierarchy_delta,2,0,1,7986,21.9009
18521,20455,hierarchy_delta,2,0,0,5461,21.9009
18522,42691,hierarchy_delta,2,0,1,12703,21.9009
18523,32178,hierarchy_delta,2,0,0,17184,21.897
18524,30723,hierarchy_delta,2,0,0,15729,21.8968
18525,28348,hierarchy_delta,2,0,0,13354,21.8955
18526,27638,hierarchy_delta,2,0,0,12644,21.8926
18527,29034,hierarchy_delta,2,0,0,14040,21.8913
18528,22432,hierarchy_delta,2,0,0,7438,21.8912
18529,29769,hierarchy_delta,2,0,0,14775,21.8908
18530,31458,hierarchy_delta,2,0,0,16464,21.8888
18531,44802,hierarchy_delta,2,0,1,14814,21.8863
18532,45328,hierarchy_delta,2,0,1,15340,21.8851
18533,47668,hierarchy_delta,2,0,1,17680,21.8805
18534,26950,hierarchy_delta,2,0,0,11956,21.8745
18535,32299,hierarchy_delta,2,0,0,17305,21.8736
18536,21388,hierarchy_delta,2,0,0,6394,21.8731
18537,36628,hierarchy_delta,2,0,1,6640,21.8694
18538,41447,hierarchy_delta,2,0,1,11459,21.8692
18539,23620,hierarchy_delta,2,0,0,8626,21.8686
18540,39324,hierarchy_delta,2,0,1,9336,21.8665
18541,27705,hierarchy_delta,2,0,0,12711,21.8661
18542,106437,hierarchy_delta,4,1,3,16473,69.6901
18543,79380,hierarchy_delta,4,0,1,19404,65.8513
18544,92611,hierarchy_delta,4,1,2,17641,62.0559
18545,92614,hierarchy_delta,4,1,2,17644,60.9637
18546,79383,hierarchy_delta,4,0,1,19407,57.7526
18547,93435,hierarchy_delta,4,1,2,18465,56.2713
18548,92616,hierarchy_delta,4,1,2,17646,50.7492
18549,91479,hierarchy_delta,4,1,2,16509,50.6859
18550,105259,hierarchy_delta,4,1,3,15295,49.3382
18551,109015,hierarchy_delta,4,1,3,19051,48.0642
18552,93684,hierarchy_delta,4,1,2,18714,45.9198
18553,107615,hierarchy_delta,4,1,3,17651,45.4866
18554,91482,hierarchy_delta,4,1,2,16512,45.2493
18555,106969,hierarchy_delta,4,1,3,17005,45.1638
18556,92639,hierarchy_delta,4,1,2,17669,44.8693
18557,108144,hierarchy_delta,4,1,3,18180,44.1194
18558,78205,hierarchy_delta,4,0,1,18229,43.2406
18559,109012,hierarchy_delta,4,1,3,19048,43.0261
18560,93682,hierarchy_delta,4,1,2,18712,42.956
18561,93726,hierarchy_delta,4,1,2,18756,42.5572
18562,92657,hierarchy_delta,4,1,2,17687,42.2001
18563,93687,hierarchy_delta,4,1,2,18717,42.0456
18564,93685,hierarchy_delta,4,1,2,18715,41.6917
18565,93072,hierarchy_delta,4,1,2,18102,41.6306
18566,92644,hierarchy_delta,4,1,2,17674,41.416
18567,92045,hierarchy_delta,4,1,2,17075,41.2018
18568,107021,hierarchy_delta,4,1,3,17057,41.1528
18569,92063,hierarchy_delta,4,1,2,17093,41.1385
18570,93772,hierarchy_delta,4,1,2,18802,41.0785
18571,93729,hierarchy_delta,4,1,2,18759,40.8992
18572,78804,hierarchy_delta,4,0,1,18828,40.2049
18573,92654,hierarchy_delta,4,1,2,17684,39.9107
18574,92573,hierarchy_delta,4,1,2,17603,39.7377
18575,93441,hierarchy_delta,4,1,2,18471,39.4712
18576,107810,hierarchy_delta,4,1,3,17846,39.1946
18577,108390,hierarchy_delta,4,1,3,18426,39.07
18578,108149,hierarchy_delta,4,1,3,18185,38.8204
18579,106473,hierarchy_delta,4,1,3,16509,38.6622
18580,94617,hierarchy_delta,4,1,2,19647,38.5175
18581,106971,hierarchy_delta,4,1,3,17007,38.3835
18582,105840,hierarchy_delta,4,1,3,15876,38.351
18583,78751,hierarchy_delta,4,0,1,18775,38.2697
18584,106972,hierarchy_delta,4,1,3,17008,38.2481
18585,93659,hierarchy_delta,4,1,2,18689,38.2206
18586,77090,hierarchy_delta,4,0,1,17114,38.0111
18587,77629,hierarchy_delta,4,0,1,17653,38.0034
18588,79717,hierarchy_delta,4,0,1,19741,37.9768
18589,105264,hierarchy_delta,4,1,3,15300,37.9025
18590,93777,hierarchy_delta,4,1,2,18807,37.8837
18591,58496,hierarchy_delta,4,0,0,13514,37.875
18592,107563,hierarchy_delta,4,1,3,17599,37.874
18593,91443,hierarchy_delta,4,1,2,16473,37.8537
18594,106439,hierarchy_delta,4,1,3,16475,37.8416
18595,108429,hierarchy_delta,4,1,3,18465,37.8316
18596,91466,hierarchy_delta,4,1,2,16496,37.8053
18597,92621,hierarchy_delta,4,1,2,17651,37.7645
18598,107016,hierarchy_delta,4,1,3,17052,37.6388
18599,76448,hierarchy_delta,4,0,1,16472,37.4641
18600,93077,hierarchy_delta,4,1,2,18107,37.4565
18601,107566,hierarchy_delta,4,1,3,17602,37.4306
18602,94726,hierarchy_delta,4,1,2,19756,37.341
18603,90882,hierarchy_delta,4,1,2,15912,37.2336
18604,92959,hierarchy_delta,4,1,2,17989,37.0234
18605,107031,hierarchy_delta,4,1,3,17067,36.9907
18606,78841,hierarchy_delta,4,0,1,18865,36.8716
18607,93088,hierarchy_delta,4,1,2,18118,36.8416
18608,79932,hierarchy_delta,4,0,1,19956,36.3312
18609,93367,hierarchy_delta,4,1,2,18397,36.2067
18610,64938,hierarchy_delta,4,0,0,19956,36.1704
18611,92548,hierarchy_delta,4,1,2,17578,36.0748
18612,108653,hierarchy_delta,4,1,3,18689,35.8296
18613,92813,hierarchy_delta,4,1,2,17843,35.7773
18614,94132,hierarchy_delta,4,1,2,19162,35.6185
18615,64386,hierarchy_delta,4,0,0,19404,35.5577
18616,92027,hierarchy_delta,4,1,2,17057,35.5101
18617,109524,hierarchy_delta,4,1,3,19560,35.4788
18618,93372,hierarchy_delta,4,1,2,18402,35.4549
18619,106476,hierarchy_delta,4,1,3,16512,35.2592
18620,92954,hierarchy_delta,4,1,2,17984,35.2065
18621,94011,hierarchy_delta,4,1,2,19041,35.0234
18622,105856,hierarchy_delta,4,1,3,15892,34.99
18623,107581,hierarchy_delta,4,1,3,17617,34.9821
18624,106440,hierarchy_delta,4,1,3,16476,34.8258
18625,94575,hierarchy_delta,4,1,2,19605,34.8018
18626,92602,hierarchy_delta,4,1,2,17632,34.7104
18627,64389,hierarchy_delta,4,0,0,19407,34.5706
18628,107568,hierarchy_delta,4,1,3,17604,34.4318
18629,93724,hierarchy_delta,4,1,2,18754,34.3754
18630,91518,hierarchy_delta,4,1,2,16548,34.296
18631,58033,hierarchy_delta,4,0,0,13051,34.1803
18632,105321,hierarchy_delta,4,1,3,15357,34.1286
18633,92553,hierarchy_delta,4,1,2,17583,34.0402
18634,92509,hierarchy_delta,4,1,2,17539,34.0051
18635,105319,hierarchy_delta,4,1,3,15355,33.9837
18636,77087,hierarchy_delta,4,0,1,17111,33.9611
18637,57373,hierarchy_delta,4,0,0,12391,33.7934
18638,93075,hierarchy_delta,4,1,2,18105,33.7224
18639,108650,hierarchy_delta,4,1,3,18686,33.7031
18640,108196,hierarchy_delta,4,1,3,18232,33.6473
18641,94418,hierarchy_delta,4,1,2,19448,33.5478
18642,92263,hierarchy_delta,4,1,2,17293,33.5296
18643,79364,hierarchy_delta,4,0,1,19388,33.4636
18644,93385,hierarchy_delta,4,1,2,18415,33.4004
18645,59055,hierarchy_delta,4,0,0,14073,33.352
18646,94241,hierarchy_delta,4,1,2,19271,33.3289
18647,105845,hierarchy_delta,4,1,3,15881,33.246
18648,105316,hierarchy_delta,4,1,3,15352,33.1962
18649,92276,hierarchy_delta,4,1,2,17306,33.1188
18650,93432,hierarchy_delta,4,1,2,18462,33.1151
18651,92207,hierarchy_delta,4,1,2,17237,33.0259
18652,94570,hierarchy_delta,4,1,2,19600,32.989
18653,92478,hierarchy_delta,4,1,2,17508,32.9874
18654,92260,hierarchy_delta,4,1,2,17290,32.8762
18655,93202,hierarchy_delta,4,1,2,18232,32.8627
18656,77671,hierarchy_delta,4,0,1,17695,32.7862
18657,93553,hierarchy_delta,4,1,2,18583,32.7842
18658,93758,hierarchy_delta,4,1,2,18788,32.7018
18659,109565,hierarchy_delta,4,1,3,19601,32.5288
18660,58483,hierarchy_delta,4,0,0,13501,32.4129
18661,90885,hierarchy_delta,4,1,2,15915,32.407
18662,93091,hierarchy_delta,4,1,2,18121,32.39
18663,74684,hierarchy_delta,4,0,1,14708,32.3816
18664,94420,hierarchy_delta,4,1,2,19450,32.3122
18665,91331,hierarchy_delta,4,1,2,16361,32.2769
18666,106846,hierarchy_delta,4,1,3,16882,32.2742
18667,94013,hierarchy_delta,4,1,2,19043,32.2433
18668,94950,hierarchy_delta,4,1,2,19980,32.2433
18669,78188,hierarchy_delta,4,0,1,18212,32.1786
18670,92483,hierarchy_delta,4,1,2,17513,32.1778
18671,92551,hierarchy_delta,4,1,2,17581,32.1195
18672,108176,hierarchy_delta,4,1,3,18212,31.9851
18673,78764,hierarchy_delta,4,0,1,18788,31.9318
18674,91463,hierarchy_delta,4,1,2,16493,31.9306
18675,75265,hierarchy_delta,4,0,1,15289,31.9164
18676,108194,hierarchy_delta,4,1,3,18230,31.8892
18677,105796,hierarchy_delta,4,1,3,15832,31.8259
18678,93380,hierarchy_delta,4,1,2,18410,31.8247
18679,57662,hierarchy_delta,4,0,0,12680,31.7187
18680,93397,hierarchy_delta,4,1,2,18427,31.6839
18681,109930,hierarchy_delta,4,1,3,19966,31.6801
18682,75870,hierarchy_delta,4,0,1,15894,31.6563
18683,92265,hierarchy_delta,4,1,2,17295,31.6437
18684,107000,hierarchy_delta,4,1,3,17036,31.6368
18685,104680,hierarchy_delta,4,1,3,14716,31.6097
18686,92652,hierarchy_delta,4,1,2,17682,31.5564
18687,93975,hierarchy_delta,4,1,2,19005,31.5527
18688,75837,hierarchy_delta,4,0,1,15861,31.5302
18689,93150,hierarchy_delta,4,1,2,18180,31.5284
18690,105900,hierarchy_delta,4,1,3,15936,31.4972
18691,93980,hierarchy_delta,4,1,2,19010,31.3946
18692,107576,hierarchy_delta,4,1,3,17612,31.3931
18693,106995,hierarchy_delta,4,1,3,17031,31.3474
18694,79720,hierarchy_delta,4,0,1,19744,31.2587
18695,56122,hierarchy_delta,4,0,0,11140,31.1531
18696,77048,hierarchy_delta,4,0,1,17072,31.1147
18697,59013,hierarchy_delta,4,0,0,14031,31.027
18698,107073,hierarchy_delta,4,1,3,17109,31.0011
18699,94129,hierarchy_delta,4,1,2,19159,31
18700,107019,hierarchy_delta,4,1,3,17055,30.9839
18701,93370,hierarchy_delta,4,1,2,18400,30.9105
18702,71884,hierarchy_delta,4,0,1,11908,30.8908
18703,92060,hierarchy_delta,4,1,2,17090,30.8729
18704,93191,hierarchy_delta,4,1,2,18221,30.8444
18705,105306,hierarchy_delta,4,1,3,15342,30.8307
18706,107018,hierarchy_delta,4,1,3,17054,30.78
18707,59690,hierarchy_delta,4,0,0,14708,30.7108
18708,92642,hierarchy_delta,4,1,2,17672,30.6182
18709,93763,hierarchy_delta,4,1,2,18793,30.5848
18710,56769,hierarchy_delta,4,0,0,11787,30.5586
18711,94145,hierarchy_delta,4,1,2,19175,30.5516
18712,105843,hierarchy_delta,4,1,3,15879,30.5304
18713,109568,hierarchy_delta,4,1,3,19604,30.52
18714,79945,hierarchy_delta,4,0,1,19969,30.4087
18715,92024,hierarchy_delta,4,1,2,17054,30.3976
18716,59737,hierarchy_delta,4,0,0,14755,30.3826
18717,59086,hierarchy_delta,4,0,0,14104,30.3499
18718,91085,hierarchy_delta,4,1,2,16115,30.3074
18719,60822,hierarchy_delta,4,0,0,15840,30.294
18720,92266,hierarchy_delta,4,1,2,17296,30.2921
18721,107076,hierarchy_delta,4,1,3,17112,30.2917
18722,71902,hierarchy_delta,4,0,1,11926,30.2769
18723,93200,hierarchy_delta,4,1,2,18230,30.2184
18724,93656,hierarchy_delta,4,1,2,18686,30.1739
18725,59750,hierarchy_delta,4,0,0,14768,30.1273
18726,93062,hierarchy_delta,4,1,2,18092,30.0987
18727,93716,hierarchy_delta,4,1,2,18746,30.081
18728,94134,hierarchy_delta,4,1,2,19164,30.0771
18729,108197,hierarchy_delta,4,1,3,18233,30.0758
18730,92035,hierarchy_delta,4,1,2,17065,30.0571
18731,58361,hierarchy_delta,4,0,0,13379,30.0529
18732,63449,hierarchy_delta,4,0,0,18467,30.0414
18733,91643,hierarchy_delta,4,1,2,16673,30.025
18734,76537,hierarchy_delta,4,0,1,16561,29.9901
18735,59060,hierarchy_delta,4,0,0,14078,29.9727
18736,79722,hierarchy_delta,4,0,1,19746,29.9703
18737,93394,hierarchy_delta,4,1,2,18424,29.9509
18738,76490,hierarchy_delta,4,0,1,16514,29.9435
18739,108346,hierarchy_delta,4,1,3,18382,29.8908
18740,93194,hierarchy_delta,4,1,2,18224,29.89
18741,59153,hierarchy_delta,4,0,0,14171,29.8648
18742,108757,hierarchy_delta,4,1,3,18793,29.8614
18743,93074,hierarchy_delta,4,1,2,18104,29.8357
18744,94407,hierarchy_delta,4,1,2,19437,29.779
18745,74744,hierarchy_delta,4,0,1,14768,29.7643
18746,107837,hierarchy_delta,4,1,3,17873,29.7501
18747,63810,hierarchy_delta,4,0,0,18828,29.7336
18748,107592,hierarchy_delta,4,1,3,17628,29.712
18749,107582,hierarchy_delta,4,1,3,17618,29.7087
18750,108754,hierarchy_delta,4,1,3,18790,29.7075
18751,93977,hierarchy_delta,4,1,2,19007,29.6647
18752,107613,hierarchy_delta,4,1,3,17649,29.6414
18753,56119,hierarchy_delta,4,0,0,11137,29.6116
18754,91232,hierarchy_delta,4,1,2,16262,29.6103
18755,77010,hierarchy_delta,4,0,1,17034,29.6048
18756,91476,hierarchy_delta,4,1,2,16506,29.5792
18757,68213,hierarchy_delta,4,0,1,8237,29.4584
18758,105262,hierarchy_delta,4,1,3,15298,29.4078
18759,60886,hierarchy_delta,4,0,0,15904,29.3964
18760,58004,hierarchy_delta,4,0,0,13022,29.3873
18761,93989,hierarchy_delta,4,1,2,19019,29.3588
18762,74656,hierarchy_delta,4,0,1,14680,29.3527
18763,105791,hierarchy_delta,4,1,3,15827,29.3397
18764,107034,hierarchy_delta,4,1,3,17070,29.3373
18765,90306,hierarchy_delta,4,1,2,15336,29.3218
18766,57195,hierarchy_delta,4,0,0,12213,29.2994
18767,55426,hierarchy_delta,4,0,0,10444,29.2557
18768,92957,hierarchy_delta,4,1,2,17987,29.2129
18769,91679,hierarchy_delta,4,1,2,16709,29.204
18770,90603,hierarchy_delta,4,1,2,15633,29.1985
18771,61403,hierarchy_delta,4,0,0,16421,29.1814
18772,90589,hierarchy_delta,4,1,2,15619,29.1563
18773,94402,hierarchy_delta,4,1,2,19432,29.1485
18774,56913,hierarchy_delta,4,0,0,11931,29.1477
18775,56690,hierarchy_delta,4,0,0,11708,29.1394
18776,93383,hierarchy_delta,4,1,2,18413,29.139
18777,63452,hierarchy_delta,4,0,0,18470,29.1146
18778,105277,hierarchy_delta,4,1,3,15313,29.1006
18779,90301,hierarchy_delta,4,1,2,15331,29.0775
18780,57993,hierarchy_delta,4,0,0,13011,29.0288
18781,58374,hierarchy_delta,4,0,0,13392,29.0189
18782,55444,hierarchy_delta,4,0,0,10462,29.017
18783,90887,hierarchy_delta,4,1,2,15917,28.9913
18784,106482,hierarchy_delta,4,1,3,16518,28.9872
18785,93436,hierarchy_delta,4,1,2,18466,28.9443
18786,78159,hierarchy_delta,4,0,1,18183,28.9107
18787,92058,hierarchy_delta,4,1,2,17088,28.9047
18788,94572,hierarchy_delta,4,1,2,19602,28.8946
18789,92799,hierarchy_delta,4,1,2,17829,28.8631
18790,92641,hierarchy_delta,4,1,2,17671,28.8479
18791,91445,hierarchy_delta,4,1,2,16475,28.8263
18792,89909,hierarchy_delta,4,1,2,14939,28.8256
18793,60267,hierarchy_delta,4,0,0,15285,28.8178
18794,93399,hierarchy_delta,4,1,2,18429,28.8024
18795,75359,hierarchy_delta,4,0,1,15383,28.8003
18796,109320,hierarchy_delta,4,1,3,19356,28.8002
18797,58387,hierarchy_delta,4,0,0,13405,28.7979
18798,79322,hierarchy_delta,4,0,1,19346,28.793
18799,94244,hierarchy_delta,4,1,2,19274,28.79
18800,73490,hierarchy_delta,4,0,1,13514,28.7659
18801,92956,hierarchy_delta,4,1,2,17986,28.7587
18802,75177,hierarchy_delta,4,0,1,15201,28.741
18803,91521,hierarchy_delta,4,1,2,16551,28.7169
18804,76416,hierarchy_delta,4,0,1,16440,28.7097
18805,77032,hierarchy_delta,4,0,1,17056,28.6276
18806,94369,hierarchy_delta,4,1,2,19399,28.621
18807,91781,hierarchy_delta,4,1,2,16811,28.5582
18808,57999,hierarchy_delta,4,0,0,13017,28.5391
18809,56324,hierarchy_delta,4,0,0,11342,28.5308
18810,92021,hierarchy_delta,4,1,2,17051,28.5234
18811,57586,hierarchy_delta,4,0,0,12604,28.5093
18812,77626,hierarchy_delta,4,0,1,17650,28.4676
18813,59156,hierarchy_delta,4,0,0,14174,28.4103
18814,79317,hierarchy_delta,4,0,1,19341,28.314
18815,74736,hierarchy_delta,4,0,1,14760,28.3038
18816,79940,hierarchy_delta,4,0,1,19964,28.2958
18817,72815,hierarchy_delta,4,0,1,12839,28.2893
18818,93438,hierarchy_delta,4,1,2,18468,28.2618
18819,71318,hierarchy_delta,4,0,1,11342,28.2425
18820,57463,hierarchy_delta,4,0,0,12481,28.2348
18821,62038,hierarchy_delta,4,0,0,17056,28.216
18822,94135,hierarchy_delta,4,1,2,19165,28.2151
18823,91435,hierarchy_delta,4,1,2,16465,28.1815
18824,90352,hierarchy_delta,4,1,2,15382,28.1578
18825,55570,hierarchy_delta,4,0,0,10588,28.1542
18826,72059,hierarchy_delta,4,0,1,12083,28.1508
18827,93430,hierarchy_delta,4,1,2,18460,28.1474
18828,106460,hierarchy_delta,4,1,3,16496,28.1335
18829,105898,hierarchy_delta,4,1,3,15934,28.1279
18830,71237,hierarchy_delta,4,0,1,11261,28.107
18831,55849,hierarchy_delta,4,0,0,10867,28.0945
18832,94614,hierarchy_delta,4,1,2,19644,28.0849
18833,55573,hierarchy_delta,4,0,0,10591,28.0823
18834,60251,hierarchy_delta,4,0,0,15269,28.052
18835,92102,hierarchy_delta,4,1,2,17132,28.0468
18836,61538,hierarchy_delta,4,0,0,16556,28.0429
18837,57368,hierarchy_delta,4,0,0,12386,28.0293
18838,94710,hierarchy_delta,4,1,2,19740,28.0147
18839,59675,hierarchy_delta,4,0,0,14693,27.991
18840,75273,hierarchy_delta,4,0,1,15297,27.9827
18841,92210,hierarchy_delta,4,1,2,17240,27.9656
18842,106997,hierarchy_delta,4,1,3,17033,27.9621
18843,57365,hierarchy_delta,4,0,0,12383,27.9609
18844,61101,hierarchy_delta,4,0,0,16119,27.9436
18845,57352,hierarchy_delta,4,0,0,12370,27.9406
18846,105858,hierarchy_delta,4,1,3,15894,27.9072
18847,105897,hierarchy_delta,4,1,3,15933,27.8986
18848,59089,hierarchy_delta,4,0,0,14107,27.8894
18849,70851,hierarchy_delta,4,0,1,10875,27.8728
18850,57821,hierarchy_delta,4,0,0,12839,27.8636
18851,90304,hierarchy_delta,4,1,2,15334,27.8549
18852,74661,hierarchy_delta,4,0,1,14685,27.8448
18853,68924,hierarchy_delta,4,0,1,8948,27.8323
18854,57360,hierarchy_delta,4,0,0,12378,27.8309
18855,60271,hierarchy_delta,4,0,0,15289,27.8158
18856,94016,hierarchy_delta,4,1,2,19046,27.7671
18857,92967,hierarchy_delta,4,1,2,17997,27.7543
18858,94315,hierarchy_delta,4,1,2,19345,27.7464
18859,109569,hierarchy_delta,4,1,3,19605,27.746
18860,93791,hierarchy_delta,4,1,2,18821,27.7355
18861,91375,hierarchy_delta,4,1,2,16405,27.7342
18862,63757,hierarchy_delta,4,0,0,18775,27.7275
18863,61543,hierarchy_delta,4,0,0,16561,27.7273
18864,108738,hierarchy_delta,4,1,3,18774,27.7222
18865,60264,hierarchy_delta,4,0,0,15282,27.7221
18866,93531,hierarchy_delta,4,1,2,18561,27.7198
18867,57044,hierarchy_delta,4,0,0,12062,27.6738
18868,93240,hierarchy_delta,4,1,2,18270,27.6495
18869,75268,hierarchy_delta,4,0,1,15292,27.6235
18870,68221,hierarchy_delta,4,0,1,8245,27.6083
18871,93548,hierarchy_delta,4,1,2,18578,27.562
18872,75270,hierarchy_delta,4,0,1,15294,27.5549
18873,94729,hierarchy_delta,4,1,2,19759,27.5145
18874,56125,hierarchy_delta,4,0,0,11143,27.5109
18875,91640,hierarchy_delta,4,1,2,16670,27.5101
18876,58499,hierarchy_delta,4,0,0,13517,27.5022
18877,62716,hierarchy_delta,4,0,0,17734,27.4927
18878,77045,hierarchy_delta,4,0,1,17069,27.4739
18879,55646,hierarchy_delta,4,0,0,10664,27.4618
18880,93948,hierarchy_delta,4,1,2,18978,27.4602
18881,57818,hierarchy_delta,4,0,0,12836,27.4414
18882,76493,hierarchy_delta,4,0,1,16517,27.4379
18883,91090,hierarchy_delta,4,1,2,16120,27.4082
18884,57578,hierarchy_delta,4,0,0,12596,27.3975
18885,91477,hierarchy_delta,4,1,2,16507,27.397
18886,57073,hierarchy_delta,4,0,0,12091,27.3961
18887,56243,hierarchy_delta,4,0,0,11261,27.3789
18888,94936,hierarchy_delta,4,1,2,19966,27.3562
18889,89856,hierarchy_delta,4,1,2,14886,27.3459
18890,56800,hierarchy_delta,4,0,0,11818,27.3328
18891,109933,hierarchy_delta,4,1,3,19969,27.3206
18892,92597,hierarchy_delta,4,1,2,17627,27.3129
18893,94353,hierarchy_delta,4,1,2,19383,27.3057
18894,94266,hierarchy_delta,4,1,2,19296,27.2831
18895,73368,hierarchy_delta,4,0,1,13392,27.2739
18896,77602,hierarchy_delta,4,0,1,17626,27.2595
18897,74073,hierarchy_delta,4,0,1,14097,27.2474
18898,92818,hierarchy_delta,4,1,2,17848,27.243
18899,90462,hierarchy_delta,4,1,2,15492,27.2116
18900,75801,hierarchy_delta,4,0,1,15825,27.2074
18901,93059,hierarchy_delta,4,1,2,18089,27.1451
18902,61446,hierarchy_delta,4,0,0,16464,27.1419
18903,57039,hierarchy_delta,4,0,0,12057,27.1359
18904,92491,hierarchy_delta,4,1,2,17521,27.1123
18905,94018,hierarchy_delta,4,1,2,19048,27.1055
18906,92099,hierarchy_delta,4,1,2,17129,27.0449
18907,58700,hierarchy_delta,4,0,0,13718,27.0331
18908,109325,hierarchy_delta,4,1,3,19361,27.0204
18909,71469,hierarchy_delta,4,0,1,11493,27.0026
18910,57310,hierarchy_delta,4,0,0,12328,26.9982
18911,71394,hierarchy_delta,4,0,1,11418,26.9934
18912,59776,hierarchy_delta,4,0,0,14794,26.9711
18913,63454,hierarchy_delta,4,0,0,18472,26.9696
18914,54709,hierarchy_delta,4,0,0,9727,26.958
18915,106479,hierarchy_delta,4,1,3,16515,26.9306
18916,58379,hierarchy_delta,4,0,0,13397,26.898
18917,106419,hierarchy_delta,4,1,3,16455,26.8975
18918,106390,hierarchy_delta,4,1,3,16426,26.89
18919,57968,hierarchy_delta,4,0,0,12986,26.8892
18920,75756,hierarchy_delta,4,0,1,15780,26.8822
18921,92032,hierarchy_delta,4,1,2,17062,26.8724
18922,63805,hierarchy_delta,4,0,0,18823,26.8696
18923,72572,hierarchy_delta,4,0,1,12596,26.8563
18924,94713,hierarchy_delta,4,1,2,19743,26.8448
18925,108085,hierarchy_delta,4,1,3,18121,26.8243
18926,56992,hierarchy_delta,4,0,0,12010,26.8112
18927,57735,hierarchy_delta,4,0,0,12753,26.8058
18928,94148,hierarchy_delta,4,1,2,19178,26.7998
18929,106414,hierarchy_delta,4,1,3,16450,26.7969
18930,92022,hierarchy_delta,4,1,2,17052,26.7883
18931,93953,hierarchy_delta,4,1,2,18983,26.7845
18932,59641,hierarchy_delta,4,0,0,14659,26.7714
18933,70181,hierarchy_delta,4,0,1,10205,26.7658
18934,58002,hierarchy_delta,4,0,0,13020,26.7546
18935,109349,hierarchy_delta,4,1,3,19385,26.7537
18936,57746,hierarchy_delta,4,0,0,12764,26.7529
18937,73986,hierarchy_delta,4,0,1,14010,26.7477
18938,94894,hierarchy_delta,4,1,2,19924,26.7266
18939,90927,hierarchy_delta,4,1,2,15957,26.7109
18940,90506,hierarchy_delta,4,1,2,15536,26.7108
18941,71516,hierarchy_delta,4,0,1,11540,26.688
18942,72178,hierarchy_delta,4,0,1,12202,26.6552
18943,93537,hierarchy_delta,4,1,2,18567,26.6529
18944,58038,hierarchy_delta,4,0,0,13056,26.6245
18945,58449,hierarchy_delta,4,0,0,13467,26.6142
18946,60891,hierarchy_delta,4,0,0,15909,26.5893
18947,79335,hierarchy_delta,4,0,1,19359,26.5343
18948,91767,hierarchy_delta,4,1,2,16797,26.5183
18949,109564,hierarchy_delta,4,1,3,19600,26.5102
18950,72028,hierarchy_delta,4,0,1,12052,26.5075
18951,57323,hierarchy_delta,4,0,0,12341,26.4493
18952,93647,hierarchy_delta,4,1,2,18677,26.4487
18953,62016,hierarchy_delta,4,0,0,17034,26.4305
18954,92105,hierarchy_delta,4,1,2,17135,26.4146
18955,59670,hierarchy_delta,4,0,0,14688,26.3952
18956,59084,hierarchy_delta,4,0,0,14102,26.3901
18957,73245,hierarchy_delta,4,0,1,13269,26.3771
18958,59742,hierarchy_delta,4,0,0,14760,26.3682
18959,71983,hierarchy_delta,4,0,1,12007,26.3676
18960,56785,hierarchy_delta,4,0,0,11803,26.3558
18961,91626,hierarchy_delta,4,1,2,16656,26.3045
18962,56623,hierarchy_delta,4,0,0,11641,26.2979
18963,57860,hierarchy_delta,4,0,0,12878,26.2968
18964,72765,hierarchy_delta,4,0,1,12789,26.2895
18965,56124,hierarchy_delta,4,0,0,11142,26.2641
18966,94543,hierarchy_delta,4,1,2,19573,26.2187
18967,75964,hierarchy_delta,4,0,1,15988,26.2061
18968,74092,hierarchy_delta,4,0,1,14116,26.2002
18969,90843,hierarchy_delta,4,1,2,15873,26.1867
18970,109593,hierarchy_delta,4,1,3,19629,26.1763
18971,70708,hierarchy_delta,4,0,1,10732,26.1761
18972,107657,hierarchy_delta,4,1,3,17693,26.1702
18973,92016,hierarchy_delta,4,1,2,17046,26.1683
18974,72134,hierarchy_delta,4,0,1,12158,26.1629
18975,74108,hierarchy_delta,4,0,1,14132,26.1605
18976,109888,hierarchy_delta,4,1,3,19924,26.1491
18977,60907,hierarchy_delta,4,0,0,15925,26.1426
18978,106401,hierarchy_delta,4,1,3,16437,26.1223
18979,57468,hierarchy_delta,4,0,0,12486,26.1146
18980,109013,hierarchy_delta,4,1,3,19049,26.0875
18981,73477,hierarchy_delta,4,0,1,13501,26.0729
18982,92194,hierarchy_delta,4,1,2,17224,26.0705
18983,58436,hierarchy_delta,4,0,0,13454,26.0544
18984,75352,hierarchy_delta,4,0,1,15376,26.0501
18985,93775,hierarchy_delta,4,1,2,18805,26.0432
18986,57834,hierarchy_delta,4,0,0,12852,26.0375
18987,57712,hierarchy_delta,4,0,0,12730,26.0369
18988,94825,hierarchy_delta,4,1,2,19855,26.0327
18989,58695,hierarchy_delta,4,0,0,13713,26.0252
18990,76440,hierarchy_delta,4,0,1,16464,26.0037
18991,92940,hierarchy_delta,4,1,2,17970,25.9816
18992,57973,hierarchy_delta,4,0,0,12991,25.9809
18993,92998,hierarchy_delta,4,1,2,18028,25.9691
18994,58421,hierarchy_delta,4,0,0,13439,25.954
18995,56214,hierarchy_delta,4,0,0,11232,25.9381
18996,75816,hierarchy_delta,4,0,1,15840,25.9288
18997,68218,hierarchy_delta,4,0,1,8242,25.9271
18998,59269,hierarchy_delta,4,0,0,14287,25.9225
18999,72367,hierarchy_delta,4,0,1,12391,25.9014
19000,69734,hierarchy_delta,4,0,1,9758,25.9003
19001,106967,hierarchy_delta,4,1,3,17003,25.8793
19002,93786,hierarchy_delta,4,1,2,18816,25.8658
19003,92037,hierarchy_delta,4,1,2,17067,25.8647
19004,71519,hierarchy_delta,4,0,1,11543,25.8623
19005,54017,hierarchy_delta,4,0,0,9035,25.8568
19006,72804,hierarchy_delta,4,0,1,12828,25.8508
19007,109890,hierarchy_delta,4,1,3,19926,25.8053
19008,70176,hierarchy_delta,4,0,1,10200,25.7984
19009,57740,hierarchy_delta,4,0,0,12758,25.7937
19010,56522,hierarchy_delta,4,0,0,11540,25.7889
19011,56782,hierarchy_delta,4,0,0,11800,25.7883
19012,58669,hierarchy_delta,4,0,0,13687,25.7882
19013,105794,hierarchy_delta,4,1,3,15830,25.783
19014,90924,hierarchy_delta,4,1,2,15954,25.7768
19015,57184,hierarchy_delta,4,0,0,12202,25.775
19016,55439,hierarchy_delta,4,0,0,10457,25.7737
19017,93979,hierarchy_delta,4,1,2,19009,25.7641
19018,107579,hierarchy_delta,4,1,3,17615,25.7602
19019,54528,hierarchy_delta,4,0,0,9546,25.7449
19020,56908,hierarchy_delta,4,0,0,11926,25.7424
19021,93739,hierarchy_delta,4,1,2,18769,25.7359
19022,107562,hierarchy_delta,4,1,3,17598,25.7347
19023,55962,hierarchy_delta,4,0,0,10980,25.7228
19024,72760,hierarchy_delta,4,0,1,12784,25.713
19025,106457,hierarchy_delta,4,1,3,16493,25.7128
19026,57986,hierarchy_delta,4,0,0,13004,25.6856
19027,93518,hierarchy_delta,4,1,2,18548,25.6758
19028,57326,hierarchy_delta,4,0,0,12344,25.6665
19029,58829,hierarchy_delta,4,0,0,13847,25.6662
19030,60329,hierarchy_delta,4,0,0,15347,25.6617
19031,60007,hierarchy_delta,4,0,0,15025,25.66
19032,58251,hierarchy_delta,4,0,0,13269,25.6593
19033,105749,hierarchy_delta,4,1,3,15785,25.6517
19034,77607,hierarchy_delta,4,0,1,17631,25.6457
19035,71634,hierarchy_delta,4,0,1,11658,25.6124
19036,62065,hierarchy_delta,4,0,0,17083,25.5981
19037,70835,hierarchy_delta,4,0,1,10859,25.5956
19038,60241,hierarchy_delta,4,0,0,15259,25.5826
19039,59098,hierarchy_delta,4,0,0,14116,25.5757
19040,69899,hierarchy_delta,4,0,1,9923,25.5688
19041,92378,hierarchy_delta,4,1,2,17408,25.5557
19042,72144,hierarchy_delta,4,0,1,12168,25.5437
19043,56392,hierarchy_delta,4,0,0,11410,25.5361
19044,71363,hierarchy_delta,4,0,1,11387,25.5303
19045,70121,hierarchy_delta,4,0,1,10145,25.524
19046,59114,hierarchy_delta,4,0,0,14132,25.5209
19047,105793,hierarchy_delta,4,1,3,15829,25.5201
19048,79027,hierarchy_delta,4,0,1,19051,25.4893
19049,72346,hierarchy_delta,4,0,1,12370,25.4834
19050,109011,hierarchy_delta,4,1,3,19047,25.4604
19051,74150,hierarchy_delta,4,0,1,14174,25.4416
19052,108984,hierarchy_delta,4,1,3,19020,25.4413
19053,58382,hierarchy_delta,4,0,0,13400,25.4389
19054,73487,hierarchy_delta,4,0,1,13511,25.431
19055,108723,hierarchy_delta,4,1,3,18759,25.4246
19056,58711,hierarchy_delta,4,0,0,13729,25.4231
19057,74731,hierarchy_delta,4,0,1,14755,25.4185
19058,90903,hierarchy_delta,4,1,2,15933,25.4103
19059,77594,hierarchy_delta,4,0,1,17618,25.4091
19060,56240,hierarchy_delta,4,0,0,11258,25.4077
19061,69703,hierarchy_delta,4,0,1,9727,25.398
19062,58112,hierarchy_delta,4,0,0,13130,25.3966
19063,93744,hierarchy_delta,4,1,2,18774,25.3861
19064,74181,hierarchy_delta,4,0,1,14205,25.3846
19065,91978,hierarchy_delta,4,1,2,17008,25.3814
19066,59662,hierarchy_delta,4,0,0,14680,25.3759
19067,56803,hierarchy_delta,4,0,0,11821,25.3648
19068,109527,hierarchy_delta,4,1,3,19563,25.3597
19069,56805,hierarchy_delta,4,0,0,11823,25.3482
19070,56319,hierarchy_delta,4,0,0,11337,25.343
19071,58164,hierarchy_delta,4,0,0,13182,25.3367
19072,92496,hierarchy_delta,4,1,2,17526,25.331
19073,56682,hierarchy_delta,4,0,0,11700,25.3291
19074,72197,hierarchy_delta,4,0,1,12221,25.3234
19075,91395,hierarchy_delta,4,1,2,16425,25.3017
19076,92972,hierarchy_delta,4,1,2,18002,25.2881
19077,92493,hierarchy_delta,4,1,2,17523,25.287
19078,59342,hierarchy_delta,4,0,0,14360,25.2828
19079,56014,hierarchy_delta,4,0,0,11032,25.2736
19080,109016,hierarchy_delta,4,1,3,19052,25.2732
19081,92855,hierarchy_delta,4,1,2,17885,25.2547
19082,89411,hierarchy_delta,4,1,2,14441,25.2491
19083,59308,hierarchy_delta,4,0,0,14326,25.2183
19084,59070,hierarchy_delta,4,0,0,14088,25.2125
19085,56685,hierarchy_delta,4,0,0,11703,25.2079
19086,58001,hierarchy_delta,4,0,0,13019,25.1996
19087,94307,hierarchy_delta,4,1,2,19337,25.1969
19088,107811,hierarchy_delta,4,1,3,17847,25.1934
19089,57140,hierarchy_delta,4,0,0,12158,25.1918
19090,108192,hierarchy_delta,4,1,3,18228,25.1908
19091,56025,hierarchy_delta,4,0,0,11043,25.1869
19092,94021,hierarchy_delta,4,1,2,19051,25.1734
19093,60238,hierarchy_delta,4,0,0,15256,25.1701
19094,79376,hierarchy_delta,4,0,1,19400,25.1683
19095,58246,hierarchy_delta,4,0,0,13264,25.1513
19096,93129,hierarchy_delta,4,1,2,18159,25.1511
19097,90346,hierarchy_delta,4,1,2,15376,25.1511
19098,69011,hierarchy_delta,4,0,1,9035,25.1468
19099,61789,hierarchy_delta,4,0,0,16807,25.1394
19100,56235,hierarchy_delta,4,0,0,11253,25.1392
19101,93529,hierarchy_delta,4,1,2,18559,25.1331
19102,58411,hierarchy_delta,4,0,0,13429,25.1293
19103,91305,hierarchy_delta,4,1,2,16335,25.1039
19104,108424,hierarchy_delta,4,1,3,18460,25.0997
19105,73355,hierarchy_delta,4,0,1,13379,25.0879
19106,61096,hierarchy_delta,4,0,0,16114,25.0606
19107,55349,hierarchy_delta,4,0,0,10367,25.0587
19108,58143,hierarchy_delta,4,0,0,13161,25.0547
19109,57810,hierarchy_delta,4,0,0,12828,25.0545
19110,55182,hierarchy_delta,4,0,0,10200,25.037
19111,51414,hierarchy_delta,4,0,0,6432,25.0276
19112,92585,hierarchy_delta,4,1,2,17615,25.016
19113,56628,hierarchy_delta,4,0,0,11646,24.9981
19114,107651,hierarchy_delta,4,1,3,17687,24.9965
19115,60326,hierarchy_delta,4,0,0,15344,24.9962
19116,77588,hierarchy_delta,4,0,1,17612,24.9961
19117,54525,hierarchy_delta,4,0,0,9543,24.9951
19118,55074,hierarchy_delta,4,0,0,10092,24.9926
19119,78210,hierarchy_delta,4,0,1,18234,24.9857
19120,70178,hierarchy_delta,4,0,1,10202,24.975
19121,89275,hierarchy_delta,4,1,2,14305,24.9714
19122,91886,hierarchy_delta,4,1,2,16916,24.9673
19123,54318,hierarchy_delta,4,0,0,9336,24.9635
19124,54732,hierarchy_delta,4,0,0,9750,24.9607
19125,71397,hierarchy_delta,4,0,1,11421,24.9591
19126,70804,hierarchy_delta,4,0,1,10828,24.9569
19127,93132,hierarchy_delta,4,1,2,18162,24.9459
19128,92699,hierarchy_delta,4,1,2,17729,24.9455
19129,60321,hierarchy_delta,4,0,0,15339,24.9433
19130,54740,hierarchy_delta,4,0,0,9758,24.9201
19131,90467,hierarchy_delta,4,1,2,15497,24.9196
19132,72729,hierarchy_delta,4,0,1,12753,24.9191
19133,54533,hierarchy_delta,4,0,0,9551,24.9176
19134,60853,hierarchy_delta,4,0,0,15871,24.9155
19135,79538,hierarchy_delta,4,0,1,19562,24.9072
19136,75914,hierarchy_delta,4,0,1,15938,24.9065
19137,73373,hierarchy_delta,4,0,1,13397,24.9001
19138,61792,hierarchy_delta,4,0,0,16810,24.8907
19139,56467,hierarchy_delta,4,0,0,11485,24.888
19140,78262,hierarchy_delta,4,0,1,18286,24.8863
19141,77591,hierarchy_delta,4,0,1,17615,24.885
19142,72038,hierarchy_delta,4,0,1,12062,24.8663
19143,94116,hierarchy_delta,4,1,2,19146,24.8514
19144,56658,hierarchy_delta,4,0,0,11676,24.8438
19145,55187,hierarchy_delta,4,0,0,10205,24.8404
19146,60331,hierarchy_delta,4,0,0,15349,24.8339
19147,59073,hierarchy_delta,4,0,0,14091,24.8038
19148,68637,hierarchy_delta,4,0,1,8661,24.8028
19149,59602,hierarchy_delta,4,0,0,14620,24.802
19150,78249,hierarchy_delta,4,0,1,18273,24.7929
19151,59091,hierarchy_delta,4,0,0,14109,24.7872
19152,70168,hierarchy_delta,4,0,1,10192,24.7845
19153,74596,hierarchy_delta,4,0,1,14620,24.7841
19154,57560,hierarchy_delta,4,0,0,12578,24.7756
19155,78799,hierarchy_delta,4,0,1,18823,24.7613
19156,58633,hierarchy_delta,4,0,0,13651,24.7595
19157,59169,hierarchy_delta,4,0,0,14187,24.7582
19158,52569,hierarchy_delta,4,0,0,7587,24.7521
19159,56679,hierarchy_delta,4,0,0,11697,24.751
19160,51501,hierarchy_delta,4,0,0,6519,24.7324
19161,105901,hierarchy_delta,4,1,3,15937,24.7194
19162,57738,hierarchy_delta,4,0,0,12756,24.718
19163,76981,hierarchy_delta,4,0,1,17005,24.7107
19164,51506,hierarchy_delta,4,0,0,6524,24.7092
19165,72194,hierarchy_delta,4,0,1,12218,24.7012
19166,90313,hierarchy_delta,4,1,2,15343,24.7009
19167,52216,hierarchy_delta,4,0,0,7234,24.6997
19168,78146,hierarchy_delta,4,0,1,18170,24.6846
19169,108720,hierarchy_delta,4,1,3,18756,24.679
19170,91975,hierarchy_delta,4,1,2,17005,24.6787
19171,57318,hierarchy_delta,4,0,0,12336,24.6708
19172,93964,hierarchy_delta,4,1,2,18994,24.6533
19173,70687,hierarchy_delta,4,0,1,10711,24.6408
19174,57065,hierarchy_delta,4,0,0,12083,24.6343
19175,79248,hierarchy_delta,4,0,1,19272,24.6309
19176,71386,hierarchy_delta,4,0,1,11410,24.626
19177,73106,hierarchy_delta,4,0,1,13130,24.622
19178,107809,hierarchy_delta,4,1,3,17845,24.6217
19179,53738,hierarchy_delta,4,0,0,8756,24.6159
19180,74067,hierarchy_delta,4,0,1,14091,24.614
19181,72067,hierarchy_delta,4,0,1,12091,24.6082
19182,91032,hierarchy_delta,4,1,2,16062,24.6068
19183,51493,hierarchy_delta,4,0,0,6511,24.5914
19184,78844,hierarchy_delta,4,0,1,18868,24.571
19185,62970,hierarchy_delta,4,0,0,17988,24.5694
19186,92047,hierarchy_delta,4,1,2,17077,24.5585
19187,91441,hierarchy_delta,4,1,2,16471,24.5545
19188,89914,hierarchy_delta,4,1,2,14944,24.5468
19189,70438,hierarchy_delta,4,0,1,10462,24.5344
19190,52650,hierarchy_delta,4,0,0,7668,24.5273
19191,73415,hierarchy_delta,4,0,1,13439,24.5235
19192,70068,hierarchy_delta,4,0,1,10092,24.5214
19193,56640,hierarchy_delta,4,0,0,11658,24.5184
19194,94612,hierarchy_delta,4,1,2,19642,24.5177
19195,70559,hierarchy_delta,4,0,1,10583,24.5143
19196,92786,hierarchy_delta,4,1,2,17816,24.5139
19197,55714,hierarchy_delta,4,0,0,10732,24.5006
19198,56653,hierarchy_delta,4,0,0,11671,24.4909
19199,55701,hierarchy_delta,4,0,0,10719,24.4844
19200,91524,hierarchy_delta,4,1,2,16554,24.4828
19201,53494,hierarchy_delta,4,0,0,8512,24.4683
19202,55978,hierarchy_delta,4,0,0,10996,24.4637
19203,72051,hierarchy_delta,4,0,1,12075,24.4552
19204,55171,hierarchy_delta,4,0,0,10189,24.4541
19205,58398,hierarchy_delta,4,0,0,13416,24.4501
19206,75315,hierarchy_delta,4,0,1,15339,24.4355
19207,55696,hierarchy_delta,4,0,0,10714,24.4301
19208,93961,hierarchy_delta,4,1,2,18991,24.4071
19209,105241,hierarchy_delta,4,1,3,15277,24.3929
19210,89912,hierarchy_delta,4,1,2,14942,24.3914
19211,70843,hierarchy_delta,4,0,1,10867,24.3883
19212,58493,hierarchy_delta,4,0,0,13511,24.3881
19213,72656,hierarchy_delta,4,0,1,12680,24.3859
19214,92804,hierarchy_delta,4,1,2,17834,24.3846
19215,77074,hierarchy_delta,4,0,1,17098,24.3833
19216,60856,hierarchy_delta,4,0,0,15874,24.3763
19217,58332,hierarchy_delta,4,0,0,13350,24.3583
19218,108082,hierarchy_delta,4,1,3,18118,24.3462
19219,63211,hierarchy_delta,4,0,0,18229,24.3245
19220,56989,hierarchy_delta,4,0,0,12007,24.3242
19221,90343,hierarchy_delta,4,1,2,15373,24.3027
19222,52224,hierarchy_delta,4,0,0,7242,24.298
19223,57815,hierarchy_delta,4,0,0,12833,24.2973
19224,57831,hierarchy_delta,4,0,0,12849,24.2965
19225,107593,hierarchy_delta,4,1,3,17629,24.2895
19226,56530,hierarchy_delta,4,0,0,11548,24.279
19227,53072,hierarchy_delta,4,0,0,8090,24.2699
19228,62672,hierarchy_delta,4,0,0,17690,24.2685
19229,89665,hierarchy_delta,4,1,2,14695,24.2684
19230,108676,hierarchy_delta,4,1,3,18712,24.2553
19231,57150,hierarchy_delta,4,0,0,12168,24.2502
19232,73430,hierarchy_delta,4,0,1,13454,24.246
19233,57478,hierarchy_delta,4,0,0,12496,24.2437
19234,57070,hierarchy_delta,4,0,0,12088,24.2394
19235,72740,hierarchy_delta,4,0,1,12764,24.235
19236,59295,hierarchy_delta,4,0,0,14313,24.2336
19237,56514,hierarchy_delta,4,0,0,11532,24.2323
19238,93823,hierarchy_delta,4,1,2,18853,24.2266
19239,54352,hierarchy_delta,4,0,0,9370,24.2254
19240,58259,hierarchy_delta,4,0,0,13277,24.2254
19241,104667,hierarchy_delta,4,1,3,14703,24.2044
19242,72812,hierarchy_delta,4,0,1,12836,24.2033
19243,105298,hierarchy_delta,4,1,3,15334,24.2018
19244,77056,hierarchy_delta,4,0,1,17080,24.1884
19245,92005,hierarchy_delta,4,1,2,17035,24.1811
19246,55124,hierarchy_delta,4,0,0,10142,24.1804
19247,62062,hierarchy_delta,4,0,0,17080,24.1697
19248,91527,hierarchy_delta,4,1,2,16557,24.169
19249,56219,hierarchy_delta,4,0,0,11237,24.1648
19250,57350,hierarchy_delta,4,0,0,12368,24.1614
19251,72724,hierarchy_delta,4,0,1,12748,24.1573
19252,54255,hierarchy_delta,4,0,0,9273,24.1545
19253,56217,hierarchy_delta,4,0,0,11235,24.1446
19254,54745,hierarchy_delta,4,0,0,9763,24.1327
19255,58648,hierarchy_delta,4,0,0,13666,24.1293
19256,71965,hierarchy_delta,4,0,1,11989,24.1137
19257,79251,hierarchy_delta,4,0,1,19275,24.1082
19258,79509,hierarchy_delta,4,0,1,19533,24.1042
19259,56397,hierarchy_delta,4,0,0,11415,24.0977
19260,108091,hierarchy_delta,4,1,3,18127,24.0967
19261,71399,hierarchy_delta,4,0,1,11423,24.092
19262,55297,hierarchy_delta,4,0,0,10315,24.0855
19263,77624,hierarchy_delta,4,0,1,17648,24.0823
19264,69522,hierarchy_delta,4,0,1,9546,24.0806
19265,105879,hierarchy_delta,4,1,3,15915,24.079
19266,108525,hierarchy_delta,4,1,3,18561,24.0753
19267,61795,hierarchy_delta,4,0,0,16813,24.0735
19268,57816,hierarchy_delta,4,0,0,12834,24.0698
19269,94173,hierarchy_delta,4,1,2,19203,24.0635
19270,57983,hierarchy_delta,4,0,0,13001,24.062
19271,75357,hierarchy_delta,4,0,1,15381,24.0571
19272,72142,hierarchy_delta,4,0,1,12166,24.0498
19273,52684,hierarchy_delta,4,0,0,7702,24.0414
19274,67770,hierarchy_delta,4,0,1,7794,24.0271
19275,57305,hierarchy_delta,4,0,0,12323,24.0181
19276,73663,hierarchy_delta,4,0,1,13687,24.018
19277,107472,hierarchy_delta,4,1,3,17508,24.0028
19278,109157,hierarchy_delta,4,1,3,19193,24.0002
19279,57290,hierarchy_delta,4,0,0,12308,23.9897
19280,88689,hierarchy_delta,4,1,2,13719,23.989
19281,107547,hierarchy_delta,4,1,3,17583,23.9814
19282,93994,hierarchy_delta,4,1,2,19024,23.978
19283,60835,hierarchy_delta,4,0,0,15853,23.9699
19284,76495,hierarchy_delta,4,0,1,16519,23.9681
19285,74659,hierarchy_delta,4,0,1,14683,23.9673
19286,75283,hierarchy_delta,4,0,1,15307,23.9672
19287,55007,hierarchy_delta,4,0,0,10025,23.9543
19288,104182,hierarchy_delta,4,1,3,14218,23.9502
19289,104722,hierarchy_delta,4,1,3,14758,23.9476
19290,69346,hierarchy_delta,4,0,1,9370,23.9432
19291,72982,hierarchy_delta,4,0,1,13006,23.9392
19292,58703,hierarchy_delta,4,0,0,13721,23.9386
19293,92655,hierarchy_delta,4,1,2,17685,23.9356
19294,68483,hierarchy_delta,4,0,1,8507,23.9332
19295,59290,hierarchy_delta,4,0,0,14308,23.9306
19296,59667,hierarchy_delta,4,0,0,14685,23.9229
19297,106927,hierarchy_delta,4,1,3,16963,23.9204
19298,51498,hierarchy_delta,4,0,0,6516,23.9183
19299,89773,hierarchy_delta,4,1,2,14803,23.9142
19300,92373,hierarchy_delta,4,1,2,17403,23.9114
19301,93183,hierarchy_delta,4,1,2,18213,23.9049
19302,89328,hierarchy_delta,4,1,2,14358,23.9048
19303,56363,hierarchy_delta,4,0,0,11381,23.9042
19304,58527,hierarchy_delta,4,0,0,13545,23.9001
19305,109526,hierarchy_delta,4,1,3,19562,23.8974
19306,108681,hierarchy_delta,4,1,3,18717,23.8894
19307,90656,hierarchy_delta,4,1,2,15686,23.8881
19308,77007,hierarchy_delta,4,0,1,17031,23.8872
19309,90724,hierarchy_delta,4,1,2,15754,23.88
19310,91912,hierarchy_delta,4,1,2,16942,23.8732
19311,79942,hierarchy_delta,4,0,1,19966,23.8641
19312,68992,hierarchy_delta,4,0,1,9016,23.8627
19313,105301,hierarchy_delta,4,1,3,15337,23.8497
19314,76400,hierarchy_delta,4,0,1,16424,23.8482
19315,59065,hierarchy_delta,4,0,0,14083,23.8448
19316,74669,hierarchy_delta,4,0,1,14693,23.842
19317,94263,hierarchy_delta,4,1,2,19293,23.8244
19318,71689,hierarchy_delta,4,0,1,11713,23.8151
19319,104143,hierarchy_delta,4,1,3,14179,23.815
19320,92802,hierarchy_delta,4,1,2,17832,23.8045
19321,59272,hierarchy_delta,4,0,0,14290,23.7979
19322,57870,hierarchy_delta,4,0,0,12888,23.7964
19323,78252,hierarchy_delta,4,0,1,18276,23.7953
19324,67733,hierarchy_delta,4,0,1,7757,23.794
19325,94176,hierarchy_delta,4,1,2,19206,23.7938
19326,108173,hierarchy_delta,4,1,3,18209,23.7931
19327,91629,hierarchy_delta,4,1,2,16659,23.7928
19328,90246,hierarchy_delta,4,1,2,15276,23.7923
19329,92364,hierarchy_delta,4,1,2,17394,23.7732
19330,53836,hierarchy_delta,4,0,0,8854,23.7645
19331,55295,hierarchy_delta,4,0,0,10313,23.7633
19332,67519,hierarchy_delta,4,0,1,7543,23.756
19333,109372,hierarchy_delta,4,1,3,19408,23.7439
19334,105681,hierarchy_delta,4,1,3,15717,23.7428
19335,71376,hierarchy_delta,4,0,1,11400,23.742
19336,78218,hierarchy_delta,4,0,1,18242,23.7399
19337,93165,hierarchy_delta,4,1,2,18195,23.7364
19338,57355,hierarchy_delta,4,0,0,12373,23.7282
19339,52744,hierarchy_delta,4,0,0,7762,23.7247
19340,68645,hierarchy_delta,4,0,1,8669,23.7201
19341,60843,hierarchy_delta,4,0,0,15861,23.7192
19342,70543,hierarchy_delta,4,0,1,10567,23.7179
19343,76532,hierarchy_delta,4,0,1,16556,23.7166
19344,67652,hierarchy_delta,4,0,1,7676,23.7112
19345,56117,hierarchy_delta,4,0,0,11135,23.6994
19346,57771,hierarchy_delta,4,0,0,12789,23.6988
19347,69312,hierarchy_delta,4,0,1,9336,23.6912
19348,90348,hierarchy_delta,4,1,2,15378,23.6904
19349,53224,hierarchy_delta,4,0,0,8242,23.6879
19350,55036,hierarchy_delta,4,0,0,10054,23.6833
19351,68724,hierarchy_delta,4,0,1,8748,23.6726
19352,52363,hierarchy_delta,4,0,0,7381,23.6675
19353,56485,hierarchy_delta,4,0,0,11503,23.665
19354,56787,hierarchy_delta,4,0,0,11805,23.6589
19355,71779,hierarchy_delta,4,0,1,11803,23.6549
19356,78141,hierarchy_delta,4,0,1,18165,23.6531
19357,93245,hierarchy_delta,4,1,2,18275,23.653
19358,108679,hierarchy_delta,4,1,3,18715,23.6473
19359,58656,hierarchy_delta,4,0,0,13674,23.6454
19360,70118,hierarchy_delta,4,0,1,10142,23.6174
19361,51406,hierarchy_delta,4,0,0,6424,23.6154
19362,70291,hierarchy_delta,4,0,1,10315,23.6107
19363,62500,hierarchy_delta,4,0,0,17518,23.6012
19364,56012,hierarchy_delta,4,0,0,11030,23.5949
19365,105345,hierarchy_delta,4,1,3,15381,23.5939
19366,70030,hierarchy_delta,4,0,1,10054,23.5931
19367,53489,hierarchy_delta,4,0,0,8507,23.5918
19368,59336,hierarchy_delta,4,0,0,14354,23.5891
19369,58659,hierarchy_delta,4,0,0,13677,23.5822
19370,55805,hierarchy_delta,4,0,0,10823,23.5803
19371,60020,hierarchy_delta,4,0,0,15038,23.5738
19372,108234,hierarchy_delta,4,1,3,18270,23.5709
19373,55279,hierarchy_delta,4,0,0,10297,23.5683
19374,55300,hierarchy_delta,4,0,0,10318,23.5592
19375,70001,hierarchy_delta,4,0,1,10025,23.5584
19376,106406,hierarchy_delta,4,1,3,16442,23.5573
19377,60023,hierarchy_delta,4,0,0,15041,23.5545
19378,91826,hierarchy_delta,4,1,2,16856,23.5428
19379,52512,hierarchy_delta,4,0,0,7530,23.5358
19380,106388,hierarchy_delta,4,1,3,16424,23.5358
19381,72977,hierarchy_delta,4,0,1,13001,23.5335
19382,60363,hierarchy_delta,4,0,0,15381,23.5129
19383,59285,hierarchy_delta,4,0,0,14303,23.5098
19384,70961,hierarchy_delta,4,0,1,10985,23.5003
19385,94892,hierarchy_delta,4,1,2,19922,23.485
19386,69000,hierarchy_delta,4,0,1,9024,23.4834
19387,52561,hierarchy_delta,4,0,0,7579,23.4792
19388,69029,hierarchy_delta,4,0,1,9053,23.4789
19389,56798,hierarchy_delta,4,0,0,11816,23.4689
19390,66733,hierarchy_delta,4,0,1,6757,23.4676
19391,91440,hierarchy_delta,4,1,2,16470,23.4658
19392,52525,hierarchy_delta,4,0,0,7543,23.4619
19393,58716,hierarchy_delta,4,0,0,13734,23.4596
19394,57148,hierarchy_delta,4,0,0,12166,23.4585
19395,92205,hierarchy_delta,4,1,2,17235,23.4563
19396,57813,hierarchy_delta,4,0,0,12831,23.4511
19397,59300,hierarchy_delta,4,0,0,14318,23.4504
19398,104724,hierarchy_delta,4,1,3,14760,23.4495
19399,63770,hierarchy_delta,4,0,0,18788,23.4416
19400,59076,hierarchy_delta,4,0,0,14094,23.4395
19401,56400,hierarchy_delta,4,0,0,11418,23.4395
19402,70640,hierarchy_delta,4,0,1,10664,23.4383
19403,91623,hierarchy_delta,4,1,2,16653,23.4338
19404,108752,hierarchy_delta,4,1,3,18788,23.4335
19405,57766,hierarchy_delta,4,0,0,12784,23.4277
19406,52739,hierarchy_delta,4,0,0,7757,23.4205
19407,74078,hierarchy_delta,4,0,1,14102,23.4092
19408,90217,hierarchy_delta,4,1,2,15247,23.4004
19409,72706,hierarchy_delta,4,0,1,12730,23.3955
19410,91464,hierarchy_delta,4,1,2,16494,23.3884
19411,70791,hierarchy_delta,4,0,1,10815,23.3869
19412,57370,hierarchy_delta,4,0,0,12388,23.3835
19413,72362,hierarchy_delta,4,0,1,12386,23.3817
19414,53730,hierarchy_delta,4,0,0,8748,23.3754
19415,54263,hierarchy_delta,4,0,0,9281,23.371
19416,106998,hierarchy_delta,4,1,3,17034,23.36
19417,59920,hierarchy_delta,4,0,0,14938,23.3579
19418,72567,hierarchy_delta,4,0,1,12591,23.3578
19419,53643,hierarchy_delta,4,0,0,8661,23.3552
19420,53219,hierarchy_delta,4,0,0,8237,23.3484
19421,105683,hierarchy_delta,4,1,3,15719,23.3471
19422,71461,hierarchy_delta,4,0,1,11485,23.3449
19423,68760,hierarchy_delta,4,0,1,8784,23.3386
19424,56890,hierarchy_delta,4,0,0,11908,23.3361
19425,106968,hierarchy_delta,4,1,3,17004,23.3349
19426,55166,hierarchy_delta,4,0,0,10184,23.3315
19427,59148,hierarchy_delta,4,0,0,14166,23.3303
19428,73027,hierarchy_delta,4,0,1,13051,23.3264
19429,53930,hierarchy_delta,4,0,0,8948,23.3264
19430,67982,hierarchy_delta,4,0,1,8006,23.3233
19431,74080,hierarchy_delta,4,0,1,14104,23.3058
19432,58025,hierarchy_delta,4,0,0,13043,23.2897
19433,72810,hierarchy_delta,4,0,1,12834,23.2876
19434,105361,hierarchy_delta,4,1,3,15397,23.2875
19435,75245,hierarchy_delta,4,0,1,15269,23.2842
19436,70567,hierarchy_delta,4,0,1,10591,23.2785
19437,92943,hierarchy_delta,4,1,2,17973,23.2755
19438,78157,hierarchy_delta,4,0,1,18181,23.2669
19439,72987,hierarchy_delta,4,0,1,13011,23.264
19440,52376,hierarchy_delta,4,0,0,7394,23.262
19441,53651,hierarchy_delta,4,0,0,8669,23.2617
19442,58230,hierarchy_delta,4,0,0,13248,23.2593
19443,71907,hierarchy_delta,4,0,1,11931,23.2567
19444,58480,hierarchy_delta,4,0,0,13498,23.2491
19445,60617,hierarchy_delta,4,0,0,15635,23.2428
19446,91424,hierarchy_delta,4,1,2,16454,23.2427
19447,68784,hierarchy_delta,4,0,1,8808,23.2373
19448,57667,hierarchy_delta,4,0,0,12685,23.2343
19449,67563,hierarchy_delta,4,0,1,7587,23.2104
19450,55651,hierarchy_delta,4,0,0,10669,23.2009
19451,61483,hierarchy_delta,4,0,0,16501,23.1956
19452,76464,hierarchy_delta,4,0,1,16488,23.1895
19453,108418,hierarchy_delta,4,1,3,18454,23.1824
19454,74163,hierarchy_delta,4,0,1,14187,23.1696
19455,69084,hierarchy_delta,4,0,1,9108,23.1674
19456,70294,hierarchy_delta,4,0,1,10318,23.1624
19457,59647,hierarchy_delta,4,0,0,14665,23.1576
19458,75845,hierarchy_delta,4,0,1,15869,23.1561
19459,55282,hierarchy_delta,4,0,0,10300,23.1551
19460,109928,hierarchy_delta,4,1,3,19964,23.1544
19461,108671,hierarchy_delta,4,1,3,18707,23.1507
19462,51739,hierarchy_delta,4,0,0,6757,23.1442
19463,105876,hierarchy_delta,4,1,3,15912,23.1412
19464,78470,hierarchy_delta,4,0,1,18494,23.1394
19465,70012,hierarchy_delta,4,0,1,10036,23.132
19466,91280,hierarchy_delta,4,1,2,16310,23.13
19467,58664,hierarchy_delta,4,0,0,13682,23.1235
19468,59334,hierarchy_delta,4,0,0,14352,23.1118
19469,59195,hierarchy_delta,4,0,0,14213,23.1079
19470,91954,hierarchy_delta,4,1,2,16984,23.1031
19471,92495,hierarchy_delta,4,1,2,17525,23.101
19472,56405,hierarchy_delta,4,0,0,11423,23.0887
19473,54981,hierarchy_delta,4,0,0,9999,23.0875
19474,54258,hierarchy_delta,4,0,0,9276,23.0868
19475,93723,hierarchy_delta,4,1,2,18753,23.0824
19476,57988,hierarchy_delta,4,0,0,13006,23.0822
19477,108771,hierarchy_delta,4,1,3,18807,23.0777
19478,66408,hierarchy_delta,4,0,1,6432,23.0751
19479,91613,hierarchy_delta,4,1,2,16643,23.0702
19480,57277,hierarchy_delta,4,0,0,12295,23.0642
19481,93577,hierarchy_delta,4,1,2,18607,23.0556
19482,53790,hierarchy_delta,4,0,0,8808,23.0486
19483,51323,hierarchy_delta,4,0,0,6341,23.0441
19484,73991,hierarchy_delta,4,0,1,14015,23.0339
19485,93650,hierarchy_delta,4,1,2,18680,23.0292
19486,57654,hierarchy_delta,4,0,0,12672,23.0214
19487,57331,hierarchy_delta,4,0,0,12349,23.0199
19488,59079,hierarchy_delta,4,0,0,14097,23.0158
19489,107577,hierarchy_delta,4,1,3,17613,23.0088
19490,56358,hierarchy_delta,4,0,0,11376,23.0087
19491,54326,hierarchy_delta,4,0,0,9344,23.002
19492,90704,hierarchy_delta,4,1,2,15734,22.9865
19493,79167,hierarchy_delta,4,0,1,19191,22.9857
19494,59633,hierarchy_delta,4,0,0,14651,22.9794
19495,56684,hierarchy_delta,4,0,0,11702,22.9777
19496,58256,hierarchy_delta,4,0,0,13274,22.9771
19497,93182,hierarchy_delta,4,1,2,18212,22.9716
19498,59075,hierarchy_delta,4,0,0,14093,22.9627
19499,54973,hierarchy_delta,4,0,0,9991,22.9609
19500,57826,hierarchy_delta,4,0,0,12844,22.955
19501,106633,hierarchy_delta,4,1,3,16669,22.9512
19502,58130,hierarchy_delta,4,0,0,13148,22.9509
19503,108718,hierarchy_delta,4,1,3,18754,22.9316
19504,52679,hierarchy_delta,4,0,0,7697,22.9247
19505,53761,hierarchy_delta,4,0,0,8779,22.9244
19506,58043,hierarchy_delta,4,0,0,13061,22.9208
19507,54229,hierarchy_delta,4,0,0,9247,22.907
19508,73642,hierarchy_delta,4,0,1,13666,22.9053
19509,90450,hierarchy_delta,4,1,2,15480,22.9042
19510,55044,hierarchy_delta,4,0,0,10062,22.8979
19511,89726,hierarchy_delta,4,1,2,14756,22.8973
19512,74097,hierarchy_delta,4,0,1,14121,22.8903
19513,54347,hierarchy_delta,4,0,0,9365,22.8898
19514,70212,hierarchy_delta,4,0,1,10236,22.8858
19515,53648,hierarchy_delta,4,0,0,8666,22.8842
19516,108171,hierarchy_delta,4,1,3,18207,22.882
19517,109498,hierarchy_delta,4,1,3,19534,22.8814
19518,64367,hierarchy_delta,4,0,0,19385,22.879
19519,71208,hierarchy_delta,4,0,1,11232,22.8771
19520,55344,hierarchy_delta,4,0,0,10362,22.8707
19521,90349,hierarchy_delta,4,1,2,15379,22.8647
19522,77085,hierarchy_delta,4,0,1,17109,22.8613
19523,55727,hierarchy_delta,4,0,0,10745,22.8567
19524,75161,hierarchy_delta,4,0,1,15185,22.8518
19525,75201,hierarchy_delta,4,0,1,15225,22.8517
19526,67210,hierarchy_delta,4,0,1,7234,22.8482
19527,79898,hierarchy_delta,4,0,1,19922,22.8464
19528,52182,hierarchy_delta,4,0,0,7200,22.8461
19529,92569,hierarchy_delta,4,1,2,17599,22.8448
19530,73443,hierarchy_delta,4,0,1,13467,22.8412
19531,107013,hierarchy_delta,4,1,3,17049,22.8302
19532,90453,hierarchy_delta,4,1,2,15483,22.8296
19533,60599,hierarchy_delta,4,0,0,15617,22.8286
19534,71213,hierarchy_delta,4,0,1,11237,22.8235
19535,93551,hierarchy_delta,4,1,2,18581,22.8205
19536,54224,hierarchy_delta,4,0,0,9242,22.8156
19537,74741,hierarchy_delta,4,0,1,14765,22.8072
19538,106843,hierarchy_delta,4,1,3,16879,22.8034
19539,107612,hierarchy_delta,4,1,3,17648,22.7993
19540,94529,hierarchy_delta,4,1,2,19559,22.7986
19541,56098,hierarchy_delta,4,0,0,11116,22.798
19542,109322,hierarchy_delta,4,1,3,19358,22.7929
19543,58133,hierarchy_delta,4,0,0,13151,22.7929
19544,93452,hierarchy_delta,4,1,2,18482,22.7928
19545,52002,hierarchy_delta,4,0,0,7020,22.7913
19546,54892,hierarchy_delta,4,0,0,9910,22.7858
19547,72762,hierarchy_delta,4,0,1,12786,22.783
19548,54536,hierarchy_delta,4,0,0,9554,22.783
19549,65655,hierarchy_delta,4,0,1,5679,22.7739
19550,58338,hierarchy_delta,4,0,0,13356,22.7682
19551,67644,hierarchy_delta,4,0,1,7668,22.7629
19552,75867,hierarchy_delta,4,0,1,15891,22.762
19553,108056,hierarchy_delta,4,1,3,18092,22.7518
19554,58030,hierarchy_delta,4,0,0,13048,22.7485
19555,67176,hierarchy_delta,4,0,1,7200,22.748
19556,92694,hierarchy_delta,4,1,2,17724,22.7458
19557,56017,hierarchy_delta,4,0,0,11035,22.7455
19558,59439,hierarchy_delta,4,0,0,14457,22.7425
19559,59429,hierarchy_delta,4,0,0,14447,22.7405
19560,68732,hierarchy_delta,4,0,1,8756,22.7393
19561,55185,hierarchy_delta,4,0,0,10203,22.7383
19562,94316,hierarchy_delta,4,1,2,19346,22.7314
19563,52371,hierarchy_delta,4,0,0,7389,22.7297
19564,59424,hierarchy_delta,4,0,0,14442,22.7246
19565,56051,hierarchy_delta,4,0,0,11069,22.7208
19566,52988,hierarchy_delta,4,0,0,8006,22.7157
19567,55967,hierarchy_delta,4,0,0,10985,22.7148
19568,71313,hierarchy_delta,4,0,1,11337,22.7086
19569,56687,hierarchy_delta,4,0,0,11705,22.7008
19570,58790,hierarchy_delta,4,0,0,13808,22.6989
19571,61940,hierarchy_delta,4,0,0,16958,22.6973
19572,55520,hierarchy_delta,4,0,0,10538,22.6949
19573,56997,hierarchy_delta,4,0,0,12015,22.6946
19574,55454,hierarchy_delta,4,0,0,10472,22.6932
19575,70038,hierarchy_delta,4,0,1,10062,22.692
19576,73410,hierarchy_delta,4,0,1,13434,22.6899
19577,94355,hierarchy_delta,4,1,2,19385,22.6856
19578,62106,hierarchy_delta,4,0,0,17124,22.6644
19579,62220,hierarchy_delta,4,0,0,17238,22.659
19580,59878,hierarchy_delta,4,0,0,14896,22.6553
19581,70043,hierarchy_delta,4,0,1,10067,22.6547
19582,71401,hierarchy_delta,4,0,1,11425,22.6407
19583,71008,hierarchy_delta,4,0,1,11032,22.6372
19584,64257,hierarchy_delta,4,0,0,19275,22.6361
19585,109154,hierarchy_delta,4,1,3,19190,22.6326
19586,59869,hierarchy_delta,4,0,0,14887,22.6326
19587,58141,hierarchy_delta,4,0,0,13159,22.6314
19588,74294,hierarchy_delta,4,0,1,14318,22.6313
19589,54025,hierarchy_delta,4,0,0,9043,22.621
19590,107212,hierarchy_delta,4,1,3,17248,22.6208
19591,57730,hierarchy_delta,4,0,0,12748,22.6141
19592,55752,hierarchy_delta,4,0,0,10770,22.6134
19593,56135,hierarchy_delta,4,0,0,11153,22.6039
19594,88618,hierarchy_delta,4,1,2,13648,22.5998
19595,72580,hierarchy_delta,4,0,1,12604,22.5935
19596,68935,hierarchy_delta,4,0,1,8959,22.5879
19597,70420,hierarchy_delta,4,0,1,10444,22.5867
19598,58376,hierarchy_delta,4,0,0,13394,22.5862
19599,109846,hierarchy_delta,4,1,3,19882,22.5851
19600,93881,hierarchy_delta,4,1,2,18911,22.5796
19601,107032,hierarchy_delta,4,1,3,17068,22.5715
19602,59652,hierarchy_delta,4,0,0,14670,22.5698
19603,57481,hierarchy_delta,4,0,0,12499,22.5672
19604,72554,hierarchy_delta,4,0,1,12578,22.5622
19605,59161,hierarchy_delta,4,0,0,14179,22.5518
19606,51443,hierarchy_delta,4,0,0,6461,22.5474
19607,58418,hierarchy_delta,4,0,0,13436,22.5464
19608,108678,hierarchy_delta,4,1,3,18714,22.544
19609,66822,hierarchy_delta,4,0,1,6846,22.5394
19610,73376,hierarchy_delta,4,0,1,13400,22.5385
19611,55568,hierarchy_delta,4,0,0,10586,22.5292
19612,91765,hierarchy_delta,4,1,2,16795,22.5193
19613,78221,hierarchy_delta,4,0,1,18245,22.5188
19614,69988,hierarchy_delta,4,0,1,10012,22.5111
19615,92237,hierarchy_delta,4,1,2,17267,22.5058
19616,62080,hierarchy_delta,4,0,0,17098,22.5056
19617,55015,hierarchy_delta,4,0,0,10033,22.5006
19618,58128,hierarchy_delta,4,0,0,13146,22.5006
19619,79319,hierarchy_delta,4,0,1,19343,22.4941
19620,108147,hierarchy_delta,4,1,3,18183,22.4941
19621,90509,hierarchy_delta,4,1,2,15539,22.4899
19622,71229,hierarchy_delta,4,0,1,11253,22.4871
19623,105848,hierarchy_delta,4,1,3,15884,22.4853
19624,106455,hierarchy_delta,4,1,3,16491,22.484
19625,61454,hierarchy_delta,4,0,0,16472,22.4807
19626,74049,hierarchy_delta,4,0,1,14073,22.4792
19627,53798,hierarchy_delta,4,0,0,8816,22.4767
19628,67357,hierarchy_delta,4,0,1,7381,22.4758
19629,79361,hierarchy_delta,4,0,1,19385,22.473
19630,108770,hierarchy_delta,4,1,3,18806,22.4711
19631,60889,hierarchy_delta,4,0,0,15907,22.4697
19632,64033,hierarchy_delta,4,0,0,19051,22.4691
19633,90906,hierarchy_delta,4,1,2,15936,22.4685
19634,108426,hierarchy_delta,4,1,3,18462,22.468
19635,69218,hierarchy_delta,4,0,1,9242,22.4678
19636,68441,hierarchy_delta,4,0,1,8465,22.4674
19637,76984,hierarchy_delta,4,0,1,17008,22.4668
19638,59345,hierarchy_delta,4,0,0,14363,22.464
19639,52190,hierarchy_delta,4,0,0,7208,22.4589
19640,89771,hierarchy_delta,4,1,2,14801,22.4559
19641,70433,hierarchy_delta,4,0,1,10457,22.445
19642,53638,hierarchy_delta,4,0,0,8656,22.4385
19643,93155,hierarchy_delta,4,1,2,18185,22.4357
19644,70799,hierarchy_delta,4,0,1,10823,22.4303
19645,75829,hierarchy_delta,4,0,1,15853,22.4242
19646,53698,hierarchy_delta,4,0,0,8716,22.424
19647,52980,hierarchy_delta,4,0,0,7998,22.4176
19648,62965,hierarchy_delta,4,0,0,17983,22.4103
19649,56625,hierarchy_delta,4,0,0,11643,22.4024
19650,67365,hierarchy_delta,4,0,1,7389,22.402
19651,106471,hierarchy_delta,4,1,3,16507,22.4
19652,56695,hierarchy_delta,4,0,0,11713,22.3969
19653,94724,hierarchy_delta,4,1,2,19754,22.3942
19654,56480,hierarchy_delta,4,0,0,11498,22.3783
19655,89416,hierarchy_delta,4,1,2,14446,22.3768
19656,57381,hierarchy_delta,4,0,0,12399,22.3766
19657,68642,hierarchy_delta,4,0,1,8666,22.3657
19658,57565,hierarchy_delta,4,0,0,12583,22.3656
19659,90288,hierarchy_delta,4,1,2,15318,22.3636
19660,57743,hierarchy_delta,4,0,0,12761,22.3625
19661,59081,hierarchy_delta,4,0,0,14099,22.3587
19662,106958,hierarchy_delta,4,1,3,16994,22.3579
19663,72025,hierarchy_delta,4,0,1,12049,22.3567
19664,55090,hierarchy_delta,4,0,0,10108,22.3514
19665,105835,hierarchy_delta,4,1,3,15871,22.3446
19666,108830,hierarchy_delta,4,1,3,18866,22.3443
19667,59305,hierarchy_delta,4,0,0,14323,22.331
19668,70956,hierarchy_delta,4,0,1,10980,22.3274
19669,51294,hierarchy_delta,4,0,0,6312,22.3206
19670,107011,hierarchy_delta,4,1,3,17047,22.3205
19671,54947,hierarchy_delta,4,0,0,9965,22.3204
19672,106403,hierarchy_delta,4,1,3,16439,22.3192
19673,56245,hierarchy_delta,4,0,0,11263,22.319
19674,70635,hierarchy_delta,4,0,1,10659,22.3118
19675,51828,hierarchy_delta,4,0,0,6846,22.2949
19676,56311,hierarchy_delta,4,0,0,11329,22.2898
19677,60033,hierarchy_delta,4,0,0,15051,22.2888
19678,105337,hierarchy_delta,4,1,3,15373,22.2881
19679,68066,hierarchy_delta,4,0,1,8090,22.2832
19680,72719,hierarchy_delta,4,0,1,12743,22.2822
19681,72181,hierarchy_delta,4,0,1,12205,22.2816
19682,53766,hierarchy_delta,4,0,0,8784,22.2686
19683,52337,hierarchy_delta,4,0,0,7355,22.2668
19684,57057,hierarchy_delta,4,0,0,12075,22.2651
19685,67370,hierarchy_delta,4,0,1,7394,22.264
19686,91197,hierarchy_delta,4,1,2,16227,22.2575
19687,57484,hierarchy_delta,4,0,0,12502,22.2534
19688,56525,hierarchy_delta,4,0,0,11543,22.2418
19689,90966,hierarchy_delta,4,1,2,15996,22.2416
19690,91992,hierarchy_delta,4,1,2,17022,22.2372
19691,76379,hierarchy_delta,4,0,1,16403,22.2344
19692,75320,hierarchy_delta,4,0,1,15344,22.2227
19693,62677,hierarchy_delta,4,0,0,17695,22.2156
19694,61499,hierarchy_delta,4,0,0,16517,22.2151
19695,62635,hierarchy_delta,4,0,0,17653,22.2115
19696,91831,hierarchy_delta,4,1,2,16861,22.2017
19697,57080,hierarchy_delta,4,0,0,12098,22.1954
19698,55119,hierarchy_delta,4,0,0,10137,22.1896
19699,67741,hierarchy_delta,4,0,1,7765,22.1878
19700,77061,hierarchy_delta,4,0,1,17085,22.1843
19701,57458,hierarchy_delta,4,0,0,12476,22.1812
19702,57075,hierarchy_delta,4,0,0,12093,22.1791
19703,57161,hierarchy_delta,4,0,0,12179,22.1721
19704,52015,hierarchy_delta,4,0,0,7033,22.1706
19705,92773,hierarchy_delta,4,1,2,17803,22.1677
19706,91684,hierarchy_delta,4,1,2,16714,22.1665
19707,77576,hierarchy_delta,4,0,1,17600,22.1637
19708,52658,hierarchy_delta,4,0,0,7676,22.1636
19709,107477,hierarchy_delta,4,1,3,17513,22.1574
19710,60183,hierarchy_delta,4,0,0,15201,22.1564
19711,74757,hierarchy_delta,4,0,1,14781,22.1524
19712,93695,hierarchy_delta,4,1,2,18725,22.1522
19713,63204,hierarchy_delta,4,0,0,18222,22.1504
19714,58636,hierarchy_delta,4,0,0,13654,22.1424
19715,72854,hierarchy_delta,4,0,1,12878,22.1416
19716,92030,hierarchy_delta,4,1,2,17060,22.1368
19717,108756,hierarchy_delta,4,1,3,18792,22.1309
19718,91915,hierarchy_delta,4,1,2,16945,22.1282
19719,107542,hierarchy_delta,4,1,3,17578,22.1268
19720,75909,hierarchy_delta,4,0,1,15933,22.1222
19721,67678,hierarchy_delta,4,0,1,7702,22.1204
19722,90592,hierarchy_delta,4,1,2,15622,22.1173
19723,56360,hierarchy_delta,4,0,0,11378,22.1172
19724,70113,hierarchy_delta,4,0,1,10137,22.1169
19725,105303,hierarchy_delta,4,1,3,15339,22.1138
19726,107035,hierarchy_delta,4,1,3,17071,22.1131
19727,56120,hierarchy_delta,4,0,0,11138,22.1094
19728,66791,hierarchy_delta,4,0,1,6815,22.1065
19729,57768,hierarchy_delta,4,0,0,12786,22.1037
19730,76397,hierarchy_delta,4,0,1,16421,22.1017
19731,108987,hierarchy_delta,4,1,3,19023,22.0955
19732,59190,hierarchy_delta,4,0,0,14208,22.0878
19733,59010,hierarchy_delta,4,0,0,14028,22.0851
19734,68830,hierarchy_delta,4,0,1,8854,22.0783
19735,55184,hierarchy_delta,4,0,0,10202,22.0722
19736,57483,hierarchy_delta,4,0,0,12501,22.0716
19737,69891,hierarchy_delta,4,0,1,9915,22.069
19738,90739,hierarchy_delta,4,1,2,15769,22.0674
19739,66495,hierarchy_delta,4,0,1,6519,22.0634
19740,92702,hierarchy_delta,4,1,2,17732,22.0634
19741,92375,hierarchy_delta,4,1,2,17405,22.0632
19742,90969,hierarchy_delta,4,1,2,15999,22.0606
19743,78766,hierarchy_delta,4,0,1,18790,22.0586
19744,74664,hierarchy_delta,4,0,1,14688,22.0557
19745,106039,hierarchy_delta,4,1,3,16075,22.0413
19746,52776,hierarchy_delta,4,0,0,7794,22.0402
19747,59050,hierarchy_delta,4,0,0,14068,22.0376
19748,69320,hierarchy_delta,4,0,1,9344,22.0354
19749,77551,hierarchy_delta,4,0,1,17575,22.0352
19750,60259,hierarchy_delta,4,0,0,15277,22.0334
19751,56101,hierarchy_delta,4,0,0,11119,22.0323
19752,71119,hierarchy_delta,4,0,1,11143,22.0244
19753,66403,hierarchy_delta,4,0,1,6427,22.0218
19754,92401,hierarchy_delta,4,1,2,17431,22.0192
19755,93826,hierarchy_delta,4,1,2,18856,22.0126
19756,55523,hierarchy_delta,4,0,0,10541,22.0108
19757,71111,hierarchy_delta,4,0,1,11135,22.0054
19758,60274,hierarchy_delta,4,0,0,15292,21.9968
19759,56945,hierarchy_delta,4,0,0,11963,21.9904
19760,62013,hierarchy_delta,4,0,0,17031,21.9899
19761,60602,hierarchy_delta,4,0,0,15620,21.988
19762,108463,hierarchy_delta,4,1,3,18499,21.9833
19763,63147,hierarchy_delta,4,0,0,18165,21.9798
19764,58639,hierarchy_delta,4,0,0,13657,21.9787
19765,74627,hierarchy_delta,4,0,1,14651,21.9761
19766,52687,hierarchy_delta,4,0,0,7705,21.9672
19767,94548,hierarchy_delta,4,1,2,19578,21.9528
19768,58046,hierarchy_delta,4,0,0,13064,21.9493
19769,50981,hierarchy_delta,4,0,0,5999,21.9478
19770,59928,hierarchy_delta,4,0,0,14946,21.9443
19771,69066,hierarchy_delta,4,0,1,9090,21.9418
19772,94240,hierarchy_delta,4,1,2,19270,21.9401
19773,72033,hierarchy_delta,4,0,1,12057,21.9366
19774,108766,hierarchy_delta,4,1,3,18802,21.9354
19775,54234,hierarchy_delta,4,0,0,9252,21.9349
19776,62032,hierarchy_delta,4,0,0,17050,21.9347
19777,93582,hierarchy_delta,4,1,2,18612,21.9287
19778,77642,hierarchy_delta,4,0,1,17666,21.9279
19779,70183,hierarchy_delta,4,0,1,10207,21.9256
19780,56475,hierarchy_delta,4,0,0,11493,21.9218
19781,72864,hierarchy_delta,4,0,1,12888,21.9182
19782,66487,hierarchy_delta,4,0,1,6511,21.9096
19783,62029,hierarchy_delta,4,0,0,17047,21.9048
19784,53962,hierarchy_delta,4,0,0,8980,21.9043
19785,63152,hierarchy_delta,4,0,0,18170,21.895
19786,93177,hierarchy_delta,4,1,2,18207,21.8941
19787,92261,hierarchy_delta,4,1,2,17291,21.89
19788,50661,hierarchy_delta,4,0,0,5679,21.8896
19789,54313,hierarchy_delta,4,0,0,9331,21.8863
19790,59883,hierarchy_delta,4,0,0,14901,21.8824
19791,91016,hierarchy_delta,4,1,2,16046,21.8821
19792,55734,hierarchy_delta,4,0,0,10752,21.8778
19793,58620,hierarchy_delta,4,0,0,13638,21.8707
19794,107057,hierarchy_delta,4,1,3,17093,21.87
19795,60276,hierarchy_delta,4,0,0,15294,21.8693
19796,60478,hierarchy_delta,4,0,0,15496,21.8663
19797,90155,hierarchy_delta,4,1,2,15185,21.8653
19798,183982,hierarchy_delta,8,2,4,19048,45.5743
19799,138703,hierarchy_delta,8,0,1,18751,35.0567
19800,198976,hierarchy_delta,8,2,5,19048,34.9488
19801,139878,hierarchy_delta,8,0,1,19926,34.039
19802,124884,hierarchy_delta,8,0,0,19926,33.8362
19803,199191,hierarchy_delta,8,2,5,19263,33.6995
19804,124452,hierarchy_delta,8,0,0,19494,31.9426
19805,139876,hierarchy_delta,8,0,1,19924,31.6182
19806,123234,hierarchy_delta,8,0,0,18276,30.9424
19807,124009,hierarchy_delta,8,0,0,19051,30.846
19808,123709,hierarchy_delta,8,0,0,18751,30.7729
19809,178596,hierarchy_delta,8,2,4,13662,30.7554
19810,112105,hierarchy_delta,8,0,0,7147,30.7147
19811,124303,hierarchy_delta,8,0,0,19345,30.5765
19812,139443,hierarchy_delta,8,0,1,19491,30.5227
19813,199460,hierarchy_delta,8,2,5,19532,30.4483
19814,124449,hierarchy_delta,8,0,0,19491,30.3726
19815,113505,hierarchy_delta,8,0,0,8547,30.1934
19816,122041,hierarchy_delta,8,0,0,17083,29.6866
19817,124885,hierarchy_delta,8,0,0,19927,29.6488
19818,124407,hierarchy_delta,8,0,0,19449,29.53
19819,138228,hierarchy_delta,8,0,1,18276,29.4549
19820,139003,hierarchy_delta,8,0,1,19051,29.1838
19821,124882,hierarchy_delta,8,0,0,19924,29.0472
19822,124447,hierarchy_delta,8,0,0,19489,28.9873
19823,179234,hierarchy_delta,8,2,4,14300,28.9215
19824,139874,hierarchy_delta,8,0,1,19922,28.6875
19825,123229,hierarchy_delta,8,0,0,18271,28.6584
19826,183503,hierarchy_delta,8,2,4,18569,28.6244
19827,179229,hierarchy_delta,8,2,4,14295,28.4394
19828,124301,hierarchy_delta,8,0,0,19343,28.4269
19829,138122,hierarchy_delta,8,0,1,18170,28.3757
19830,179231,hierarchy_delta,8,2,4,14297,28.3261
19831,199462,hierarchy_delta,8,2,5,19534,28.2241
19832,137629,hierarchy_delta,8,0,1,17677,28.0895
19833,123963,hierarchy_delta,8,0,0,19005,27.9858
19834,178593,hierarchy_delta,8,2,4,13659,27.979
19835,137470,hierarchy_delta,8,0,1,17518,27.8987
19836,178590,hierarchy_delta,8,2,4,13656,27.8512
19837,168732,hierarchy_delta,8,1,3,18792,27.8465
19838,183985,hierarchy_delta,8,2,4,19051,27.0946
19839,184197,hierarchy_delta,8,2,4,19263,27.0467
19840,124880,hierarchy_delta,8,0,0,19922,26.9274
19841,123968,hierarchy_delta,8,0,0,19010,26.8975
19842,184079,hierarchy_delta,8,2,4,19145,26.8517
19843,124410,hierarchy_delta,8,0,0,19452,26.8387
19844,138117,hierarchy_delta,8,0,1,18165,26.807
19845,112102,hierarchy_delta,8,0,0,7144,26.7827
19846,178595,hierarchy_delta,8,2,4,13661,26.6275
19847,178658,hierarchy_delta,8,2,4,13724,26.5013
19848,138223,hierarchy_delta,8,0,1,18271,26.4973
19849,199186,hierarchy_delta,8,2,5,19258,26.4267
19850,135874,hierarchy_delta,8,0,1,15922,26.2882
19851,123128,hierarchy_delta,8,0,0,18170,26.2528
19852,179402,hierarchy_delta,8,2,4,14468,26.234
19853,179399,hierarchy_delta,8,2,4,14465,26.2098
19854,123232,hierarchy_delta,8,0,0,18274,26.1906
19855,184192,hierarchy_delta,8,2,4,19258,26.1587
19856,199188,hierarchy_delta,8,2,5,19260,26.1522
19857,179396,hierarchy_delta,8,2,4,14462,26.0888
19858,179232,hierarchy_delta,8,2,4,14298,26.0435
19859,179386,hierarchy_delta,8,2,4,14452,25.9271
19860,179397,hierarchy_delta,8,2,4,14463,25.9045
19861,184468,hierarchy_delta,8,2,4,19534,25.8779
19862,138957,hierarchy_delta,8,0,1,19005,25.8004
19863,199189,hierarchy_delta,8,2,5,19261,25.783
19864,122635,hierarchy_delta,8,0,0,17677,25.7015
19865,139879,hierarchy_delta,8,0,1,19927,25.4979
19866,124745,hierarchy_delta,8,0,0,19787,25.4282
19867,139692,hierarchy_delta,8,0,1,19740,25.3339
19868,112110,hierarchy_delta,8,0,0,7152,25.317
19869,138226,hierarchy_delta,8,0,1,18274,24.964
19870,179384,hierarchy_delta,8,2,4,14450,24.9382
19871,139297,hierarchy_delta,8,0,1,19345,24.8378
19872,124740,hierarchy_delta,8,0,0,19782,24.8142
19873,179430,hierarchy_delta,8,2,4,14496,24.7765
19874,179425,hierarchy_delta,8,2,4,14491,24.6922
19875,169504,hierarchy_delta,8,1,3,19564,24.632
19876,123965,hierarchy_delta,8,0,0,19007,24.6041
19877,139734,hierarchy_delta,8,0,1,19782,24.6028
19878,138962,hierarchy_delta,8,0,1,19010,24.4715
19879,178818,hierarchy_delta,8,2,4,13884,24.3456
19880,123123,hierarchy_delta,8,0,0,18165,24.2803
19881,184195,hierarchy_delta,8,2,4,19261,24.2596
19882,178655,hierarchy_delta,8,2,4,13721,24.2282
19883,112136,hierarchy_delta,8,0,0,7178,24.1993
19884,137050,hierarchy_delta,8,0,1,17098,24.1245
19885,116165,hierarchy_delta,8,0,0,11207,24.1205
19886,124547,hierarchy_delta,8,0,0,19589,24.0952
19887,168435,hierarchy_delta,8,1,3,18495,24.0948
19888,139229,hierarchy_delta,8,0,1,19277,24.0899
19889,124701,hierarchy_delta,8,0,0,19743,24.0807
19890,137525,hierarchy_delta,8,0,1,17573,24.0654
19891,123966,hierarchy_delta,8,0,0,19008,24.0416
19892,184466,hierarchy_delta,8,2,4,19532,23.9963
19893,179401,hierarchy_delta,8,2,4,14467,23.9915
19894,121947,hierarchy_delta,8,0,0,16989,23.9661
19895,178815,hierarchy_delta,8,2,4,13881,23.9592
19896,179215,hierarchy_delta,8,2,4,14281,23.9518
19897,124703,hierarchy_delta,8,0,0,19745,23.9457
19898,178768,hierarchy_delta,8,2,4,13834,23.9117
19899,179043,hierarchy_delta,8,2,4,14109,23.8974
19900,122638,hierarchy_delta,8,0,0,17680,23.8611
19901,124405,hierarchy_delta,8,0,0,19447,23.8508
19902,124646,hierarchy_delta,8,0,0,19688,23.8075
19903,198497,hierarchy_delta,8,2,5,18569,23.8029
19904,178577,hierarchy_delta,8,2,4,13643,23.7926
19905,112131,hierarchy_delta,8,0,0,7173,23.7472
19906,139805,hierarchy_delta,8,0,1,19853,23.6945
19907,124698,hierarchy_delta,8,0,0,19740,23.536
19908,179228,hierarchy_delta,8,2,4,14294,23.5197
19909,168440,hierarchy_delta,8,1,3,18500,23.4871
19910,122531,hierarchy_delta,8,0,0,17573,23.3708
19911,122476,hierarchy_delta,8,0,0,17518,23.3319
19912,124164,hierarchy_delta,8,0,0,19206,23.1989
19913,178592,hierarchy_delta,8,2,4,13658,23.1497
19914,183146,hierarchy_delta,8,2,4,18212,23.1352
19915,138265,hierarchy_delta,8,0,1,18313,22.9957
19916,197900,hierarchy_delta,8,2,5,17972,22.978
19917,198674,hierarchy_delta,8,2,5,18746,22.9731
19918,124811,hierarchy_delta,8,0,0,19853,22.9219
19919,178753,hierarchy_delta,8,2,4,13819,22.8592
19920,124304,hierarchy_delta,8,0,0,19346,22.8445
19921,139737,hierarchy_delta,8,0,1,19785,22.8163
19922,120865,hierarchy_delta,8,0,0,15907,22.7997
19923,124230,hierarchy_delta,8,0,0,19272,22.7892
19924,178692,hierarchy_delta,8,2,4,13758,22.7869
19925,124816,hierarchy_delta,8,0,0,19858,22.7332
19926,116244,hierarchy_delta,8,0,0,11286,22.7313
19927,124235,hierarchy_delta,8,0,0,19277,22.7291
19928,123271,hierarchy_delta,8,0,0,18313,22.7265
19929,136944,hierarchy_delta,8,0,1,16992,22.7017
19930,178750,hierarchy_delta,8,2,4,13816,22.6863
19931,178820,hierarchy_delta,8,2,4,13886,22.6168
19932,179284,hierarchy_delta,8,2,4,14350,22.5735
19933,182032,hierarchy_delta,8,2,4,17098,22.5687
19934,198135,hierarchy_delta,8,2,5,18207,22.5337
19935,178773,hierarchy_delta,8,2,4,13839,22.5029
19936,120909,hierarchy_delta,8,0,0,15951,22.499
19937,169499,hierarchy_delta,8,1,3,19559,22.4957
19938,124743,hierarchy_delta,8,0,0,19785,22.4881
19939,179428,hierarchy_delta,8,2,4,14494,22.4168
19940,124319,hierarchy_delta,8,0,0,19361,22.3957
19941,134681,hierarchy_delta,8,0,1,14729,22.3853
19942,113963,hierarchy_delta,8,0,0,9005,22.3688
19943,178591,hierarchy_delta,8,2,4,13657,22.35
19944,179289,hierarchy_delta,8,2,4,14355,22.312
19945,124049,hierarchy_delta,8,0,0,19091,22.2781
19946,178574,hierarchy_delta,8,2,4,13640,22.269
19947,179218,hierarchy_delta,8,2,4,14284,22.2524
19948,178770,hierarchy_delta,8,2,4,13836,22.1939
19949,139810,hierarchy_delta,8,0,1,19858,22.1234
19950,184206,hierarchy_delta,8,2,4,19272,22.111
19951,177915,hierarchy_delta,8,2,4,12981,22.1098
19952,193082,hierarchy_delta,8,2,5,13154,22.083
19953,124544,hierarchy_delta,8,0,0,19586,22.0817
19954,179220,hierarchy_delta,8,2,4,14286,22.042
19955,178580,hierarchy_delta,8,2,4,13646,21.9741
19956,138807,hierarchy_delta,8,0,1,18855,21.9487
19957,184084,hierarchy_delta,8,2,4,19150,21.9251
19958,138268,hierarchy_delta,8,0,1,18316,21.9105
19959,123276,hierarchy_delta,8,0,0,18318,21.8875
19960,124842,hierarchy_delta,8,0,0,19884,21.8858
19961,120880,hierarchy_delta,8,0,0,15922,21.8745
19962,379262,hierarchy_delta,16,4,9,19406,39.565
19963,379275,hierarchy_delta,16,4,9,19419,26.4909
19964,379264,hierarchy_delta,16,4,9,19408,26.4434
19965,379280,hierarchy_delta,16,4,9,19424,26.41
19966,378050,hierarchy_delta,16,4,9,18194,26.0247
19967,378055,hierarchy_delta,16,4,9,18199,25.7954
19968,377518,hierarchy_delta,16,4,9,17662,24.8662
19969,376877,hierarchy_delta,16,4,9,17021,24.8109
19970,378685,hierarchy_delta,16,4,9,18829,24.781
19971,332587,hierarchy_delta,16,3,6,17713,24.724
19972,349513,hierarchy_delta,16,3,7,19645,24.6936
19973,378722,hierarchy_delta,16,4,9,18866,24.5762
19974,332590,hierarchy_delta,16,3,6,17716,24.4029
19975,424774,hierarchy_delta,16,6,12,19936,24.2159
19976,379824,hierarchy_delta,16,4,9,19968,24.1897
19977,377523,hierarchy_delta,16,4,9,17667,23.9448
19978,330930,hierarchy_delta,16,3,6,16056,23.9145
19979,364268,hierarchy_delta,16,4,8,19406,23.7798
19980,330400,hierarchy_delta,16,3,6,15526,23.7764
19981,330349,hierarchy_delta,16,3,6,15475,23.5488
19982,378041,hierarchy_delta,16,4,9,18185,23.5432
19983,332396,hierarchy_delta,16,3,6,17522,23.497
19984,330941,hierarchy_delta,16,3,6,16067,23.1006
19985,379304,hierarchy_delta,16,4,9,19448,22.666
19986,362524,hierarchy_delta,16,4,8,17662,22.6302
19987,379277,hierarchy_delta,16,4,9,19421,22.5487
19988,330544,hierarchy_delta,16,3,6,15670,22.3277
19989,330996,hierarchy_delta,16,3,6,16122,21.9376
19990,378052,hierarchy_delta,16,4,9,18196,21.9301
19991,362529,hierarchy_delta,16,4,8,17667,21.8877
