selected_rank,candidate_index,source_type,level,parent,child,kernel_id,f_stat
0,16317,root,0,NA,NA,16317,115.657
1,18078,root,0,NA,NA,18078,112.992
2,16322,root,0,NA,NA,16322,112.386
3,18670,root,0,NA,NA,18670,111.359
4,17740,root,0,NA,NA,17740,109.309
5,19369,root,0,NA,NA,19369,108.697
6,17497,root,0,NA,NA,17497,107.05
7,17495,root,0,NA,NA,17495,105.296
8,17565,root,0,NA,NA,17565,105.163
9,17563,root,0,NA,NA,17563,102.919
10,17742,root,0,NA,NA,17742,102.115
11,17568,root,0,NA,NA,17568,101.436
12,18812,root,0,NA,NA,18812,101.292
13,16900,root,0,NA,NA,16900,99.575
14,19980,root,0,NA,NA,19980,99.2627
15,18783,root,0,NA,NA,18783,99.1495
16,19332,root,0,NA,NA,19332,97.9964
17,17084,root,0,NA,NA,17084,97.4306
18,18827,root,0,NA,NA,18827,96.8588
19,18076,root,0,NA,NA,18076,96.3707
20,17566,root,0,NA,NA,17566,95.9853
21,18741,root,0,NA,NA,18741,95.2531
22,17382,root,0,NA,NA,17382,94.7417
23,17494,root,0,NA,NA,17494,94.5113
24,18478,root,0,NA,NA,18478,93.0061
25,19383,root,0,NA,NA,19383,92.7131
26,19954,root,0,NA,NA,19954,92.6234
27,17585,root,0,NA,NA,17585,92.0537
28,18219,root,0,NA,NA,18219,91.8518
29,18785,root,0,NA,NA,18785,91.2626
30,18216,root,0,NA,NA,18216,91.1399
31,16127,root,0,NA,NA,16127,90.9522
32,19157,root,0,NA,NA,19157,90.8327
33,18473,root,0,NA,NA,18473,90.5448
34,16803,root,0,NA,NA,16803,90.491
35,17440,root,0,NA,NA,17440,90.4816
36,15386,root,0,NA,NA,15386,90.4681
37,19327,root,0,NA,NA,19327,90.445
38,16567,root,0,NA,NA,16567,90.4093
39,17143,root,0,NA,NA,17143,90.1702
40,16564,root,0,NA,NA,16564,90.0889
41,19461,root,0,NA,NA,19461,89.7225
42,19395,root,0,NA,NA,19395,89.6766
43,16319,root,0,NA,NA,16319,89.5533
44,18809,root,0,NA,NA,18809,89.4061
45,18786,root,0,NA,NA,18786,89.3137
46,18214,root,0,NA,NA,18214,89.0774
47,18814,root,0,NA,NA,18814,89.063
48,16463,root,0,NA,NA,16463,88.6302
49,18075,root,0,NA,NA,18075,88.5972
50,18146,root,0,NA,NA,18146,88.4947
51,16460,root,0,NA,NA,16460,88.4705
52,15146,root,0,NA,NA,15146,88.1986
53,17148,root,0,NA,NA,17148,88.1538
54,19390,root,0,NA,NA,19390,87.9859
55,16392,root,0,NA,NA,16392,87.9657
56,16889,root,0,NA,NA,16889,87.3559
57,18675,root,0,NA,NA,18675,87.3484
58,18321,root,0,NA,NA,18321,86.8255
59,19466,root,0,NA,NA,19466,86.7559
60,16884,root,0,NA,NA,16884,86.5666
61,16903,root,0,NA,NA,16903,86.5651
62,15282,root,0,NA,NA,15282,86.5066
63,14031,root,0,NA,NA,14031,86.4941
64,16902,root,0,NA,NA,16902,86.4505
65,15285,root,0,NA,NA,15285,86.4437
66,17633,root,0,NA,NA,17633,85.984
67,16387,root,0,NA,NA,16387,85.6112
68,17499,root,0,NA,NA,17499,85.5278
69,498,root,0,NA,NA,498,85.4971
70,16209,root,0,NA,NA,16209,85.2112
71,17609,root,0,NA,NA,17609,85.0332
72,13514,root,0,NA,NA,13514,85.0253
73,16562,root,0,NA,NA,16562,85.0007
74,17979,root,0,NA,NA,17979,84.9641
75,19407,root,0,NA,NA,19407,84.8397
76,17387,root,0,NA,NA,17387,84.8383
77,16800,root,0,NA,NA,16800,84.779
78,17123,root,0,NA,NA,17123,84.7719
79,16708,root,0,NA,NA,16708,84.4398
80,19257,root,0,NA,NA,19257,84.2653
81,18811,root,0,NA,NA,18811,84.2349
82,16547,root,0,NA,NA,16547,84.201
83,17636,root,0,NA,NA,17636,84.1683
84,19602,root,0,NA,NA,19602,84.0555
85,3382,root,0,NA,NA,3382,83.6586
86,19152,root,0,NA,NA,19152,83.6314
87,19406,root,0,NA,NA,19406,83.6299
88,17120,root,0,NA,NA,17120,83.5504
89,3356,root,0,NA,NA,3356,83.5428
90,17607,root,0,NA,NA,17607,83.5288
91,18148,root,0,NA,NA,18148,83.4731
92,1616,root,0,NA,NA,1616,83.2375
93,15256,root,0,NA,NA,15256,83.232
94,16899,root,0,NA,NA,16899,83.1786
95,16122,root,0,NA,NA,16122,83.1567
96,15713,root,0,NA,NA,15713,83.0675
97,17145,root,0,NA,NA,17145,82.8872
98,14073,root,0,NA,NA,14073,82.8855
99,19398,root,0,NA,NA,19398,82.7158
100,17639,root,0,NA,NA,17639,82.707
101,5778,root,0,NA,NA,5778,82.6707
102,3403,root,0,NA,NA,3403,82.6677
103,532,root,0,NA,NA,532,82.6234
104,16593,root,0,NA,NA,16593,82.5988
105,19254,root,0,NA,NA,19254,82.5763
106,18920,root,0,NA,NA,18920,82.5641
107,16887,root,0,NA,NA,16887,82.4694
108,17638,root,0,NA,NA,17638,82.4646
109,3118,root,0,NA,NA,3118,82.1624
110,15725,root,0,NA,NA,15725,82.0444
111,6011,root,0,NA,NA,6011,81.9883
112,19987,root,0,NA,NA,19987,81.8214
113,3390,root,0,NA,NA,3390,81.7552
114,2563,root,0,NA,NA,2563,81.7305
115,18763,root,0,NA,NA,18763,81.7068
116,18915,root,0,NA,NA,18915,81.5902
117,19984,root,0,NA,NA,19984,81.5875
118,17039,root,0,NA,NA,17039,81.5023
119,18337,root,0,NA,NA,18337,81.4948
120,17707,root,0,NA,NA,17707,81.4565
121,13980,root,0,NA,NA,13980,81.3427
122,19981,root,0,NA,NA,19981,81.262
123,18876,root,0,NA,NA,18876,81.1791
124,17128,root,0,NA,NA,17128,81.1173
125,1336,root,0,NA,NA,1336,81.0869
126,19419,root,0,NA,NA,19419,81.0364
127,3068,root,0,NA,NA,3068,81.0094
128,3411,root,0,NA,NA,3411,80.9469
129,17044,root,0,NA,NA,17044,80.9426
130,3471,root,0,NA,NA,3471,80.9276
131,2131,root,0,NA,NA,2131,80.9111
132,16703,root,0,NA,NA,16703,80.9048
133,19394,root,0,NA,NA,19394,80.8361
134,16886,root,0,NA,NA,16886,80.8262
135,624,root,0,NA,NA,624,80.8027
136,17041,root,0,NA,NA,17041,80.7316
137,18149,root,0,NA,NA,18149,80.6808
138,15015,root,0,NA,NA,15015,80.6594
139,3081,root,0,NA,NA,3081,80.6291
140,17277,root,0,NA,NA,17277,80.531
141,2529,root,0,NA,NA,2529,80.5163
142,299,root,0,NA,NA,299,80.5085
143,19404,root,0,NA,NA,19404,80.3831
144,18244,root,0,NA,NA,18244,80.3811
145,2063,root,0,NA,NA,2063,80.3715
146,2555,root,0,NA,NA,2555,80.3294
147,5482,root,0,NA,NA,5482,80.2624
148,14213,root,0,NA,NA,14213,80.2598
149,574,root,0,NA,NA,574,80.2361
150,257,root,0,NA,NA,257,80.2334
151,18868,root,0,NA,NA,18868,80.0904
152,3377,root,0,NA,NA,3377,80.0768
153,18802,root,0,NA,NA,18802,80.0178
154,18217,root,0,NA,NA,18217,79.9972
155,17303,root,0,NA,NA,17303,79.9906
156,14078,root,0,NA,NA,14078,79.9496
157,15347,root,0,NA,NA,15347,79.9274
158,16904,root,0,NA,NA,16904,79.821
159,519,root,0,NA,NA,519,79.8038
160,19422,root,0,NA,NA,19422,79.7052
161,4760,root,0,NA,NA,4760,79.7003
162,7108,root,0,NA,NA,7108,79.5573
163,17115,root,0,NA,NA,17115,79.5486
164,328,root,0,NA,NA,328,79.5299
165,2029,root,0,NA,NA,2029,79.477
166,2521,root,0,NA,NA,2521,79.43
167,13248,root,0,NA,NA,13248,79.4265
168,2542,root,0,NA,NA,2542,79.423
169,2864,root,0,NA,NA,2864,79.4127
170,540,root,0,NA,NA,540,79.3659
171,17117,root,0,NA,NA,17117,79.3567
172,3505,root,0,NA,NA,3505,79.3204
173,4383,root,0,NA,NA,4383,79.3121
174,2843,root,0,NA,NA,2843,79.287
175,1248,root,0,NA,NA,1248,79.2581
176,5461,root,0,NA,NA,5461,79.2371
177,3102,root,0,NA,NA,3102,79.2155
178,1582,root,0,NA,NA,1582,79.1819
179,19329,root,0,NA,NA,19329,79.1651
180,603,root,0,NA,NA,603,79.1477
181,3005,root,0,NA,NA,3005,79.1326
182,5469,root,0,NA,NA,5469,79.1182
183,3736,root,0,NA,NA,3736,79.0677
184,16206,root,0,NA,NA,16206,79.0338
185,3654,root,0,NA,NA,3654,78.9951
186,18190,root,0,NA,NA,18190,78.9246
187,19391,root,0,NA,NA,19391,78.9077
188,17157,root,0,NA,NA,17157,78.8703
189,3675,root,0,NA,NA,3675,78.8605
190,1595,root,0,NA,NA,1595,78.8351
191,17038,root,0,NA,NA,17038,78.826
192,3757,root,0,NA,NA,3757,78.8112
193,16596,root,0,NA,NA,16596,78.8017
194,7100,root,0,NA,NA,7100,78.7891
195,61,root,0,NA,NA,61,78.7749
196,18080,root,0,NA,NA,18080,78.763
197,18476,root,0,NA,NA,18476,78.7325
198,3967,root,0,NA,NA,3967,78.7289
199,14620,root,0,NA,NA,14620,78.6966
200,511,root,0,NA,NA,511,78.6617
201,6024,root,0,NA,NA,6024,78.6529
202,10420,root,0,NA,NA,10420,78.6384
203,19942,root,0,NA,NA,19942,78.6354
204,747,root,0,NA,NA,747,78.589
205,18824,root,0,NA,NA,18824,78.5872
206,19034,root,0,NA,NA,19034,78.5375
207,10242,root,0,NA,NA,10242,78.4403
208,16898,root,0,NA,NA,16898,78.4302
209,16970,root,0,NA,NA,16970,78.4291
210,3770,root,0,NA,NA,3770,78.4097
211,17300,root,0,NA,NA,17300,78.4067
212,3369,root,0,NA,NA,3369,78.3497
213,19983,root,0,NA,NA,19983,78.3256
214,3576,root,0,NA,NA,3576,78.2375
215,15967,root,0,NA,NA,15967,78.1318
216,1671,root,0,NA,NA,1671,78.1154
217,15214,root,0,NA,NA,15214,78.111
218,590,root,0,NA,NA,590,78.1038
219,15020,root,0,NA,NA,15020,78.0953
220,19054,root,0,NA,NA,19054,78.09
221,17660,root,0,NA,NA,17660,78.0865
222,18187,root,0,NA,NA,18187,78.0772
223,16431,root,0,NA,NA,16431,78.0375
224,3688,root,0,NA,NA,3688,78.0206
225,17853,root,0,NA,NA,17853,78.0054
226,3047,root,0,NA,NA,3047,77.9937
227,2877,root,0,NA,NA,2877,77.9833
228,11908,root,0,NA,NA,11908,77.9774
229,7294,root,0,NA,NA,7294,77.9655
230,5170,root,0,NA,NA,5170,77.9458
231,19979,root,0,NA,NA,19979,77.8989
232,5833,root,0,NA,NA,5833,77.8673
233,2673,root,0,NA,NA,2673,77.8589
234,15981,root,0,NA,NA,15981,77.8312
235,6003,root,0,NA,NA,6003,77.8008
236,155,root,0,NA,NA,155,77.7252
237,2571,root,0,NA,NA,2571,77.7106
238,3988,root,0,NA,NA,3988,77.7103
239,16211,root,0,NA,NA,16211,77.6694
240,3335,root,0,NA,NA,3335,77.6654
241,17634,root,0,NA,NA,17634,77.649
242,2605,root,0,NA,NA,2605,77.6047
243,15344,root,0,NA,NA,15344,77.5973
244,3416,root,0,NA,NA,3416,77.5725
245,19953,root,0,NA,NA,19953,77.5631
246,16637,root,0,NA,NA,16637,77.5513
247,886,root,0,NA,NA,886,77.5491
248,2856,root,0,NA,NA,2856,77.5427
249,2623,root,0,NA,NA,2623,77.4602
250,1025,root,0,NA,NA,1025,77.4448
251,16262,root,0,NA,NA,16262,77.4365
252,2550,root,0,NA,NA,2550,77.3911
253,17280,root,0,NA,NA,17280,77.3735
254,1705,root,0,NA,NA,1705,77.3722
255,14028,root,0,NA,NA,14028,77.3603
256,6638,root,0,NA,NA,6638,77.3004
257,5765,root,0,NA,NA,5765,77.2911
258,2013,root,0,NA,NA,2013,77.2596
259,1794,root,0,NA,NA,1794,77.2314
260,15389,root,0,NA,NA,15389,77.2233
261,3026,root,0,NA,NA,3026,77.2204
262,2992,root,0,NA,NA,2992,77.1972
263,14536,root,0,NA,NA,14536,77.1697
264,2636,root,0,NA,NA,2636,77.1337
265,19966,root,0,NA,NA,19966,77.1172
266,4276,root,0,NA,NA,4276,77.1069
267,3626,root,0,NA,NA,3626,77.046
268,17546,root,0,NA,NA,17546,77.019
269,17897,root,0,NA,NA,17897,76.986
270,19982,root,0,NA,NA,19982,76.9568
271,12680,root,0,NA,NA,12680,76.9342
272,7302,root,0,NA,NA,7302,76.8942
273,3293,root,0,NA,NA,3293,76.8767
274,18220,root,0,NA,NA,18220,76.8664
275,16806,root,0,NA,NA,16806,76.8328
276,13902,root,0,NA,NA,13902,76.8193
277,17657,root,0,NA,NA,17657,76.7753
278,286,root,0,NA,NA,286,76.7388
279,19251,root,0,NA,NA,19251,76.7382
280,150,root,0,NA,NA,150,76.7302
281,16193,root,0,NA,NA,16193,76.7274
282,18560,root,0,NA,NA,18560,76.7226
283,5118,root,0,NA,NA,5118,76.7047
284,15501,root,0,NA,NA,15501,76.7045
285,14104,root,0,NA,NA,14104,76.6181
286,142,root,0,NA,NA,142,76.6046
287,5058,root,0,NA,NA,5058,76.6005
288,15628,root,0,NA,NA,15628,76.547
289,930,root,0,NA,NA,930,76.5428
290,553,root,0,NA,NA,553,76.4857
291,18192,root,0,NA,NA,18192,76.4378
292,15269,root,0,NA,NA,15269,76.4115
293,19059,root,0,NA,NA,19059,76.3508
294,18144,root,0,NA,NA,18144,76.3306
295,2186,root,0,NA,NA,2186,76.3295
296,176,root,0,NA,NA,176,76.3192
297,4145,root,0,NA,NA,4145,76.2773
298,10245,root,0,NA,NA,10245,76.2635
299,991,root,0,NA,NA,991,76.2016
300,2315,root,0,NA,NA,2315,76.1906
301,17701,root,0,NA,NA,17701,76.1354
302,865,root,0,NA,NA,865,76.1352
303,163,root,0,NA,NA,163,76.1299
304,1422,root,0,NA,NA,1422,76.1037
305,3089,root,0,NA,NA,3089,76.0989
306,3139,root,0,NA,NA,3139,76.0975
307,3492,root,0,NA,NA,3492,76.0951
308,307,root,0,NA,NA,307,76.0651
309,3131,root,0,NA,NA,3131,76.0628
310,18434,root,0,NA,NA,18434,76.0545
311,4404,root,0,NA,NA,4404,76.0544
312,4747,root,0,NA,NA,4747,76.043
313,425,root,0,NA,NA,425,76.0391
314,19424,root,0,NA,NA,19424,76.0043
315,14768,root,0,NA,NA,14768,75.9963
316,561,root,0,NA,NA,561,75.9177
317,15143,root,0,NA,NA,15143,75.9124
318,14946,root,0,NA,NA,14946,75.9021
319,19956,root,0,NA,NA,19956,75.8776
320,14365,root,0,NA,NA,14365,75.8451
321,18188,root,0,NA,NA,18188,75.8221
322,1992,root,0,NA,NA,1992,75.8176
323,13331,root,0,NA,NA,13331,75.8044
324,6718,root,0,NA,NA,6718,75.8034
325,773,root,0,NA,NA,773,75.788
326,2385,root,0,NA,NA,2385,75.7824
327,2694,root,0,NA,NA,2694,75.7497
328,5162,root,0,NA,NA,5162,75.7436
329,4988,root,0,NA,NA,4988,75.7308
330,17894,root,0,NA,NA,17894,75.721
331,3975,root,0,NA,NA,3975,75.7142
332,2234,root,0,NA,NA,2234,75.6203
333,3749,root,0,NA,NA,3749,75.6169
334,3778,root,0,NA,NA,3778,75.5771
335,820,root,0,NA,NA,820,75.5609
336,18873,root,0,NA,NA,18873,75.5247
337,5183,root,0,NA,NA,5183,75.5151
338,3343,root,0,NA,NA,3343,75.5081
339,19978,root,0,NA,NA,19978,75.5022
340,2042,root,0,NA,NA,2042,75.4948
341,15986,root,0,NA,NA,15986,75.4898
342,18877,root,0,NA,NA,18877,75.4472
343,1684,root,0,NA,NA,1684,75.4132
344,6181,root,0,NA,NA,6181,75.413
345,13596,root,0,NA,NA,13596,75.3928
346,8228,root,0,NA,NA,8228,75.3912
347,3432,root,0,NA,NA,3432,75.3695
348,12221,root,0,NA,NA,12221,75.3639
349,16968,root,0,NA,NA,16968,75.3543
350,4396,root,0,NA,NA,4396,75.3524
351,1603,root,0,NA,NA,1603,75.3483
352,901,root,0,NA,NA,901,75.3412
353,17071,root,0,NA,NA,17071,75.3231
354,2005,root,0,NA,NA,2005,75.3202
355,17879,root,0,NA,NA,17879,75.3118
356,168,root,0,NA,NA,168,75.2684
357,935,root,0,NA,NA,935,75.256
358,582,root,0,NA,NA,582,75.2469
359,2050,root,0,NA,NA,2050,75.2392
360,244,root,0,NA,NA,244,75.2225
361,17561,root,0,NA,NA,17561,75.1981
362,15253,root,0,NA,NA,15253,75.181
363,5474,root,0,NA,NA,5474,75.1682
364,18229,root,0,NA,NA,18229,75.1544
365,17850,root,0,NA,NA,17850,75.0811
366,16457,root,0,NA,NA,16457,75.0542
367,438,root,0,NA,NA,438,75.0129
368,2221,root,0,NA,NA,2221,74.9815
369,15391,root,0,NA,NA,15391,74.9737
370,15258,root,0,NA,NA,15258,74.9472
371,417,root,0,NA,NA,417,74.9452
372,18872,root,0,NA,NA,18872,74.932
373,16082,root,0,NA,NA,16082,74.9304
374,2971,root,0,NA,NA,2971,74.9146
375,854,root,0,NA,NA,854,74.9001
376,18743,root,0,NA,NA,18743,74.8965
377,899,root,0,NA,NA,899,74.876
378,1692,root,0,NA,NA,1692,74.8759
379,3327,root,0,NA,NA,3327,74.8621
380,19374,root,0,NA,NA,19374,74.8509
381,17146,root,0,NA,NA,17146,74.8474
382,14,root,0,NA,NA,14,74.8346
383,611,root,0,NA,NA,611,74.8292
384,17590,root,0,NA,NA,17590,74.8202
385,4158,root,0,NA,NA,4158,74.8162
386,18431,root,0,NA,NA,18431,74.7736
387,5220,root,0,NA,NA,5220,74.7587
388,27,root,0,NA,NA,27,74.7498
389,19989,root,0,NA,NA,19989,74.7177
390,12849,root,0,NA,NA,12849,74.7113
391,4802,root,0,NA,NA,4802,74.7019
392,18295,root,0,NA,NA,18295,74.6579
393,6016,root,0,NA,NA,6016,74.6443
394,1768,root,0,NA,NA,1768,74.6291
395,14806,root,0,NA,NA,14806,74.6157
396,6897,root,0,NA,NA,6897,74.5955
397,15722,root,0,NA,NA,15722,74.5901
398,3744,root,0,NA,NA,3744,74.5874
399,13565,root,0,NA,NA,13565,74.559
400,781,root,0,NA,NA,781,74.5574
401,17171,root,0,NA,NA,17171,74.5506
402,13690,root,0,NA,NA,13690,74.546
403,17056,root,0,NA,NA,17056,74.54
404,4166,root,0,NA,NA,4166,74.5344
405,17369,root,0,NA,NA,17369,74.5284
406,3597,root,0,NA,NA,3597,74.5229
407,2788,root,0,NA,NA,2788,74.5229
408,6601,root,0,NA,NA,6601,74.4911
409,1352,root,0,NA,NA,1352,74.4577
410,3314,root,0,NA,NA,3314,74.4547
411,16085,root,0,NA,NA,16085,74.4499
412,3105,root,0,NA,NA,3105,74.4372
413,6202,root,0,NA,NA,6202,74.4274
414,1629,root,0,NA,NA,1629,74.415
415,3060,root,0,NA,NA,3060,74.4031
416,14794,root,0,NA,NA,14794,74.4009
417,18766,root,0,NA,NA,18766,74.3794
418,1294,root,0,NA,NA,1294,74.3793
419,16973,root,0,NA,NA,16973,74.3728
420,3484,root,0,NA,NA,3484,74.3725
421,17696,root,0,NA,NA,17696,74.3684
422,2615,root,0,NA,NA,2615,74.3562
423,3398,root,0,NA,NA,3398,74.278
424,5001,root,0,NA,NA,5001,74.2621
425,802,root,0,NA,NA,802,74.2614
426,17162,root,0,NA,NA,17162,74.2555
427,4823,root,0,NA,NA,4823,74.2527
428,17655,root,0,NA,NA,17655,74.2523
429,17298,root,0,NA,NA,17298,74.242
430,786,root,0,NA,NA,786,74.2218
431,1815,root,0,NA,NA,1815,74.207
432,17698,root,0,NA,NA,17698,74.1946
433,6606,root,0,NA,NA,6606,74.1886
434,4289,root,0,NA,NA,4289,74.1879
435,17884,root,0,NA,NA,17884,74.1596
436,15287,root,0,NA,NA,15287,74.1568
437,197,root,0,NA,NA,197,74.1469
438,8359,root,0,NA,NA,8359,74.1429
439,6676,root,0,NA,NA,6676,74.1395
440,2021,root,0,NA,NA,2021,74.1313
441,3034,root,0,NA,NA,3034,74.1205
442,5241,root,0,NA,NA,5241,74.1077
443,2584,root,0,NA,NA,2584,74.0977
444,794,root,0,NA,NA,794,74.0759
445,17743,root,0,NA,NA,17743,74.073
446,17042,root,0,NA,NA,17042,74.0717
447,6614,root,0,NA,NA,6614,74.047
448,1273,root,0,NA,NA,1273,74.0374
449,4645,root,0,NA,NA,4645,74.0368
450,4632,root,0,NA,NA,4632,74.0327
451,1004,root,0,NA,NA,1004,74.009
452,2644,root,0,NA,NA,2644,73.9891
453,16010,root,0,NA,NA,16010,73.9866
454,2835,root,0,NA,NA,2835,73.986
455,1642,root,0,NA,NA,1642,73.9792
456,2336,root,0,NA,NA,2336,73.9496
457,8220,root,0,NA,NA,8220,73.9475
458,2534,root,0,NA,NA,2534,73.9357
459,1561,root,0,NA,NA,1561,73.9291
460,2144,root,0,NA,NA,2144,73.926
461,6689,root,0,NA,NA,6689,73.9245
462,273,root,0,NA,NA,273,73.9114
463,18145,root,0,NA,NA,18145,73.9074
464,19256,root,0,NA,NA,19256,73.8887
465,1608,root,0,NA,NA,1608,73.8862
466,6630,root,0,NA,NA,6630,73.8672
467,15970,root,0,NA,NA,15970,73.8637
468,4268,root,0,NA,NA,4268,73.8634
469,18777,root,0,NA,NA,18777,73.8294
470,10907,root,0,NA,NA,10907,73.7871
471,13693,root,0,NA,NA,13693,73.7827
472,396,root,0,NA,NA,396,73.7728
473,18885,root,0,NA,NA,18885,73.7559
474,1621,root,0,NA,NA,1621,73.7528
475,1373,root,0,NA,NA,1373,73.7432
476,4581,root,0,NA,NA,4581,73.7305
477,18788,root,0,NA,NA,18788,73.7223
478,15727,root,0,NA,NA,15727,73.7201
479,1911,root,0,NA,NA,1911,73.72
480,15728,root,0,NA,NA,15728,73.7116
481,7150,root,0,NA,NA,7150,73.71
482,2869,root,0,NA,NA,2869,73.6982
483,4560,root,0,NA,NA,4560,73.6973
484,9836,root,0,NA,NA,9836,73.6713
485,807,root,0,NA,NA,807,73.666
486,726,root,0,NA,NA,726,73.6637
487,14811,root,0,NA,NA,14811,73.6634
488,1012,root,0,NA,NA,1012,73.6279
489,2152,root,0,NA,NA,2152,73.6251
490,9831,root,0,NA,NA,9831,73.6092
491,5050,root,0,NA,NA,5050,73.5994
492,3980,root,0,NA,NA,3980,73.5943
493,16015,root,0,NA,NA,16015,73.5856
494,349,root,0,NA,NA,349,73.5754
495,6,root,0,NA,NA,6,73.5564
496,2099,root,0,NA,NA,2099,73.5536
497,16389,root,0,NA,NA,16389,73.5482
498,1697,root,0,NA,NA,1697,73.5343
499,8561,root,0,NA,NA,8561,73.5246
500,3094,root,0,NA,NA,3094,73.5206
501,1260,root,0,NA,NA,1260,73.5182
502,15017,root,0,NA,NA,15017,73.496
503,616,root,0,NA,NA,616,73.4809
504,3395,root,0,NA,NA,3395,73.476
505,147,root,0,NA,NA,147,73.468
506,12637,root,0,NA,NA,12637,73.4631
507,12168,root,0,NA,NA,12168,73.4288
508,3605,root,0,NA,NA,3605,73.426
509,15349,root,0,NA,NA,15349,73.4127
510,3765,root,0,NA,NA,3765,73.4029
511,2851,root,0,NA,NA,2851,73.3881
512,7627,root,0,NA,NA,7627,73.3812
513,14187,root,0,NA,NA,14187,73.353
514,1663,root,0,NA,NA,1663,73.336
515,18228,root,0,NA,NA,18228,73.3319
516,18776,root,0,NA,NA,18776,73.3095
517,236,root,0,NA,NA,236,73.304
518,3055,root,0,NA,NA,3055,73.2789
519,548,root,0,NA,NA,548,73.269
520,218,root,0,NA,NA,218,73.2669
521,17160,root,0,NA,NA,17160,73.2493
522,13947,root,0,NA,NA,13947,73.2475
523,14849,root,0,NA,NA,14849,73.219
524,16591,root,0,NA,NA,16591,73.2034
525,6032,root,0,NA,NA,6032,73.2005
526,14688,root,0,NA,NA,14688,73.2005
527,2213,root,0,NA,NA,2213,73.1678
528,1394,root,0,NA,NA,1394,73.1645
529,278,root,0,NA,NA,278,73.1393
530,569,root,0,NA,NA,569,73.1381
531,7044,root,0,NA,NA,7044,73.136
532,4391,root,0,NA,NA,4391,73.1334
533,1676,root,0,NA,NA,1676,73.1121
534,18277,root,0,NA,NA,18277,73.1032
535,2086,root,0,NA,NA,2086,73.1001
536,506,root,0,NA,NA,506,73.0898
537,3196,root,0,NA,NA,3196,73.0785
538,15708,root,0,NA,NA,15708,73.0749
539,1590,root,0,NA,NA,1590,73.0698
540,391,root,0,NA,NA,391,73.0638
541,3959,root,0,NA,NA,3959,73.0608
542,16590,root,0,NA,NA,16590,73.0596
543,14921,root,0,NA,NA,14921,73.0577
544,18334,root,0,NA,NA,18334,73.0562
545,3534,root,0,NA,NA,3534,73.0496
546,370,root,0,NA,NA,370,73.0229
547,17635,root,0,NA,NA,17635,73.0169
548,2247,root,0,NA,NA,2247,73.0064
549,5009,root,0,NA,NA,5009,72.9957
550,82,root,0,NA,NA,82,72.9931
551,4281,root,0,NA,NA,4281,72.9887
552,6609,root,0,NA,NA,6609,72.959
553,404,root,0,NA,NA,404,72.9496
554,18882,root,0,NA,NA,18882,72.9219
555,14091,root,0,NA,NA,14091,72.913
556,2242,root,0,NA,NA,2242,72.9093
557,5487,root,0,NA,NA,5487,72.8946
558,19409,root,0,NA,NA,19409,72.8672
559,383,root,0,NA,NA,383,72.8658
560,6087,root,0,NA,NA,6087,72.8647
561,1650,root,0,NA,NA,1650,72.8644
562,3181,root,0,NA,NA,3181,72.8555
563,1932,root,0,NA,NA,1932,72.837
564,3513,root,0,NA,NA,3513,72.8203
565,9666,root,0,NA,NA,9666,72.8196
566,1987,root,0,NA,NA,1987,72.8169
567,4996,root,0,NA,NA,4996,72.815
568,3547,root,0,NA,NA,3547,72.8048
569,15866,root,0,NA,NA,15866,72.7915
570,19,root,0,NA,NA,19,72.7582
571,40,root,0,NA,NA,40,72.7516
572,2537,root,0,NA,NA,2537,72.7327
573,3707,root,0,NA,NA,3707,72.7315
574,3555,root,0,NA,NA,3555,72.7167
575,4860,root,0,NA,NA,4860,72.6863
576,7095,root,0,NA,NA,7095,72.6804
577,13269,root,0,NA,NA,13269,72.6733
578,6643,root,0,NA,NA,6643,72.6653
579,4768,root,0,NA,NA,4768,72.6551
580,16957,root,0,NA,NA,16957,72.646
581,3938,root,0,NA,NA,3938,72.6393
582,15933,root,0,NA,NA,15933,72.6375
583,2796,root,0,NA,NA,2796,72.6357
584,1760,root,0,NA,NA,1760,72.6244
585,8412,root,0,NA,NA,8412,72.6087
586,1655,root,0,NA,NA,1655,72.6062
587,15530,root,0,NA,NA,15530,72.5992
588,4529,root,0,NA,NA,4529,72.598
589,4889,root,0,NA,NA,4889,72.5969
590,3613,root,0,NA,NA,3613,72.5932
591,16746,root,0,NA,NA,16746,72.5926
592,4815,root,0,NA,NA,4815,72.5867
593,11294,root,0,NA,NA,11294,72.5816
594,1017,root,0,NA,NA,1017,72.575
595,2419,root,0,NA,NA,2419,72.5738
596,16805,root,0,NA,NA,16805,72.5683
597,1802,root,0,NA,NA,1802,72.5652
598,19330,root,0,NA,NA,19330,72.5356
599,13562,root,0,NA,NA,13562,72.5217
600,2276,root,0,NA,NA,2276,72.5058
601,1386,root,0,NA,NA,1386,72.4993
602,341,root,0,NA,NA,341,72.4881
603,841,root,0,NA,NA,841,72.4786
604,3021,root,0,NA,NA,3021,72.4698
605,18065,root,0,NA,NA,18065,72.4656
606,922,root,0,NA,NA,922,72.4605
607,5786,root,0,NA,NA,5786,72.4354
608,18062,root,0,NA,NA,18062,72.4347
609,6889,root,0,NA,NA,6889,72.4294
610,4260,root,0,NA,NA,4260,72.4151
611,375,root,0,NA,NA,375,72.4095
612,2558,root,0,NA,NA,2558,72.3894
613,15942,root,0,NA,NA,15942,72.3569
614,171,root,0,NA,NA,171,72.3426
615,9381,root,0,NA,NA,9381,72.3421
616,15543,root,0,NA,NA,15543,72.3377
617,12216,root,0,NA,NA,12216,72.3282
618,4624,root,0,NA,NA,4624,72.3209
619,8404,root,0,NA,NA,8404,72.3137
620,14538,root,0,NA,NA,14538,72.2591
621,3907,root,0,NA,NA,3907,72.2577
622,9386,root,0,NA,NA,9386,72.2457
623,5770,root,0,NA,NA,5770,72.2435
624,2547,root,0,NA,NA,2547,72.2377
625,265,root,0,NA,NA,265,72.229
626,8169,root,0,NA,NA,8169,72.2281
627,7317,root,0,NA,NA,7317,72.2268
628,2000,root,0,NA,NA,2000,72.2236
629,3364,root,0,NA,NA,3364,72.2197
630,1178,root,0,NA,NA,1178,72.2124
631,4868,root,0,NA,NA,4868,72.2089
632,18782,root,0,NA,NA,18782,72.2056
633,10240,root,0,NA,NA,10240,72.2042
634,10247,root,0,NA,NA,10247,72.2036
635,446,root,0,NA,NA,446,72.2012
636,2767,root,0,NA,NA,2767,72.1784
637,18874,root,0,NA,NA,18874,72.1783
638,4124,root,0,NA,NA,4124,72.1387
639,4881,root,0,NA,NA,4881,72.1272
640,760,root,0,NA,NA,760,72.1219
641,12255,root,0,NA,NA,12255,72.1055
642,7866,root,0,NA,NA,7866,72.1027
643,2649,root,0,NA,NA,2649,72.0997
644,3126,root,0,NA,NA,3126,72.0874
645,4980,root,0,NA,NA,4980,72.0823
646,909,root,0,NA,NA,909,72.0764
647,1315,root,0,NA,NA,1315,72.0748
648,11588,root,0,NA,NA,11588,72.0556
649,18291,root,0,NA,NA,18291,72.0429
650,312,root,0,NA,NA,312,72.0305
651,1773,root,0,NA,NA,1773,72.0199
652,17598,root,0,NA,NA,17598,72.0076
653,734,root,0,NA,NA,734,71.9778
654,7186,root,0,NA,NA,7186,71.9227
655,8049,root,0,NA,NA,8049,71.9214
656,17828,root,0,NA,NA,17828,71.893
657,3419,root,0,NA,NA,3419,71.8876
658,3784,root,0,NA,NA,3784,71.871
659,14366,root,0,NA,NA,14366,71.8687
660,16458,root,0,NA,NA,16458,71.8499
661,1409,root,0,NA,NA,1409,71.8428
662,459,root,0,NA,NA,459,71.8414
663,4752,root,0,NA,NA,4752,71.8227
664,687,root,0,NA,NA,687,71.8111
665,12350,root,0,NA,NA,12350,71.8018
666,18293,root,0,NA,NA,18293,71.7975
667,2984,root,0,NA,NA,2984,71.797
668,2872,root,0,NA,NA,2872,71.7969
669,938,root,0,NA,NA,938,71.781
670,566,root,0,NA,NA,566,71.7669
671,5867,root,0,NA,NA,5867,71.7669
672,12250,root,0,NA,NA,12250,71.7491
673,4810,root,0,NA,NA,4810,71.7466
674,1191,root,0,NA,NA,1191,71.7403
675,362,root,0,NA,NA,362,71.7324
676,4263,root,0,NA,NA,4263,71.7315
677,6194,root,0,NA,NA,6194,71.7073
678,12253,root,0,NA,NA,12253,71.7059
679,7425,root,0,NA,NA,7425,71.7014
680,15863,root,0,NA,NA,15863,71.687
681,1033,root,0,NA,NA,1033,71.6738
682,4516,root,0,NA,NA,4516,71.6638
683,16079,root,0,NA,NA,16079,71.6637
684,17107,root,0,NA,NA,17107,71.6307
685,15350,root,0,NA,NA,15350,71.6284
686,6860,root,0,NA,NA,6860,71.6273
687,5063,root,0,NA,NA,5063,71.6087
688,13250,root,0,NA,NA,13250,71.6066
689,1611,root,0,NA,NA,1611,71.6036
690,493,root,0,NA,NA,493,71.6003
691,14808,root,0,NA,NA,14808,71.5787
692,3618,root,0,NA,NA,3618,71.5749
693,137,root,0,NA,NA,137,71.5641
694,18238,root,0,NA,NA,18238,71.5554
695,5545,root,0,NA,NA,5545,71.5545
696,184,root,0,NA,NA,184,71.5509
697,1689,root,0,NA,NA,1689,71.5506
698,2830,root,0,NA,NA,2830,71.5445
699,10910,root,0,NA,NA,10910,71.533
700,4153,root,0,NA,NA,4153,71.5271
701,19402,root,0,NA,NA,19402,71.5261
702,17976,root,0,NA,NA,17976,71.5251
703,17118,root,0,NA,NA,17118,71.5208
704,480,root,0,NA,NA,480,71.5185
705,3933,root,0,NA,NA,3933,71.5173
706,3946,root,0,NA,NA,3946,71.5143
707,1401,root,0,NA,NA,1401,71.5141
708,700,root,0,NA,NA,700,71.5079
709,14174,root,0,NA,NA,14174,71.4959
710,5045,root,0,NA,NA,5045,71.4782
711,595,root,0,NA,NA,595,71.4741
712,640,root,0,NA,NA,640,71.4542
713,15939,root,0,NA,NA,15939,71.4457
714,15983,root,0,NA,NA,15983,71.4343
715,3728,root,0,NA,NA,3728,71.4327
716,1235,root,0,NA,NA,1235,71.4248
717,16677,root,0,NA,NA,16677,71.4116
718,873,root,0,NA,NA,873,71.4056
719,1781,root,0,NA,NA,1781,71.3843
720,1924,root,0,NA,NA,1924,71.376
721,13501,root,0,NA,NA,13501,71.3759
722,765,root,0,NA,NA,765,71.3708
723,10208,root,0,NA,NA,10208,71.3675
724,3249,root,0,NA,NA,3249,71.3608
725,15989,root,0,NA,NA,15989,71.3559
726,8194,root,0,NA,NA,8194,71.3545
727,739,root,0,NA,NA,739,71.3508
728,15527,root,0,NA,NA,15527,71.3324
729,3928,root,0,NA,NA,3928,71.3308
730,1890,root,0,NA,NA,1890,71.3077
731,1467,root,0,NA,NA,1467,71.3046
732,2979,root,0,NA,NA,2979,71.2855
733,1459,root,0,NA,NA,1459,71.2719
734,18822,root,0,NA,NA,18822,71.2696
735,19939,root,0,NA,NA,19939,71.2559
736,18878,root,0,NA,NA,18878,71.2423
737,524,root,0,NA,NA,524,71.2402
738,2226,root,0,NA,NA,2226,71.2391
739,3920,root,0,NA,NA,3920,71.2177
740,8257,root,0,NA,NA,8257,71.2129
741,3639,root,0,NA,NA,3639,71.2064
742,917,root,0,NA,NA,917,71.2052
743,18233,root,0,NA,NA,18233,71.2016
744,14132,root,0,NA,NA,14132,71.2011
745,18304,root,0,NA,NA,18304,71.1907
746,16279,root,0,NA,NA,16279,71.1846
747,4891,root,0,NA,NA,4891,71.166
748,16719,root,0,NA,NA,16719,71.1555
749,1212,root,0,NA,NA,1212,71.1553
750,19478,root,0,NA,NA,19478,71.1515
751,12553,root,0,NA,NA,12553,71.1512
752,2848,root,0,NA,NA,2848,71.1129
753,3912,root,0,NA,NA,3912,71.0981
754,6593,root,0,NA,NA,6593,71.0861
755,3042,root,0,NA,NA,3042,71.0822
756,6468,root,0,NA,NA,6468,71.0774
757,3013,root,0,NA,NA,3013,71.0722
758,7312,root,0,NA,NA,7312,71.0647
759,3385,root,0,NA,NA,3385,71.0559
760,13517,root,0,NA,NA,13517,71.0469
761,3301,root,0,NA,NA,3301,71.0468
762,5407,root,0,NA,NA,5407,71.038
763,3322,root,0,NA,NA,3322,71.0159
764,2838,root,0,NA,NA,2838,70.989
765,18618,root,0,NA,NA,18618,70.9796
766,13264,root,0,NA,NA,13264,70.9697
767,4904,root,0,NA,NA,4904,70.9559
768,249,root,0,NA,NA,249,70.9477
769,15792,root,0,NA,NA,15792,70.9467
770,16522,root,0,NA,NA,16522,70.9461
771,1480,root,0,NA,NA,1480,70.9444
772,3168,root,0,NA,NA,3168,70.9301
773,3752,root,0,NA,NA,3752,70.9038
774,4331,root,0,NA,NA,4331,70.8849
775,943,root,0,NA,NA,943,70.883
776,9464,root,0,NA,NA,9464,70.8815
777,17700,root,0,NA,NA,17700,70.8743
778,1587,root,0,NA,NA,1587,70.8713
779,15211,root,0,NA,NA,15211,70.8653
780,11905,root,0,NA,NA,11905,70.8593
781,3762,root,0,NA,NA,3762,70.8517
782,6635,root,0,NA,NA,6635,70.8385
783,1679,root,0,NA,NA,1679,70.8227
784,3000,root,0,NA,NA,3000,70.8079
785,16429,root,0,NA,NA,16429,70.8011
786,19039,root,0,NA,NA,19039,70.7962
787,5650,root,0,NA,NA,5650,70.7953
788,5574,root,0,NA,NA,5574,70.7883
789,503,root,0,NA,NA,503,70.7834
790,210,root,0,NA,NA,210,70.7772
791,3917,root,0,NA,NA,3917,70.775
792,3904,root,0,NA,NA,3904,70.7723
793,3925,root,0,NA,NA,3925,70.7723
794,4030,root,0,NA,NA,4030,70.7539
795,19603,root,0,NA,NA,19603,70.7356
796,11208,root,0,NA,NA,11208,70.7351
797,35,root,0,NA,NA,35,70.7334
798,17159,root,0,NA,NA,17159,70.7273
799,3110,root,0,NA,NA,3110,70.7257
800,16434,root,0,NA,NA,16434,70.7249
801,1222,root,0,NA,NA,1222,70.7233
802,17015,root,0,NA,NA,17015,70.7218
803,5428,root,0,NA,NA,5428,70.6641
804,17508,root,0,NA,NA,17508,70.6451
805,598,root,0,NA,NA,598,70.6216
806,1097,root,0,NA,NA,1097,70.5897
807,7168,root,0,NA,NA,7168,70.5758
808,629,root,0,NA,NA,629,70.5652
809,17010,root,0,NA,NA,17010,70.5613
810,3160,root,0,NA,NA,3160,70.5552
811,4284,root,0,NA,NA,4284,70.547
812,6131,root,0,NA,NA,6131,70.534
813,15793,root,0,NA,NA,15793,70.5247
814,4205,root,0,NA,NA,4205,70.5155
815,18456,root,0,NA,NA,18456,70.5113
816,1836,root,0,NA,NA,1836,70.4812
817,5553,root,0,NA,NA,5553,70.4778
818,2263,root,0,NA,NA,2263,70.473
819,17200,root,0,NA,NA,17200,70.4638
820,17654,root,0,NA,NA,17654,70.458
821,9828,root,0,NA,NA,9828,70.4524
822,5524,root,0,NA,NA,5524,70.4519
823,1286,root,0,NA,NA,1286,70.4461
824,19908,root,0,NA,NA,19908,70.4442
825,2406,root,0,NA,NA,2406,70.4423
826,17712,root,0,NA,NA,17712,70.4245
827,3634,root,0,NA,NA,3634,70.4199
828,1757,root,0,NA,NA,1757,70.4139
829,1227,root,0,NA,NA,1227,70.4124
830,4912,root,0,NA,NA,4912,70.4103
831,1577,root,0,NA,NA,1577,70.4023
832,3662,root,0,NA,NA,3662,70.402
833,2987,root,0,NA,NA,2987,70.4017
834,13467,root,0,NA,NA,13467,70.3963
835,16520,root,0,NA,NA,16520,70.3885
836,5228,root,0,NA,NA,5228,70.3861
837,16352,root,0,NA,NA,16352,70.3848
838,7632,root,0,NA,NA,7632,70.3844
839,4297,root,0,NA,NA,4297,70.3786
840,14323,root,0,NA,NA,14323,70.3773
841,6241,root,0,NA,NA,6241,70.3758
842,15945,root,0,NA,NA,15945,70.3753
843,16722,root,0,NA,NA,16722,70.3645
844,17411,root,0,NA,NA,17411,70.3505
845,17695,root,0,NA,NA,17695,70.3474
846,5890,root,0,NA,NA,5890,70.3406
847,5066,root,0,NA,NA,5066,70.3336
848,11540,root,0,NA,NA,11540,70.3317
849,878,root,0,NA,NA,878,70.3091
850,18761,root,0,NA,NA,18761,70.3083
851,11289,root,0,NA,NA,11289,70.2983
852,556,root,0,NA,NA,556,70.2953
853,74,root,0,NA,NA,74,70.2756
854,17371,root,0,NA,NA,17371,70.2732
855,2660,root,0,NA,NA,2660,70.2651
856,6262,root,0,NA,NA,6262,70.2642
857,6053,root,0,NA,NA,6053,70.2459
858,1765,root,0,NA,NA,1765,70.2225
859,205,root,0,NA,NA,205,70.1902
860,3951,root,0,NA,NA,3951,70.1893
861,1634,root,0,NA,NA,1634,70.1884
862,3521,root,0,NA,NA,3521,70.184
863,10376,root,0,NA,NA,10376,70.1825
864,15984,root,0,NA,NA,15984,70.1697
865,4508,root,0,NA,NA,4508,70.1524
866,3330,root,0,NA,NA,3330,70.1369
867,7411,root,0,NA,NA,7411,70.128
868,17384,root,0,NA,NA,17384,70.1215
869,14188,root,0,NA,NA,14188,70.119
870,12839,root,0,NA,NA,12839,70.1112
871,914,root,0,NA,NA,914,70.1112
872,32,root,0,NA,NA,32,70.1107
873,228,root,0,NA,NA,228,70.0834
874,1871,root,0,NA,NA,1871,70.0656
875,16099,root,0,NA,NA,16099,70.0589
876,2094,root,0,NA,NA,2094,70.055
877,5663,root,0,NA,NA,5663,70.0363
878,16525,root,0,NA,NA,16525,70.0361
879,6384,root,0,NA,NA,6384,70.0079
880,118,root,0,NA,NA,118,70.003
881,7307,root,0,NA,NA,7307,70.002
882,1256,root,0,NA,NA,1256,69.9996
883,3348,root,0,NA,NA,3348,69.9876
884,3741,root,0,NA,NA,3741,69.9788
885,2118,root,0,NA,NA,2118,69.9725
886,1786,root,0,NA,NA,1786,69.9618
887,16801,root,0,NA,NA,16801,69.9185
888,18296,root,0,NA,NA,18296,69.909
889,16487,root,0,NA,NA,16487,69.8985
890,13897,root,0,NA,NA,13897,69.8888
891,768,root,0,NA,NA,768,69.8796
892,2208,root,0,NA,NA,2208,69.8631
893,6776,root,0,NA,NA,6776,69.8495
894,15795,root,0,NA,NA,15795,69.8449
895,9676,root,0,NA,NA,9676,69.8432
896,2165,root,0,NA,NA,2165,69.841
897,4399,root,0,NA,NA,4399,69.8326
898,2524,root,0,NA,NA,2524,69.8317
899,2686,root,0,NA,NA,2686,69.8043
900,18875,root,0,NA,NA,18875,69.8029
901,15861,root,0,NA,NA,15861,69.8023
902,16539,root,0,NA,NA,16539,69.78
903,17043,root,0,NA,NA,17043,69.7795
904,17258,root,0,NA,NA,17258,69.7741
905,6705,root,0,NA,NA,6705,69.7594
906,7036,root,0,NA,NA,7036,69.7589
907,5634,root,0,NA,NA,5634,69.756
908,7341,root,0,NA,NA,7341,69.7206
909,5110,root,0,NA,NA,5110,69.7115
910,294,root,0,NA,NA,294,69.6924
911,4137,root,0,NA,NA,4137,69.689
912,18734,root,0,NA,NA,18734,69.6887
913,4755,root,0,NA,NA,4755,69.6869
914,8223,root,0,NA,NA,8223,69.683
915,1446,root,0,NA,NA,1446,69.6793
916,14606,root,0,NA,NA,14606,69.6758
917,16536,root,0,NA,NA,16536,69.6704
918,17892,root,0,NA,NA,17892,69.6695
919,1396,root,0,NA,NA,1396,69.6579
920,2628,root,0,NA,NA,2628,69.6535
921,537,root,0,NA,NA,537,69.6439
922,1778,root,0,NA,NA,1778,69.6424
923,8044,root,0,NA,NA,8044,69.6203
924,8119,root,0,NA,NA,8119,69.6176
925,12345,root,0,NA,NA,12345,69.6158
926,16432,root,0,NA,NA,16432,69.6084
927,18440,root,0,NA,NA,18440,69.6043
928,15798,root,0,NA,NA,15798,69.5989
929,3915,root,0,NA,NA,3915,69.5942
930,5741,root,0,NA,NA,5741,69.5846
931,3217,root,0,NA,NA,3217,69.5673
932,3542,root,0,NA,NA,3542,69.5621
933,6066,root,0,NA,NA,6066,69.5431
934,15724,root,0,NA,NA,15724,69.5428
935,13899,root,0,NA,NA,13899,69.5238
936,158,root,0,NA,NA,158,69.5102
937,9127,root,0,NA,NA,9127,69.5083
938,17606,root,0,NA,NA,17606,69.4935
939,48,root,0,NA,NA,48,69.4875
940,3306,root,0,NA,NA,3306,69.4815
941,15209,root,0,NA,NA,15209,69.4783
942,3972,root,0,NA,NA,3972,69.4726
943,3563,root,0,NA,NA,3563,69.445
944,1360,root,0,NA,NA,1360,69.4423
945,2817,root,0,NA,NA,2817,69.4227
946,1799,root,0,NA,NA,1799,69.4199
947,105,root,0,NA,NA,105,69.4167
948,1365,root,0,NA,NA,1365,69.4154
949,3445,root,0,NA,NA,3445,69.4151
950,3909,root,0,NA,NA,3909,69.4024
951,16534,root,0,NA,NA,16534,69.4014
952,3029,root,0,NA,NA,3029,69.3886
953,5820,root,0,NA,NA,5820,69.3825
954,11049,root,0,NA,NA,11049,69.3737
955,15217,root,0,NA,NA,15217,69.3682
956,16680,root,0,NA,NA,16680,69.3625
957,6865,root,0,NA,NA,6865,69.3551
958,16565,root,0,NA,NA,16565,69.3442
959,12252,root,0,NA,NA,12252,69.3438
960,3852,root,0,NA,NA,3852,69.326
961,6585,root,0,NA,NA,6585,69.3227
962,13567,root,0,NA,NA,13567,69.3174
963,430,root,0,NA,NA,430,69.3142
964,4876,root,0,NA,NA,4876,69.3073
965,14326,root,0,NA,NA,14326,69.3041
966,16196,root,0,NA,NA,16196,69.2968
967,1199,root,0,NA,NA,1199,69.2892
968,3805,root,0,NA,NA,3805,69.2809
969,5415,root,0,NA,NA,5415,69.2759
970,5490,root,0,NA,NA,5490,69.2738
971,9671,root,0,NA,NA,9671,69.2619
972,2081,root,0,NA,NA,2081,69.2526
973,8310,root,0,NA,NA,8310,69.2346
974,18218,root,0,NA,NA,18218,69.2328
975,7215,root,0,NA,NA,7215,69.198
976,9684,root,0,NA,NA,9684,69.1975
977,12852,root,0,NA,NA,12852,69.1947
978,14763,root,0,NA,NA,14763,69.1883
979,1548,root,0,NA,NA,1548,69.1843
980,16537,root,0,NA,NA,16537,69.1693
981,412,root,0,NA,NA,412,69.1642
982,6710,root,0,NA,NA,6710,69.1522
983,3453,root,0,NA,NA,3453,69.1467
984,6588,root,0,NA,NA,6588,69.121
985,8313,root,0,NA,NA,8313,69.12
986,19399,root,0,NA,NA,19399,69.1187
987,5903,root,0,NA,NA,5903,69.0912
988,17856,root,0,NA,NA,17856,69.0892
989,2681,root,0,NA,NA,2681,69.0792
990,1430,root,0,NA,NA,1430,69.0631
991,17078,root,0,NA,NA,17078,69.0574
992,789,root,0,NA,NA,789,69.0562
993,16954,root,0,NA,NA,16954,69.0554
994,14658,root,0,NA,NA,14658,69.0403
995,4273,root,0,NA,NA,4273,69.0369
996,5854,root,0,NA,NA,5854,69.0287
997,2610,root,0,NA,NA,2610,68.9874
998,3194,root,0,NA,NA,3194,68.9689
999,1265,root,0,NA,NA,1265,68.9683
1000,9674,root,0,NA,NA,9674,68.9653
1001,18867,root,0,NA,NA,18867,68.9629
1002,4043,root,0,NA,NA,4043,68.9462
1003,1281,root,0,NA,NA,1281,68.945
1004,18428,root,0,NA,NA,18428,68.9238
1005,19392,root,0,NA,NA,19392,68.9192
1006,10875,root,0,NA,NA,10875,68.9122
1007,7155,root,0,NA,NA,7155,68.9059
1008,6144,root,0,NA,NA,6144,68.895
1009,4459,root,0,NA,NA,4459,68.8782
1010,17373,root,0,NA,NA,17373,68.8542
1011,6254,root,0,NA,NA,6254,68.8475
1012,19463,root,0,NA,NA,19463,68.8447
1013,1700,root,0,NA,NA,1700,68.8373
1014,2665,root,0,NA,NA,2665,68.8161
1015,13800,root,0,NA,NA,13800,68.8145
1016,4521,root,0,NA,NA,4521,68.8086
1017,160,root,0,NA,NA,160,68.8017
1018,608,root,0,NA,NA,608,68.7926
1019,1600,root,0,NA,NA,1600,68.7801
1020,16012,root,0,NA,NA,16012,68.7672
1021,2701,root,0,NA,NA,2701,68.7654
1022,5249,root,0,NA,NA,5249,68.7583
1023,1807,root,0,NA,NA,1807,68.7485
1024,5503,root,0,NA,NA,5503,68.7366
1025,999,root,0,NA,NA,999,68.7163
1026,4226,root,0,NA,NA,4226,68.7124
1027,16195,root,0,NA,NA,16195,68.7074
1028,17610,root,0,NA,NA,17610,68.7022
1029,11052,root,0,NA,NA,11052,68.7021
1030,3589,root,0,NA,NA,3589,68.6899
1031,4962,root,0,NA,NA,4962,68.6844
1032,8318,root,0,NA,NA,8318,68.6811
1033,5566,root,0,NA,NA,5566,68.6805
1034,6543,root,0,NA,NA,6543,68.6759
1035,17075,root,0,NA,NA,17075,68.6614
1036,12248,root,0,NA,NA,12248,68.6593
1037,2102,root,0,NA,NA,2102,68.6545
1038,833,root,0,NA,NA,833,68.6419
1039,3600,root,0,NA,NA,3600,68.6369
1040,7309,root,0,NA,NA,7309,68.6223
1041,1898,root,0,NA,NA,1898,68.6189
1042,755,root,0,NA,NA,755,68.6096
1043,3775,root,0,NA,NA,3775,68.5967
1044,9689,root,0,NA,NA,9689,68.5927
1045,1349,root,0,NA,NA,1349,68.5707
1046,1276,root,0,NA,NA,1276,68.5653
1047,18795,root,0,NA,NA,18795,68.5614
1048,996,root,0,NA,NA,996,68.5521
1049,16233,root,0,NA,NA,16233,68.5417
1050,8569,root,0,NA,NA,8569,68.5385
1051,6249,root,0,NA,NA,6249,68.511
1052,1569,root,0,NA,NA,1569,68.504
1053,13392,root,0,NA,NA,13392,68.4938
1054,3283,root,0,NA,NA,3283,68.4929
1055,3147,root,0,NA,NA,3147,68.479
1056,5958,root,0,NA,NA,5958,68.4764
1057,1919,root,0,NA,NA,1919,68.4734
1058,19057,root,0,NA,NA,19057,68.4621
1059,7467,root,0,NA,NA,7467,68.4589
1060,3954,root,0,NA,NA,3954,68.4573
1061,2699,root,0,NA,NA,2699,68.4376
1062,189,root,0,NA,NA,189,68.4218
1063,1841,root,0,NA,NA,1841,68.4173
1064,15714,root,0,NA,NA,15714,68.4028
1065,5608,root,0,NA,NA,5608,68.4012
1066,5859,root,0,NA,NA,5859,68.3947
1067,15541,root,0,NA,NA,15541,68.3826
1068,1789,root,0,NA,NA,1789,68.3822
1069,6611,root,0,NA,NA,6611,68.3807
1070,18215,root,0,NA,NA,18215,68.3699
1071,4090,root,0,NA,NA,4090,68.3669
1072,18804,root,0,NA,NA,18804,68.3544
1073,577,root,0,NA,NA,577,68.3536
1074,472,root,0,NA,NA,472,68.3529
1075,14607,root,0,NA,NA,14607,68.3508
1076,8321,root,0,NA,NA,8321,68.3461
1077,5587,root,0,NA,NA,5587,68.3218
1078,15944,root,0,NA,NA,15944,68.3218
1079,2714,root,0,NA,NA,2714,68.3179
1080,11095,root,0,NA,NA,11095,68.3084
1081,543,root,0,NA,NA,543,68.3068
1082,2123,root,0,NA,NA,2123,68.3038
1083,2199,root,0,NA,NA,2199,68.3036
1084,3406,root,0,NA,NA,3406,68.296
1085,1823,root,0,NA,NA,1823,68.279
1086,19895,root,0,NA,NA,19895,68.2729
1087,2229,root,0,NA,NA,2229,68.2573
1088,15504,root,0,NA,NA,15504,68.2509
1089,3962,root,0,NA,NA,3962,68.231
1090,2398,root,0,NA,NA,2398,68.2309
1091,3008,root,0,NA,NA,3008,68.224
1092,16481,root,0,NA,NA,16481,68.1998
1093,15711,root,0,NA,NA,15711,68.1952
1094,4605,root,0,NA,NA,4605,68.1821
1095,2735,root,0,NA,NA,2735,68.1811
1096,7223,root,0,NA,NA,7223,68.1778
1097,1030,root,0,NA,NA,1030,68.1737
1098,1637,root,0,NA,NA,1637,68.1733
1099,6029,root,0,NA,NA,6029,68.1657
1100,3754,root,0,NA,NA,3754,68.1261
1101,14088,root,0,NA,NA,14088,68.1217
1102,8323,root,0,NA,NA,8323,68.1166
1103,776,root,0,NA,NA,776,68.1139
1104,19368,root,0,NA,NA,19368,68.1083
1105,5796,root,0,NA,NA,5796,68.1063
1106,17699,root,0,NA,NA,17699,68.0985
1107,1,root,0,NA,NA,1,68.098
1108,17653,root,0,NA,NA,17653,68.0927
1109,1170,root,0,NA,NA,1170,68.0764
1110,13454,root,0,NA,NA,13454,68.0731
1111,3773,root,0,NA,NA,3773,68.0713
1112,15546,root,0,NA,NA,15546,68.0556
1113,7624,root,0,NA,NA,7624,68.045
1114,14766,root,0,NA,NA,14766,68.0343
1115,828,root,0,NA,NA,828,68.024
1116,53,root,0,NA,NA,53,68.0217
1117,5579,root,0,NA,NA,5579,68.0054
1118,12218,root,0,NA,NA,12218,68.0044
1119,7459,root,0,NA,NA,7459,68.0042
1120,13805,root,0,NA,NA,13805,68.0026
1121,2302,root,0,NA,NA,2302,67.9987
1122,4386,root,0,NA,NA,4386,67.9897
1123,13674,root,0,NA,NA,13674,67.9622
1124,3526,root,0,NA,NA,3526,67.9604
1125,3694,root,0,NA,NA,3694,67.9451
1126,9451,root,0,NA,NA,9451,67.9416
1127,262,root,0,NA,NA,262,67.9371
1128,17766,root,0,NA,NA,17766,67.9319
1129,1302,root,0,NA,NA,1302,67.9274
1130,3288,root,0,NA,NA,3288,67.9261
1131,3621,root,0,NA,NA,3621,67.9207
1132,2139,root,0,NA,NA,2139,67.9142
1133,2859,root,0,NA,NA,2859,67.9077
1134,17855,root,0,NA,NA,17855,67.9027
1135,14907,root,0,NA,NA,14907,67.8794
1136,17851,root,0,NA,NA,17851,67.8791
1137,6105,root,0,NA,NA,6105,67.8652
1138,17739,root,0,NA,NA,17739,67.8561
1139,15625,root,0,NA,NA,15625,67.8422
1140,16675,root,0,NA,NA,16675,67.8393
1141,564,root,0,NA,NA,564,67.8169
1142,5466,root,0,NA,NA,5466,67.7995
1143,14533,root,0,NA,NA,14533,67.7657
1144,16125,root,0,NA,NA,16125,67.7529
1145,388,root,0,NA,NA,388,67.7437
1146,5642,root,0,NA,NA,5642,67.7436
1147,315,root,0,NA,NA,315,67.7268
1148,7160,root,0,NA,NA,7160,67.7113
1149,15931,root,0,NA,NA,15931,67.711
1150,2746,root,0,NA,NA,2746,67.7026
1151,17567,root,0,NA,NA,17567,67.6945
1152,16971,root,0,NA,NA,16971,67.6939
1153,145,root,0,NA,NA,145,67.6738
1154,5053,root,0,NA,NA,5053,67.6685
1155,2055,root,0,NA,NA,2055,67.6454
1156,6993,root,0,NA,NA,6993,67.6387
1157,17368,root,0,NA,NA,17368,67.6366
1158,1110,root,0,NA,NA,1110,67.632
1159,14805,root,0,NA,NA,14805,67.6272
1160,126,root,0,NA,NA,126,67.618
1161,2255,root,0,NA,NA,2255,67.6079
1162,8616,root,0,NA,NA,8616,67.6
1163,2073,root,0,NA,NA,2073,67.5955
1164,752,root,0,NA,NA,752,67.5864
1165,8124,root,0,NA,NA,8124,67.5767
1166,7019,root,0,NA,NA,7019,67.5324
1167,281,root,0,NA,NA,281,67.5263
1168,19911,root,0,NA,NA,19911,67.5157
1169,9682,root,0,NA,NA,9682,67.5019
1170,5600,root,0,NA,NA,5600,67.4984
1171,18800,root,0,NA,NA,18800,67.4892
1172,7011,root,0,NA,NA,7011,67.4799
1173,4218,root,0,NA,NA,4218,67.4615
1174,7959,root,0,NA,NA,7959,67.4611
1175,5945,root,0,NA,NA,5945,67.4575
1176,1668,root,0,NA,NA,1668,67.4518
1177,1328,root,0,NA,NA,1328,67.4428
1178,587,root,0,NA,NA,587,67.4343
1179,5511,root,0,NA,NA,5511,67.4225
1180,6640,root,0,NA,NA,6640,67.4047
1181,14760,root,0,NA,NA,14760,67.4035
1182,7894,root,0,NA,NA,7894,67.4008
1183,320,root,0,NA,NA,320,67.3858
1184,2592,root,0,NA,NA,2592,67.3835
1185,1204,root,0,NA,NA,1204,67.3739
1186,2289,root,0,NA,NA,2289,67.3698
1187,1876,root,0,NA,NA,1876,67.3677
1188,409,root,0,NA,NA,409,67.3452
1189,5477,root,0,NA,NA,5477,67.3389
1190,3230,root,0,NA,NA,3230,67.3343
1191,1791,root,0,NA,NA,1791,67.3326
1192,7375,root,0,NA,NA,7375,67.3314
1193,15836,root,0,NA,NA,15836,67.3314
1194,4318,root,0,NA,NA,4318,67.3305
1195,1297,root,0,NA,NA,1297,67.3258
1196,2597,root,0,NA,NA,2597,67.3211
1197,5558,root,0,NA,NA,5558,67.2997
1198,19371,root,0,NA,NA,19371,67.2729
1199,3479,root,0,NA,NA,3479,67.2676
1200,5875,root,0,NA,NA,5875,67.2652
1201,12836,root,0,NA,NA,12836,67.2648
1202,18251,root,0,NA,NA,18251,67.2472
1203,17437,root,0,NA,NA,17437,67.2327
1204,1289,root,0,NA,NA,1289,67.2286
1205,17543,root,0,NA,NA,17543,67.2203
1206,17385,root,0,NA,NA,17385,67.2172
1207,4344,root,0,NA,NA,4344,67.2028
1208,11988,root,0,NA,NA,11988,67.1916
1209,2545,root,0,NA,NA,2545,67.1692
1210,7322,root,0,NA,NA,7322,67.1572
1211,13253,root,0,NA,NA,13253,67.1547
1212,18292,root,0,NA,NA,18292,67.1458
1213,2107,root,0,NA,NA,2107,67.1404
1214,7367,root,0,NA,NA,7367,67.138
1215,2037,root,0,NA,NA,2037,67.1332
1216,6633,root,0,NA,NA,6633,67.1314
1217,15361,root,0,NA,NA,15361,67.1123
1218,4993,root,0,NA,NA,4993,67.1121
1219,3076,root,0,NA,NA,3076,67.1029
1220,1579,root,0,NA,NA,1579,67.0971
1221,3720,root,0,NA,NA,3720,67.0959
1222,15392,root,0,NA,NA,15392,67.076
1223,5817,root,0,NA,NA,5817,67.061
1224,1243,root,0,NA,NA,1243,67.054
1225,10211,root,0,NA,NA,10211,67.0412
1226,8713,root,0,NA,NA,8713,67.0249
1227,1118,root,0,NA,NA,1118,67.0208
1228,16093,root,0,NA,NA,16093,67.0168
1229,223,root,0,NA,NA,223,67.0113
1230,3739,root,0,NA,NA,3739,67.0088
1231,1522,root,0,NA,NA,1522,66.9967
1232,11575,root,0,NA,NA,11575,66.9878
1233,9297,root,0,NA,NA,9297,66.9813
1234,7103,root,0,NA,NA,7103,66.9681
1235,8577,root,0,NA,NA,8577,66.9614
1236,2427,root,0,NA,NA,2427,66.9582
1237,2722,root,0,NA,NA,2722,66.9565
1238,9310,root,0,NA,NA,9310,66.9547
1239,1378,root,0,NA,NA,1378,66.9522
1240,2328,root,0,NA,NA,2328,66.9399
1241,7299,root,0,NA,NA,7299,66.9362
1242,5236,root,0,NA,NA,5236,66.9262
1243,13561,root,0,NA,NA,13561,66.9239
1244,11,root,0,NA,NA,11,66.9226
1245,7951,root,0,NA,NA,7951,66.9208
1246,7370,root,0,NA,NA,7370,66.8995
1247,17697,root,0,NA,NA,17697,66.8986
1248,13695,root,0,NA,NA,13695,66.8911
1249,11926,root,0,NA,NA,11926,66.8864
1250,7378,root,0,NA,NA,7378,66.886
1251,16448,root,0,NA,NA,16448,66.8698
1252,2754,root,0,NA,NA,2754,66.859
1253,1240,root,0,NA,NA,1240,66.8525
1254,13473,root,0,NA,NA,13473,66.8468
1255,15216,root,0,NA,NA,15216,66.8279
1256,14549,root,0,NA,NA,14549,66.8073
1257,12556,root,0,NA,NA,12556,66.8044
1258,5966,root,0,NA,NA,5966,66.804
1259,467,root,0,NA,NA,467,66.7841
1260,16208,root,0,NA,NA,16208,66.7828
1261,179,root,0,NA,NA,179,66.7825
1262,14216,root,0,NA,NA,14216,66.7697
1263,6092,root,0,NA,NA,6092,66.7544
1264,4637,root,0,NA,NA,4637,66.7544
1265,3270,root,0,NA,NA,3270,66.7504
1266,5846,root,0,NA,NA,5846,66.7198
1267,621,root,0,NA,NA,621,66.7111
1268,5613,root,0,NA,NA,5613,66.6991
1269,1089,root,0,NA,NA,1089,66.6943
1270,16094,root,0,NA,NA,16094,66.6924
1271,8556,root,0,NA,NA,8556,66.6652
1272,5621,root,0,NA,NA,5621,66.6569
1273,4618,root,0,NA,NA,4618,66.6497
1274,4765,root,0,NA,NA,4765,66.6392
1275,6632,root,0,NA,NA,6632,66.6378
1276,19015,root,0,NA,NA,19015,66.6211
1277,4451,root,0,NA,NA,4451,66.6047
1278,2008,root,0,NA,NA,2008,66.6026
1279,15498,root,0,NA,NA,15498,66.5904
1280,3767,root,0,NA,NA,3767,66.5815
1281,8422,root,0,NA,NA,8422,66.5794
1282,1755,root,0,NA,NA,1755,66.569
1283,894,root,0,NA,NA,894,66.5571
1284,6399,root,0,NA,NA,6399,66.5468
1285,721,root,0,NA,NA,721,66.5424
1286,13332,root,0,NA,NA,13332,66.542
1287,857,root,0,NA,NA,857,66.5387
1288,5042,root,0,NA,NA,5042,66.5297
1289,6113,root,0,NA,NA,6113,66.5293
1290,9116,root,0,NA,NA,9116,66.5283
1291,904,root,0,NA,NA,904,66.5214
1292,6257,root,0,NA,NA,6257,66.5177
1293,1268,root,0,NA,NA,1268,66.5074
1294,5809,root,0,NA,NA,5809,66.5054
1295,12397,root,0,NA,NA,12397,66.5043
1296,5571,root,0,NA,NA,5571,66.5024
1297,202,root,0,NA,NA,202,66.4971
1298,18324,root,0,NA,NA,18324,66.4843
1299,1299,root,0,NA,NA,1299,66.4748
1300,4305,root,0,NA,NA,4305,66.4692
1301,5953,root,0,NA,NA,5953,66.4688
1302,14661,root,0,NA,NA,14661,66.4643
1303,7315,root,0,NA,NA,7315,66.4631
1304,2809,root,0,NA,NA,2809,66.4437
1305,3683,root,0,NA,NA,3683,66.4349
1306,1488,root,0,NA,NA,1488,66.4271
1307,17881,root,0,NA,NA,17881,66.421
1308,1509,root,0,NA,NA,1509,66.4192
1309,16529,root,0,NA,NA,16529,66.4168
1310,18589,root,0,NA,NA,18589,66.3927
1311,3922,root,0,NA,NA,3922,66.3925
1312,1496,root,0,NA,NA,1496,66.3885
1313,13512,root,0,NA,NA,13512,66.372
1314,9718,root,0,NA,NA,9718,66.371
1315,4873,root,0,NA,NA,4873,66.3687
1316,9817,root,0,NA,NA,9817,66.3685
1317,1613,root,0,NA,NA,1613,66.3669
1318,5532,root,0,NA,NA,5532,66.3617
1319,708,root,0,NA,NA,708,66.3567
1320,14918,root,0,NA,NA,14918,66.3553
1321,9111,root,0,NA,NA,9111,66.3362
1322,4339,root,0,NA,NA,4339,66.3304
1323,10342,root,0,NA,NA,10342,66.325
1324,8676,root,0,NA,NA,8676,66.325
1325,7142,root,0,NA,NA,7142,66.325
1326,3930,root,0,NA,NA,3930,66.3129
1327,3189,root,0,NA,NA,3189,66.3112
1328,1984,root,0,NA,NA,1984,66.3082
1329,19619,root,0,NA,NA,19619,66.2984
1330,18235,root,0,NA,NA,18235,66.2886
1331,731,root,0,NA,NA,731,66.2828
1332,15903,root,0,NA,NA,15903,66.2796
1333,4818,root,0,NA,NA,4818,66.2719
1334,3285,root,0,NA,NA,3285,66.2659
1335,4975,root,0,NA,NA,4975,66.2637
1336,1535,root,0,NA,NA,1535,66.249
1337,17297,root,0,NA,NA,17297,66.2456
1338,14109,root,0,NA,NA,14109,66.244
1339,2743,root,0,NA,NA,2743,66.2438
1340,1517,root,0,NA,NA,1517,66.2406
1341,9705,root,0,NA,NA,9705,66.2352
1342,15840,root,0,NA,NA,15840,66.2307
1343,433,root,0,NA,NA,433,66.2242
1344,1278,root,0,NA,NA,1278,66.2071
1345,16716,root,0,NA,NA,16716,66.2031
1346,14810,root,0,NA,NA,14810,66.1917
1347,797,root,0,NA,NA,797,66.1914
1348,1435,root,0,NA,NA,1435,66.1794
1349,6100,root,0,NA,NA,6100,66.1374
1350,1666,root,0,NA,NA,1666,66.1203
1351,2205,root,0,NA,NA,2205,66.1162
1352,4286,root,0,NA,NA,4286,66.1112
1353,1598,root,0,NA,NA,1598,66.1053
1354,12789,root,0,NA,NA,12789,66.104
1355,19460,root,0,NA,NA,19460,66.0936
1356,18918,root,0,NA,NA,18918,66.0862
1357,11463,root,0,NA,NA,11463,66.0833
1358,7365,root,0,NA,NA,7365,66.0802
1359,16500,root,0,NA,NA,16500,66.0785
1360,2775,root,0,NA,NA,2775,66.0759
1361,19746,root,0,NA,NA,19746,66.0703
1362,4917,root,0,NA,NA,4917,66.059
1363,6352,root,0,NA,NA,6352,66.0572
1364,4568,root,0,NA,NA,4568,66.053
1365,9407,root,0,NA,NA,9407,66.0428
1366,1844,root,0,NA,NA,1844,66.0331
1367,5537,root,0,NA,NA,5537,66.0293
1368,3500,root,0,NA,NA,3500,66.0265
1369,4213,root,0,NA,NA,4213,66.0234
1370,17588,root,0,NA,NA,17588,66.0177
1371,8574,root,0,NA,NA,8574,66.0109
1372,15086,root,0,NA,NA,15086,65.9908
1373,4776,root,0,NA,NA,4776,65.9865
1374,14659,root,0,NA,NA,14659,65.9666
1375,378,root,0,NA,NA,378,65.9599
1376,527,root,0,NA,NA,527,65.945
1377,6800,root,0,NA,NA,6800,65.9258
1378,6189,root,0,NA,NA,6189,65.9228
1379,8111,root,0,NA,NA,8111,65.911
1380,5655,root,0,NA,NA,5655,65.9086
1381,12784,root,0,NA,NA,12784,65.9024
1382,19913,root,0,NA,NA,19913,65.9013
1383,3050,root,0,NA,NA,3050,65.8782
1384,5233,root,0,NA,NA,5233,65.871
1385,231,root,0,NA,NA,231,65.8708
1386,19056,root,0,NA,NA,19056,65.8614
1387,13465,root,0,NA,NA,13465,65.8512
1388,1658,root,0,NA,NA,1658,65.8486
1389,13468,root,0,NA,NA,13468,65.8462
1390,1009,root,0,NA,NA,1009,65.8394
1391,16205,root,0,NA,NA,16205,65.8339
1392,15834,root,0,NA,NA,15834,65.8328
1393,2974,root,0,NA,NA,2974,65.8266
1394,1828,root,0,NA,NA,1828,65.8049
1395,5668,root,0,NA,NA,5668,65.8017
1396,15998,root,0,NA,NA,15998,65.7938
1397,3584,root,0,NA,NA,3584,65.7564
1398,11989,root,0,NA,NA,11989,65.7523
1399,16080,root,0,NA,NA,16080,65.7497
1400,6504,root,0,NA,NA,6504,65.7454
1401,18288,root,0,NA,NA,18288,65.741
1402,10613,root,0,NA,NA,10613,65.734
1403,6737,root,0,NA,NA,6737,65.7337
1404,14025,root,0,NA,NA,14025,65.7322
1405,7464,root,0,NA,NA,7464,65.7225
1406,8164,root,0,NA,NA,8164,65.7213
1407,7105,root,0,NA,NA,7105,65.7196
1408,3699,root,0,NA,NA,3699,65.717
1409,14075,root,0,NA,NA,14075,65.7103
1410,6681,root,0,NA,NA,6681,65.7009
1411,3173,root,0,NA,NA,3173,65.6893
1412,5550,root,0,NA,NA,5550,65.6787
1413,6008,root,0,NA,NA,6008,65.6749
1414,3792,root,0,NA,NA,3792,65.6581
1415,15940,root,0,NA,NA,15940,65.648
1416,5393,root,0,NA,NA,5393,65.642
1417,1307,root,0,NA,NA,1307,65.6349
1418,15973,root,0,NA,NA,15973,65.6337
1419,7199,root,0,NA,NA,7199,65.6296
1420,674,root,0,NA,NA,674,65.6277
1421,2997,root,0,NA,NA,2997,65.6082
1422,14769,root,0,NA,NA,14769,65.6041
1423,9108,root,0,NA,NA,9108,65.6036
1424,4828,root,0,NA,NA,4828,65.5976
1425,6267,root,0,NA,NA,6267,65.5969
1426,7049,root,0,NA,NA,7049,65.592
1427,5733,root,0,NA,NA,5733,65.5432
1428,17517,root,0,NA,NA,17517,65.5315
1429,4292,root,0,NA,NA,4292,65.5221
1430,5529,root,0,NA,NA,5529,65.5192
1431,16484,root,0,NA,NA,16484,65.5158
1432,4983,root,0,NA,NA,4983,65.501
1433,15174,root,0,NA,NA,15174,65.5005
1434,5773,root,0,NA,NA,5773,65.4905
1435,6045,root,0,NA,NA,6045,65.488
1436,5223,root,0,NA,NA,5223,65.4858
1437,14617,root,0,NA,NA,14617,65.4821
1438,10213,root,0,NA,NA,10213,65.469
1439,17102,root,0,NA,NA,17102,65.4552
1440,9715,root,0,NA,NA,9715,65.4503
1441,16444,root,0,NA,NA,16444,65.4471
1442,9487,root,0,NA,NA,9487,65.436
1443,5105,root,0,NA,NA,5105,65.4347
1444,4852,root,0,NA,NA,4852,65.4311
1445,6598,root,0,NA,NA,6598,65.43
1446,6019,root,0,NA,NA,6019,65.4289
1447,7964,root,0,NA,NA,7964,65.426
1448,12634,root,0,NA,NA,12634,65.4206
1449,9677,root,0,NA,NA,9677,65.4169
1450,11281,root,0,NA,NA,11281,65.4166
1451,16674,root,0,NA,NA,16674,65.4127
1452,291,root,0,NA,NA,291,65.4002
1453,3941,root,0,NA,NA,3941,65.3848
1454,3983,root,0,NA,NA,3983,65.3728
1455,15345,root,0,NA,NA,15345,65.3643
1456,3797,root,0,NA,NA,3797,65.3609
1457,1157,root,0,NA,NA,1157,65.3583
1458,3760,root,0,NA,NA,3760,65.3514
1459,5123,root,0,NA,NA,5123,65.3444
1460,5595,root,0,NA,NA,5595,65.341
1461,3529,root,0,NA,NA,3529,65.3323
1462,4368,root,0,NA,NA,4368,65.3082
1463,13294,root,0,NA,NA,13294,65.3077
1464,3351,root,0,NA,NA,3351,65.3065
1465,16445,root,0,NA,NA,16445,65.3027
1466,4863,root,0,NA,NA,4863,65.3021
1467,4797,root,0,NA,NA,4797,65.2891
1468,3113,root,0,NA,NA,3113,65.2822
1469,16717,root,0,NA,NA,16717,65.2764
1470,15837,root,0,NA,NA,15837,65.2718
1471,545,root,0,NA,NA,545,65.2554
1472,8409,root,0,NA,NA,8409,65.2523
1473,15928,root,0,NA,NA,15928,65.2446
1474,14724,root,0,NA,NA,14724,65.2367
1475,5420,root,0,NA,NA,5420,65.2309
1476,5269,root,0,NA,NA,5269,65.2151
1477,451,root,0,NA,NA,451,65.2141
1478,1501,root,0,NA,NA,1501,65.2078
1479,14313,root,0,NA,NA,14313,65.1975
1480,4500,root,0,NA,NA,4500,65.1875
1481,15868,root,0,NA,NA,15868,65.1868
1482,87,root,0,NA,NA,87,65.1819
1483,1647,root,0,NA,NA,1647,65.1756
1484,1183,root,0,NA,NA,1183,65.1739
1485,1417,root,0,NA,NA,1417,65.1561
1486,10164,root,0,NA,NA,10164,65.1388
1487,6407,root,0,NA,NA,6407,65.1287
1488,6480,root,0,NA,NA,6480,65.1106
1489,19900,root,0,NA,NA,19900,65.1069
1490,2631,root,0,NA,NA,2631,65.0735
1491,17269,root,0,NA,NA,17269,65.0713
1492,11685,root,0,NA,NA,11685,65.0684
1493,13397,root,0,NA,NA,13397,65.0657
1494,16462,root,0,NA,NA,16462,65.0544
1495,18282,root,0,NA,NA,18282,65.0375
1496,7372,root,0,NA,NA,7372,65.0339
1497,18213,root,0,NA,NA,18213,65.0314
1498,7247,root,0,NA,NA,7247,65.027
1499,2173,root,0,NA,NA,2173,65.0186
1500,14368,root,0,NA,NA,14368,65.0156
1501,15960,root,0,NA,NA,15960,65.0091
1502,4111,root,0,NA,NA,4111,65.0016
1503,6488,root,0,NA,NA,6488,65.0004
1504,5516,root,0,NA,NA,5516,65
1505,17647,root,0,NA,NA,17647,64.9955
1506,2526,root,0,NA,NA,2526,64.9951
1507,6935,root,0,NA,NA,6935,64.9768
1508,15303,root,0,NA,NA,15303,64.9636
1509,4693,root,0,NA,NA,4693,64.955
1510,488,root,0,NA,NA,488,64.9427
1511,10214,root,0,NA,NA,10214,64.9317
1512,19363,root,0,NA,NA,19363,64.929
1513,13977,root,0,NA,NA,13977,64.9187
1514,17261,root,0,NA,NA,17261,64.9124
1515,18436,root,0,NA,NA,18436,64.8999
1516,5006,root,0,NA,NA,5006,64.8893
1517,3642,root,0,NA,NA,3642,64.8824
1518,2804,root,0,NA,NA,2804,64.8818
1519,18418,root,0,NA,NA,18418,64.869
1520,6139,root,0,NA,NA,6139,64.8598
1521,13803,root,0,NA,NA,13803,64.8507
1522,4744,root,0,NA,NA,4744,64.848
1523,12219,root,0,NA,NA,12219,64.8396
1524,7519,root,0,NA,NA,7519,64.835
1525,8315,root,0,NA,NA,8315,64.833
1526,14648,root,0,NA,NA,14648,64.824
1527,11007,root,0,NA,NA,11007,64.8211
1528,15544,root,0,NA,NA,15544,64.8171
1529,15709,root,0,NA,NA,15709,64.7957
1530,17119,root,0,NA,NA,17119,64.7906
1531,4789,root,0,NA,NA,4789,64.7825
1532,10433,root,0,NA,NA,10433,64.7774
1533,16517,root,0,NA,NA,16517,64.7675
1534,8103,root,0,NA,NA,8103,64.766
1535,4323,root,0,NA,NA,4323,64.7461
1536,4313,root,0,NA,NA,4313,64.7446
1537,6784,root,0,NA,NA,6784,64.7366
1538,17065,root,0,NA,NA,17065,64.7342
1539,5102,root,0,NA,NA,5102,64.7312
1540,13379,root,0,NA,NA,13379,64.7133
1541,3901,root,0,NA,NA,3901,64.7026
1542,1263,root,0,NA,NA,1263,64.7009
1543,15308,root,0,NA,NA,15308,64.678
1544,12915,root,0,NA,NA,12915,64.6692
1545,1123,root,0,NA,NA,1123,64.66
1546,8999,root,0,NA,NA,8999,64.6566
1547,3902,root,0,NA,NA,3902,64.6438
1548,11507,root,0,NA,NA,11507,64.6388
1549,8080,root,0,NA,NA,8080,64.6369
1550,367,root,0,NA,NA,367,64.6307
1551,139,root,0,NA,NA,139,64.6241
1552,9679,root,0,NA,NA,9679,64.6168
1553,5372,root,0,NA,NA,5372,64.6158
1554,18114,root,0,NA,NA,18114,64.5951
1555,7548,root,0,NA,NA,7548,64.5938
1556,2089,root,0,NA,NA,2089,64.5896
1557,18798,root,0,NA,NA,18798,64.5892
1558,7956,root,0,NA,NA,7956,64.5858
1559,16390,root,0,NA,NA,16390,64.5822
1560,1592,root,0,NA,NA,1592,64.5779
1561,5804,root,0,NA,NA,5804,64.56
1562,14797,root,0,NA,NA,14797,64.5525
1563,5626,root,0,NA,NA,5626,64.5438
1564,8286,root,0,NA,NA,8286,64.5309
1565,1708,root,0,NA,NA,1708,64.5166
1566,8202,root,0,NA,NA,8202,64.5114
1567,8106,root,0,NA,NA,8106,64.5014
1568,13564,root,0,NA,NA,13564,64.4911
1569,5841,root,0,NA,NA,5841,64.4877
1570,9661,root,0,NA,NA,9661,64.4749
1571,16706,root,0,NA,NA,16706,64.4749
1572,891,root,0,NA,NA,891,64.4738
1573,1414,root,0,NA,NA,1414,64.4721
1574,15773,root,0,NA,NA,15773,64.4686
1575,17771,root,0,NA,NA,17771,64.4667
1576,16573,root,0,NA,NA,16573,64.463
1577,5882,root,0,NA,NA,5882,64.4615
1578,14169,root,0,NA,NA,14169,64.4273
1579,12202,root,0,NA,NA,12202,64.416
1580,5464,root,0,NA,NA,5464,64.3891
1581,17839,root,0,NA,NA,17839,64.389
1582,6108,root,0,NA,NA,6108,64.3875
1583,18829,root,0,NA,NA,18829,64.3874
1584,1574,root,0,NA,NA,1574,64.3711
1585,7067,root,0,NA,NA,7067,64.368
1586,17150,root,0,NA,NA,17150,64.3596
1587,13289,root,0,NA,NA,13289,64.352
1588,679,root,0,NA,NA,679,64.3519
1589,11776,root,0,NA,NA,11776,64.3417
1590,1540,root,0,NA,NA,1540,64.3361
1591,4446,root,0,NA,NA,4446,64.3323
1592,9663,root,0,NA,NA,9663,64.3234
1593,17861,root,0,NA,NA,17861,64.3191
1594,661,root,0,NA,NA,661,64.3064
1595,18437,root,0,NA,NA,18437,64.2998
1596,3408,root,0,NA,NA,3408,64.2966
1597,1820,root,0,NA,NA,1820,64.2923
1598,5927,root,0,NA,NA,5927,64.289
1599,16548,root,0,NA,NA,16548,64.2721
1600,17981,root,0,NA,NA,17981,64.2632
1601,1997,root,0,NA,NA,1997,64.2578
1602,3144,root,0,NA,NA,3144,64.2317
1603,5919,root,0,NA,NA,5919,64.2302
1604,1341,root,0,NA,NA,1341,64.2233
1605,10535,root,0,NA,NA,10535,64.2224
1606,15306,root,0,NA,NA,15306,64.2103
1607,8041,root,0,NA,NA,8041,64.2018
1608,8768,root,0,NA,NA,8768,64.1983
1609,4713,root,0,NA,NA,4713,64.1787
1610,4734,root,0,NA,NA,4734,64.1777
1611,9713,root,0,NA,NA,9713,64.1763
1612,6907,root,0,NA,NA,6907,64.1749
1613,6837,root,0,NA,NA,6837,64.1626
1614,1454,root,0,NA,NA,1454,64.1622
1615,2976,root,0,NA,NA,2976,64.157
1616,5754,root,0,NA,NA,5754,64.1558
1617,1186,root,0,NA,NA,1186,64.152
1618,354,root,0,NA,NA,354,64.1325
1619,7545,root,0,NA,NA,7545,64.118
1620,13350,root,0,NA,NA,13350,64.1098
1621,18613,root,0,NA,NA,18613,64.105
1622,5914,root,0,NA,NA,5914,64.0868
1623,18224,root,0,NA,NA,18224,64.0825
1624,3238,root,0,NA,NA,3238,64.0723
1625,17274,root,0,NA,NA,17274,64.0636
1626,1514,root,0,NA,NA,1514,64.0625
1627,16047,root,0,NA,NA,16047,64.0606
1628,7989,root,0,NA,NA,7989,64.0418
1629,2216,root,0,NA,NA,2216,64.0339
1630,13056,root,0,NA,NA,13056,64.0248
1631,192,root,0,NA,NA,192,64.0198
1632,4503,root,0,NA,NA,4503,64.014
1633,14920,root,0,NA,NA,14920,64.0102
1634,2018,root,0,NA,NA,2018,64.0072
1635,19365,root,0,NA,NA,19365,64.006
1636,15968,root,0,NA,NA,15968,64.0032
1637,173,root,0,NA,NA,173,63.9822
1638,6436,root,0,NA,NA,6436,63.9629
1639,6473,root,0,NA,NA,6473,63.9539
1640,9305,root,0,NA,NA,9305,63.9489
1641,6684,root,0,NA,NA,6684,63.9435
1642,1624,root,0,NA,NA,1624,63.9369
1643,14569,root,0,NA,NA,14569,63.9336
1644,16632,root,0,NA,NA,16632,63.907
1645,3608,root,0,NA,NA,3608,63.9058
1646,18421,root,0,NA,NA,18421,63.9051
1647,3746,root,0,NA,NA,3746,63.8959
1648,1810,root,0,NA,NA,1810,63.8902
1649,7228,root,0,NA,NA,7228,63.8849
1650,1144,root,0,NA,NA,1144,63.8831
1651,17622,root,0,NA,NA,17622,63.8763
1652,4597,root,0,NA,NA,4597,63.8746
1653,8012,root,0,NA,NA,8012,63.8655
1654,1674,root,0,NA,NA,1674,63.8569
1655,5935,root,0,NA,NA,5935,63.8421
1656,1175,root,0,NA,NA,1175,63.8391
1657,4742,root,0,NA,NA,4742,63.8361
1658,18021,root,0,NA,NA,18021,63.8022
1659,516,root,0,NA,NA,516,63.7983
1660,17608,root,0,NA,NA,17608,63.7961
1661,6394,root,0,NA,NA,6394,63.7833
1662,16999,root,0,NA,NA,16999,63.7831
1663,17104,root,0,NA,NA,17104,63.783
1664,6415,root,0,NA,NA,6415,63.7822
1665,17272,root,0,NA,NA,17272,63.7741
1666,6868,root,0,NA,NA,6868,63.7735
1667,2958,root,0,NA,NA,2958,63.7576
1668,14690,root,0,NA,NA,14690,63.7576
1669,5244,root,0,NA,NA,5244,63.7468
1670,4140,root,0,NA,NA,4140,63.7467
1671,17990,root,0,NA,NA,17990,63.7356
1672,5321,root,0,NA,NA,5321,63.7333
1673,11763,root,0,NA,NA,11763,63.727
1674,4278,root,0,NA,NA,4278,63.7181
1675,1022,root,0,NA,NA,1022,63.7136
1676,5402,root,0,NA,NA,5402,63.7001
1677,19955,root,0,NA,NA,19955,63.6977
1678,5040,root,0,NA,NA,5040,63.6973
1679,1903,root,0,NA,NA,1903,63.6937
1680,6483,root,0,NA,NA,6483,63.6936
1681,13057,root,0,NA,NA,13057,63.685
1682,16872,root,0,NA,NA,16872,63.6832
1683,7194,root,0,NA,NA,7194,63.672
1684,3943,root,0,NA,NA,3943,63.6701
1685,18907,root,0,NA,NA,18907,63.6687
1686,17073,root,0,NA,NA,17073,63.6683
1687,9839,root,0,NA,NA,9839,63.6676
1688,3152,root,0,NA,NA,3152,63.6512
1689,13721,root,0,NA,NA,13721,63.6432
1690,399,root,0,NA,NA,399,63.6406
1691,420,root,0,NA,NA,420,63.6382
1692,15900,root,0,NA,NA,15900,63.6336
1693,14211,root,0,NA,NA,14211,63.6291
1694,3309,root,0,NA,NA,3309,63.6279
1695,8417,root,0,NA,NA,8417,63.6246
1696,4265,root,0,NA,NA,4265,63.6225
1697,92,root,0,NA,NA,92,63.6153
1698,19910,root,0,NA,NA,19910,63.5954
1699,17769,root,0,NA,NA,17769,63.5887
1700,7163,root,0,NA,NA,7163,63.5868
1701,4360,root,0,NA,NA,4360,63.5783
1702,336,root,0,NA,NA,336,63.5697
1703,1381,root,0,NA,NA,1381,63.5683
1704,1797,root,0,NA,NA,1797,63.5575
1705,5563,root,0,NA,NA,5563,63.5453
1706,9687,root,0,NA,NA,9687,63.5189
1707,2393,root,0,NA,NA,2393,63.5144
1708,15415,root,0,NA,NA,15415,63.4952
1709,8991,root,0,NA,NA,8991,63.4825
1710,5658,root,0,NA,NA,5658,63.4654
1711,19168,root,0,NA,NA,19168,63.462
1712,15502,root,0,NA,NA,15502,63.4604
1713,6040,root,0,NA,NA,6040,63.4595
1714,6074,root,0,NA,NA,6074,63.4514
1715,4884,root,0,NA,NA,4884,63.4378
1716,600,root,0,NA,NA,600,63.427
1717,10567,root,0,NA,NA,10567,63.4261
1718,1687,root,0,NA,NA,1687,63.4212
1719,14727,root,0,NA,NA,14727,63.409
1720,6412,root,0,NA,NA,6412,63.4076
1721,9710,root,0,NA,NA,9710,63.4075
1722,16065,root,0,NA,NA,16065,63.4008
1723,3733,root,0,NA,NA,3733,63.3816
1724,12800,root,0,NA,NA,12800,63.3734
1725,6637,root,0,NA,NA,6637,63.3701
1726,7553,root,0,NA,NA,7553,63.3673
1727,14619,root,0,NA,NA,14619,63.3672
1728,1855,root,0,NA,NA,1855,63.3415
1729,5872,root,0,NA,NA,5872,63.3312
1730,15776,root,0,NA,NA,15776,63.3242
1731,11910,root,0,NA,NA,11910,63.3095
1732,12222,root,0,NA,NA,12222,63.3085
1733,14143,root,0,NA,NA,14143,63.308
1734,9744,root,0,NA,NA,9744,63.3075
1735,6493,root,0,NA,NA,6493,63.3024
1736,5398,root,0,NA,NA,5398,63.2964
1737,6021,root,0,NA,NA,6021,63.2952
1738,16472,root,0,NA,NA,16472,63.2803
1739,2157,root,0,NA,NA,2157,63.2734
1740,3466,root,0,NA,NA,3466,63.2684
1741,14622,root,0,NA,NA,14622,63.2633
1742,16096,root,0,NA,NA,16096,63.2587
1743,17161,root,0,NA,NA,17161,63.2338
1744,443,root,0,NA,NA,443,63.2286
1745,5898,root,0,NA,NA,5898,63.2197
1746,1776,root,0,NA,NA,1776,63.2166
1747,19937,root,0,NA,NA,19937,63.2103
1748,5561,root,0,NA,NA,5561,63.2063
1749,3424,root,0,NA,NA,3424,63.192
1750,3649,root,0,NA,NA,3649,63.1797
1751,15781,root,0,NA,NA,15781,63.1658
1752,1619,root,0,NA,NA,1619,63.1608
1753,9567,root,0,NA,NA,9567,63.1598
1754,1357,root,0,NA,NA,1357,63.1339
1755,16664,root,0,NA,NA,16664,63.122
1756,10231,root,0,NA,NA,10231,63.0838
1757,14450,root,0,NA,NA,14450,63.0715
1758,5313,root,0,NA,NA,5313,63.0592
1759,10117,root,0,NA,NA,10117,63.0572
1760,11907,root,0,NA,NA,11907,63.038
1761,2762,root,0,NA,NA,2762,63.0371
1762,8705,root,0,NA,NA,8705,63.028
1763,15316,root,0,NA,NA,15316,63.0232
1764,6244,root,0,NA,NA,6244,63.023
1765,799,root,0,NA,NA,799,63.0211
1766,4592,root,0,NA,NA,4592,63.0157
1767,1270,root,0,NA,NA,1270,63.0156
1768,18195,root,0,NA,NA,18195,63.0132
1769,10616,root,0,NA,NA,10616,63.012
1770,5495,root,0,NA,NA,5495,63.0068
1771,9389,root,0,NA,NA,9389,62.9985
1772,6603,root,0,NA,NA,6603,62.9974
1773,14602,root,0,NA,NA,14602,62.9897
1774,5004,root,0,NA,NA,5004,62.9827
1775,181,root,0,NA,NA,181,62.9779
1776,17648,root,0,NA,NA,17648,62.9634
1777,5212,root,0,NA,NA,5212,62.9542
1778,19950,root,0,NA,NA,19950,62.9436
1779,16479,root,0,NA,NA,16479,62.9355
1780,16449,root,0,NA,NA,16449,62.9348
1781,17690,root,0,NA,NA,17690,62.9304
1782,6551,root,0,NA,NA,6551,62.9279
1783,6745,root,0,NA,NA,6745,62.9253
1784,2641,root,0,NA,NA,2641,62.925
1785,3016,root,0,NA,NA,3016,62.9232
1786,7072,root,0,NA,NA,7072,62.9215
1787,15484,root,0,NA,NA,15484,62.9211
1788,7564,root,0,NA,NA,7564,62.9205
1789,2136,root,0,NA,NA,2136,62.9185
1790,9292,root,0,NA,NA,9292,62.9107
1791,15293,root,0,NA,NA,15293,62.9104
1792,2340,root,0,NA,NA,2340,62.8944
1793,5380,root,0,NA,NA,5380,62.8813
1794,15839,root,0,NA,NA,15839,62.8795
1795,1858,root,0,NA,NA,1858,62.8775
1796,8291,root,0,NA,NA,8291,62.8656
1797,11572,root,0,NA,NA,11572,62.8647
1798,3361,root,0,NA,NA,3361,62.8632
1799,3262,root,0,NA,NA,3262,62.8479
1800,16083,root,0,NA,NA,16083,62.8426
1801,18089,root,0,NA,NA,18089,62.8378
1802,5134,root,0,NA,NA,5134,62.8339
1803,7808,root,0,NA,NA,7808,62.8246
1804,7191,root,0,NA,NA,7191,62.8219
1805,6376,root,0,NA,NA,6376,62.8198
1806,7490,root,0,NA,NA,7490,62.8071
1807,69,root,0,NA,NA,69,62.8038
1808,1291,root,0,NA,NA,1291,62.7946
1809,5303,root,0,NA,NA,5303,62.7939
1810,1585,root,0,NA,NA,1585,62.793
1811,22,root,0,NA,NA,22,62.7912
1812,2861,root,0,NA,NA,2861,62.7893
1813,17895,root,0,NA,NA,17895,62.7891
1814,19300,root,0,NA,NA,19300,62.7825
1815,16391,root,0,NA,NA,16391,62.7811
1816,6548,root,0,NA,NA,6548,62.7779
1817,5175,root,0,NA,NA,5175,62.7712
1818,5647,root,0,NA,NA,5647,62.7684
1819,18805,root,0,NA,NA,18805,62.7495
1820,849,root,0,NA,NA,849,62.7395
1821,4763,root,0,NA,NA,4763,62.7306
1822,14709,root,0,NA,NA,14709,62.7277
1823,4721,root,0,NA,NA,4721,62.7245
1824,4355,root,0,NA,NA,4355,62.7187
1825,1209,root,0,NA,NA,1209,62.7154
1826,1645,root,0,NA,NA,1645,62.7099
1827,13470,root,0,NA,NA,13470,62.6969
1828,16523,root,0,NA,NA,16523,62.693
1829,870,root,0,NA,NA,870,62.6703
1830,15902,root,0,NA,NA,15902,62.6456
1831,11506,root,0,NA,NA,11506,62.6438
1832,3914,root,0,NA,NA,3914,62.6425
1833,13291,root,0,NA,NA,13291,62.638
1834,2937,root,0,NA,NA,2937,62.637
1835,14949,root,0,NA,NA,14949,62.6312
1836,5231,root,0,NA,NA,5231,62.6306
1837,4899,root,0,NA,NA,4899,62.6261
1838,18869,root,0,NA,NA,18869,62.6224
1839,14093,root,0,NA,NA,14093,62.6186
1840,10904,root,0,NA,NA,10904,62.613
1841,15033,root,0,NA,NA,15033,62.6071
1842,6207,root,0,NA,NA,6207,62.6003
1843,6538,root,0,NA,NA,6538,62.5996
1844,5326,root,0,NA,NA,5326,62.5982
1845,454,root,0,NA,NA,454,62.5947
1846,8472,root,0,NA,NA,8472,62.5919
1847,2374,root,0,NA,NA,2374,62.5908
1848,10689,root,0,NA,NA,10689,62.5842
1849,16321,root,0,NA,NA,16321,62.5838
1850,14834,root,0,NA,NA,14834,62.5796
1851,17625,root,0,NA,NA,17625,62.5725
1852,4116,root,0,NA,NA,4116,62.5713
1853,18871,root,0,NA,NA,18871,62.5709
1854,8734,root,0,NA,NA,8734,62.5492
1855,11870,root,0,NA,NA,11870,62.549
1856,17060,root,0,NA,NA,17060,62.5445
1857,1196,root,0,NA,NA,1196,62.5233
1858,4310,root,0,NA,NA,4310,62.5177
1859,19952,root,0,NA,NA,19952,62.5165
1860,19465,root,0,NA,NA,19465,62.5158
1861,16960,root,0,NA,NA,16960,62.4818
1862,6768,root,0,NA,NA,6768,62.4814
1863,14663,root,0,NA,NA,14663,62.4814
1864,8684,root,0,NA,NA,8684,62.4808
1865,5385,root,0,NA,NA,5385,62.4763
1866,1632,root,0,NA,NA,1632,62.4747
1867,19940,root,0,NA,NA,19940,62.4733
1868,6000,root,0,NA,NA,6000,62.4683
1869,2579,root,0,NA,NA,2579,62.4667
1870,3010,root,0,NA,NA,3010,62.4636
1871,19373,root,0,NA,NA,19373,62.4615
1872,15884,root,0,NA,NA,15884,62.4595
1873,2709,root,0,NA,NA,2709,62.4583
1874,2239,root,0,NA,NA,2239,62.4529
1875,10909,root,0,NA,NA,10909,62.4416
1876,18737,root,0,NA,NA,18737,62.429
1877,6326,root,0,NA,NA,6326,62.424
1878,3550,root,0,NA,NA,3550,62.3907
1879,13975,root,0,NA,NA,13975,62.3823
1880,9707,root,0,NA,NA,9707,62.3784
1881,17067,root,0,NA,NA,17067,62.3632
1882,3393,root,0,NA,NA,3393,62.3598
1883,18722,root,0,NA,NA,18722,62.3532
1884,1763,root,0,NA,NA,1763,62.3417
1885,10859,root,0,NA,NA,10859,62.3211
1886,5334,root,0,NA,NA,5334,62.3148
1887,13011,root,0,NA,NA,13011,62.3111
1888,2361,root,0,NA,NA,2361,62.2944
1889,925,root,0,NA,NA,925,62.2901
1890,16013,root,0,NA,NA,16013,62.2865
1891,7310,root,0,NA,NA,7310,62.2827
1892,3073,root,0,NA,NA,3073,62.2751
1893,4807,root,0,NA,NA,4807,62.2744
1894,19357,root,0,NA,NA,19357,62.2739
1895,12007,root,0,NA,NA,12007,62.2713
1896,14127,root,0,NA,NA,14127,62.2643
1897,7377,root,0,NA,NA,7377,62.2545
1898,5749,root,0,NA,NA,5749,62.25
1899,18547,root,0,NA,NA,18547,62.2395
1900,3037,root,0,NA,NA,3037,62.2296
1901,18077,root,0,NA,NA,18077,62.2268
1902,713,root,0,NA,NA,713,62.211
1903,12685,root,0,NA,NA,12685,62.2031
1904,6789,root,0,NA,NA,6789,62.1921
1905,3568,root,0,NA,NA,3568,62.192
1906,13210,root,0,NA,NA,13210,62.1814
1907,12462,root,0,NA,NA,12462,62.1807
1908,16848,root,0,NA,NA,16848,62.1793
1909,6530,root,0,NA,NA,6530,62.1699
1910,12604,root,0,NA,NA,12604,62.1678
1911,17188,root,0,NA,NA,17188,62.1607
1912,19323,root,0,NA,NA,19323,62.1485
1913,7318,root,0,NA,NA,7318,62.1468
1914,18807,root,0,NA,NA,18807,62.1461
1915,16447,root,0,NA,NA,16447,62.1435
1916,6449,root,0,NA,NA,6449,62.1412
1917,8566,root,0,NA,NA,8566,62.1371
1918,9119,root,0,NA,NA,9119,62.1363
1919,3204,root,0,NA,NA,3204,62.1339
1920,6318,root,0,NA,NA,6318,62.128
1921,9501,root,0,NA,NA,9501,62.1225
1922,3186,root,0,NA,NA,3186,62.1195
1923,8584,root,0,NA,NA,8584,62.1163
1924,17062,root,0,NA,NA,17062,62.1127
1925,6465,root,0,NA,NA,6465,62.1124
1926,6940,root,0,NA,NA,6940,62.1007
1927,13344,root,0,NA,NA,13344,62.0939
1928,15630,root,0,NA,NA,15630,62.0835
1929,17267,root,0,NA,NA,17267,62.0834
1930,15499,root,0,NA,NA,15499,62.082
1931,17101,root,0,NA,NA,17101,62.074
1932,19386,root,0,NA,NA,19386,62.0652
1933,18301,root,0,NA,NA,18301,62.0638
1934,5191,root,0,NA,NA,5191,62.0626
1935,12035,root,0,NA,NA,12035,62.0567
1936,2780,root,0,NA,NA,2780,62.0458
1937,18838,root,0,NA,NA,18838,62.0392
1938,11116,root,0,NA,NA,11116,62.0096
1939,6079,root,0,NA,NA,6079,62.0004
1940,24,root,0,NA,NA,24,61.9966
1941,6444,root,0,NA,NA,6444,61.9944
1942,4985,root,0,NA,NA,4985,61.994
1943,1504,root,0,NA,NA,1504,61.9918
1944,3970,root,0,NA,NA,3970,61.9837
1945,10192,root,0,NA,NA,10192,61.968
1946,10537,root,0,NA,NA,10537,61.9675
1947,3715,root,0,NA,NA,3715,61.9666
1948,6228,root,0,NA,NA,6228,61.959
1949,6246,root,0,NA,NA,6246,61.9517
1950,12459,root,0,NA,NA,12459,61.9511
1951,13515,root,0,NA,NA,13515,61.9468
1952,9415,root,0,NA,NA,9415,61.9433
1953,17496,root,0,NA,NA,17496,61.9357
1954,13983,root,0,NA,NA,13983,61.9306
1955,19496,root,0,NA,NA,19496,61.93
1956,4886,root,0,NA,NA,4886,61.9145
1957,97,root,0,NA,NA,97,61.9077
1958,4464,root,0,NA,NA,4464,61.9061
1959,1475,root,0,NA,NA,1475,61.8973
1960,9072,root,0,NA,NA,9072,61.8905
1961,8231,root,0,NA,NA,8231,61.8889
1962,2323,root,0,NA,NA,2323,61.8874
1963,5155,root,0,NA,NA,5155,61.8792
1964,9862,root,0,NA,NA,9862,61.8754
1965,15887,root,0,NA,NA,15887,61.8746
1966,7419,root,0,NA,NA,7419,61.8697
1967,5746,root,0,NA,NA,5746,61.8619
1968,5950,root,0,NA,NA,5950,61.8602
1969,7556,root,0,NA,NA,7556,61.8429
1970,1391,root,0,NA,NA,1391,61.8368
1971,3039,root,0,NA,NA,3039,61.8309
1972,5940,root,0,NA,NA,5940,61.8275
1973,15784,root,0,NA,NA,15784,61.8191
1974,13334,root,0,NA,NA,13334,61.8117
1975,8873,root,0,NA,NA,8873,61.8082
1976,14146,root,0,NA,NA,14146,61.8012
1977,401,root,0,NA,NA,401,61.7966
1978,17652,root,0,NA,NA,17652,61.791
1979,6215,root,0,NA,NA,6215,61.7902
1980,9357,root,0,NA,NA,9357,61.7805
1981,18133,root,0,NA,NA,18133,61.78
1982,4103,root,0,NA,NA,4103,61.7759
1983,4589,root,0,NA,NA,4589,61.7729
1984,16276,root,0,NA,NA,16276,61.7649
1985,9059,root,0,NA,NA,9059,61.7562
1986,7373,root,0,NA,NA,7373,61.7419
1987,3097,root,0,NA,NA,3097,61.7399
1988,215,root,0,NA,NA,215,61.7382
1989,152,root,0,NA,NA,152,61.7363
1990,5783,root,0,NA,NA,5783,61.7275
1991,15486,root,0,NA,NA,15486,61.7228
1992,12931,root,0,NA,NA,12931,61.7167
1993,17611,root,0,NA,NA,17611,61.7142
1994,8127,root,0,NA,NA,8127,61.7129
1995,4271,root,0,NA,NA,4271,61.6968
1996,4192,root,0,NA,NA,4192,61.6958
1997,3949,root,0,NA,NA,3949,61.6813
1998,12554,root,0,NA,NA,12554,61.6615
1999,7635,root,0,NA,NA,7635,61.6566
2000,7255,root,0,NA,NA,7255,61.6543
2001,784,root,0,NA,NA,784,61.6493
2002,9506,root,0,NA,NA,9506,61.6457
2003,7569,root,0,NA,NA,7569,61.6446
2004,6347,root,0,NA,NA,6347,61.6405
2005,19614,root,0,NA,NA,19614,61.6283
2006,1165,root,0,NA,NA,1165,61.6189
2007,9741,root,0,NA,NA,9741,61.6173
2008,8294,root,0,NA,NA,8294,61.6045
2009,9255,root,0,NA,NA,9255,61.6026
2010,4300,root,0,NA,NA,4300,61.5953
2011,10402,root,0,NA,NA,10402,61.5913
2012,12217,root,0,NA,NA,12217,61.5766
2013,5801,root,0,NA,NA,5801,61.5631
2014,7401,root,0,NA,NA,7401,61.548
2015,5681,root,0,NA,NA,5681,61.5451
2016,7252,root,0,NA,NA,7252,61.5431
2017,7016,root,0,NA,NA,7016,61.5404
2018,16701,root,0,NA,NA,16701,61.5362
2019,10305,root,0,NA,NA,10305,61.5322
2020,5126,root,0,NA,NA,5126,61.5228
2021,3516,root,0,NA,NA,3516,61.5208
2022,14141,root,0,NA,NA,14141,61.5175
2023,14750,root,0,NA,NA,14750,61.5167
2024,12886,root,0,NA,NA,12886,61.5119
2025,7297,root,0,NA,NA,7297,61.5088
2026,2411,root,0,NA,NA,2411,61.5041
2027,6491,root,0,NA,NA,6491,61.4873
2028,4171,root,0,NA,NA,4171,61.4826
2029,7291,root,0,NA,NA,7291,61.4819
2030,8161,root,0,NA,NA,8161,61.48
2031,7899,root,0,NA,NA,7899,61.4768
2032,14310,root,0,NA,NA,14310,61.4751
2033,4022,root,0,NA,NA,4022,61.4548
2034,18880,root,0,NA,NA,18880,61.4519
2035,2600,root,0,NA,NA,2600,61.4445
2036,9313,root,0,NA,NA,9313,61.4388
2037,1784,root,0,NA,NA,1784,61.4379
2038,5055,root,0,NA,NA,5055,61.4368
2039,9888,root,0,NA,NA,9888,61.4357
2040,2678,root,0,NA,NA,2678,61.4314
2041,1084,root,0,NA,NA,1084,61.4263
2042,10226,root,0,NA,NA,10226,61.4186
2043,16661,root,0,NA,NA,16661,61.4167
2044,5339,root,0,NA,NA,5339,61.4109
2045,15926,root,0,NA,NA,15926,61.4009
2046,7257,root,0,NA,NA,7257,61.3884
2047,7841,root,0,NA,NA,7841,61.3762
2048,5479,root,0,NA,NA,5479,61.376
2049,1136,root,0,NA,NA,1136,61.3606
2050,5142,root,0,NA,NA,5142,61.3591
2051,4184,root,0,NA,NA,4184,61.3591
2052,166,root,0,NA,NA,166,61.3543
2053,18780,root,0,NA,NA,18780,61.3494
2054,18253,root,0,NA,NA,18253,61.3449
2055,19355,root,0,NA,NA,19355,61.3436
2056,4784,root,0,NA,NA,4784,61.3434
2057,485,root,0,NA,NA,485,61.3343
2058,15699,root,0,NA,NA,15699,61.3296
2059,2382,root,0,NA,NA,2382,61.3291
2060,7961,root,0,NA,NA,7961,61.3267
2061,6265,root,0,NA,NA,6265,61.3239
2062,10339,root,0,NA,NA,10339,61.323
2063,11211,root,0,NA,NA,11211,61.3194
2064,17301,root,0,NA,NA,17301,61.3157
2065,19253,root,0,NA,NA,19253,61.3114
2066,8364,root,0,NA,NA,8364,61.2938
2067,5178,root,0,NA,NA,5178,61.2885
2068,7664,root,0,NA,NA,7664,61.2806
2069,18833,root,0,NA,NA,18833,61.2777
2070,13692,root,0,NA,NA,13692,61.273
2071,3571,root,0,NA,NA,3571,61.2622
2072,3712,root,0,NA,NA,3712,61.2612
2073,1626,root,0,NA,NA,1626,61.26
2074,5862,root,0,NA,NA,5862,61.2567
2075,14185,root,0,NA,NA,14185,61.249
2076,12457,root,0,NA,NA,12457,61.2457
2077,1606,root,0,NA,NA,1606,61.2402
2078,15369,root,0,NA,NA,15369,61.2326
2079,7006,root,0,NA,NA,7006,61.2316
2080,18060,root,0,NA,NA,18060,61.2245
2081,8700,root,0,NA,NA,8700,61.223
2082,4524,root,0,NA,NA,4524,61.2137
2083,18198,root,0,NA,NA,18198,61.2117
2084,6126,root,0,NA,NA,6126,61.209
2085,10454,root,0,NA,NA,10454,61.202
2086,7834,root,0,NA,NA,7834,61.2017
2087,9736,root,0,NA,NA,9736,61.1972
2088,7954,root,0,NA,NA,7954,61.1946
2089,10243,root,0,NA,NA,10243,61.1914
2090,17327,root,0,NA,NA,17327,61.1914
2091,14837,root,0,NA,NA,14837,61.1875
2092,815,root,0,NA,NA,815,61.1742
2093,16370,root,0,NA,NA,16370,61.1724
2094,1702,root,0,NA,NA,1702,61.1626
2095,14324,root,0,NA,NA,14324,61.1592
2096,16544,root,0,NA,NA,16544,61.151
2097,2078,root,0,NA,NA,2078,61.1471
2098,6197,root,0,NA,NA,6197,61.1454
2099,2194,root,0,NA,NA,2194,61.1383
2100,17329,root,0,NA,NA,17329,61.1178
2101,1304,root,0,NA,NA,1304,61.1093
2102,6147,root,0,NA,NA,6147,61.0903
2103,4613,root,0,NA,NA,4613,61.09
2104,15288,root,0,NA,NA,15288,61.085
2105,14048,root,0,NA,NA,14048,61.0821
2106,5639,root,0,NA,NA,5639,61.0733
2107,1370,root,0,NA,NA,1370,61.069
2108,4954,root,0,NA,NA,4954,61.0653
2109,9951,root,0,NA,NA,9951,61.0652
2110,15305,root,0,NA,NA,15305,61.0576
2111,15897,root,0,NA,NA,15897,61.055
2112,17620,root,0,NA,NA,17620,61.0498
2113,6697,root,0,NA,NA,6697,61.0449
2114,8464,root,0,NA,NA,8464,61.0336
2115,19305,root,0,NA,NA,19305,61.0329
2116,3155,root,0,NA,NA,3155,61.022
2117,1889,root,0,NA,NA,1889,61.0079
2118,19060,root,0,NA,NA,19060,61.0053
2119,66,root,0,NA,NA,66,60.9993
2120,13978,root,0,NA,NA,13978,60.9993
2121,7598,root,0,NA,NA,7598,60.9968
2122,14130,root,0,NA,NA,14130,60.9958
2123,4610,root,0,NA,NA,4610,60.9846
2124,12853,root,0,NA,NA,12853,60.9633
2125,17623,root,0,NA,NA,17623,60.9585
2126,9263,root,0,NA,NA,9263,60.9478
2127,9749,root,0,NA,NA,9749,60.9456
2128,13560,root,0,NA,NA,13560,60.94
2129,422,root,0,NA,NA,422,60.9396
2130,5694,root,0,NA,NA,5694,60.9213
2131,2414,root,0,NA,NA,2414,60.9179
2132,1916,root,0,NA,NA,1916,60.9166
2133,19385,root,0,NA,NA,19385,60.9111
2134,4232,root,0,NA,NA,4232,60.9061
2135,11543,root,0,NA,NA,11543,60.8931
2136,6808,root,0,NA,NA,6808,60.8705
2137,2963,root,0,NA,NA,2963,60.8552
2138,14551,root,0,NA,NA,14551,60.845
2139,3058,root,0,NA,NA,3058,60.781
2140,8681,root,0,NA,NA,8681,60.7802
2141,13271,root,0,NA,NA,13271,60.7681
2142,6273,root,0,NA,NA,6273,60.7644
2143,10692,root,0,NA,NA,10692,60.7602
2144,6642,root,0,NA,NA,6642,60.755
2145,1283,root,0,NA,NA,1283,60.7494
2146,8760,root,0,NA,NA,8760,60.7409
2147,3956,root,0,NA,NA,3956,60.7399
2148,12347,root,0,NA,NA,12347,60.7325
2149,8650,root,0,NA,NA,8650,60.7321
2150,6123,root,0,NA,NA,6123,60.7158
2151,9239,root,0,NA,NA,9239,60.7148
2152,4336,root,0,NA,NA,4336,60.7131
2153,213,root,0,NA,NA,213,60.6913
2154,19397,root,0,NA,NA,19397,60.6568
2155,3024,root,0,NA,NA,3024,60.6425
2156,2846,root,0,NA,NA,2846,60.642
2157,16748,root,0,NA,NA,16748,60.6405
2158,15489,root,0,NA,NA,15489,60.6382
2159,14077,root,0,NA,NA,14077,60.6316
2160,13381,root,0,NA,NA,13381,60.6238
2161,6299,root,0,NA,NA,6299,60.6199
2162,1966,root,0,NA,NA,1966,60.606
2163,9046,root,0,NA,NA,9046,60.5922
2164,1368,root,0,NA,NA,1368,60.5868
2165,17564,root,0,NA,NA,17564,60.5859
2166,4685,root,0,NA,NA,4685,60.5842
2167,17243,root,0,NA,NA,17243,60.5785
2168,19741,root,0,NA,NA,19741,60.5702
2169,9509,root,0,NA,NA,9509,60.5688
2170,2441,root,0,NA,NA,2441,60.568
2171,11951,root,0,NA,NA,11951,60.5664
2172,14751,root,0,NA,NA,14751,60.566
2173,2353,root,0,NA,NA,2353,60.5547
2174,10532,root,0,NA,NA,10532,60.5487
2175,7842,root,0,NA,NA,7842,60.5471
2176,2115,root,0,NA,NA,2115,60.5455
2177,14072,root,0,NA,NA,14072,60.5343
2178,18668,root,0,NA,NA,18668,60.515
2179,6286,root,0,NA,NA,6286,60.5127
2180,1959,root,0,NA,NA,1959,60.5045
2181,18828,root,0,NA,NA,18828,60.475
2182,17823,root,0,NA,NA,17823,60.4722
2183,2822,root,0,NA,NA,2822,60.4676
2184,15925,root,0,NA,NA,15925,60.4527
2185,6441,root,0,NA,NA,6441,60.4506
2186,805,root,0,NA,NA,805,60.4494
2187,17255,root,0,NA,NA,17255,60.4475
2188,4200,root,0,NA,NA,4200,60.4461
2189,2347,root,0,NA,NA,2347,60.4409
2190,6389,root,0,NA,NA,6389,60.4362
2191,10779,root,0,NA,NA,10779,60.4359
2192,18801,root,0,NA,NA,18801,60.4355
2193,3487,root,0,NA,NA,3487,60.4321
2194,7171,root,0,NA,NA,7171,60.4316
2195,3319,root,0,NA,NA,3319,60.427
2196,13970,root,0,NA,NA,13970,60.4265
2197,8283,root,0,NA,NA,8283,60.4235
2198,6294,root,0,NA,NA,6294,60.4198
2199,17012,root,0,NA,NA,17012,60.4186
2200,15908,root,0,NA,NA,15908,60.4177
2201,7456,root,0,NA,NA,7456,60.3853
2202,2348,root,0,NA,NA,2348,60.3789
2203,14546,root,0,NA,NA,14546,60.3764
2204,6979,root,0,NA,NA,6979,60.3724
2205,9482,root,0,NA,NA,9482,60.345
2206,15030,root,0,NA,NA,15030,60.3374
2207,9300,root,0,NA,NA,9300,60.3243
2208,2360,root,0,NA,NA,2360,60.2973
2209,8624,root,0,NA,NA,8624,60.2972
2210,10229,root,0,NA,NA,10229,60.2949
2211,8233,root,0,NA,NA,8233,60.2902
2212,17704,root,0,NA,NA,17704,60.2878
2213,7925,root,0,NA,NA,7925,60.276
2214,17256,root,0,NA,NA,17256,60.2733
2215,17824,root,0,NA,NA,17824,60.2698
2216,13349,root,0,NA,NA,13349,60.2692
2217,2237,root,0,NA,NA,2237,60.2552
2218,18843,root,0,NA,NA,18843,60.251
2219,15387,root,0,NA,NA,15387,60.2466
2220,11991,root,0,NA,NA,11991,60.244
2221,19393,root,0,NA,NA,19393,60.2413
2222,3372,root,0,NA,NA,3372,60.2364
2223,7054,root,0,NA,NA,7054,60.2333
2224,12559,root,0,NA,NA,12559,60.2259
2225,15710,root,0,NA,NA,15710,60.219
2226,771,root,0,NA,NA,771,60.2071
2227,9132,root,0,NA,NA,9132,60.2043
2228,19366,root,0,NA,NA,19366,60.2028
2229,4878,root,0,NA,NA,4878,60.2014
2230,17694,root,0,NA,NA,17694,60.1944
2231,475,root,0,NA,NA,475,60.1929
2232,9956,root,0,NA,NA,9956,60.1852
2233,12786,root,0,NA,NA,12786,60.1785
2234,1605,root,0,NA,NA,1605,60.1756
2235,19615,root,0,NA,NA,19615,60.1686
2236,19252,root,0,NA,NA,19252,60.1661
2237,3241,root,0,NA,NA,3241,60.1631
2238,7527,root,0,NA,NA,7527,60.1625
2239,5592,root,0,NA,NA,5592,60.1514
2240,2307,root,0,NA,NA,2307,60.138
2241,3045,root,0,NA,NA,3045,60.1341
2242,18475,root,0,NA,NA,18475,60.1225
2243,13492,root,0,NA,NA,13492,60.119
2244,11132,root,0,NA,NA,11132,60.1172
2245,18285,root,0,NA,NA,18285,60.1032
2246,12203,root,0,NA,NA,12203,60.1014
2247,2366,root,0,NA,NA,2366,60.0992
2248,619,root,0,NA,NA,619,60.0967
2249,8214,root,0,NA,NA,8214,60.085
2250,4326,root,0,NA,NA,4326,60.0697
2251,5542,root,0,NA,NA,5542,60.0622
2252,4865,root,0,NA,NA,4865,60.0616
2253,4576,root,0,NA,NA,4576,60.0594
2254,16843,root,0,NA,NA,16843,60.0568
2255,7839,root,0,NA,NA,7839,60.0469
2256,2381,root,0,NA,NA,2381,60.0461
2257,15826,root,0,NA,NA,15826,60.0424
2258,13394,root,0,NA,NA,13394,60.0404
2259,16845,root,0,NA,NA,16845,60.0314
2260,5985,root,0,NA,NA,5985,60.0227
2261,12122,root,0,NA,NA,12122,60.0171
2262,2345,root,0,NA,NA,2345,60.0047
2263,2379,root,0,NA,NA,2379,59.9935
2264,2268,root,0,NA,NA,2268,59.9901
2265,7249,root,0,NA,NA,7249,59.9899
2266,4839,root,0,NA,NA,4839,59.9865
2267,6095,root,0,NA,NA,6095,59.9848
2268,11493,root,0,NA,NA,11493,59.9843
2269,15528,root,0,NA,NA,15528,59.9824
2270,19897,root,0,NA,NA,19897,59.9821
2271,860,root,0,NA,NA,860,59.9729
2272,8459,root,0,NA,NA,8459,59.9708
2273,4706,root,0,NA,NA,4706,59.9654
2274,2657,root,0,NA,NA,2657,59.9572
2275,8072,root,0,NA,NA,8072,59.9549
2276,514,root,0,NA,NA,514,59.9351
2277,15821,root,0,NA,NA,15821,59.9345
2278,3747,root,0,NA,NA,3747,59.9343
2279,551,root,0,NA,NA,551,59.931
2280,2369,root,0,NA,NA,2369,59.9305
2281,16192,root,0,NA,NA,16192,59.9243
2282,14308,root,0,NA,NA,14308,59.9199
2283,12803,root,0,NA,NA,12803,59.9177
2284,1974,root,0,NA,NA,1974,59.9136
2285,19356,root,0,NA,NA,19356,59.9094
2286,4467,root,0,NA,NA,4467,59.9084
2287,4245,root,0,NA,NA,4245,59.9057
2288,2942,root,0,NA,NA,2942,59.9036
2289,5423,root,0,NA,NA,5423,59.8974
2290,15889,root,0,NA,NA,15889,59.8956
2291,1850,root,0,NA,NA,1850,59.8941
2292,16646,root,0,NA,NA,16646,59.8928
2293,2945,root,0,NA,NA,2945,59.8761
2294,4270,root,0,NA,NA,4270,59.8678
2295,15234,root,0,NA,NA,15234,59.8664
2296,2929,root,0,NA,NA,2929,59.8519
2297,10873,root,0,NA,NA,10873,59.8478
2298,18806,root,0,NA,NA,18806,59.8467
2299,10449,root,0,NA,NA,10449,59.8463
2300,12787,root,0,NA,NA,12787,59.8388
2301,7498,root,0,NA,NA,7498,59.8373
2302,19036,root,0,NA,NA,19036,59.83
2303,7962,root,0,NA,NA,7962,59.8221
2304,9106,root,0,NA,NA,9106,59.8039
2305,2652,root,0,NA,NA,2652,59.7946
2306,7648,root,0,NA,NA,7648,59.794
2307,11875,root,0,NA,NA,11875,59.7917
2308,5318,root,0,NA,NA,5318,59.7899
2309,2759,root,0,NA,NA,2759,59.787
2310,15247,root,0,NA,NA,15247,59.7834
2311,9456,root,0,NA,NA,9456,59.7729
2312,18507,root,0,NA,NA,18507,59.7692
2313,7305,root,0,NA,NA,7305,59.7595
2314,2966,root,0,NA,NA,2966,59.7568
2315,10915,root,0,NA,NA,10915,59.7535
2316,2620,root,0,NA,NA,2620,59.7496
2317,15348,root,0,NA,NA,15348,59.7166
2318,5485,root,0,NA,NA,5485,59.713
2319,9302,root,0,NA,NA,9302,59.7102
2320,7184,root,0,NA,NA,7184,59.71
2321,4221,root,0,NA,NA,4221,59.6943
2322,9067,root,0,NA,NA,9067,59.681
2323,4771,root,0,NA,NA,4771,59.6771
2324,16428,root,0,NA,NA,16428,59.675
2325,5825,root,0,NA,NA,5825,59.6699
2326,18775,root,0,NA,NA,18775,59.6698
2327,14664,root,0,NA,NA,14664,59.6677
2328,9498,root,0,NA,NA,9498,59.6643
2329,13937,root,0,NA,NA,13937,59.6568
2330,12251,root,0,NA,NA,12251,59.6567
2331,2462,root,0,NA,NA,2462,59.6537
2332,11904,root,0,NA,NA,11904,59.6453
2333,13593,root,0,NA,NA,13593,59.6446
2334,15531,root,0,NA,NA,15531,59.6435
2335,4210,root,0,NA,NA,4210,59.6277
2336,19019,root,0,NA,NA,19019,59.6276
2337,13062,root,0,NA,NA,13062,59.6255
2338,12548,root,0,NA,NA,12548,59.6084
2339,9959,root,0,NA,NA,9959,59.6069
2340,1383,root,0,NA,NA,1383,59.5971
2341,8739,root,0,NA,NA,8739,59.5949
2342,1188,root,0,NA,NA,1188,59.592
2343,6118,root,0,NA,NA,6118,59.5866
2344,1953,root,0,NA,NA,1953,59.5745
2345,2950,root,0,NA,NA,2950,59.5676
2346,7330,root,0,NA,NA,7330,59.5635
2347,2224,root,0,NA,NA,2224,59.5633
2348,4409,root,0,NA,NA,4409,59.5574
2349,2840,root,0,NA,NA,2840,59.5512
2350,1438,root,0,NA,NA,1438,59.5461
2351,16696,root,0,NA,NA,16696,59.5281
2352,14354,root,0,NA,NA,14354,59.5081
2353,1512,root,0,NA,NA,1512,59.508
2354,8553,root,0,NA,NA,8553,59.4997
2355,9739,root,0,NA,NA,9739,59.4786
2356,12158,root,0,NA,NA,12158,59.4692
2357,4179,root,0,NA,NA,4179,59.4658
2358,19843,root,0,NA,NA,19843,59.4566
2359,14882,root,0,NA,NA,14882,59.4539
2360,8500,root,0,NA,NA,8500,59.4505
2361,5412,root,0,NA,NA,5412,59.4483
2362,4376,root,0,NA,NA,4376,59.4398
2363,14708,root,0,NA,NA,14708,59.43
2364,2149,root,0,NA,NA,2149,59.4276
2365,10797,root,0,NA,NA,10797,59.4254
2366,2825,root,0,NA,NA,2825,59.4129
2367,10080,root,0,NA,NA,10080,59.4103
2368,1491,root,0,NA,NA,1491,59.4028
2369,2874,root,0,NA,NA,2874,59.4026
2370,17842,root,0,NA,NA,17842,59.3975
2371,10561,root,0,NA,NA,10561,59.3885
2372,2373,root,0,NA,NA,2373,59.3876
2373,9054,root,0,NA,NA,9054,59.3849
2374,3123,root,0,NA,NA,3123,59.3814
2375,9268,root,0,NA,NA,9268,59.3812
2376,11682,root,0,NA,NA,11682,59.3785
2377,12121,root,0,NA,NA,12121,59.3698
2378,15169,root,0,NA,NA,15169,59.3687
2379,1525,root,0,NA,NA,1525,59.3663
2380,8773,root,0,NA,NA,8773,59.3599
2381,18724,root,0,NA,NA,18724,59.3464
2382,1940,root,0,NA,NA,1940,59.3407
2383,13548,root,0,NA,NA,13548,59.3401
2384,4253,root,0,NA,NA,4253,59.3374
2385,1660,root,0,NA,NA,1660,59.3335
2386,5851,root,0,NA,NA,5851,59.3288
2387,6805,root,0,NA,NA,6805,59.3271
2388,2034,root,0,NA,NA,2034,59.3165
2389,15307,root,0,NA,NA,15307,59.3158
2390,5377,root,0,NA,NA,5377,59.3156
2391,11920,root,0,NA,NA,11920,59.3098
2392,10792,root,0,NA,NA,10792,59.3089
2393,14839,root,0,NA,NA,14839,59.3014
2394,1262,root,0,NA,NA,1262,59.2996
2395,4035,root,0,NA,NA,4035,59.2804
2396,11797,root,0,NA,NA,11797,59.26
2397,7572,root,0,NA,NA,7572,59.256
2398,3629,root,0,NA,NA,3629,59.2555
2399,8579,root,0,NA,NA,8579,59.2485
2400,6562,root,0,NA,NA,6562,59.2473
2401,1895,root,0,NA,NA,1895,59.2461
2402,16357,root,0,NA,NA,16357,59.2243
2403,15418,root,0,NA,NA,15418,59.2232
2404,1001,root,0,NA,NA,1001,59.2212
2405,14792,root,0,NA,NA,14792,59.205
2406,4513,root,0,NA,NA,4513,59.1985
2407,5605,root,0,NA,NA,5605,59.1965
2408,13268,root,0,NA,NA,13268,59.1719
2409,5961,root,0,NA,NA,5961,59.1711
2410,14755,root,0,NA,NA,14755,59.1638
2411,4750,root,0,NA,NA,4750,59.1563
2412,13015,root,0,NA,NA,13015,59.1418
2413,5791,root,0,NA,NA,5791,59.1411
2414,270,root,0,NA,NA,270,59.1342
2415,18719,root,0,NA,NA,18719,59.1237
2416,4373,root,0,NA,NA,4373,59.1214
2417,2576,root,0,NA,NA,2576,59.1184
2418,16996,root,0,NA,NA,16996,59.1128
2419,8451,root,0,NA,NA,8451,59.1119
2420,8114,root,0,NA,NA,8114,59.1073
2421,4896,root,0,NA,NA,4896,59.1038
2422,6771,root,0,NA,NA,6771,59.1018
2423,4007,root,0,NA,NA,4007,59.099
2424,7593,root,0,NA,NA,7593,59.0951
2425,18420,root,0,NA,NA,18420,59.0919
2426,1868,root,0,NA,NA,1868,59.0911
2427,9559,root,0,NA,NA,9559,59.0832
2428,13891,root,0,NA,NA,13891,59.0813
2429,2560,root,0,NA,NA,2560,59.0803
2430,5115,root,0,NA,NA,5115,59.0737
2431,3539,root,0,NA,NA,3539,59.065
2432,15459,root,0,NA,NA,15459,59.0629
2433,812,root,0,NA,NA,812,59.0608
2434,10436,root,0,NA,NA,10436,59.0531
2435,2178,root,0,NA,NA,2178,59.0508
2436,16478,root,0,NA,NA,16478,59.0508
2437,3,root,0,NA,NA,3,59.049
2438,16024,root,0,NA,NA,16024,59.0483
2439,18883,root,0,NA,NA,18883,59.0481
2440,3985,root,0,NA,NA,3985,59.0473
2441,792,root,0,NA,NA,792,59.0437
2442,18557,root,0,NA,NA,18557,59.0329
2443,2368,root,0,NA,NA,2368,59.0313
2444,10828,root,0,NA,NA,10828,59.0301
2445,12748,root,0,NA,NA,12748,59.0288
2446,14112,root,0,NA,NA,14112,59.0285
2447,6587,root,0,NA,NA,6587,59.0272
2448,19533,root,0,NA,NA,19533,59.0242
2449,8868,root,0,NA,NA,8868,59.011
2450,9289,root,0,NA,NA,9289,59.0074
2451,15779,root,0,NA,NA,15779,59.0034
2452,13347,root,0,NA,NA,13347,58.9983
2453,12881,root,0,NA,NA,12881,58.9695
2454,15475,root,0,NA,NA,15475,58.9694
2455,3823,root,0,NA,NA,3823,58.9596
2456,12392,root,0,NA,NA,12392,58.9585
2457,18135,root,0,NA,NA,18135,58.9533
2458,1493,root,0,NA,NA,1493,58.9459
2459,8933,root,0,NA,NA,8933,58.9419
2460,1556,root,0,NA,NA,1556,58.9385
2461,7803,root,0,NA,NA,7803,58.9322
2462,14814,root,0,NA,NA,14814,58.9302
2463,19155,root,0,NA,NA,19155,58.9251
2464,10326,root,0,NA,NA,10326,58.9192
2465,10842,root,0,NA,NA,10842,58.9186
2466,695,root,0,NA,NA,695,58.9085
2467,2058,root,0,NA,NA,2058,58.9051
2468,380,root,0,NA,NA,380,58.9011
2469,17271,root,0,NA,NA,17271,58.9007
2470,7981,root,0,NA,NA,7981,58.8991
2471,16347,root,0,NA,NA,16347,58.8961
2472,8742,root,0,NA,NA,8742,58.8956
2473,14010,root,0,NA,NA,14010,58.8899
2474,4600,root,0,NA,NA,4600,58.8799
2475,10564,root,0,NA,NA,10564,58.8789
2476,14183,root,0,NA,NA,14183,58.8752
2477,2068,root,0,NA,NA,2068,58.8625
2478,17631,root,0,NA,NA,17631,58.8505
2479,11680,root,0,NA,NA,11680,58.8408
2480,7836,root,0,NA,NA,7836,58.8407
2481,7713,root,0,NA,NA,7713,58.8405
2482,9114,root,0,NA,NA,9114,58.8389
2483,3999,root,0,NA,NA,3999,58.8275
2484,13539,root,0,NA,NA,13539,58.8266
2485,13396,root,0,NA,NA,13396,58.8241
2486,15203,root,0,NA,NA,15203,58.8234
2487,12834,root,0,NA,NA,12834,58.8163
2488,11119,root,0,NA,NA,11119,58.8154
2489,2358,root,0,NA,NA,2358,58.8146
2490,10645,root,0,NA,NA,10645,58.8071
2491,13108,root,0,NA,NA,13108,58.7996
2492,8427,root,0,NA,NA,8427,58.7901
2493,12004,root,0,NA,NA,12004,58.7808
2494,13059,root,0,NA,NA,13059,58.7788
2495,17605,root,0,NA,NA,17605,58.7767
2496,19969,root,0,NA,NA,19969,58.763
2497,3631,root,0,NA,NA,3631,58.7589
2498,2932,root,0,NA,NA,2932,58.7575
2499,9017,root,0,NA,NA,9017,58.7535
2500,19607,root,0,NA,NA,19607,58.7528
2501,12169,root,0,NA,NA,12169,58.751
2502,302,root,0,NA,NA,302,58.746
2503,16802,root,0,NA,NA,16802,58.7307
2504,10038,root,0,NA,NA,10038,58.7252
2505,14015,root,0,NA,NA,14015,58.7196
2506,17659,root,0,NA,NA,17659,58.7077
2507,11748,root,0,NA,NA,11748,58.7047
2508,8172,root,0,NA,NA,8172,58.6917
2509,3810,root,0,NA,NA,3810,58.6902
2510,15150,root,0,NA,NA,15150,58.6812
2511,11342,root,0,NA,NA,11342,58.6786
2512,1230,root,0,NA,NA,1230,58.6785
2513,5932,root,0,NA,NA,5932,58.6723
2514,8467,root,0,NA,NA,8467,58.6713
2515,6278,root,0,NA,NA,6278,58.6706
2516,7558,root,0,NA,NA,7558,58.6644
2517,15885,root,0,NA,NA,15885,58.6586
2518,15179,root,0,NA,NA,15179,58.6527
2519,5061,root,0,NA,NA,5061,58.6512
2520,323,root,0,NA,NA,323,58.6425
2521,18502,root,0,NA,NA,18502,58.6339
2522,3738,root,0,NA,NA,3738,58.6307
2523,3257,root,0,NA,NA,3257,58.6247
2524,7718,root,0,NA,NA,7718,58.6163
2525,131,root,0,NA,NA,131,58.6085
2526,7158,root,0,NA,NA,7158,58.5977
2527,10371,root,0,NA,NA,10371,58.5937
2528,4544,root,0,NA,NA,4544,58.5927
2529,18240,root,0,NA,NA,18240,58.5919
2530,579,root,0,NA,NA,579,58.5884
2531,17114,root,0,NA,NA,17114,58.5818
2532,653,root,0,NA,NA,653,58.5791
2533,18130,root,0,NA,NA,18130,58.5704
2534,13266,root,0,NA,NA,13266,58.5649
2535,10583,root,0,NA,NA,10583,58.5559
2536,9593,root,0,NA,NA,9593,58.5555
2537,5282,root,0,NA,NA,5282,58.554
2538,12127,root,0,NA,NA,12127,58.5501
2539,3497,root,0,NA,NA,3497,58.5358
2540,3865,root,0,NA,NA,3865,58.5327
2541,3537,root,0,NA,NA,3537,58.5325
2542,744,root,0,NA,NA,744,58.527
2543,1404,root,0,NA,NA,1404,58.5161
2544,7851,root,0,NA,NA,7851,58.5111
2545,7844,root,0,NA,NA,7844,58.5073
2546,14687,root,0,NA,NA,14687,58.4894
2547,11792,root,0,NA,NA,11792,58.4842
2548,2128,root,0,NA,NA,2128,58.4753
2549,3759,root,0,NA,NA,3759,58.4738
2550,14905,root,0,NA,NA,14905,58.4731
2551,7682,root,0,NA,NA,7682,58.4728
2552,14142,root,0,NA,NA,14142,58.4603
2553,7165,root,0,NA,NA,7165,58.4498
2554,3165,root,0,NA,NA,3165,58.4379
2555,17731,root,0,NA,NA,17731,58.4373
2556,239,root,0,NA,NA,239,58.4367
2557,4352,root,0,NA,NA,4352,58.4294
2558,14753,root,0,NA,NA,14753,58.4237
2559,14646,root,0,NA,NA,14646,58.4131
2560,18245,root,0,NA,NA,18245,58.413
2561,8495,root,0,NA,NA,8495,58.4065
2562,13061,root,0,NA,NA,13061,58.4059
2563,6894,root,0,NA,NA,6894,58.3798
2564,3935,root,0,NA,NA,3935,58.3784
2565,6368,root,0,NA,NA,6368,58.3684
2566,1499,root,0,NA,NA,1499,58.3628
2567,11878,root,0,NA,NA,11878,58.3627
2568,2853,root,0,NA,NA,2853,58.3502
2569,9051,root,0,NA,NA,9051,58.3501
2570,3338,root,0,NA,NA,3338,58.3467
2571,1879,root,0,NA,NA,1879,58.346
2572,8320,root,0,NA,NA,8320,58.3446
2573,4871,root,0,NA,NA,4871,58.3433
2574,10705,root,0,NA,NA,10705,58.3415
2575,15941,root,0,NA,NA,15941,58.3388
2576,11261,root,0,NA,NA,11261,58.3376
2577,14030,root,0,NA,NA,14030,58.3334
2578,18246,root,0,NA,NA,18246,58.3275
2579,8252,root,0,NA,NA,8252,58.3064
2580,3667,root,0,NA,NA,3667,58.3031
2581,18193,root,0,NA,NA,18193,58.2993
2582,17706,root,0,NA,NA,17706,58.2978
2583,6259,root,0,NA,NA,6259,58.2959
2584,17454,root,0,NA,NA,17454,58.2885
2585,1938,root,0,NA,NA,1938,58.288
2586,7938,root,0,NA,NA,7938,58.2865
2587,18084,root,0,NA,NA,18084,58.2853
2588,10321,root,0,NA,NA,10321,58.2826
2589,6116,root,0,NA,NA,6116,58.2774
2590,14711,root,0,NA,NA,14711,58.2757
2591,8262,root,0,NA,NA,8262,58.2682
2592,1323,root,0,NA,NA,1323,58.2656
2593,1527,root,0,NA,NA,1527,58.264
2594,15198,root,0,NA,NA,15198,58.2597
2595,12124,root,0,NA,NA,12124,58.2559
2596,12460,root,0,NA,NA,12460,58.2509
2597,12855,root,0,NA,NA,12855,58.25
2598,8281,root,0,NA,NA,8281,58.2454
2599,5540,root,0,NA,NA,5540,58.2443
2600,357,root,0,NA,NA,357,58.2139
2601,7774,root,0,NA,NA,7774,58.2119
2602,9499,root,0,NA,NA,9499,58.2108
2603,16494,root,0,NA,NA,16494,58.2022
2604,13255,root,0,NA,NA,13255,58.2008
2605,4012,root,0,NA,NA,4012,58.1998
2606,13010,root,0,NA,NA,13010,58.1906
2607,7833,root,0,NA,NA,7833,58.1875
2608,6391,root,0,NA,NA,6391,58.1796
2609,12682,root,0,NA,NA,12682,58.179
2610,14182,root,0,NA,NA,14182,58.1653
2611,18803,root,0,NA,NA,18803,58.1645
2612,3440,root,0,NA,NA,3440,58.1574
2613,2654,root,0,NA,NA,2654,58.1516
2614,12408,root,0,NA,NA,12408,58.1486
2615,13677,root,0,NA,NA,13677,58.1467
2616,12174,root,0,NA,NA,12174,58.1461
2617,18423,root,0,NA,NA,18423,58.1287
2618,8564,root,0,NA,NA,8564,58.125
2619,11054,root,0,NA,NA,11054,58.1239
2620,7831,root,0,NA,NA,7831,58.1205
2621,9048,root,0,NA,NA,9048,58.1137
2622,9826,root,0,NA,NA,9826,58.1129
2623,9562,root,0,NA,NA,9562,58.1127
2624,2047,root,0,NA,NA,2047,58.1108
2625,6134,root,0,NA,NA,6134,58.11
2626,12802,root,0,NA,NA,12802,58.101
2627,5998,root,0,NA,NA,5998,58.1009
2628,16514,root,0,NA,NA,16514,58.0946
2629,12934,root,0,NA,NA,12934,58.0917
2630,17709,root,0,NA,NA,17709,58.0878
2631,7687,root,0,NA,NA,7687,58.0825
2632,13950,root,0,NA,NA,13950,58.0744
2633,16224,root,0,NA,NA,16224,58.0734
2634,19914,root,0,NA,NA,19914,58.0702
2635,17978,root,0,NA,NA,17978,58.0691
2636,18587,root,0,NA,NA,18587,58.0635
2637,4640,root,0,NA,NA,4640,58.0604
2638,4129,root,0,NA,NA,4129,58.0569
2639,6252,root,0,NA,NA,6252,58.0551
2640,8470,root,0,NA,NA,8470,58.0518
2641,2995,root,0,NA,NA,2995,58.0518
2642,12171,root,0,NA,NA,12171,58.0487
2643,9122,root,0,NA,NA,9122,58.0412
2644,8692,root,0,NA,NA,8692,58.0373
2645,9833,root,0,NA,NA,9833,58.0204
2646,3772,root,0,NA,NA,3772,57.9875
2647,15745,root,0,NA,NA,15745,57.9852
2648,825,root,0,NA,NA,825,57.985
2649,252,root,0,NA,NA,252,57.981
2650,5660,root,0,NA,NA,5660,57.9773
2651,6236,root,0,NA,NA,6236,57.9748
2652,17644,root,0,NA,NA,17644,57.9723
2653,7734,root,0,NA,NA,7734,57.9674
2654,14095,root,0,NA,NA,14095,57.9656
2655,7409,root,0,NA,NA,7409,57.9651
2656,8844,root,0,NA,NA,8844,57.9546
2657,5963,root,0,NA,NA,5963,57.9501
2658,1946,root,0,NA,NA,1946,57.9486
2659,18280,root,0,NA,NA,18280,57.9476
2660,13127,root,0,NA,NA,13127,57.9255
2661,9109,root,0,NA,NA,9109,57.9193
2662,7729,root,0,NA,NA,7729,57.9174
2663,16070,root,0,NA,NA,16070,57.9142
2664,9980,root,0,NA,NA,9980,57.9088
2665,18740,root,0,NA,NA,18740,57.9027
2666,4308,root,0,NA,NA,4308,57.9003
2667,6572,root,0,NA,NA,6572,57.8973
2668,12001,root,0,NA,NA,12001,57.8864
2669,5068,root,0,NA,NA,5068,57.8797
2670,15297,root,0,NA,NA,15297,57.8761
2671,5972,root,0,NA,NA,5972,57.8758
2672,12773,root,0,NA,NA,12773,57.8677
2673,15894,root,0,NA,NA,15894,57.862
2674,5261,root,0,NA,NA,5261,57.8461
2675,11114,root,0,NA,NA,11114,57.846
2676,927,root,0,NA,NA,927,57.8404
2677,5948,root,0,NA,NA,5948,57.8399
2678,15103,root,0,NA,NA,15103,57.8351
2679,6478,root,0,NA,NA,6478,57.835
2680,7837,root,0,NA,NA,7837,57.8329
2681,365,root,0,NA,NA,365,57.832
2682,11459,root,0,NA,NA,11459,57.8286
2683,2417,root,0,NA,NA,2417,57.8273
2684,11067,root,0,NA,NA,11067,57.8251
2685,1131,root,0,NA,NA,1131,57.8217
2686,5576,root,0,NA,NA,5576,57.8196
2687,15290,root,0,NA,NA,15290,57.815
2688,11923,root,0,NA,NA,11923,57.8128
2689,194,root,0,NA,NA,194,57.8008
2690,17994,root,0,NA,NA,17994,57.7916
2691,10417,root,0,NA,NA,10417,57.7813
2692,846,root,0,NA,NA,846,57.7666
2693,12606,root,0,NA,NA,12606,57.761
2694,4563,root,0,NA,NA,4563,57.7546
2695,6595,root,0,NA,NA,6595,57.744
2696,1972,root,0,NA,NA,1972,57.7346
2697,13014,root,0,NA,NA,13014,57.7288
2698,11244,root,0,NA,NA,11244,57.721
2699,11202,root,0,NA,NA,11202,57.7138
2700,16341,root,0,NA,NA,16341,57.711
2701,5618,root,0,NA,NA,5618,57.7023
2702,1961,root,0,NA,NA,1961,57.7015
2703,1296,root,0,NA,NA,1296,57.7002
2704,4792,root,0,NA,NA,4792,57.6944
2705,4511,root,0,NA,NA,4511,57.6644
2706,12111,root,0,NA,NA,12111,57.6575
2707,9857,root,0,NA,NA,9857,57.655
2708,14754,root,0,NA,NA,14754,57.6521
2709,7656,root,0,NA,NA,7656,57.643
2710,5147,root,0,NA,NA,5147,57.6341
2711,3883,root,0,NA,NA,3883,57.6339
2712,5113,root,0,NA,NA,5113,57.6232
2713,13224,root,0,NA,NA,13224,57.6204
2714,15133,root,0,NA,NA,15133,57.6181
2715,17995,root,0,NA,NA,17995,57.6173
2716,16465,root,0,NA,NA,16465,57.6117
2717,113,root,0,NA,NA,113,57.6093
2718,1102,root,0,NA,NA,1102,57.607
2719,19421,root,0,NA,NA,19421,57.603
2720,778,root,0,NA,NA,778,57.6015
2721,8611,root,0,NA,NA,8611,57.5879
2722,6410,root,0,NA,NA,6410,57.581
2723,9378,root,0,NA,NA,9378,57.5788
2724,14923,root,0,NA,NA,14923,57.5769
2725,4349,root,0,NA,NA,4349,57.5682
2726,4726,root,0,NA,NA,4726,57.5673
2727,3340,root,0,NA,NA,3340,57.5612
2728,37,root,0,NA,NA,37,57.5549
2729,18881,root,0,NA,NA,18881,57.5483
2730,17837,root,0,NA,NA,17837,57.5422
2731,6291,root,0,NA,NA,6291,57.527
2732,16459,root,0,NA,NA,16459,57.5268
2733,3906,root,0,NA,NA,3906,57.5167
2734,19476,root,0,NA,NA,19476,57.5151
2735,6220,root,0,NA,NA,6220,57.507
2736,3387,root,0,NA,NA,3387,57.5065
2737,7852,root,0,NA,NA,7852,57.5006
2738,17106,root,0,NA,NA,17106,57.4994
2739,18561,root,0,NA,NA,18561,57.4983
2740,12083,root,0,NA,NA,12083,57.4933
2741,9616,root,0,NA,NA,9616,57.4894
2742,4132,root,0,NA,NA,4132,57.4858
2743,535,root,0,NA,NA,535,57.4799
2744,8316,root,0,NA,NA,8316,57.4792
2745,16749,root,0,NA,NA,16749,57.4791
2746,3923,root,0,NA,NA,3923,57.479
2747,10876,root,0,NA,NA,10876,57.4664
2748,2953,root,0,NA,NA,2953,57.4593
2749,6829,root,0,NA,NA,6829,57.4593
2750,14721,root,0,NA,NA,14721,57.4506
2751,5498,root,0,NA,NA,5498,57.444
2752,5673,root,0,NA,NA,5673,57.4359
2753,14243,root,0,NA,NA,14243,57.4241
2754,7692,root,0,NA,NA,7692,57.4231
2755,2730,root,0,NA,NA,2730,57.4191
2756,464,root,0,NA,NA,464,57.4093
2757,6006,root,0,NA,NA,6006,57.4072
2758,4197,root,0,NA,NA,4197,57.4028
2759,13918,root,0,NA,NA,13918,57.3963
2760,5993,root,0,NA,NA,5993,57.3842
2761,8603,root,0,NA,NA,8603,57.376
2762,13816,root,0,NA,NA,13816,57.3493
2763,1945,root,0,NA,NA,1945,57.344
2764,7166,root,0,NA,NA,7166,57.3426
2765,16238,root,0,NA,NA,16238,57.3322
2766,19898,root,0,NA,NA,19898,57.3303
2767,9588,root,0,NA,NA,9588,57.3208
2768,3927,root,0,NA,NA,3927,57.3078
2769,16425,root,0,NA,NA,16425,57.3061
2770,11305,root,0,NA,NA,11305,57.3037
2771,11724,root,0,NA,NA,11724,57.2937
2772,10878,root,0,NA,NA,10878,57.2924
2773,6943,root,0,NA,NA,6943,57.2902
2774,7485,root,0,NA,NA,7485,57.2857
2775,5922,root,0,NA,NA,5922,57.2828
2776,18183,root,0,NA,NA,18183,57.282
2777,7750,root,0,NA,NA,7750,57.282
2778,7001,root,0,NA,NA,7001,57.274
2779,14604,root,0,NA,NA,14604,57.267
2780,19499,root,0,NA,NA,19499,57.2642
2781,14795,root,0,NA,NA,14795,57.2455
2782,10642,root,0,NA,NA,10642,57.245
2783,1845,root,0,NA,NA,1845,57.2423
2784,11716,root,0,NA,NA,11716,57.2409
2785,9708,root,0,NA,NA,9708,57.2356
2786,13215,root,0,NA,NA,13215,57.2166
2787,9053,root,0,NA,NA,9053,57.2165
2788,8592,root,0,NA,NA,8592,57.2128
2789,2772,root,0,NA,NA,2772,57.2105
2790,7651,root,0,NA,NA,7651,57.1989
2791,585,root,0,NA,NA,585,57.1977
2792,12591,root,0,NA,NA,12591,57.1952
2793,9138,root,0,NA,NA,9138,57.1939
2794,13734,root,0,NA,NA,13734,57.1931
2795,1506,root,0,NA,NA,1506,57.1831
2796,4602,root,0,NA,NA,4602,57.1817
2797,5629,root,0,NA,NA,5629,57.1749
2798,13523,root,0,NA,NA,13523,57.1723
2799,15358,root,0,NA,NA,15358,57.1585
2800,5471,root,0,NA,NA,5471,57.1584
2801,13542,root,0,NA,NA,13542,57.1536
2802,5584,root,0,NA,NA,5584,57.1479
2803,7278,root,0,NA,NA,7278,57.1457
2804,11719,root,0,NA,NA,11719,57.139
2805,12735,root,0,NA,NA,12735,57.1246
2806,15311,root,0,NA,NA,15311,57.119
2807,17149,root,0,NA,NA,17149,57.1183
2808,12049,root,0,NA,NA,12049,57.1118
2809,12188,root,0,NA,NA,12188,57.1116
2810,8438,root,0,NA,NA,8438,57.1083
2811,15302,root,0,NA,NA,15302,57.1037
2812,4991,root,0,NA,NA,4991,57.0875
2813,3870,root,0,NA,NA,3870,57.084
2814,6795,root,0,NA,NA,6795,57.0736
2815,15044,root,0,NA,NA,15044,57.0669
2816,5569,root,0,NA,NA,5569,57.0649
2817,11986,root,0,NA,NA,11986,57.0509
2818,4831,root,0,NA,NA,4831,57.0504
2819,10209,root,0,NA,NA,10209,57.0487
2820,14452,root,0,NA,NA,14452,57.045
2821,779,root,0,NA,NA,779,57.0433
2822,5762,root,0,NA,NA,5762,57.0379
2823,18208,root,0,NA,NA,18208,57.0375
2824,17898,root,0,NA,NA,17898,57.0203
2825,6998,root,0,NA,NA,6998,57.0121
2826,12730,root,0,NA,NA,12730,57.0102
2827,4407,root,0,NA,NA,4407,57.0094
2828,19936,root,0,NA,NA,19936,56.9996
2829,8794,root,0,NA,NA,8794,56.9917
2830,3209,root,0,NA,NA,3209,56.991
2831,19838,root,0,NA,NA,19838,56.985
2832,13091,root,0,NA,NA,13091,56.9847
2833,15049,root,0,NA,NA,15049,56.9753
2834,4038,root,0,NA,NA,4038,56.9638
2835,17556,root,0,NA,NA,17556,56.9371
2836,15627,root,0,NA,NA,15627,56.9332
2837,344,root,0,NA,NA,344,56.9317
2838,1520,root,0,NA,NA,1520,56.9273
2839,6852,root,0,NA,NA,6852,56.9231
2840,19618,root,0,NA,NA,19618,56.9082
2841,6540,root,0,NA,NA,6540,56.9071
2842,6577,root,0,NA,NA,6577,56.9057
2843,9226,root,0,NA,NA,9226,56.9039
2844,6281,root,0,NA,NA,6281,56.9022
2845,7524,root,0,NA,NA,7524,56.8933
2846,19986,root,0,NA,NA,19986,56.8896
2847,19030,root,0,NA,NA,19030,56.8846
2848,15271,root,0,NA,NA,15271,56.8809
2849,5977,root,0,NA,NA,5977,56.8773
2850,11105,root,0,NA,NA,11105,56.8664
2851,6844,root,0,NA,NA,6844,56.8564
2852,15797,root,0,NA,NA,15797,56.8499
2853,16649,root,0,NA,NA,16649,56.8387
2854,2310,root,0,NA,NA,2310,56.8255
2855,15284,root,0,NA,NA,15284,56.8207
2856,18787,root,0,NA,NA,18787,56.8174
2857,10847,root,0,NA,NA,10847,56.816
2858,8059,root,0,NA,NA,8059,56.8145
2859,8067,root,0,NA,NA,8067,56.8119
2860,9376,root,0,NA,NA,9376,56.8119
2861,9156,root,0,NA,NA,9156,56.8101
2862,1770,root,0,NA,NA,1770,56.8099
2863,4069,root,0,NA,NA,4069,56.7963
2864,2245,root,0,NA,NA,2245,56.7745
2865,2120,root,0,NA,NA,2120,56.7684
2866,5870,root,0,NA,NA,5870,56.7675
2867,12054,root,0,NA,NA,12054,56.7649
2868,11881,root,0,NA,NA,11881,56.7604
2869,12854,root,0,NA,NA,12854,56.7541
2870,2618,root,0,NA,NA,2618,56.7518
2871,9025,root,0,NA,NA,9025,56.7496
2872,17836,root,0,NA,NA,17836,56.7446
2873,3896,root,0,NA,NA,3896,56.7443
2874,5645,root,0,NA,NA,5645,56.7377
2875,7930,root,0,NA,NA,7930,56.7361
2876,7622,root,0,NA,NA,7622,56.726
2877,18879,root,0,NA,NA,18879,56.7243
2878,14114,root,0,NA,NA,14114,56.7223
2879,9496,root,0,NA,NA,9496,56.713
2880,5390,root,0,NA,NA,5390,56.7113
2881,15824,root,0,NA,NA,15824,56.7063
2882,13502,root,0,NA,NA,13502,56.702
2883,501,root,0,NA,NA,501,56.6796
2884,12687,root,0,NA,NA,12687,56.6793
2885,6590,root,0,NA,NA,6590,56.6722
2886,6580,root,0,NA,NA,6580,56.6716
2887,6525,root,0,NA,NA,6525,56.6694
2888,11509,root,0,NA,NA,11509,56.6663
2889,2355,root,0,NA,NA,2355,56.6589
2890,13545,root,0,NA,NA,13545,56.6567
2891,5295,root,0,NA,NA,5295,56.6562
2892,6168,root,0,NA,NA,6168,56.6546
2893,8925,root,0,NA,NA,8925,56.6526
2894,9527,root,0,NA,NA,9527,56.6497
2895,19432,root,0,NA,NA,19432,56.6482
2896,11462,root,0,NA,NA,11462,56.6451
2897,2404,root,0,NA,NA,2404,56.6419
2898,18819,root,0,NA,NA,18819,56.6393
2899,12863,root,0,NA,NA,12863,56.6344
2900,1951,root,0,NA,NA,1951,56.6336
2901,8174,root,0,NA,NA,8174,56.6269
2902,9669,root,0,NA,NA,9669,56.6228
2903,2670,root,0,NA,NA,2670,56.6218
2904,18690,root,0,NA,NA,18690,56.6002
2905,13740,root,0,NA,NA,13740,56.5977
2906,17262,root,0,NA,NA,17262,56.5972
2907,7062,root,0,NA,NA,7062,56.5895
2908,17264,root,0,NA,NA,17264,56.5771
2909,6596,root,0,NA,NA,6596,56.5763
2910,9507,root,0,NA,NA,9507,56.5736
2911,11148,root,0,NA,NA,11148,56.5692
2912,13672,root,0,NA,NA,13672,56.5677
2913,8456,root,0,NA,NA,8456,56.5656
2914,9161,root,0,NA,NA,9161,56.5648
2915,18695,root,0,NA,NA,18695,56.5642
2916,12790,root,0,NA,NA,12790,56.5622
2917,1081,root,0,NA,NA,1081,56.5572
2918,13426,root,0,NA,NA,13426,56.5432
2919,12456,root,0,NA,NA,12456,56.541
2920,8608,root,0,NA,NA,8608,56.5314
2921,5885,root,0,NA,NA,5885,56.517
2922,1847,root,0,NA,NA,1847,56.5144
2923,7590,root,0,NA,NA,7590,56.5122
2924,9624,root,0,NA,NA,9624,56.5105
2925,3374,root,0,NA,NA,3374,56.5086
2926,6061,root,0,NA,NA,6061,56.4977
2927,9504,root,0,NA,NA,9504,56.4921
2928,15620,root,0,NA,NA,15620,56.4883
2929,10195,root,0,NA,NA,10195,56.4837
2930,2749,root,0,NA,NA,2749,56.4797
2931,2757,root,0,NA,NA,2757,56.4797
2932,2770,root,0,NA,NA,2770,56.4797
2933,2778,root,0,NA,NA,2778,56.4797
2934,2783,root,0,NA,NA,2783,56.4797
2935,14001,root,0,NA,NA,14001,56.4653
2936,6663,root,0,NA,NA,6663,56.4642
2937,12149,root,0,NA,NA,12149,56.4437
2938,10289,root,0,NA,NA,10289,56.4378
2939,5239,root,0,NA,NA,5239,56.4364
2940,17641,root,0,NA,NA,17641,56.4323
2941,14012,root,0,NA,NA,14012,56.4314
2942,3919,root,0,NA,NA,3919,56.4303
2943,13009,root,0,NA,NA,13009,56.4197
2944,9985,root,0,NA,NA,9985,56.4139
2945,12837,root,0,NA,NA,12837,56.4097
2946,17113,root,0,NA,NA,17113,56.4005
2947,7059,root,0,NA,NA,7059,56.3998
2948,11113,root,0,NA,NA,11113,56.3953
2949,3936,root,0,NA,NA,3936,56.3921
2950,5128,root,0,NA,NA,5128,56.3901
2951,12052,root,0,NA,NA,12052,56.39
2952,8469,root,0,NA,NA,8469,56.3873
2953,8671,root,0,NA,NA,8671,56.3862
2954,1013,root,0,NA,NA,1013,56.385
2955,16940,root,0,NA,NA,16940,56.3755
2956,12394,root,0,NA,NA,12394,56.3635
2957,14548,root,0,NA,NA,14548,56.3615
2958,4347,root,0,NA,NA,4347,56.3612
2959,7884,root,0,NA,NA,7884,56.3607
2960,3910,root,0,NA,NA,3910,56.3587
2961,1472,root,0,NA,NA,1472,56.3574
2962,10043,root,0,NA,NA,10043,56.3564
2963,9490,root,0,NA,NA,9490,56.3349
2964,4805,root,0,NA,NA,4805,56.321
2965,8802,root,0,NA,NA,8802,56.3186
2966,9231,root,0,NA,NA,9231,56.3182
2967,10827,root,0,NA,NA,10827,56.3107
2968,17513,root,0,NA,NA,17513,56.2953
2969,2633,root,0,NA,NA,2633,56.2831
2970,800,root,0,NA,NA,800,56.2826
2971,8957,root,0,NA,NA,8957,56.2826
2972,17615,root,0,NA,NA,17615,56.28
2973,12038,root,0,NA,NA,12038,56.2777
2974,10824,root,0,NA,NA,10824,56.2765
2975,11004,root,0,NA,NA,11004,56.273
2976,12805,root,0,NA,NA,12805,56.2677
2977,2470,root,0,NA,NA,2470,56.2674
2978,13496,root,0,NA,NA,13496,56.267
2979,2026,root,0,NA,NA,2026,56.2598
2980,6417,root,0,NA,NA,6417,56.2486
2981,13012,root,0,NA,NA,13012,56.2425
2982,5274,root,0,NA,NA,5274,56.2384
2983,8595,root,0,NA,NA,8595,56.2366
2984,18448,root,0,NA,NA,18448,56.2172
2985,3891,root,0,NA,NA,3891,56.2101
2986,10483,root,0,NA,NA,10483,56.201
2987,2989,root,0,NA,NA,2989,56.1959
2988,1639,root,0,NA,NA,1639,56.1931
2989,1695,root,0,NA,NA,1695,56.1922
2990,14227,root,0,NA,NA,14227,56.1899
2991,15221,root,0,NA,NA,15221,56.187
2992,4584,root,0,NA,NA,4584,56.1861
2993,12172,root,0,NA,NA,12172,56.1784
2994,7859,root,0,NA,NA,7859,56.1752
2995,15130,root,0,NA,NA,15130,56.1694
2996,12632,root,0,NA,NA,12632,56.1637
2997,1362,root,0,NA,NA,1362,56.1621
2998,19081,root,0,NA,NA,19081,56.1614
2999,3353,root,0,NA,NA,3353,56.1597
3000,12572,root,0,NA,NA,12572,56.1536
3001,15319,root,0,NA,NA,15319,56.1465
3002,8900,root,0,NA,NA,8900,56.1454
3003,15674,root,0,NA,NA,15674,56.1292
3004,7847,root,0,NA,NA,7847,56.1285
3005,17603,root,0,NA,NA,17603,56.1251
3006,18147,root,0,NA,NA,18147,56.1245
3007,2955,root,0,NA,NA,2955,56.1233
3008,7368,root,0,NA,NA,7368,56.1213
3009,5582,root,0,NA,NA,5582,56.1079
3010,19599,root,0,NA,NA,19599,56.1058
3011,2449,root,0,NA,NA,2449,56.0956
3012,5990,root,0,NA,NA,5990,56.0943
3013,13025,root,0,NA,NA,13025,56.0927
3014,7953,root,0,NA,NA,7953,56.0818
3015,2352,root,0,NA,NA,2352,56.0716
3016,2934,root,0,NA,NA,2934,56.0703
3017,16151,root,0,NA,NA,16151,56.069
3018,10467,root,0,NA,NA,10467,56.0616
3019,10409,root,0,NA,NA,10409,56.0568
3020,19310,root,0,NA,NA,19310,56.0547
3021,11240,root,0,NA,NA,11240,56.0481
3022,5969,root,0,NA,NA,5969,56.0468
3023,4161,root,0,NA,NA,4161,56.0418
3024,7745,root,0,NA,NA,7745,56.0409
3025,19360,root,0,NA,NA,19360,56.0288
3026,2376,root,0,NA,NA,2376,56.0203
3027,17294,root,0,NA,NA,17294,56.0146
3028,12734,root,0,NA,NA,12734,56.0144
3029,8765,root,0,NA,NA,8765,56.0065
3030,11260,root,0,NA,NA,11260,56.0035
3031,18417,root,0,NA,NA,18417,55.993
3032,9812,root,0,NA,NA,9812,55.9808
3033,4401,root,0,NA,NA,4401,55.9807
3034,3458,root,0,NA,NA,3458,55.9728
3035,18826,root,0,NA,NA,18826,55.9684
3036,200,root,0,NA,NA,200,55.9659
3037,17665,root,0,NA,NA,17665,55.9619
3038,11766,root,0,NA,NA,11766,55.9567
3039,11538,root,0,NA,NA,11538,55.9566
3040,11460,root,0,NA,NA,11460,55.9359
3041,9412,root,0,NA,NA,9412,55.9346
3042,6880,root,0,NA,NA,6880,55.9345
3043,16397,root,0,NA,NA,16397,55.9341
3044,14230,root,0,NA,NA,14230,55.9299
3045,10781,root,0,NA,NA,10781,55.9291
3046,18738,root,0,NA,NA,18738,55.9251
3047,11651,root,0,NA,NA,11651,55.9237
3048,13329,root,0,NA,NA,13329,55.9229
3049,7433,root,0,NA,NA,7433,55.9163
3050,14352,root,0,NA,NA,14352,55.9118
3051,5603,root,0,NA,NA,5603,55.9076
3052,2060,root,0,NA,NA,2060,55.9057
3053,15929,root,0,NA,NA,15929,55.9012
3054,13376,root,0,NA,NA,13376,55.8964
3055,1207,root,0,NA,NA,1207,55.8936
3056,14053,root,0,NA,NA,14053,55.8835
3057,14129,root,0,NA,NA,14129,55.8777
3058,8033,root,0,NA,NA,8033,55.87
3059,5165,root,0,NA,NA,5165,55.8688
3060,8462,root,0,NA,NA,8462,55.8588
3061,12850,root,0,NA,NA,12850,55.8571
3062,14311,root,0,NA,NA,14311,55.853
3063,17040,root,0,NA,NA,17040,55.8528
3064,12884,root,0,NA,NA,12884,55.8484
3065,12205,root,0,NA,NA,12205,55.8418
3066,13229,root,0,NA,NA,13229,55.8383
3067,12048,root,0,NA,NA,12048,55.8335
3068,912,root,0,NA,NA,912,55.8322
3069,10831,root,0,NA,NA,10831,55.8295
3070,11541,root,0,NA,NA,11541,55.8257
3071,19437,root,0,NA,NA,19437,55.8166
3072,393,root,0,NA,NA,393,55.8043
3073,6136,root,0,NA,NA,6136,55.8035
3074,9022,root,0,NA,NA,9022,55.8019
3075,8054,root,0,NA,NA,8054,55.8005
3076,1929,root,0,NA,NA,1929,55.7998
3077,11664,root,0,NA,NA,11664,55.7794
3078,17002,root,0,NA,NA,17002,55.7738
3079,11387,root,0,NA,NA,11387,55.7599
3080,7846,root,0,NA,NA,7846,55.7556
3081,7032,root,0,NA,NA,7032,55.7498
3082,13931,root,0,NA,NA,13931,55.742
3083,8446,root,0,NA,NA,8446,55.733
3084,5150,root,0,NA,NA,5150,55.7319
3085,6818,root,0,NA,NA,6818,55.7211
3086,13452,root,0,NA,NA,13452,55.7167
3087,7286,root,0,NA,NA,7286,55.7161
3088,12193,root,0,NA,NA,12193,55.714
3089,18064,root,0,NA,NA,18064,55.7127
3090,13449,root,0,NA,NA,13449,55.7092
3091,15853,root,0,NA,NA,15853,55.7091
3092,6655,root,0,NA,NA,6655,55.7081
3093,8289,root,0,NA,NA,8289,55.7065
3094,17619,root,0,NA,NA,17619,55.7055
3095,7446,root,0,NA,NA,7446,55.7055
3096,7495,root,0,NA,NA,7495,55.6925
3097,18331,root,0,NA,NA,18331,55.6702
3098,16,root,0,NA,NA,16,55.663
3099,9834,root,0,NA,NA,9834,55.663
3100,7509,root,0,NA,NA,7509,55.6622
3101,2968,root,0,NA,NA,2968,55.661
3102,16561,root,0,NA,NA,16561,55.6455
3103,9946,root,0,NA,NA,9946,55.6419
3104,4967,root,0,NA,NA,4967,55.6385
3105,8928,root,0,NA,NA,8928,55.6351
3106,15206,root,0,NA,NA,15206,55.6343
3107,4690,root,0,NA,NA,4690,55.6331
3108,4698,root,0,NA,NA,4698,55.6331
3109,4703,root,0,NA,NA,4703,55.6331
3110,3176,root,0,NA,NA,3176,55.629
3111,10663,root,0,NA,NA,10663,55.6186
3112,8839,root,0,NA,NA,8839,55.6153
3113,10114,root,0,NA,NA,10114,55.6103
3114,13724,root,0,NA,NA,13724,55.6075
3115,9205,root,0,NA,NA,9205,55.604
3116,14410,root,0,NA,NA,14410,55.5938
3117,3789,root,0,NA,NA,3789,55.5889
3118,13944,root,0,NA,NA,13944,55.5847
3119,13399,root,0,NA,NA,13399,55.5821
3120,19965,root,0,NA,NA,19965,55.5784
3121,15899,root,0,NA,NA,15899,55.5682
3122,4757,root,0,NA,NA,4757,55.5645
3123,17397,root,0,NA,NA,17397,55.5635
3124,10643,root,0,NA,NA,10643,55.5541
3125,10046,root,0,NA,NA,10046,55.5492
3126,5521,root,0,NA,NA,5521,55.5447
3127,3476,root,0,NA,NA,3476,55.5389
3128,8589,root,0,NA,NA,8589,55.5382
3129,12478,root,0,NA,NA,12478,55.5341
3130,13915,root,0,NA,NA,13915,55.5284
3131,17068,root,0,NA,NA,17068,55.5282
3132,8503,root,0,NA,NA,8503,55.5244
3133,5059,root,0,NA,NA,5059,55.5234
3134,10224,root,0,NA,NA,10224,55.5204
3135,10857,root,0,NA,NA,10857,55.5139
3136,6121,root,0,NA,NA,6121,55.4924
3137,11428,root,0,NA,NA,11428,55.4915
3138,8938,root,0,NA,NA,8938,55.4885
3139,11687,root,0,NA,NA,11687,55.488
3140,15060,root,0,NA,NA,15060,55.4683
3141,1681,root,0,NA,NA,1681,55.4674
3142,1831,root,0,NA,NA,1831,55.4566
3143,14294,root,0,NA,NA,14294,55.4541
3144,6485,root,0,NA,NA,6485,55.4492
3145,16804,root,0,NA,NA,16804,55.4461
3146,1485,root,0,NA,NA,1485,55.4436
3147,16219,root,0,NA,NA,16219,55.4417
3148,742,root,0,NA,NA,742,55.432
3149,8571,root,0,NA,NA,8571,55.4217
3150,18433,root,0,NA,NA,18433,55.4159
3151,4365,root,0,NA,NA,4365,55.4154
3152,12601,root,0,NA,NA,12601,55.4139
3153,7972,root,0,NA,NA,7972,55.4126
3154,8876,root,0,NA,NA,8876,55.4121
3155,6409,root,0,NA,NA,6409,55.4075
3156,5911,root,0,NA,NA,5911,55.3753
3157,3652,root,0,NA,NA,3652,55.3632
3158,3657,root,0,NA,NA,3657,55.3632
3159,3665,root,0,NA,NA,3665,55.3632
3160,3670,root,0,NA,NA,3670,55.3632
3161,3673,root,0,NA,NA,3673,55.3632
3162,3678,root,0,NA,NA,3678,55.3632
3163,3686,root,0,NA,NA,3686,55.3632
3164,11002,root,0,NA,NA,11002,55.3557
3165,9925,root,0,NA,NA,9925,55.3481
3166,6855,root,0,NA,NA,6855,55.3274
3167,11310,root,0,NA,NA,11310,55.3263
3168,14214,root,0,NA,NA,14214,55.3219
3169,7871,root,0,NA,NA,7871,55.3204
3170,3800,root,0,NA,NA,3800,55.3157
3171,1251,root,0,NA,NA,1251,55.3141
3172,12143,root,0,NA,NA,12143,55.3081
3173,16350,root,0,NA,NA,16350,55.3064
3174,729,root,0,NA,NA,729,55.306
3175,17005,root,0,NA,NA,17005,55.2818
3176,2141,root,0,NA,NA,2141,55.2782
3177,477,root,0,NA,NA,477,55.2496
3178,1284,root,0,NA,NA,1284,55.2475
3179,8965,root,0,NA,NA,8965,55.247
3180,17013,root,0,NA,NA,17013,55.2453
3181,12785,root,0,NA,NA,12785,55.2443
3182,12125,root,0,NA,NA,12125,55.2433
3183,11117,root,0,NA,NA,11117,55.2356
3184,10577,root,0,NA,NA,10577,55.2307
3185,12684,root,0,NA,NA,12684,55.2296
3186,7860,root,0,NA,NA,7860,55.2289
3187,7863,root,0,NA,NA,7863,55.2289
3188,7868,root,0,NA,NA,7868,55.2289
3189,16890,root,0,NA,NA,16890,55.2274
3190,10019,root,0,NA,NA,10019,55.2207
3191,11714,root,0,NA,NA,11714,55.2183
3192,10776,root,0,NA,NA,10776,55.217
3193,12635,root,0,NA,NA,12635,55.2166
3194,17768,root,0,NA,NA,17768,55.2153
3195,836,root,0,NA,NA,836,55.1985
3196,10860,root,0,NA,NA,10860,55.1985
3197,6270,root,0,NA,NA,6270,55.198
3198,4443,root,0,NA,NA,4443,55.1903
3199,3208,root,0,NA,NA,3208,55.1871
3200,15667,root,0,NA,NA,15667,55.1831
3201,2691,root,0,NA,NA,2691,55.1807
3202,1000,root,0,NA,NA,1000,55.177
3203,3991,root,0,NA,NA,3991,55.1711
3204,19250,root,0,NA,NA,19250,55.1655
3205,4208,root,0,NA,NA,4208,55.1635
3206,8465,root,0,NA,NA,8465,55.1628
3207,8425,root,0,NA,NA,8425,55.157
3208,6486,root,0,NA,NA,6486,55.1513
3209,2436,root,0,NA,NA,2436,55.1428
3210,12764,root,0,NA,NA,12764,55.1334
3211,13949,root,0,NA,NA,13949,55.1285
3212,19418,root,0,NA,NA,19418,55.1265
3213,8642,root,0,NA,NA,8642,55.1255
3214,6634,root,0,NA,NA,6634,55.1189
3215,9258,root,0,NA,NA,9258,55.1179
3216,19388,root,0,NA,NA,19388,55.1083
3217,15095,root,0,NA,NA,15095,55.1081
3218,19361,root,0,NA,NA,19361,55.1079
3219,18764,root,0,NA,NA,18764,55.1056
3220,9917,root,0,NA,NA,9917,55.1049
3221,1441,root,0,NA,NA,1441,55.1042
3222,8619,root,0,NA,NA,8619,55.0995
3223,7316,root,0,NA,NA,7316,55.0958
3224,18797,root,0,NA,NA,18797,55.0952
3225,19055,root,0,NA,NA,19055,55.0949
3226,13549,root,0,NA,NA,13549,55.0931
3227,1607,root,0,NA,NA,1607,55.0904
3228,6357,root,0,NA,NA,6357,55.0809
3229,8407,root,0,NA,NA,8407,55.0785
3230,1105,root,0,NA,NA,1105,55.0775
3231,6418,root,0,NA,NA,6418,55.075
3232,17479,root,0,NA,NA,17479,55.0664
3233,3978,root,0,NA,NA,3978,55.0493
3234,17246,root,0,NA,NA,17246,55.0471
3235,12153,root,0,NA,NA,12153,55.0448
3236,10603,root,0,NA,NA,10603,55.0433
3237,1653,root,0,NA,NA,1653,55.0228
3238,7469,root,0,NA,NA,7469,55.0196
3239,7308,root,0,NA,NA,7308,55.019
3240,11263,root,0,NA,NA,11263,55.0168
3241,16394,root,0,NA,NA,16394,55.0167
3242,10166,root,0,NA,NA,10166,55.0121
3243,3018,root,0,NA,NA,3018,55.0113
3244,1543,root,0,NA,NA,1543,55.0096
3245,18793,root,0,NA,NA,18793,55.006
3246,881,root,0,NA,NA,881,55.0044
3247,7254,root,0,NA,NA,7254,55.0012
3248,10006,root,0,NA,NA,10006,54.9884
3249,7075,root,0,NA,NA,7075,54.9883
3250,9146,root,0,NA,NA,9146,54.9818
3251,3375,root,0,NA,NA,3375,54.9797
3252,3380,root,0,NA,NA,3380,54.9797
3253,3383,root,0,NA,NA,3383,54.9797
3254,3388,root,0,NA,NA,3388,54.9797
3255,3396,root,0,NA,NA,3396,54.9797
3256,3401,root,0,NA,NA,3401,54.9797
3257,3404,root,0,NA,NA,3404,54.9797
3258,3409,root,0,NA,NA,3409,54.9797
3259,3414,root,0,NA,NA,3414,54.9797
3260,3417,root,0,NA,NA,3417,54.9797
3261,9948,root,0,NA,NA,9948,54.9664
3262,441,root,0,NA,NA,441,54.9647
3263,8203,root,0,NA,NA,8203,54.9626
3264,8996,root,0,NA,NA,8996,54.9624
3265,3875,root,0,NA,NA,3875,54.9587
3266,18445,root,0,NA,NA,18445,54.9441
3267,10077,root,0,NA,NA,10077,54.9429
3268,18774,root,0,NA,NA,18774,54.9391
3269,14108,root,0,NA,NA,14108,54.9374
3270,11446,root,0,NA,NA,11446,54.9369
3271,10407,root,0,NA,NA,10407,54.9344
3272,50,root,0,NA,NA,50,54.9324
3273,14117,root,0,NA,NA,14117,54.9314
3274,5449,root,0,NA,NA,5449,54.9165
3275,18733,root,0,NA,NA,18733,54.9122
3276,15196,root,0,NA,NA,15196,54.9038
3277,15240,root,0,NA,NA,15240,54.9007
3278,8600,root,0,NA,NA,8600,54.9
3279,15677,root,0,NA,NA,15677,54.8989
3280,11386,root,0,NA,NA,11386,54.8928
3281,19990,root,0,NA,NA,19990,54.8901
3282,3298,root,0,NA,NA,3298,54.888
3283,304,root,0,NA,NA,304,54.8868
3284,7097,root,0,NA,NA,7097,54.8864
3285,14947,root,0,NA,NA,14947,54.8851
3286,12381,root,0,NA,NA,12381,54.878
3287,1034,root,0,NA,NA,1034,54.8765
3288,14825,root,0,NA,NA,14825,54.8745
3289,9596,root,0,NA,NA,9596,54.8661
3290,15243,root,0,NA,NA,15243,54.859
3291,1881,root,0,NA,NA,1881,54.8546
3292,9681,root,0,NA,NA,9681,54.8532
3293,5701,root,0,NA,NA,5701,54.8531
3294,2396,root,0,NA,NA,2396,54.8513
3295,9776,root,0,NA,NA,9776,54.8419
3296,8763,root,0,NA,NA,8763,54.8314
3297,17974,root,0,NA,NA,17974,54.8221
3298,14701,root,0,NA,NA,14701,54.8218
3299,7601,root,0,NA,NA,7601,54.8205
3300,4346,root,0,NA,NA,4346,54.8077
3301,11112,root,0,NA,NA,11112,54.8041
3302,10580,root,0,NA,NA,10580,54.7929
3303,11441,root,0,NA,NA,11441,54.7756
3304,16568,root,0,NA,NA,16568,54.769
3305,5864,root,0,NA,NA,5864,54.7663
3306,11080,root,0,NA,NA,11080,54.7637
3307,10640,root,0,NA,NA,10640,54.7622
3308,6402,root,0,NA,NA,6402,54.7615
3309,13395,root,0,NA,NA,13395,54.7595
3310,4325,root,0,NA,NA,4325,54.7576
3311,331,root,0,NA,NA,331,54.7515
3312,16225,root,0,NA,NA,16225,54.7414
3313,9056,root,0,NA,NA,9056,54.7293
3314,1866,root,0,NA,NA,1866,54.7257
3315,19991,root,0,NA,NA,19991,54.7226
3316,5775,root,0,NA,NA,5775,54.7212
3317,17063,root,0,NA,NA,17063,54.7201
3318,6103,root,0,NA,NA,6103,54.7191
3319,7501,root,0,NA,NA,7501,54.7135
3320,10991,root,0,NA,NA,10991,54.7133
3321,18284,root,0,NA,NA,18284,54.713
3322,7376,root,0,NA,NA,7376,54.7041
3323,9016,root,0,NA,NA,9016,54.7016
3324,11006,root,0,NA,NA,11006,54.6976
3325,18289,root,0,NA,NA,18289,54.691
3326,12900,root,0,NA,NA,12900,54.6887
3327,8347,root,0,NA,NA,8347,54.6873
3328,3702,root,0,NA,NA,3702,54.6773
3329,9865,root,0,NA,NA,9865,54.6705
3330,8373,root,0,NA,NA,8373,54.6671
3331,1344,root,0,NA,NA,1344,54.659
3332,17185,root,0,NA,NA,17185,54.6563
3333,13934,root,0,NA,NA,13934,54.6471
3334,10811,root,0,NA,NA,10811,54.64
3335,19617,root,0,NA,NA,19617,54.6395
3336,6454,root,0,NA,NA,6454,54.6348
3337,4061,root,0,NA,NA,4061,54.6323
3338,17457,root,0,NA,NA,17457,54.6246
3339,4380,root,0,NA,NA,4380,54.611
3340,13821,root,0,NA,NA,13821,54.6061
3341,5519,root,0,NA,NA,5519,54.6051
3342,7369,root,0,NA,NA,7369,54.6023
3343,11504,root,0,NA,NA,11504,54.6002
3344,318,root,0,NA,NA,318,54.5994
3345,18839,root,0,NA,NA,18839,54.5963
3346,4826,root,0,NA,NA,4826,54.5934
3347,10017,root,0,NA,NA,10017,54.5899
3348,16699,root,0,NA,NA,16699,54.5885
3349,12666,root,0,NA,NA,12666,54.5853
3350,1021,root,0,NA,NA,1021,54.5849
3351,14355,root,0,NA,NA,14355,54.5841
3352,9896,root,0,NA,NA,9896,54.5786
3353,766,root,0,NA,NA,766,54.5775
3354,15975,root,0,NA,NA,15975,54.5769
3355,11064,root,0,NA,NA,11064,54.5694
3356,18575,root,0,NA,NA,18575,54.5677
3357,12774,root,0,NA,NA,12774,54.5622
3358,10320,root,0,NA,NA,10320,54.556
3359,7256,root,0,NA,NA,7256,54.5529
3360,462,root,0,NA,NA,462,54.5485
3361,1771,root,0,NA,NA,1771,54.542
3362,992,root,0,NA,NA,992,54.5282
3363,186,root,0,NA,NA,186,54.5262
3364,199,root,0,NA,NA,199,54.5262
3365,207,root,0,NA,NA,207,54.5262
3366,212,root,0,NA,NA,212,54.5262
3367,220,root,0,NA,NA,220,54.5262
3368,18823,root,0,NA,NA,18823,54.525
3369,8744,root,0,NA,NA,8744,54.523
3370,12669,root,0,NA,NA,12669,54.5223
3371,3918,root,0,NA,NA,3918,54.5192
3372,19240,root,0,NA,NA,19240,54.5135
3373,12768,root,0,NA,NA,12768,54.5003
3374,7561,root,0,NA,NA,7561,54.4982
3375,11247,root,0,NA,NA,11247,54.4963
3376,4176,root,0,NA,NA,4176,54.4905
3377,9502,root,0,NA,NA,9502,54.4903
3378,10014,root,0,NA,NA,10014,54.4885
3379,10011,root,0,NA,NA,10011,54.4857
3380,11286,root,0,NA,NA,11286,54.4826
3381,14111,root,0,NA,NA,14111,54.4817
3382,791,root,0,NA,NA,791,54.4804
3383,2365,root,0,NA,NA,2365,54.4692
3384,15865,root,0,NA,NA,15865,54.4669
3385,19372,root,0,NA,NA,19372,54.462
3386,5100,root,0,NA,NA,5100,54.4605
3387,1115,root,0,NA,NA,1115,54.4556
3388,7027,root,0,NA,NA,7027,54.4505
3389,10098,root,0,NA,NA,10098,54.4473
3390,11444,root,0,NA,NA,11444,54.4469
3391,5616,root,0,NA,NA,5616,54.4443
3392,5555,root,0,NA,NA,5555,54.4424
3393,18825,root,0,NA,NA,18825,54.4416
3394,2663,root,0,NA,NA,2663,54.434
3395,16409,root,0,NA,NA,16409,54.432
3396,16386,root,0,NA,NA,16386,54.4254
3397,10263,root,0,NA,NA,10263,54.4165
3398,10905,root,0,NA,NA,10905,54.4137
3399,8847,root,0,NA,NA,8847,54.4128
3400,15420,root,0,NA,NA,15420,54.4086
3401,3751,root,0,NA,NA,3751,54.4049
3402,10101,root,0,NA,NA,10101,54.4006
3403,13928,root,0,NA,NA,13928,54.3929
3404,9694,root,0,NA,NA,9694,54.3819
3405,15672,root,0,NA,NA,15672,54.3773
3406,5930,root,0,NA,NA,5930,54.3727
3407,17963,root,0,NA,NA,17963,54.3725
3408,8336,root,0,NA,NA,8336,54.3711
3409,10016,root,0,NA,NA,10016,54.3707
3410,9,root,0,NA,NA,9,54.3663
3411,12435,root,0,NA,NA,12435,54.3536
3412,3610,root,0,NA,NA,3610,54.353
3413,9503,root,0,NA,NA,9503,54.3481
3414,15612,root,0,NA,NA,15612,54.3422
3415,3027,root,0,NA,NA,3027,54.3238
3416,3359,root,0,NA,NA,3359,54.3223
3417,13544,root,0,NA,NA,13544,54.3196
3418,10540,root,0,NA,NA,10540,54.3183
3419,18259,root,0,NA,NA,18259,54.3163
3420,4098,root,0,NA,NA,4098,54.304
3421,2061,root,0,NA,NA,2061,54.296
3422,11491,root,0,NA,NA,11491,54.2953
3423,18479,root,0,NA,NA,18479,54.2937
3424,9514,root,0,NA,NA,9514,54.2892
3425,4333,root,0,NA,NA,4333,54.2872
3426,1149,root,0,NA,NA,1149,54.2837
3427,763,root,0,NA,NA,763,54.2784
3428,16415,root,0,NA,NA,16415,54.2711
3429,19414,root,0,NA,NA,19414,54.2705
3430,1425,root,0,NA,NA,1425,54.2699
3431,4454,root,0,NA,NA,4454,54.2616
3432,7406,root,0,NA,NA,7406,54.2576
3433,17109,root,0,NA,NA,17109,54.2544
3434,1094,root,0,NA,NA,1094,54.2457
3435,9024,root,0,NA,NA,9024,54.2445
3436,8908,root,0,NA,NA,8908,54.2371
3437,16662,root,0,NA,NA,16662,54.2343
3438,5047,root,0,NA,NA,5047,54.2341
3439,1648,root,0,NA,NA,1648,54.2306
3440,8312,root,0,NA,NA,8312,54.2286
3441,10661,root,0,NA,NA,10661,54.225
3442,15971,root,0,NA,NA,15971,54.223
3443,6323,root,0,NA,NA,6323,54.2223
3444,8731,root,0,NA,NA,8731,54.2101
3445,13688,root,0,NA,NA,13688,54.2096
3446,1026,root,0,NA,NA,1026,54.2072
3447,14407,root,0,NA,NA,14407,54.2067
3448,10582,root,0,NA,NA,10582,54.2049
3449,15127,root,0,NA,NA,15127,54.1986
3450,15172,root,0,NA,NA,15172,54.1891
3451,11339,root,0,NA,NA,11339,54.1798
3452,11090,root,0,NA,NA,11090,54.1748
3453,5440,root,0,NA,NA,5440,54.1723
3454,12858,root,0,NA,NA,12858,54.172
3455,5857,root,0,NA,NA,5857,54.1659
3456,4672,root,0,NA,NA,4672,54.1568
3457,16955,root,0,NA,NA,16955,54.1566
3458,18808,root,0,NA,NA,18808,54.1547
3459,14090,root,0,NA,NA,14090,54.1436
3460,6715,root,0,NA,NA,6715,54.1307
3461,7313,root,0,NA,NA,7313,54.1297
3462,3332,root,0,NA,NA,3332,54.1241
3463,16222,root,0,NA,NA,16222,54.1208
3464,11135,root,0,NA,NA,11135,54.1163
3465,950,root,0,NA,NA,950,54.1137
3466,1640,root,0,NA,NA,1640,54.105
3467,3017,root,0,NA,NA,3017,54.1013
3468,153,root,0,NA,NA,153,54.1008
3469,2212,root,0,NA,NA,2212,54.0979
3470,10355,root,0,NA,NA,10355,54.0963
3471,9716,root,0,NA,NA,9716,54.0923
3472,9867,root,0,NA,NA,9867,54.092
3473,975,root,0,NA,NA,975,54.079
3474,11245,root,0,NA,NA,11245,54.0732
3475,988,root,0,NA,NA,988,54.0713
3476,11552,root,0,NA,NA,11552,54.0698
3477,9585,root,0,NA,NA,9585,54.069
3478,9938,root,0,NA,NA,9938,54.0649
3479,18287,root,0,NA,NA,18287,54.0646
3480,12180,root,0,NA,NA,12180,54.0633
3481,1486,root,0,NA,NA,1486,54.0625
3482,11384,root,0,NA,NA,11384,54.0613
3483,14170,root,0,NA,NA,14170,54.0583
3484,2040,root,0,NA,NA,2040,54.0469
3485,17520,root,0,NA,NA,17520,54.0392
3486,16197,root,0,NA,NA,16197,54.0342
3487,4875,root,0,NA,NA,4875,54.0214
3488,5812,root,0,NA,NA,5812,54.0096
3489,8017,root,0,NA,NA,8017,54.0071
3490,11082,root,0,NA,NA,11082,54.0058
3491,43,root,0,NA,NA,43,54.0052
3492,9143,root,0,NA,NA,9143,53.9923
3493,3644,root,0,NA,NA,3644,53.9867
3494,3501,root,0,NA,NA,3501,53.9848
3495,6990,root,0,NA,NA,6990,53.9835
3496,10739,root,0,NA,NA,10739,53.9807
3497,13727,root,0,NA,NA,13727,53.978
3498,8101,root,0,NA,NA,8101,53.9728
3499,1005,root,0,NA,NA,1005,53.9658
3500,13124,root,0,NA,NA,13124,53.9626
3501,19238,root,0,NA,NA,19238,53.9625
3502,10035,root,0,NA,NA,10035,53.9578
3503,7304,root,0,NA,NA,7304,53.9544
3504,7737,root,0,NA,NA,7737,53.9501
3505,6575,root,0,NA,NA,6575,53.9468
3506,4708,root,0,NA,NA,4708,53.9439
3507,10161,root,0,NA,NA,10161,53.9436
3508,3086,root,0,NA,NA,3086,53.9391
3509,10853,root,0,NA,NA,10853,53.9381
3510,15201,root,0,NA,NA,15201,53.9314
3511,15893,root,0,NA,NA,15893,53.9309
3512,5331,root,0,NA,NA,5331,53.9264
3513,7643,root,0,NA,NA,7643,53.9186
3514,12729,root,0,NA,NA,12729,53.9182
3515,6360,root,0,NA,NA,6360,53.9157
3516,6567,root,0,NA,NA,6567,53.9043
3517,8708,root,0,NA,NA,8708,53.904
3518,2137,root,0,NA,NA,2137,53.904
3519,19376,root,0,NA,NA,19376,53.8944
3520,10151,root,0,NA,NA,10151,53.8941
3521,9027,root,0,NA,NA,9027,53.8928
3522,12206,root,0,NA,NA,12206,53.8913
3523,4267,root,0,NA,NA,4267,53.8863
3524,10381,root,0,NA,NA,10381,53.8859
3525,3878,root,0,NA,NA,3878,53.8836
3526,12629,root,0,NA,NA,12629,53.8836
3527,19027,root,0,NA,NA,19027,53.8829
3528,8461,root,0,NA,NA,8461,53.8783
3529,5329,root,0,NA,NA,5329,53.8703
3530,2158,root,0,NA,NA,2158,53.8576
3531,13551,root,0,NA,NA,13551,53.8407
3532,7024,root,0,NA,NA,7024,53.839
3533,6446,root,0,NA,NA,6446,53.8376
3534,9423,root,0,NA,NA,9423,53.8376
3535,5410,root,0,NA,NA,5410,53.8334
3536,3051,root,0,NA,NA,3051,53.8282
3537,10986,root,0,NA,NA,10986,53.8202
3538,17734,root,0,NA,NA,17734,53.82
3539,19464,root,0,NA,NA,19464,53.8185
3540,14116,root,0,NA,NA,14116,53.8162
3541,13499,root,0,NA,NA,13499,53.8122
3542,11375,root,0,NA,NA,11375,53.8012
3543,8381,root,0,NA,NA,8381,53.7999
3544,15782,root,0,NA,NA,15782,53.7988
3545,10234,root,0,NA,NA,10234,53.7978
3546,11370,root,0,NA,NA,11370,53.7963
3547,2027,root,0,NA,NA,2027,53.7844
3548,7371,root,0,NA,NA,7371,53.7834
3549,3056,root,0,NA,NA,3056,53.7811
3550,10690,root,0,NA,NA,10690,53.7782
3551,13511,root,0,NA,NA,13511,53.7764
3552,17245,root,0,NA,NA,17245,53.765
3553,586,root,0,NA,NA,586,53.7642
3554,6732,root,0,NA,NA,6732,53.7616
3555,12745,root,0,NA,NA,12745,53.7569
3556,5107,root,0,NA,NA,5107,53.7564
3557,17689,root,0,NA,NA,17689,53.7504
3558,11421,root,0,NA,NA,11421,53.7504
3559,13428,root,0,NA,NA,13428,53.7474
3560,19455,root,0,NA,NA,19455,53.7468
3561,6186,root,0,NA,NA,6186,53.7389
3562,11671,root,0,NA,NA,11671,53.7377
3563,11292,root,0,NA,NA,11292,53.7363
3564,15057,root,0,NA,NA,15057,53.7353
3565,1912,root,0,NA,NA,1912,53.7317
3566,16236,root,0,NA,NA,16236,53.7314
3567,1292,root,0,NA,NA,1292,53.728
3568,10695,root,0,NA,NA,10695,53.7278
3569,521,root,0,NA,NA,521,53.7275
3570,8077,root,0,NA,NA,8077,53.7147
3571,17478,root,0,NA,NA,17478,53.7042
3572,10177,root,0,NA,NA,10177,53.6923
3573,13378,root,0,NA,NA,13378,53.6907
3574,9308,root,0,NA,NA,9308,53.688
3575,18155,root,0,NA,NA,18155,53.6876
3576,4749,root,0,NA,NA,4749,53.6797
3577,19610,root,0,NA,NA,19610,53.6743
3578,10829,root,0,NA,NA,10829,53.6719
3579,13675,root,0,NA,NA,13675,53.6689
3580,628,root,0,NA,NA,628,53.6666
3581,8430,root,0,NA,NA,8430,53.6598
3582,174,root,0,NA,NA,174,53.6584
3583,6582,root,0,NA,NA,6582,53.6522
3584,2595,root,0,NA,NA,2595,53.6483
3585,8477,root,0,NA,NA,8477,53.6392
3586,12761,root,0,NA,NA,12761,53.6346
3587,7779,root,0,NA,NA,7779,53.6331
3588,19606,root,0,NA,NA,19606,53.6312
3589,356,root,0,NA,NA,356,53.6188
3590,14312,root,0,NA,NA,14312,53.6092
3591,8884,root,0,NA,NA,8884,53.5999
3592,15526,root,0,NA,NA,15526,53.5991
3593,13823,root,0,NA,NA,13823,53.5877
3594,7800,root,0,NA,NA,7800,53.5867
3595,7807,root,0,NA,NA,7807,53.5802
3596,16271,root,0,NA,NA,16271,53.5794
3597,3671,root,0,NA,NA,3671,53.579
3598,6553,root,0,NA,NA,6553,53.5788
3599,8799,root,0,NA,NA,8799,53.5644
3600,2284,root,0,NA,NA,2284,53.5642
3601,1887,root,0,NA,NA,1887,53.5548
3602,2866,root,0,NA,NA,2866,53.5499
3603,14871,root,0,NA,NA,14871,53.5498
3604,1322,root,0,NA,NA,1322,53.5488
3605,14675,root,0,NA,NA,14675,53.5395
3606,10072,root,0,NA,NA,10072,53.5348
3607,2170,root,0,NA,NA,2170,53.5333
3608,17484,root,0,NA,NA,17484,53.5294
3609,3043,root,0,NA,NA,3043,53.5287
3610,16373,root,0,NA,NA,16373,53.5239
3611,1271,root,0,NA,NA,1271,53.5215
3612,954,root,0,NA,NA,954,53.5172
3613,16221,root,0,NA,NA,16221,53.5154
3614,15408,root,0,NA,NA,15408,53.4994
3615,4739,root,0,NA,NA,4739,53.499
3616,15292,root,0,NA,NA,15292,53.4953
3617,3048,root,0,NA,NA,3048,53.4942
3618,335,root,0,NA,NA,335,53.4835
3619,10083,root,0,NA,NA,10083,53.4802
3620,17649,root,0,NA,NA,17649,53.4791
3621,11488,root,0,NA,NA,11488,53.478
3622,2768,root,0,NA,NA,2768,53.4675
3623,8986,root,0,NA,NA,8986,53.4648
3624,10862,root,0,NA,NA,10862,53.463
3625,10048,root,0,NA,NA,10048,53.4584
3626,7189,root,0,NA,NA,7189,53.458
3627,7192,root,0,NA,NA,7192,53.458
3628,7197,root,0,NA,NA,7197,53.458
3629,11457,root,0,NA,NA,11457,53.4576
3630,7248,root,0,NA,NA,7248,53.4499
3631,7451,root,0,NA,NA,7451,53.4494
3632,16933,root,0,NA,NA,16933,53.4464
3633,3063,root,0,NA,NA,3063,53.4464
3634,6373,root,0,NA,NA,6373,53.4437
3635,15924,root,0,NA,NA,15924,53.4389
3636,15905,root,0,NA,NA,15905,53.4386
3637,4056,root,0,NA,NA,4056,53.4368
3638,17527,root,0,NA,NA,17527,53.428
3639,11404,root,0,NA,NA,11404,53.4277
3640,6750,root,0,NA,NA,6750,53.4262
3641,12033,root,0,NA,NA,12033,53.4247
3642,4687,root,0,NA,NA,4687,53.4235
3643,14172,root,0,NA,NA,14172,53.4203
3644,9954,root,0,NA,NA,9954,53.4111
3645,3116,root,0,NA,NA,3116,53.4097
3646,8367,root,0,NA,NA,8367,53.4081
3647,18895,root,0,NA,NA,18895,53.4058
3648,8148,root,0,NA,NA,8148,53.4053
3649,4279,root,0,NA,NA,4279,53.3985
3650,10119,root,0,NA,NA,10119,53.3948
3651,5980,root,0,NA,NA,5980,53.3897
3652,10881,root,0,NA,NA,10881,53.3889
3653,14140,root,0,NA,NA,14140,53.3876
3654,19063,root,0,NA,NA,19063,53.3873
3655,3763,root,0,NA,NA,3763,53.3873
3656,16482,root,0,NA,NA,16482,53.386
3657,14106,root,0,NA,NA,14106,53.3801
3658,14645,root,0,NA,NA,14645,53.3792
3659,3328,root,0,NA,NA,3328,53.3738
3660,872,root,0,NA,NA,872,53.3732
3661,2124,root,0,NA,NA,2124,53.3685
3662,7873,root,0,NA,NA,7873,53.3676
3663,16303,root,0,NA,NA,16303,53.3671
3664,3275,root,0,NA,NA,3275,53.3593
3665,2425,root,0,NA,NA,2425,53.3503
3666,678,root,0,NA,NA,678,53.3458
3667,1661,root,0,NA,NA,1661,53.3429
3668,5187,root,0,NA,NA,5187,53.335
3669,5253,root,0,NA,NA,5253,53.3249
3670,8878,root,0,NA,NA,8878,53.3136
3671,4378,root,0,NA,NA,4378,53.3124
3672,18544,root,0,NA,NA,18544,53.3121
3673,386,root,0,NA,NA,386,53.3076
3674,10167,root,0,NA,NA,10167,53.3043
3675,19411,root,0,NA,NA,19411,53.303
3676,352,root,0,NA,NA,352,53.2989
3677,12053,root,0,NA,NA,12053,53.2962
3678,9773,root,0,NA,NA,9773,53.2956
3679,12585,root,0,NA,NA,12585,53.2937
3680,9020,root,0,NA,NA,9020,53.2893
3681,12608,root,0,NA,NA,12608,53.2888
3682,7041,root,0,NA,NA,7041,53.2783
3683,14973,root,0,NA,NA,14973,53.2688
3684,9915,root,0,NA,NA,9915,53.2648
3685,500,root,0,NA,NA,500,53.2619
3686,5237,root,0,NA,NA,5237,53.2599
3687,3307,root,0,NA,NA,3307,53.2597
3688,15366,root,0,NA,NA,15366,53.2573
3689,4926,root,0,NA,NA,4926,53.2533
3690,9768,root,0,NA,NA,9768,53.2486
3691,7351,root,0,NA,NA,7351,53.2475
3692,17247,root,0,NA,NA,17247,53.2398
3693,11669,root,0,NA,NA,11669,53.2354
3694,13307,root,0,NA,NA,13307,53.2339
3695,3581,root,0,NA,NA,3581,53.2318
3696,7854,root,0,NA,NA,7854,53.2235
3697,1018,root,0,NA,NA,1018,53.2234
3698,12473,root,0,NA,NA,12473,53.2209
3699,4621,root,0,NA,NA,4621,53.2204
3700,2218,root,0,NA,NA,2218,53.2144
3701,5060,root,0,NA,NA,5060,53.2027
3702,14314,root,0,NA,NA,14314,53.1995
3703,5051,root,0,NA,NA,5051,53.1995
3704,594,root,0,NA,NA,594,53.1921
3705,7493,root,0,NA,NA,7493,53.1913
3706,5759,root,0,NA,NA,5759,53.1909
3707,3750,root,0,NA,NA,3750,53.1897
3708,8905,root,0,NA,NA,8905,53.1821
3709,419,root,0,NA,NA,419,53.1782
3710,712,root,0,NA,NA,712,53.1748
3711,6535,root,0,NA,NA,6535,53.1685
3712,8496,root,0,NA,NA,8496,53.1668
3713,11258,root,0,NA,NA,11258,53.1655
3714,7805,root,0,NA,NA,7805,53.1571
3715,7813,root,0,NA,NA,7813,53.1571
3716,13425,root,0,NA,NA,13425,53.1497
3717,9557,root,0,NA,NA,9557,53.1424
3718,7325,root,0,NA,NA,7325,53.1371
3719,716,root,0,NA,NA,716,53.1351
3720,13536,root,0,NA,NA,13536,53.1266
3721,18286,root,0,NA,NA,18286,53.1215
3722,19076,root,0,NA,NA,19076,53.1209
3723,8292,root,0,NA,NA,8292,53.1202
3724,10721,root,0,NA,NA,10721,53.1157
3725,2022,root,0,NA,NA,2022,53.1136
3726,14240,root,0,NA,NA,14240,53.106
3727,4862,root,0,NA,NA,4862,53.1019
3728,3957,root,0,NA,NA,3957,53.0915
3729,2331,root,0,NA,NA,2331,53.0906
3730,2116,root,0,NA,NA,2116,53.0826
3731,322,root,0,NA,NA,322,53.0737
3732,1627,root,0,NA,NA,1627,53.0636
3733,2704,root,0,NA,NA,2704,53.0636
3734,2712,root,0,NA,NA,2712,53.0636
3735,2717,root,0,NA,NA,2717,53.0636
3736,2725,root,0,NA,NA,2725,53.0636
3737,2733,root,0,NA,NA,2733,53.0636
3738,2738,root,0,NA,NA,2738,53.0636
3739,8482,root,0,NA,NA,8482,53.0609
3740,6527,root,0,NA,NA,6527,53.0525
3741,607,root,0,NA,NA,607,53.0487
3742,4320,root,0,NA,NA,4320,53.0467
3743,3366,root,0,NA,NA,3366,53.0458
3744,3022,root,0,NA,NA,3022,53.0446
3745,10826,root,0,NA,NA,10826,53.0258
3746,7516,root,0,NA,NA,7516,53.0245
3747,3556,root,0,NA,NA,3556,53.0144
3748,2191,root,0,NA,NA,2191,53.0142
3749,4240,root,0,NA,NA,4240,53.0112
3750,6834,root,0,NA,NA,6834,53.01
3751,3035,root,0,NA,NA,3035,53.009
3752,5686,root,0,NA,NA,5686,53.0084
3753,2211,root,0,NA,NA,2211,53.0071
3754,8499,root,0,NA,NA,8499,53.0068
3755,1031,root,0,NA,NA,1031,53.0063
3756,8936,root,0,NA,NA,8936,53.0058
3757,9200,root,0,NA,NA,9200,53.0048
3758,9923,root,0,NA,NA,9923,53.0034
3759,15505,root,0,NA,NA,15505,52.9985
3760,10844,root,0,NA,NA,10844,52.9931
3761,868,root,0,NA,NA,868,52.9871
3762,18745,root,0,NA,NA,18745,52.9826
3763,5204,root,0,NA,NA,5204,52.9826
3764,13743,root,0,NA,NA,13743,52.9813
3765,483,root,0,NA,NA,483,52.9797
3766,1519,root,0,NA,NA,1519,52.9731
3767,10198,root,0,NA,NA,10198,52.9731
3768,4844,root,0,NA,NA,4844,52.972
3769,9535,root,0,NA,NA,9535,52.9681
3770,10423,root,0,NA,NA,10423,52.968
3771,16651,root,0,NA,NA,16651,52.9602
3772,71,root,0,NA,NA,71,52.9601
3773,10292,root,0,NA,NA,10292,52.9597
3774,2356,root,0,NA,NA,2356,52.9571
3775,15255,root,0,NA,NA,15255,52.9516
3776,4762,root,0,NA,NA,4762,52.9509
3777,8504,root,0,NA,NA,8504,52.9506
3778,19620,root,0,NA,NA,19620,52.9492
3779,3294,root,0,NA,NA,3294,52.9472
3780,14908,root,0,NA,NA,14908,52.9414
3781,10708,root,0,NA,NA,10708,52.9222
3782,9928,root,0,NA,NA,9928,52.9213
3783,1909,root,0,NA,NA,1909,52.9108
3784,12080,root,0,NA,NA,12080,52.9073
3785,7314,root,0,NA,NA,7314,52.9058
3786,14242,root,0,NA,NA,14242,52.9056
3787,4427,root,0,NA,NA,4427,52.9004
3788,12128,root,0,NA,NA,12128,52.8952
3789,9064,root,0,NA,NA,9064,52.8893
3790,5186,root,0,NA,NA,5186,52.887
3791,11341,root,0,NA,NA,11341,52.886
3792,11001,root,0,NA,NA,11001,52.8851
3793,2344,root,0,NA,NA,2344,52.8848
3794,13818,root,0,NA,NA,13818,52.8838
3795,6546,root,0,NA,NA,6546,52.8759
3796,8341,root,0,NA,NA,8341,52.8726
3797,4338,root,0,NA,NA,4338,52.8552
3798,11431,root,0,NA,NA,11431,52.8544
3799,10656,root,0,NA,NA,10656,52.8476
3800,14764,root,0,NA,NA,14764,52.8455
3801,246,root,0,NA,NA,246,52.8421
3802,3650,root,0,NA,NA,3650,52.8357
3803,12107,root,0,NA,NA,12107,52.8353
3804,11336,root,0,NA,NA,11336,52.8317
3805,14891,root,0,NA,NA,14891,52.8313
3806,56,root,0,NA,NA,56,52.8303
3807,17601,root,0,NA,NA,17601,52.8268
3808,9164,root,0,NA,NA,9164,52.8251
3809,6955,root,0,NA,NA,6955,52.8241
3810,3742,root,0,NA,NA,3742,52.8191
3811,1967,root,0,NA,NA,1967,52.8053
3812,10049,root,0,NA,NA,10049,52.8028
3813,3518,root,0,NA,NA,3518,52.7977
3814,19359,root,0,NA,NA,19359,52.7935
3815,6763,root,0,NA,NA,6763,52.7892
3816,12808,root,0,NA,NA,12808,52.7775
3817,13722,root,0,NA,NA,13722,52.7734
3818,3780,root,0,NA,NA,3780,52.7709
3819,6192,root,0,NA,NA,6192,52.7695
3820,2844,root,0,NA,NA,2844,52.7685
3821,16745,root,0,NA,NA,16745,52.7669
3822,4189,root,0,NA,NA,4189,52.7625
3823,7246,root,0,NA,NA,7246,52.7613
3824,11051,root,0,NA,NA,11051,52.7608
3825,3030,root,0,NA,NA,3030,52.7545
3826,3040,root,0,NA,NA,3040,52.7524
3827,17286,root,0,NA,NA,17286,52.7505
3828,14332,root,0,NA,NA,14332,52.7493
3829,1008,root,0,NA,NA,1008,52.7393
3830,18124,root,0,NA,NA,18124,52.7375
3831,6985,root,0,NA,NA,6985,52.7375
3832,13546,root,0,NA,NA,13546,52.7332
3833,18659,root,0,NA,NA,18659,52.7292
3834,1201,root,0,NA,NA,1201,52.7236
3835,2913,root,0,NA,NA,2913,52.7113
3836,12334,root,0,NA,NA,12334,52.7035
3837,13900,root,0,NA,NA,13900,52.7013
3838,1029,root,0,NA,NA,1029,52.6904
3839,7994,root,0,NA,NA,7994,52.6895
3840,9522,root,0,NA,NA,9522,52.6862
3841,2574,root,0,NA,NA,2574,52.6859
3842,5046,root,0,NA,NA,5046,52.6839
3843,2589,root,0,NA,NA,2589,52.6833
3844,18732,root,0,NA,NA,18732,52.6676
3845,6982,root,0,NA,NA,6982,52.6673
3846,12104,root,0,NA,NA,12104,52.6646
3847,5441,root,0,NA,NA,5441,52.6595
3848,5137,root,0,NA,NA,5137,52.657
3849,1988,root,0,NA,NA,1988,52.6553
3850,12328,root,0,NA,NA,12328,52.6553
3851,7838,root,0,NA,NA,7838,52.6519
3852,2697,root,0,NA,NA,2697,52.6497
3853,19462,root,0,NA,NA,19462,52.6451
3854,17116,root,0,NA,NA,17116,52.6443
3855,11886,root,0,NA,NA,11886,52.6353
3856,6758,root,0,NA,NA,6758,52.6327
3857,9820,root,0,NA,NA,9820,52.6293
3858,13737,root,0,NA,NA,13737,52.6292
3859,13556,root,0,NA,NA,13556,52.6246
3860,9591,root,0,NA,NA,9591,52.6231
3861,14149,root,0,NA,NA,14149,52.6129
3862,17034,root,0,NA,NA,17034,52.6096
3863,9629,root,0,NA,NA,9629,52.6074
3864,3437,root,0,NA,NA,3437,52.6041
3865,984,root,0,NA,NA,984,52.5966
3866,260,root,0,NA,NA,260,52.5953
3867,8491,root,0,NA,NA,8491,52.5896
3868,3590,root,0,NA,NA,3590,52.5859
3869,18152,root,0,NA,NA,18152,52.5858
3870,893,root,0,NA,NA,893,52.5735
3871,11468,root,0,NA,NA,11468,52.5719
3872,14501,root,0,NA,NA,14501,52.5711
3873,18050,root,0,NA,NA,18050,52.5701
3874,11781,root,0,NA,NA,11781,52.5646
3875,15416,root,0,NA,NA,15416,52.5634
3876,13598,root,0,NA,NA,13598,52.5611
3877,8025,root,0,NA,NA,8025,52.5583
3878,15259,root,0,NA,NA,15259,52.5543
3879,12185,root,0,NA,NA,12185,52.5526
3880,1933,root,0,NA,NA,1933,52.5466
3881,6124,root,0,NA,NA,6124,52.5447
3882,12658,root,0,NA,NA,12658,52.5435
3883,1964,root,0,NA,NA,1964,52.5399
3884,7311,root,0,NA,NA,7311,52.5331
3885,14628,root,0,NA,NA,14628,52.5316
3886,4970,root,0,NA,NA,4970,52.5308
3887,19504,root,0,NA,NA,19504,52.5286
3888,7359,root,0,NA,NA,7359,52.5215
3889,4718,root,0,NA,NA,4718,52.5203
3890,6574,root,0,NA,NA,6574,52.5149
3891,11323,root,0,NA,NA,11323,52.5138
3892,14350,root,0,NA,NA,14350,52.5094
3893,17026,root,0,NA,NA,17026,52.5091
3894,9260,root,0,NA,NA,9260,52.4885
3895,7876,root,0,NA,NA,7876,52.4782
3896,3899,root,0,NA,NA,3899,52.4753
3897,2154,root,0,NA,NA,2154,52.4736
3898,8897,root,0,NA,NA,8897,52.4733
3899,19025,root,0,NA,NA,19025,52.4689
3900,1015,root,0,NA,NA,1015,52.4674
3901,4357,root,0,NA,NA,4357,52.4544
3902,7710,root,0,NA,NA,7710,52.4538
3903,1678,root,0,NA,NA,1678,52.4476
3904,12994,root,0,NA,NA,12994,52.446
3905,5199,root,0,NA,NA,5199,52.4448
3906,11213,root,0,NA,NA,11213,52.4416
3907,4947,root,0,NA,NA,4947,52.4413
3908,11956,root,0,NA,NA,11956,52.4385
3909,14353,root,0,NA,NA,14353,52.4377
3910,6571,root,0,NA,NA,6571,52.4333
3911,1688,root,0,NA,NA,1688,52.4319
3912,5229,root,0,NA,NA,5229,52.4268
3913,18250,root,0,NA,NA,18250,52.4176
3914,12732,root,0,NA,NA,12732,52.4165
3915,7488,root,0,NA,NA,7488,52.4163
3916,11418,root,0,NA,NA,11418,52.4095
3917,3911,root,0,NA,NA,3911,52.4067
3918,18840,root,0,NA,NA,18840,52.3854
3919,17968,root,0,NA,NA,17968,52.3835
3920,17703,root,0,NA,NA,17703,52.3573
3921,3801,root,0,NA,NA,3801,52.3573
3922,7986,root,0,NA,NA,7986,52.3437
3923,5242,root,0,NA,NA,5242,52.343
3924,4288,root,0,NA,NA,4288,52.3413
3925,15510,root,0,NA,NA,15510,52.3379
3926,11601,root,0,NA,NA,11601,52.3317
3927,12588,root,0,NA,NA,12588,52.3272
3928,3019,root,0,NA,NA,3019,52.3201
3929,7690,root,0,NA,NA,7690,52.3133
3930,4651,root,0,NA,NA,4651,52.3129
3931,12383,root,0,NA,NA,12383,52.3094
3932,4888,root,0,NA,NA,4888,52.2982
3933,19317,root,0,NA,NA,19317,52.2971
3934,6604,root,0,NA,NA,6604,52.2896
3935,8352,root,0,NA,NA,8352,52.2835
3936,12716,root,0,NA,NA,12716,52.28
3937,13520,root,0,NA,NA,13520,52.2788
3938,16446,root,0,NA,NA,16446,52.2783
3939,962,root,0,NA,NA,962,52.2766
3940,15378,root,0,NA,NA,15378,52.275
3941,1863,root,0,NA,NA,1863,52.2692
3942,6713,root,0,NA,NA,6713,52.269
3943,997,root,0,NA,NA,997,52.2667
3944,13431,root,0,NA,NA,13431,52.2619
3945,1010,root,0,NA,NA,1010,52.2561
3946,1502,root,0,NA,NA,1502,52.2512
3947,6501,root,0,NA,NA,6501,52.2511
3948,18586,root,0,NA,NA,18586,52.2506
3949,4627,root,0,NA,NA,4627,52.2491
3950,16124,root,0,NA,NA,16124,52.2396
3951,4328,root,0,NA,NA,4328,52.2337
3952,8263,root,0,NA,NA,8263,52.2329
3953,2297,root,0,NA,NA,2297,52.2304
3954,10145,root,0,NA,NA,10145,52.2267
3955,2009,root,0,NA,NA,2009,52.2249
3956,3065,root,0,NA,NA,3065,52.2247
3957,407,root,0,NA,NA,407,52.2211
3958,11810,root,0,NA,NA,11810,52.22
3959,4341,root,0,NA,NA,4341,52.2155
3960,12200,root,0,NA,NA,12200,52.2142
3961,15767,root,0,NA,NA,15767,52.2122
3962,8797,root,0,NA,NA,8797,52.2122
3963,7546,root,0,NA,NA,7546,52.2118
3964,3552,root,0,NA,NA,3552,52.2113
3965,572,root,0,NA,NA,572,52.2041
3966,12159,root,0,NA,NA,12159,52.2037
3967,14191,root,0,NA,NA,14191,52.2015
3968,16505,root,0,NA,NA,16505,52.2004
3969,18326,root,0,NA,NA,18326,52.1947
3970,4695,root,0,NA,NA,4695,52.1944
3971,1023,root,0,NA,NA,1023,52.1922
3972,10310,root,0,NA,NA,10310,52.1904
3973,16424,root,0,NA,NA,16424,52.1896
3974,606,root,0,NA,NA,606,52.1852
3975,6872,root,0,NA,NA,6872,52.183
3976,17381,root,0,NA,NA,17381,52.1821
3977,16001,root,0,NA,NA,16001,52.1816
3978,6260,root,0,NA,NA,6260,52.1793
3979,8865,root,0,NA,NA,8865,52.1728
3980,6223,root,0,NA,NA,6223,52.1725
3981,16497,root,0,NA,NA,16497,52.1653
3982,15886,root,0,NA,NA,15886,52.159
3983,18290,root,0,NA,NA,18290,52.158
3984,8324,root,0,NA,NA,8324,52.1575
3985,7259,root,0,NA,NA,7259,52.155
3986,17302,root,0,NA,NA,17302,52.1546
3987,19028,root,0,NA,NA,19028,52.1527
3988,267,root,0,NA,NA,267,52.1512
3989,134,root,0,NA,NA,134,52.1341
3990,9459,root,0,NA,NA,9459,52.1332
3991,19988,root,0,NA,NA,19988,52.1326
3992,8423,root,0,NA,NA,8423,52.13
3993,16388,root,0,NA,NA,16388,52.127
3994,12763,root,0,NA,NA,12763,52.1254
3995,16119,root,0,NA,NA,16119,52.122
3996,18254,root,0,NA,NA,18254,52.1181
3997,6383,root,0,NA,NA,6383,52.1121
3998,5119,root,0,NA,NA,5119,52.1075
3999,2378,root,0,NA,NA,2378,52.1058
4000,3836,root,0,NA,NA,3836,52.1042
4001,1721,root,0,NA,NA,1721,52.1028
4002,6579,root,0,NA,NA,6579,52.0959
4003,10624,root,0,NA,NA,10624,52.095
4004,16542,root,0,NA,NA,16542,52.0896
4005,19643,root,0,NA,NA,19643,52.0864
4006,7101,root,0,NA,NA,7101,52.0821
4007,8959,root,0,NA,NA,8959,52.0789
4008,175,root,0,NA,NA,175,52.0743
4009,3905,root,0,NA,NA,3905,52.0659
4010,9598,root,0,NA,NA,9598,52.0644
4011,8640,root,0,NA,NA,8640,52.0588
4012,5234,root,0,NA,NA,5234,52.0527
4013,12771,root,0,NA,NA,12771,52.0491
4014,5453,root,0,NA,NA,5453,52.0482
4015,11242,root,0,NA,NA,11242,52.0477
4016,971,root,0,NA,NA,971,52.0377
4017,6980,root,0,NA,NA,6980,52.035
4018,2900,root,0,NA,NA,2900,52.0305
4019,10808,root,0,NA,NA,10808,52.0305
4020,2233,root,0,NA,NA,2233,52.0262
4021,4187,root,0,NA,NA,4187,52.0261
4022,1217,root,0,NA,NA,1217,52.0254
4023,7821,root,0,NA,NA,7821,52.0252
4024,1128,root,0,NA,NA,1128,52.0235
4025,4812,root,0,NA,NA,4812,52.016
4026,5590,root,0,NA,NA,5590,52.0103
4027,11423,root,0,NA,NA,11423,52.0058
4028,11745,root,0,NA,NA,11745,52.0029
4029,2751,root,0,NA,NA,2751,52.0014
4030,3776,root,0,NA,NA,3776,51.9962
4031,7283,root,0,NA,NA,7283,51.9916
4032,13111,root,0,NA,NA,13111,51.99
4033,1691,root,0,NA,NA,1691,51.9832
4034,2246,root,0,NA,NA,2246,51.9775
4035,8910,root,0,NA,NA,8910,51.9754
4036,1051,root,0,NA,NA,1051,51.9656
4037,1072,root,0,NA,NA,1072,51.959
4038,221,root,0,NA,NA,221,51.9582
4039,6702,root,0,NA,NA,6702,51.9549
4040,8653,root,0,NA,NA,8653,51.948
4041,11925,root,0,NA,NA,11925,51.9409
4042,16385,root,0,NA,NA,16385,51.9399
4043,10009,root,0,NA,NA,10009,51.9394
4044,6405,root,0,NA,NA,6405,51.9379
4045,14924,root,0,NA,NA,14924,51.9325
4046,6160,root,0,NA,NA,6160,51.9314
4047,10323,root,0,NA,NA,10323,51.9288
4048,17646,root,0,NA,NA,17646,51.9205
4049,2865,root,0,NA,NA,2865,51.9189
4050,10679,root,0,NA,NA,10679,51.9184
4051,15615,root,0,NA,NA,15615,51.9148
4052,12664,root,0,NA,NA,12664,51.9142
4053,5689,root,0,NA,NA,5689,51.9103
4054,5763,root,0,NA,NA,5763,51.9059
4055,6381,root,0,NA,NA,6381,51.902
4056,749,root,0,NA,NA,749,51.8987
4057,6977,root,0,NA,NA,6977,51.8958
4058,3378,root,0,NA,NA,3378,51.8896
4059,12832,root,0,NA,NA,12832,51.8879
4060,15413,root,0,NA,NA,15413,51.8839
4061,4634,root,0,NA,NA,4634,51.879
4062,8697,root,0,NA,NA,8697,51.877
4063,8871,root,0,NA,NA,8871,51.8751
4064,8415,root,0,NA,NA,8415,51.8706
4065,14027,root,0,NA,NA,14027,51.8628
4066,2908,root,0,NA,NA,2908,51.8627
4067,15694,root,0,NA,NA,15694,51.8589
4068,12897,root,0,NA,NA,12897,51.8558
4069,5436,root,0,NA,NA,5436,51.8544
4070,1558,root,0,NA,NA,1558,51.8491
4071,8199,root,0,NA,NA,8199,51.849
4072,615,root,0,NA,NA,615,51.8488
4073,17549,root,0,NA,NA,17549,51.8447
4074,2390,root,0,NA,NA,2390,51.8409
4075,6097,root,0,NA,NA,6097,51.8349
4076,2145,root,0,NA,NA,2145,51.8325
4077,4229,root,0,NA,NA,4229,51.8313
4078,15321,root,0,NA,NA,15321,51.8296
4079,3286,root,0,NA,NA,3286,51.8253
4080,2048,root,0,NA,NA,2048,51.8251
4081,1827,root,0,NA,NA,1827,51.823
4082,7857,root,0,NA,NA,7857,51.8223
4083,18127,root,0,NA,NA,18127,51.8154
4084,885,root,0,NA,NA,885,51.8123
4085,1043,root,0,NA,NA,1043,51.8104
4086,15327,root,0,NA,NA,15327,51.8054
4087,2454,root,0,NA,NA,2454,51.8023
4088,432,root,0,NA,NA,432,51.8005
4089,8206,root,0,NA,NA,8206,51.8001
4090,9920,root,0,NA,NA,9920,51.7925
4091,6520,root,0,NA,NA,6520,51.7851
4092,12109,root,0,NA,NA,12109,51.7828
4093,8062,root,0,NA,NA,8062,51.7828
4094,558,root,0,NA,NA,558,51.7808
4095,440,root,0,NA,NA,440,51.7742
4096,4393,root,0,NA,NA,4393,51.7704
4097,30,root,0,NA,NA,30,51.7677
4098,2342,root,0,NA,NA,2342,51.7587
4099,11755,root,0,NA,NA,11755,51.7576
4100,3594,root,0,NA,NA,3594,51.7545
4101,1077,root,0,NA,NA,1077,51.754
4102,233,root,0,NA,NA,233,51.7516
4103,5946,root,0,NA,NA,5946,51.7502
4104,8197,root,0,NA,NA,8197,51.7435
4105,10040,root,0,NA,NA,10040,51.7247
4106,699,root,0,NA,NA,699,51.7183
4107,6742,root,0,NA,NA,6742,51.7167
4108,6747,root,0,NA,NA,6747,51.7167
4109,6496,root,0,NA,NA,6496,51.7154
4110,6509,root,0,NA,NA,6509,51.7154
4111,18328,root,0,NA,NA,18328,51.7148
4112,8485,root,0,NA,NA,8485,51.7099
4113,12902,root,0,NA,NA,12902,51.708
4114,16306,root,0,NA,NA,16306,51.7072
4115,7684,root,0,NA,NA,7684,51.7043
4116,19735,root,0,NA,NA,19735,51.7038
4117,5631,root,0,NA,NA,5631,51.6943
4118,18796,root,0,NA,NA,18796,51.6899
4119,2071,root,0,NA,NA,2071,51.6874
4120,2076,root,0,NA,NA,2076,51.6874
4121,2084,root,0,NA,NA,2084,51.6874
4122,2092,root,0,NA,NA,2092,51.6874
4123,2097,root,0,NA,NA,2097,51.6874
4124,2105,root,0,NA,NA,2105,51.6874
4125,2110,root,0,NA,NA,2110,51.6874
4126,11666,root,0,NA,NA,11666,51.6868
4127,4295,root,0,NA,NA,4295,51.6839
4128,6475,root,0,NA,NA,6475,51.6834
4129,19738,root,0,NA,NA,19738,51.6807
4130,18299,root,0,NA,NA,18299,51.6788
4131,10803,root,0,NA,NA,10803,51.6777
4132,7119,root,0,NA,NA,7119,51.6767
4133,154,root,0,NA,NA,154,51.6753
4134,4258,root,0,NA,NA,4258,51.6746
4135,5221,root,0,NA,NA,5221,51.673
4136,10658,root,0,NA,NA,10658,51.6641
4137,15877,root,0,NA,NA,15877,51.6463
4138,4419,root,0,NA,NA,4419,51.6407
4139,2639,root,0,NA,NA,2639,51.6382
4140,6988,root,0,NA,NA,6988,51.6379
4141,6137,root,0,NA,NA,6137,51.6281
4142,12911,root,0,NA,NA,12911,51.626
4143,9019,root,0,NA,NA,9019,51.6253
4144,8930,root,0,NA,NA,8930,51.619
4145,4526,root,0,NA,NA,4526,51.6189
4146,8967,root,0,NA,NA,8967,51.6109
4147,19389,root,0,NA,NA,19389,51.6074
4148,3038,root,0,NA,NA,3038,51.607
4149,16376,root,0,NA,NA,16376,51.5992
4150,1792,root,0,NA,NA,1792,51.5944
4151,13140,root,0,NA,NA,13140,51.5929
4152,4441,root,0,NA,NA,4441,51.5909
4153,4741,root,0,NA,NA,4741,51.5902
4154,12133,root,0,NA,NA,12133,51.5879
4155,11417,root,0,NA,NA,11417,51.5852
4156,6739,root,0,NA,NA,6739,51.5783
4157,2112,root,0,NA,NA,2112,51.5777
4158,11713,root,0,NA,NA,11713,51.5736
4159,11813,root,0,NA,NA,11813,51.5695
4160,3886,root,0,NA,NA,3886,51.5683
4161,7812,root,0,NA,NA,7812,51.5622
4162,15245,root,0,NA,NA,15245,51.5579
4163,15114,root,0,NA,NA,15114,51.5493
4164,10368,root,0,NA,NA,10368,51.5461
4165,602,root,0,NA,NA,602,51.5452
4166,16144,root,0,NA,NA,16144,51.5397
4167,5111,root,0,NA,NA,5111,51.5389
4168,522,root,0,NA,NA,522,51.5387
4169,17687,root,0,NA,NA,17687,51.5368
4170,6013,root,0,NA,NA,6013,51.5339
4171,7721,root,0,NA,NA,7721,51.5338
4172,8428,root,0,NA,NA,8428,51.533
4173,7855,root,0,NA,NA,7855,51.532
4174,15132,root,0,NA,NA,15132,51.528
4175,16210,root,0,NA,NA,16210,51.5211
4176,995,root,0,NA,NA,995,51.5196
4177,15289,root,0,NA,NA,15289,51.5191
4178,3658,root,0,NA,NA,3658,51.5146
4179,6583,root,0,NA,NA,6583,51.5139
4180,916,root,0,NA,NA,916,51.5133
4181,11557,root,0,NA,NA,11557,51.5124
4182,11070,root,0,NA,NA,11070,51.5121
4183,12848,root,0,NA,NA,12848,51.5018
4184,16720,root,0,NA,NA,16720,51.5014
4185,8605,root,0,NA,NA,8605,51.4954
4186,4700,root,0,NA,NA,4700,51.4912
4187,19012,root,0,NA,NA,19012,51.4905
4188,17847,root,0,NA,NA,17847,51.4895
4189,11667,root,0,NA,NA,11667,51.4889
4190,13159,root,0,NA,NA,13159,51.4885
4191,16423,root,0,NA,NA,16423,51.4836
4192,84,root,0,NA,NA,84,51.481
4193,1064,root,0,NA,NA,1064,51.4797
4194,17624,root,0,NA,NA,17624,51.4786
4195,17882,root,0,NA,NA,17882,51.4767
4196,5432,root,0,NA,NA,5432,51.476
4197,8075,root,0,NA,NA,8075,51.4744
4198,10600,root,0,NA,NA,10600,51.4675
4199,16793,root,0,NA,NA,16793,51.4641
4200,10566,root,0,NA,NA,10566,51.4602
4201,1038,root,0,NA,NA,1038,51.457
4202,7603,root,0,NA,NA,7603,51.4516
4203,14062,root,0,NA,NA,14062,51.4504
4204,14224,root,0,NA,NA,14224,51.4491
4205,3684,root,0,NA,NA,3684,51.4447
4206,411,root,0,NA,NA,411,51.4435
4207,16154,root,0,NA,NA,16154,51.4425
4208,10646,root,0,NA,NA,10646,51.4424
4209,2878,root,0,NA,NA,2878,51.4417
4210,10133,root,0,NA,NA,10133,51.4392
4211,18209,root,0,NA,NA,18209,51.4323
4212,3632,root,0,NA,NA,3632,51.4297
4213,8732,root,0,NA,NA,8732,51.4289
4214,12106,root,0,NA,NA,12106,51.4274
4215,19002,root,0,NA,NA,19002,51.427
4216,1979,root,0,NA,NA,1979,51.4255
4217,5661,root,0,NA,NA,5661,51.4253
4218,8195,root,0,NA,NA,8195,51.4243
4219,1056,root,0,NA,NA,1056,51.4039
4220,18884,root,0,NA,NA,18884,51.4017
4221,11946,root,0,NA,NA,11946,51.399
4222,16383,root,0,NA,NA,16383,51.3985
4223,4956,root,0,NA,NA,4956,51.3946
4224,4363,root,0,NA,NA,4363,51.394
4225,2053,root,0,NA,NA,2053,51.3939
4226,4148,root,0,NA,NA,4148,51.3906
4227,3200,root,0,NA,NA,3200,51.3885
4228,8870,root,0,NA,NA,8870,51.3858
4229,11226,root,0,NA,NA,11226,51.3793
4230,16378,root,0,NA,NA,16378,51.3735
4231,6027,root,0,NA,NA,6027,51.3702
4232,5266,root,0,NA,NA,5266,51.3689
4233,2391,root,0,NA,NA,2391,51.3632
4234,3663,root,0,NA,NA,3663,51.3624
4235,8800,root,0,NA,NA,8800,51.3561
4236,348,root,0,NA,NA,348,51.3554
4237,12918,root,0,NA,NA,12918,51.3421
4238,2457,root,0,NA,NA,2457,51.3403
4239,1016,root,0,NA,NA,1016,51.3257
4240,17242,root,0,NA,NA,17242,51.32
4241,8915,root,0,NA,NA,8915,51.3182
4242,6247,root,0,NA,NA,6247,51.3173
4243,8354,root,0,NA,NA,8354,51.3078
4244,6440,root,0,NA,NA,6440,51.3068
4245,5308,root,0,NA,NA,5308,51.3056
4246,11405,root,0,NA,NA,11405,51.299
4247,10373,root,0,NA,NA,10373,51.283
4248,3599,root,0,NA,NA,3599,51.2826
4249,11653,root,0,NA,NA,11653,51.2644
4250,7551,root,0,NA,NA,7551,51.2639
4251,5048,root,0,NA,NA,5048,51.2638
4252,14225,root,0,NA,NA,14225,51.2607
4253,3320,root,0,NA,NA,3320,51.2586
4254,4758,root,0,NA,NA,4758,51.2557
4255,1734,root,0,NA,NA,1734,51.2552
4256,15363,root,0,NA,NA,15363,51.2532
4257,17322,root,0,NA,NA,17322,51.2478
4258,3565,root,0,NA,NA,3565,51.241
4259,3302,root,0,NA,NA,3302,51.2408
4260,7810,root,0,NA,NA,7810,51.2376
4261,17632,root,0,NA,NA,17632,51.2368
4262,13756,root,0,NA,NA,13756,51.2333
4263,7229,root,0,NA,NA,7229,51.2259
4264,623,root,0,NA,NA,623,51.1944
4265,13156,root,0,NA,NA,13156,51.1937
4266,8287,root,0,NA,NA,8287,51.1897
4267,14722,root,0,NA,NA,14722,51.1889
4268,14820,root,0,NA,NA,14820,51.1867
4269,10545,root,0,NA,NA,10545,51.1859
4270,7802,root,0,NA,NA,7802,51.1834
4271,11570,root,0,NA,NA,11570,51.1832
4272,6570,root,0,NA,NA,6570,51.1832
4273,6584,root,0,NA,NA,6584,51.1814
4274,7438,root,0,NA,NA,7438,51.1813
4275,1035,root,0,NA,NA,1035,51.1799
4276,2197,root,0,NA,NA,2197,51.1798
4277,17451,root,0,NA,NA,17451,51.1789
4278,19423,root,0,NA,NA,19423,51.1751
4279,187,root,0,NA,NA,187,51.1738
4280,11400,root,0,NA,NA,11400,51.1736
4281,11357,root,0,NA,NA,11357,51.1698
4282,15822,root,0,NA,NA,15822,51.1646
4283,10486,root,0,NA,NA,10486,51.1599
4284,3221,root,0,NA,NA,3221,51.1573
4285,18404,root,0,NA,NA,18404,51.155
4286,13981,root,0,NA,NA,13981,51.1532
4287,13415,root,0,NA,NA,13415,51.1515
4288,7346,root,0,NA,NA,7346,51.1504
4289,12996,root,0,NA,NA,12996,51.1466
4290,5003,root,0,NA,NA,5003,51.1438
4291,1594,root,0,NA,NA,1594,51.1393
4292,3586,root,0,NA,NA,3586,51.1376
4293,8935,root,0,NA,NA,8935,51.1351
4294,1343,root,0,NA,NA,1343,51.1283
4295,2409,root,0,NA,NA,2409,51.1256
4296,8923,root,0,NA,NA,8923,51.1229
4297,140,root,0,NA,NA,140,51.1171
4298,11420,root,0,NA,NA,11420,51.1107
4299,7629,root,0,NA,NA,7629,51.1094
4300,16344,root,0,NA,NA,16344,51.108
4301,6930,root,0,NA,NA,6930,51.1057
4302,1330,root,0,NA,NA,1330,51.1051
4303,6975,root,0,NA,NA,6975,51.0987
4304,14582,root,0,NA,NA,14582,51.0947
4305,406,root,0,NA,NA,406,51.0939
4306,19609,root,0,NA,NA,19609,51.092
4307,10782,root,0,NA,NA,10782,51.0906
4308,5247,root,0,NA,NA,5247,51.0851
4309,3573,root,0,NA,NA,3573,51.0772
4310,427,root,0,NA,NA,427,51.0611
4311,15082,root,0,NA,NA,15082,51.0567
4312,8795,root,0,NA,NA,8795,51.0548
4313,18441,root,0,NA,NA,18441,51.0488
4314,8836,root,0,NA,NA,8836,51.0481
4315,10815,root,0,NA,NA,10815,51.0457
4316,12082,root,0,NA,NA,12082,51.045
4317,8303,root,0,NA,NA,8303,51.0352
4318,6477,root,0,NA,NA,6477,51.0325
4319,12575,root,0,NA,NA,12575,51.0289
4320,14037,root,0,NA,NA,14037,51.028
4321,8311,root,0,NA,NA,8311,51.0223
4322,4045,root,0,NA,NA,4045,51.0188
4323,1853,root,0,NA,NA,1853,51.0149
4324,9668,root,0,NA,NA,9668,51.0077
4325,1040,root,0,NA,NA,1040,51.0057
4326,4907,root,0,NA,NA,4907,50.9982
4327,11389,root,0,NA,NA,11389,50.9972
4328,1377,root,0,NA,NA,1377,50.9935
4329,3137,root,0,NA,NA,3137,50.9912
4330,2747,root,0,NA,NA,2747,50.985
4331,6145,root,0,NA,NA,6145,50.9824
4332,19401,root,0,NA,NA,19401,50.9807
4333,141,root,0,NA,NA,141,50.967
4334,10041,root,0,NA,NA,10041,50.9654
4335,13497,root,0,NA,NA,13497,50.9606
4336,1044,root,0,NA,NA,1044,50.9601
4337,10629,root,0,NA,NA,10629,50.9497
4338,932,root,0,NA,NA,932,50.9474
4339,3278,root,0,NA,NA,3278,50.9336
4340,10626,root,0,NA,NA,10626,50.931
4341,8082,root,0,NA,NA,8082,50.9302
4342,289,root,0,NA,NA,289,50.9285
4343,15570,root,0,NA,NA,15570,50.9253
4344,15521,root,0,NA,NA,15521,50.9189
4345,9454,root,0,NA,NA,9454,50.9163
4346,2568,root,0,NA,NA,2568,50.9125
4347,1069,root,0,NA,NA,1069,50.9119
4348,9740,root,0,NA,NA,9740,50.9095
4349,7210,root,0,NA,NA,7210,50.9077
4350,2072,root,0,NA,NA,2072,50.9055
4351,10237,root,0,NA,NA,10237,50.9037
4352,7862,root,0,NA,NA,7862,50.901
4353,1767,root,0,NA,NA,1767,50.9
4354,3569,root,0,NA,NA,3569,50.8964
4355,3315,root,0,NA,NA,3315,50.8841
4356,10294,root,0,NA,NA,10294,50.882
4357,8962,root,0,NA,NA,8962,50.8811
4358,18223,root,0,NA,NA,18223,50.8741
4359,12950,root,0,NA,NA,12950,50.8722
4360,15089,root,0,NA,NA,15089,50.8711
4361,1424,root,0,NA,NA,1424,50.8667
4362,9860,root,0,NA,NA,9860,50.8629
4363,9572,root,0,NA,NA,9572,50.8617
4364,17024,root,0,NA,NA,17024,50.8587
4365,4283,root,0,NA,NA,4283,50.8562
4366,13088,root,0,NA,NA,13088,50.8561
4367,5514,root,0,NA,NA,5514,50.8507
4368,10562,root,0,NA,NA,10562,50.8502
4369,11948,root,0,NA,NA,11948,50.8453
4370,17852,root,0,NA,NA,17852,50.842
4371,5982,root,0,NA,NA,5982,50.84
4372,682,root,0,NA,NA,682,50.8394
4373,9266,root,0,NA,NA,9266,50.837
4374,3472,root,0,NA,NA,3472,50.8329
4375,4615,root,0,NA,NA,4615,50.8325
4376,6289,root,0,NA,NA,6289,50.8322
4377,1670,root,0,NA,NA,1670,50.829
4378,5484,root,0,NA,NA,5484,50.8269
4379,1247,root,0,NA,NA,1247,50.826
4380,2781,root,0,NA,NA,2781,50.8239
4381,6462,root,0,NA,NA,6462,50.8209
4382,5463,root,0,NA,NA,5463,50.8189
4383,7156,root,0,NA,NA,7156,50.8176
4384,11229,root,0,NA,NA,11229,50.8129
4385,770,root,0,NA,NA,770,50.8107
4386,343,root,0,NA,NA,343,50.8061
4387,6414,root,0,NA,NA,6414,50.8016
4388,10810,root,0,NA,NA,10810,50.8013
4389,1922,root,0,NA,NA,1922,50.7986
4390,1264,root,0,NA,NA,1264,50.7948
4391,1073,root,0,NA,NA,1073,50.7913
4392,1039,root,0,NA,NA,1039,50.7904
4393,11648,root,0,NA,NA,11648,50.7831
4394,4729,root,0,NA,NA,4729,50.7785
4395,254,root,0,NA,NA,254,50.7738
4396,9329,root,0,NA,NA,9329,50.7721
4397,5457,root,0,NA,NA,5457,50.7666
4398,3311,root,0,NA,NA,3311,50.7635
4399,1593,root,0,NA,NA,1593,50.7579
4400,3994,root,0,NA,NA,3994,50.7561
4401,18727,root,0,NA,NA,18727,50.7497
4402,7496,root,0,NA,NA,7496,50.7497
4403,10556,root,0,NA,NA,10556,50.7449
4404,9556,root,0,NA,NA,9556,50.7437
4405,9569,root,0,NA,NA,9569,50.7437
4406,8648,root,0,NA,NA,8648,50.7435
4407,9352,root,0,NA,NA,9352,50.743
4408,7621,root,0,NA,NA,7621,50.7358
4409,11402,root,0,NA,NA,11402,50.7351
4410,10726,root,0,NA,NA,10726,50.7321
4411,7782,root,0,NA,NA,7782,50.7114
4412,7904,root,0,NA,NA,7904,50.7096
4413,3926,root,0,NA,NA,3926,50.7095
4414,10694,root,0,NA,NA,10694,50.7062
4415,8931,root,0,NA,NA,8931,50.7036
4416,4394,root,0,NA,NA,4394,50.6996
4417,10405,root,0,NA,NA,10405,50.6987
4418,10763,root,0,NA,NA,10763,50.6954
4419,4531,root,0,NA,NA,4531,50.6924
4420,13541,root,0,NA,NA,13541,50.6923
4421,12766,root,0,NA,NA,12766,50.6894
4422,8849,root,0,NA,NA,8849,50.6892
4423,11326,root,0,NA,NA,11326,50.6889
4424,11407,root,0,NA,NA,11407,50.6876
4425,11337,root,0,NA,NA,11337,50.6872
4426,7885,root,0,NA,NA,7885,50.6861
4427,1713,root,0,NA,NA,1713,50.6822
4428,10470,root,0,NA,NA,10470,50.6816
4429,10659,root,0,NA,NA,10659,50.6783
4430,1061,root,0,NA,NA,1061,50.6767
4431,58,root,0,NA,NA,58,50.6764
4432,7109,root,0,NA,NA,7109,50.6728
4433,10845,root,0,NA,NA,10845,50.6694
4434,11579,root,0,NA,NA,11579,50.6693
4435,8988,root,0,NA,NA,8988,50.6599
4436,7407,root,0,NA,NA,7407,50.6598
4437,6305,root,0,NA,NA,6305,50.6593
4438,16468,root,0,NA,NA,16468,50.6575
4439,162,root,0,NA,NA,162,50.6503
4440,5901,root,0,NA,NA,5901,50.647
4441,8046,root,0,NA,NA,8046,50.6448
4442,3178,root,0,NA,NA,3178,50.6411
4443,1052,root,0,NA,NA,1052,50.638
4444,16302,root,0,NA,NA,16302,50.6361
4445,10959,root,0,NA,NA,10959,50.6351
4446,4939,root,0,NA,NA,4939,50.6345
4447,3480,root,0,NA,NA,3480,50.634
4448,7726,root,0,NA,NA,7726,50.6326
4449,8298,root,0,NA,NA,8298,50.6314
4450,14466,root,0,NA,NA,14466,50.6297
4451,4977,root,0,NA,NA,4977,50.6268
4452,1726,root,0,NA,NA,1726,50.6266
4453,8246,root,0,NA,NA,8246,50.6264
4454,9519,root,0,NA,NA,9519,50.6236
4455,9702,root,0,NA,NA,9702,50.6234
4456,19840,root,0,NA,NA,19840,50.6226
4457,12653,root,0,NA,NA,12653,50.6137
4458,6912,root,0,NA,NA,6912,50.6071
4459,1163,root,0,NA,NA,1163,50.6027
4460,7399,root,0,NA,NA,7399,50.5979
4461,11391,root,0,NA,NA,11391,50.5978
4462,1065,root,0,NA,NA,1065,50.5976
4463,4664,root,0,NA,NA,4664,50.5975
4464,11425,root,0,NA,NA,11425,50.5913
4465,8621,root,0,NA,NA,8621,50.589
4466,2612,root,0,NA,NA,2612,50.5839
4467,5784,root,0,NA,NA,5784,50.582
4468,4077,root,0,NA,NA,4077,50.5806
4469,9265,root,0,NA,NA,9265,50.5793
4470,1309,root,0,NA,NA,1309,50.5745
4471,14397,root,0,NA,NA,14397,50.572
4472,620,root,0,NA,NA,620,50.5697
4473,3399,root,0,NA,NA,3399,50.5637
4474,10236,root,0,NA,NA,10236,50.5518
4475,14057,root,0,NA,NA,14057,50.5518
4476,1682,root,0,NA,NA,1682,50.5487
4477,1351,root,0,NA,NA,1351,50.5342
4478,11038,root,0,NA,NA,11038,50.5339
4479,4867,root,0,NA,NA,4867,50.5319
4480,10248,root,0,NA,NA,10248,50.5263
4481,3129,root,0,NA,NA,3129,50.5229
4482,6378,root,0,NA,NA,6378,50.5228
4483,2895,root,0,NA,NA,2895,50.5197
4484,3511,root,0,NA,NA,3511,50.5188
4485,3514,root,0,NA,NA,3514,50.5188
4486,3519,root,0,NA,NA,3519,50.5188
4487,3524,root,0,NA,NA,3524,50.5188
4488,3527,root,0,NA,NA,3527,50.5188
4489,3532,root,0,NA,NA,3532,50.5188
4490,3540,root,0,NA,NA,3540,50.5188
4491,3545,root,0,NA,NA,3545,50.5188
4492,3548,root,0,NA,NA,3548,50.5188
4493,3553,root,0,NA,NA,3553,50.5188
4494,449,root,0,NA,NA,449,50.5184
4495,508,root,0,NA,NA,508,50.5098
4496,17810,root,0,NA,NA,17810,50.5096
4497,10324,root,0,NA,NA,10324,50.5076
4498,1733,root,0,NA,NA,1733,50.5068
4499,15046,root,0,NA,NA,15046,50.505
4500,17029,root,0,NA,NA,17029,50.5029
4501,11701,root,0,NA,NA,11701,50.5011
4502,2200,root,0,NA,NA,2200,50.4966
4503,18132,root,0,NA,NA,18132,50.4955
4504,16381,root,0,NA,NA,16381,50.4955
4505,919,root,0,NA,NA,919,50.4905
4506,14765,root,0,NA,NA,14765,50.4834
4507,1068,root,0,NA,NA,1068,50.4797
4508,10676,root,0,NA,NA,10676,50.4772
4509,15470,root,0,NA,NA,15470,50.4741
4510,8443,root,0,NA,NA,8443,50.4689
4511,12051,root,0,NA,NA,12051,50.4623
4512,14068,root,0,NA,NA,14068,50.4611
4513,15117,root,0,NA,NA,15117,50.4531
4514,8792,root,0,NA,NA,8792,50.4497
4515,1078,root,0,NA,NA,1078,50.4456
4516,10884,root,0,NA,NA,10884,50.4447
4517,1385,root,0,NA,NA,1385,50.4414
4518,18230,root,0,NA,NA,18230,50.4397
4519,8926,root,0,NA,NA,8926,50.4392
4520,7008,root,0,NA,NA,7008,50.436
4521,15346,root,0,NA,NA,15346,50.427
4522,3691,root,0,NA,NA,3691,50.4259
4523,17720,root,0,NA,NA,17720,50.4258
4524,11231,root,0,NA,NA,11231,50.4226
4525,1759,root,0,NA,NA,1759,50.419
4526,15101,root,0,NA,NA,15101,50.4162
4527,7267,root,0,NA,NA,7267,50.4096
4528,10863,root,0,NA,NA,10863,50.4067
4529,5041,root,0,NA,NA,5041,50.4063
4530,17844,root,0,NA,NA,17844,50.4041
4531,7559,root,0,NA,NA,7559,50.3958
4532,11035,root,0,NA,NA,11035,50.3925
4533,14392,root,0,NA,NA,14392,50.3916
4534,11698,root,0,NA,NA,11698,50.3849
4535,15741,root,0,NA,NA,15741,50.3849
4536,1403,root,0,NA,NA,1403,50.3801
4537,15869,root,0,NA,NA,15869,50.379
4538,14395,root,0,NA,NA,14395,50.3782
4539,5246,root,0,NA,NA,5246,50.3729
4540,8841,root,0,NA,NA,8841,50.3712
4541,3831,root,0,NA,NA,3831,50.3583
4542,2069,root,0,NA,NA,2069,50.3581
4543,17878,root,0,NA,NA,17878,50.3432
4544,2582,root,0,NA,NA,2582,50.3401
4545,10239,root,0,NA,NA,10239,50.3389
4546,864,root,0,NA,NA,864,50.338
4547,4647,root,0,NA,NA,4647,50.3358
4548,13753,root,0,NA,NA,13753,50.3341
4549,17560,root,0,NA,NA,17560,50.3333
4550,428,root,0,NA,NA,428,50.3229
4551,6876,root,0,NA,NA,6876,50.3181
4552,8219,root,0,NA,NA,8219,50.3179
4553,4901,root,0,NA,NA,4901,50.3176
4554,6849,root,0,NA,NA,6849,50.3164
4555,12700,root,0,NA,NA,12700,50.3144
4556,15462,root,0,NA,NA,15462,50.3124
4557,6406,root,0,NA,NA,6406,50.3013
4558,14672,root,0,NA,NA,14672,50.3006
4559,4552,root,0,NA,NA,4552,50.2964
4560,16111,root,0,NA,NA,16111,50.2958
4561,8637,root,0,NA,NA,8637,50.2954
4562,15268,root,0,NA,NA,15268,50.2924
4563,4119,root,0,NA,NA,4119,50.2906
4564,16098,root,0,NA,NA,16098,50.2895
4565,16138,root,0,NA,NA,16138,50.2891
4566,2676,root,0,NA,NA,2676,50.2831
4567,1048,root,0,NA,NA,1048,50.2809
4568,7176,root,0,NA,NA,7176,50.2801
4569,19196,root,0,NA,NA,19196,50.2795
4570,7771,root,0,NA,NA,7771,50.2743
4571,7773,root,0,NA,NA,7773,50.2743
4572,7776,root,0,NA,NA,7776,50.2743
4573,7781,root,0,NA,NA,7781,50.2743
4574,7784,root,0,NA,NA,7784,50.2743
4575,6608,root,0,NA,NA,6608,50.2712
4576,14449,root,0,NA,NA,14449,50.2695
4577,12899,root,0,NA,NA,12899,50.2672
4578,11967,root,0,NA,NA,11967,50.2656
4579,8939,root,0,NA,NA,8939,50.2568
4580,12648,root,0,NA,NA,12648,50.2557
4581,3676,root,0,NA,NA,3676,50.2492
4582,15641,root,0,NA,NA,15641,50.2489
4583,5637,root,0,NA,NA,5637,50.2487
4584,1059,root,0,NA,NA,1059,50.2393
4585,10103,root,0,NA,NA,10103,50.2351
4586,1704,root,0,NA,NA,1704,50.2346
4587,1076,root,0,NA,NA,1076,50.2319
4588,11962,root,0,NA,NA,11962,50.2308
4589,10352,root,0,NA,NA,10352,50.2285
4590,8934,root,0,NA,NA,8934,50.2223
4591,7514,root,0,NA,NA,7514,50.2194
4592,3493,root,0,NA,NA,3493,50.2188
4593,18866,root,0,NA,NA,18866,50.2178
4594,11354,root,0,NA,NA,11354,50.2178
4595,1057,root,0,NA,NA,1057,50.214
4596,13698,root,0,NA,NA,13698,50.2102
4597,5709,root,0,NA,NA,5709,50.2081
4598,5896,root,0,NA,NA,5896,50.2071
4599,3560,root,0,NA,NA,3560,50.2064
4600,7245,root,0,NA,NA,7245,50.2062
4601,12671,root,0,NA,NA,12671,50.2034
4602,11033,root,0,NA,NA,11033,50.1942
4603,10778,root,0,NA,NA,10778,50.1882
4604,15047,root,0,NA,NA,15047,50.1845
4605,15823,root,0,NA,NA,15823,50.1806
4606,12912,root,0,NA,NA,12912,50.1769
4607,9368,root,0,NA,NA,9368,50.1713
4608,8629,root,0,NA,NA,8629,50.1706
4609,7849,root,0,NA,NA,7849,50.1649
4610,1523,root,0,NA,NA,1523,50.1591
4611,2412,root,0,NA,NA,2412,50.1514
4612,967,root,0,NA,NA,967,50.1497
4613,6765,root,0,NA,NA,6765,50.1429
4614,1817,root,0,NA,NA,1817,50.1417
4615,15760,root,0,NA,NA,15760,50.1409
4616,6349,root,0,NA,NA,6349,50.1408
4617,728,root,0,NA,NA,728,50.1404
4618,14874,root,0,NA,NA,14874,50.1362
4619,15296,root,0,NA,NA,15296,50.1308
4620,10036,root,0,NA,NA,10036,50.1207
4621,14799,root,0,NA,NA,14799,50.1179
4622,1747,root,0,NA,NA,1747,50.1171
4623,6173,root,0,NA,NA,6173,50.1162
4624,100,root,0,NA,NA,100,50.1155
4625,10012,root,0,NA,NA,10012,50.1144
4626,627,root,0,NA,NA,627,50.1111
4627,17827,root,0,NA,NA,17827,50.1021
4628,7231,root,0,NA,NA,7231,50.1018
4629,2632,root,0,NA,NA,2632,50.0986
4630,1809,root,0,NA,NA,1809,50.0975
4631,6069,root,0,NA,NA,6069,50.0868
4632,18591,root,0,NA,NA,18591,50.0851
4633,7689,root,0,NA,NA,7689,50.0822
4634,5669,root,0,NA,NA,5669,50.08
4635,9078,root,0,NA,NA,9078,50.0772
4636,6512,root,0,NA,NA,6512,50.0743
4637,1002,root,0,NA,NA,1002,50.0731
4638,2653,root,0,NA,NA,2653,50.0709
4639,10148,root,0,NA,NA,10148,50.0657
4640,6129,root,0,NA,NA,6129,50.0548
4641,6142,root,0,NA,NA,6142,50.0548
4642,5166,root,0,NA,NA,5166,50.0501
4643,15882,root,0,NA,NA,15882,50.0468
4644,16399,root,0,NA,NA,16399,50.0464
4645,1226,root,0,NA,NA,1226,50.0455
4646,7221,root,0,NA,NA,7221,50.0415
4647,10085,root,0,NA,NA,10085,50.0411
4648,1055,root,0,NA,NA,1055,50.0405
4649,17628,root,0,NA,NA,17628,50.0386
4650,5597,root,0,NA,NA,5597,50.0371
4651,4280,root,0,NA,NA,4280,50.036
4652,17991,root,0,NA,NA,17991,50.0357
4653,9564,root,0,NA,NA,9564,50.0353
4654,889,root,0,NA,NA,889,50.035
4655,15185,root,0,NA,NA,15185,50.0268
4656,7457,root,0,NA,NA,7457,50.0255
4657,6467,root,0,NA,NA,6467,50.0241
4658,17,root,0,NA,NA,17,50.0229
4659,5648,root,0,NA,NA,5648,50.0227
4660,3412,root,0,NA,NA,3412,50.022
4661,6283,root,0,NA,NA,6283,50.0203
4662,6419,root,0,NA,NA,6419,50.0143
4663,4334,root,0,NA,NA,4334,50.0117
4664,8448,root,0,NA,NA,8448,50.0099
4665,12331,root,0,NA,NA,12331,50.0071
4666,12227,root,0,NA,NA,12227,49.998
4667,3099,root,0,NA,NA,3099,49.9959
4668,8558,root,0,NA,NA,8558,49.9921
4669,1285,root,0,NA,NA,1285,49.9782
4670,5224,root,0,NA,NA,5224,49.9782
4671,8587,root,0,NA,NA,8587,49.9775
4672,16818,root,0,NA,NA,16818,49.9769
4673,15850,root,0,NA,NA,15850,49.9732
4674,16255,root,0,NA,NA,16255,49.9712
4675,7554,root,0,NA,NA,7554,49.97
4676,16725,root,0,NA,NA,16725,49.9678
4677,4095,root,0,NA,NA,4095,49.9671
4678,9532,root,0,NA,NA,9532,49.9669
4679,4202,root,0,NA,NA,4202,49.9662
4680,2176,root,0,NA,NA,2176,49.9628
4681,11494,root,0,NA,NA,11494,49.9627
4682,17103,root,0,NA,NA,17103,49.9605
4683,10637,root,0,NA,NA,10637,49.954
4684,1389,root,0,NA,NA,1389,49.953
4685,13302,root,0,NA,NA,13302,49.9447
4686,16440,root,0,NA,NA,16440,49.935
4687,7550,root,0,NA,NA,7550,49.935
4688,5534,root,0,NA,NA,5534,49.9307
4689,17618,root,0,NA,NA,17618,49.93
4690,958,root,0,NA,NA,958,49.9274
4691,976,root,0,NA,NA,976,49.9205
4692,4942,root,0,NA,NA,4942,49.9193
4693,1060,root,0,NA,NA,1060,49.918
4694,4779,root,0,NA,NA,4779,49.903
4695,7902,root,0,NA,NA,7902,49.9009
4696,17275,root,0,NA,NA,17275,49.9008
4697,1780,root,0,NA,NA,1780,49.8999
4698,1908,root,0,NA,NA,1908,49.8915
4699,12491,root,0,NA,NA,12491,49.8717
4700,7253,root,0,NA,NA,7253,49.8647
4701,17840,root,0,NA,NA,17840,49.8626
4702,4024,root,0,NA,NA,4024,49.8598
4703,7830,root,0,NA,NA,7830,49.8586
4704,15141,root,0,NA,NA,15141,49.8569
4705,6938,root,0,NA,NA,6938,49.8518
4706,12833,root,0,NA,NA,12833,49.8509
4707,19022,root,0,NA,NA,19022,49.8488
4708,11553,root,0,NA,NA,11553,49.8479
4709,4692,root,0,NA,NA,4692,49.8409
4710,18592,root,0,NA,NA,18592,49.8362
4711,6435,root,0,NA,NA,6435,49.8299
4712,2619,root,0,NA,NA,2619,49.8219
4713,1279,root,0,NA,NA,1279,49.8164
4714,6315,root,0,NA,NA,6315,49.8156
4715,9685,root,0,NA,NA,9685,49.8114
4716,6365,root,0,NA,NA,6365,49.8039
4717,2150,root,0,NA,NA,2150,49.8006
4718,13408,root,0,NA,NA,13408,49.8001
4719,19358,root,0,NA,NA,19358,49.7992
4720,2603,root,0,NA,NA,2603,49.7974
4721,933,root,0,NA,NA,933,49.7969
4722,15804,root,0,NA,NA,15804,49.7943
4723,18279,root,0,NA,NA,18279,49.7876
4724,10553,root,0,NA,NA,10553,49.7863
4725,6896,root,0,NA,NA,6896,49.7801
4726,6077,root,0,NA,NA,6077,49.7779
4727,5568,root,0,NA,NA,5568,49.7772
4728,15472,root,0,NA,NA,15472,49.776
4729,2785,root,0,NA,NA,2785,49.7746
4730,9891,root,0,NA,NA,9891,49.7714
4731,3793,root,0,NA,NA,3793,49.7666
4732,1047,root,0,NA,NA,1047,49.766
4733,445,root,0,NA,NA,445,49.7657
4734,18926,root,0,NA,NA,18926,49.7624
4735,18109,root,0,NA,NA,18109,49.7535
4736,6610,root,0,NA,NA,6610,49.7517
4737,5909,root,0,NA,NA,5909,49.7516
4738,10742,root,0,NA,NA,10742,49.7406
4739,13413,root,0,NA,NA,13413,49.7375
4740,9349,root,0,NA,NA,9349,49.737
4741,3867,root,0,NA,NA,3867,49.7276
4742,183,root,0,NA,NA,183,49.7272
4743,2801,root,0,NA,NA,2801,49.7227
4744,8846,root,0,NA,NA,8846,49.7201
4745,18121,root,0,NA,NA,18121,49.7176
4746,9153,root,0,NA,NA,9153,49.7154
4747,12603,root,0,NA,NA,12603,49.715
4748,7385,root,0,NA,NA,7385,49.7118
4749,9599,root,0,NA,NA,9599,49.6984
4750,7472,root,0,NA,NA,7472,49.6936
4751,226,root,0,NA,NA,226,49.691
4752,7522,root,0,NA,NA,7522,49.6881
4753,3489,root,0,NA,NA,3489,49.677
4754,11036,root,0,NA,NA,11036,49.6767
4755,1615,root,0,NA,NA,1615,49.6692
4756,946,root,0,NA,NA,946,49.6689
4757,11012,root,0,NA,NA,11012,49.6659
4758,5481,root,0,NA,NA,5481,49.6658
4759,5776,root,0,NA,NA,5776,49.6601
4760,9745,root,0,NA,NA,9745,49.6594
4761,8490,root,0,NA,NA,8490,49.6525
4762,8493,root,0,NA,NA,8493,49.6525
4763,8498,root,0,NA,NA,8498,49.6525
4764,8501,root,0,NA,NA,8501,49.6525
4765,1699,root,0,NA,NA,1699,49.6468
4766,1901,root,0,NA,NA,1901,49.6468
4767,14094,root,0,NA,NA,14094,49.6385
4768,18432,root,0,NA,NA,18432,49.6345
4769,13972,root,0,NA,NA,13972,49.6324
4770,13277,root,0,NA,NA,13277,49.6291
4771,3921,root,0,NA,NA,3921,49.6225
4772,12261,root,0,NA,NA,12261,49.6221
4773,1581,root,0,NA,NA,1581,49.6197
4774,11654,root,0,NA,NA,11654,49.6187
4775,14342,root,0,NA,NA,14342,49.6172
4776,17055,root,0,NA,NA,17055,49.6135
4777,17522,root,0,NA,NA,17522,49.61
4778,9894,root,0,NA,NA,9894,49.6088
4779,10711,root,0,NA,NA,10711,49.6046
4780,9083,root,0,NA,NA,9083,49.6044
4781,7081,root,0,NA,NA,7081,49.6036
4782,15251,root,0,NA,NA,15251,49.6021
4783,11795,root,0,NA,NA,11795,49.6011
4784,15242,root,0,NA,NA,15242,49.5954
4785,6328,root,0,NA,NA,6328,49.5906
4786,3078,root,0,NA,NA,3078,49.5877
4787,3965,root,0,NA,NA,3965,49.5844
4788,6339,root,0,NA,NA,6339,49.571
4789,1129,root,0,NA,NA,1129,49.57
4790,599,root,0,NA,NA,599,49.5676
4791,691,root,0,NA,NA,691,49.5665
4792,6411,root,0,NA,NA,6411,49.5661
4793,2267,root,0,NA,NA,2267,49.5646
4794,16461,root,0,NA,NA,16461,49.5525
4795,11556,root,0,NA,NA,11556,49.5514
4796,7867,root,0,NA,NA,7867,49.5474
4797,19845,root,0,NA,NA,19845,49.5464
4798,4488,root,0,NA,NA,4488,49.5457
4799,1738,root,0,NA,NA,1738,49.5421
4800,12223,root,0,NA,NA,12223,49.5421
4801,10737,root,0,NA,NA,10737,49.542
4802,10766,root,0,NA,NA,10766,49.5415
4803,15963,root,0,NA,NA,15963,49.5379
4804,3410,root,0,NA,NA,3410,49.5373
4805,1450,root,0,NA,NA,1450,49.5369
4806,3764,root,0,NA,NA,3764,49.5332
4807,8598,root,0,NA,NA,8598,49.5328
4808,9086,root,0,NA,NA,9086,49.5315
4809,7205,root,0,NA,NA,7205,49.5279
4810,1712,root,0,NA,NA,1712,49.5257
4811,7843,root,0,NA,NA,7843,49.5177
4812,14281,root,0,NA,NA,14281,49.5171
4813,940,root,0,NA,NA,940,49.5168
4814,4082,root,0,NA,NA,4082,49.5145
4815,1074,root,0,NA,NA,1074,49.5121
4816,16212,root,0,NA,NA,16212,49.5056
4817,17452,root,0,NA,NA,17452,49.5022
4818,3900,root,0,NA,NA,3900,49.5021
4819,15874,root,0,NA,NA,15874,49.5005
4820,15588,root,0,NA,NA,15588,49.497
4821,963,root,0,NA,NA,963,49.4904
4822,1298,root,0,NA,NA,1298,49.4864
4823,6472,root,0,NA,NA,6472,49.4839
4824,1636,root,0,NA,NA,1636,49.4827
4825,11560,root,0,NA,NA,11560,49.471
4826,9605,root,0,NA,NA,9605,49.4707
4827,11591,root,0,NA,NA,11591,49.465
4828,8771,root,0,NA,NA,8771,49.4645
4829,17008,root,0,NA,NA,17008,49.4588
4830,12747,root,0,NA,NA,12747,49.4586
4831,3059,root,0,NA,NA,3059,49.4534
4832,1224,root,0,NA,NA,1224,49.4529
4833,3222,root,0,NA,NA,3222,49.4504
4834,4108,root,0,NA,NA,4108,49.4483
4835,6773,root,0,NA,NA,6773,49.4445
4836,4351,root,0,NA,NA,4351,49.443
4837,17045,root,0,NA,NA,17045,49.4424
4838,18856,root,0,NA,NA,18856,49.4415
4839,2789,root,0,NA,NA,2789,49.4388
4840,983,root,0,NA,NA,983,49.4386
4841,10988,root,0,NA,NA,10988,49.4379
4842,1245,root,0,NA,NA,1245,49.4352
4843,15239,root,0,NA,NA,15239,49.4348
4844,1860,root,0,NA,NA,1860,49.4316
4845,7889,root,0,NA,NA,7889,49.4275
4846,3854,root,0,NA,NA,3854,49.416
4847,2238,root,0,NA,NA,2238,49.4123
4848,8064,root,0,NA,NA,8064,49.4119
4849,3888,root,0,NA,NA,3888,49.4087
4850,9139,root,0,NA,NA,9139,49.4055
4851,9410,root,0,NA,NA,9410,49.405
4852,6375,root,0,NA,NA,6375,49.4032
4853,217,root,0,NA,NA,217,49.3997
4854,7999,root,0,NA,NA,7999,49.3945
4855,8929,root,0,NA,NA,8929,49.3942
4856,9495,root,0,NA,NA,9495,49.3875
4857,3611,root,0,NA,NA,3611,49.3872
4858,6082,root,0,NA,NA,6082,49.3844
4859,5959,root,0,NA,NA,5959,49.3718
4860,898,root,0,NA,NA,898,49.3714
4861,19167,root,0,NA,NA,19167,49.3714
4862,16470,root,0,NA,NA,16470,49.3657
4863,9428,root,0,NA,NA,9428,49.3652
4864,15780,root,0,NA,NA,15780,49.3617
4865,10787,root,0,NA,NA,10787,49.3586
4866,9930,root,0,NA,NA,9930,49.3499
4867,8108,root,0,NA,NA,8108,49.349
4868,830,root,0,NA,NA,830,49.3478
4869,13663,root,0,NA,NA,13663,49.3463
4870,2278,root,0,NA,NA,2278,49.344
4871,15411,root,0,NA,NA,15411,49.3433
4872,8597,root,0,NA,NA,8597,49.3379
4873,6875,root,0,NA,NA,6875,49.3367
4874,7161,root,0,NA,NA,7161,49.3342
4875,9612,root,0,NA,NA,9612,49.33
4876,6469,root,0,NA,NA,6469,49.3276
4877,11372,root,0,NA,NA,11372,49.3258
4878,13106,root,0,NA,NA,13106,49.3229
4879,9893,root,0,NA,NA,9893,49.3153
4880,13985,root,0,NA,NA,13985,49.3147
4881,5506,root,0,NA,NA,5506,49.3139
4882,6448,root,0,NA,NA,6448,49.3133
4883,5838,root,0,NA,NA,5838,49.3119
4884,2723,root,0,NA,NA,2723,49.3065
4885,13346,root,0,NA,NA,13346,49.3051
4886,5888,root,0,NA,NA,5888,49.3049
4887,14044,root,0,NA,NA,14044,49.3039
4888,2887,root,0,NA,NA,2887,49.2936
4889,7865,root,0,NA,NA,7865,49.2921
4890,3467,root,0,NA,NA,3467,49.2846
4891,18769,root,0,NA,NA,18769,49.2833
4892,225,root,0,NA,NA,225,49.2822
4893,2921,root,0,NA,NA,2921,49.2806
4894,8687,root,0,NA,NA,8687,49.2778
4895,7659,root,0,NA,NA,7659,49.2776
4896,5188,root,0,NA,NA,5188,49.2746
4897,9889,root,0,NA,NA,9889,49.2724
4898,851,root,0,NA,NA,851,49.2696
4899,1874,root,0,NA,NA,1874,49.2693
4900,2820,root,0,NA,NA,2820,49.2681
4901,7880,root,0,NA,NA,7880,49.2659
4902,11227,root,0,NA,NA,11227,49.2618
4903,2744,root,0,NA,NA,2744,49.2589
4904,1777,root,0,NA,NA,1777,49.2389
4905,415,root,0,NA,NA,415,49.238
4906,11295,root,0,NA,NA,11295,49.2309
4907,11176,root,0,NA,NA,11176,49.23
4908,13535,root,0,NA,NA,13535,49.2294
4909,4388,root,0,NA,NA,4388,49.2292
4910,6457,root,0,NA,NA,6457,49.2281
4911,15204,root,0,NA,NA,15204,49.2221
4912,14348,root,0,NA,NA,14348,49.2202
4913,12999,root,0,NA,NA,12999,49.214
4914,7157,root,0,NA,NA,7157,49.2118
4915,7414,root,0,NA,NA,7414,49.2109
4916,8703,root,0,NA,NA,8703,49.2078
4917,3908,root,0,NA,NA,3908,49.2078
4918,10197,root,0,NA,NA,10197,49.207
4919,3142,root,0,NA,NA,3142,49.2025
4920,14649,root,0,NA,NA,14649,49.2017
4921,14595,root,0,NA,NA,14595,49.201
4922,13410,root,0,NA,NA,13410,49.2009
4923,1806,root,0,NA,NA,1806,49.1962
4924,1665,root,0,NA,NA,1665,49.1943
4925,1364,root,0,NA,NA,1364,49.1941
4926,7096,root,0,NA,NA,7096,49.1909
4927,2543,root,0,NA,NA,2543,49.1876
4928,4074,root,0,NA,NA,4074,49.1863
4929,11032,root,0,NA,NA,11032,49.1858
4930,6433,root,0,NA,NA,6433,49.1856
4931,19170,root,0,NA,NA,19170,49.1833
4932,373,root,0,NA,NA,373,49.1824
4933,5810,root,0,NA,NA,5810,49.1783
4934,10227,root,0,NA,NA,10227,49.1775
4935,1180,root,0,NA,NA,1180,49.1765
4936,2322,root,0,NA,NA,2322,49.1705
4937,6668,root,0,NA,NA,6668,49.1668
4938,15994,root,0,NA,NA,15994,49.1543
4939,9287,root,0,NA,NA,9287,49.1509
4940,15145,root,0,NA,NA,15145,49.1508
4941,1182,root,0,NA,NA,1182,49.1445
4942,7244,root,0,NA,NA,7244,49.1435
4943,736,root,0,NA,NA,736,49.1435
4944,1635,root,0,NA,NA,1635,49.1431
4945,12201,root,0,NA,NA,12201,49.1376
4946,4087,root,0,NA,NA,4087,49.1366
4947,6071,root,0,NA,NA,6071,49.1253
4948,8572,root,0,NA,NA,8572,49.1251
4949,4626,root,0,NA,NA,4626,49.1228
4950,3108,root,0,NA,NA,3108,49.104
4951,15375,root,0,NA,NA,15375,49.1037
4952,14976,root,0,NA,NA,14976,49.1032
4953,14680,root,0,NA,NA,14680,49.1008
4954,15062,root,0,NA,NA,15062,49.099
4955,7169,root,0,NA,NA,7169,49.0969
4956,13297,root,0,NA,NA,13297,49.094
4957,3815,root,0,NA,NA,3815,49.0914
4958,7640,root,0,NA,NA,7640,49.0851
4959,18830,root,0,NA,NA,18830,49.0754
4960,9804,root,0,NA,NA,9804,49.0737
4961,12344,root,0,NA,NA,12344,49.0684
4962,5174,root,0,NA,NA,5174,49.0649
4963,7922,root,0,NA,NA,7922,49.0648
4964,10813,root,0,NA,NA,10813,49.0602
4965,7164,root,0,NA,NA,7164,49.0598
4966,4037,root,0,NA,NA,4037,49.0577
4967,7891,root,0,NA,NA,7891,49.0534
4968,1213,root,0,NA,NA,1213,49.0534
4969,7098,root,0,NA,NA,7098,49.0517
4970,6857,root,0,NA,NA,6857,49.0496
4971,4573,root,0,NA,NA,4573,49.0464
4972,1042,root,0,NA,NA,1042,49.0417
4973,4566,root,0,NA,NA,4566,49.035
4974,4571,root,0,NA,NA,4571,49.035
4975,4574,root,0,NA,NA,4574,49.035
4976,4579,root,0,NA,NA,4579,49.035
4977,4587,root,0,NA,NA,4587,49.035
4978,9321,root,0,NA,NA,9321,49.0334
4979,5310,root,0,NA,NA,5310,49.0316
4980,670,root,0,NA,NA,670,49.0179
4981,16308,root,0,NA,NA,16308,49.0158
4982,1258,root,0,NA,NA,1258,49.0136
4983,3360,root,0,NA,NA,3360,49.0096
4984,1746,root,0,NA,NA,1746,49.0081
4985,1020,root,0,NA,NA,1020,49.004
4986,1614,root,0,NA,NA,1614,48.9963
4987,4705,root,0,NA,NA,4705,48.9939
4988,4982,root,0,NA,NA,4982,48.99
4989,4414,root,0,NA,NA,4414,48.9753
4990,12413,root,0,NA,NA,12413,48.9648
4991,10886,root,0,NA,NA,10886,48.9614
4992,3446,root,0,NA,NA,3446,48.9587
4993,14059,root,0,NA,NA,14059,48.9508
4994,2280,root,0,NA,NA,2280,48.9449
4995,1657,root,0,NA,NA,1657,48.9404
4996,17992,root,0,NA,NA,17992,48.9393
4997,4992,root,0,NA,NA,4992,48.9358
4998,9892,root,0,NA,NA,9892,48.9329
4999,2232,root,0,NA,NA,2232,48.9312
5000,4629,root,0,NA,NA,4629,48.9258
5001,4642,root,0,NA,NA,4642,48.9258
5002,7179,root,0,NA,NA,7179,48.9243
5003,339,root,0,NA,NA,339,48.924
5004,769,root,0,NA,NA,769,48.9219
5005,1479,root,0,NA,NA,1479,48.9216
5006,3873,root,0,NA,NA,3873,48.9168
5007,1830,root,0,NA,NA,1830,48.9165
5008,8927,root,0,NA,NA,8927,48.9139
5009,16945,root,0,NA,NA,16945,48.9106
5010,2127,root,0,NA,NA,2127,48.9091
5011,4428,root,0,NA,NA,4428,48.9068
5012,5106,root,0,NA,NA,5106,48.9048
5013,3726,root,0,NA,NA,3726,48.8954
5014,9604,root,0,NA,NA,9604,48.8902
5015,13041,root,0,NA,NA,13041,48.8851
5016,5995,root,0,NA,NA,5995,48.8835
5017,18157,root,0,NA,NA,18157,48.8825
5018,16979,root,0,NA,NA,16979,48.8806
5019,3692,root,0,NA,NA,3692,48.8805
5020,7022,root,0,NA,NA,7022,48.877
5021,17241,root,0,NA,NA,17241,48.8762
5022,243,root,0,NA,NA,243,48.8629
5023,10278,root,0,NA,NA,10278,48.8582
5024,2947,root,0,NA,NA,2947,48.8577
5025,4367,root,0,NA,NA,4367,48.8573
5026,17841,root,0,NA,NA,17841,48.857
5027,6826,root,0,NA,NA,6826,48.8529
5028,15315,root,0,NA,NA,15315,48.8426
5029,12449,root,0,NA,NA,12449,48.842
5030,8715,root,0,NA,NA,8715,48.841
5031,18771,root,0,NA,NA,18771,48.8406
5032,2564,root,0,NA,NA,2564,48.8404
5033,3929,root,0,NA,NA,3929,48.836
5034,1623,root,0,NA,NA,1623,48.8317
5035,703,root,0,NA,NA,703,48.8281
5036,6388,root,0,NA,NA,6388,48.824
5037,12190,root,0,NA,NA,12190,48.8195
5038,6592,root,0,NA,NA,6592,48.8151
5039,3787,root,0,NA,NA,3787,48.8125
5040,9825,root,0,NA,NA,9825,48.8117
5041,6653,root,0,NA,NA,6653,48.8112
5042,856,root,0,NA,NA,856,48.8047
5043,2845,root,0,NA,NA,2845,48.8035
5044,2132,root,0,NA,NA,2132,48.8031
5045,6459,root,0,NA,NA,6459,48.8014
5046,7461,root,0,NA,NA,7461,48.8004
5047,3391,root,0,NA,NA,3391,48.7994
5048,980,root,0,NA,NA,980,48.7955
5049,1162,root,0,NA,NA,1162,48.7931
5050,19646,root,0,NA,NA,19646,48.7919
5051,9130,root,0,NA,NA,9130,48.7912
5052,9088,root,0,NA,NA,9088,48.7911
5053,803,root,0,NA,NA,803,48.7897
5054,4215,root,0,NA,NA,4215,48.7888
5055,2940,root,0,NA,NA,2940,48.7871
5056,12613,root,0,NA,NA,12613,48.778
5057,3781,root,0,NA,NA,3781,48.7774
5058,3786,root,0,NA,NA,3786,48.7774
5059,3794,root,0,NA,NA,3794,48.7774
5060,3802,root,0,NA,NA,3802,48.7774
5061,3807,root,0,NA,NA,3807,48.7774
5062,7778,root,0,NA,NA,7778,48.7757
5063,4354,root,0,NA,NA,4354,48.775
5064,2265,root,0,NA,NA,2265,48.7737
5065,1187,root,0,NA,NA,1187,48.7706
5066,3171,root,0,NA,NA,3171,48.7638
5067,14009,root,0,NA,NA,14009,48.7629
5068,2640,root,0,NA,NA,2640,48.7585
5069,5245,root,0,NA,NA,5245,48.7582
5070,1515,root,0,NA,NA,1515,48.758
5071,11565,root,0,NA,NA,11565,48.7482
5072,4820,root,0,NA,NA,4820,48.7442
5073,1412,root,0,NA,NA,1412,48.741
5074,3323,root,0,NA,NA,3323,48.737
5075,16570,root,0,NA,NA,16570,48.734
5076,13532,root,0,NA,NA,13532,48.7317
5077,11426,root,0,NA,NA,11426,48.7281
5078,10918,root,0,NA,NA,10918,48.7279
5079,7804,root,0,NA,NA,7804,48.7243
5080,8100,root,0,NA,NA,8100,48.7241
5081,18472,root,0,NA,NA,18472,48.7192
5082,12085,root,0,NA,NA,12085,48.7155
5083,10608,root,0,NA,NA,10608,48.7145
5084,13067,root,0,NA,NA,13067,48.7126
5085,9714,root,0,NA,NA,9714,48.7126
5086,6517,root,0,NA,NA,6517,48.7038
5087,10069,root,0,NA,NA,10069,48.7036
5088,4682,root,0,NA,NA,4682,48.7029
5089,4969,root,0,NA,NA,4969,48.7017
5090,2702,root,0,NA,NA,2702,48.6989
5091,1683,root,0,NA,NA,1683,48.6974
5092,3725,root,0,NA,NA,3725,48.6964
5093,9075,root,0,NA,NA,9075,48.6944
5094,8723,root,0,NA,NA,8723,48.6835
5095,275,root,0,NA,NA,275,48.6814
5096,2220,root,0,NA,NA,2220,48.677
5097,6983,root,0,NA,NA,6983,48.6732
5098,18779,root,0,NA,NA,18779,48.6725
5099,11721,root,0,NA,NA,11721,48.6681
5100,7336,root,0,NA,NA,7336,48.6618
5101,400,root,0,NA,NA,400,48.6546
5102,8494,root,0,NA,NA,8494,48.6481
5103,8166,root,0,NA,NA,8166,48.6442
5104,6888,root,0,NA,NA,6888,48.6405
5105,8122,root,0,NA,NA,8122,48.6341
5106,4964,root,0,NA,NA,4964,48.6336
5107,2377,root,0,NA,NA,2377,48.623
5108,9002,root,0,NA,NA,9002,48.621
5109,877,root,0,NA,NA,877,48.6196
5110,5351,root,0,NA,NA,5351,48.6098
5111,10550,root,0,NA,NA,10550,48.6077
5112,3085,root,0,NA,NA,3085,48.6062
5113,5103,root,0,NA,NA,5103,48.6061
5114,3737,root,0,NA,NA,3737,48.6055
5115,5967,root,0,NA,NA,5967,48.603
5116,476,root,0,NA,NA,476,48.6022
5117,6155,root,0,NA,NA,6155,48.6001
5118,394,root,0,NA,NA,394,48.592
5119,17482,root,0,NA,NA,17482,48.5914
5120,5064,root,0,NA,NA,5064,48.5898
5121,11224,root,0,NA,NA,11224,48.5835
5122,327,root,0,NA,NA,327,48.5725
5123,2189,root,0,NA,NA,2189,48.563
5124,12475,root,0,NA,NA,12475,48.555
5125,1036,root,0,NA,NA,1036,48.5492
5126,2684,root,0,NA,NA,2684,48.5491
5127,14600,root,0,NA,NA,14600,48.5489
5128,9062,root,0,NA,NA,9062,48.5486
5129,7870,root,0,NA,NA,7870,48.5461
5130,1725,root,0,NA,NA,1725,48.5403
5131,6470,root,0,NA,NA,6470,48.5359
5132,10120,root,0,NA,NA,10120,48.5352
5133,3543,root,0,NA,NA,3543,48.5327
5134,6331,root,0,NA,NA,6331,48.531
5135,12256,root,0,NA,NA,12256,48.5273
5136,9316,root,0,NA,NA,9316,48.5247
5137,2030,root,0,NA,NA,2030,48.5206
5138,2736,root,0,NA,NA,2736,48.5206
5139,5425,root,0,NA,NA,5425,48.5167
5140,1317,root,0,NA,NA,1317,48.5134
5141,1325,root,0,NA,NA,1325,48.5134
5142,1338,root,0,NA,NA,1338,48.5134
5143,1346,root,0,NA,NA,1346,48.5134
5144,14340,root,0,NA,NA,14340,48.5124
5145,23,root,0,NA,NA,23,48.5053
5146,4100,root,0,NA,NA,4100,48.505
5147,1818,root,0,NA,NA,1818,48.5036
5148,14929,root,0,NA,NA,14929,48.4999
5149,7443,root,0,NA,NA,7443,48.4964
5150,14785,root,0,NA,NA,14785,48.4825
5151,9187,root,0,NA,NA,9187,48.4809
5152,7106,root,0,NA,NA,7106,48.4793
5153,4364,root,0,NA,NA,4364,48.4726
5154,18462,root,0,NA,NA,18462,48.4693
5155,1398,root,0,NA,NA,1398,48.4668
5156,1406,root,0,NA,NA,1406,48.4668
5157,1411,root,0,NA,NA,1411,48.4668
5158,1419,root,0,NA,NA,1419,48.4668
5159,1432,root,0,NA,NA,1432,48.4668
5160,12750,root,0,NA,NA,12750,48.465
5161,8250,root,0,NA,NA,8250,48.4643
5162,6836,root,0,NA,NA,6836,48.4579
5163,7595,root,0,NA,NA,7595,48.4572
5164,6902,root,0,NA,NA,6902,48.4496
5165,14107,root,0,NA,NA,14107,48.4455
5166,3433,root,0,NA,NA,3433,48.4427
5167,470,root,0,NA,NA,470,48.4409
5168,12036,root,0,NA,NA,12036,48.4397
5169,6971,root,0,NA,NA,6971,48.4383
5170,7083,root,0,NA,NA,7083,48.4349
5171,4237,root,0,NA,NA,4237,48.4348
5172,5124,root,0,NA,NA,5124,48.4323
5173,18799,root,0,NA,NA,18799,48.4305
5174,6233,root,0,NA,NA,6233,48.4291
5175,6438,root,0,NA,NA,6438,48.4283
5176,6443,root,0,NA,NA,6443,48.4283
5177,4462,root,0,NA,NA,4462,48.4283
5178,8770,root,0,NA,NA,8770,48.4277
5179,534,root,0,NA,NA,534,48.427
5180,7017,root,0,NA,NA,7017,48.4263
5181,2291,root,0,NA,NA,2291,48.422
5182,1793,root,0,NA,NA,1793,48.4138
5183,366,root,0,NA,NA,366,48.4137
5184,2257,root,0,NA,NA,2257,48.4128
5185,2270,root,0,NA,NA,2270,48.4084
5186,102,root,0,NA,NA,102,48.4018
5187,18562,root,0,NA,NA,18562,48.3976
5188,9010,root,0,NA,NA,9010,48.3953
5189,11456,root,0,NA,NA,11456,48.3926
5190,5877,root,0,NA,NA,5877,48.3862
5191,7089,root,0,NA,NA,7089,48.3801
5192,911,root,0,NA,NA,911,48.3587
5193,1103,root,0,NA,NA,1103,48.3585
5194,15670,root,0,NA,NA,15670,48.3482
5195,13658,root,0,NA,NA,13658,48.3454
5196,17028,root,0,NA,NA,17028,48.345
5197,3645,root,0,NA,NA,3645,48.3435
5198,18730,root,0,NA,NA,18730,48.3372
5199,15225,root,0,NA,NA,15225,48.3294
5200,7306,root,0,NA,NA,7306,48.3262
5201,17111,root,0,NA,NA,17111,48.3252
5202,557,root,0,NA,NA,557,48.3149
5203,757,root,0,NA,NA,757,48.3133
5204,18151,root,0,NA,NA,18151,48.313
5205,1070,root,0,NA,NA,1070,48.3122
5206,4092,root,0,NA,NA,4092,48.3081
5207,2163,root,0,NA,NA,2163,48.3077
5208,15400,root,0,NA,NA,15400,48.3058
5209,12156,root,0,NA,NA,12156,48.3055
5210,6132,root,0,NA,NA,6132,48.3021
5211,19349,root,0,NA,NA,19349,48.3009
5212,63,root,0,NA,NA,63,48.3006
5213,13661,root,0,NA,NA,13661,48.2936
5214,17289,root,0,NA,NA,17289,48.2934
5215,2357,root,0,NA,NA,2357,48.2889
5216,18156,root,0,NA,NA,18156,48.288
5217,19326,root,0,NA,NA,19326,48.2876
5218,11727,root,0,NA,NA,11727,48.269
5219,1356,root,0,NA,NA,1356,48.2683
5220,7187,root,0,NA,NA,7187,48.2666
5221,1754,root,0,NA,NA,1754,48.2564
5222,456,root,0,NA,NA,456,48.2449
5223,461,root,0,NA,NA,461,48.2449
5224,469,root,0,NA,NA,469,48.2449
5225,482,root,0,NA,NA,482,48.2449
5226,490,root,0,NA,NA,490,48.2449
5227,18505,root,0,NA,NA,18505,48.2397
5228,7600,root,0,NA,NA,7600,48.2319
5229,12719,root,0,NA,NA,12719,48.2315
5230,12355,root,0,NA,NA,12355,48.231
5231,11359,root,0,NA,NA,11359,48.2303
5232,7364,root,0,NA,NA,7364,48.2263
5233,5525,root,0,NA,NA,5525,48.2261
5234,17738,root,0,NA,NA,17738,48.2236
5235,18450,root,0,NA,NA,18450,48.218
5236,15891,root,0,NA,NA,15891,48.2174
5237,5117,root,0,NA,NA,5117,48.2161
5238,7732,root,0,NA,NA,7732,48.213
5239,19420,root,0,NA,NA,19420,48.2011
5240,5122,root,0,NA,NA,5122,48.1975
5241,518,root,0,NA,NA,518,48.1966
5242,13143,root,0,NA,NA,13143,48.193
5243,6413,root,0,NA,NA,6413,48.1916
5244,6828,root,0,NA,NA,6828,48.1905
5245,2847,root,0,NA,NA,2847,48.1888
5246,3679,root,0,NA,NA,3679,48.1864
5247,7480,root,0,NA,NA,7480,48.1844
5248,8190,root,0,NA,NA,8190,48.1833
5249,5585,root,0,NA,NA,5585,48.17
5250,1545,root,0,NA,NA,1545,48.165
5251,18817,root,0,NA,NA,18817,48.1614
5252,12861,root,0,NA,NA,12861,48.1606
5253,9100,root,0,NA,NA,9100,48.1597
5254,4929,root,0,NA,NA,4929,48.1593
5255,14425,root,0,NA,NA,14425,48.1591
5256,10374,root,0,NA,NA,10374,48.1404
5257,5116,root,0,NA,NA,5116,48.1386
5258,16220,root,0,NA,NA,16220,48.1369
5259,17072,root,0,NA,NA,17072,48.1322
5260,9897,root,0,NA,NA,9897,48.1299
5261,8420,root,0,NA,NA,8420,48.1172
5262,16506,root,0,NA,NA,16506,48.1126
5263,2569,root,0,NA,NA,2569,48.1108
5264,8074,root,0,NA,NA,8074,48.1043
5265,12376,root,0,NA,NA,12376,48.0959
5266,3713,root,0,NA,NA,3713,48.0942
5267,5856,root,0,NA,NA,5856,48.0932
5268,4648,root,0,NA,NA,4648,48.0908
5269,14145,root,0,NA,NA,14145,48.0833
5270,7872,root,0,NA,NA,7872,48.0761
5271,4262,root,0,NA,NA,4262,48.0757
5272,4275,root,0,NA,NA,4275,48.0757
5273,14040,root,0,NA,NA,14040,48.0687
5274,6602,root,0,NA,NA,6602,48.063
5275,1990,root,0,NA,NA,1990,48.0573
5276,6810,root,0,NA,NA,6810,48.0545
5277,3771,root,0,NA,NA,3771,48.0522
5278,8918,root,0,NA,NA,8918,48.0493
5279,1586,root,0,NA,NA,1586,48.0469
5280,3522,root,0,NA,NA,3522,48.0422
5281,3425,root,0,NA,NA,3425,48.0396
5282,3624,root,0,NA,NA,3624,48.0381
5283,8737,root,0,NA,NA,8737,48.0381
5284,12651,root,0,NA,NA,12651,48.0358
5285,1092,root,0,NA,NA,1092,48.032
5286,2095,root,0,NA,NA,2095,48.0294
5287,704,root,0,NA,NA,704,48.0294
5288,3783,root,0,NA,NA,3783,48.0283
5289,3788,root,0,NA,NA,3788,48.0283
5290,3791,root,0,NA,NA,3791,48.0283
5291,3796,root,0,NA,NA,3796,48.0283
5292,3799,root,0,NA,NA,3799,48.0283
5293,3804,root,0,NA,NA,3804,48.0283
5294,3809,root,0,NA,NA,3809,48.0283
5295,3577,root,0,NA,NA,3577,48.0266
5296,2024,root,0,NA,NA,2024,48.0262
5297,18258,root,0,NA,NA,18258,48.0244
5298,16277,root,0,NA,NA,16277,48.0234
5299,9147,root,0,NA,NA,9147,48.0139
5300,1445,root,0,NA,NA,1445,48.0139
5301,3281,root,0,NA,NA,3281,48.0104
5302,19023,root,0,NA,NA,19023,48.0059
5303,1372,root,0,NA,NA,1372,48.0029
5304,19403,root,0,NA,NA,19403,48.0027
5305,4914,root,0,NA,NA,4914,48.0024
5306,17593,root,0,NA,NA,17593,48.001
5307,636,root,0,NA,NA,636,48.0005
5308,18549,root,0,NA,NA,18549,47.9952
5309,3132,root,0,NA,NA,3132,47.9889
5310,16911,root,0,NA,NA,16911,47.9819
5311,5508,root,0,NA,NA,5508,47.9754
5312,5101,root,0,NA,NA,5101,47.9731
5313,6425,root,0,NA,NA,6425,47.9668
5314,7574,root,0,NA,NA,7574,47.9666
5315,2001,root,0,NA,NA,2001,47.9661
5316,17016,root,0,NA,NA,17016,47.9657
5317,6199,root,0,NA,NA,6199,47.9638
5318,4053,root,0,NA,NA,4053,47.9628
5319,9711,root,0,NA,NA,9711,47.9625
5320,6380,root,0,NA,NA,6380,47.961
5321,5883,root,0,NA,NA,5883,47.9589
5322,5493,root,0,NA,NA,5493,47.9565
5323,5067,root,0,NA,NA,5067,47.956
5324,12329,root,0,NA,NA,12329,47.9544
5325,424,root,0,NA,NA,424,47.9533
5326,14337,root,0,NA,NA,14337,47.9507
5327,1756,root,0,NA,NA,1756,47.9485
5328,13459,root,0,NA,NA,13459,47.9457
5329,9124,root,0,NA,NA,9124,47.942
5330,9796,root,0,NA,NA,9796,47.9409
5331,7379,root,0,NA,NA,7379,47.9395
5332,1390,root,0,NA,NA,1390,47.9391
5333,7135,root,0,NA,NA,7135,47.9369
5334,14229,root,0,NA,NA,14229,47.9367
5335,13994,root,0,NA,NA,13994,47.9363
5336,9988,root,0,NA,NA,9988,47.9348
5337,5444,root,0,NA,NA,5444,47.9321
5338,2259,root,0,NA,NA,2259,47.9319
5339,13526,root,0,NA,NA,13526,47.9305
5340,1462,root,0,NA,NA,1462,47.9267
5341,10357,root,0,NA,NA,10357,47.9258
5342,4482,root,0,NA,NA,4482,47.9245
5343,4375,root,0,NA,NA,4375,47.9245
5344,10543,root,0,NA,NA,10543,47.9134
5345,7933,root,0,NA,NA,7933,47.9092
5346,7275,root,0,NA,NA,7275,47.9024
5347,6694,root,0,NA,NA,6694,47.899
5348,3488,root,0,NA,NA,3488,47.8916
5349,6867,root,0,NA,NA,6867,47.8863
5350,6961,root,0,NA,NA,6961,47.8839
5351,6966,root,0,NA,NA,6966,47.8839
5352,6969,root,0,NA,NA,6969,47.8839
5353,6974,root,0,NA,NA,6974,47.8839
5354,6321,root,0,NA,NA,6321,47.8816
5355,8051,root,0,NA,NA,8051,47.8749
5356,843,root,0,NA,NA,843,47.8671
5357,9294,root,0,NA,NA,9294,47.8633
5358,3531,root,0,NA,NA,3531,47.8628
5359,8085,root,0,NA,NA,8085,47.8563
5360,2082,root,0,NA,NA,2082,47.8539
5361,14301,root,0,NA,NA,14301,47.8518
5362,8728,root,0,NA,NA,8728,47.8516
5363,3880,root,0,NA,NA,3880,47.8489
5364,1537,root,0,NA,NA,1537,47.8473
5365,18657,root,0,NA,NA,18657,47.8379
5366,8740,root,0,NA,NA,8740,47.8335
5367,5054,root,0,NA,NA,5054,47.8293
5368,11373,root,0,NA,NA,11373,47.8278
5369,1649,root,0,NA,NA,1649,47.8198
5370,2090,root,0,NA,NA,2090,47.816
5371,1277,root,0,NA,NA,1277,47.8152
5372,1179,root,0,NA,NA,1179,47.8151
5373,15825,root,0,NA,NA,15825,47.8099
5374,18686,root,0,NA,NA,18686,47.7926
5375,9095,root,0,NA,NA,9095,47.7876
5376,9223,root,0,NA,NA,9223,47.7839
5377,1899,root,0,NA,NA,1899,47.7793
5378,8258,root,0,NA,NA,8258,47.7792
5379,7991,root,0,NA,NA,7991,47.7753
5380,2318,root,0,NA,NA,2318,47.7708
5381,5527,root,0,NA,NA,5527,47.766
5382,1686,root,0,NA,NA,1686,47.7642
5383,10082,root,0,NA,NA,10082,47.7596
5384,3459,root,0,NA,NA,3459,47.7565
5385,4398,root,0,NA,NA,4398,47.7519
5386,15614,root,0,NA,NA,15614,47.7518
5387,7344,root,0,NA,NA,7344,47.7446
5388,6831,root,0,NA,NA,6831,47.7407
5389,5768,root,0,NA,NA,5768,47.7374
5390,10210,root,0,NA,NA,10210,47.7373
5391,14951,root,0,NA,NA,14951,47.737
5392,13894,root,0,NA,NA,13894,47.7358
5393,7983,root,0,NA,NA,7983,47.7338
5394,13478,root,0,NA,NA,13478,47.7312
5395,3894,root,0,NA,NA,3894,47.7298
5396,18206,root,0,NA,NA,18206,47.723
5397,5179,root,0,NA,NA,5179,47.7199
5398,750,root,0,NA,NA,750,47.7189
5399,10410,root,0,NA,NA,10410,47.7175
5400,1628,root,0,NA,NA,1628,47.7101
5401,15610,root,0,NA,NA,15610,47.7098
5402,6420,root,0,NA,NA,6420,47.7088
5403,6140,root,0,NA,NA,6140,47.7028
5404,9580,root,0,NA,NA,9580,47.6982
5405,1046,root,0,NA,NA,1046,47.697
5406,7195,root,0,NA,NA,7195,47.6908
5407,4825,root,0,NA,NA,4825,47.6905
5408,8022,root,0,NA,NA,8022,47.6902
5409,2230,root,0,NA,NA,2230,47.687
5410,14233,root,0,NA,NA,14233,47.6856
5411,5195,root,0,NA,NA,5195,47.6854
5412,5501,root,0,NA,NA,5501,47.6845
5413,6268,root,0,NA,NA,6268,47.6797
5414,18842,root,0,NA,NA,18842,47.6796
5415,17714,root,0,NA,NA,17714,47.6759
5416,10579,root,0,NA,NA,10579,47.6653
5417,2217,root,0,NA,NA,2217,47.6617
5418,10125,root,0,NA,NA,10125,47.6613
5419,18092,root,0,NA,NA,18092,47.6603
5420,5551,root,0,NA,NA,5551,47.657
5421,10112,root,0,NA,NA,10112,47.6568
5422,5559,root,0,NA,NA,5559,47.6563
5423,6445,root,0,NA,NA,6445,47.6554
5424,5352,root,0,NA,NA,5352,47.6488
5425,15360,root,0,NA,NA,15360,47.6412
5426,9577,root,0,NA,NA,9577,47.6383
5427,7742,root,0,NA,NA,7742,47.6377
5428,14420,root,0,NA,NA,14420,47.6373
5429,2209,root,0,NA,NA,2209,47.6367
5430,10548,root,0,NA,NA,10548,47.6342
5431,12378,root,0,NA,NA,12378,47.6328
5432,7349,root,0,NA,NA,7349,47.6318
5433,17751,root,0,NA,NA,17751,47.6311
5434,2983,root,0,NA,NA,2983,47.6296
5435,1393,root,0,NA,NA,1393,47.6287
5436,2527,root,0,NA,NA,2527,47.6237
5437,5904,root,0,NA,NA,5904,47.6225
5438,8317,root,0,NA,NA,8317,47.6224
5439,2074,root,0,NA,NA,2074,47.6222
5440,14394,root,0,NA,NA,14394,47.6216
5441,5008,root,0,NA,NA,5008,47.6209
5442,15890,root,0,NA,NA,15890,47.6204
5443,979,root,0,NA,NA,979,47.6167
5444,2011,root,0,NA,NA,2011,47.6132
5445,2339,root,0,NA,NA,2339,47.6123
5446,7393,root,0,NA,NA,7393,47.6088
5447,18298,root,0,NA,NA,18298,47.6082
5448,6386,root,0,NA,NA,6386,47.6073
5449,13213,root,0,NA,NA,13213,47.6
5450,2710,root,0,NA,NA,2710,47.592
5451,1200,root,0,NA,NA,1200,47.588
5452,13758,root,0,NA,NA,13758,47.5862
5453,7251,root,0,NA,NA,7251,47.5832
5454,775,root,0,NA,NA,775,47.577
5455,783,root,0,NA,NA,783,47.577
5456,796,root,0,NA,NA,796,47.577
5457,804,root,0,NA,NA,804,47.577
5458,809,root,0,NA,NA,809,47.577
5459,1124,root,0,NA,NA,1124,47.571
5460,2305,root,0,NA,NA,2305,47.5706
5461,12578,root,0,NA,NA,12578,47.5702
5462,782,root,0,NA,NA,782,47.5698
5463,6320,root,0,NA,NA,6320,47.5666
5464,8134,root,0,NA,NA,8134,47.5665
5465,4505,root,0,NA,NA,4505,47.5652
5466,4995,root,0,NA,NA,4995,47.5642
5467,5465,root,0,NA,NA,5465,47.5639
5468,9485,root,0,NA,NA,9485,47.5603
5469,955,root,0,NA,NA,955,47.5589
5470,3157,root,0,NA,NA,3157,47.5516
5471,16379,root,0,NA,NA,16379,47.5506
5472,11548,root,0,NA,NA,11548,47.5395
5473,4266,root,0,NA,NA,4266,47.5384
5474,7417,root,0,NA,NA,7417,47.5372
5475,7422,root,0,NA,NA,7422,47.5372
5476,123,root,0,NA,NA,123,47.5353
5477,1644,root,0,NA,NA,1644,47.5346
5478,13158,root,0,NA,NA,13158,47.534
5479,3944,root,0,NA,NA,3944,47.5313
5480,13046,root,0,NA,NA,13046,47.5307
5481,1758,root,0,NA,NA,1758,47.5186
5482,7958,root,0,NA,NA,7958,47.5151
5483,7428,root,0,NA,NA,7428,47.5143
5484,12703,root,0,NA,NA,12703,47.5118
5485,16761,root,0,NA,NA,16761,47.5116
5486,44,root,0,NA,NA,44,47.5113
5487,14963,root,0,NA,NA,14963,47.5095
5488,1192,root,0,NA,NA,1192,47.5032
5489,4684,root,0,NA,NA,4684,47.4981
5490,2103,root,0,NA,NA,2103,47.4866
5491,15607,root,0,NA,NA,15607,47.4809
5492,2715,root,0,NA,NA,2715,47.479
5493,4287,root,0,NA,NA,4287,47.4705
5494,5114,root,0,NA,NA,5114,47.4701
5495,6833,root,0,NA,NA,6833,47.4678
5496,2148,root,0,NA,NA,2148,47.4648
5497,2918,root,0,NA,NA,2918,47.4597
5498,19410,root,0,NA,NA,19410,47.4591
5499,7879,root,0,NA,NA,7879,47.4531
5500,2424,root,0,NA,NA,2424,47.4503
5501,1840,root,0,NA,NA,1840,47.4486
5502,9859,root,0,NA,NA,9859,47.4467
5503,6839,root,0,NA,NA,6839,47.4461
5504,6210,root,0,NA,NA,6210,47.4411
5505,9737,root,0,NA,NA,9737,47.4407
5506,9742,root,0,NA,NA,9742,47.4407
5507,9747,root,0,NA,NA,9747,47.4407
5508,7051,root,0,NA,NA,7051,47.4406
5509,3705,root,0,NA,NA,3705,47.4373
5510,167,root,0,NA,NA,167,47.4329
5511,3150,root,0,NA,NA,3150,47.4326
5512,4406,root,0,NA,NA,4406,47.4322
5513,7753,root,0,NA,NA,7753,47.4316
5514,16704,root,0,NA,NA,16704,47.4309
5515,2111,root,0,NA,NA,2111,47.4196
5516,196,root,0,NA,NA,196,47.4176
5517,5598,root,0,NA,NA,5598,47.4154
5518,9561,root,0,NA,NA,9561,47.414
5519,2539,root,0,NA,NA,2539,47.4137
5520,2897,root,0,NA,NA,2897,47.4118
5521,2731,root,0,NA,NA,2731,47.4067
5522,9878,root,0,NA,NA,9878,47.4026
5523,121,root,0,NA,NA,121,47.3994
5524,5771,root,0,NA,NA,5771,47.3985
5525,14677,root,0,NA,NA,14677,47.3932
5526,6650,root,0,NA,NA,6650,47.3908
5527,762,root,0,NA,NA,762,47.3857
5528,17871,root,0,NA,NA,17871,47.3848
5529,2003,root,0,NA,NA,2003,47.3815
5530,2799,root,0,NA,NA,2799,47.3767
5531,8241,root,0,NA,NA,8241,47.3763
5532,19416,root,0,NA,NA,19416,47.3758
5533,3846,root,0,NA,NA,3846,47.3751
5534,2262,root,0,NA,NA,2262,47.3669
5535,11072,root,0,NA,NA,11072,47.3603
5536,5572,root,0,NA,NA,5572,47.3595
5537,2852,root,0,NA,NA,2852,47.3587
5538,437,root,0,NA,NA,437,47.3557
5539,360,root,0,NA,NA,360,47.3547
5540,14043,root,0,NA,NA,14043,47.3539
5541,7681,root,0,NA,NA,7681,47.3488
5542,3828,root,0,NA,NA,3828,47.3484
5543,2077,root,0,NA,NA,2077,47.3479
5544,10512,root,0,NA,NA,10512,47.3477
5545,16102,root,0,NA,NA,16102,47.3475
5546,6986,root,0,NA,NA,6986,47.3465
5547,4372,root,0,NA,NA,4372,47.3463
5548,8079,root,0,NA,NA,8079,47.3457
5549,16349,root,0,NA,NA,16349,47.3432
5550,14286,root,0,NA,NA,14286,47.3402
5551,1152,root,0,NA,NA,1152,47.3377
5552,9870,root,0,NA,NA,9870,47.3317
5553,1272,root,0,NA,NA,1272,47.33
5554,8985,root,0,NA,NA,8985,47.33
5555,1348,root,0,NA,NA,1348,47.3292
5556,6176,root,0,NA,NA,6176,47.328
5557,18237,root,0,NA,NA,18237,47.3271
5558,3025,root,0,NA,NA,3025,47.3257
5559,2833,root,0,NA,NA,2833,47.3233
5560,16281,root,0,NA,NA,16281,47.3226
5561,10887,root,0,NA,NA,10887,47.3192
5562,2133,root,0,NA,NA,2133,47.3159
5563,7952,root,0,NA,NA,7952,47.3129
5564,8474,root,0,NA,NA,8474,47.3041
5565,6987,root,0,NA,NA,6987,47.3013
5566,8993,root,0,NA,NA,8993,47.3003
5567,11299,root,0,NA,NA,11299,47.2984
5568,8803,root,0,NA,NA,8803,47.2914
5569,9461,root,0,NA,NA,9461,47.2898
5570,19314,root,0,NA,NA,19314,47.2892
5571,4893,root,0,NA,NA,4893,47.2795
5572,8224,root,0,NA,NA,8224,47.2765
5573,5360,root,0,NA,NA,5360,47.2735
5574,11308,root,0,NA,NA,11308,47.2639
5575,4359,root,0,NA,NA,4359,47.2609
5576,2455,root,0,NA,NA,2455,47.2566
5577,5279,root,0,NA,NA,5279,47.2538
5578,6932,root,0,NA,NA,6932,47.2511
5579,18865,root,0,NA,NA,18865,47.2506
5580,9719,root,0,NA,NA,9719,47.2496
5581,7339,root,0,NA,NA,7339,47.2492
5582,12154,root,0,NA,NA,12154,47.2426
5583,3504,root,0,NA,NA,3504,47.2423
5584,18720,root,0,NA,NA,18720,47.2399
5585,3509,root,0,NA,NA,3509,47.2397
5586,9843,root,0,NA,NA,9843,47.2375
5587,3345,root,0,NA,NA,3345,47.2355
5588,3438,root,0,NA,NA,3438,47.2306
5589,10412,root,0,NA,NA,10412,47.2287
5590,11580,root,0,NA,NA,11580,47.2282
5591,9151,root,0,NA,NA,9151,47.2261
5592,18201,root,0,NA,NA,18201,47.226
5593,1703,root,0,NA,NA,1703,47.2203
5594,11558,root,0,NA,NA,11558,47.2198
5595,13999,root,0,NA,NA,13999,47.2157
5596,1359,root,0,NA,NA,1359,47.2149
5597,5092,root,0,NA,NA,5092,47.21
5598,13837,root,0,NA,NA,13837,47.2094
5599,822,root,0,NA,NA,822,47.2057
5600,4469,root,0,NA,NA,4469,47.2012
5601,6354,root,0,NA,NA,6354,47.1973
5602,6025,root,0,NA,NA,6025,47.1973
5603,17525,root,0,NA,NA,17525,47.1943
5604,9868,root,0,NA,NA,9868,47.1925
5605,264,root,0,NA,NA,264,47.1892
5606,10172,root,0,NA,NA,10172,47.1875
5607,612,root,0,NA,NA,612,47.1758
5608,16650,root,0,NA,NA,16650,47.1709
5609,12258,root,0,NA,NA,12258,47.1705
5610,9590,root,0,NA,NA,9590,47.1672
5611,9829,root,0,NA,NA,9829,47.1669
5612,9257,root,0,NA,NA,9257,47.162
5613,10067,root,0,NA,NA,10067,47.162
5614,7261,root,0,NA,NA,7261,47.1584
5615,2343,root,0,NA,NA,2343,47.1574
5616,9360,root,0,NA,NA,9360,47.1527
5617,18837,root,0,NA,NA,18837,47.1524
5618,11151,root,0,NA,NA,11151,47.1521
5619,4870,root,0,NA,NA,4870,47.1451
5620,4883,root,0,NA,NA,4883,47.1451
5621,2488,root,0,NA,NA,2488,47.1426
5622,12692,root,0,NA,NA,12692,47.1409
5623,11794,root,0,NA,NA,11794,47.1366
5624,7380,root,0,NA,NA,7380,47.1363
5625,2243,root,0,NA,NA,2243,47.1236
5626,8614,root,0,NA,NA,8614,47.1225
5627,6559,root,0,NA,NA,6559,47.121
5628,208,root,0,NA,NA,208,47.1171
5629,209,root,0,NA,NA,209,47.1105
5630,6970,root,0,NA,NA,6970,47.1022
5631,4880,root,0,NA,NA,4880,47.1013
5632,1195,root,0,NA,NA,1195,47.0984
5633,6862,root,0,NA,NA,6862,47.0908
5634,204,root,0,NA,NA,204,47.0902
5635,890,root,0,NA,NA,890,47.09
5636,5954,root,0,NA,NA,5954,47.0827
5637,5478,root,0,NA,NA,5478,47.0801
5638,5814,root,0,NA,NA,5814,47.0641
5639,5127,root,0,NA,NA,5127,47.0592
5640,2326,root,0,NA,NA,2326,47.0569
5641,8227,root,0,NA,NA,8227,47.0561
5642,5538,root,0,NA,NA,5538,47.0434
5643,1150,root,0,NA,NA,1150,47.0422
5644,4783,root,0,NA,NA,4783,47.0381
5645,2551,root,0,NA,NA,2551,47.0343
5646,4781,root,0,NA,NA,4781,47.0326
5647,12624,root,0,NA,NA,12624,47.0291
5648,1843,root,0,NA,NA,1843,47.0286
5649,2309,root,0,NA,NA,2309,47.021
5650,2168,root,0,NA,NA,2168,47.0178
5651,6962,root,0,NA,NA,6962,47.0123
5652,340,root,0,NA,NA,340,47.0104
5653,463,root,0,NA,NA,463,47.0103
5654,14779,root,0,NA,NA,14779,47.0097
5655,5839,root,0,NA,NA,5839,47.0094
5656,12532,root,0,NA,NA,12532,47.0061
5657,11559,root,0,NA,NA,11559,47.0044
5658,10273,root,0,NA,NA,10273,47.0032
5659,2530,root,0,NA,NA,2530,47.0015
5660,11632,root,0,NA,NA,11632,46.996
5661,1996,root,0,NA,NA,1996,46.9944
5662,13400,root,0,NA,NA,13400,46.9933
5663,2293,root,0,NA,NA,2293,46.9845
5664,8014,root,0,NA,NA,8014,46.9816
5665,7630,root,0,NA,NA,7630,46.979
5666,16492,root,0,NA,NA,16492,46.9779
5667,4456,root,0,NA,NA,4456,46.9746
5668,2039,root,0,NA,NA,2039,46.9733
5669,2771,root,0,NA,NA,2771,46.9703
5670,6576,root,0,NA,NA,6576,46.9702
5671,5787,root,0,NA,NA,5787,46.9687
5672,9029,root,0,NA,NA,9029,46.9681
5673,10008,root,0,NA,NA,10008,46.9642
5674,6804,root,0,NA,NA,6804,46.9568
5675,9957,root,0,NA,NA,9957,46.9555
5676,6978,root,0,NA,NA,6978,46.9468
5677,7792,root,0,NA,NA,7792,46.9457
5678,11352,root,0,NA,NA,11352,46.9441
5679,10895,root,0,NA,NA,10895,46.9424
5680,15624,root,0,NA,NA,15624,46.9411
5681,18721,root,0,NA,NA,18721,46.9372
5682,1238,root,0,NA,NA,1238,46.9352
5683,5486,root,0,NA,NA,5486,46.9235
5684,945,root,0,NA,NA,945,46.9205
5685,4656,root,0,NA,NA,4656,46.9157
5686,4669,root,0,NA,NA,4669,46.9157
5687,4677,root,0,NA,NA,4677,46.9157
5688,17651,root,0,NA,NA,17651,46.913
5689,7491,root,0,NA,NA,7491,46.9094
5690,3254,root,0,NA,NA,3254,46.9075
5691,8902,root,0,NA,NA,8902,46.9059
5692,18834,root,0,NA,NA,18834,46.9034
5693,2916,root,0,NA,NA,2916,46.8996
5694,6933,root,0,NA,NA,6933,46.8988
5695,5394,root,0,NA,NA,5394,46.8981
5696,1280,root,0,NA,NA,1280,46.8957
5697,2283,root,0,NA,NA,2283,46.8956
5698,6981,root,0,NA,NA,6981,46.894
5699,8892,root,0,NA,NA,8892,46.8917
5700,3841,root,0,NA,NA,3841,46.8903
5701,3844,root,0,NA,NA,3844,46.8903
5702,3849,root,0,NA,NA,3849,46.8903
5703,3857,root,0,NA,NA,3857,46.8903
5704,3862,root,0,NA,NA,3862,46.8903
5705,8401,root,0,NA,NA,8401,46.8893
5706,3247,root,0,NA,NA,3247,46.8828
5707,16916,root,0,NA,NA,16916,46.8817
5708,5546,root,0,NA,NA,5546,46.8804
5709,2093,root,0,NA,NA,2093,46.8777
5710,13530,root,0,NA,NA,13530,46.8776
5711,2288,root,0,NA,NA,2288,46.8773
5712,14423,root,0,NA,NA,14423,46.8757
5713,6968,root,0,NA,NA,6968,46.8741
5714,2254,root,0,NA,NA,2254,46.8735
5715,17748,root,0,NA,NA,17748,46.8683
5716,2854,root,0,NA,NA,2854,46.863
5717,2867,root,0,NA,NA,2867,46.863
5718,2875,root,0,NA,NA,2875,46.863
5719,2286,root,0,NA,NA,2286,46.8622
5720,3289,root,0,NA,NA,3289,46.8513
5721,1242,root,0,NA,NA,1242,46.8506
5722,18553,root,0,NA,NA,18553,46.8503
5723,2479,root,0,NA,NA,2479,46.8494
5724,3260,root,0,NA,NA,3260,46.847
5725,19244,root,0,NA,NA,19244,46.845
5726,6744,root,0,NA,NA,6744,46.8407
5727,10175,root,0,NA,NA,10175,46.836
5728,9049,root,0,NA,NA,9049,46.8335
5729,6841,root,0,NA,NA,6841,46.8333
5730,387,root,0,NA,NA,387,46.8323
5731,4594,root,0,NA,NA,4594,46.8273
5732,5610,root,0,NA,NA,5610,46.8208
5733,8225,root,0,NA,NA,8225,46.8206
5734,1788,root,0,NA,NA,1788,46.8186
5735,3064,root,0,NA,NA,3064,46.8169
5736,17282,root,0,NA,NA,17282,46.8151
5737,1053,root,0,NA,NA,1053,46.8145
5738,1293,root,0,NA,NA,1293,46.8102
5739,13875,root,0,NA,NA,13875,46.8085
5740,2513,root,0,NA,NA,2513,46.8073
5741,4813,root,0,NA,NA,4813,46.8053
5742,15679,root,0,NA,NA,15679,46.8035
5743,10538,root,0,NA,NA,10538,46.8033
5744,13656,root,0,NA,NA,13656,46.8018
5745,16683,root,0,NA,NA,16683,46.8016
5746,871,root,0,NA,NA,871,46.7969
5747,17596,root,0,NA,NA,17596,46.7932
5748,7216,root,0,NA,NA,7216,46.7922
5749,3637,root,0,NA,NA,3637,46.7849
5750,129,root,0,NA,NA,129,46.7835
5751,5062,root,0,NA,NA,5062,46.7669
5752,5109,root,0,NA,NA,5109,46.7662
5753,9080,root,0,NA,NA,9080,46.7581
5754,7988,root,0,NA,NA,7988,46.7575
5755,2399,root,0,NA,NA,2399,46.7571
5756,11577,root,0,NA,NA,11577,46.7548
5757,3001,root,0,NA,NA,3001,46.7533
5758,14297,root,0,NA,NA,14297,46.7521
5759,7003,root,0,NA,NA,7003,46.7483
5760,4990,root,0,NA,NA,4990,46.7454
5761,13599,root,0,NA,NA,13599,46.7401
5762,10045,root,0,NA,NA,10045,46.7397
5763,1416,root,0,NA,NA,1416,46.7335
5764,3496,root,0,NA,NA,3496,46.7319
5765,10610,root,0,NA,NA,10610,46.7302
5766,4432,root,0,NA,NA,4432,46.7284
5767,15142,root,0,NA,NA,15142,46.7242
5768,14238,root,0,NA,NA,14238,46.7225
5769,2010,root,0,NA,NA,2010,46.7184
5770,1904,root,0,NA,NA,1904,46.7088
5771,12175,root,0,NA,NA,12175,46.7025
5772,8057,root,0,NA,NA,8057,46.7025
5773,8368,root,0,NA,NA,8368,46.7016
5774,12795,root,0,NA,NA,12795,46.7009
5775,823,root,0,NA,NA,823,46.6985
5776,8376,root,0,NA,NA,8376,46.6984
5777,4957,root,0,NA,NA,4957,46.6952
5778,16450,root,0,NA,NA,16450,46.69
5779,5071,root,0,NA,NA,5071,46.6862
5780,5476,root,0,NA,NA,5476,46.6815
5781,1667,root,0,NA,NA,1667,46.6809
5782,5373,root,0,NA,NA,5373,46.6805
5783,11696,root,0,NA,NA,11696,46.679
5784,7592,root,0,NA,NA,7592,46.6785
5785,13028,root,0,NA,NA,13028,46.6752
5786,7888,root,0,NA,NA,7888,46.6741
5787,14412,root,0,NA,NA,14412,46.6732
5788,16418,root,0,NA,NA,16418,46.6732
5789,10404,root,0,NA,NA,10404,46.6719
5790,6296,root,0,NA,NA,6296,46.6689
5791,1208,root,0,NA,NA,1208,46.6566
5792,11401,root,0,NA,NA,11401,46.6531
5793,6506,root,0,NA,NA,6506,46.6529
5794,16648,root,0,NA,NA,16648,46.6494
5795,16087,root,0,NA,NA,16087,46.6474
5796,6255,root,0,NA,NA,6255,46.647
5797,3014,root,0,NA,NA,3014,46.6329
5798,4689,root,0,NA,NA,4689,46.6298
5799,11422,root,0,NA,NA,11422,46.6296
5800,5941,root,0,NA,NA,5941,46.6289
5801,1498,root,0,NA,NA,1498,46.6255
5802,3603,root,0,NA,NA,3603,46.6169
5803,17022,root,0,NA,NA,17022,46.6155
5804,14097,root,0,NA,NA,14097,46.6148
5805,9706,root,0,NA,NA,9706,46.6115
5806,3211,root,0,NA,NA,3211,46.6101
5807,4223,root,0,NA,NA,4223,46.6036
5808,1355,root,0,NA,NA,1355,46.6015
5809,18196,root,0,NA,NA,18196,46.6007
5810,1571,root,0,NA,NA,1571,46.5953
5811,6847,root,0,NA,NA,6847,46.5937
5812,10,root,0,NA,NA,10,46.5925
5813,14046,root,0,NA,NA,14046,46.5901
5814,7634,root,0,NA,NA,7634,46.5861
5815,12590,root,0,NA,NA,12590,46.5819
5816,1369,root,0,NA,NA,1369,46.5803
5817,15405,root,0,NA,NA,15405,46.5768
5818,3450,root,0,NA,NA,3450,46.575
5819,1310,root,0,NA,NA,1310,46.5658
5820,18179,root,0,NA,NA,18179,46.5598
5821,5364,root,0,NA,NA,5364,46.5592
5822,8613,root,0,NA,NA,8613,46.5584
5823,2884,root,0,NA,NA,2884,46.5564
5824,12070,root,0,NA,NA,12070,46.5531
5825,3365,root,0,NA,NA,3365,46.5515
5826,8207,root,0,NA,NA,8207,46.5477
5827,4330,root,0,NA,NA,4330,46.5436
5828,2980,root,0,NA,NA,2980,46.5402
5829,16299,root,0,NA,NA,16299,46.5398
5830,8718,root,0,NA,NA,8718,46.5383
5831,15248,root,0,NA,NA,15248,46.5381
5832,4841,root,0,NA,NA,4841,46.5376
5833,15357,root,0,NA,NA,15357,46.5323
5834,16678,root,0,NA,NA,16678,46.5311
5835,4919,root,0,NA,NA,4919,46.5296
5836,5153,root,0,NA,NA,5153,46.5291
5837,4377,root,0,NA,NA,4377,46.5203
5838,1234,root,0,NA,NA,1234,46.5184
5839,5386,root,0,NA,NA,5386,46.5177
5840,3077,root,0,NA,NA,3077,46.5094
5841,8237,root,0,NA,NA,8237,46.508
5842,9103,root,0,NA,NA,9103,46.5067
5843,7202,root,0,NA,NA,7202,46.5063
5844,8212,root,0,NA,NA,8212,46.5042
5845,13759,root,0,NA,NA,13759,46.4975
5846,17473,root,0,NA,NA,17473,46.4875
5847,1790,root,0,NA,NA,1790,46.4848
5848,5021,root,0,NA,NA,5021,46.4732
5849,19078,root,0,NA,NA,19078,46.4729
5850,2501,root,0,NA,NA,2501,46.466
5851,4004,root,0,NA,NA,4004,46.4656
5852,5788,root,0,NA,NA,5788,46.4613
5853,7611,root,0,NA,NA,7611,46.4584
5854,16974,root,0,NA,NA,16974,46.4574
5855,19438,root,0,NA,NA,19438,46.4572
5856,259,root,0,NA,NA,259,46.4555
5857,14041,root,0,NA,NA,14041,46.4522
5858,2611,root,0,NA,NA,2611,46.4457
5859,5177,root,0,NA,NA,5177,46.4374
5860,2056,root,0,NA,NA,2056,46.4367
5861,8907,root,0,NA,NA,8907,46.4336
5862,17627,root,0,NA,NA,17627,46.4303
5863,14894,root,0,NA,NA,14894,46.4248
5864,4906,root,0,NA,NA,4906,46.4194
5865,6605,root,0,NA,NA,6605,46.4186
5866,4435,root,0,NA,NA,4435,46.4076
5867,8278,root,0,NA,NA,8278,46.4055
5868,5454,root,0,NA,NA,5454,46.4004
5869,3616,root,0,NA,NA,3616,46.3995
5870,12731,root,0,NA,NA,12731,46.3992
5871,741,root,0,NA,NA,741,46.3988
5872,4362,root,0,NA,NA,4362,46.3954
5873,16982,root,0,NA,NA,16982,46.392
5874,12187,root,0,NA,NA,12187,46.3915
5875,6960,root,0,NA,NA,6960,46.3789
5876,17413,root,0,NA,NA,17413,46.3781
5877,1174,root,0,NA,NA,1174,46.3766
5878,6578,root,0,NA,NA,6578,46.3752
5879,2509,root,0,NA,NA,2509,46.3664
5880,8331,root,0,NA,NA,8331,46.3663
5881,3290,root,0,NA,NA,3290,46.3658
5882,8842,root,0,NA,NA,8842,46.3616
5883,10400,root,0,NA,NA,10400,46.3607
5884,3808,root,0,NA,NA,3808,46.3592
5885,13525,root,0,NA,NA,13525,46.3589
5886,5606,root,0,NA,NA,5606,46.358
5887,883,root,0,NA,NA,883,46.357
5888,14809,root,0,NA,NA,14809,46.3556
5889,15573,root,0,NA,NA,15573,46.3551
5890,874,root,0,NA,NA,874,46.3541
5891,8232,root,0,NA,NA,8232,46.3535
5892,8889,root,0,NA,NA,8889,46.3462
5893,17750,root,0,NA,NA,17750,46.345
5894,6967,root,0,NA,NA,6967,46.3433
5895,4937,root,0,NA,NA,4937,46.3374
5896,1925,root,0,NA,NA,1925,46.3317
5897,10858,root,0,NA,NA,10858,46.3263
5898,3648,root,0,NA,NA,3648,46.3257
5899,8198,root,0,NA,NA,8198,46.3213
5900,5132,root,0,NA,NA,5132,46.3206
5901,1239,root,0,NA,NA,1239,46.3204
5902,2739,root,0,NA,NA,2739,46.3189
5903,19651,root,0,NA,NA,19651,46.3151
5904,4681,root,0,NA,NA,4681,46.3148
5905,4966,root,0,NA,NA,4966,46.3083
5906,16758,root,0,NA,NA,16758,46.3066
5907,10446,root,0,NA,NA,10446,46.3054
5908,3111,root,0,NA,NA,3111,46.301
5909,19321,root,0,NA,NA,19321,46.2987
5910,8053,root,0,NA,NA,8053,46.298
5911,9462,root,0,NA,NA,9462,46.2943
5912,2624,root,0,NA,NA,2624,46.2929
5913,11523,root,0,NA,NA,11523,46.2893
5914,5232,root,0,NA,NA,5232,46.2885
5915,9090,root,0,NA,NA,9090,46.2841
5916,7517,root,0,NA,NA,7517,46.2813
5917,2687,root,0,NA,NA,2687,46.2808
5918,19384,root,0,NA,NA,19384,46.2706
5919,2301,root,0,NA,NA,2301,46.2687
5920,3806,root,0,NA,NA,3806,46.2685
5921,7946,root,0,NA,NA,7946,46.2611
5922,6779,root,0,NA,NA,6779,46.2605
5923,3660,root,0,NA,NA,3660,46.2571
5924,3681,root,0,NA,NA,3681,46.2571
5925,293,root,0,NA,NA,293,46.2547
5926,7896,root,0,NA,NA,7896,46.2522
5927,13430,root,0,NA,NA,13430,46.2461
5928,9943,root,0,NA,NA,9943,46.2393
5929,10219,root,0,NA,NA,10219,46.239
5930,17924,root,0,NA,NA,17924,46.2337
5931,1742,root,0,NA,NA,1742,46.231
5932,11779,root,0,NA,NA,11779,46.2298
5933,4702,root,0,NA,NA,4702,46.2297
5934,306,root,0,NA,NA,306,46.2287
5935,4169,root,0,NA,NA,4169,46.2259
5936,6965,root,0,NA,NA,6965,46.2196
5937,8265,root,0,NA,NA,8265,46.2195
5938,310,root,0,NA,NA,310,46.2188
5939,7619,root,0,NA,NA,7619,46.2187
5940,3267,root,0,NA,NA,3267,46.2165
5941,8043,root,0,NA,NA,8043,46.2161
5942,953,root,0,NA,NA,953,46.2134
5943,18137,root,0,NA,NA,18137,46.2091
5944,9949,root,0,NA,NA,9949,46.2086
5945,3931,root,0,NA,NA,3931,46.204
5946,3682,root,0,NA,NA,3682,46.1923
5947,5974,root,0,NA,NA,5974,46.1916
5948,1982,root,0,NA,NA,1982,46.1911
5949,9197,root,0,NA,NA,9197,46.1908
5950,15119,root,0,NA,NA,15119,46.1903
5951,484,root,0,NA,NA,484,46.1898
5952,4369,root,0,NA,NA,4369,46.1895
5953,9983,root,0,NA,NA,9983,46.1806
5954,314,root,0,NA,NA,314,46.1803
5955,15936,root,0,NA,NA,15936,46.1767
5956,4639,root,0,NA,NA,4639,46.1742
5957,17772,root,0,NA,NA,17772,46.1729
5958,14555,root,0,NA,NA,14555,46.1726
5959,8932,root,0,NA,NA,8932,46.1713
5960,18656,root,0,NA,NA,18656,46.1685
5961,8038,root,0,NA,NA,8038,46.1672
5962,1395,root,0,NA,NA,1395,46.1651
5963,8643,root,0,NA,NA,8643,46.1638
5964,2671,root,0,NA,NA,2671,46.1606
5965,5652,root,0,NA,NA,5652,46.1605
5966,14306,root,0,NA,NA,14306,46.1574
5967,8268,root,0,NA,NA,8268,46.1562
5968,17813,root,0,NA,NA,17813,46.1559
5969,1082,root,0,NA,NA,1082,46.1535
5970,9422,root,0,NA,NA,9422,46.1517
5971,10205,root,0,NA,NA,10205,46.1507
5972,15726,root,0,NA,NA,15726,46.1492
5973,2252,root,0,NA,NA,2252,46.1461
5974,8234,root,0,NA,NA,8234,46.1424
5975,6325,root,0,NA,NA,6325,46.1403
5976,19594,root,0,NA,NA,19594,46.1371
5977,6996,root,0,NA,NA,6996,46.1358
5978,8254,root,0,NA,NA,8254,46.1335
5979,7094,root,0,NA,NA,7094,46.1334
5980,6973,root,0,NA,NA,6973,46.1333
5981,2500,root,0,NA,NA,2500,46.1283
5982,2184,root,0,NA,NA,2184,46.1268
5983,1891,root,0,NA,NA,1891,46.122
5984,16816,root,0,NA,NA,16816,46.1198
5985,11069,root,0,NA,NA,11069,46.1191
5986,1835,root,0,NA,NA,1835,46.1172
5987,1998,root,0,NA,NA,1998,46.1127
5988,4951,root,0,NA,NA,4951,46.1126
5989,15039,root,0,NA,NA,15039,46.1088
5990,2814,root,0,NA,NA,2814,46.1041
5991,5017,root,0,NA,NA,5017,46.1033
5992,9975,root,0,NA,NA,9975,46.0925
5993,4356,root,0,NA,NA,4356,46.0914
5994,593,root,0,NA,NA,593,46.0909
5995,11753,root,0,NA,NA,11753,46.0904
5996,2225,root,0,NA,NA,2225,46.0894
5997,8710,root,0,NA,NA,8710,46.0893
5998,13533,root,0,NA,NA,13533,46.0866
5999,10541,root,0,NA,NA,10541,46.0853
6000,12596,root,0,NA,NA,12596,46.0853
6001,13018,root,0,NA,NA,13018,46.0846
6002,5038,root,0,NA,NA,5038,46.0784
6003,4160,root,0,NA,NA,4160,46.0621
6004,8319,root,0,NA,NA,8319,46.0603
6005,11083,root,0,NA,NA,11083,46.0593
6006,11241,root,0,NA,NA,11241,46.0593
6007,15992,root,0,NA,NA,15992,46.0588
6008,2492,root,0,NA,NA,2492,46.0566
6009,5714,root,0,NA,NA,5714,46.053
6010,7454,root,0,NA,NA,7454,46.0519
6011,1646,root,0,NA,NA,1646,46.0476
6012,10441,root,0,NA,NA,10441,46.0438
6013,8645,root,0,NA,NA,8645,46.0429
6014,11207,root,0,NA,NA,11207,46.0423
6015,2627,root,0,NA,NA,2627,46.0377
6016,2153,root,0,NA,NA,2153,46.0366
6017,1547,root,0,NA,NA,1547,46.0357
6018,7477,root,0,NA,NA,7477,46.0356
6019,19458,root,0,NA,NA,19458,46.0355
6020,4697,root,0,NA,NA,4697,46.0344
6021,11321,root,0,NA,NA,11321,46.0324
6022,2705,root,0,NA,NA,2705,46.0297
6023,8542,root,0,NA,NA,8542,46.0285
6024,1171,root,0,NA,NA,1171,46.0217
6025,1173,root,0,NA,NA,1173,46.0214
6026,1255,root,0,NA,NA,1255,46.0182
6027,4168,root,0,NA,NA,4168,46.0147
6028,12196,root,0,NA,NA,12196,46.0135
6029,12507,root,0,NA,NA,12507,46.0091
6030,12198,root,0,NA,NA,12198,46.0087
6031,10558,root,0,NA,NA,10558,46.0075
6032,1563,root,0,NA,NA,1563,46.0027
6033,13946,root,0,NA,NA,13946,45.9992
6034,4653,root,0,NA,NA,4653,45.9986
6035,861,root,0,NA,NA,861,45.9961
6036,14021,root,0,NA,NA,14021,45.9929
6037,2882,root,0,NA,NA,2882,45.9912
6038,10723,root,0,NA,NA,10723,45.9891
6039,16856,root,0,NA,NA,16856,45.9888
6040,10007,root,0,NA,NA,10007,45.9861
6041,14171,root,0,NA,NA,14171,45.9839
6042,9972,root,0,NA,NA,9972,45.9829
6043,11164,root,0,NA,NA,11164,45.9805
6044,16421,root,0,NA,NA,16421,45.9792
6045,19868,root,0,NA,NA,19868,45.9766
6046,8711,root,0,NA,NA,8711,45.9742
6047,3454,root,0,NA,NA,3454,45.9741
6048,18241,root,0,NA,NA,18241,45.9717
6049,19772,root,0,NA,NA,19772,45.9712
6050,13611,root,0,NA,NA,13611,45.964
6051,8048,root,0,NA,NA,8048,45.9615
6052,9765,root,0,NA,NA,9765,45.9602
6053,18212,root,0,NA,NA,18212,45.9599
6054,9855,root,0,NA,NA,9855,45.958
6055,12069,root,0,NA,NA,12069,45.9579
6056,2064,root,0,NA,NA,2064,45.9577
6057,7980,root,0,NA,NA,7980,45.955
6058,903,root,0,NA,NA,903,45.948
6059,14422,root,0,NA,NA,14422,45.9441
6060,6936,root,0,NA,NA,6936,45.9396
6061,15383,root,0,NA,NA,15383,45.938
6062,4804,root,0,NA,NA,4804,45.9354
6063,11703,root,0,NA,NA,11703,45.9341
6064,9508,root,0,NA,NA,9508,45.9309
6065,3718,root,0,NA,NA,3718,45.9296
6066,5085,root,0,NA,NA,5085,45.9233
6067,280,root,0,NA,NA,280,45.9229
6068,11127,root,0,NA,NA,11127,45.9204
6069,4924,root,0,NA,NA,4924,45.9187
6070,2718,root,0,NA,NA,2718,45.918
6071,3932,root,0,NA,NA,3932,45.918
6072,5139,root,0,NA,NA,5139,45.9161
6073,14463,root,0,NA,NA,14463,45.9151
6074,10740,root,0,NA,NA,10740,45.914
6075,3470,root,0,NA,NA,3470,45.9137
6076,2755,root,0,NA,NA,2755,45.913
6077,1717,root,0,NA,NA,1717,45.91
6078,12064,root,0,NA,NA,12064,45.9037
6079,17784,root,0,NA,NA,17784,45.9012
6080,16226,root,0,NA,NA,16226,45.899
6081,578,root,0,NA,NA,578,45.8966
6082,8736,root,0,NA,NA,8736,45.8966
6083,5962,root,0,NA,NA,5962,45.8931
6084,3619,root,0,NA,NA,3619,45.8928
6085,2752,root,0,NA,NA,2752,45.8902
6086,2765,root,0,NA,NA,2765,45.8902
6087,2786,root,0,NA,NA,2786,45.8902
6088,17708,root,0,NA,NA,17708,45.8878
6089,6941,root,0,NA,NA,6941,45.8839
6090,1654,root,0,NA,NA,1654,45.8822
6091,7284,root,0,NA,NA,7284,45.8685
6092,2,root,0,NA,NA,2,45.8681
6093,7566,root,0,NA,NA,7566,45.8647
6094,13518,root,0,NA,NA,13518,45.8608
6095,4422,root,0,NA,NA,4422,45.8605
6096,989,root,0,NA,NA,989,45.8591
6097,17552,root,0,NA,NA,17552,45.8589
6098,2873,root,0,NA,NA,2873,45.8579
6099,13153,root,0,NA,NA,13153,45.857
6100,8040,root,0,NA,NA,8040,45.8566
6101,5802,root,0,NA,NA,5802,45.8478
6102,3598,root,0,NA,NA,3598,45.8431
6103,7716,root,0,NA,NA,7716,45.843
6104,1221,root,0,NA,NA,1221,45.8391
6105,10379,root,0,NA,NA,10379,45.8385
6106,738,root,0,NA,NA,738,45.8336
6107,13227,root,0,NA,NA,13227,45.8302
6108,5789,root,0,NA,NA,5789,45.8287
6109,5912,root,0,NA,NA,5912,45.8261
6110,19830,root,0,NA,NA,19830,45.8244
6111,11130,root,0,NA,NA,11130,45.822
6112,3098,root,0,NA,NA,3098,45.8138
6113,4723,root,0,NA,NA,4723,45.8132
6114,4898,root,0,NA,NA,4898,45.8118
6115,10515,root,0,NA,NA,10515,45.8107
6116,15171,root,0,NA,NA,15171,45.8104
6117,15343,root,0,NA,NA,15343,45.809
6118,11368,root,0,NA,NA,11368,45.8031
6119,379,root,0,NA,NA,379,45.8028
6120,12476,root,0,NA,NA,12476,45.8005
6121,6881,root,0,NA,NA,6881,45.799
6122,11290,root,0,NA,NA,11290,45.7936
6123,19648,root,0,NA,NA,19648,45.7932
6124,11883,root,0,NA,NA,11883,45.7928
6125,7354,root,0,NA,NA,7354,45.7915
6126,3124,root,0,NA,NA,3124,45.7903
6127,10985,root,0,NA,NA,10985,45.784
6128,8249,root,0,NA,NA,8249,45.7828
6129,3136,root,0,NA,NA,3136,45.7806
6130,2014,root,0,NA,NA,2014,45.7804
6131,9007,root,0,NA,NA,9007,45.78
6132,8255,root,0,NA,NA,8255,45.7766
6133,8260,root,0,NA,NA,8260,45.7766
6134,18762,root,0,NA,NA,18762,45.7762
6135,3677,root,0,NA,NA,3677,45.7699
6136,8454,root,0,NA,NA,8454,45.7669
6137,959,root,0,NA,NA,959,45.7604
6138,13442,root,0,NA,NA,13442,45.7598
6139,7826,root,0,NA,NA,7826,45.7578
6140,9883,root,0,NA,NA,9883,45.7565
6141,1612,root,0,NA,NA,1612,45.7565
6142,1303,root,0,NA,NA,1303,45.7527
6143,16901,root,0,NA,NA,16901,45.751
6144,11115,root,0,NA,NA,11115,45.7506
6145,4796,root,0,NA,NA,4796,45.7503
6146,4415,root,0,NA,NA,4415,45.7486
6147,6825,root,0,NA,NA,6825,45.7467
6148,77,root,0,NA,NA,77,45.746
6149,4775,root,0,NA,NA,4775,45.7459
6150,1873,root,0,NA,NA,1873,45.7449
6151,8282,root,0,NA,NA,8282,45.7418
6152,12067,root,0,NA,NA,12067,45.7387
6153,14782,root,0,NA,NA,14782,45.7372
6154,9141,root,0,NA,NA,9141,45.7366
6155,16044,root,0,NA,NA,16044,45.7365
6156,2993,root,0,NA,NA,2993,45.7361
6157,8284,root,0,NA,NA,8284,45.7349
6158,6636,root,0,NA,NA,6636,45.7306
6159,13216,root,0,NA,NA,13216,45.7294
6160,2505,root,0,NA,NA,2505,45.729
6161,10493,root,0,NA,NA,10493,45.7261
6162,827,root,0,NA,NA,827,45.7251
6163,509,root,0,NA,NA,509,45.7223
6164,4666,root,0,NA,NA,4666,45.7199
6165,4972,root,0,NA,NA,4972,45.7199
6166,974,root,0,NA,NA,974,45.7171
6167,5473,root,0,NA,NA,5473,45.714
6168,4694,root,0,NA,NA,4694,45.7076
6169,4707,root,0,NA,NA,4707,45.7076
6170,16489,root,0,NA,NA,16489,45.7049
6171,5779,root,0,NA,NA,5779,45.6992
6172,5169,root,0,NA,NA,5169,45.6991
6173,18203,root,0,NA,NA,18203,45.6964
6174,10724,root,0,NA,NA,10724,45.6957
6175,8550,root,0,NA,NA,8550,45.6948
6176,1675,root,0,NA,NA,1675,45.6909
6177,565,root,0,NA,NA,565,45.6899
6178,14585,root,0,NA,NA,14585,45.689
6179,3893,root,0,NA,NA,3893,45.6878
6180,505,root,0,NA,NA,505,45.686
6181,4385,root,0,NA,NA,4385,45.6853
6182,8270,root,0,NA,NA,8270,45.6853
6183,2561,root,0,NA,NA,2561,45.6812
6184,9873,root,0,NA,NA,9873,45.6767
6185,16050,root,0,NA,NA,16050,45.6759
6186,5098,root,0,NA,NA,5098,45.6718
6187,11691,root,0,NA,NA,11691,45.6684
6188,882,root,0,NA,NA,882,45.6648
6189,1494,root,0,NA,NA,1494,45.6577
6190,11510,root,0,NA,NA,11510,45.6563
6191,144,root,0,NA,NA,144,45.6555
6192,157,root,0,NA,NA,157,45.6555
6193,165,root,0,NA,NA,165,45.6555
6194,178,root,0,NA,NA,178,45.6555
6195,19612,root,0,NA,NA,19612,45.6517
6196,5448,root,0,NA,NA,5448,45.6459
6197,9384,root,0,NA,NA,9384,45.6454
6198,15645,root,0,NA,NA,15645,45.645
6199,6686,root,0,NA,NA,6686,45.6415
6200,1993,root,0,NA,NA,1993,45.6401
6201,13221,root,0,NA,NA,13221,45.6385
6202,15331,root,0,NA,NA,15331,45.6382
6203,10163,root,0,NA,NA,10163,45.6382
6204,8791,root,0,NA,NA,8791,45.6356
6205,1709,root,0,NA,NA,1709,45.633
6206,6231,root,0,NA,NA,6231,45.6309
6207,5470,root,0,NA,NA,5470,45.6288
6208,3953,root,0,NA,NA,3953,45.6263
6209,15898,root,0,NA,NA,15898,45.6253
6210,8480,root,0,NA,NA,8480,45.6196
6211,11307,root,0,NA,NA,11307,45.611
6212,5365,root,0,NA,NA,5365,45.6079
6213,4411,root,0,NA,NA,4411,45.6025
6214,7835,root,0,NA,NA,7835,45.5985
6215,2944,root,0,NA,NA,2944,45.5946
6216,5084,root,0,NA,NA,5084,45.5921
6217,2403,root,0,NA,NA,2403,45.5919
6218,559,root,0,NA,NA,559,45.5883
6219,10509,root,0,NA,NA,10509,45.5868
6220,11093,root,0,NA,NA,11093,45.5826
6221,2043,root,0,NA,NA,2043,45.5785
6222,1814,root,0,NA,NA,1814,45.5743
6223,15747,root,0,NA,NA,15747,45.5712
6224,8113,root,0,NA,NA,8113,45.5632
6225,12650,root,0,NA,NA,12650,45.5546
6226,814,root,0,NA,NA,814,45.5526
6227,8193,root,0,NA,NA,8193,45.5515
6228,12971,root,0,NA,NA,12971,45.5513
6229,6884,root,0,NA,NA,6884,45.5504
6230,16435,root,0,NA,NA,16435,45.5487
6231,1433,root,0,NA,NA,1433,45.5471
6232,4754,root,0,NA,NA,4754,45.5425
6233,9771,root,0,NA,NA,9771,45.5424
6234,5000,root,0,NA,NA,5000,45.5414
6235,8414,root,0,NA,NA,8414,45.5361
6236,9431,root,0,NA,NA,9431,45.5355
6237,9799,root,0,NA,NA,9799,45.5355
6238,4593,root,0,NA,NA,4593,45.535
6239,4686,root,0,NA,NA,4686,45.5312
6240,455,root,0,NA,NA,455,45.5282
6241,8020,root,0,NA,NA,8020,45.5211
6242,2484,root,0,NA,NA,2484,45.5164
6243,14102,root,0,NA,NA,14102,45.5161
6244,2658,root,0,NA,NA,2658,45.5121
6245,4699,root,0,NA,NA,4699,45.505
6246,10975,root,0,NA,NA,10975,45.4979
6247,9045,root,0,NA,NA,9045,45.4936
6248,2637,root,0,NA,NA,2637,45.4926
6249,8519,root,0,NA,NA,8519,45.4925
6250,625,root,0,NA,NA,625,45.4923
6251,3145,root,0,NA,NA,3145,45.4834
6252,7262,root,0,NA,NA,7262,45.4746
6253,9457,root,0,NA,NA,9457,45.4746
6254,5766,root,0,NA,NA,5766,45.4706
6255,9445,root,0,NA,NA,9445,45.4691
6256,2035,root,0,NA,NA,2035,45.4675
6257,2548,root,0,NA,NA,2548,45.4648
6258,6494,root,0,NA,NA,6494,45.4641
6259,12066,root,0,NA,NA,12066,45.4637
6260,6212,root,0,NA,NA,6212,45.4628
6261,15244,root,0,NA,NA,15244,45.4606
6262,9977,root,0,NA,NA,9977,45.4605
6263,895,root,0,NA,NA,895,45.4583
6264,1980,root,0,NA,NA,1980,45.4579
6265,319,root,0,NA,NA,319,45.4575
6266,3344,root,0,NA,NA,3344,45.4564
6267,5258,root,0,NA,NA,5258,45.4482
6268,12140,root,0,NA,NA,12140,45.4455
6269,4931,root,0,NA,NA,4931,45.4439
6270,15230,root,0,NA,NA,15230,45.4405
6271,7046,root,0,NA,NA,7046,45.4392
6272,2764,root,0,NA,NA,2764,45.4368
6273,8130,root,0,NA,NA,8130,45.4313
6274,8551,root,0,NA,NA,8551,45.4308
6275,16412,root,0,NA,NA,16412,45.4297
6276,108,root,0,NA,NA,108,45.4286
6277,9215,root,0,NA,NA,9215,45.4285
6278,11693,root,0,NA,NA,11693,45.4277
6279,1662,root,0,NA,NA,1662,45.4271
6280,15585,root,0,NA,NA,15585,45.4248
6281,12545,root,0,NA,NA,12545,45.4215
6282,949,root,0,NA,NA,949,45.4212
6283,19031,root,0,NA,NA,19031,45.4203
6284,13486,root,0,NA,NA,13486,45.4152
6285,7877,root,0,NA,NA,7877,45.4123
6286,3687,root,0,NA,NA,3687,45.4118
6287,4539,root,0,NA,NA,4539,45.4101
6288,751,root,0,NA,NA,751,45.4059
6289,8273,root,0,NA,NA,8273,45.4051
6290,276,root,0,NA,NA,276,45.4039
6291,8276,root,0,NA,NA,8276,45.4015
6292,9838,root,0,NA,NA,9838,45.4006
6293,16467,root,0,NA,NA,16467,45.3997
6294,16516,root,0,NA,NA,16516,45.3944
6295,15163,root,0,NA,NA,15163,45.3869
6296,2645,root,0,NA,NA,2645,45.3863
6297,16318,root,0,NA,NA,16318,45.3825
6298,2016,root,0,NA,NA,2016,45.3817
6299,5460,root,0,NA,NA,5460,45.3804
6300,4085,root,0,NA,NA,4085,45.3788
6301,3674,root,0,NA,NA,3674,45.3762
6302,3987,root,0,NA,NA,3987,45.3701
6303,238,root,0,NA,NA,238,45.3679
6304,18194,root,0,NA,NA,18194,45.3625
6305,8098,root,0,NA,NA,8098,45.3608
6306,7985,root,0,NA,NA,7985,45.3516
6307,5462,root,0,NA,NA,5462,45.3504
6308,15104,root,0,NA,NA,15104,45.3478
6309,5797,root,0,NA,NA,5797,45.3474
6310,81,root,0,NA,NA,81,45.347
6311,17017,root,0,NA,NA,17017,45.347
6312,4152,root,0,NA,NA,4152,45.3454
6313,15512,root,0,NA,NA,15512,45.3395
6314,5483,root,0,NA,NA,5483,45.3367
6315,18921,root,0,NA,NA,18921,45.3348
6316,7436,root,0,NA,NA,7436,45.334
6317,1437,root,0,NA,NA,1437,45.3319
6318,6660,root,0,NA,NA,6660,45.3283
6319,18729,root,0,NA,NA,18729,45.3261
6320,3661,root,0,NA,NA,3661,45.3239
6321,4635,root,0,NA,NA,4635,45.3205
6322,11478,root,0,NA,NA,11478,45.3202
6323,19067,root,0,NA,NA,19067,45.3195
6324,19733,root,0,NA,NA,19733,45.3124
6325,13345,root,0,NA,NA,13345,45.3111
6326,544,root,0,NA,NA,544,45.3109
6327,18391,root,0,NA,NA,18391,45.3101
6328,11458,root,0,NA,NA,11458,45.3076
6329,1641,root,0,NA,NA,1641,45.3049
6330,95,root,0,NA,NA,95,45.3015
6331,4691,root,0,NA,NA,4691,45.3006
6332,5433,root,0,NA,NA,5433,45.2994
6333,14878,root,0,NA,NA,14878,45.299
6334,18177,root,0,NA,NA,18177,45.2988
6335,777,root,0,NA,NA,777,45.2984
6336,15187,root,0,NA,NA,15187,45.2971
6337,1116,root,0,NA,NA,1116,45.2933
6338,3860,root,0,NA,NA,3860,45.2921
6339,2750,root,0,NA,NA,2750,45.2898
6340,1489,root,0,NA,NA,1489,45.2863
6341,16260,root,0,NA,NA,16260,45.2855
6342,9098,root,0,NA,NA,9098,45.2795
6343,9586,root,0,NA,NA,9586,45.279
6344,6276,root,0,NA,NA,6276,45.2781
6345,8156,root,0,NA,NA,8156,45.2696
6346,9012,root,0,NA,NA,9012,45.2693
6347,9373,root,0,NA,NA,9373,45.267
6348,15031,root,0,NA,NA,15031,45.2666
6349,1696,root,0,NA,NA,1696,45.2664
6350,6004,root,0,NA,NA,6004,45.2657
6351,16790,root,0,NA,NA,16790,45.2564
6352,6740,root,0,NA,NA,6740,45.2536
6353,6692,root,0,NA,NA,6692,45.249
6354,8245,root,0,NA,NA,8245,45.2477
6355,3331,root,0,NA,NA,3331,45.2473
6356,8168,root,0,NA,NA,8168,45.2469
6357,18174,root,0,NA,NA,18174,45.2465
6358,2763,root,0,NA,NA,2763,45.2436
6359,987,root,0,NA,NA,987,45.2367
6360,4293,root,0,NA,NA,4293,45.2332
6361,2585,root,0,NA,NA,2585,45.2319
6362,10438,root,0,NA,NA,10438,45.2308
6363,9609,root,0,NA,NA,9609,45.2299
6364,10931,root,0,NA,NA,10931,45.2264
6365,7606,root,0,NA,NA,7606,45.2239
6366,8360,root,0,NA,NA,8360,45.2191
6367,9530,root,0,NA,NA,9530,45.2177
6368,489,root,0,NA,NA,489,45.2175
6369,4321,root,0,NA,NA,4321,45.2157
6370,2192,root,0,NA,NA,2192,45.2154
6371,10325,root,0,NA,NA,10325,45.2141
6372,5826,root,0,NA,NA,5826,45.2093
6373,3002,root,0,NA,NA,3002,45.2077
6374,10790,root,0,NA,NA,10790,45.2055
6375,1764,root,0,NA,NA,1764,45.2015
6376,8634,root,0,NA,NA,8634,45.1996
6377,3468,root,0,NA,NA,3468,45.1947
6378,10641,root,0,NA,NA,10641,45.194
6379,3229,root,0,NA,NA,3229,45.192
6380,2475,root,0,NA,NA,2475,45.1906
6381,13528,root,0,NA,NA,13528,45.1893
6382,5818,root,0,NA,NA,5818,45.1854
6383,296,root,0,NA,NA,296,45.1842
6384,17672,root,0,NA,NA,17672,45.1768
6385,7993,root,0,NA,NA,7993,45.1746
6386,5079,root,0,NA,NA,5079,45.1745
6387,4216,root,0,NA,NA,4216,45.1729
6388,2616,root,0,NA,NA,2616,45.1717
6389,15844,root,0,NA,NA,15844,45.1621
6390,5988,root,0,NA,NA,5988,45.1535
6391,5619,root,0,NA,NA,5619,45.1511
6392,18154,root,0,NA,NA,18154,45.1492
6393,8899,root,0,NA,NA,8899,45.1351
6394,1229,root,0,NA,NA,1229,45.1351
6395,2726,root,0,NA,NA,2726,45.1338
6396,8632,root,0,NA,NA,8632,45.1335
6397,5388,root,0,NA,NA,5388,45.1205
6398,5330,root,0,NA,NA,5330,45.1192
6399,3779,root,0,NA,NA,3779,45.1153
6400,11697,root,0,NA,NA,11697,45.1091
6401,2577,root,0,NA,NA,2577,45.1086
6402,8221,root,0,NA,NA,8221,45.0978
6403,10631,root,0,NA,NA,10631,45.0937
6404,6532,root,0,NA,NA,6532,45.0926
6405,11192,root,0,NA,NA,11192,45.0914
6406,2648,root,0,NA,NA,2648,45.0903
6407,5632,root,0,NA,NA,5632,45.0901
6408,8171,root,0,NA,NA,8171,45.088
6409,1300,root,0,NA,NA,1300,45.0855
6410,6600,root,0,NA,NA,6600,45.0747
6411,6613,root,0,NA,NA,6613,45.0747
6412,7943,root,0,NA,NA,7943,45.0637
6413,5399,root,0,NA,NA,5399,45.0636
6414,4448,root,0,NA,NA,4448,45.0628
6415,2166,root,0,NA,NA,2166,45.0594
6416,19154,root,0,NA,NA,19154,45.0594
6417,6727,root,0,NA,NA,6727,45.0581
6418,251,root,0,NA,NA,251,45.0562
6419,13412,root,0,NA,NA,13412,45.0517
6420,798,root,0,NA,NA,798,45.0488
6421,18249,root,0,NA,NA,18249,45.0461
6422,848,root,0,NA,NA,848,45.0448
6423,76,root,0,NA,NA,76,45.0437
6424,6058,root,0,NA,NA,6058,45.0386
6425,5322,root,0,NA,NA,5322,45.0379
6426,3420,root,0,NA,NA,3420,45.03
6427,17691,root,0,NA,NA,17691,45.0275
6428,6854,root,0,NA,NA,6854,45.0248
6429,10193,root,0,NA,NA,10193,45.0243
6430,10954,root,0,NA,NA,10954,45.0216
6431,13447,root,0,NA,NA,13447,45.0211
6432,3653,root,0,NA,NA,3653,45.0118
6433,15,root,0,NA,NA,15,45.0115
6434,11884,root,0,NA,NA,11884,45.0098
6435,526,root,0,NA,NA,526,45.0085
6436,18665,root,0,NA,NA,18665,45.0081
6437,3745,root,0,NA,NA,3745,45.006
6438,13429,root,0,NA,NA,13429,45.0055
6439,19267,root,0,NA,NA,19267,45.0042
6440,2335,root,0,NA,NA,2335,45.0036
6441,8142,root,0,NA,NA,8142,44.9961
6442,4658,root,0,NA,NA,4658,44.9952
6443,7529,root,0,NA,NA,7529,44.9919
6444,6989,root,0,NA,NA,6989,44.9913
6445,2522,root,0,NA,NA,2522,44.9866
6446,5445,root,0,NA,NA,5445,44.9858
6447,8071,root,0,NA,NA,8071,44.9831
6448,8226,root,0,NA,NA,8226,44.9758
6449,3734,root,0,NA,NA,3734,44.9745
6450,8418,root,0,NA,NA,8418,44.9737
6451,2972,root,0,NA,NA,2972,44.9713
6452,9952,root,0,NA,NA,9952,44.9684
6453,14288,root,0,NA,NA,14288,44.9673
6454,5104,root,0,NA,NA,5104,44.9623
6455,3974,root,0,NA,NA,3974,44.9611
6456,9261,root,0,NA,NA,9261,44.9585
6457,16807,root,0,NA,NA,16807,44.9579
6458,16067,root,0,NA,NA,16067,44.9503
6459,4987,root,0,NA,NA,4987,44.9487
6460,12769,root,0,NA,NA,12769,44.9467
6461,2839,root,0,NA,NA,2839,44.942
6462,12358,root,0,NA,NA,12358,44.9367
6463,4105,root,0,NA,NA,4105,44.9348
6464,9863,root,0,NA,NA,9863,44.9292
6465,9621,root,0,NA,NA,9621,44.929
6466,4113,root,0,NA,NA,4113,44.9243
6467,12607,root,0,NA,NA,12607,44.9179
6468,5029,root,0,NA,NA,5029,44.9172
6469,11447,root,0,NA,NA,11447,44.9161
6470,1631,root,0,NA,NA,1631,44.9159
6471,1801,root,0,NA,NA,1801,44.9154
6472,5794,root,0,NA,NA,5794,44.9151
6473,5799,root,0,NA,NA,5799,44.9151
6474,5807,root,0,NA,NA,5807,44.9151
6475,4309,root,0,NA,NA,4309,44.9104
6476,1958,root,0,NA,NA,1958,44.9059
6477,1216,root,0,NA,NA,1216,44.9023
6478,1250,root,0,NA,NA,1250,44.9023
6479,2602,root,0,NA,NA,2602,44.9013
6480,5182,root,0,NA,NA,5182,44.9009
6481,6416,root,0,NA,NA,6416,44.9006
6482,15950,root,0,NA,NA,15950,44.8998
6483,8229,root,0,NA,NA,8229,44.894
6484,5161,root,0,NA,NA,5161,44.8933
6485,4350,root,0,NA,NA,4350,44.8909
6486,2241,root,0,NA,NA,2241,44.8875
6487,1550,root,0,NA,NA,1550,44.8841
6488,272,root,0,NA,NA,272,44.8838
6489,2119,root,0,NA,NA,2119,44.8823
6490,8720,root,0,NA,NA,8720,44.8789
6491,18018,root,0,NA,NA,18018,44.8746
6492,6012,root,0,NA,NA,6012,44.8746
6493,5208,root,0,NA,NA,5208,44.8738
6494,3407,root,0,NA,NA,3407,44.872
6495,18542,root,0,NA,NA,18542,44.8715
6496,1852,root,0,NA,NA,1852,44.8633
6497,1707,root,0,NA,NA,1707,44.8609
6498,1269,root,0,NA,NA,1269,44.8591
6499,19975,root,0,NA,NA,19975,44.8578
6500,1137,root,0,NA,NA,1137,44.8548
6501,18191,root,0,NA,NA,18191,44.853
6502,8904,root,0,NA,NA,8904,44.8529
6503,7224,root,0,NA,NA,7224,44.8518
6504,835,root,0,NA,NA,835,44.8514
6505,9886,root,0,NA,NA,9886,44.851
6506,9899,root,0,NA,NA,9899,44.851
6507,3666,root,0,NA,NA,3666,44.845
6508,3310,root,0,NA,NA,3310,44.8445
6509,1142,root,0,NA,NA,1142,44.8437
6510,1669,root,0,NA,NA,1669,44.8412
6511,18735,root,0,NA,NA,18735,44.8376
6512,4374,root,0,NA,NA,4374,44.8344
6513,7532,root,0,NA,NA,7532,44.8287
6514,4661,root,0,NA,NA,4661,44.8264
6515,7756,root,0,NA,NA,7756,44.8193
6516,9057,root,0,NA,NA,9057,44.8112
6517,18550,root,0,NA,NA,18550,44.8085
6518,146,root,0,NA,NA,146,44.8073
6519,2860,root,0,NA,NA,2860,44.8065
6520,2296,root,0,NA,NA,2296,44.8059
6521,9922,root,0,NA,NA,9922,44.8033
6522,4549,root,0,NA,NA,4549,44.8029
6523,1920,root,0,NA,NA,1920,44.8
6524,4314,root,0,NA,NA,4314,44.7998
6525,1886,root,0,NA,NA,1886,44.7986
6526,591,root,0,NA,NA,591,44.7964
6527,16578,root,0,NA,NA,16578,44.7874
6528,16077,root,0,NA,NA,16077,44.7771
6529,11562,root,0,NA,NA,11562,44.7757
6530,19345,root,0,NA,NA,19345,44.7736
6531,19347,root,0,NA,NA,19347,44.7674
6532,2692,root,0,NA,NA,2692,44.7667
6533,4679,root,0,NA,NA,4679,44.7646
6534,6947,root,0,NA,NA,6947,44.7614
6535,3292,root,0,NA,NA,3292,44.7545
6536,14005,root,0,NA,NA,14005,44.751
6537,5389,root,0,NA,NA,5389,44.7449
6538,2518,root,0,NA,NA,2518,44.7435
6539,649,root,0,NA,NA,649,44.7408
6540,5160,root,0,NA,NA,5160,44.7406
6541,5163,root,0,NA,NA,5163,44.7406
6542,5168,root,0,NA,NA,5168,44.7406
6543,5173,root,0,NA,NA,5173,44.7406
6544,5176,root,0,NA,NA,5176,44.7406
6545,5181,root,0,NA,NA,5181,44.7406
6546,5184,root,0,NA,NA,5184,44.7406
6547,5189,root,0,NA,NA,5189,44.7406
6548,11582,root,0,NA,NA,11582,44.7397
6549,1374,root,0,NA,NA,1374,44.7394
6550,19605,root,0,NA,NA,19605,44.7366
6551,869,root,0,NA,NA,869,44.7362
6552,11688,root,0,NA,NA,11688,44.736
6553,9858,root,0,NA,NA,9858,44.7355
6554,513,root,0,NA,NA,513,44.7281
6555,6093,root,0,NA,NA,6093,44.722
6556,8160,root,0,NA,NA,8160,44.7203
6557,2317,root,0,NA,NA,2317,44.7192
6558,2996,root,0,NA,NA,2996,44.7175
6559,18165,root,0,NA,NA,18165,44.7167
6560,1739,root,0,NA,NA,1739,44.7165
6561,4272,root,0,NA,NA,4272,44.7151
6562,3475,root,0,NA,NA,3475,44.7151
6563,3964,root,0,NA,NA,3964,44.7142
6564,7004,root,0,NA,NA,7004,44.7122
6565,19172,root,0,NA,NA,19172,44.7102
6566,15957,root,0,NA,NA,15957,44.7051
6567,15796,root,0,NA,NA,15796,44.7044
6568,18923,root,0,NA,NA,18923,44.7028
6569,5347,root,0,NA,NA,5347,44.6997
6570,937,root,0,NA,NA,937,44.6962
6571,11037,root,0,NA,NA,11037,44.6933
6572,3090,root,0,NA,NA,3090,44.6928
6573,2442,root,0,NA,NA,2442,44.688
6574,7769,root,0,NA,NA,7769,44.6874
6575,6597,root,0,NA,NA,6597,44.6869
6576,11515,root,0,NA,NA,11515,44.6858
6577,19287,root,0,NA,NA,19287,44.6839
6578,3766,root,0,NA,NA,3766,44.6808
6579,13942,root,0,NA,NA,13942,44.6803
6580,2590,root,0,NA,NA,2590,44.6792
6581,2272,root,0,NA,NA,2272,44.6787
6582,17125,root,0,NA,NA,17125,44.676
6583,434,root,0,NA,NA,434,44.6731
6584,6557,root,0,NA,NA,6557,44.673
6585,4562,root,0,NA,NA,4562,44.6674
6586,7402,root,0,NA,NA,7402,44.6666
6587,6644,root,0,NA,NA,6644,44.6558
6588,14637,root,0,NA,NA,14637,44.6492
6589,1620,root,0,NA,NA,1620,44.6424
6590,3564,root,0,NA,NA,3564,44.6395
6591,5611,root,0,NA,NA,5611,44.6392
6592,1155,root,0,NA,NA,1155,44.6361
6593,11964,root,0,NA,NA,11964,44.6359
6594,6017,root,0,NA,NA,6017,44.633
6595,1379,root,0,NA,NA,1379,44.6303
6596,4575,root,0,NA,NA,4575,44.6237
6597,11604,root,0,NA,NA,11604,44.6221
6598,5298,root,0,NA,NA,5298,44.617
6599,1578,root,0,NA,NA,1578,44.6149
6600,3195,root,0,NA,NA,3195,44.6137
6601,2923,root,0,NA,NA,2923,44.6102
6602,10200,root,0,NA,NA,10200,44.6046
6603,13137,root,0,NA,NA,13137,44.6043
6604,16396,root,0,NA,NA,16396,44.604
6605,5831,root,0,NA,NA,5831,44.6035
6606,8045,root,0,NA,NA,8045,44.6002
6607,3004,root,0,NA,NA,3004,44.5993
6608,1785,root,0,NA,NA,1785,44.5978
6609,13356,root,0,NA,NA,13356,44.5882
6610,3347,root,0,NA,NA,3347,44.5858
6611,55,root,0,NA,NA,55,44.583
6612,17050,root,0,NA,NA,17050,44.5787
6613,8689,root,0,NA,NA,8689,44.5733
6614,17481,root,0,NA,NA,17481,44.5673
6615,5335,root,0,NA,NA,5335,44.5651
6616,11023,root,0,NA,NA,11023,44.5596
6617,1237,root,0,NA,NA,1237,44.5595
6618,2889,root,0,NA,NA,2889,44.5587
6619,6009,root,0,NA,NA,6009,44.5551
6620,18248,root,0,NA,NA,18248,44.5504
6621,13464,root,0,NA,NA,13464,44.5482
6622,4126,root,0,NA,NA,4126,44.5455
6623,5419,root,0,NA,NA,5419,44.5452
6624,7091,root,0,NA,NA,7091,44.5378
6625,3046,root,0,NA,NA,3046,44.5357
6626,5077,root,0,NA,NA,5077,44.5352
6627,13573,root,0,NA,NA,13573,44.53
6628,11554,root,0,NA,NA,11554,44.5215
6629,13896,root,0,NA,NA,13896,44.5192
6630,9442,root,0,NA,NA,9442,44.5192
6631,6090,root,0,NA,NA,6090,44.5175
6632,6098,root,0,NA,NA,6098,44.5175
6633,6111,root,0,NA,NA,6111,44.5175
6634,6119,root,0,NA,NA,6119,44.5175
6635,10370,root,0,NA,NA,10370,44.516
6636,16679,root,0,NA,NA,16679,44.5134
6637,18835,root,0,NA,NA,18835,44.5105
6638,1214,root,0,NA,NA,1214,44.5051
6639,2330,root,0,NA,NA,2330,44.5049
6640,6048,root,0,NA,NA,6048,44.5036
6641,7462,root,0,NA,NA,7462,44.4945
6642,16231,root,0,NA,NA,16231,44.4922
6643,2140,root,0,NA,NA,2140,44.4913
6644,1392,root,0,NA,NA,1392,44.48
6645,7270,root,0,NA,NA,7270,44.4761
6646,15301,root,0,NA,NA,15301,44.4705
6647,9028,root,0,NA,NA,9028,44.4681
6648,18063,root,0,NA,NA,18063,44.4672
6649,8275,root,0,NA,NA,8275,44.4646
6650,8970,root,0,NA,NA,8970,44.4606
6651,790,root,0,NA,NA,790,44.4603
6652,966,root,0,NA,NA,966,44.4508
6653,4945,root,0,NA,NA,4945,44.4471
6654,6724,root,0,NA,NA,6724,44.4459
6655,19850,root,0,NA,NA,19850,44.4404
6656,18689,root,0,NA,NA,18689,44.4398
6657,6950,root,0,NA,NA,6950,44.4393
6658,36,root,0,NA,NA,36,44.439
6659,3192,root,0,NA,NA,3192,44.4354
6660,3656,root,0,NA,NA,3656,44.4305
6661,17682,root,0,NA,NA,17682,44.43
6662,5975,root,0,NA,NA,5975,44.4202
6663,2666,root,0,NA,NA,2666,44.4167
6664,1484,root,0,NA,NA,1484,44.4164
6665,5343,root,0,NA,NA,5343,44.4147
6666,12958,root,0,NA,NA,12958,44.4038
6667,696,root,0,NA,NA,696,44.399
6668,5530,root,0,NA,NA,5530,44.3974
6669,195,root,0,NA,NA,195,44.3973
6670,19964,root,0,NA,NA,19964,44.3973
6671,7127,root,0,NA,NA,7127,44.3956
6672,19143,root,0,NA,NA,19143,44.3913
6673,15738,root,0,NA,NA,15738,44.3909
6674,3966,root,0,NA,NA,3966,44.3902
6675,2017,root,0,NA,NA,2017,44.3891
6676,1090,root,0,NA,NA,1090,44.3879
6677,8247,root,0,NA,NA,8247,44.3807
6678,8240,root,0,NA,NA,8240,44.3783
6679,733,root,0,NA,NA,733,44.3756
6680,5411,root,0,NA,NA,5411,44.3696
6681,1798,root,0,NA,NA,1798,44.3682
6682,8163,root,0,NA,NA,8163,44.3668
6683,11473,root,0,NA,NA,11473,44.363
6684,19020,root,0,NA,NA,19020,44.3595
6685,12791,root,0,NA,NA,12791,44.3573
6686,10286,root,0,NA,NA,10286,44.3566
6687,6838,root,0,NA,NA,6838,44.3544
6688,1111,root,0,NA,NA,1111,44.3529
6689,2776,root,0,NA,NA,2776,44.3527
6690,18427,root,0,NA,NA,18427,44.3474
6691,14665,root,0,NA,NA,14665,44.3467
6692,13481,root,0,NA,NA,13481,44.3441
6693,11700,root,0,NA,NA,11700,44.3425
6694,4746,root,0,NA,NA,4746,44.3419
6695,13483,root,0,NA,NA,13483,44.3205
6696,14436,root,0,NA,NA,14436,44.3169
6697,353,root,0,NA,NA,353,44.3155
6698,15763,root,0,NA,NA,15763,44.3143
6699,2444,root,0,NA,NA,2444,44.314
6700,5623,root,0,NA,NA,5623,44.3134
6701,617,root,0,NA,NA,617,44.3103
6702,6626,root,0,NA,NA,6626,44.3086
6703,4301,root,0,NA,NA,4301,44.3083
6704,10846,root,0,NA,NA,10846,44.3067
6705,13013,root,0,NA,NA,13013,44.302
6706,5314,root,0,NA,NA,5314,44.3006
6707,3326,root,0,NA,NA,3326,44.2989
6708,15227,root,0,NA,NA,15227,44.298
6709,429,root,0,NA,NA,429,44.2976
6710,10337,root,0,NA,NA,10337,44.282
6711,8576,root,0,NA,NA,8576,44.2815
6712,3700,root,0,NA,NA,3700,44.2813
6713,9370,root,0,NA,NA,9370,44.2812
6714,4032,root,0,NA,NA,4032,44.2794
6715,4040,root,0,NA,NA,4040,44.2794
6716,18243,root,0,NA,NA,18243,44.2788
6717,3318,root,0,NA,NA,3318,44.2786
6718,1205,root,0,NA,NA,1205,44.276
6719,4847,root,0,NA,NA,4847,44.2728
6720,3297,root,0,NA,NA,3297,44.265
6721,3339,root,0,NA,NA,3339,44.2639
6722,3394,root,0,NA,NA,3394,44.2614
6723,9778,root,0,NA,NA,9778,44.2611
6724,6001,root,0,NA,NA,6001,44.2587
6725,7990,root,0,NA,NA,7990,44.2568
6726,4234,root,0,NA,NA,4234,44.2489
6727,6474,root,0,NA,NA,6474,44.2483
6728,9113,root,0,NA,NA,9113,44.2464
6729,6127,root,0,NA,NA,6127,44.2434
6730,5381,root,0,NA,NA,5381,44.2431
6731,8116,root,0,NA,NA,8116,44.2417
6732,1145,root,0,NA,NA,1145,44.2411
6733,9727,root,0,NA,NA,9727,44.2386
6734,4174,root,0,NA,NA,4174,44.2384
6735,4854,root,0,NA,NA,4854,44.2373
6736,413,root,0,NA,NA,413,44.2352
6737,1320,root,0,NA,NA,1320,44.2298
6738,7269,root,0,NA,NA,7269,44.2182
6739,10504,root,0,NA,NA,10504,44.2139
6740,5368,root,0,NA,NA,5368,44.206
6741,9453,root,0,NA,NA,9453,44.2047
6742,5533,root,0,NA,NA,5533,44.2022
6743,693,root,0,NA,NA,693,44.192
6744,2275,root,0,NA,NA,2275,44.1899
6745,332,root,0,NA,NA,332,44.1814
6746,3006,root,0,NA,NA,3006,44.1812
6747,2975,root,0,NA,NA,2975,44.1807
6748,6778,root,0,NA,NA,6778,44.1806
6749,4974,root,0,NA,NA,4974,44.1759
6750,2540,root,0,NA,NA,2540,44.1752
6751,12522,root,0,NA,NA,12522,44.1733
6752,3758,root,0,NA,NA,3758,44.1677
6753,7740,root,0,NA,NA,7740,44.1674
6754,4885,root,0,NA,NA,4885,44.1632
6755,3669,root,0,NA,NA,3669,44.1613
6756,8528,root,0,NA,NA,8528,44.1592
6757,6515,root,0,NA,NA,6515,44.1561
6758,9822,root,0,NA,NA,9822,44.153
6759,16556,root,0,NA,NA,16556,44.1472
6760,5384,root,0,NA,NA,5384,44.1418
6761,2434,root,0,NA,NA,2434,44.1416
6762,11228,root,0,NA,NA,11228,44.1407
6763,19601,root,0,NA,NA,19601,44.1382
6764,787,root,0,NA,NA,787,44.1363
6765,4353,root,0,NA,NA,4353,44.1353
6766,38,root,0,NA,NA,38,44.1283
6767,13996,root,0,NA,NA,13996,44.1266
6768,10511,root,0,NA,NA,10511,44.125
6769,1930,root,0,NA,NA,1930,44.1249
6770,5891,root,0,NA,NA,5891,44.1236
6771,13990,root,0,NA,NA,13990,44.115
6772,3308,root,0,NA,NA,3308,44.1096
6773,10506,root,0,NA,NA,10506,44.1051
6774,9731,root,0,NA,NA,9731,44.0992
6775,879,root,0,NA,NA,879,44.0985
6776,887,root,0,NA,NA,887,44.0917
6777,4674,root,0,NA,NA,4674,44.0905
6778,4614,root,0,NA,NA,4614,44.0899
6779,5397,root,0,NA,NA,5397,44.083
6780,1290,root,0,NA,NA,1290,44.083
6781,3386,root,0,NA,NA,3386,44.0813
6782,13043,root,0,NA,NA,13043,44.0813
6783,8143,root,0,NA,NA,8143,44.08
6784,18813,root,0,NA,NA,18813,44.0793
6785,15583,root,0,NA,NA,15583,44.0786
6786,17259,root,0,NA,NA,17259,44.0741
6787,1838,root,0,NA,NA,1838,44.0666
6788,13751,root,0,NA,NA,13751,44.0635
6789,19400,root,0,NA,NA,19400,44.0634
6790,18546,root,0,NA,NA,18546,44.0518
6791,8192,root,0,NA,NA,8192,44.0517
6792,8200,root,0,NA,NA,8200,44.0517
6793,12032,root,0,NA,NA,12032,44.0471
6794,17661,root,0,NA,NA,17661,44.0438
6795,4704,root,0,NA,NA,4704,44.0405
6796,18725,root,0,NA,NA,18725,44.0385
6797,8271,root,0,NA,NA,8271,44.0384
6798,14738,root,0,NA,NA,14738,44.0356
6799,994,root,0,NA,NA,994,44.0351
6800,18142,root,0,NA,NA,18142,44.0323
6801,2650,root,0,NA,NA,2650,44.0309
6802,754,root,0,NA,NA,754,44.0284
6803,9324,root,0,NA,NA,9324,44.0261
6804,15712,root,0,NA,NA,15712,44.0248
6805,866,root,0,NA,NA,866,44.0211
6806,15334,root,0,NA,NA,15334,44.0196
6807,5446,root,0,NA,NA,5446,44.0194
6808,3381,root,0,NA,NA,3381,44.019
6809,3415,root,0,NA,NA,3415,44.019
6810,2700,root,0,NA,NA,2700,44.0178
6811,7362,root,0,NA,NA,7362,44.0137
6812,8804,root,0,NA,NA,8804,44.0092
6813,3441,root,0,NA,NA,3441,44.0081
6814,16267,root,0,NA,NA,16267,44.0077
6815,18204,root,0,NA,NA,18204,43.9994
6816,8322,root,0,NA,NA,8322,43.9962
6817,17523,root,0,NA,NA,17523,43.9959
6818,17886,root,0,NA,NA,17886,43.9915
6819,6014,root,0,NA,NA,6014,43.9867
6820,19634,root,0,NA,NA,19634,43.9836
6821,10840,root,0,NA,NA,10840,43.9806
6822,2106,root,0,NA,NA,2106,43.9765
6823,19379,root,0,NA,NA,19379,43.9758
6824,1335,root,0,NA,NA,1335,43.9753
6825,648,root,0,NA,NA,648,43.9707
6826,18242,root,0,NA,NA,18242,43.9698
6827,855,root,0,NA,NA,855,43.9693
6828,4147,root,0,NA,NA,4147,43.9661
6829,10281,root,0,NA,NA,10281,43.9648
6830,2051,root,0,NA,NA,2051,43.9629
6831,28,root,0,NA,NA,28,43.96
6832,6022,root,0,NA,NA,6022,43.9599
6833,16328,root,0,NA,NA,16328,43.9576
6834,1555,root,0,NA,NA,1555,43.9537
6835,8473,root,0,NA,NA,8473,43.9502
6836,8762,root,0,NA,NA,8762,43.9501
6837,3940,root,0,NA,NA,3940,43.9418
6838,1633,root,0,NA,NA,1633,43.9404
6839,4872,root,0,NA,NA,4872,43.9348
6840,1690,root,0,NA,NA,1690,43.9344
6841,714,root,0,NA,NA,714,43.9341
6842,4909,root,0,NA,NA,4909,43.9333
6843,18129,root,0,NA,NA,18129,43.9266
6844,416,root,0,NA,NA,416,43.9195
6845,6550,root,0,NA,NA,6550,43.9182
6846,10989,root,0,NA,NA,10989,43.9155
6847,7832,root,0,NA,NA,7832,43.9146
6848,1358,root,0,NA,NA,1358,43.9134
6849,5216,root,0,NA,NA,5216,43.913
6850,929,root,0,NA,NA,929,43.9105
6851,9117,root,0,NA,NA,9117,43.9079
6852,2931,root,0,NA,NA,2931,43.9057
6853,4440,root,0,NA,NA,4440,43.9041
6854,201,root,0,NA,NA,201,43.9022
6855,17554,root,0,NA,NA,17554,43.9012
6856,222,root,0,NA,NA,222,43.8995
6857,10841,root,0,NA,NA,10841,43.8983
6858,3533,root,0,NA,NA,3533,43.895
6859,5873,root,0,NA,NA,5873,43.8948
6860,18118,root,0,NA,NA,18118,43.8892
6861,11815,root,0,NA,NA,11815,43.8871
6862,4420,root,0,NA,NA,4420,43.8854
6863,3300,root,0,NA,NA,3300,43.8846
6864,2721,root,0,NA,NA,2721,43.8778
6865,3743,root,0,NA,NA,3743,43.8755
6866,7809,root,0,NA,NA,7809,43.8659
6867,5034,root,0,NA,NA,5034,43.8632
6868,8030,root,0,NA,NA,8030,43.8623
6869,5307,root,0,NA,NA,5307,43.8594
6870,180,root,0,NA,NA,180,43.8578
6871,12087,root,0,NA,NA,12087,43.852
6872,6545,root,0,NA,NA,6545,43.85
6873,2207,root,0,NA,NA,2207,43.8477
6874,16874,root,0,NA,NA,16874,43.8457
6875,7761,root,0,NA,NA,7761,43.8414
6876,6064,root,0,NA,NA,6064,43.8407
6877,8896,root,0,NA,NA,8896,43.8405
6878,12698,root,0,NA,NA,12698,43.8371
6879,1218,root,0,NA,NA,1218,43.8368
6880,16420,root,0,NA,NA,16420,43.8361
6881,3606,root,0,NA,NA,3606,43.8335
6882,6781,root,0,NA,NA,6781,43.8315
6883,3623,root,0,NA,NA,3623,43.8297
6884,8295,root,0,NA,NA,8295,43.8276
6885,5316,root,0,NA,NA,5316,43.8221
6886,285,root,0,NA,NA,285,43.8218
6887,10027,root,0,NA,NA,10027,43.8175
6888,6452,root,0,NA,NA,6452,43.8157
6889,5509,root,0,NA,NA,5509,43.8149
6890,3357,root,0,NA,NA,3357,43.8146
6891,4961,root,0,NA,NA,4961,43.8144
6892,436,root,0,NA,NA,436,43.8135
6893,12835,root,0,NA,NA,12835,43.8116
6894,14293,root,0,NA,NA,14293,43.8103
6895,680,root,0,NA,NA,680,43.8099
6896,18170,root,0,NA,NA,18170,43.8073
6897,9964,root,0,NA,NA,9964,43.8065
6898,18221,root,0,NA,NA,18221,43.8039
6899,1382,root,0,NA,NA,1382,43.7959
6900,2516,root,0,NA,NA,2516,43.7945
6901,3903,root,0,NA,NA,3903,43.7898
6902,3916,root,0,NA,NA,3916,43.7898
6903,3924,root,0,NA,NA,3924,43.7898
6904,2642,root,0,NA,NA,2642,43.7875
6905,10116,root,0,NA,NA,10116,43.7869
6906,1542,root,0,NA,NA,1542,43.7849
6907,13850,root,0,NA,NA,13850,43.7841
6908,5376,root,0,NA,NA,5376,43.7815
6909,11984,root,0,NA,NA,11984,43.7812
6910,5860,root,0,NA,NA,5860,43.7802
6911,1599,root,0,NA,NA,1599,43.7773
6912,5164,root,0,NA,NA,5164,43.7768
6913,3969,root,0,NA,NA,3969,43.7743
6914,18037,root,0,NA,NA,18037,43.7713
6915,13853,root,0,NA,NA,13853,43.7637
6916,2251,root,0,NA,NA,2251,43.7618
6917,14517,root,0,NA,NA,14517,43.7599
6918,2496,root,0,NA,NA,2496,43.7568
6919,7272,root,0,NA,NA,7272,43.7567
6920,14468,root,0,NA,NA,14468,43.7565
6921,19331,root,0,NA,NA,19331,43.7463
6922,7009,root,0,NA,NA,7009,43.745
6923,7014,root,0,NA,NA,7014,43.745
6924,8084,root,0,NA,NA,8084,43.7447
6925,11829,root,0,NA,NA,11829,43.7434
6926,5052,root,0,NA,NA,5052,43.7431
6927,17014,root,0,NA,NA,17014,43.742
6928,6964,root,0,NA,NA,6964,43.7376
6929,12454,root,0,NA,NA,12454,43.7362
6930,3961,root,0,NA,NA,3961,43.7359
6931,15638,root,0,NA,NA,15638,43.7357
6932,10632,root,0,NA,NA,10632,43.7323
6933,12016,root,0,NA,NA,12016,43.7298
6934,19021,root,0,NA,NA,19021,43.721
6935,172,root,0,NA,NA,172,43.7182
6936,89,root,0,NA,NA,89,43.7149
6937,3313,root,0,NA,NA,3313,43.7074
6938,4601,root,0,NA,NA,4601,43.704
6939,3716,root,0,NA,NA,3716,43.7031
6940,19024,root,0,NA,NA,19024,43.6953
6941,10647,root,0,NA,NA,10647,43.6953
6942,5750,root,0,NA,NA,5750,43.6921
6943,9511,root,0,NA,NA,9511,43.6915
6944,14051,root,0,NA,NA,14051,43.6894
6945,4767,root,0,NA,NA,4767,43.6866
6946,3376,root,0,NA,NA,3376,43.6854
6947,3572,root,0,NA,NA,3572,43.681
6948,12647,root,0,NA,NA,12647,43.6805
6949,1656,root,0,NA,NA,1656,43.6797
6950,11167,root,0,NA,NA,11167,43.6775
6951,7596,root,0,NA,NA,7596,43.6759
6952,8766,root,0,NA,NA,8766,43.6756
6953,19453,root,0,NA,NA,19453,43.6746
6954,12352,root,0,NA,NA,12352,43.6737
6955,5737,root,0,NA,NA,5737,43.6707
6956,1098,root,0,NA,NA,1098,43.668
6957,10530,root,0,NA,NA,10530,43.6659
6958,15764,root,0,NA,NA,15764,43.6646
6959,4165,root,0,NA,NA,4165,43.6622
6960,8355,root,0,NA,NA,8355,43.6595
6961,795,root,0,NA,NA,795,43.6553
6962,2493,root,0,NA,NA,2493,43.653
6963,1067,root,0,NA,NA,1067,43.6517
6964,2985,root,0,NA,NA,2985,43.6483
6965,4361,root,0,NA,NA,4361,43.648
6966,8145,root,0,NA,NA,8145,43.6458
6967,8153,root,0,NA,NA,8153,43.6458
6968,2495,root,0,NA,NA,2495,43.6433
6969,2629,root,0,NA,NA,2629,43.6428
6970,16475,root,0,NA,NA,16475,43.6394
6971,3982,root,0,NA,NA,3982,43.6304
6972,2363,root,0,NA,NA,2363,43.627
6973,7200,root,0,NA,NA,7200,43.6254
6974,3179,root,0,NA,NA,3179,43.6252
6975,16972,root,0,NA,NA,16972,43.6225
6976,8308,root,0,NA,NA,8308,43.6213
6977,11273,root,0,NA,NA,11273,43.6164
6978,2965,root,0,NA,NA,2965,43.6144
6979,15043,root,0,NA,NA,15043,43.6116
6980,720,root,0,NA,NA,720,43.6113
6981,1701,root,0,NA,NA,1701,43.6087
6982,18199,root,0,NA,NA,18199,43.6055
6983,392,root,0,NA,NA,392,43.6036
6984,12494,root,0,NA,NA,12494,43.6034
6985,188,root,0,NA,NA,188,43.6033
6986,6114,root,0,NA,NA,6114,43.6001
6987,2683,root,0,NA,NA,2683,43.5992
6988,11315,root,0,NA,NA,11315,43.5966
6989,16123,root,0,NA,NA,16123,43.5959
6990,9619,root,0,NA,NA,9619,43.5952
6991,13755,root,0,NA,NA,13755,43.5891
6992,14743,root,0,NA,NA,14743,43.589
6993,8726,root,0,NA,NA,8726,43.5856
6994,3402,root,0,NA,NA,3402,43.575
6995,12525,root,0,NA,NA,12525,43.5724
6996,3774,root,0,NA,NA,3774,43.5646
6997,17893,root,0,NA,NA,17893,43.5645
6998,10832,root,0,NA,NA,10832,43.5641
6999,19448,root,0,NA,NA,19448,43.5632
7000,2713,root,0,NA,NA,2713,43.5605
7001,1429,root,0,NA,NA,1429,43.5603
7002,8239,root,0,NA,NA,8239,43.56
7003,1720,root,0,NA,NA,1720,43.5569
7004,3627,root,0,NA,NA,3627,43.5553
7005,7220,root,0,NA,NA,7220,43.5512
7006,8129,root,0,NA,NA,8129,43.5448
7007,11265,root,0,NA,NA,11265,43.5402
7008,5286,root,0,NA,NA,5286,43.54
7009,11972,root,0,NA,NA,11972,43.5338
7010,17025,root,0,NA,NA,17025,43.529
7011,16553,root,0,NA,NA,16553,43.5148
7012,10150,root,0,NA,NA,10150,43.5096
7013,9104,root,0,NA,NA,9104,43.5062
7014,12191,root,0,NA,NA,12191,43.5043
7015,8236,root,0,NA,NA,8236,43.5035
7016,19308,root,0,NA,NA,19308,43.5029
7017,3352,root,0,NA,NA,3352,43.5014
7018,2679,root,0,NA,NA,2679,43.4988
7019,2784,root,0,NA,NA,2784,43.4987
7020,13093,root,0,NA,NA,13093,43.4964
7021,15733,root,0,NA,NA,15733,43.4962
7022,1361,root,0,NA,NA,1361,43.4912
7023,15294,root,0,NA,NA,15294,43.4857
7024,14133,root,0,NA,NA,14133,43.4854
7025,8410,root,0,NA,NA,8410,43.4834
7026,2487,root,0,NA,NA,2487,43.4801
7027,1510,root,0,NA,NA,1510,43.468
7028,2903,root,0,NA,NA,2903,43.4666
7029,11461,root,0,NA,NA,11461,43.4629
7030,1458,root,0,NA,NA,1458,43.4627
7031,10785,root,0,NA,NA,10785,43.4619
7032,9480,root,0,NA,NA,9480,43.4618
7033,1564,root,0,NA,NA,1564,43.4537
7034,2468,root,0,NA,NA,2468,43.4474
7035,12838,root,0,NA,NA,12838,43.4469
7036,7864,root,0,NA,NA,7864,43.4464
7037,5849,root,0,NA,NA,5849,43.445
7038,9709,root,0,NA,NA,9709,43.4439
7039,3881,root,0,NA,NA,3881,43.441
7040,701,root,0,NA,NA,701,43.4397
7041,1775,root,0,NA,NA,1775,43.4396
7042,1796,root,0,NA,NA,1796,43.4396
7043,12006,root,0,NA,NA,12006,43.4375
7044,6898,root,0,NA,NA,6898,43.4366
7045,18736,root,0,NA,NA,18736,43.435
7046,309,root,0,NA,NA,309,43.4279
7047,5925,root,0,NA,NA,5925,43.4213
7048,9627,root,0,NA,NA,9627,43.4205
7049,4106,root,0,NA,NA,4106,43.4176
7050,4953,root,0,NA,NA,4953,43.4161
7051,2815,root,0,NA,NA,2815,43.4159
7052,1141,root,0,NA,NA,1141,43.4151
7053,19825,root,0,NA,NA,19825,43.4146
7054,8567,root,0,NA,NA,8567,43.4142
7055,11887,root,0,NA,NA,11887,43.4124
7056,15831,root,0,NA,NA,15831,43.4097
7057,3567,root,0,NA,NA,3567,43.4078
7058,13904,root,0,NA,NA,13904,43.4057
7059,247,root,0,NA,NA,247,43.4035
7060,1158,root,0,NA,NA,1158,43.4035
7061,1166,root,0,NA,NA,1166,43.4017
7062,7911,root,0,NA,NA,7911,43.4016
7063,8356,root,0,NA,NA,8356,43.3975
7064,3593,root,0,NA,NA,3593,43.3972
7065,3785,root,0,NA,NA,3785,43.397
7066,19070,root,0,NA,NA,19070,43.3959
7067,3588,root,0,NA,NA,3588,43.395
7068,3069,root,0,NA,NA,3069,43.3887
7069,3580,root,0,NA,NA,3580,43.3869
7070,1591,root,0,NA,NA,1591,43.3834
7071,11221,root,0,NA,NA,11221,43.3816
7072,6355,root,0,NA,NA,6355,43.3799
7073,1948,root,0,NA,NA,1948,43.3766
7074,1471,root,0,NA,NA,1471,43.3756
7075,2480,root,0,NA,NA,2480,43.3716
7076,8201,root,0,NA,NA,8201,43.3705
7077,3373,root,0,NA,NA,3373,43.3666
7078,12997,root,0,NA,NA,12997,43.3615
7079,12569,root,0,NA,NA,12569,43.3605
7080,5665,root,0,NA,NA,5665,43.354
7081,4588,root,0,NA,NA,4588,43.352
7082,2598,root,0,NA,NA,2598,43.3505
7083,3158,root,0,NA,NA,3158,43.3473
7084,9269,root,0,NA,NA,9269,43.3423
7085,161,root,0,NA,NA,161,43.3391
7086,10308,root,0,NA,NA,10308,43.3391
7087,8242,root,0,NA,NA,8242,43.3385
7088,3389,root,0,NA,NA,3389,43.3362
7089,10399,root,0,NA,NA,10399,43.3349
7090,6796,root,0,NA,NA,6796,43.3338
7091,4999,root,0,NA,NA,4999,43.3292
7092,2171,root,0,NA,NA,2171,43.3179
7093,4186,root,0,NA,NA,4186,43.3159
7094,19017,root,0,NA,NA,19017,43.3154
7095,2508,root,0,NA,NA,2508,43.3133
7096,19318,root,0,NA,NA,19318,43.3097
7097,5252,root,0,NA,NA,5252,43.3074
7098,2734,root,0,NA,NA,2734,43.2992
7099,16817,root,0,NA,NA,16817,43.2982
7100,1822,root,0,NA,NA,1822,43.2969
7101,10182,root,0,NA,NA,10182,43.2956
7102,2879,root,0,NA,NA,2879,43.2926
7103,7829,root,0,NA,NA,7829,43.2915
7104,6976,root,0,NA,NA,6976,43.2903
7105,19313,root,0,NA,NA,19313,43.2903
7106,3559,root,0,NA,NA,3559,43.2887
7107,7025,root,0,NA,NA,7025,43.2875
7108,10710,root,0,NA,NA,10710,43.2865
7109,16305,root,0,NA,NA,16305,43.2791
7110,301,root,0,NA,NA,301,43.2736
7111,3753,root,0,NA,NA,3753,43.2721
7112,4285,root,0,NA,NA,4285,43.2712
7113,4536,root,0,NA,NA,4536,43.2688
7114,4343,root,0,NA,NA,4343,43.2673
7115,4715,root,0,NA,NA,4715,43.2672
7116,2936,root,0,NA,NA,2936,43.2665
7117,1387,root,0,NA,NA,1387,43.2626
7118,2482,root,0,NA,NA,2482,43.2618
7119,7794,root,0,NA,NA,7794,43.2428
7120,6242,root,0,NA,NA,6242,43.2408
7121,13888,root,0,NA,NA,13888,43.2399
7122,8994,root,0,NA,NA,8994,43.2384
7123,5344,root,0,NA,NA,5344,43.237
7124,14339,root,0,NA,NA,14339,43.2363
7125,3575,root,0,NA,NA,3575,43.2363
7126,2831,root,0,NA,NA,2831,43.2362
7127,5844,root,0,NA,NA,5844,43.2323
7128,138,root,0,NA,NA,138,43.2302
7129,7869,root,0,NA,NA,7869,43.2283
7130,5949,root,0,NA,NA,5949,43.2251
7131,9061,root,0,NA,NA,9061,43.2247
7132,13701,root,0,NA,NA,13701,43.2241
7133,3986,root,0,NA,NA,3986,43.2219
7134,14706,root,0,NA,NA,14706,43.2167
7135,604,root,0,NA,NA,604,43.2163
7136,6542,root,0,NA,NA,6542,43.2151
7137,8575,root,0,NA,NA,8575,43.2088
7138,6648,root,0,NA,NA,6648,43.2084
7139,1107,root,0,NA,NA,1107,43.2018
7140,570,root,0,NA,NA,570,43.2
7141,552,root,0,NA,NA,552,43.1958
7142,13320,root,0,NA,NA,13320,43.1942
7143,18742,root,0,NA,NA,18742,43.1911
7144,17265,root,0,NA,NA,17265,43.1877
7145,4134,root,0,NA,NA,4134,43.1811
7146,1261,root,0,NA,NA,1261,43.1751
7147,7875,root,0,NA,NA,7875,43.1715
7148,17001,root,0,NA,NA,17001,43.1715
7149,2614,root,0,NA,NA,2614,43.1649
7150,9092,root,0,NA,NA,9092,43.163
7151,8602,root,0,NA,NA,8602,43.1622
7152,6346,root,0,NA,NA,6346,43.1616
7153,6991,root,0,NA,NA,6991,43.1615
7154,3977,root,0,NA,NA,3977,43.1604
7155,5938,root,0,NA,NA,5938,43.16
7156,9538,root,0,NA,NA,9538,43.1587
7157,11536,root,0,NA,NA,11536,43.1493
7158,15157,root,0,NA,NA,15157,43.1468
7159,8909,root,0,NA,NA,8909,43.1466
7160,14004,root,0,NA,NA,14004,43.1452
7161,13679,root,0,NA,NA,13679,43.1448
7162,14674,root,0,NA,NA,14674,43.1432
7163,2006,root,0,NA,NA,2006,43.1421
7164,8109,root,0,NA,NA,8109,43.1408
7165,5359,root,0,NA,NA,5359,43.1373
7166,8781,root,0,NA,NA,8781,43.1255
7167,5987,root,0,NA,NA,5987,43.123
7168,7190,root,0,NA,NA,7190,43.123
7169,9947,root,0,NA,NA,9947,43.121
7170,10215,root,0,NA,NA,10215,43.1199
7171,1989,root,0,NA,NA,1989,43.1174
7172,2535,root,0,NA,NA,2535,43.1159
7173,2810,root,0,NA,NA,2810,43.1075
7174,4736,root,0,NA,NA,4736,43.1061
7175,6809,root,0,NA,NA,6809,43.1008
7176,8559,root,0,NA,NA,8559,43.0997
7177,4728,root,0,NA,NA,4728,43.095
7178,4029,root,0,NA,NA,4029,43.0935
7179,1954,root,0,NA,NA,1954,43.0796
7180,6766,root,0,NA,NA,6766,43.0789
7181,1063,root,0,NA,NA,1063,43.0776
7182,9383,root,0,NA,NA,9383,43.0774
7183,793,root,0,NA,NA,793,43.0759
7184,7338,root,0,NA,NA,7338,43.0748
7185,10892,root,0,NA,NA,10892,43.0736
7186,17504,root,0,NA,NA,17504,43.0732
7187,447,root,0,NA,NA,447,43.0732
7188,6830,root,0,NA,NA,6830,43.0722
7189,17400,root,0,NA,NA,17400,43.0714
7190,5491,root,0,NA,NA,5491,43.0713
7191,9494,root,0,NA,NA,9494,43.0676
7192,15336,root,0,NA,NA,15336,43.067
7193,5496,root,0,NA,NA,5496,43.0638
7194,5758,root,0,NA,NA,5758,43.0632
7195,8256,root,0,NA,NA,8256,43.059
7196,11489,root,0,NA,NA,11489,43.0494
7197,7250,root,0,NA,NA,7250,43.0404
7198,7258,root,0,NA,NA,7258,43.0404
7199,11677,root,0,NA,NA,11677,43.0401
7200,4833,root,0,NA,NA,4833,43.0395
7201,4228,root,0,NA,NA,4228,43.0337
7202,12426,root,0,NA,NA,12426,43.0334
7203,924,root,0,NA,NA,924,43.0304
7204,717,root,0,NA,NA,717,43.0276
7205,3596,root,0,NA,NA,3596,43.0261
7206,3321,root,0,NA,NA,3321,43.0259
7207,10693,root,0,NA,NA,10693,43.0258
7208,2250,root,0,NA,NA,2250,43.0206
7209,10096,root,0,NA,NA,10096,43.0201
7210,4264,root,0,NA,NA,4264,43.018
7211,11606,root,0,NA,NA,11606,43.0164
7212,2823,root,0,NA,NA,2823,43.015
7213,3033,root,0,NA,NA,3033,43.0118
7214,1184,root,0,NA,NA,1184,43.0118
7215,16563,root,0,NA,NA,16563,43.0111
7216,5120,root,0,NA,NA,5120,42.9984
7217,19066,root,0,NA,NA,19066,42.9982
7218,13921,root,0,NA,NA,13921,42.9957
7219,9470,root,0,NA,NA,9470,42.9914
7220,12353,root,0,NA,NA,12353,42.9895
7221,4877,root,0,NA,NA,4877,42.9893
7222,19324,root,0,NA,NA,19324,42.986
7223,3993,root,0,NA,NA,3993,42.9855
7224,3996,root,0,NA,NA,3996,42.9855
7225,3998,root,0,NA,NA,3998,42.9855
7226,4001,root,0,NA,NA,4001,42.9855
7227,4006,root,0,NA,NA,4006,42.9855
7228,4009,root,0,NA,NA,4009,42.9855
7229,4014,root,0,NA,NA,4014,42.9855
7230,4017,root,0,NA,NA,4017,42.9855
7231,4019,root,0,NA,NA,4019,42.9855
7232,17216,root,0,NA,NA,17216,42.9835
7233,15395,root,0,NA,NA,15395,42.9834
7234,13036,root,0,NA,NA,13036,42.982
7235,41,root,0,NA,NA,41,42.9813
7236,5016,root,0,NA,NA,5016,42.9797
7237,7585,root,0,NA,NA,7585,42.9741
7238,4864,root,0,NA,NA,4864,42.9731
7239,3287,root,0,NA,NA,3287,42.9716
7240,5679,root,0,NA,NA,5679,42.9707
7241,3979,root,0,NA,NA,3979,42.9658
7242,2970,root,0,NA,NA,2970,42.9633
7243,2364,root,0,NA,NA,2364,42.9609
7244,5738,root,0,NA,NA,5738,42.9595
7245,8076,root,0,NA,NA,8076,42.9582
7246,3948,root,0,NA,NA,3948,42.9558
7247,9486,root,0,NA,NA,9486,42.9558
7248,2514,root,0,NA,NA,2514,42.9556
7249,5219,root,0,NA,NA,5219,42.9544
7250,5097,root,0,NA,NA,5097,42.9486
7251,11302,root,0,NA,NA,11302,42.9461
7252,1625,root,0,NA,NA,1625,42.9449
7253,9440,root,0,NA,NA,9440,42.9438
7254,2517,root,0,NA,NA,2517,42.9428
7255,7030,root,0,NA,NA,7030,42.9428
7256,16635,root,0,NA,NA,16635,42.9423
7257,9334,root,0,NA,NA,9334,42.9422
7258,14259,root,0,NA,NA,14259,42.9402
7259,5025,root,0,NA,NA,5025,42.9398
7260,2019,root,0,NA,NA,2019,42.9395
7261,7577,root,0,NA,NA,7577,42.9373
7262,2910,root,0,NA,NA,2910,42.9367
7263,17370,root,0,NA,NA,17370,42.933
7264,5198,root,0,NA,NA,5198,42.9317
7265,11179,root,0,NA,NA,11179,42.9295
7266,6911,root,0,NA,NA,6911,42.9228
7267,10956,root,0,NA,NA,10956,42.9217
7268,6893,root,0,NA,NA,6893,42.9215
7269,7739,root,0,NA,NA,7739,42.919
7270,16365,root,0,NA,NA,16365,42.9132
7271,4671,root,0,NA,NA,4671,42.9096
7272,5049,root,0,NA,NA,5049,42.9091
7273,5327,root,0,NA,NA,5327,42.9052
7274,10203,root,0,NA,NA,10203,42.9037
7275,4127,root,0,NA,NA,4127,42.9036
7276,7982,root,0,NA,NA,7982,42.8948
7277,6612,root,0,NA,NA,6612,42.8919
7278,7038,root,0,NA,NA,7038,42.8915
7279,2991,root,0,NA,NA,2991,42.8879
7280,2740,root,0,NA,NA,2740,42.8878
7281,10928,root,0,NA,NA,10928,42.8836
7282,7327,root,0,NA,NA,7327,42.8833
7283,10634,root,0,NA,NA,10634,42.8832
7284,7448,root,0,NA,NA,7448,42.8776
7285,9058,root,0,NA,NA,9058,42.8756
7286,2807,root,0,NA,NA,2807,42.8745
7287,2716,root,0,NA,NA,2716,42.8745
7288,5727,root,0,NA,NA,5727,42.8729
7289,2091,root,0,NA,NA,2091,42.8713
7290,2483,root,0,NA,NA,2483,42.8708
7291,5265,root,0,NA,NA,5265,42.8686
7292,5251,root,0,NA,NA,5251,42.8682
7293,18225,root,0,NA,NA,18225,42.8681
7294,7213,root,0,NA,NA,7213,42.8656
7295,9656,root,0,NA,NA,9656,42.8649
7296,2797,root,0,NA,NA,2797,42.8644
7297,6673,root,0,NA,NA,6673,42.862
7298,1049,root,0,NA,NA,1049,42.8602
7299,19642,root,0,NA,NA,19642,42.8587
7300,5278,root,0,NA,NA,5278,42.8542
7301,13570,root,0,NA,NA,13570,42.848
7302,8554,root,0,NA,NA,8554,42.8439
7303,6317,root,0,NA,NA,6317,42.8352
7304,6200,root,0,NA,NA,6200,42.8328
7305,4583,root,0,NA,NA,4583,42.8288
7306,19288,root,0,NA,NA,19288,42.8264
7307,6621,root,0,NA,NA,6621,42.8222
7308,15120,root,0,NA,NA,15120,42.8217
7309,14693,root,0,NA,NA,14693,42.8207
7310,10222,root,0,NA,NA,10222,42.8196
7311,13993,root,0,NA,NA,13993,42.8189
7312,9540,root,0,NA,NA,9540,42.8189
7313,10783,root,0,NA,NA,10783,42.8178
7314,4207,root,0,NA,NA,4207,42.8167
7315,6886,root,0,NA,NA,6886,42.8159
7316,6891,root,0,NA,NA,6891,42.8159
7317,6899,root,0,NA,NA,6899,42.8159
7318,14737,root,0,NA,NA,14737,42.8136
7319,2556,root,0,NA,NA,2556,42.8093
7320,7567,root,0,NA,NA,7567,42.8089
7321,15717,root,0,NA,NA,15717,42.8075
7322,7674,root,0,NA,NA,7674,42.8065
7323,641,root,0,NA,NA,641,42.8033
7324,7139,root,0,NA,NA,7139,42.8015
7325,6647,root,0,NA,NA,6647,42.8007
7326,3729,root,0,NA,NA,3729,42.7981
7327,11218,root,0,NA,NA,11218,42.7934
7328,8887,root,0,NA,NA,8887,42.7931
7329,14535,root,0,NA,NA,14535,42.7851
7330,3945,root,0,NA,NA,3945,42.7767
7331,14445,root,0,NA,NA,14445,42.7765
7332,5072,root,0,NA,NA,5072,42.7744
7333,5090,root,0,NA,NA,5090,42.7686
7334,6363,root,0,NA,NA,6363,42.7616
7335,3012,root,0,NA,NA,3012,42.7536
7336,8056,root,0,NA,NA,8056,42.7493
7337,2926,root,0,NA,NA,2926,42.7479
7338,5567,root,0,NA,NA,5567,42.7468
7339,11893,root,0,NA,NA,11893,42.7463
7340,539,root,0,NA,NA,539,42.7457
7341,6275,root,0,NA,NA,6275,42.7457
7342,1865,root,0,NA,NA,1865,42.7445
7343,9295,root,0,NA,NA,9295,42.7418
7344,17059,root,0,NA,NA,17059,42.7375
7345,6085,root,0,NA,NA,6085,42.7331
7346,10639,root,0,NA,NA,10639,42.7309
7347,1839,root,0,NA,NA,1839,42.7298
7348,1576,root,0,NA,NA,1576,42.7293
7349,1584,root,0,NA,NA,1584,42.7293
7350,1597,root,0,NA,NA,1597,42.7293
7351,1618,root,0,NA,NA,1618,42.7293
7352,15053,root,0,NA,NA,15053,42.7277
7353,5270,root,0,NA,NA,5270,42.7269
7354,17589,root,0,NA,NA,17589,42.7245
7355,2708,root,0,NA,NA,2708,42.7238
7356,14774,root,0,NA,NA,14774,42.7219
7357,858,root,0,NA,NA,858,42.7183
7358,18329,root,0,NA,NA,18329,42.7176
7359,9417,root,0,NA,NA,9417,42.7157
7360,6736,root,0,NA,NA,6736,42.7115
7361,13982,root,0,NA,NA,13982,42.7081
7362,5185,root,0,NA,NA,5185,42.7073
7363,5706,root,0,NA,NA,5706,42.7058
7364,3462,root,0,NA,NA,3462,42.7055
7365,2758,root,0,NA,NA,2758,42.7044
7366,1983,root,0,NA,NA,1983,42.7024
7367,10794,root,0,NA,NA,10794,42.7009
7368,19647,root,0,NA,NA,19647,42.7007
7369,4525,root,0,NA,NA,4525,42.6972
7370,11808,root,0,NA,NA,11808,42.6941
7371,7274,root,0,NA,NA,7274,42.6936
7372,5719,root,0,NA,NA,5719,42.6934
7373,9472,root,0,NA,NA,9472,42.6927
7374,2314,root,0,NA,NA,2314,42.6896
7375,47,root,0,NA,NA,47,42.6806
7376,94,root,0,NA,NA,94,42.6802
7377,8253,root,0,NA,NA,8253,42.6771
7378,5406,root,0,NA,NA,5406,42.6759
7379,5272,root,0,NA,NA,5272,42.6752
7380,497,root,0,NA,NA,497,42.6743
7381,4252,root,0,NA,NA,4252,42.6732
7382,1804,root,0,NA,NA,1804,42.6731
7383,2978,root,0,NA,NA,2978,42.6718
7384,8363,root,0,NA,NA,8363,42.669
7385,19199,root,0,NA,NA,19199,42.6687
7386,9734,root,0,NA,NA,9734,42.6616
7387,2902,root,0,NA,NA,2902,42.661
7388,5264,root,0,NA,NA,5264,42.6594
7389,5589,root,0,NA,NA,5589,42.6593
7390,5404,root,0,NA,NA,5404,42.6578
7391,12415,root,0,NA,NA,12415,42.6571
7392,5275,root,0,NA,NA,5275,42.6493
7393,8563,root,0,NA,NA,8563,42.6463
7394,9365,root,0,NA,NA,9365,42.6462
7395,662,root,0,NA,NA,662,42.6434
7396,326,root,0,NA,NA,326,42.6415
7397,8279,root,0,NA,NA,8279,42.6415
7398,9481,root,0,NA,NA,9481,42.6397
7399,107,root,0,NA,NA,107,42.6367
7400,10146,root,0,NA,NA,10146,42.631
7401,7957,root,0,NA,NA,7957,42.6305
7402,8390,root,0,NA,NA,8390,42.6276
7403,3305,root,0,NA,NA,3305,42.626
7404,5547,root,0,NA,NA,5547,42.6258
7405,19352,root,0,NA,NA,19352,42.6257
7406,16069,root,0,NA,NA,16069,42.6237
7407,10128,root,0,NA,NA,10128,42.6236
7408,13122,root,0,NA,NA,13122,42.6219
7409,1134,root,0,NA,NA,1134,42.621
7410,16787,root,0,NA,NA,16787,42.6208
7411,19319,root,0,NA,NA,19319,42.6175
7412,120,root,0,NA,NA,120,42.6102
7413,4650,root,0,NA,NA,4650,42.6085
7414,12472,root,0,NA,NA,12472,42.5989
7415,5257,root,0,NA,NA,5257,42.5983
7416,14625,root,0,NA,NA,14625,42.5958
7417,14426,root,0,NA,NA,14426,42.5944
7418,4306,root,0,NA,NA,4306,42.5923
7419,646,root,0,NA,NA,646,42.5908
7420,5805,root,0,NA,NA,5805,42.5849
7421,9091,root,0,NA,NA,9091,42.5804
7422,7887,root,0,NA,NA,7887,42.5796
7423,4461,root,0,NA,NA,4461,42.5767
7424,11518,root,0,NA,NA,11518,42.5724
7425,6794,root,0,NA,NA,6794,42.5723
7426,6101,root,0,NA,NA,6101,42.5721
7427,11852,root,0,NA,NA,11852,42.5718
7428,5317,root,0,NA,NA,5317,42.5717
7429,345,root,0,NA,NA,345,42.5713
7430,17491,root,0,NA,NA,17491,42.5711
7431,11232,root,0,NA,NA,11232,42.568
7432,581,root,0,NA,NA,581,42.5667
7433,16798,root,0,NA,NA,16798,42.5665
7434,12224,root,0,NA,NA,12224,42.5626
7435,1353,root,0,NA,NA,1353,42.5606
7436,4231,root,0,NA,NA,4231,42.5561
7437,4084,root,0,NA,NA,4084,42.5537
7438,3103,root,0,NA,NA,3103,42.5485
7439,4512,root,0,NA,NA,4512,42.5484
7440,6451,root,0,NA,NA,6451,42.5478
7441,4998,root,0,NA,NA,4998,42.5464
7442,6903,root,0,NA,NA,6903,42.5462
7443,4436,root,0,NA,NA,4436,42.5444
7444,1534,root,0,NA,NA,1534,42.5407
7445,5378,root,0,NA,NA,5378,42.5381
7446,688,root,0,NA,NA,688,42.5367
7447,7724,root,0,NA,NA,7724,42.5351
7448,9171,root,0,NA,NA,9171,42.5331
7449,5774,root,0,NA,NA,5774,42.5321
7450,3517,root,0,NA,NA,3517,42.5301
7451,6835,root,0,NA,NA,6835,42.5294
7452,2085,root,0,NA,NA,2085,42.5281
7453,5996,root,0,NA,NA,5996,42.528
7454,3284,root,0,NA,NA,3284,42.5262
7455,10375,root,0,NA,NA,10375,42.5253
7456,1896,root,0,NA,NA,1896,42.5218
7457,14901,root,0,NA,NA,14901,42.5159
7458,4869,root,0,NA,NA,4869,42.515
7459,2742,root,0,NA,NA,2742,42.5147
7460,14746,root,0,NA,NA,14746,42.5098
7461,12229,root,0,NA,NA,12229,42.5077
7462,560,root,0,NA,NA,560,42.5011
7463,13988,root,0,NA,NA,13988,42.5008
7464,19138,root,0,NA,NA,19138,42.4987
7465,5431,root,0,NA,NA,5431,42.4962
7466,9015,root,0,NA,NA,9015,42.4919
7467,5830,root,0,NA,NA,5830,42.4917
7468,892,root,0,NA,NA,892,42.4881
7469,6859,root,0,NA,NA,6859,42.487
7470,3551,root,0,NA,NA,3551,42.486
7471,709,root,0,NA,NA,709,42.4856
7472,2793,root,0,NA,NA,2793,42.4856
7473,1580,root,0,NA,NA,1580,42.4839
7474,10037,root,0,NA,NA,10037,42.4838
7475,14498,root,0,NA,NA,14498,42.4815
7476,6158,root,0,NA,NA,6158,42.4796
7477,12423,root,0,NA,NA,12423,42.4697
7478,14032,root,0,NA,NA,14032,42.4689
7479,2729,root,0,NA,NA,2729,42.4673
7480,9809,root,0,NA,NA,9809,42.4672
7481,6890,root,0,NA,NA,6890,42.4569
7482,15632,root,0,NA,NA,15632,42.4549
7483,6329,root,0,NA,NA,6329,42.4537
7484,2674,root,0,NA,NA,2674,42.4516
7485,9525,root,0,NA,NA,9525,42.4514
7486,3820,root,0,NA,NA,3820,42.4502
7487,15192,root,0,NA,NA,15192,42.45
7488,15229,root,0,NA,NA,15229,42.4412
7489,6106,root,0,NA,NA,6106,42.4308
7490,17670,root,0,NA,NA,17670,42.4301
7491,9074,root,0,NA,NA,9074,42.4261
7492,5767,root,0,NA,NA,5767,42.4214
7493,468,root,0,NA,NA,468,42.4154
7494,11977,root,0,NA,NA,11977,42.4133
7495,12564,root,0,NA,NA,12564,42.4112
7496,408,root,0,NA,NA,408,42.4103
7497,3483,root,0,NA,NA,3483,42.3961
7498,5899,root,0,NA,NA,5899,42.3942
7499,3585,root,0,NA,NA,3585,42.3939
7500,5736,root,0,NA,NA,5736,42.39
7501,6110,root,0,NA,NA,6110,42.3878
7502,2828,root,0,NA,NA,2828,42.3832
7503,10244,root,0,NA,NA,10244,42.3831
7504,2802,root,0,NA,NA,2802,42.3821
7505,5240,root,0,NA,NA,5240,42.382
7506,573,root,0,NA,NA,573,42.3805
7507,2179,root,0,NA,NA,2179,42.3793
7508,12713,root,0,NA,NA,12713,42.3775
7509,683,root,0,NA,NA,683,42.3711
7510,4475,root,0,NA,NA,4475,42.3706
7511,2023,root,0,NA,NA,2023,42.3686
7512,5254,root,0,NA,NA,5254,42.3682
7513,4569,root,0,NA,NA,4569,42.3671
7514,2779,root,0,NA,NA,2779,42.3669
7515,5294,root,0,NA,NA,5294,42.3628
7516,12410,root,0,NA,NA,12410,42.3617
7517,9096,root,0,NA,NA,9096,42.3616
7518,115,root,0,NA,NA,115,42.3577
7519,15955,root,0,NA,NA,15955,42.3563
7520,2497,root,0,NA,NA,2497,42.3553
7521,2338,root,0,NA,NA,2338,42.3545
7522,18181,root,0,NA,NA,18181,42.3544
7523,5894,root,0,NA,NA,5894,42.354
7524,3530,root,0,NA,NA,3530,42.3494
7525,5013,root,0,NA,NA,5013,42.3467
7526,9726,root,0,NA,NA,9726,42.3466
7527,12065,root,0,NA,NA,12065,42.3436
7528,13138,root,0,NA,NA,13138,42.3355
7529,8173,root,0,NA,NA,8173,42.3353
7530,12828,root,0,NA,NA,12828,42.335
7531,11909,root,0,NA,NA,11909,42.3306
7532,16286,root,0,NA,NA,16286,42.3298
7533,15979,root,0,NA,NA,15979,42.3256
7534,3427,root,0,NA,NA,3427,42.3196
7535,3448,root,0,NA,NA,3448,42.3196
7536,3461,root,0,NA,NA,3461,42.3196
7537,746,root,0,NA,NA,746,42.3173
7538,18573,root,0,NA,NA,18573,42.3165
7539,17745,root,0,NA,NA,17745,42.3134
7540,6466,root,0,NA,NA,6466,42.3115
7541,19604,root,0,NA,NA,19604,42.3043
7542,6645,root,0,NA,NA,6645,42.3037
7543,19434,root,0,NA,NA,19434,42.3005
7544,5267,root,0,NA,NA,5267,42.3002
7545,15398,root,0,NA,NA,15398,42.2981
7546,2098,root,0,NA,NA,2098,42.2973
7547,5644,root,0,NA,NA,5644,42.2904
7548,3244,root,0,NA,NA,3244,42.2859
7549,3265,root,0,NA,NA,3265,42.2859
7550,5262,root,0,NA,NA,5262,42.2852
7551,1568,root,0,NA,NA,1568,42.2818
7552,4504,root,0,NA,NA,4504,42.2791
7553,6439,root,0,NA,NA,6439,42.2727
7554,3640,root,0,NA,NA,3640,42.2719
7555,8093,root,0,NA,NA,8093,42.2706
7556,964,root,0,NA,NA,964,42.2694
7557,18343,root,0,NA,NA,18343,42.2653
7558,4770,root,0,NA,NA,4770,42.2628
7559,1528,root,0,NA,NA,1528,42.2625
7560,7159,root,0,NA,NA,7159,42.2606
7561,12908,root,0,NA,NA,12908,42.2591
7562,3664,root,0,NA,NA,3664,42.2559
7563,8261,root,0,NA,NA,8261,42.2558
7564,11346,root,0,NA,NA,11346,42.2525
7565,14869,root,0,NA,NA,14869,42.2522
7566,12400,root,0,NA,NA,12400,42.2514
7567,11205,root,0,NA,NA,11205,42.2498
7568,8741,root,0,NA,NA,8741,42.2496
7569,3562,root,0,NA,NA,3562,42.2493
7570,6846,root,0,NA,NA,6846,42.245
7571,6568,root,0,NA,NA,6568,42.2443
7572,6035,root,0,NA,NA,6035,42.2311
7573,13659,root,0,NA,NA,13659,42.2283
7574,9517,root,0,NA,NA,9517,42.2282
7575,481,root,0,NA,NA,481,42.2276
7576,16405,root,0,NA,NA,16405,42.2243
7577,12019,root,0,NA,NA,12019,42.2236
7578,5593,root,0,NA,NA,5593,42.2225
7579,13094,root,0,NA,NA,13094,42.2219
7580,5627,root,0,NA,NA,5627,42.2188
7581,12661,root,0,NA,NA,12661,42.2176
7582,13726,root,0,NA,NA,13726,42.2156
7583,3397,root,0,NA,NA,3397,42.213
7584,19382,root,0,NA,NA,19382,42.2121
7585,60,root,0,NA,NA,60,42.2121
7586,5299,root,0,NA,NA,5299,42.2098
7587,18504,root,0,NA,NA,18504,42.2093
7588,16633,root,0,NA,NA,16633,42.2048
7589,1463,root,0,NA,NA,1463,42.1929
7590,16987,root,0,NA,NA,16987,42.191
7591,4606,root,0,NA,NA,4606,42.1901
7592,9286,root,0,NA,NA,9286,42.1868
7593,17726,root,0,NA,NA,17726,42.1828
7594,6554,root,0,NA,NA,6554,42.1808
7595,288,root,0,NA,NA,288,42.1804
7596,12527,root,0,NA,NA,12527,42.1803
7597,6187,root,0,NA,NA,6187,42.1728
7598,9430,root,0,NA,NA,9430,42.1713
7599,5907,root,0,NA,NA,5907,42.1706
7600,8290,root,0,NA,NA,8290,42.1636
7601,4745,root,0,NA,NA,4745,42.1613
7602,9070,root,0,NA,NA,9070,42.1607
7603,13445,root,0,NA,NA,13445,42.1588
7604,1095,root,0,NA,NA,1095,42.158
7605,11934,root,0,NA,NA,11934,42.1574
7606,1371,root,0,NA,NA,1371,42.1547
7607,1203,root,0,NA,NA,1203,42.1504
7608,1483,root,0,NA,NA,1483,42.1407
7609,12430,root,0,NA,NA,12430,42.1352
7610,3336,root,0,NA,NA,3336,42.1297
7611,7919,root,0,NA,NA,7919,42.1261
7612,3859,root,0,NA,NA,3859,42.1261
7613,214,root,0,NA,NA,214,42.1255
7614,12366,root,0,NA,NA,12366,42.1244
7615,4155,root,0,NA,NA,4155,42.1219
7616,1659,root,0,NA,NA,1659,42.1212
7617,1985,root,0,NA,NA,1985,42.1154
7618,6310,root,0,NA,NA,6310,42.1147
7619,18442,root,0,NA,NA,18442,42.1132
7620,15318,root,0,NA,NA,15318,42.1081
7621,2858,root,0,NA,NA,2858,42.1067
7622,8065,root,0,NA,NA,8065,42.1044
7623,5203,root,0,NA,NA,5203,42.0995
7624,11365,root,0,NA,NA,11365,42.0965
7625,2634,root,0,NA,NA,2634,42.0934
7626,8622,root,0,NA,NA,8622,42.0906
7627,3777,root,0,NA,NA,3777,42.0896
7628,6581,root,0,NA,NA,6581,42.0879
7629,6901,root,0,NA,NA,6901,42.0876
7630,6904,root,0,NA,NA,6904,42.0876
7631,6909,root,0,NA,NA,6909,42.0876
7632,6914,root,0,NA,NA,6914,42.0876
7633,1917,root,0,NA,NA,1917,42.0856
7634,10960,root,0,NA,NA,10960,42.0823
7635,3268,root,0,NA,NA,3268,42.0816
7636,2837,root,0,NA,NA,2837,42.0814
7637,1350,root,0,NA,NA,1350,42.0759
7638,16323,root,0,NA,NA,16323,42.0743
7639,7901,root,0,NA,NA,7901,42.0707
7640,3082,root,0,NA,NA,3082,42.0649
7641,12955,root,0,NA,NA,12955,42.0601
7642,13172,root,0,NA,NA,13172,42.06
7643,17562,root,0,NA,NA,17562,42.0559
7644,14222,root,0,NA,NA,14222,42.053
7645,14740,root,0,NA,NA,14740,42.0506
7646,7279,root,0,NA,NA,7279,42.0493
7647,4932,root,0,NA,NA,4932,42.0482
7648,14735,root,0,NA,NA,14735,42.0481
7649,11181,root,0,NA,NA,11181,42.0467
7650,16638,root,0,NA,NA,16638,42.0463
7651,3334,root,0,NA,NA,3334,42.0437
7652,16669,root,0,NA,NA,16669,42.0435
7653,3368,root,0,NA,NA,3368,42.0414
7654,9978,root,0,NA,NA,9978,42.0413
7655,8790,root,0,NA,NA,8790,42.0394
7656,6037,root,0,NA,NA,6037,42.0394
7657,13409,root,0,NA,NA,13409,42.0377
7658,19328,root,0,NA,NA,19328,42.0336
7659,15063,root,0,NA,NA,15063,42.0325
7660,4676,root,0,NA,NA,4676,42.0321
7661,5125,root,0,NA,NA,5125,42.0316
7662,13746,root,0,NA,NA,13746,42.0298
7663,8158,root,0,NA,NA,8158,42.0274
7664,16920,root,0,NA,NA,16920,42.0268
7665,785,root,0,NA,NA,785,42.0263
7666,14640,root,0,NA,NA,14640,42.0257
7667,1108,root,0,NA,NA,1108,42.0226
7668,4846,root,0,NA,NA,4846,42.0222
7669,13652,root,0,NA,NA,13652,42.0221
7670,12821,root,0,NA,NA,12821,42.0207
7671,11718,root,0,NA,NA,11718,42.015
7672,4199,root,0,NA,NA,4199,42.0086
7673,6972,root,0,NA,NA,6972,42.0082
7674,3510,root,0,NA,NA,3510,42.0071
7675,4244,root,0,NA,NA,4244,42.0035
7676,6190,root,0,NA,NA,6190,41.9997
7677,5554,root,0,NA,NA,5554,41.9953
7678,13451,root,0,NA,NA,13451,41.9937
7679,3708,root,0,NA,NA,3708,41.993
7680,10465,root,0,NA,NA,10465,41.9927
7681,11985,root,0,NA,NA,11985,41.9899
7682,5933,root,0,NA,NA,5933,41.9849
7683,6379,root,0,NA,NA,6379,41.982
7684,19751,root,0,NA,NA,19751,41.9775
7685,16997,root,0,NA,NA,16997,41.9775
7686,5037,root,0,NA,NA,5037,41.9761
7687,4016,root,0,NA,NA,4016,41.968
7688,10202,root,0,NA,NA,10202,41.9649
7689,4835,root,0,NA,NA,4835,41.961
7690,11596,root,0,NA,NA,11596,41.961
7691,1066,root,0,NA,NA,1066,41.9605
7692,15980,root,0,NA,NA,15980,41.9599
7693,3355,root,0,NA,NA,3355,41.9569
7694,5836,root,0,NA,NA,5836,41.9532
7695,4716,root,0,NA,NA,4716,41.9476
7696,3250,root,0,NA,NA,3250,41.9475
7697,4663,root,0,NA,NA,4663,41.9464
7698,6428,root,0,NA,NA,6428,41.9421
7699,2957,root,0,NA,NA,2957,41.9373
7700,7208,root,0,NA,NA,7208,41.9348
7701,230,root,0,NA,NA,230,41.9311
7702,7292,root,0,NA,NA,7292,41.9308
7703,7126,root,0,NA,NA,7126,41.9289
7704,15402,root,0,NA,NA,15402,41.9284
7705,3554,root,0,NA,NA,3554,41.9244
7706,8506,root,0,NA,NA,8506,41.9188
7707,12888,root,0,NA,NA,12888,41.908
7708,5886,root,0,NA,NA,5886,41.9045
7709,5285,root,0,NA,NA,5285,41.8987
7710,13531,root,0,NA,NA,13531,41.8959
7711,17526,root,0,NA,NA,17526,41.8929
7712,11750,root,0,NA,NA,11750,41.8918
7713,859,root,0,NA,NA,859,41.891
7714,867,root,0,NA,NA,867,41.891
7715,880,root,0,NA,NA,880,41.891
7716,2794,root,0,NA,NA,2794,41.8898
7717,1087,root,0,NA,NA,1087,41.885
7718,16826,root,0,NA,NA,16826,41.8848
7719,7499,root,0,NA,NA,7499,41.884
7720,614,root,0,NA,NA,614,41.8818
7721,3418,root,0,NA,NA,3418,41.8794
7722,6522,root,0,NA,NA,6522,41.8782
7723,15175,root,0,NA,NA,15175,41.8644
7724,4788,root,0,NA,NA,4788,41.8636
7725,2231,root,0,NA,NA,2231,41.8633
7726,9732,root,0,NA,NA,9732,41.8613
7727,3166,root,0,NA,NA,3166,41.8586
7728,10372,root,0,NA,NA,10372,41.8538
7729,7913,root,0,NA,NA,7913,41.852
7730,241,root,0,NA,NA,241,41.8493
7731,8406,root,0,NA,NA,8406,41.8405
7732,14938,root,0,NA,NA,14938,41.8404
7733,951,root,0,NA,NA,951,41.8381
7734,6803,root,0,NA,NA,6803,41.8324
7735,12619,root,0,NA,NA,12619,41.8307
7736,774,root,0,NA,NA,774,41.8271
7737,16888,root,0,NA,NA,16888,41.8214
7738,2635,root,0,NA,NA,2635,41.8195
7739,6524,root,0,NA,NA,6524,41.8167
7740,3324,root,0,NA,NA,3324,41.8152
7741,8004,root,0,NA,NA,8004,41.8147
7742,7537,root,0,NA,NA,7537,41.808
7743,4322,root,0,NA,NA,4322,41.8069
7744,3890,root,0,NA,NA,3890,41.8034
7745,10232,root,0,NA,NA,10232,41.802
7746,3937,root,0,NA,NA,3937,41.8017
7747,3153,root,0,NA,NA,3153,41.796
7748,4817,root,0,NA,NA,4817,41.7918
7749,13033,root,0,NA,NA,13033,41.7917
7750,128,root,0,NA,NA,128,41.7857
7751,11702,root,0,NA,NA,11702,41.7805
7752,17643,root,0,NA,NA,17643,41.7797
7753,17808,root,0,NA,NA,17808,41.7775
7754,2952,root,0,NA,NA,2952,41.7773
7755,8215,root,0,NA,NA,8215,41.7721
7756,10837,root,0,NA,NA,10837,41.772
7757,3721,root,0,NA,NA,3721,41.7696
7758,10074,root,0,NA,NA,10074,41.768
7759,3384,root,0,NA,NA,3384,41.7675
7760,10491,root,0,NA,NA,10491,41.7604
7761,8901,root,0,NA,NA,8901,41.7596
7762,10345,root,0,NA,NA,10345,41.759
7763,1751,root,0,NA,NA,1751,41.759
7764,2187,root,0,NA,NA,2187,41.7569
7765,1266,root,0,NA,NA,1266,41.7519
7766,5306,root,0,NA,NA,5306,41.7493
7767,5868,root,0,NA,NA,5868,41.7489
7768,19507,root,0,NA,NA,19507,41.7487
7769,4144,root,0,NA,NA,4144,41.7466
7770,12929,root,0,NA,NA,12929,41.7465
7771,14345,root,0,NA,NA,14345,41.7386
7772,3428,root,0,NA,NA,3428,41.7315
7773,4097,root,0,NA,NA,4097,41.7308
7774,1769,root,0,NA,NA,1769,41.7298
7775,5273,root,0,NA,NA,5273,41.7204
7776,7037,root,0,NA,NA,7037,41.7063
7777,6682,root,0,NA,NA,6682,41.7058
7778,5259,root,0,NA,NA,5259,41.7003
7779,5793,root,0,NA,NA,5793,41.6989
7780,9770,root,0,NA,NA,9770,41.6986
7781,1497,root,0,NA,NA,1497,41.6899
7782,2662,root,0,NA,NA,2662,41.6878
7783,17390,root,0,NA,NA,17390,41.6873
7784,18381,root,0,NA,NA,18381,41.6871
7785,10627,root,0,NA,NA,10627,41.6827
7786,6182,root,0,NA,NA,6182,41.6653
7787,10394,root,0,NA,NA,10394,41.6649
7788,2868,root,0,NA,NA,2868,41.6621
7789,730,root,0,NA,NA,730,41.6582
7790,920,root,0,NA,NA,920,41.6576
7791,5692,root,0,NA,NA,5692,41.6575
7792,16992,root,0,NA,NA,16992,41.6563
7793,3232,root,0,NA,NA,3232,41.6536
7794,5978,root,0,NA,NA,5978,41.6524
7795,2079,root,0,NA,NA,2079,41.6522
7796,2113,root,0,NA,NA,2113,41.6522
7797,2416,root,0,NA,NA,2416,41.6485
7798,19924,root,0,NA,NA,19924,41.6461
7799,5671,root,0,NA,NA,5671,41.6445
7800,14138,root,0,NA,NA,14138,41.643
7801,16086,root,0,NA,NA,16086,41.6424
7802,15473,root,0,NA,NA,15473,41.642
7803,8325,root,0,NA,NA,8325,41.642
7804,17030,root,0,NA,NA,17030,41.6418
7805,7987,root,0,NA,NA,7987,41.6379
7806,10252,root,0,NA,NA,10252,41.6379
7807,16962,root,0,NA,NA,16962,41.6289
7808,9660,root,0,NA,NA,9660,41.6264
7809,7482,root,0,NA,NA,7482,41.6238
7810,116,root,0,NA,NA,116,41.6229
7811,5281,root,0,NA,NA,5281,41.6196
7812,6944,root,0,NA,NA,6944,41.6176
7813,1718,root,0,NA,NA,1718,41.611
7814,7525,root,0,NA,NA,7525,41.6092
7815,371,root,0,NA,NA,371,41.6083
7816,5293,root,0,NA,NA,5293,41.6065
7817,15115,root,0,NA,NA,15115,41.603
7818,4631,root,0,NA,NA,4631,41.6011
7819,4787,root,0,NA,NA,4787,41.6001
7820,4800,root,0,NA,NA,4800,41.5945
7821,8487,root,0,NA,NA,8487,41.5915
7822,12662,root,0,NA,NA,12662,41.5899
7823,4683,root,0,NA,NA,4683,41.5895
7824,806,root,0,NA,NA,806,41.5759
7825,16360,root,0,NA,NA,16360,41.5721
7826,8998,root,0,NA,NA,8998,41.568
7827,4025,root,0,NA,NA,4025,41.5595
7828,15091,root,0,NA,NA,15091,41.5547
7829,11520,root,0,NA,NA,11520,41.5511
7830,7814,root,0,NA,NA,7814,41.5496
7831,11237,root,0,NA,NA,11237,41.547
7832,10302,root,0,NA,NA,10302,41.5458
7833,7801,root,0,NA,NA,7801,41.5454
7834,18068,root,0,NA,NA,18068,41.5453
7835,1327,root,0,NA,NA,1327,41.5406
7836,3405,root,0,NA,NA,3405,41.538
7837,2711,root,0,NA,NA,2711,41.5378
7838,1805,root,0,NA,NA,1805,41.5356
7839,7396,root,0,NA,NA,7396,41.534
7840,7404,root,0,NA,NA,7404,41.534
7841,9493,root,0,NA,NA,9493,41.5329
7842,676,root,0,NA,NA,676,41.5294
7843,681,root,0,NA,NA,681,41.5294
7844,684,root,0,NA,NA,684,41.5294
7845,686,root,0,NA,NA,686,41.5294
7846,689,root,0,NA,NA,689,41.5294
7847,692,root,0,NA,NA,692,41.5294
7848,694,root,0,NA,NA,694,41.5294
7849,697,root,0,NA,NA,697,41.5294
7850,702,root,0,NA,NA,702,41.5294
7851,705,root,0,NA,NA,705,41.5294
7852,707,root,0,NA,NA,707,41.5294
7853,710,root,0,NA,NA,710,41.5294
7854,715,root,0,NA,NA,715,41.5294
7855,718,root,0,NA,NA,718,41.5294
7856,16097,root,0,NA,NA,16097,41.5223
7857,6208,root,0,NA,NA,6208,41.5208
7858,6885,root,0,NA,NA,6885,41.519
7859,6344,root,0,NA,NA,6344,41.517
7860,8752,root,0,NA,NA,8752,41.5151
7861,15996,root,0,NA,NA,15996,41.5133
7862,5636,root,0,NA,NA,5636,41.5044
7863,18646,root,0,NA,NA,18646,41.4984
7864,5625,root,0,NA,NA,5625,41.4947
7865,18474,root,0,NA,NA,18474,41.4944
7866,19381,root,0,NA,NA,19381,41.489
7867,547,root,0,NA,NA,547,41.4832
7868,961,root,0,NA,NA,961,41.4813
7869,6359,root,0,NA,NA,6359,41.48
7870,6195,root,0,NA,NA,6195,41.4714
7871,6250,root,0,NA,NA,6250,41.4696
7872,4296,root,0,NA,NA,4296,41.4665
7873,8050,root,0,NA,NA,8050,41.4622
7874,8796,root,0,NA,NA,8796,41.4512
7875,5005,root,0,NA,NA,5005,41.4418
7876,16819,root,0,NA,NA,16819,41.4403
7877,10684,root,0,NA,NA,10684,41.4386
7878,3491,root,0,NA,NA,3491,41.4383
7879,11452,root,0,NA,NA,11452,41.4368
7880,18408,root,0,NA,NA,18408,41.4324
7881,12306,root,0,NA,NA,12306,41.4315
7882,4079,root,0,NA,NA,4079,41.4302
7883,4564,root,0,NA,NA,4564,41.4288
7884,8339,root,0,NA,NA,8339,41.4245
7885,3958,root,0,NA,NA,3958,41.4224
7886,10572,root,0,NA,NA,10572,41.4207
7887,4944,root,0,NA,NA,4944,41.4188
7888,9655,root,0,NA,NA,9655,41.4162
7889,6179,root,0,NA,NA,6179,41.4127
7890,14264,root,0,NA,NA,14264,41.4105
7891,3054,root,0,NA,NA,3054,41.4075
7892,18405,root,0,NA,NA,18405,41.406
7893,15108,root,0,NA,NA,15108,41.4042
7894,5291,root,0,NA,NA,5291,41.3997
7895,4861,root,0,NA,NA,4861,41.3963
7896,15771,root,0,NA,NA,15771,41.3916
7897,17158,root,0,NA,NA,17158,41.3899
7898,1772,root,0,NA,NA,1772,41.3874
7899,6910,root,0,NA,NA,6910,41.3874
7900,18459,root,0,NA,NA,18459,41.3846
7901,4203,root,0,NA,NA,4203,41.3831
7902,6148,root,0,NA,NA,6148,41.3809
7903,5076,root,0,NA,NA,5076,41.3785
7904,13913,root,0,NA,NA,13913,41.3757
7905,18816,root,0,NA,NA,18816,41.373
7906,10906,root,0,NA,NA,10906,41.3726
7907,8346,root,0,NA,NA,8346,41.3715
7908,5614,root,0,NA,NA,5614,41.371
7909,16027,root,0,NA,NA,16027,41.371
7910,19033,root,0,NA,NA,19033,41.3664
7911,15912,root,0,NA,NA,15912,41.3642
7912,19194,root,0,NA,NA,19194,41.3621
7913,15468,root,0,NA,NA,15468,41.3614
7914,15373,root,0,NA,NA,15373,41.3592
7915,68,root,0,NA,NA,68,41.3585
7916,16335,root,0,NA,NA,16335,41.3543
7917,2737,root,0,NA,NA,2737,41.3521
7918,970,root,0,NA,NA,970,41.3488
7919,11182,root,0,NA,NA,11182,41.3448
7920,6516,root,0,NA,NA,6516,41.3437
7921,10336,root,0,NA,NA,10336,41.3431
7922,4577,root,0,NA,NA,4577,41.3405
7923,589,root,0,NA,NA,589,41.3359
7924,592,root,0,NA,NA,592,41.3359
7925,597,root,0,NA,NA,597,41.3359
7926,605,root,0,NA,NA,605,41.3359
7927,610,root,0,NA,NA,610,41.3359
7928,613,root,0,NA,NA,613,41.3359
7929,618,root,0,NA,NA,618,41.3359
7930,626,root,0,NA,NA,626,41.3359
7931,2273,root,0,NA,NA,2273,41.3331
7932,12923,root,0,NA,NA,12923,41.3305
7933,5699,root,0,NA,NA,5699,41.3298
7934,4150,root,0,NA,NA,4150,41.3282
7935,4,root,0,NA,NA,4,41.3273
7936,6229,root,0,NA,NA,6229,41.3204
7937,9875,root,0,NA,NA,9875,41.3132
7938,7506,root,0,NA,NA,7506,41.3125
7939,4655,root,0,NA,NA,4655,41.3117
7940,14125,root,0,NA,NA,14125,41.3095
7941,324,root,0,NA,NA,324,41.3092
7942,5026,root,0,NA,NA,5026,41.3037
7943,4567,root,0,NA,NA,4567,41.3036
7944,2420,root,0,NA,NA,2420,41.3027
7945,3995,root,0,NA,NA,3995,41.3011
7946,2622,root,0,NA,NA,2622,41.2947
7947,3255,root,0,NA,NA,3255,41.2912
7948,474,root,0,NA,NA,474,41.286
7949,11899,root,0,NA,NA,11899,41.28
7950,18376,root,0,NA,NA,18376,41.2782
7951,19970,root,0,NA,NA,19970,41.2759
7952,8436,root,0,NA,NA,8436,41.272
7953,216,root,0,NA,NA,216,41.2643
7954,654,root,0,NA,NA,654,41.2581
7955,9409,root,0,NA,NA,9409,41.2534
7956,5517,root,0,NA,NA,5517,41.2531
7957,8211,root,0,NA,NA,8211,41.2529
7958,4696,root,0,NA,NA,4696,41.2504
7959,1314,root,0,NA,NA,1314,41.2492
7960,9488,root,0,NA,NA,9488,41.2476
7961,530,root,0,NA,NA,530,41.2442
7962,1028,root,0,NA,NA,1028,41.2438
7963,16374,root,0,NA,NA,16374,41.242
7964,136,root,0,NA,NA,136,41.241
7965,149,root,0,NA,NA,149,41.241
7966,170,root,0,NA,NA,170,41.241
7967,14642,root,0,NA,NA,14642,41.2395
7968,9887,root,0,NA,NA,9887,41.239
7969,193,root,0,NA,NA,193,41.2381
7970,19413,root,0,NA,NA,19413,41.2373
7971,3851,root,0,NA,NA,3851,41.2333
7972,9565,root,0,NA,NA,9565,41.2322
7973,11230,root,0,NA,NA,11230,41.2309
7974,473,root,0,NA,NA,473,41.2237
7975,985,root,0,NA,NA,985,41.2234
7976,8139,root,0,NA,NA,8139,41.2178
7977,8266,root,0,NA,NA,8266,41.217
7978,633,root,0,NA,NA,633,41.215
7979,6823,root,0,NA,NA,6823,41.2148
7980,5140,root,0,NA,NA,5140,41.2104
7981,12942,root,0,NA,NA,12942,41.2036
7982,4093,root,0,NA,NA,4093,41.2023
7983,4317,root,0,NA,NA,4317,41.198
7984,8834,root,0,NA,NA,8834,41.1949
7985,297,root,0,NA,NA,297,41.1861
7986,5881,root,0,NA,NA,5881,41.1857
7987,13154,root,0,NA,NA,13154,41.1832
7988,667,root,0,NA,NA,667,41.1823
7989,6749,root,0,NA,NA,6749,41.1791
7990,1779,root,0,NA,NA,1779,41.1779
7991,4882,root,0,NA,NA,4882,41.1777
7992,16292,root,0,NA,NA,16292,41.1755
7993,2988,root,0,NA,NA,2988,41.1717
7994,4042,root,0,NA,NA,4042,41.1707
7995,9647,root,0,NA,NA,9647,41.1673
7996,15972,root,0,NA,NA,15972,41.1639
7997,12022,root,0,NA,NA,12022,41.1585
7998,2621,root,0,NA,NA,2621,41.158
7999,15035,root,0,NA,NA,15035,41.1578
8000,12551,root,0,NA,NA,12551,41.1568
8001,15843,root,0,NA,NA,15843,41.1553
8002,11371,root,0,NA,NA,11371,41.1551
8003,18467,root,0,NA,NA,18467,41.1533
8004,18407,root,0,NA,NA,18407,41.1527
8005,3449,root,0,NA,NA,3449,41.15
8006,7669,root,0,NA,NA,7669,41.1463
8007,4709,root,0,NA,NA,4709,41.1406
8008,11672,root,0,NA,NA,11672,41.1374
8009,1975,root,0,NA,NA,1975,41.1368
8010,12177,root,0,NA,NA,12177,41.135
8011,7102,root,0,NA,NA,7102,41.1331
8012,19742,root,0,NA,NA,19742,41.1269
8013,7825,root,0,NA,NA,7825,41.1261
8014,16519,root,0,NA,NA,16519,41.1232
8015,9640,root,0,NA,NA,9640,41.1225
8016,11650,root,0,NA,NA,11650,41.12
8017,1530,root,0,NA,NA,1530,41.1185
8018,442,root,0,NA,NA,442,41.1173
8019,7042,root,0,NA,NA,7042,41.1117
8020,17374,root,0,NA,NA,17374,41.107
8021,7045,root,0,NA,NA,7045,41.1059
8022,15129,root,0,NA,NA,15129,41.1046
8023,6827,root,0,NA,NA,6827,41.103
8024,12892,root,0,NA,NA,12892,41.1029
8025,6511,root,0,NA,NA,6511,41.0989
8026,19343,root,0,NA,NA,19343,41.0969
8027,8402,root,0,NA,NA,8402,41.0962
8028,16861,root,0,NA,NA,16861,41.0938
8029,11048,root,0,NA,NA,11048,41.088
8030,14369,root,0,NA,NA,14369,41.0788
8031,5635,root,0,NA,NA,5635,41.0783
8032,13480,root,0,NA,NA,13480,41.0728
8033,4371,root,0,NA,NA,4371,41.0727
8034,13579,root,0,NA,NA,13579,41.0712
8035,5823,root,0,NA,NA,5823,41.0705
8036,6786,root,0,NA,NA,6786,41.068
8037,10795,root,0,NA,NA,10795,41.0673
8038,13299,root,0,NA,NA,13299,41.0655
8039,5512,root,0,NA,NA,5512,41.065
8040,5895,root,0,NA,NA,5895,41.0641
8041,1741,root,0,NA,NA,1741,41.06
8042,2719,root,0,NA,NA,2719,41.0577
8043,7614,root,0,NA,NA,7614,41.057
8044,2204,root,0,NA,NA,2204,41.0514
8045,5880,root,0,NA,NA,5880,41.0503
8046,5893,root,0,NA,NA,5893,41.0503
8047,5906,root,0,NA,NA,5906,41.0503
8048,7033,root,0,NA,NA,7033,41.0496
8049,460,root,0,NA,NA,460,41.0466
8050,7540,root,0,NA,NA,7540,41.0449
8051,13929,root,0,NA,NA,13929,41.0437
8052,4304,root,0,NA,NA,4304,41.0435
8053,7287,root,0,NA,NA,7287,41.0373
8054,4236,root,0,NA,NA,4236,41.0339
8055,18386,root,0,NA,NA,18386,41.0327
8056,2538,root,0,NA,NA,2538,41.0305
8057,19611,root,0,NA,NA,19611,41.0273
8058,1677,root,0,NA,NA,1677,41.0266
8059,12356,root,0,NA,NA,12356,41.0185
8060,9575,root,0,NA,NA,9575,41.015
8061,6631,root,0,NA,NA,6631,41.0119
8062,6639,root,0,NA,NA,6639,41.0119
8063,14357,root,0,NA,NA,14357,41.0082
8064,3685,root,0,NA,NA,3685,41.0071
8065,18303,root,0,NA,NA,18303,41.0037
8066,1282,root,0,NA,NA,1282,41.0019
8067,4520,root,0,NA,NA,4520,41.0019
8068,7388,root,0,NA,NA,7388,40.9993
8069,6999,root,0,NA,NA,6999,40.999
8070,4809,root,0,NA,NA,4809,40.9858
8071,19064,root,0,NA,NA,19064,40.9808
8072,4003,root,0,NA,NA,4003,40.979
8073,18453,root,0,NA,NA,18453,40.9763
8074,4319,root,0,NA,NA,4319,40.9744
8075,12230,root,0,NA,NA,12230,40.9736
8076,972,root,0,NA,NA,972,40.9694
8077,18180,root,0,NA,NA,18180,40.9651
8078,2433,root,0,NA,NA,2433,40.9608
8079,3216,root,0,NA,NA,3216,40.9574
8080,5356,root,0,NA,NA,5356,40.9572
8081,5435,root,0,NA,NA,5435,40.9531
8082,1819,root,0,NA,NA,1819,40.9521
8083,17190,root,0,NA,NA,17190,40.9509
8084,3203,root,0,NA,NA,3203,40.9505
8085,3237,root,0,NA,NA,3237,40.9505
8086,16496,root,0,NA,NA,16496,40.9491
8087,12357,root,0,NA,NA,12357,40.9469
8088,4836,root,0,NA,NA,4836,40.9464
8089,4849,root,0,NA,NA,4849,40.9464
8090,4857,root,0,NA,NA,4857,40.9464
8091,19728,root,0,NA,NA,19728,40.9444
8092,669,root,0,NA,NA,669,40.9437
8093,11156,root,0,NA,NA,11156,40.9429
8094,14889,root,0,NA,NA,14889,40.9414
8095,9388,root,0,NA,NA,9388,40.9407
8096,8457,root,0,NA,NA,8457,40.9407
8097,10249,root,0,NA,NA,10249,40.9402
8098,7218,root,0,NA,NA,7218,40.9349
8099,7226,root,0,NA,NA,7226,40.9349
8100,16750,root,0,NA,NA,16750,40.9345
8101,4660,root,0,NA,NA,4660,40.9345
8102,4370,root,0,NA,NA,4370,40.9339
8103,8679,root,0,NA,NA,8679,40.9317
8104,7685,root,0,NA,NA,7685,40.9305
8105,9125,root,0,NA,NA,9125,40.9269
8106,2114,root,0,NA,NA,2114,40.924
8107,11077,root,0,NA,NA,11077,40.9214
8108,16311,root,0,NA,NA,16311,40.9204
8109,8243,root,0,NA,NA,8243,40.916
8110,13125,root,0,NA,NA,13125,40.9094
8111,9881,root,0,NA,NA,9881,40.9075
8112,17926,root,0,NA,NA,17926,40.9072
8113,15128,root,0,NA,NA,15128,40.9069
8114,4257,root,0,NA,NA,4257,40.9064
8115,17326,root,0,NA,NA,17326,40.9021
8116,15333,root,0,NA,NA,15333,40.9018
8117,3052,root,0,NA,NA,3052,40.8956
8118,8626,root,0,NA,NA,8626,40.8894
8119,5504,root,0,NA,NA,5504,40.8872
8120,14978,root,0,NA,NA,14978,40.886
8121,12108,root,0,NA,NA,12108,40.886
8122,1232,root,0,NA,NA,1232,40.8854
8123,12667,root,0,NA,NA,12667,40.8849
8124,12438,root,0,NA,NA,12438,40.8817
8125,19264,root,0,NA,NA,19264,40.8815
8126,17152,root,0,NA,NA,17152,40.8807
8127,414,root,0,NA,NA,414,40.8788
8128,435,root,0,NA,NA,435,40.8788
8129,448,root,0,NA,NA,448,40.8788
8130,6026,root,0,NA,NA,6026,40.8752
8131,10275,root,0,NA,NA,10275,40.8667
8132,14685,root,0,NA,NA,14685,40.8647
8133,16814,root,0,NA,NA,16814,40.8642
8134,8520,root,0,NA,NA,8520,40.8619
8135,6072,root,0,NA,NA,6072,40.8609
8136,3224,root,0,NA,NA,3224,40.8577
8137,6479,root,0,NA,NA,6479,40.8538
8138,495,root,0,NA,NA,495,40.8469
8139,529,root,0,NA,NA,529,40.8469
8140,6152,root,0,NA,NA,6152,40.8453
8141,14465,root,0,NA,NA,14465,40.8443
8142,73,root,0,NA,NA,73,40.8443
8143,6555,root,0,NA,NA,6555,40.8439
8144,12379,root,0,NA,NA,12379,40.8429
8145,18281,root,0,NA,NA,18281,40.8379
8146,3091,root,0,NA,NA,3091,40.8367
8147,4247,root,0,NA,NA,4247,40.8345
8148,4239,root,0,NA,NA,4239,40.8321
8149,5656,root,0,NA,NA,5656,40.8306
8150,12027,root,0,NA,NA,12027,40.8296
8151,7234,root,0,NA,NA,7234,40.8281
8152,4673,root,0,NA,NA,4673,40.8185
8153,764,root,0,NA,NA,764,40.8181
8154,7056,root,0,NA,NA,7056,40.8168
8155,17938,root,0,NA,NA,17938,40.8145
8156,7856,root,0,NA,NA,7856,40.8135
8157,10206,root,0,NA,NA,10206,40.8127
8158,17656,root,0,NA,NA,17656,40.8125
8159,4668,root,0,NA,NA,4668,40.8082
8160,9548,root,0,NA,NA,9548,40.8066
8161,14045,root,0,NA,NA,14045,40.8048
8162,4859,root,0,NA,NA,4859,40.8033
8163,10397,root,0,NA,NA,10397,40.8013
8164,52,root,0,NA,NA,52,40.8
8165,12557,root,0,NA,NA,12557,40.7986
8166,8357,root,0,NA,NA,8357,40.7948
8167,8362,root,0,NA,NA,8362,40.7948
8168,8365,root,0,NA,NA,8365,40.7948
8169,5575,root,0,NA,NA,5575,40.7941
8170,7747,root,0,NA,NA,7747,40.791
8171,7752,root,0,NA,NA,7752,40.791
8172,3478,root,0,NA,NA,3478,40.7897
8173,16149,root,0,NA,NA,16149,40.7896
8174,9533,root,0,NA,NA,9533,40.7832
8175,9553,root,0,NA,NA,9553,40.7821
8176,15643,root,0,NA,NA,15643,40.7791
8177,12798,root,0,NA,NA,12798,40.7747
8178,5260,root,0,NA,NA,5260,40.7745
8179,9121,root,0,NA,NA,9121,40.7713
8180,6813,root,0,NA,NA,6813,40.7663
8181,2228,root,0,NA,NA,2228,40.7649
8182,17250,root,0,NA,NA,17250,40.7636
8183,4585,root,0,NA,NA,4585,40.7601
8184,5640,root,0,NA,NA,5640,40.7526
8185,5653,root,0,NA,NA,5653,40.7526
8186,13226,root,0,NA,NA,13226,40.7478
8187,9134,root,0,NA,NA,9134,40.7439
8188,10439,root,0,NA,NA,10439,40.742
8189,4342,root,0,NA,NA,4342,40.7415
8190,4894,root,0,NA,NA,4894,40.7402
8191,19377,root,0,NA,NA,19377,40.7365
8192,6871,root,0,NA,NA,6871,40.735
8193,8027,root,0,NA,NA,8027,40.7322
8194,4652,root,0,NA,NA,4652,40.729
8195,9748,root,0,NA,NA,9748,40.7257
8196,10499,root,0,NA,NA,10499,40.7166
8197,7040,root,0,NA,NA,7040,40.7158
8198,5711,root,0,NA,NA,5711,40.7146
8199,5717,root,0,NA,NA,5717,40.714
8200,5301,root,0,NA,NA,5301,40.7134
8201,8639,root,0,NA,NA,8639,40.7105
8202,4619,root,0,NA,NA,4619,40.7086
8203,16792,root,0,NA,NA,16792,40.7048
8204,8105,root,0,NA,NA,8105,40.6995
8205,4649,root,0,NA,NA,4649,40.6968
8206,1560,root,0,NA,NA,1560,40.6925
8207,6313,root,0,NA,NA,6313,40.6797
8208,3990,root,0,NA,NA,3990,40.672
8209,2703,root,0,NA,NA,2703,40.6696
8210,18728,root,0,NA,NA,18728,40.6689
8211,3704,root,0,NA,NA,3704,40.6688
8212,2304,root,0,NA,NA,2304,40.6672
8213,8694,root,0,NA,NA,8694,40.6661
8214,3877,root,0,NA,NA,3877,40.6632
8215,9279,root,0,NA,NA,9279,40.6631
8216,2999,root,0,NA,NA,2999,40.6615
8217,2732,root,0,NA,NA,2732,40.6573
8218,4644,root,0,NA,NA,4644,40.6513
8219,14692,root,0,NA,NA,14692,40.6506
8220,381,root,0,NA,NA,381,40.6451
8221,7077,root,0,NA,NA,7077,40.6438
8222,11430,root,0,NA,NA,11430,40.6356
8223,317,root,0,NA,NA,317,40.6286
8224,325,root,0,NA,NA,325,40.6286
8225,330,root,0,NA,NA,330,40.6286
8226,333,root,0,NA,NA,333,40.6286
8227,338,root,0,NA,NA,338,40.6286
8228,346,root,0,NA,NA,346,40.6286
8229,351,root,0,NA,NA,351,40.6286
8230,359,root,0,NA,NA,359,40.6286
8231,4611,root,0,NA,NA,4611,40.6274
8232,7711,root,0,NA,NA,7711,40.6173
8233,4959,root,0,NA,NA,4959,40.6168
8234,6995,root,0,NA,NA,6995,40.6164
8235,4665,root,0,NA,NA,4665,40.6148
8236,6297,root,0,NA,NA,6297,40.6096
8237,8007,root,0,NA,NA,8007,40.6076
8238,3538,root,0,NA,NA,3538,40.6066
8239,1861,root,0,NA,NA,1861,40.6025
8240,15036,root,0,NA,NA,15036,40.5999
8241,6799,root,0,NA,NA,6799,40.5894
8242,8511,root,0,NA,NA,8511,40.5878
8243,13738,root,0,NA,NA,13738,40.5814
8244,3798,root,0,NA,NA,3798,40.5762
8245,6263,root,0,NA,NA,6263,40.5747
8246,5622,root,0,NA,NA,5622,40.5732
8247,2581,root,0,NA,NA,2581,40.5683
8248,10934,root,0,NA,NA,10934,40.5662
8249,5309,root,0,NA,NA,5309,40.5647
8250,5296,root,0,NA,NA,5296,40.5644
8251,1132,root,0,NA,NA,1132,40.561
8252,10444,root,0,NA,NA,10444,40.5603
8253,18140,root,0,NA,NA,18140,40.5557
8254,2351,root,0,NA,NA,2351,40.5554
8255,17569,root,0,NA,NA,17569,40.5541
8256,2222,root,0,NA,NA,2222,40.5481
8257,3276,root,0,NA,NA,3276,40.5412
8258,5280,root,0,NA,NA,5280,40.54
8259,8647,root,0,NA,NA,8647,40.5396
8260,7276,root,0,NA,NA,7276,40.5389
8261,14678,root,0,NA,NA,14678,40.5377
8262,4089,root,0,NA,NA,4089,40.5364
8263,9698,root,0,NA,NA,9698,40.5303
8264,2724,root,0,NA,NA,2724,40.5177
8265,9721,root,0,NA,NA,9721,40.5149
8266,7992,root,0,NA,NA,7992,40.5122
8267,12983,root,0,NA,NA,12983,40.5032
8268,17965,root,0,NA,NA,17965,40.5025
8269,11161,root,0,NA,NA,11161,40.4994
8270,8978,root,0,NA,NA,8978,40.4984
8271,8875,root,0,NA,NA,8875,40.492
8272,5957,root,0,NA,NA,5957,40.4899
8273,19973,root,0,NA,NA,19973,40.4886
8274,9885,root,0,NA,NA,9885,40.4885
8275,14026,root,0,NA,NA,14026,40.4802
8276,1941,root,0,NA,NA,1941,40.475
8277,7043,root,0,NA,NA,7043,40.4735
8278,13703,root,0,NA,NA,13703,40.4718
8279,531,root,0,NA,NA,531,40.4709
8280,10559,root,0,NA,NA,10559,40.469
8281,11873,root,0,NA,NA,11873,40.466
8282,12412,root,0,NA,NA,12412,40.4625
8283,9234,root,0,NA,NA,9234,40.4592
8284,6084,root,0,NA,NA,6084,40.4578
8285,8135,root,0,NA,NA,8135,40.4486
8286,5357,root,0,NA,NA,5357,40.4483
8287,18660,root,0,NA,NA,18660,40.4482
8288,2506,root,0,NA,NA,2506,40.446
8289,19026,root,0,NA,NA,19026,40.4453
8290,5283,root,0,NA,NA,5283,40.4417
8291,17229,root,0,NA,NA,17229,40.4406
8292,3942,root,0,NA,NA,3942,40.4401
8293,18615,root,0,NA,NA,18615,40.4393
8294,7906,root,0,NA,NA,7906,40.4373
8295,17548,root,0,NA,NA,17548,40.4369
8296,968,root,0,NA,NA,968,40.4367
8297,10464,root,0,NA,NA,10464,40.4354
8298,7580,root,0,NA,NA,7580,40.4308
8299,9420,root,0,NA,NA,9420,40.4298
8300,19380,root,0,NA,NA,19380,40.4278
8301,1384,root,0,NA,NA,1384,40.4276
8302,3602,root,0,NA,NA,3602,40.4251
8303,15640,root,0,NA,NA,15640,40.4247
8304,12851,root,0,NA,NA,12851,40.4212
8305,15644,root,0,NA,NA,15644,40.4196
8306,8807,root,0,NA,NA,8807,40.4117
8307,5304,root,0,NA,NA,5304,40.4074
8308,675,root,0,NA,NA,675,40.4045
8309,12399,root,0,NA,NA,12399,40.4008
8310,12710,root,0,NA,NA,12710,40.3961
8311,15951,root,0,NA,NA,15951,40.3895
8312,4541,root,0,NA,NA,4541,40.3861
8313,7088,root,0,NA,NA,7088,40.3851
8314,9159,root,0,NA,NA,9159,40.3835
8315,2696,root,0,NA,NA,2696,40.3824
8316,15310,root,0,NA,NA,15310,40.3752
8317,6707,root,0,NA,NA,6707,40.3735
8318,16483,root,0,NA,NA,16483,40.3669
8319,16009,root,0,NA,NA,16009,40.3652
8320,2004,root,0,NA,NA,2004,40.3613
8321,4923,root,0,NA,NA,4923,40.3602
8322,11760,root,0,NA,NA,11760,40.3582
8323,9084,root,0,NA,NA,9084,40.3574
8324,10760,root,0,NA,NA,10760,40.3553
8325,15736,root,0,NA,NA,15736,40.3506
8326,6437,root,0,NA,NA,6437,40.3503
8327,4291,root,0,NA,NA,4291,40.348
8328,6203,root,0,NA,NA,6203,40.3476
8329,14791,root,0,NA,NA,14791,40.3458
8330,18153,root,0,NA,NA,18153,40.3446
8331,1086,root,0,NA,NA,1086,40.3409
8332,12903,root,0,NA,NA,12903,40.3391
8333,18477,root,0,NA,NA,18477,40.3305
8334,3201,root,0,NA,NA,3201,40.3255
8335,8789,root,0,NA,NA,8789,40.3235
8336,9210,root,0,NA,NA,9210,40.3218
8337,19387,root,0,NA,NA,19387,40.3205
8338,941,root,0,NA,NA,941,40.315
8339,8815,root,0,NA,NA,8815,40.3144
8340,5742,root,0,NA,NA,5742,40.3116
8341,12638,root,0,NA,NA,12638,40.3014
8342,15048,root,0,NA,NA,15048,40.2882
8343,12926,root,0,NA,NA,12926,40.286
8344,9363,root,0,NA,NA,9363,40.2827
8345,8747,root,0,NA,NA,8747,40.2793
8346,2327,root,0,NA,NA,2327,40.2785
8347,6351,root,0,NA,NA,6351,40.2779
8348,4121,root,0,NA,NA,4121,40.2777
8349,4623,root,0,NA,NA,4623,40.2768
8350,1673,root,0,NA,NA,1673,40.276
8351,9918,root,0,NA,NA,9918,40.2736
8352,3009,root,0,NA,NA,3009,40.2727
8353,17270,root,0,NA,NA,17270,40.268
8354,9142,root,0,NA,NA,9142,40.2676
8355,10418,root,0,NA,NA,10418,40.2606
8356,9085,root,0,NA,NA,9085,40.2585
8357,10569,root,0,NA,NA,10569,40.2582
8358,4580,root,0,NA,NA,4580,40.2575
8359,5355,root,0,NA,NA,5355,40.2529
8360,4000,root,0,NA,NA,4000,40.2525
8361,2285,root,0,NA,NA,2285,40.252
8362,9497,root,0,NA,NA,9497,40.2484
8363,12599,root,0,NA,NA,12599,40.2466
8364,8150,root,0,NA,NA,8150,40.239
8365,19596,root,0,NA,NA,19596,40.2349
8366,5991,root,0,NA,NA,5991,40.2317
8367,6135,root,0,NA,NA,6135,40.2273
8368,9779,root,0,NA,NA,9779,40.2267
8369,9489,root,0,NA,NA,9489,40.2244
8370,1907,root,0,NA,NA,1907,40.2151
8371,17666,root,0,NA,NA,17666,40.2146
8372,7242,root,0,NA,NA,7242,40.209
8373,3525,root,0,NA,NA,3525,40.2066
8374,10502,root,0,NA,NA,10502,40.2045
8375,12980,root,0,NA,NA,12980,40.2025
8376,1882,root,0,NA,NA,1882,40.1978
8377,7153,root,0,NA,NA,7153,40.1967
8378,4139,root,0,NA,NA,4139,40.1966
8379,7020,root,0,NA,NA,7020,40.1963
8380,2643,root,0,NA,NA,2643,40.193
8381,182,root,0,NA,NA,182,40.1838
8382,19629,root,0,NA,NA,19629,40.1803
8383,9452,root,0,NA,NA,9452,40.1798
8384,5580,root,0,NA,NA,5580,40.1769
8385,8274,root,0,NA,NA,8274,40.1767
8386,9256,root,0,NA,NA,9256,40.1673
8387,268,root,0,NA,NA,268,40.1671
8388,9179,root,0,NA,NA,9179,40.1665
8389,10406,root,0,NA,NA,10406,40.1635
8390,3520,root,0,NA,NA,3520,40.1615
8391,15456,root,0,NA,NA,15456,40.1609
8392,5847,root,0,NA,NA,5847,40.1579
8393,5745,root,0,NA,NA,5745,40.1545
8394,6056,root,0,NA,NA,6056,40.1498
8395,8035,root,0,NA,NA,8035,40.149
8396,11360,root,0,NA,NA,11360,40.1479
8397,3436,root,0,NA,NA,3436,40.1478
8398,9004,root,0,NA,NA,9004,40.14
8399,9686,root,0,NA,NA,9686,40.1384
8400,10478,root,0,NA,NA,10478,40.131
8401,9192,root,0,NA,NA,9192,40.1247
8402,14777,root,0,NA,NA,14777,40.1211
8403,15476,root,0,NA,NA,15476,40.1182
8404,7486,root,0,NA,NA,7486,40.1125
8405,3847,root,0,NA,NA,3847,40.1115
8406,10100,root,0,NA,NA,10100,40.104
8407,13649,root,0,NA,NA,13649,40.1031
8408,11108,root,0,NA,NA,11108,40.1031
8409,14943,root,0,NA,NA,14943,40.1002
8410,11388,root,0,NA,NA,11388,40.0997
8411,8248,root,0,NA,NA,8248,40.0977
8412,7,root,0,NA,NA,7,40.097
8413,7035,root,0,NA,NA,7035,40.0967
8414,8514,root,0,NA,NA,8514,40.0955
8415,3429,root,0,NA,NA,3429,40.0903
8416,2463,root,0,NA,NA,2463,40.0874
8417,4710,root,0,NA,NA,4710,40.0831
8418,4731,root,0,NA,NA,4731,40.0831
8419,4657,root,0,NA,NA,4657,40.0815
8420,2504,root,0,NA,NA,2504,40.0813
8421,7694,root,0,NA,NA,7694,40.0779
8422,759,root,0,NA,NA,759,40.0732
8423,10109,root,0,NA,NA,10109,40.0731
8424,16511,root,0,NA,NA,16511,40.0637
8425,8881,root,0,NA,NA,8881,40.0629
8426,7465,root,0,NA,NA,7465,40.0584
8427,4554,root,0,NA,NA,4554,40.0558
8428,7048,root,0,NA,NA,7048,40.0524
8429,234,root,0,NA,NA,234,40.0433
8430,18821,root,0,NA,NA,18821,40.0422
8431,6316,root,0,NA,NA,6316,40.0413
8432,5459,root,0,NA,NA,5459,40.0408
8433,3546,root,0,NA,NA,3546,40.0346
8434,2503,root,0,NA,NA,2503,40.0265
8435,10655,root,0,NA,NA,10655,40.0206
8436,8460,root,0,NA,NA,8460,40.0197
8437,11018,root,0,NA,NA,11018,40.0095
8438,19748,root,0,NA,NA,19748,40.0081
8439,7084,root,0,NA,NA,7084,40.0052
8440,18482,root,0,NA,NA,18482,40.0038
8441,4173,root,0,NA,NA,4173,40.0031
8442,4181,root,0,NA,NA,4181,40.0031
8443,4194,root,0,NA,NA,4194,40.0031
8444,10867,root,0,NA,NA,10867,40.0015
8445,15403,root,0,NA,NA,15403,39.996
8446,4678,root,0,NA,NA,4678,39.9888
8447,4449,root,0,NA,NA,4449,39.9887
8448,6519,root,0,NA,NA,6519,39.987
8449,12463,root,0,NA,NA,12463,39.9817
8450,6498,root,0,NA,NA,6498,39.9791
8451,4027,root,0,NA,NA,4027,39.9748
8452,4048,root,0,NA,NA,4048,39.9748
8453,12313,root,0,NA,NA,12313,39.9736
8454,9347,root,0,NA,NA,9347,39.9717
8455,4856,root,0,NA,NA,4856,39.9712
8456,17232,root,0,NA,NA,17232,39.9684
8457,11234,root,0,NA,NA,11234,39.9571
8458,3952,root,0,NA,NA,3952,39.9524
8459,4838,root,0,NA,NA,4838,39.952
8460,18568,root,0,NA,NA,18568,39.9512
8461,11312,root,0,NA,NA,11312,39.9471
8462,4598,root,0,NA,NA,4598,39.94
8463,8267,root,0,NA,NA,8267,39.9388
8464,5382,root,0,NA,NA,5382,39.937
8465,3872,root,0,NA,NA,3872,39.9367
8466,16363,root,0,NA,NA,16363,39.9315
8467,9500,root,0,NA,NA,9500,39.9236
8468,15910,root,0,NA,NA,15910,39.9222
8469,18367,root,0,NA,NA,18367,39.9185
8470,8121,root,0,NA,NA,8121,39.9139
8471,3950,root,0,NA,NA,3950,39.9121
8472,1168,root,0,NA,NA,1168,39.9029
8473,16881,root,0,NA,NA,16881,39.9024
8474,4453,root,0,NA,NA,4453,39.9008
8475,6695,root,0,NA,NA,6695,39.8997
8476,5211,root,0,NA,NA,5211,39.8985
8477,5093,root,0,NA,NA,5093,39.896
8478,16314,root,0,NA,NA,16314,39.8952
8479,9837,root,0,NA,NA,9837,39.8946
8480,9144,root,0,NA,NA,9144,39.8904
8481,8466,root,0,NA,NA,8466,39.8897
8482,14019,root,0,NA,NA,14019,39.8891
8483,6815,root,0,NA,NA,6815,39.8866
8484,13636,root,0,NA,NA,13636,39.8865
8485,5615,root,0,NA,NA,5615,39.8853
8486,8244,root,0,NA,NA,8244,39.8849
8487,6367,root,0,NA,NA,6367,39.8814
8488,19433,root,0,NA,NA,19433,39.881
8489,4737,root,0,NA,NA,4737,39.8803
8490,17081,root,0,NA,NA,17081,39.8794
8491,5338,root,0,NA,NA,5338,39.8746
8492,12964,root,0,NA,NA,12964,39.8734
8493,6080,root,0,NA,NA,6080,39.8709
8494,13802,root,0,NA,NA,13802,39.8683
8495,17487,root,0,NA,NA,17487,39.8654
8496,5902,root,0,NA,NA,5902,39.862
8497,18999,root,0,NA,NA,18999,39.8618
8498,5560,root,0,NA,NA,5560,39.8547
8499,384,root,0,NA,NA,384,39.8515
8500,12920,root,0,NA,NA,12920,39.8449
8501,4242,root,0,NA,NA,4242,39.8441
8502,4250,root,0,NA,NA,4250,39.8441
8503,16527,root,0,NA,NA,16527,39.844
8504,6541,root,0,NA,NA,6541,39.8422
8505,3115,root,0,NA,NA,3115,39.8363
8506,8288,root,0,NA,NA,8288,39.8344
8507,4518,root,0,NA,NA,4518,39.8244
8508,2372,root,0,NA,NA,2372,39.8198
8509,12760,root,0,NA,NA,12760,39.8131
8510,4986,root,0,NA,NA,4986,39.8112
8511,5148,root,0,NA,NA,5148,39.811
8512,11674,root,0,NA,NA,11674,39.81
8513,7347,root,0,NA,NA,7347,39.8085
8514,363,root,0,NA,NA,363,39.8084
8515,14205,root,0,NA,NA,14205,39.8049
8516,6622,root,0,NA,NA,6622,39.8038
8517,1399,root,0,NA,NA,1399,39.8012
8518,1193,root,0,NA,NA,1193,39.8003
8519,977,root,0,NA,NA,977,39.8001
8520,780,root,0,NA,NA,780,39.7983
8521,11787,root,0,NA,NA,11787,39.7951
8522,494,root,0,NA,NA,494,39.7925
8523,6770,root,0,NA,NA,6770,39.7861
8524,10609,root,0,NA,NA,10609,39.7861
8525,1366,root,0,NA,NA,1366,39.7836
8526,7850,root,0,NA,NA,7850,39.7824
8527,6923,root,0,NA,NA,6923,39.7765
8528,743,root,0,NA,NA,743,39.7725
8529,4195,root,0,NA,NA,4195,39.7716
8530,11278,root,0,NA,NA,11278,39.7689
8531,6224,root,0,NA,NA,6224,39.7679
8532,725,root,0,NA,NA,725,39.7544
8533,6430,root,0,NA,NA,6430,39.7523
8534,10401,root,0,NA,NA,10401,39.752
8535,5225,root,0,NA,NA,5225,39.7507
8536,4178,root,0,NA,NA,4178,39.7433
8537,12889,root,0,NA,NA,12889,39.7394
8538,19657,root,0,NA,NA,19657,39.7347
8539,5288,root,0,NA,NA,5288,39.7291
8540,86,root,0,NA,NA,86,39.7274
8541,9307,root,0,NA,NA,9307,39.7268
8542,19972,root,0,NA,NA,19972,39.7198
8543,17921,root,0,NA,NA,17921,39.7182
8544,13779,root,0,NA,NA,13779,39.7118
8545,19262,root,0,NA,NA,19262,39.7033
8546,12293,root,0,NA,NA,12293,39.701
8547,8810,root,0,NA,NA,8810,39.6984
8548,8358,root,0,NA,NA,8358,39.6962
8549,2613,root,0,NA,NA,2613,39.6955
8550,5543,root,0,NA,NA,5543,39.6916
8551,5391,root,0,NA,NA,5391,39.689
8552,3695,root,0,NA,NA,3695,39.6883
8553,14717,root,0,NA,NA,14717,39.6866
8554,2559,root,0,NA,NA,2559,39.6811
8555,12654,root,0,NA,NA,12654,39.679
8556,19405,root,0,NA,NA,19405,39.6759
8557,16290,root,0,NA,NA,16290,39.6743
8558,4008,root,0,NA,NA,4008,39.6733
8559,17227,root,0,NA,NA,17227,39.6724
8560,17591,root,0,NA,NA,17591,39.6652
8561,4011,root,0,NA,NA,4011,39.6642
8562,5630,root,0,NA,NA,5630,39.6606
8563,17711,root,0,NA,NA,17711,39.6543
8564,9129,root,0,NA,NA,9129,39.6515
8565,19140,root,0,NA,NA,19140,39.6487
8566,5190,root,0,NA,NA,5190,39.645
8567,11679,root,0,NA,NA,11679,39.6376
8568,19644,root,0,NA,NA,19644,39.6371
8569,8042,root,0,NA,NA,8042,39.6369
8570,7881,root,0,NA,NA,7881,39.6359
8571,7104,root,0,NA,NA,7104,39.6286
8572,12477,root,0,NA,NA,12477,39.6214
8573,14121,root,0,NA,NA,14121,39.6165
8574,18723,root,0,NA,NA,18723,39.6101
8575,9375,root,0,NA,NA,9375,39.6092
8576,12130,root,0,NA,NA,12130,39.608
8577,11304,root,0,NA,NA,11304,39.6034
8578,9380,root,0,NA,NA,9380,39.6016
8579,907,root,0,NA,NA,907,39.6001
8580,14957,root,0,NA,NA,14957,39.5998
8581,15650,root,0,NA,NA,15650,39.5986
8582,14439,root,0,NA,NA,14439,39.5981
8583,10498,root,0,NA,NA,10498,39.5971
8584,16488,root,0,NA,NA,16488,39.5971
8585,9023,root,0,NA,NA,9023,39.5935
8586,2264,root,0,NA,NA,2264,39.5921
8587,3651,root,0,NA,NA,3651,39.5914
8588,6284,root,0,NA,NA,6284,39.5828
8589,11737,root,0,NA,NA,11737,39.5739
8590,16293,root,0,NA,NA,16293,39.5739
8591,9433,root,0,NA,NA,9433,39.5702
8592,11897,root,0,NA,NA,11897,39.5693
8593,6752,root,0,NA,NA,6752,39.5637
8594,6760,root,0,NA,NA,6760,39.5637
8595,12332,root,0,NA,NA,12332,39.5597
8596,2386,root,0,NA,NA,2386,39.5589
8597,7219,root,0,NA,NA,7219,39.5566
8598,9184,root,0,NA,NA,9184,39.5546
8599,5920,root,0,NA,NA,5920,39.5493
8600,12232,root,0,NA,NA,12232,39.5454
8601,5855,root,0,NA,NA,5855,39.54
8602,15339,root,0,NA,NA,15339,39.5319
8603,7121,root,0,NA,NA,7121,39.5279
8604,17982,root,0,NA,NA,17982,39.5145
8605,18346,root,0,NA,NA,18346,39.5119
8606,6216,root,0,NA,NA,6216,39.5077
8607,3541,root,0,NA,NA,3541,39.5063
8608,772,root,0,NA,NA,772,39.5002
8609,5325,root,0,NA,NA,5325,39.4886
8610,17559,root,0,NA,NA,17559,39.488
8611,15820,root,0,NA,NA,15820,39.4823
8612,10494,root,0,NA,NA,10494,39.4801
8613,862,root,0,NA,NA,862,39.4801
8614,875,root,0,NA,NA,875,39.4801
8615,888,root,0,NA,NA,888,39.4801
8616,896,root,0,NA,NA,896,39.4801
8617,19894,root,0,NA,NA,19894,39.4744
8618,1449,root,0,NA,NA,1449,39.4725
8619,10044,root,0,NA,NA,10044,39.471
8620,159,root,0,NA,NA,159,39.4707
8621,421,root,0,NA,NA,421,39.4668
8622,19731,root,0,NA,NA,19731,39.465
8623,3072,root,0,NA,NA,3072,39.4561
8624,4034,root,0,NA,NA,4034,39.4557
8625,10706,root,0,NA,NA,10706,39.4515
8626,13760,root,0,NA,NA,13760,39.4461
8627,8032,root,0,NA,NA,8032,39.4454
8628,12939,root,0,NA,NA,12939,39.4442
8629,16295,root,0,NA,NA,16295,39.4431
8630,7789,root,0,NA,NA,7789,39.4379
8631,7797,root,0,NA,NA,7797,39.4379
8632,15474,root,0,NA,NA,15474,39.4222
8633,9460,root,0,NA,NA,9460,39.4216
8634,13909,root,0,NA,NA,13909,39.4141
8635,5371,root,0,NA,NA,5371,39.4136
8636,5012,root,0,NA,NA,5012,39.3867
8637,9299,root,0,NA,NA,9299,39.3837
8638,3119,root,0,NA,NA,3119,39.3766
8639,844,root,0,NA,NA,844,39.3765
8640,4830,root,0,NA,NA,4830,39.3729
8641,3512,root,0,NA,NA,3512,39.3671
8642,4670,root,0,NA,NA,4670,39.3604
8643,15371,root,0,NA,NA,15371,39.3577
8644,4720,root,0,NA,NA,4720,39.3573
8645,15191,root,0,NA,NA,15191,39.357
8646,8606,root,0,NA,NA,8606,39.3566
8647,4021,root,0,NA,NA,4021,39.3508
8648,7923,root,0,NA,NA,7923,39.3497
8649,12071,root,0,NA,NA,12071,39.3483
8650,3187,root,0,NA,NA,3187,39.3475
8651,10392,root,0,NA,NA,10392,39.3463
8652,15100,root,0,NA,NA,15100,39.3414
8653,16298,root,0,NA,NA,16298,39.3413
8654,6792,root,0,NA,NA,6792,39.3394
8655,4110,root,0,NA,NA,4110,39.3367
8656,10180,root,0,NA,NA,10180,39.3316
8657,18403,root,0,NA,NA,18403,39.33
8658,6775,root,0,NA,NA,6775,39.3281
8659,10331,root,0,NA,NA,10331,39.3263
8660,8478,root,0,NA,NA,8478,39.3223
8661,15517,root,0,NA,NA,15517,39.3205
8662,8821,root,0,NA,NA,8821,39.3196
8663,10614,root,0,NA,NA,10614,39.317
8664,9245,root,0,NA,NA,9245,39.3168
8665,10396,root,0,NA,NA,10396,39.3133
8666,4058,root,0,NA,NA,4058,39.3082
8667,12433,root,0,NA,NA,12433,39.307
8668,14089,root,0,NA,NA,14089,39.3034
8669,18947,root,0,NA,NA,18947,39.3017
8670,6038,root,0,NA,NA,6038,39.3002
8671,6918,root,0,NA,NA,6918,39.2969
8672,2818,root,0,NA,NA,2818,39.2947
8673,5427,root,0,NA,NA,5427,39.2912
8674,8702,root,0,NA,NA,8702,39.2874
8675,6385,root,0,NA,NA,6385,39.2868
8676,1539,root,0,NA,NA,1539,39.2829
8677,1427,root,0,NA,NA,1427,39.2773
8678,17144,root,0,NA,NA,17144,39.2762
8679,8138,root,0,NA,NA,8138,39.2705
8680,14603,root,0,NA,NA,14603,39.2689
8681,11980,root,0,NA,NA,11980,39.268
8682,13323,root,0,NA,NA,13323,39.2677
8683,6423,root,0,NA,NA,6423,39.2673
8684,1331,root,0,NA,NA,1331,39.2671
8685,2777,root,0,NA,NA,2777,39.2651
8686,10882,root,0,NA,NA,10882,39.2588
8687,7140,root,0,NA,NA,7140,39.2516
8688,8338,root,0,NA,NA,8338,39.2484
8689,4381,root,0,NA,NA,4381,39.2429
8690,16038,root,0,NA,NA,16038,39.241
8691,5562,root,0,NA,NA,5562,39.2382
8692,10230,root,0,NA,NA,10230,39.2379
8693,5452,root,0,NA,NA,5452,39.2345
8694,1333,root,0,NA,NA,1333,39.233
8695,1121,root,0,NA,NA,1121,39.2235
8696,14823,root,0,NA,NA,14823,39.222
8697,12349,root,0,NA,NA,12349,39.2201
8698,5643,root,0,NA,NA,5643,39.22
8699,15657,root,0,NA,NA,15657,39.2188
8700,8277,root,0,NA,NA,8277,39.2167
8701,17811,root,0,NA,NA,17811,39.2158
8702,11836,root,0,NA,NA,11836,39.2153
8703,11824,root,0,NA,NA,11824,39.2075
8704,8774,root,0,NA,NA,8774,39.2057
8705,4430,root,0,NA,NA,4430,39.2044
8706,17530,root,0,NA,NA,17530,39.1985
8707,12274,root,0,NA,NA,12274,39.1964
8708,7145,root,0,NA,NA,7145,39.1749
8709,7047,root,0,NA,NA,7047,39.1742
8710,18942,root,0,NA,NA,18942,39.174
8711,3636,root,0,NA,NA,3636,39.1631
8712,10777,root,0,NA,NA,10777,39.1607
8713,2552,root,0,NA,NA,2552,39.1601
8714,9069,root,0,NA,NA,9069,39.1593
8715,16538,root,0,NA,NA,16538,39.1584
8716,1937,root,0,NA,NA,1937,39.1562
8717,19037,root,0,NA,NA,19037,39.1483
8718,9880,root,0,NA,NA,9880,39.1432
8719,2407,root,0,NA,NA,2407,39.1428
8720,9158,root,0,NA,NA,9158,39.1425
8721,3242,root,0,NA,NA,3242,39.1416
8722,9651,root,0,NA,NA,9651,39.1387
8723,4046,root,0,NA,NA,4046,39.1348
8724,17284,root,0,NA,NA,17284,39.1327
8725,6708,root,0,NA,NA,6708,39.1314
8726,6184,root,0,NA,NA,6184,39.1311
8727,6205,root,0,NA,NA,6205,39.1311
8728,1766,root,0,NA,NA,1766,39.1288
8729,18186,root,0,NA,NA,18186,39.1281
8730,7039,root,0,NA,NA,7039,39.1187
8731,3303,root,0,NA,NA,3303,39.1177
8732,7893,root,0,NA,NA,7893,39.1134
8733,16842,root,0,NA,NA,16842,39.1113
8734,4131,root,0,NA,NA,4131,39.1103
8735,4142,root,0,NA,NA,4142,39.1058
8736,11046,root,0,NA,NA,11046,39.1042
8737,11225,root,0,NA,NA,11225,39.1035
8738,3703,root,0,NA,NA,3703,39.0932
8739,2827,root,0,NA,NA,2827,39.0882
8740,4843,root,0,NA,NA,4843,39.0843
8741,17826,root,0,NA,NA,17826,39.082
8742,12714,root,0,NA,NA,12714,39.0784
8743,6397,root,0,NA,NA,6397,39.0777
8744,4433,root,0,NA,NA,4433,39.0755
8745,6237,root,0,NA,NA,6237,39.0723
8746,15471,root,0,NA,NA,15471,39.0722
8747,6906,root,0,NA,NA,6906,39.0697
8748,1045,root,0,NA,NA,1045,39.0634
8749,8826,root,0,NA,NA,8826,39.0567
8750,2647,root,0,NA,NA,2647,39.0542
8751,10533,root,0,NA,NA,10533,39.0539
8752,10939,root,0,NA,NA,10939,39.0507
8753,7147,root,0,NA,NA,7147,39.0464
8754,4688,root,0,NA,NA,4688,39.0447
8755,8269,root,0,NA,NA,8269,39.0425
8756,2745,root,0,NA,NA,2745,39.0399
8757,16551,root,0,NA,NA,16551,39.0338
8758,10901,root,0,NA,NA,10901,39.0323
8759,9101,root,0,NA,NA,9101,39.015
8760,10258,root,0,NA,NA,10258,39.014
8761,19827,root,0,NA,NA,19827,39.0075
8762,13463,root,0,NA,NA,13463,39.0012
8763,3061,root,0,NA,NA,3061,39.0008
8764,1295,root,0,NA,NA,1295,39.0005
8765,14655,root,0,NA,NA,14655,38.9952
8766,12429,root,0,NA,NA,12429,38.9902
8767,14527,root,0,NA,NA,14527,38.9892
8768,9425,root,0,NA,NA,9425,38.9887
8769,6043,root,0,NA,NA,6043,38.9845
8770,18081,root,0,NA,NA,18081,38.9771
8771,3191,root,0,NA,NA,3191,38.9761
8772,6919,root,0,NA,NA,6919,38.9742
8773,5217,root,0,NA,NA,5217,38.9703
8774,16361,root,0,NA,NA,16361,38.9684
8775,4628,root,0,NA,NA,4628,38.968
8776,2476,root,0,NA,NA,2476,38.9669
8777,15099,root,0,NA,NA,15099,38.9653
8778,5724,root,0,NA,NA,5724,38.959
8779,17009,root,0,NA,NA,17009,38.9574
8780,12503,root,0,NA,NA,12503,38.9571
8781,18832,root,0,NA,NA,18832,38.9539
8782,10042,root,0,NA,NA,10042,38.9504
8783,4936,root,0,NA,NA,4936,38.9484
8784,11585,root,0,NA,NA,11585,38.9458
8785,2052,root,0,NA,NA,2052,38.9451
8786,17557,root,0,NA,NA,17557,38.9397
8787,7355,root,0,NA,NA,7355,38.9395
8788,10490,root,0,NA,NA,10490,38.9391
8789,19597,root,0,NA,NA,19597,38.9376
8790,1050,root,0,NA,NA,1050,38.9361
8791,11902,root,0,NA,NA,11902,38.9353
8792,19364,root,0,NA,NA,19364,38.9347
8793,2465,root,0,NA,NA,2465,38.9336
8794,6678,root,0,NA,NA,6678,38.9326
8795,496,root,0,NA,NA,496,38.9319
8796,5392,root,0,NA,NA,5392,38.929
8797,5657,root,0,NA,NA,5657,38.9274
8798,13325,root,0,NA,NA,13325,38.9241
8799,4298,root,0,NA,NA,4298,38.9225
8800,10800,root,0,NA,NA,10800,38.9181
8801,3271,root,0,NA,NA,3271,38.9152
8802,10413,root,0,NA,NA,10413,38.9124
8803,7770,root,0,NA,NA,7770,38.9109
8804,10228,root,0,NA,NA,10228,38.9047
8805,4495,root,0,NA,NA,4495,38.9046
8806,11683,root,0,NA,NA,11683,38.9028
8807,1848,root,0,NA,NA,1848,38.8936
8808,10241,root,0,NA,NA,10241,38.8927
8809,15601,root,0,NA,NA,15601,38.8886
8810,6927,root,0,NA,NA,6927,38.884
8811,4547,root,0,NA,NA,4547,38.8804
8812,549,root,0,NA,NA,549,38.8797
8813,2306,root,0,NA,NA,2306,38.8779
8814,6245,root,0,NA,NA,6245,38.8718
8815,19848,root,0,NA,NA,19848,38.8676
8816,8523,root,0,NA,NA,8523,38.8628
8817,14175,root,0,NA,NA,14175,38.8599
8818,12913,root,0,NA,NA,12913,38.8482
8819,5152,root,0,NA,NA,5152,38.8472
8820,18954,root,0,NA,NA,18954,38.8466
8821,14235,root,0,NA,NA,14235,38.8437
8822,8570,root,0,NA,NA,8570,38.8358
8823,10430,root,0,NA,NA,10430,38.8357
8824,12937,root,0,NA,NA,12937,38.8188
8825,8655,root,0,NA,NA,8655,38.8178
8826,3898,root,0,NA,NA,3898,38.8167
8827,5424,root,0,NA,NA,5424,38.8129
8828,14575,root,0,NA,NA,14575,38.8122
8829,15938,root,0,NA,NA,15938,38.8115
8830,6731,root,0,NA,NA,6731,38.8084
8831,13534,root,0,NA,NA,13534,38.8014
8832,15056,root,0,NA,NA,15056,38.7985
8833,8786,root,0,NA,NA,8786,38.7979
8834,18571,root,0,NA,NA,18571,38.7962
8835,11983,root,0,NA,NA,11983,38.7943
8836,10277,root,0,NA,NA,10277,38.7937
8837,6063,root,0,NA,NA,6063,38.7899
8838,6931,root,0,NA,NA,6931,38.7858
8839,5986,root,0,NA,NA,5986,38.7839
8840,18853,root,0,NA,NA,18853,38.7799
8841,11513,root,0,NA,NA,11513,38.7792
8842,1622,root,0,NA,NA,1622,38.7776
8843,8562,root,0,NA,NA,8562,38.7721
8844,10350,root,0,NA,NA,10350,38.7717
8845,1826,root,0,NA,NA,1826,38.7686
8846,10291,root,0,NA,NA,10291,38.7676
8847,9367,root,0,NA,NA,9367,38.7656
8848,5638,root,0,NA,NA,5638,38.763
8849,7288,root,0,NA,NA,7288,38.7618
8850,3342,root,0,NA,NA,3342,38.7613
8851,6258,root,0,NA,NA,6258,38.7574
8852,8083,root,0,NA,NA,8083,38.7556
8853,11625,root,0,NA,NA,11625,38.7515
8854,990,root,0,NA,NA,990,38.7451
8855,1003,root,0,NA,NA,1003,38.7451
8856,1011,root,0,NA,NA,1011,38.7451
8857,1024,root,0,NA,NA,1024,38.7451
8858,6755,root,0,NA,NA,6755,38.7412
8859,7626,root,0,NA,NA,7626,38.7391
8860,10650,root,0,NA,NA,10650,38.7323
8861,4249,root,0,NA,NA,4249,38.7299
8862,7130,root,0,NA,NA,7130,38.7291
8863,6471,root,0,NA,NA,6471,38.7287
8864,17912,root,0,NA,NA,17912,38.7216
8865,1729,root,0,NA,NA,1729,38.7158
8866,4636,root,0,NA,NA,4636,38.7142
8867,10784,root,0,NA,NA,10784,38.7127
8868,9969,root,0,NA,NA,9969,38.7066
8869,6456,root,0,NA,NA,6456,38.7009
8870,12656,root,0,NA,NA,12656,38.6967
8871,17475,root,0,NA,NA,17475,38.6955
8872,9933,root,0,NA,NA,9933,38.6951
8873,6503,root,0,NA,NA,6503,38.6945
8874,9680,root,0,NA,NA,9680,38.694
8875,2135,root,0,NA,NA,2135,38.6925
8876,14696,root,0,NA,NA,14696,38.6916
8877,4212,root,0,NA,NA,4212,38.6891
8878,6211,root,0,NA,NA,6211,38.687
8879,4170,root,0,NA,NA,4170,38.6847
8880,13742,root,0,NA,NA,13742,38.678
8881,16375,root,0,NA,NA,16375,38.6777
8882,9723,root,0,NA,NA,9723,38.677
8883,15696,root,0,NA,NA,15696,38.6759
8884,10334,root,0,NA,NA,10334,38.6754
8885,12845,root,0,NA,NA,12845,38.6718
8886,4101,root,0,NA,NA,4101,38.667
8887,5943,root,0,NA,NA,5943,38.6664
8888,5951,root,0,NA,NA,5951,38.6664
8889,5956,root,0,NA,NA,5956,38.6664
8890,5964,root,0,NA,NA,5964,38.6664
8891,99,root,0,NA,NA,99,38.6637
8892,723,root,0,NA,NA,723,38.6611
8893,12993,root,0,NA,NA,12993,38.6596
8894,13242,root,0,NA,NA,13242,38.6568
8895,4224,root,0,NA,NA,4224,38.6539
8896,9491,root,0,NA,NA,9491,38.6497
8897,12096,root,0,NA,NA,12096,38.6493
8898,6030,root,0,NA,NA,6030,38.649
8899,10899,root,0,NA,NA,10899,38.6366
8900,19662,root,0,NA,NA,19662,38.6358
8901,4851,root,0,NA,NA,4851,38.6346
8902,423,root,0,NA,NA,423,38.6341
8903,6952,root,0,NA,NA,6952,38.6287
8904,13398,root,0,NA,NA,13398,38.6272
8905,15390,root,0,NA,NA,15390,38.6234
8906,4572,root,0,NA,NA,4572,38.6094
8907,5732,root,0,NA,NA,5732,38.6077
8908,11819,root,0,NA,NA,11819,38.6006
8909,2395,root,0,NA,NA,2395,38.5988
8910,5456,root,0,NA,NA,5456,38.5965
8911,4921,root,0,NA,NA,4921,38.5958
8912,11637,root,0,NA,NA,11637,38.592
8913,3882,root,0,NA,NA,3882,38.5912
8914,11975,root,0,NA,NA,11975,38.57
8915,19456,root,0,NA,NA,19456,38.5687
8916,6370,root,0,NA,NA,6370,38.5672
8917,12894,root,0,NA,NA,12894,38.5661
8918,16310,root,0,NA,NA,16310,38.5648
8919,737,root,0,NA,NA,737,38.5633
8920,7666,root,0,NA,NA,7666,38.55
8921,1921,root,0,NA,NA,1921,38.5493
8922,9729,root,0,NA,NA,9729,38.549
8923,4412,root,0,NA,NA,4412,38.5379
8924,4080,root,0,NA,NA,4080,38.5336
8925,2002,root,0,NA,NA,2002,38.5326
8926,7617,root,0,NA,NA,7617,38.5302
8927,6232,root,0,NA,NA,6232,38.5289
8928,10554,root,0,NA,NA,10554,38.5283
8929,15170,root,0,NA,NA,15170,38.5267
8930,7444,root,0,NA,NA,7444,38.5218
8931,7412,root,0,NA,NA,7412,38.5157
8932,5687,root,0,NA,NA,5687,38.5093
8933,2510,root,0,NA,NA,2510,38.5021
8934,10015,root,0,NA,NA,10015,38.5019
8935,4423,root,0,NA,NA,4423,38.4951
8936,8398,root,0,NA,NA,8398,38.4868
8937,10169,root,0,NA,NA,10169,38.4865
8938,6271,root,0,NA,NA,6271,38.4858
8939,6219,root,0,NA,NA,6219,38.4848
8940,9339,root,0,NA,NA,9339,38.4823
8941,6464,root,0,NA,NA,6464,38.4698
8942,17675,root,0,NA,NA,17675,38.4673
8943,8147,root,0,NA,NA,8147,38.4605
8944,7193,root,0,NA,NA,7193,38.4602
8945,18576,root,0,NA,NA,18576,38.4596
8946,8568,root,0,NA,NA,8568,38.4593
8947,5617,root,0,NA,NA,5617,38.4541
8948,2881,root,0,NA,NA,2881,38.4536
8949,4366,root,0,NA,NA,4366,38.4487
8950,11040,root,0,NA,NA,11040,38.4444
8951,25,root,0,NA,NA,25,38.4432
8952,9099,root,0,NA,NA,9099,38.4415
8953,1442,root,0,NA,NA,1442,38.4357
8954,6020,root,0,NA,NA,6020,38.4354
8955,16509,root,0,NA,NA,16509,38.4337
8956,11053,root,0,NA,NA,11053,38.4172
8957,12550,root,0,NA,NA,12550,38.4043
8958,5905,root,0,NA,NA,5905,38.4028
8959,9895,root,0,NA,NA,9895,38.4025
8960,10481,root,0,NA,NA,10481,38.3972
8961,11291,root,0,NA,NA,11291,38.3904
8962,4255,root,0,NA,NA,4255,38.3836
8963,16626,root,0,NA,NA,16626,38.3799
8964,5876,root,0,NA,NA,5876,38.3782
8965,7487,root,0,NA,NA,7487,38.3772
8966,11355,root,0,NA,NA,11355,38.3755
8967,17667,root,0,NA,NA,17667,38.3731
8968,14284,root,0,NA,NA,14284,38.3729
8969,18944,root,0,NA,NA,18944,38.369
8970,10207,root,0,NA,NA,10207,38.369
8971,8989,root,0,NA,NA,8989,38.3664
8972,4533,root,0,NA,NA,4533,38.3662
8973,659,root,0,NA,NA,659,38.3611
8974,3174,root,0,NA,NA,3174,38.3586
8975,17483,root,0,NA,NA,17483,38.3554
8976,580,root,0,NA,NA,580,38.3447
8977,1380,root,0,NA,NA,1380,38.3443
8978,15852,root,0,NA,NA,15852,38.3382
8979,14670,root,0,NA,NA,14670,38.3379
8980,6067,root,0,NA,NA,6067,38.3351
8981,19018,root,0,NA,NA,19018,38.3318
8982,6563,root,0,NA,NA,6563,38.3304
8983,15895,root,0,NA,NA,15895,38.33
8984,11649,root,0,NA,NA,11649,38.3299
8985,4047,root,0,NA,NA,4047,38.3284
8986,6533,root,0,NA,NA,6533,38.3281
8987,1787,root,0,NA,NA,1787,38.3257
8988,9524,root,0,NA,NA,9524,38.3245
8989,4031,root,0,NA,NA,4031,38.3231
8990,4274,root,0,NA,NA,4274,38.3201
8991,2371,root,0,NA,NA,2371,38.3195
8992,11959,root,0,NA,NA,11959,38.3188
8993,14391,root,0,NA,NA,14391,38.3164
8994,4220,root,0,NA,NA,4220,38.316
8995,11362,root,0,NA,NA,11362,38.3115
8996,10938,root,0,NA,NA,10938,38.3078
8997,3833,root,0,NA,NA,3833,38.3077
8998,17124,root,0,NA,NA,17124,38.3005
8999,5520,root,0,NA,NA,5520,38.2886
9000,4609,root,0,NA,NA,4609,38.2874
9001,5458,root,0,NA,NA,5458,38.2864
9002,5928,root,0,NA,NA,5928,38.2858
9003,1147,root,0,NA,NA,1147,38.2837
9004,13292,root,0,NA,NA,13292,38.2826
9005,7070,root,0,NA,NA,7070,38.2815
9006,9372,root,0,NA,NA,9372,38.2727
9007,5792,root,0,NA,NA,5792,38.2526
9008,8894,root,0,NA,NA,8894,38.2481
9009,17966,root,0,NA,NA,17966,38.2445
9010,4874,root,0,NA,NA,4874,38.2401
9011,9851,root,0,NA,NA,9851,38.2379
9012,3400,root,0,NA,NA,3400,38.2351
9013,6711,root,0,NA,NA,6711,38.2312
9014,12220,root,0,NA,NA,12220,38.2212
9015,7777,root,0,NA,NA,7777,38.221
9016,16580,root,0,NA,NA,16580,38.2199
9017,4538,root,0,NA,NA,4538,38.2164
9018,12297,root,0,NA,NA,12297,38.2114
9019,4667,root,0,NA,NA,4667,38.2103
9020,10104,root,0,NA,NA,10104,38.2097
9021,9795,root,0,NA,NA,9795,38.2091
9022,347,root,0,NA,NA,347,38.2069
9023,6537,root,0,NA,NA,6537,38.2056
9024,9448,root,0,NA,NA,9448,38.2049
9025,12570,root,0,NA,NA,12570,38.2039
9026,9879,root,0,NA,NA,9879,38.203
9027,3646,root,0,NA,NA,3646,38.2008
9028,9673,root,0,NA,NA,9673,38.197
9029,10921,root,0,NA,NA,10921,38.1942
9030,7430,root,0,NA,NA,7430,38.19
9031,9126,root,0,NA,NA,9126,38.1895
9032,1190,root,0,NA,NA,1190,38.1879
9033,5319,root,0,NA,NA,5319,38.1849
9034,19833,root,0,NA,NA,19833,38.1842
9035,2695,root,0,NA,NA,2695,38.1832
9036,7927,root,0,NA,NA,7927,38.1826
9037,7914,root,0,NA,NA,7914,38.1816
9038,8011,root,0,NA,NA,8011,38.1755
9039,17465,root,0,NA,NA,17465,38.1706
9040,16257,root,0,NA,NA,16257,38.1683
9041,11349,root,0,NA,NA,11349,38.1606
9042,7440,root,0,NA,NA,7440,38.1581
9043,17555,root,0,NA,NA,17555,38.156
9044,906,root,0,NA,NA,906,38.1505
9045,4163,root,0,NA,NA,4163,38.1496
9046,9592,root,0,NA,NA,9592,38.1478
9047,10385,root,0,NA,NA,10385,38.1372
9048,14954,root,0,NA,NA,14954,38.1354
9049,3329,root,0,NA,NA,3329,38.1342
9050,13444,root,0,NA,NA,13444,38.1307
9051,13844,root,0,NA,NA,13844,38.128
9052,1928,root,0,NA,NA,1928,38.1271
9053,4118,root,0,NA,NA,4118,38.1198
9054,4911,root,0,NA,NA,4911,38.1155
9055,6362,root,0,NA,NA,6362,38.1132
9056,9766,root,0,NA,NA,9766,38.1126
9057,8733,root,0,NA,NA,8733,38.1118
9058,13923,root,0,NA,NA,13923,38.1079
9059,13318,root,0,NA,NA,13318,38.1046
9060,5333,root,0,NA,NA,5333,38.1009
9061,19660,root,0,NA,NA,19660,38.0991
9062,491,root,0,NA,NA,491,38.0984
9063,4759,root,0,NA,NA,4759,38.0979
9064,17492,root,0,NA,NA,17492,38.087
9065,1991,root,0,NA,NA,1991,38.0868
9066,18297,root,0,NA,NA,18297,38.0785
9067,16362,root,0,NA,NA,16362,38.0701
9068,12418,root,0,NA,NA,12418,38.0687
9069,7723,root,0,NA,NA,7723,38.0645
9070,5666,root,0,NA,NA,5666,38.0615
9071,982,root,0,NA,NA,982,38.0608
9072,16654,root,0,NA,NA,16654,38.0592
9073,15913,root,0,NA,NA,15913,38.0571
9074,6461,root,0,NA,NA,6461,38.0539
9075,1154,root,0,NA,NA,1154,38.0537
9076,17664,root,0,NA,NA,17664,38.0519
9077,5526,root,0,NA,NA,5526,38.0514
9078,15352,root,0,NA,NA,15352,38.0436
9079,1007,root,0,NA,NA,1007,38.0399
9080,12489,root,0,NA,NA,12489,38.0312
9081,11118,root,0,NA,NA,11118,38.0177
9082,3528,root,0,NA,NA,3528,38.015
9083,1119,root,0,NA,NA,1119,38.0147
9084,10660,root,0,NA,NA,10660,38.0126
9085,4316,root,0,NA,NA,4316,38.0099
9086,1306,root,0,NA,NA,1306,38.0097
9087,15809,root,0,NA,NA,15809,38.0075
9088,10393,root,0,NA,NA,10393,38.0071
9089,8735,root,0,NA,NA,8735,38.0062
9090,11872,root,0,NA,NA,11872,38.0057
9091,16464,root,0,NA,NA,16464,38.0015
9092,14239,root,0,NA,NA,14239,37.9948
9093,840,root,0,NA,NA,840,37.9943
9094,17000,root,0,NA,NA,17000,37.9934
9095,7185,root,0,NA,NA,7185,37.9928
9096,151,root,0,NA,NA,151,37.9903
9097,8449,root,0,NA,NA,8449,37.9875
9098,817,root,0,NA,NA,817,37.9816
9099,838,root,0,NA,NA,838,37.9816
9100,5800,root,0,NA,NA,5800,37.9802
9101,5007,root,0,NA,NA,5007,37.9737
9102,4834,root,0,NA,NA,4834,37.971
9103,18848,root,0,NA,NA,18848,37.9708
9104,16634,root,0,NA,NA,16634,37.9702
9105,15138,root,0,NA,NA,15138,37.9644
9106,14793,root,0,NA,NA,14793,37.9624
9107,16950,root,0,NA,NA,16950,37.9606
9108,19968,root,0,NA,NA,19968,37.9587
9109,11722,root,0,NA,NA,11722,37.9529
9110,15212,root,0,NA,NA,15212,37.9526
9111,5869,root,0,NA,NA,5869,37.9483
9112,9724,root,0,NA,NA,9724,37.9449
9113,4654,root,0,NA,NA,4654,37.9447
9114,7360,root,0,NA,NA,7360,37.9418
9115,15757,root,0,NA,NA,15757,37.9408
9116,4791,root,0,NA,NA,4791,37.933
9117,8387,root,0,NA,NA,8387,37.9282
9118,402,root,0,NA,NA,402,37.9223
9119,13030,root,0,NA,NA,13030,37.9179
9120,13912,root,0,NA,NA,13912,37.9179
9121,4822,root,0,NA,NA,4822,37.916
9122,3263,root,0,NA,NA,3263,37.9151
9123,7148,root,0,NA,NA,7148,37.9117
9124,5601,root,0,NA,NA,5601,37.91
9125,3101,root,0,NA,NA,3101,37.9077
9126,3463,root,0,NA,NA,3463,37.9044
9127,14421,root,0,NA,NA,14421,37.9009
9128,8529,root,0,NA,NA,8529,37.9003
9129,17446,root,0,NA,NA,17446,37.8985
9130,2491,root,0,NA,NA,2491,37.8973
9131,6671,root,0,NA,NA,6671,37.8968
9132,13855,root,0,NA,NA,13855,37.8902
9133,4102,root,0,NA,NA,4102,37.8876
9134,6059,root,0,NA,NA,6059,37.8857
9135,15210,root,0,NA,NA,15210,37.885
9136,3080,root,0,NA,NA,3080,37.8819
9137,11129,root,0,NA,NA,11129,37.8756
9138,13620,root,0,NA,NA,13620,37.8692
9139,11590,root,0,NA,NA,11590,37.868
9140,8674,root,0,NA,NA,8674,37.8632
9141,5889,root,0,NA,NA,5889,37.863
9142,4233,root,0,NA,NA,4233,37.8619
9143,11896,root,0,NA,NA,11896,37.8618
9144,2962,root,0,NA,NA,2962,37.861
9145,65,root,0,NA,NA,65,37.8604
9146,4312,root,0,NA,NA,4312,37.8597
9147,17486,root,0,NA,NA,17486,37.8577
9148,10536,root,0,NA,NA,10536,37.8564
9149,1415,root,0,NA,NA,1415,37.8517
9150,10605,root,0,NA,NA,10605,37.849
9151,5609,root,0,NA,NA,5609,37.8459
9152,5131,root,0,NA,NA,5131,37.8453
9153,12811,root,0,NA,NA,12811,37.8418
9154,908,root,0,NA,NA,908,37.8398
9155,3093,root,0,NA,NA,3093,37.8364
9156,19285,root,0,NA,NA,19285,37.8319
9157,13247,root,0,NA,NA,13247,37.8251
9158,12967,root,0,NA,NA,12967,37.8224
9159,7762,root,0,NA,NA,7762,37.8216
9160,3578,root,0,NA,NA,3578,37.8197
9161,17536,root,0,NA,NA,17536,37.8161
9162,7475,root,0,NA,NA,7475,37.8144
9163,7483,root,0,NA,NA,7483,37.8144
9164,3614,root,0,NA,NA,3614,37.8144
9165,3549,root,0,NA,NA,3549,37.8111
9166,14840,root,0,NA,NA,14840,37.8095
9167,9050,root,0,NA,NA,9050,37.8071
9168,3856,root,0,NA,NA,3856,37.8052
9169,19362,root,0,NA,NA,19362,37.8034
9170,5312,root,0,NA,NA,5312,37.8029
9171,4517,root,0,NA,NA,4517,37.8026
9172,1589,root,0,NA,NA,1589,37.7988
9173,1602,root,0,NA,NA,1602,37.7988
9174,1610,root,0,NA,NA,1610,37.7988
9175,8235,root,0,NA,NA,8235,37.7978
9176,13819,root,0,NA,NA,13819,37.7928
9177,5033,root,0,NA,NA,5033,37.7879
9178,12583,root,0,NA,NA,12583,37.7858
9179,6873,root,0,NA,NA,6873,37.7841
9180,14580,root,0,NA,NA,14580,37.7811
9181,1971,root,0,NA,NA,1971,37.7793
9182,5346,root,0,NA,NA,5346,37.7791
9183,16530,root,0,NA,NA,16530,37.7776
9184,10611,root,0,NA,NA,10611,37.7727
9185,19124,root,0,NA,NA,19124,37.7709
9186,9634,root,0,NA,NA,9634,37.7704
9187,5999,root,0,NA,NA,5999,37.7691
9188,706,root,0,NA,NA,706,37.7685
9189,6227,root,0,NA,NA,6227,37.7672
9190,13300,root,0,NA,NA,13300,37.7657
9191,7931,root,0,NA,NA,7931,37.765
9192,7609,root,0,NA,NA,7609,37.7557
9193,5206,root,0,NA,NA,5206,37.7532
9194,5030,root,0,NA,NA,5030,37.7509
9195,5602,root,0,NA,NA,5602,37.7432
9196,7266,root,0,NA,NA,7266,37.7381
9197,7064,root,0,NA,NA,7064,37.7352
9198,6549,root,0,NA,NA,6549,37.7337
9199,17541,root,0,NA,NA,17541,37.7256
9200,10896,root,0,NA,NA,10896,37.7251
9201,7677,root,0,NA,NA,7677,37.7212
9202,5043,root,0,NA,NA,5043,37.7209
9203,5056,root,0,NA,NA,5056,37.7209
9204,5069,root,0,NA,NA,5069,37.7209
9205,14518,root,0,NA,NA,14518,37.7166
9206,876,root,0,NA,NA,876,37.7087
9207,4915,root,0,NA,NA,4915,37.7041
9208,12586,root,0,NA,NA,12586,37.6979
9209,17410,root,0,NA,NA,17410,37.6958
9210,635,root,0,NA,NA,635,37.6918
9211,15756,root,0,NA,NA,15756,37.6868
9212,11162,root,0,NA,NA,11162,37.6836
9213,1408,root,0,NA,NA,1408,37.6829
9214,928,root,0,NA,NA,928,37.682
9215,4848,root,0,NA,NA,4848,37.6769
9216,8479,root,0,NA,NA,8479,37.6756
9217,6716,root,0,NA,NA,6716,37.6755
9218,4425,root,0,NA,NA,4425,37.6742
9219,5850,root,0,NA,NA,5850,37.6706
9220,12663,root,0,NA,NA,12663,37.6688
9221,11253,root,0,NA,NA,11253,37.6616
9222,19408,root,0,NA,NA,19408,37.6582
9223,5226,root,0,NA,NA,5226,37.6532
9224,1680,root,0,NA,NA,1680,37.6528
9225,19289,root,0,NA,NA,19289,37.6497
9226,18319,root,0,NA,NA,18319,37.6463
9227,18641,root,0,NA,NA,18641,37.6446
9228,17662,root,0,NA,NA,17662,37.6425
9229,5522,root,0,NA,NA,5522,37.6395
9230,16108,root,0,NA,NA,16108,37.6378
9231,4559,root,0,NA,NA,4559,37.6333
9232,9009,root,0,NA,NA,9009,37.6305
9233,15915,root,0,NA,NA,15915,37.6257
9234,11761,root,0,NA,NA,11761,37.6208
9235,19530,root,0,NA,NA,19530,37.6157
9236,10521,root,0,NA,NA,10521,37.6135
9237,14099,root,0,NA,NA,14099,37.6095
9238,3457,root,0,NA,NA,3457,37.6066
9239,15604,root,0,NA,NA,15604,37.605
9240,3291,root,0,NA,NA,3291,37.6028
9241,3304,root,0,NA,NA,3304,37.6028
9242,3312,root,0,NA,NA,3312,37.6028
9243,3325,root,0,NA,NA,3325,37.6028
9244,15147,root,0,NA,NA,15147,37.5996
9245,13090,root,0,NA,NA,13090,37.598
9246,5863,root,0,NA,NA,5863,37.5971
9247,18160,root,0,NA,NA,18160,37.5917
9248,16147,root,0,NA,NA,16147,37.5916
9249,7012,root,0,NA,NA,7012,37.5902
9250,2146,root,0,NA,NA,2146,37.5901
9251,10700,root,0,NA,NA,10700,37.5863
9252,7441,root,0,NA,NA,7441,37.5829
9253,10963,root,0,NA,NA,10963,37.5798
9254,8582,root,0,NA,NA,8582,37.575
9255,8590,root,0,NA,NA,8590,37.575
9256,10442,root,0,NA,NA,10442,37.5643
9257,1407,root,0,NA,NA,1407,37.5619
9258,1428,root,0,NA,NA,1428,37.5619
9259,6514,root,0,NA,NA,6514,37.5555
9260,12017,root,0,NA,NA,12017,37.5546
9261,10447,root,0,NA,NA,10447,37.5533
9262,12871,root,0,NA,NA,12871,37.5509
9263,13109,root,0,NA,NA,13109,37.5481
9264,2855,root,0,NA,NA,2855,37.5475
9265,1505,root,0,NA,NA,1505,37.5427
9266,10475,root,0,NA,NA,10475,37.541
9267,14434,root,0,NA,NA,14434,37.5364
9268,4733,root,0,NA,NA,4733,37.5363
9269,11782,root,0,NA,NA,11782,37.5361
9270,7820,root,0,NA,NA,7820,37.5355
9271,10563,root,0,NA,NA,10563,37.5331
9272,16868,root,0,NA,NA,16868,37.5313
9273,632,root,0,NA,NA,632,37.5278
9274,634,root,0,NA,NA,634,37.5278
9275,637,root,0,NA,NA,637,37.5278
9276,639,root,0,NA,NA,639,37.5278
9277,642,root,0,NA,NA,642,37.5278
9278,645,root,0,NA,NA,645,37.5278
9279,647,root,0,NA,NA,647,37.5278
9280,650,root,0,NA,NA,650,37.5278
9281,655,root,0,NA,NA,655,37.5278
9282,658,root,0,NA,NA,658,37.5278
9283,660,root,0,NA,NA,660,37.5278
9284,663,root,0,NA,NA,663,37.5278
9285,666,root,0,NA,NA,666,37.5278
9286,668,root,0,NA,NA,668,37.5278
9287,671,root,0,NA,NA,671,37.5278
9288,673,root,0,NA,NA,673,37.5278
9289,7182,root,0,NA,NA,7182,37.5263
9290,2876,root,0,NA,NA,2876,37.5258
9291,7494,root,0,NA,NA,7494,37.5251
9292,16666,root,0,NA,NA,16666,37.5241
9293,358,root,0,NA,NA,358,37.5225
9294,203,root,0,NA,NA,203,37.5196
9295,18340,root,0,NA,NA,18340,37.5131
9296,7134,root,0,NA,NA,7134,37.5096
9297,5703,root,0,NA,NA,5703,37.5066
9298,7960,root,0,NA,NA,7960,37.502
9299,19926,root,0,NA,NA,19926,37.5017
9300,11736,root,0,NA,NA,11736,37.5003
9301,7977,root,0,NA,NA,7977,37.4981
9302,10452,root,0,NA,NA,10452,37.4902
9303,3756,root,0,NA,NA,3756,37.4902
9304,11087,root,0,NA,NA,11087,37.4885
9305,6699,root,0,NA,NA,6699,37.4882
9306,1518,root,0,NA,NA,1518,37.4869
9307,5674,root,0,NA,NA,5674,37.481
9308,13841,root,0,NA,NA,13841,37.4788
9309,4157,root,0,NA,NA,4157,37.4774
9310,2915,root,0,NA,NA,2915,37.4759
9311,6377,root,0,NA,NA,6377,37.4709
9312,13146,root,0,NA,NA,13146,37.4698
9313,9274,root,0,NA,NA,9274,37.4676
9314,18105,root,0,NA,NA,18105,37.4593
9315,7727,root,0,NA,NA,7727,37.4559
9316,8591,root,0,NA,NA,8591,37.4488
9317,13367,root,0,NA,NA,13367,37.4469
9318,7996,root,0,NA,NA,7996,37.4463
9319,4527,root,0,NA,NA,4527,37.4462
9320,16688,root,0,NA,NA,16688,37.4426
9321,18378,root,0,NA,NA,18378,37.4411
9322,9758,root,0,NA,NA,9758,37.4398
9323,947,root,0,NA,NA,947,37.4389
9324,11569,root,0,NA,NA,11569,37.4379
9325,4622,root,0,NA,NA,4622,37.4378
9326,4254,root,0,NA,NA,4254,37.4371
9327,12896,root,0,NA,NA,12896,37.4351
9328,19290,root,0,NA,NA,19290,37.435
9329,14666,root,0,NA,NA,14666,37.4334
9330,14512,root,0,NA,NA,14512,37.4325
9331,19173,root,0,NA,NA,19173,37.4301
9332,4156,root,0,NA,NA,4156,37.4274
9333,10736,root,0,NA,NA,10736,37.4251
9334,7706,root,0,NA,NA,7706,37.4247
9335,14462,root,0,NA,NA,14462,37.4239
9336,10621,root,0,NA,NA,10621,37.4177
9337,11015,root,0,NA,NA,11015,37.4169
9338,6051,root,0,NA,NA,6051,37.4152
9339,11826,root,0,NA,NA,11826,37.4124
9340,10422,root,0,NA,NA,10422,37.4088
9341,17112,root,0,NA,NA,17112,37.4081
9342,4013,root,0,NA,NA,4013,37.4073
9343,4662,root,0,NA,NA,4662,37.4068
9344,7818,root,0,NA,NA,7818,37.3997
9345,1601,root,0,NA,NA,1601,37.3994
9346,16575,root,0,NA,NA,16575,37.3987
9347,16774,root,0,NA,NA,16774,37.3963
9348,7069,root,0,NA,NA,7069,37.3953
9349,13179,root,0,NA,NA,13179,37.3924
9350,957,root,0,NA,NA,957,37.3923
9351,5968,root,0,NA,NA,5968,37.3828
9352,17230,root,0,NA,NA,17230,37.3803
9353,18256,root,0,NA,NA,18256,37.3792
9354,2842,root,0,NA,NA,2842,37.3774
9355,1900,root,0,NA,NA,1900,37.3763
9356,14074,root,0,NA,NA,14074,37.3745
9357,8165,root,0,NA,NA,8165,37.372
9358,6274,root,0,NA,NA,6274,37.37
9359,6801,root,0,NA,NA,6801,37.3677
9360,16641,root,0,NA,NA,16641,37.3673
9361,6300,root,0,NA,NA,6300,37.367
9362,15188,root,0,NA,NA,15188,37.3618
9363,255,root,0,NA,NA,255,37.3609
9364,10451,root,0,NA,NA,10451,37.3591
9365,18662,root,0,NA,NA,18662,37.3566
9366,4182,root,0,NA,NA,4182,37.353
9367,4507,root,0,NA,NA,4507,37.3516
9368,12384,root,0,NA,NA,12384,37.3446
9369,2235,root,0,NA,NA,2235,37.3359
9370,11957,root,0,NA,NA,11957,37.3325
9371,9362,root,0,NA,NA,9362,37.3303
9372,10501,root,0,NA,NA,10501,37.3246
9373,4514,root,0,NA,NA,4514,37.3221
9374,1878,root,0,NA,NA,1878,37.32
9375,9610,root,0,NA,NA,9610,37.3192
9376,3170,root,0,NA,NA,3170,37.3191
9377,5564,root,0,NA,NA,5564,37.309
9378,5548,root,0,NA,NA,5548,37.3074
9379,19921,root,0,NA,NA,19921,37.3001
9380,8507,root,0,NA,NA,8507,37.299
9381,4066,root,0,NA,NA,4066,37.2982
9382,7661,root,0,NA,NA,7661,37.2959
9383,15423,root,0,NA,NA,15423,37.2958
9384,6122,root,0,NA,NA,6122,37.2911
9385,14269,root,0,NA,NA,14269,37.2893
9386,17843,root,0,NA,NA,17843,37.2892
9387,3864,root,0,NA,NA,3864,37.2847
9388,6251,root,0,NA,NA,6251,37.2796
9389,14578,root,0,NA,NA,14578,37.2779
9390,9613,root,0,NA,NA,9613,37.2735
9391,14120,root,0,NA,NA,14120,37.2734
9392,7741,root,0,NA,NA,7741,37.2713
9393,9786,root,0,NA,NA,9786,37.2678
9394,16908,root,0,NA,NA,16908,37.266
9395,12204,root,0,NA,NA,12204,37.2638
9396,11954,root,0,NA,NA,11954,37.2632
9397,4596,root,0,NA,NA,4596,37.2619
9398,8047,root,0,NA,NA,8047,37.2614
9399,7520,root,0,NA,NA,7520,37.2585
9400,2512,root,0,NA,NA,2512,37.256
9401,5320,root,0,NA,NA,5320,37.2536
9402,8886,root,0,NA,NA,8886,37.2491
9403,13484,root,0,NA,NA,13484,37.2432
9404,10024,root,0,NA,NA,10024,37.2428
9405,8755,root,0,NA,NA,8755,37.2323
9406,5535,root,0,NA,NA,5535,37.2308
9407,6225,root,0,NA,NA,6225,37.2301
9408,17047,root,0,NA,NA,17047,37.23
9409,17090,root,0,NA,NA,17090,37.2261
9410,4081,root,0,NA,NA,4081,37.2156
9411,8761,root,0,NA,NA,8761,37.208
9412,16454,root,0,NA,NA,16454,37.2059
9413,9926,root,0,NA,NA,9926,37.2027
9414,6677,root,0,NA,NA,6677,37.2024
9415,10087,root,0,NA,NA,10087,37.2019
9416,17309,root,0,NA,NA,17309,37.2018
9417,12611,root,0,NA,NA,12611,37.1953
9418,8137,root,0,NA,NA,8137,37.1941
9419,17741,root,0,NA,NA,17741,37.1898
9420,4978,root,0,NA,NA,4978,37.1875
9421,18484,root,0,NA,NA,18484,37.1874
9422,1420,root,0,NA,NA,1420,37.1842
9423,4335,root,0,NA,NA,4335,37.1816
9424,8867,root,0,NA,NA,8867,37.18
9425,8326,root,0,NA,NA,8326,37.1759
9426,64,root,0,NA,NA,64,37.1743
9427,15111,root,0,NA,NA,15111,37.1723
9428,10612,root,0,NA,NA,10612,37.164
9429,10529,root,0,NA,NA,10529,37.1638
9430,18768,root,0,NA,NA,18768,37.1614
9431,19502,root,0,NA,NA,19502,37.1604
9432,8328,root,0,NA,NA,8328,37.1588
9433,7935,root,0,NA,NA,7935,37.1546
9434,12386,root,0,NA,NA,12386,37.151
9435,7398,root,0,NA,NA,7398,37.1478
9436,8983,root,0,NA,NA,8983,37.1462
9437,10414,root,0,NA,NA,10414,37.1458
9438,4241,root,0,NA,NA,4241,37.1349
9439,10272,root,0,NA,NA,10272,37.1271
9440,3020,root,0,NA,NA,3020,37.1262
9441,18481,root,0,NA,NA,18481,37.1249
9442,3246,root,0,NA,NA,3246,37.1247
9443,7967,root,0,NA,NA,7967,37.1244
9444,6757,root,0,NA,NA,6757,37.1228
9445,17133,root,0,NA,NA,17133,37.1207
9446,7300,root,0,NA,NA,7300,37.1203
9447,10929,root,0,NA,NA,10929,37.119
9448,631,root,0,NA,NA,631,37.1189
9449,644,root,0,NA,NA,644,37.1189
9450,652,root,0,NA,NA,652,37.1189
9451,657,root,0,NA,NA,657,37.1189
9452,665,root,0,NA,NA,665,37.1189
9453,9642,root,0,NA,NA,9642,37.1164
9454,18559,root,0,NA,NA,18559,37.1142
9455,9262,root,0,NA,NA,9262,37.1109
9456,8682,root,0,NA,NA,8682,37.1107
9457,9650,root,0,NA,NA,9650,37.1085
9458,17174,root,0,NA,NA,17174,37.1058
9459,8583,root,0,NA,NA,8583,37.1005
9460,12777,root,0,NA,NA,12777,37.0919
9461,7296,root,0,NA,NA,7296,37.0879
9462,13155,root,0,NA,NA,13155,37.084
9463,10812,root,0,NA,NA,10812,37.0772
9464,4712,root,0,NA,NA,4712,37.0747
9465,10032,root,0,NA,NA,10032,37.0723
9466,6529,root,0,NA,NA,6529,37.07
9467,5944,root,0,NA,NA,5944,37.067
9468,2012,root,0,NA,NA,2012,37.0668
9469,2706,root,0,NA,NA,2706,37.0643
9470,14218,root,0,NA,NA,14218,37.0582
9471,4530,root,0,NA,NA,4530,37.055
9472,13208,root,0,NA,NA,13208,37.0518
9473,11922,root,0,NA,NA,11922,37.0493
9474,15018,root,0,NA,NA,15018,37.0459
9475,7783,root,0,NA,NA,7783,37.0453
9476,19976,root,0,NA,NA,19976,37.043
9477,9105,root,0,NA,NA,9105,37.0429
9478,12984,root,0,NA,NA,12984,37.0404
9479,7449,root,0,NA,NA,7449,37.0357
9480,5979,root,0,NA,NA,5979,37.0315
9481,11020,root,0,NA,NA,11020,37.0303
9482,17578,root,0,NA,NA,17578,37.0276
9483,19971,root,0,NA,NA,19971,37.0271
9484,10557,root,0,NA,NA,10557,37.0111
9485,8488,root,0,NA,NA,8488,37.0093
9486,7715,root,0,NA,NA,7715,37.0043
9487,6248,root,0,NA,NA,6248,36.9996
9488,5437,root,0,NA,NA,5437,36.9949
9489,19040,root,0,NA,NA,19040,36.992
9490,10912,root,0,NA,NA,10912,36.9838
9491,2031,root,0,NA,NA,2031,36.9831
9492,1698,root,0,NA,NA,1698,36.9797
9493,9622,root,0,NA,NA,9622,36.9785
9494,6371,root,0,NA,NA,6371,36.9677
9495,18360,root,0,NA,NA,18360,36.9676
9496,14472,root,0,NA,NA,14472,36.9668
9497,8452,root,0,NA,NA,8452,36.9646
9498,9823,root,0,NA,NA,9823,36.9601
9499,9815,root,0,NA,NA,9815,36.9596
9500,8155,root,0,NA,NA,8155,36.9534
9501,5897,root,0,NA,NA,5897,36.9524
9502,8063,root,0,NA,NA,8063,36.9499
9503,7757,root,0,NA,NA,7757,36.9498
9504,8435,root,0,NA,NA,8435,36.9495
9505,6261,root,0,NA,NA,6261,36.9477
9506,12458,root,0,NA,NA,12458,36.9453
9507,10398,root,0,NA,NA,10398,36.9452
9508,17501,root,0,NA,NA,17501,36.9442
9509,11863,root,0,NA,NA,11863,36.9342
9510,8090,root,0,NA,NA,8090,36.9321
9511,5342,root,0,NA,NA,5342,36.9316
9512,16132,root,0,NA,NA,16132,36.9281
9513,9229,root,0,NA,NA,9229,36.925
9514,11276,root,0,NA,NA,11276,36.9246
9515,4094,root,0,NA,NA,4094,36.9242
9516,11734,root,0,NA,NA,11734,36.9238
9517,6746,root,0,NA,NA,6746,36.9231
9518,4546,root,0,NA,NA,4546,36.9196
9519,8419,root,0,NA,NA,8419,36.9151
9520,16526,root,0,NA,NA,16526,36.9145
9521,12068,root,0,NA,NA,12068,36.9106
9522,6266,root,0,NA,NA,6266,36.91
9523,18845,root,0,NA,NA,18845,36.91
9524,450,root,0,NA,NA,450,36.9052
9525,453,root,0,NA,NA,453,36.9052
9526,458,root,0,NA,NA,458,36.9052
9527,466,root,0,NA,NA,466,36.9052
9528,471,root,0,NA,NA,471,36.9052
9529,479,root,0,NA,NA,479,36.9052
9530,487,root,0,NA,NA,487,36.9052
9531,492,root,0,NA,NA,492,36.9052
9532,7775,root,0,NA,NA,7775,36.9023
9533,11607,root,0,NA,NA,11607,36.9009
9534,9760,root,0,NA,NA,9760,36.8903
9535,3067,root,0,NA,NA,3067,36.8893
9536,7420,root,0,NA,NA,7420,36.886
9537,9033,root,0,NA,NA,9033,36.8819
9538,9066,root,0,NA,NA,9066,36.8792
9539,7028,root,0,NA,NA,7028,36.8719
9540,7381,root,0,NA,NA,7381,36.8665
9541,16416,root,0,NA,NA,16416,36.8636
9542,4725,root,0,NA,NA,4725,36.8604
9543,6334,root,0,NA,NA,6334,36.8567
9544,11549,root,0,NA,NA,11549,36.8563
9545,5813,root,0,NA,NA,5813,36.8518
9546,10299,root,0,NA,NA,10299,36.8494
9547,14657,root,0,NA,NA,14657,36.8475
9548,9808,root,0,NA,NA,9808,36.8453
9549,15437,root,0,NA,NA,15437,36.8437
9550,15453,root,0,NA,NA,15453,36.842
9551,2183,root,0,NA,NA,2183,36.8382
9552,8521,root,0,NA,NA,8521,36.8327
9553,14300,root,0,NA,NA,14300,36.8313
9554,4064,root,0,NA,NA,4064,36.8304
9555,15552,root,0,NA,NA,15552,36.818
9556,14295,root,0,NA,NA,14295,36.8136
9557,14683,root,0,NA,NA,14683,36.8032
9558,10528,root,0,NA,NA,10528,36.7979
9559,8964,root,0,NA,NA,8964,36.7974
9560,8677,root,0,NA,NA,8677,36.7964
9561,3790,root,0,NA,NA,3790,36.7949
9562,1211,root,0,NA,NA,1211,36.7937
9563,4551,root,0,NA,NA,4551,36.7929
9564,1894,root,0,NA,NA,1894,36.7929
9565,7701,root,0,NA,NA,7701,36.7928
9566,10459,root,0,NA,NA,10459,36.7887
9567,5690,root,0,NA,NA,5690,36.7836
9568,10879,root,0,NA,NA,10879,36.7827
9569,2939,root,0,NA,NA,2939,36.7766
9570,11876,root,0,NA,NA,11876,36.7723
9571,2431,root,0,NA,NA,2431,36.7711
9572,13887,root,0,NA,NA,13887,36.7711
9573,11065,root,0,NA,NA,11065,36.7709
9574,12040,root,0,NA,NA,12040,36.7708
9575,13362,root,0,NA,NA,13362,36.7664
9576,6791,root,0,NA,NA,6791,36.7622
9577,11367,root,0,NA,NA,11367,36.7601
9578,9483,root,0,NA,NA,9483,36.7586
9579,9447,root,0,NA,NA,9447,36.7504
9580,1126,root,0,NA,NA,1126,36.7464
9581,12363,root,0,NA,NA,12363,36.735
9582,7474,root,0,NA,NA,7474,36.7345
9583,16471,root,0,NA,NA,16471,36.7276
9584,5915,root,0,NA,NA,5915,36.7234
9585,1551,root,0,NA,NA,1551,36.7226
9586,6926,root,0,NA,NA,6926,36.7212
9587,4191,root,0,NA,NA,4191,36.7181
9588,15954,root,0,NA,NA,15954,36.7176
9589,9699,root,0,NA,NA,9699,36.7129
9590,1573,root,0,NA,NA,1573,36.7121
9591,1750,root,0,NA,NA,1750,36.7077
9592,10913,root,0,NA,NA,10913,36.7003
9593,6431,root,0,NA,NA,6431,36.6992
9594,19754,root,0,NA,NA,19754,36.6917
9595,5884,root,0,NA,NA,5884,36.6914
9596,13411,root,0,NA,NA,13411,36.6903
9597,11235,root,0,NA,NA,11235,36.6894
9598,18263,root,0,NA,NA,18263,36.6889
9599,16863,root,0,NA,NA,16863,36.6853
9600,9801,root,0,NA,NA,9801,36.6808
9601,11124,root,0,NA,NA,11124,36.6796
9602,7198,root,0,NA,NA,7198,36.6773
9603,13582,root,0,NA,NA,13582,36.6729
9604,2626,root,0,NA,NA,2626,36.6656
9605,19311,root,0,NA,NA,19311,36.6641
9606,3868,root,0,NA,NA,3868,36.6606
9607,12318,root,0,NA,NA,12318,36.6533
9608,5438,root,0,NA,NA,5438,36.6517
9609,1832,root,0,NA,NA,1832,36.6407
9610,15830,root,0,NA,NA,15830,36.6398
9611,15811,root,0,NA,NA,15811,36.6311
9612,9576,root,0,NA,NA,9576,36.6309
9613,1811,root,0,NA,NA,1811,36.629
9614,19237,root,0,NA,NA,19237,36.6289
9615,12002,root,0,NA,NA,12002,36.6258
9616,5129,root,0,NA,NA,5129,36.6211
9617,5227,root,0,NA,NA,5227,36.6158
9618,1869,root,0,NA,NA,1869,36.6154
9619,7289,root,0,NA,NA,7289,36.6152
9620,18654,root,0,NA,NA,18654,36.6147
9621,16289,root,0,NA,NA,16289,36.6062
9622,4114,root,0,NA,NA,4114,36.6045
9623,16345,root,0,NA,NA,16345,36.5992
9624,4026,root,0,NA,NA,4026,36.5989
9625,11684,root,0,NA,NA,11684,36.5962
9626,5367,root,0,NA,NA,5367,36.5943
9627,3299,root,0,NA,NA,3299,36.5907
9628,16847,root,0,NA,NA,16847,36.589
9629,368,root,0,NA,NA,368,36.5885
9630,10488,root,0,NA,NA,10488,36.5843
9631,457,root,0,NA,NA,457,36.5821
9632,110,root,0,NA,NA,110,36.5809
9633,18239,root,0,NA,NA,18239,36.5792
9634,17386,root,0,NA,NA,17386,36.5719
9635,12112,root,0,NA,NA,12112,36.5707
9636,7394,root,0,NA,NA,7394,36.5705
9637,10727,root,0,NA,NA,10727,36.5648
9638,12953,root,0,NA,NA,12953,36.5624
9639,9317,root,0,NA,NA,9317,36.5568
9640,14329,root,0,NA,NA,14329,36.5551
9641,7236,root,0,NA,NA,7236,36.5544
9642,11982,root,0,NA,NA,11982,36.5499
9643,5172,root,0,NA,NA,5172,36.5481
9644,19631,root,0,NA,NA,19631,36.5467
9645,12461,root,0,NA,NA,12461,36.5453
9646,7343,root,0,NA,NA,7343,36.5399
9647,915,root,0,NA,NA,915,36.5388
9648,7342,root,0,NA,NA,7342,36.5376
9649,6143,root,0,NA,NA,6143,36.535
9650,5923,root,0,NA,NA,5923,36.5348
9651,8860,root,0,NA,NA,8860,36.5274
9652,7653,root,0,NA,NA,7653,36.5272
9653,18268,root,0,NA,NA,18268,36.526
9654,18651,root,0,NA,NA,18651,36.5257
9655,17037,root,0,NA,NA,17037,36.523
9656,8475,root,0,NA,NA,8475,36.5217
9657,7719,root,0,NA,NA,7719,36.5206
9658,9791,root,0,NA,NA,9791,36.5204
9659,758,root,0,NA,NA,758,36.5162
9660,17693,root,0,NA,NA,17693,36.515
9661,15493,root,0,NA,NA,15493,36.5145
9662,1120,root,0,NA,NA,1120,36.5121
9663,18831,root,0,NA,NA,18831,36.5099
9664,7329,root,0,NA,NA,7329,36.5062
9665,5843,root,0,NA,NA,5843,36.5036
9666,18128,root,0,NA,NA,18128,36.5025
9667,17746,root,0,NA,NA,17746,36.4963
9668,9830,root,0,NA,NA,9830,36.4953
9669,10365,root,0,NA,NA,10365,36.4879
9670,19659,root,0,NA,NA,19659,36.4876
9671,6915,root,0,NA,NA,6915,36.4855
9672,16785,root,0,NA,NA,16785,36.4834
9673,16056,root,0,NA,NA,16056,36.4789
9674,5284,root,0,NA,NA,5284,36.4753
9675,5287,root,0,NA,NA,5287,36.4753
9676,5289,root,0,NA,NA,5289,36.4753
9677,5292,root,0,NA,NA,5292,36.4753
9678,5297,root,0,NA,NA,5297,36.4753
9679,5300,root,0,NA,NA,5300,36.4753
9680,5302,root,0,NA,NA,5302,36.4753
9681,5305,root,0,NA,NA,5305,36.4753
9682,15381,root,0,NA,NA,15381,36.4699
9683,4675,root,0,NA,NA,4675,36.469
9684,5947,root,0,NA,NA,5947,36.4673
9685,7616,root,0,NA,NA,7616,36.463
9686,9040,root,0,NA,NA,9040,36.4612
9687,15276,root,0,NA,NA,15276,36.4606
9688,6877,root,0,NA,NA,6877,36.4594
9689,2032,root,0,NA,NA,2032,36.4584
9690,2045,root,0,NA,NA,2045,36.4584
9691,2066,root,0,NA,NA,2066,36.4584
9692,14315,root,0,NA,NA,14315,36.4581
9693,8812,root,0,NA,NA,8812,36.4579
9694,11385,root,0,NA,NA,11385,36.4536
9695,11106,root,0,NA,NA,11106,36.447
9696,7660,root,0,NA,NA,7660,36.4457
9697,17581,root,0,NA,NA,17581,36.4453
9698,17314,root,0,NA,NA,17314,36.4429
9699,7181,root,0,NA,NA,7181,36.4386
9700,5892,root,0,NA,NA,5892,36.4323
9701,12282,root,0,NA,NA,12282,36.4242
9702,11921,root,0,NA,NA,11921,36.4225
9703,4979,root,0,NA,NA,4979,36.4196
9704,3280,root,0,NA,NA,3280,36.4187
9705,1730,root,0,NA,NA,1730,36.4168
9706,6292,root,0,NA,NA,6292,36.416
9707,7754,root,0,NA,NA,7754,36.415
9708,9735,root,0,NA,NA,9735,36.4121
9709,8019,root,0,NA,NA,8019,36.406
9710,9617,root,0,NA,NA,9617,36.4002
9711,11612,root,0,NA,NA,11612,36.396
9712,1312,root,0,NA,NA,1312,36.3956
9713,17470,root,0,NA,NA,17470,36.395
9714,9325,root,0,NA,NA,9325,36.3914
9715,0,root,0,NA,NA,0,36.3897
9716,5,root,0,NA,NA,5,36.3897
9717,8,root,0,NA,NA,8,36.3897
9718,13,root,0,NA,NA,13,36.3897
9719,18,root,0,NA,NA,18,36.3897
9720,21,root,0,NA,NA,21,36.3897
9721,26,root,0,NA,NA,26,36.3897
9722,29,root,0,NA,NA,29,36.3897
9723,31,root,0,NA,NA,31,36.3897
9724,34,root,0,NA,NA,34,36.3897
9725,39,root,0,NA,NA,39,36.3897
9726,42,root,0,NA,NA,42,36.3897
9727,10425,root,0,NA,NA,10425,36.3855
9728,2756,root,0,NA,NA,2756,36.3833
9729,5682,root,0,NA,NA,5682,36.3805
9730,14739,root,0,NA,NA,14739,36.3783
9731,3885,root,0,NA,NA,3885,36.3747
9732,10551,root,0,NA,NA,10551,36.3698
9733,8104,root,0,NA,NA,8104,36.3689
9734,15064,root,0,NA,NA,15064,36.3679
9735,9035,root,0,NA,NA,9035,36.3664
9736,17488,root,0,NA,NA,17488,36.366
9737,11752,root,0,NA,NA,11752,36.3643
9738,14654,root,0,NA,NA,14654,36.3622
9739,8668,root,0,NA,NA,8668,36.3617
9740,14950,root,0,NA,NA,14950,36.3569
9741,4949,root,0,NA,NA,4949,36.3534
9742,5965,root,0,NA,NA,5965,36.3529
9743,16923,root,0,NA,NA,16923,36.3527
9744,2478,root,0,NA,NA,2478,36.3521
9745,17773,root,0,NA,NA,17773,36.3505
9746,16984,root,0,NA,NA,16984,36.3477
9747,8837,root,0,NA,NA,8837,36.3473
9748,10902,root,0,NA,NA,10902,36.3424
9749,6741,root,0,NA,NA,6741,36.3391
9750,19241,root,0,NA,NA,19241,36.3345
9751,5695,root,0,NA,NA,5695,36.3318
9752,7755,root,0,NA,NA,7755,36.3289
9753,7758,root,0,NA,NA,7758,36.3289
9754,7763,root,0,NA,NA,7763,36.3289
9755,7766,root,0,NA,NA,7766,36.3289
9756,15213,root,0,NA,NA,15213,36.3281
9757,224,root,0,NA,NA,224,36.3157
9758,14334,root,0,NA,NA,14334,36.314
9759,1604,root,0,NA,NA,1604,36.3129
9760,11471,root,0,NA,NA,11471,36.3097
9761,2941,root,0,NA,NA,2941,36.308
9762,17723,root,0,NA,NA,17723,36.2908
9763,5500,root,0,NA,NA,5500,36.2883
9764,12422,root,0,NA,NA,12422,36.2876
9765,5753,root,0,NA,NA,5753,36.2876
9766,5780,root,0,NA,NA,5780,36.2848
9767,8264,root,0,NA,NA,8264,36.2842
9768,17414,root,0,NA,NA,17414,36.2842
9769,8757,root,0,NA,NA,8757,36.2796
9770,15818,root,0,NA,NA,15818,36.2794
9771,16235,root,0,NA,NA,16235,36.2782
9772,981,root,0,NA,NA,981,36.2753
9773,6665,root,0,NA,NA,6665,36.2742
9774,4780,root,0,NA,NA,4780,36.274
9775,9354,root,0,NA,NA,9354,36.2663
9776,15200,root,0,NA,NA,15200,36.2612
9777,7645,root,0,NA,NA,7645,36.26
9778,8883,root,0,NA,NA,8883,36.2593
9779,9545,root,0,NA,NA,9545,36.2541
9780,13142,root,0,NA,NA,13142,36.254
9781,810,root,0,NA,NA,810,36.2535
9782,15864,root,0,NA,NA,15864,36.2525
9783,5918,root,0,NA,NA,5918,36.2506
9784,15125,root,0,NA,NA,15125,36.2501
9785,14179,root,0,NA,NA,14179,36.2479
9786,15226,root,0,NA,NA,15226,36.2427
9787,18435,root,0,NA,NA,18435,36.2376
9788,15356,root,0,NA,NA,15356,36.2308
9789,3088,root,0,NA,NA,3088,36.2293
9790,10010,root,0,NA,NA,10010,36.2292
9791,2429,root,0,NA,NA,2429,36.2243
9792,1436,root,0,NA,NA,1436,36.2223
9793,13601,root,0,NA,NA,13601,36.2173
9794,8906,root,0,NA,NA,8906,36.2161
9795,10298,root,0,NA,NA,10298,36.2125
9796,2606,root,0,NA,NA,2606,36.2123
9797,14912,root,0,NA,NA,14912,36.2109
9798,8776,root,0,NA,NA,8776,36.2098
9799,16594,root,0,NA,NA,16594,36.2043
9800,2394,root,0,NA,NA,2394,36.1974
9801,4821,root,0,NA,NA,4821,36.191
9802,3358,root,0,NA,NA,3358,36.1909
9803,2104,root,0,NA,NA,2104,36.1907
9804,1085,root,0,NA,NA,1085,36.1896
9805,8516,root,0,NA,NA,8516,36.1885
9806,9455,root,0,NA,NA,9455,36.1868
9807,5581,root,0,NA,NA,5581,36.1854
9808,2370,root,0,NA,NA,2370,36.183
9809,17716,root,0,NA,NA,17716,36.1802
9810,9528,root,0,NA,NA,9528,36.1793
9811,15397,root,0,NA,NA,15397,36.1753
9812,17626,root,0,NA,NA,17626,36.1744
9813,2428,root,0,NA,NA,2428,36.1685
9814,11043,root,0,NA,NA,11043,36.1684
9815,6774,root,0,NA,NA,6774,36.1643
9816,361,root,0,NA,NA,361,36.164
9817,364,root,0,NA,NA,364,36.164
9818,369,root,0,NA,NA,369,36.164
9819,372,root,0,NA,NA,372,36.164
9820,374,root,0,NA,NA,374,36.164
9821,377,root,0,NA,NA,377,36.164
9822,382,root,0,NA,NA,382,36.164
9823,385,root,0,NA,NA,385,36.164
9824,390,root,0,NA,NA,390,36.164
9825,395,root,0,NA,NA,395,36.164
9826,398,root,0,NA,NA,398,36.164
9827,403,root,0,NA,NA,403,36.164
9828,11860,root,0,NA,NA,11860,36.1615
9829,15703,root,0,NA,NA,15703,36.1606
9830,8369,root,0,NA,NA,8369,36.1593
9831,12891,root,0,NA,NA,12891,36.1583
9832,10201,root,0,NA,NA,10201,36.158
9833,103,root,0,NA,NA,103,36.1507
9834,10129,root,0,NA,NA,10129,36.1456
9835,2277,root,0,NA,NA,2277,36.1373
9836,13048,root,0,NA,NA,13048,36.1314
9837,10586,root,0,NA,NA,10586,36.1305
9838,16693,root,0,NA,NA,16693,36.1283
9839,9213,root,0,NA,NA,9213,36.1265
9840,9218,root,0,NA,NA,9218,36.1265
9841,9221,root,0,NA,NA,9221,36.1265
9842,14612,root,0,NA,NA,14612,36.1244
9843,8483,root,0,NA,NA,8483,36.124
9844,19835,root,0,NA,NA,19835,36.1218
9845,17822,root,0,NA,NA,17822,36.1161
9846,3363,root,0,NA,NA,3363,36.1105
9847,11952,root,0,NA,NA,11952,36.1094
9848,11243,root,0,NA,NA,11243,36.1076
9849,10075,root,0,NA,NA,10075,36.1048
9850,3843,root,0,NA,NA,3843,36.1041
9851,9418,root,0,NA,NA,9418,36.0994
9852,13889,root,0,NA,NA,13889,36.0986
9853,8852,root,0,NA,NA,8852,36.094
9854,85,root,0,NA,NA,85,36.0885
9855,6096,root,0,NA,NA,6096,36.0879
9856,9093,root,0,NA,NA,9093,36.0799
9857,3485,root,0,NA,NA,3485,36.0742
9858,3506,root,0,NA,NA,3506,36.0742
9859,14730,root,0,NA,NA,14730,36.0725
9860,8392,root,0,NA,NA,8392,36.0704
9861,4543,root,0,NA,NA,4543,36.0698
9862,13328,root,0,NA,NA,13328,36.0663
9863,1962,root,0,NA,NA,1962,36.0661
9864,517,root,0,NA,NA,517,36.0656
9865,2070,root,0,NA,NA,2070,36.0647
9866,12945,root,0,NA,NA,12945,36.0623
9867,6253,root,0,NA,NA,6253,36.057
9868,15785,root,0,NA,NA,15785,36.0542
9869,7535,root,0,NA,NA,7535,36.054
9870,7697,root,0,NA,NA,7697,36.0538
9871,5704,root,0,NA,NA,5704,36.049
9872,3235,root,0,NA,NA,3235,36.0485
9873,19342,root,0,NA,NA,19342,36.0406
9874,15353,root,0,NA,NA,15353,36.0402
9875,10943,root,0,NA,NA,10943,36.0401
9876,14544,root,0,NA,NA,14544,36.0394
9877,1934,root,0,NA,NA,1934,36.036
9878,3031,root,0,NA,NA,3031,36.0301
9879,7363,root,0,NA,NA,7363,36.0282
9880,11239,root,0,NA,NA,11239,36.0273
9881,4556,root,0,NA,NA,4556,36.0237
9882,13660,root,0,NA,NA,13660,36.0225
9883,5080,root,0,NA,NA,5080,36.0178
9884,722,root,0,NA,NA,722,36.0168
9885,13476,root,0,NA,NA,13476,36.0163
9886,11465,root,0,NA,NA,11465,36.0149
9887,6240,root,0,NA,NA,6240,36.0144
9888,13149,root,0,NA,NA,13149,36.014
9889,4766,root,0,NA,NA,4766,36.0125
9890,5960,root,0,NA,NA,5960,36.0096
9891,13926,root,0,NA,NA,13926,36.009
9892,1153,root,0,NA,NA,1153,36.0003
9893,5952,root,0,NA,NA,5952,35.9981
9894,16403,root,0,NA,NA,16403,35.9965
9895,8515,root,0,NA,NA,8515,35.9921
9896,8651,root,0,NA,NA,8651,35.9896
9897,12361,root,0,NA,NA,12361,35.989
9898,12431,root,0,NA,NA,12431,35.9829
9899,7588,root,0,NA,NA,7588,35.9788
9900,15479,root,0,NA,NA,15479,35.9768
9901,8497,root,0,NA,NA,8497,35.9726
9902,11045,root,0,NA,NA,11045,35.9694
9903,5087,root,0,NA,NA,5087,35.9685
9904,7431,root,0,NA,NA,7431,35.9586
9905,13878,root,0,NA,NA,13878,35.9539
9906,17058,root,0,NA,NA,17058,35.952
9907,8385,root,0,NA,NA,8385,35.9516
9908,19912,root,0,NA,NA,19912,35.9469
9909,9866,root,0,NA,NA,9866,35.9444
9910,1079,root,0,NA,NA,1079,35.9422
9911,2525,root,0,NA,NA,2525,35.941
9912,7131,root,0,NA,NA,7131,35.9401
9913,6627,root,0,NA,NA,6627,35.9369
9914,11586,root,0,NA,NA,11586,35.9354
9915,17885,root,0,NA,NA,17885,35.9343
9916,11512,root,0,NA,NA,11512,35.9342
9917,277,root,0,NA,NA,277,35.9334
9918,7055,root,0,NA,NA,7055,35.9317
9919,16355,root,0,NA,NA,16355,35.9291
9920,33,root,0,NA,NA,33,35.9216
9921,4659,root,0,NA,NA,4659,35.914
9922,14801,root,0,NA,NA,14801,35.9111
9923,546,root,0,NA,NA,546,35.9102
9924,8617,root,0,NA,NA,8617,35.9098
9925,12024,root,0,NA,NA,12024,35.9056
9926,5725,root,0,NA,NA,5725,35.9032
9927,15856,root,0,NA,NA,15856,35.9029
9928,11236,root,0,NA,NA,11236,35.9008
9929,16104,root,0,NA,NA,16104,35.8993
9930,16402,root,0,NA,NA,16402,35.8989
9931,19916,root,0,NA,NA,19916,35.8934
9932,10861,root,0,NA,NA,10861,35.8912
9933,7746,root,0,NA,NA,7746,35.8902
9934,4088,root,0,NA,NA,4088,35.8895
9935,11879,root,0,NA,NA,11879,35.883
9936,12,root,0,NA,NA,12,35.8715
9937,2661,root,0,NA,NA,2661,35.871
9938,10972,root,0,NA,NA,10972,35.8694
9939,11058,root,0,NA,NA,11058,35.8683
9940,7063,root,0,NA,NA,7063,35.8676
9941,19957,root,0,NA,NA,19957,35.8654
9942,3818,root,0,NA,NA,3818,35.8564
9943,15547,root,0,NA,NA,15547,35.8492
9944,15754,root,0,NA,NA,15754,35.8422
9945,17573,root,0,NA,NA,17573,35.8421
9946,19613,root,0,NA,NA,19613,35.8404
9947,1071,root,0,NA,NA,1071,35.8375
9948,4490,root,0,NA,NA,4490,35.8355
9949,17179,root,0,NA,NA,17179,35.8347
9950,17684,root,0,NA,NA,17684,35.8267
9951,4466,root,0,NA,NA,4466,35.8251
9952,11705,root,0,NA,NA,11705,35.822
9953,11155,root,0,NA,NA,11155,35.8143
9954,3198,root,0,NA,NA,3198,35.8139
9955,9190,root,0,NA,NA,9190,35.8132
9956,4496,root,0,NA,NA,4496,35.8084
9957,17021,root,0,NA,NA,17021,35.808
9958,6864,root,0,NA,NA,6864,35.808
9959,9693,root,0,NA,NA,9693,35.8032
9960,12409,root,0,NA,NA,12409,35.8024
9961,9264,root,0,NA,NA,9264,35.8015
9962,6924,root,0,NA,NA,6924,35.7979
9963,13519,root,0,NA,NA,13519,35.7917
9964,4246,root,0,NA,NA,4246,35.7876
9965,8695,root,0,NA,NA,8695,35.7814
9966,10990,root,0,NA,NA,10990,35.7786
9967,16721,root,0,NA,NA,16721,35.7756
9968,6723,root,0,NA,NA,6723,35.7742
9969,2594,root,0,NA,NA,2594,35.7734
9970,1354,root,0,NA,NA,1354,35.7701
9971,1367,root,0,NA,NA,1367,35.7701
9972,1375,root,0,NA,NA,1375,35.7701
9973,1388,root,0,NA,NA,1388,35.7701
9974,12626,root,0,NA,NA,12626,35.763
9975,6269,root,0,NA,NA,6269,35.7565
9976,11567,root,0,NA,NA,11567,35.7515
9977,5931,root,0,NA,NA,5931,35.7495
9978,10890,root,0,NA,NA,10890,35.7485
9979,8975,root,0,NA,NA,8975,35.7419
9980,14971,root,0,NA,NA,14971,35.741
9981,15193,root,0,NA,NA,15193,35.7345
9982,18184,root,0,NA,NA,18184,35.7344
9983,4535,root,0,NA,NA,4535,35.7298
9984,5588,root,0,NA,NA,5588,35.7291
9985,5852,root,0,NA,NA,5852,35.7254
9986,5865,root,0,NA,NA,5865,35.7254
9987,5878,root,0,NA,NA,5878,35.7254
9988,11778,root,0,NA,NA,11778,35.7167
9989,13315,root,0,NA,NA,13315,35.7093
9990,9993,root,0,NA,NA,9993,35.6976
9991,5403,root,0,NA,NA,5403,35.6974
9992,9512,root,0,NA,NA,9512,35.6958
9993,11551,root,0,NA,NA,11551,35.6956
9994,12436,root,0,NA,NA,12436,35.6955
9995,9290,root,0,NA,NA,9290,35.6952
9996,1999,root,0,NA,NA,1999,35.6896
9997,18924,root,0,NA,NA,18924,35.6895
9998,17544,root,0,NA,NA,17544,35.6887
9999,12816,root,0,NA,NA,12816,35.6883
10000,6753,root,0,NA,NA,6753,35.6858
10001,7786,root,0,NA,NA,7786,35.6855
10002,5955,root,0,NA,NA,5955,35.6841
10003,18283,root,0,NA,NA,18283,35.6836
10004,2675,root,0,NA,NA,2675,35.6805
10005,7050,root,0,NA,NA,7050,35.6798
10006,14245,root,0,NA,NA,14245,35.6793
10007,14552,root,0,NA,NA,14552,35.6784
10008,12498,root,0,NA,NA,12498,35.67
10009,14197,root,0,NA,NA,14197,35.6671
10010,10544,root,0,NA,NA,10544,35.6666
10011,9284,root,0,NA,NA,9284,35.666
10012,15123,root,0,NA,NA,15123,35.6625
10013,298,root,0,NA,NA,298,35.6588
10014,11747,root,0,NA,NA,11747,35.6556
10015,5910,root,0,NA,NA,5910,35.653
10016,7452,root,0,NA,NA,7452,35.6522
10017,6404,root,0,NA,NA,6404,35.6521
10018,10159,root,0,NA,NA,10159,35.6509
10019,3442,root,0,NA,NA,3442,35.644
10020,12577,root,0,NA,NA,12577,35.6425
10021,2928,root,0,NA,NA,2928,35.6422
10022,5541,root,0,NA,NA,5541,35.639
10023,12405,root,0,NA,NA,12405,35.6379
10024,9728,root,0,NA,NA,9728,35.6373
10025,1470,root,0,NA,NA,1470,35.6366
10026,6109,root,0,NA,NA,6109,35.635
10027,17558,root,0,NA,NA,17558,35.6349
10028,8349,root,0,NA,NA,8349,35.633
10029,2646,root,0,NA,NA,2646,35.6284
10030,5414,root,0,NA,NA,5414,35.6282
10031,10970,root,0,NA,NA,10970,35.6272
10032,5755,root,0,NA,NA,5755,35.6245
10033,7418,root,0,NA,NA,7418,35.6244
10034,12655,root,0,NA,NA,12655,35.6223
10035,7060,root,0,NA,NA,7060,35.6192
10036,6422,root,0,NA,NA,6422,35.6085
10037,5024,root,0,NA,NA,5024,35.6084
10038,14504,root,0,NA,NA,14504,35.608
10039,10022,root,0,NA,NA,10022,35.6078
10040,12718,root,0,NA,NA,12718,35.6019
10041,18898,root,0,NA,NA,18898,35.595
10042,7470,root,0,NA,NA,7470,35.5922
10043,1267,root,0,NA,NA,1267,35.5917
10044,1275,root,0,NA,NA,1275,35.5917
10045,1288,root,0,NA,NA,1288,35.5917
10046,1301,root,0,NA,NA,1301,35.5917
10047,1287,root,0,NA,NA,1287,35.5894
10048,9271,root,0,NA,NA,9271,35.5872
10049,11537,root,0,NA,NA,11537,35.5865
10050,9220,root,0,NA,NA,9220,35.5858
10051,9208,root,0,NA,NA,9208,35.5853
10052,4774,root,0,NA,NA,4774,35.5841
10053,10348,root,0,NA,NA,10348,35.5833
10054,13439,root,0,NA,NA,13439,35.5831
10055,11104,root,0,NA,NA,11104,35.5819
10056,10480,root,0,NA,NA,10480,35.5808
10057,1476,root,0,NA,NA,1476,35.5806
10058,15153,root,0,NA,NA,15153,35.5783
10059,4509,root,0,NA,NA,4509,35.5737
10060,4135,root,0,NA,NA,4135,35.5718
10061,9291,root,0,NA,NA,9291,35.5708
10062,11611,root,0,NA,NA,11611,35.5656
10063,4299,root,0,NA,NA,4299,35.5525
10064,4010,root,0,NA,NA,4010,35.5518
10065,5468,root,0,NA,NA,5468,35.5509
10066,7386,root,0,NA,NA,7386,35.5508
10067,3889,root,0,NA,NA,3889,35.5493
10068,17538,root,0,NA,NA,17538,35.5488
10069,18672,root,0,NA,NA,18672,35.5402
10070,2447,root,0,NA,NA,2447,35.5381
10071,1643,root,0,NA,NA,1643,35.5357
10072,18543,root,0,NA,NA,18543,35.535
10073,13956,root,0,NA,NA,13956,35.5349
10074,993,root,0,NA,NA,993,35.5299
10075,998,root,0,NA,NA,998,35.5299
10076,1006,root,0,NA,NA,1006,35.5299
10077,1014,root,0,NA,NA,1014,35.5299
10078,1019,root,0,NA,NA,1019,35.5299
10079,1027,root,0,NA,NA,1027,35.5299
10080,1032,root,0,NA,NA,1032,35.5299
10081,13662,root,0,NA,NA,13662,35.5263
10082,8997,root,0,NA,NA,8997,35.5242
10083,8855,root,0,NA,NA,8855,35.5242
10084,15005,root,0,NA,NA,15005,35.5196
10085,7007,root,0,NA,NA,7007,35.5194
10086,15426,root,0,NA,NA,15426,35.5179
10087,17551,root,0,NA,NA,17551,35.513
10088,13715,root,0,NA,NA,13715,35.5123
10089,7328,root,0,NA,NA,7328,35.505
10090,7655,root,0,NA,NA,7655,35.5036
10091,11668,root,0,NA,NA,11668,35.5031
10092,12765,root,0,NA,NA,12765,35.5029
10093,12701,root,0,NA,NA,12701,35.5018
10094,8029,root,0,NA,NA,8029,35.5012
10095,12883,root,0,NA,NA,12883,35.4987
10096,6166,root,0,NA,NA,6166,35.4977
10097,8502,root,0,NA,NA,8502,35.4939
10098,15805,root,0,NA,NA,15805,35.4927
10099,1376,root,0,NA,NA,1376,35.4871
10100,7397,root,0,NA,NA,7397,35.4818
10101,6863,root,0,NA,NA,6863,35.4755
10102,10761,root,0,NA,NA,10761,35.4675
10103,3812,root,0,NA,NA,3812,35.4659
10104,11186,root,0,NA,NA,11186,35.4653
10105,8222,root,0,NA,NA,8222,35.4622
10106,8555,root,0,NA,NA,8555,35.4597
10107,19958,root,0,NA,NA,19958,35.459
10108,13594,root,0,NA,NA,13594,35.4585
10109,18951,root,0,NA,NA,18951,35.4582
10110,9625,root,0,NA,NA,9625,35.4561
10111,15801,root,0,NA,NA,15801,35.4557
10112,10268,root,0,NA,NA,10268,35.4527
10113,19575,root,0,NA,NA,19575,35.4521
10114,4071,root,0,NA,NA,4071,35.4402
10115,9253,root,0,NA,NA,9253,35.4389
10116,5082,root,0,NA,NA,5082,35.4377
10117,6138,root,0,NA,NA,6138,35.4362
10118,4617,root,0,NA,NA,4617,35.4358
10119,6214,root,0,NA,NA,6214,35.4325
10120,7605,root,0,NA,NA,7605,35.428
10121,12681,root,0,NA,NA,12681,35.4262
10122,6883,root,0,NA,NA,6883,35.4224
10123,14505,root,0,NA,NA,14505,35.4208
10124,17580,root,0,NA,NA,17580,35.4149
10125,7735,root,0,NA,NA,7735,35.4144
10126,16742,root,0,NA,NA,16742,35.4105
10127,15917,root,0,NA,NA,15917,35.4094
10128,12138,root,0,NA,NA,12138,35.4071
10129,18357,root,0,NA,NA,18357,35.3948
10130,13303,root,0,NA,NA,13303,35.3902
10131,12391,root,0,NA,NA,12391,35.3872
10132,756,root,0,NA,NA,756,35.3862
10133,583,root,0,NA,NA,583,35.3851
10134,13872,root,0,NA,NA,13872,35.3782
10135,11111,root,0,NA,NA,11111,35.3781
10136,6302,root,0,NA,NA,6302,35.3777
10137,5936,root,0,NA,NA,5936,35.3775
10138,18172,root,0,NA,NA,18172,35.3752
10139,9278,root,0,NA,NA,9278,35.3738
10140,7748,root,0,NA,NA,7748,35.3678
10141,6820,root,0,NA,NA,6820,35.3663
10142,11109,root,0,NA,NA,11109,35.3636
10143,11443,root,0,NA,NA,11443,35.3623
10144,8818,root,0,NA,NA,8818,35.3596
10145,9970,root,0,NA,NA,9970,35.3568
10146,8070,root,0,NA,NA,8070,35.3559
10147,19501,root,0,NA,NA,19501,35.3518
10148,6322,root,0,NA,NA,6322,35.3513
10149,1716,root,0,NA,NA,1716,35.3479
10150,389,root,0,NA,NA,389,35.3463
10151,7905,root,0,NA,NA,7905,35.346
10152,7608,root,0,NA,NA,7608,35.3454
10153,10591,root,0,NA,NA,10591,35.3442
10154,11223,root,0,NA,NA,11223,35.3355
10155,7613,root,0,NA,NA,7613,35.3314
10156,11066,root,0,NA,NA,11066,35.3269
10157,15376,root,0,NA,NA,15376,35.3249
10158,10307,root,0,NA,NA,10307,35.3242
10159,17203,root,0,NA,NA,17203,35.3219
10160,9177,root,0,NA,NA,9177,35.3199
10161,15034,root,0,NA,NA,15034,35.3193
10162,13997,root,0,NA,NA,13997,35.3156
10163,5369,root,0,NA,NA,5369,35.3155
10164,15878,root,0,NA,NA,15878,35.3084
10165,4522,root,0,NA,NA,4522,35.3051
10166,16339,root,0,NA,NA,16339,35.305
10167,15841,root,0,NA,NA,15841,35.3049
10168,10674,root,0,NA,NA,10674,35.3018
10169,12417,root,0,NA,NA,12417,35.3007
10170,12552,root,0,NA,NA,12552,35.2944
10171,13230,root,0,NA,NA,13230,35.294
10172,13310,root,0,NA,NA,13310,35.2873
10173,13130,root,0,NA,NA,13130,35.2871
10174,11177,root,0,NA,NA,11177,35.281
10175,11965,root,0,NA,NA,11965,35.2743
10176,2125,root,0,NA,NA,2125,35.2739
10177,12580,root,0,NA,NA,12580,35.2735
10178,18255,root,0,NA,NA,18255,35.2679
10179,4643,root,0,NA,NA,4643,35.2659
10180,1943,root,0,NA,NA,1943,35.2659
10181,5834,root,0,NA,NA,5834,35.2608
10182,15463,root,0,NA,NA,15463,35.2594
10183,16859,root,0,NA,NA,16859,35.2568
10184,7816,root,0,NA,NA,7816,35.2531
10185,11060,root,0,NA,NA,11060,35.2505
10186,3561,root,0,NA,NA,3561,35.2504
10187,3582,root,0,NA,NA,3582,35.2504
10188,10702,root,0,NA,NA,10702,35.2486
10189,4548,root,0,NA,NA,4548,35.2466
10190,11525,root,0,NA,NA,11525,35.2419
10191,18899,root,0,NA,NA,18899,35.2416
10192,11189,root,0,NA,NA,11189,35.239
10193,4033,root,0,NA,NA,4033,35.2354
10194,1652,root,0,NA,NA,1652,35.2342
10195,1526,root,0,NA,NA,1526,35.2331
10196,2450,root,0,NA,NA,2450,35.2329
10197,16382,root,0,NA,NA,16382,35.2287
10198,7604,root,0,NA,NA,7604,35.227
10199,16976,root,0,NA,NA,16976,35.2256
10200,3635,root,0,NA,NA,3635,35.2256
10201,5761,root,0,NA,NA,5761,35.2214
10202,15542,root,0,NA,NA,15542,35.2172
10203,17077,root,0,NA,NA,17077,35.2144
10204,948,root,0,NA,NA,948,35.2137
10205,14335,root,0,NA,NA,14335,35.213
10206,10134,root,0,NA,NA,10134,35.2114
10207,11955,root,0,NA,NA,11955,35.2112
10208,6669,root,0,NA,NA,6669,35.2071
10209,10697,root,0,NA,NA,10697,35.1995
10210,4928,root,0,NA,NA,4928,35.1983
10211,16993,root,0,NA,NA,16993,35.1978
10212,12928,root,0,NA,NA,12928,35.1936
10213,11338,root,0,NA,NA,11338,35.193
10214,6088,root,0,NA,NA,6088,35.191
10215,11799,root,0,NA,NA,11799,35.1831
10216,9690,root,0,NA,NA,9690,35.1734
10217,7453,root,0,NA,NA,7453,35.1715
10218,6007,root,0,NA,NA,6007,35.1708
10219,3149,root,0,NA,NA,3149,35.1674
10220,7029,root,0,NA,NA,7029,35.1613
10221,9688,root,0,NA,NA,9688,35.1609
10222,4738,root,0,NA,NA,4738,35.1598
10223,3499,root,0,NA,NA,3499,35.1564
10224,11618,root,0,NA,NA,11618,35.1541
10225,9032,root,0,NA,NA,9032,35.1436
10226,6748,root,0,NA,NA,6748,35.1348
10227,2065,root,0,NA,NA,2065,35.1343
10228,831,root,0,NA,NA,831,35.1336
10229,8167,root,0,NA,NA,8167,35.1274
10230,9898,root,0,NA,NA,9898,35.1227
10231,5250,root,0,NA,NA,5250,35.1215
10232,5255,root,0,NA,NA,5255,35.1215
10233,5263,root,0,NA,NA,5263,35.1215
10234,5268,root,0,NA,NA,5268,35.1215
10235,5271,root,0,NA,NA,5271,35.1215
10236,5276,root,0,NA,NA,5276,35.1215
10237,7013,root,0,NA,NA,7013,35.1189
10238,14092,root,0,NA,NA,14092,35.1186
10239,6427,root,0,NA,NA,6427,35.1142
10240,14572,root,0,NA,NA,14572,35.1097
10241,6130,root,0,NA,NA,6130,35.1082
10242,8486,root,0,NA,NA,8486,35.1057
10243,19580,root,0,NA,NA,19580,35.1027
10244,4039,root,0,NA,NA,4039,35.0977
10245,1443,root,0,NA,NA,1443,35.094
10246,1451,root,0,NA,NA,1451,35.094
10247,1456,root,0,NA,NA,1456,35.094
10248,1464,root,0,NA,NA,1464,35.094
10249,1477,root,0,NA,NA,1477,35.094
10250,6235,root,0,NA,NA,6235,35.0935
10251,12404,root,0,NA,NA,12404,35.0881
10252,4474,root,0,NA,NA,4474,35.088
10253,538,root,0,NA,NA,538,35.0847
10254,2630,root,0,NA,NA,2630,35.0834
10255,6102,root,0,NA,NA,6102,35.0825
10256,9750,root,0,NA,NA,9750,35.0689
10257,6547,root,0,NA,NA,6547,35.0655
10258,11485,root,0,NA,NA,11485,35.0635
10259,9774,root,0,NA,NA,9774,35.0629
10260,2531,root,0,NA,NA,2531,35.0625
10261,9597,root,0,NA,NA,9597,35.0619
10262,3183,root,0,NA,NA,3183,35.0614
10263,8838,root,0,NA,NA,8838,35.0559
10264,18486,root,0,NA,NA,18486,35.0557
10265,4506,root,0,NA,NA,4506,35.0527
10266,2806,root,0,NA,NA,2806,35.0503
10267,19518,root,0,NA,NA,19518,35.0478
10268,2038,root,0,NA,NA,2038,35.0472
10269,9222,root,0,NA,NA,9222,35.042
10270,4123,root,0,NA,NA,4123,35.0411
10271,7731,root,0,NA,NA,7731,35.0394
10272,2766,root,0,NA,NA,2766,35.0335
10273,9176,root,0,NA,NA,9176,35.0325
10274,4570,root,0,NA,NA,4570,35.0312
10275,18136,root,0,NA,NA,18136,35.0277
10276,13933,root,0,NA,NA,13933,35.0256
10277,6842,root,0,NA,NA,6842,35.0252
10278,724,root,0,NA,NA,724,35.0242
10279,14576,root,0,NA,NA,14576,35.0185
10280,8635,root,0,NA,NA,8635,35.0174
10281,9566,root,0,NA,NA,9566,35.0167
10282,13867,root,0,NA,NA,13867,35.0121
10283,2080,root,0,NA,NA,2080,35.0087
10284,9439,root,0,NA,NA,9439,35.0058
10285,17311,root,0,NA,NA,17311,35.0056
10286,8686,root,0,NA,NA,8686,35.0022
10287,3971,root,0,NA,NA,3971,35.0019
10288,15059,root,0,NA,NA,15059,35.0001
10289,8578,root,0,NA,NA,8578,34.9918
10290,9626,root,0,NA,NA,9626,34.9826
10291,8656,root,0,NA,NA,8656,34.9812
10292,13375,root,0,NA,NA,13375,34.9812
10293,16049,root,0,NA,NA,16049,34.9783
10294,12166,root,0,NA,NA,12166,34.9744
10295,10378,root,0,NA,NA,10378,34.9674
10296,10354,root,0,NA,NA,10354,34.9647
10297,9399,root,0,NA,NA,9399,34.9624
10298,9079,root,0,NA,NA,9079,34.9494
10299,13365,root,0,NA,NA,13365,34.9492
10300,17650,root,0,NA,NA,17650,34.9444
10301,6513,root,0,NA,NA,6513,34.9417
10302,7705,root,0,NA,NA,7705,34.9393
10303,206,root,0,NA,NA,206,34.9384
10304,9250,root,0,NA,NA,9250,34.9358
10305,19967,root,0,NA,NA,19967,34.9343
10306,7324,root,0,NA,NA,7324,34.9315
10307,14772,root,0,NA,NA,14772,34.9257
10308,15758,root,0,NA,NA,15758,34.9249
10309,6279,root,0,NA,NA,6279,34.9223
10310,8891,root,0,NA,NA,8891,34.9193
10311,18112,root,0,NA,NA,18112,34.9123
10312,7663,root,0,NA,NA,7663,34.9117
10313,4501,root,0,NA,NA,4501,34.9053
10314,11057,root,0,NA,NA,11057,34.903
10315,14056,root,0,NA,NA,14056,34.9009
10316,4149,root,0,NA,NA,4149,34.9003
10317,2349,root,0,NA,NA,2349,34.8987
10318,12420,root,0,NA,NA,12420,34.898
10319,942,root,0,NA,NA,942,34.8974
10320,5664,root,0,NA,NA,5664,34.8955
10321,4424,root,0,NA,NA,4424,34.8944
10322,17550,root,0,NA,NA,17550,34.894
10323,17583,root,0,NA,NA,17583,34.8881
10324,8189,root,0,NA,NA,8189,34.8787
10325,16237,root,0,NA,NA,16237,34.8781
10326,8447,root,0,NA,NA,8447,34.8773
10327,12210,root,0,NA,NA,12210,34.8706
10328,16229,root,0,NA,NA,16229,34.8658
10329,4890,root,0,NA,NA,4890,34.8639
10330,12425,root,0,NA,NA,12425,34.8623
10331,18424,root,0,NA,NA,18424,34.8573
10332,10457,root,0,NA,NA,10457,34.8573
10333,10619,root,0,NA,NA,10619,34.8534
10334,17888,root,0,NA,NA,17888,34.8531
10335,11503,root,0,NA,NA,11503,34.8531
10336,10462,root,0,NA,NA,10462,34.8524
10337,8001,root,0,NA,NA,8001,34.849
10338,10495,root,0,NA,NA,10495,34.8484
10339,6492,root,0,NA,NA,6492,34.8452
10340,13792,root,0,NA,NA,13792,34.8438
10341,7768,root,0,NA,NA,7768,34.8401
10342,11166,root,0,NA,NA,11166,34.8388
10343,19316,root,0,NA,NA,19316,34.8386
10344,11133,root,0,NA,NA,11133,34.8367
10345,7948,root,0,NA,NA,7948,34.835
10346,10360,root,0,NA,NA,10360,34.8301
10347,10978,root,0,NA,NA,10978,34.825
10348,7920,root,0,NA,NA,7920,34.8249
10349,6656,root,0,NA,NA,6656,34.8245
10350,10946,root,0,NA,NA,10946,34.8228
10351,14652,root,0,NA,NA,14652,34.8222
10352,8110,root,0,NA,NA,8110,34.8212
10353,18916,root,0,NA,NA,18916,34.8143
10354,9907,root,0,NA,NA,9907,34.8093
10355,14960,root,0,NA,NA,14960,34.8092
10356,14417,root,0,NA,NA,14417,34.8081
10357,5089,root,0,NA,NA,5089,34.807
10358,15079,root,0,NA,NA,15079,34.8063
10359,15871,root,0,NA,NA,15871,34.805
10360,7597,root,0,NA,NA,7597,34.8009
10361,9198,root,0,NA,NA,9198,34.7926
10362,9021,root,0,NA,NA,9021,34.7874
10363,8669,root,0,NA,NA,8669,34.7831
10364,10001,root,0,NA,NA,10001,34.7831
10365,19367,root,0,NA,NA,19367,34.7808
10366,9635,root,0,NA,NA,9635,34.7807
10367,6958,root,0,NA,NA,6958,34.7806
10368,10290,root,0,NA,NA,10290,34.7797
10369,4390,root,0,NA,NA,4390,34.7788
10370,8769,root,0,NA,NA,8769,34.7762
10371,148,root,0,NA,NA,148,34.7759
10372,8375,root,0,NA,NA,8375,34.7747
10373,284,root,0,NA,NA,284,34.774
10374,1552,root,0,NA,NA,1552,34.7738
10375,11993,root,0,NA,NA,11993,34.7637
10376,2728,root,0,NA,NA,2728,34.763
10377,11744,root,0,NA,NA,11744,34.7625
10378,18073,root,0,NA,NA,18073,34.7607
10379,10883,root,0,NA,NA,10883,34.7562
10380,10574,root,0,NA,NA,10574,34.7541
10381,1037,root,0,NA,NA,1037,34.7521
10382,12242,root,0,NA,NA,12242,34.7515
10383,9097,root,0,NA,NA,9097,34.7409
10384,14845,root,0,NA,NA,14845,34.7341
10385,6198,root,0,NA,NA,6198,34.7323
10386,7061,root,0,NA,NA,7061,34.7318
10387,13219,root,0,NA,NA,13219,34.7295
10388,15314,root,0,NA,NA,15314,34.726
10389,18023,root,0,NA,NA,18023,34.725
10390,9227,root,0,NA,NA,9227,34.7177
10391,5370,root,0,NA,NA,5370,34.7172
10392,5383,root,0,NA,NA,5383,34.7172
10393,5396,root,0,NA,NA,5396,34.7172
10394,13383,root,0,NA,NA,13383,34.715
10395,17130,root,0,NA,NA,17130,34.7144
10396,6922,root,0,NA,NA,6922,34.7082
10397,6382,root,0,NA,NA,6382,34.7072
10398,7760,root,0,NA,NA,7760,34.7003
10399,8750,root,0,NA,NA,8750,34.6992
10400,8176,root,0,NA,NA,8176,34.6991
10401,14952,root,0,NA,NA,14952,34.699
10402,8009,root,0,NA,NA,8009,34.6959
10403,11583,root,0,NA,NA,11583,34.6953
10404,19583,root,0,NA,NA,19583,34.6919
10405,10329,root,0,NA,NA,10329,34.6854
10406,14503,root,0,NA,NA,14503,34.685
10407,6487,root,0,NA,NA,6487,34.684
10408,14219,root,0,NA,NA,14219,34.6778
10409,8949,root,0,NA,NA,8949,34.6762
10410,18056,root,0,NA,NA,18056,34.6744
10411,9515,root,0,NA,NA,9515,34.6721
10412,8661,root,0,NA,NA,8661,34.6699
10413,12574,root,0,NA,NA,12574,34.6697
10414,5628,root,0,NA,NA,5628,34.6692
10415,19600,root,0,NA,NA,19600,34.6635
10416,13776,root,0,NA,NA,13776,34.6608
10417,7679,root,0,NA,NA,7679,34.6573
10418,17480,root,0,NA,NA,17480,34.6547
10419,9536,root,0,NA,NA,9536,34.6527
10420,10756,root,0,NA,NA,10756,34.6526
10421,15535,root,0,NA,NA,15535,34.6522
10422,10555,root,0,NA,NA,10555,34.6488
10423,8380,root,0,NA,NA,8380,34.6487
10424,13595,root,0,NA,NA,13595,34.647
10425,4724,root,0,NA,NA,4724,34.6457
10426,15582,root,0,NA,NA,15582,34.6454
10427,9155,root,0,NA,NA,9155,34.6441
10428,9163,root,0,NA,NA,9163,34.6392
10429,5712,root,0,NA,NA,5712,34.6365
10430,17539,root,0,NA,NA,17539,34.6348
10431,6560,root,0,NA,NA,6560,34.6306
10432,11732,root,0,NA,NA,11732,34.6303
10433,7618,root,0,NA,NA,7618,34.6287
10434,2546,root,0,NA,NA,2546,34.6262
10435,10431,root,0,NA,NA,10431,34.6199
10436,12540,root,0,NA,NA,12540,34.6135
10437,8631,root,0,NA,NA,8631,34.6105
10438,15144,root,0,NA,NA,15144,34.6097
10439,9232,root,0,NA,NA,9232,34.6088
10440,5871,root,0,NA,NA,5871,34.6051
10441,17244,root,0,NA,NA,17244,34.6041
10442,2805,root,0,NA,NA,2805,34.5985
10443,1402,root,0,NA,NA,1402,34.5959
10444,14453,root,0,NA,NA,14453,34.5948
10445,1440,root,0,NA,NA,1440,34.5908
10446,1448,root,0,NA,NA,1448,34.5908
10447,1453,root,0,NA,NA,1453,34.5908
10448,1461,root,0,NA,NA,1461,34.5908
10449,1469,root,0,NA,NA,1469,34.5908
10450,1474,root,0,NA,NA,1474,34.5908
10451,1482,root,0,NA,NA,1482,34.5908
10452,11726,root,0,NA,NA,11726,34.5866
10453,11050,root,0,NA,NA,11050,34.5799
10454,3992,root,0,NA,NA,3992,34.5772
10455,6812,root,0,NA,NA,6812,34.5739
10456,6287,root,0,NA,NA,6287,34.573
10457,5556,root,0,NA,NA,5556,34.5715
10458,5577,root,0,NA,NA,5577,34.5715
10459,2101,root,0,NA,NA,2101,34.569
10460,1694,root,0,NA,NA,1694,34.5661
10461,9803,root,0,NA,NA,9803,34.5659
10462,18394,root,0,NA,NA,18394,34.5648
10463,19156,root,0,NA,NA,19156,34.5576
10464,13206,root,0,NA,NA,13206,34.5562
10465,17767,root,0,NA,NA,17767,34.5546
10466,6691,root,0,NA,NA,6691,34.5532
10467,8037,root,0,NA,NA,8037,34.5525
10468,10933,root,0,NA,NA,10933,34.5494
10469,7092,root,0,NA,NA,7092,34.5436
10470,2214,root,0,NA,NA,2214,34.5419
10471,3825,root,0,NA,NA,3825,34.5416
10472,14208,root,0,NA,NA,14208,34.5387
10473,11742,root,0,NA,NA,11742,34.5349
10474,16521,root,0,NA,NA,16521,34.5309
10475,1737,root,0,NA,NA,1737,34.5305
10476,11088,root,0,NA,NA,11088,34.5279
10477,11419,root,0,NA,NA,11419,34.5259
10478,9043,root,0,NA,NA,9043,34.5248
10479,6336,root,0,NA,NA,6336,34.5206
10480,13096,root,0,NA,NA,13096,34.5181
10481,8956,root,0,NA,NA,8956,34.5131
10482,9282,root,0,NA,NA,9282,34.5055
10483,15277,root,0,NA,NA,15277,34.502
10484,6558,root,0,NA,NA,6558,34.5001
10485,18693,root,0,NA,NA,18693,34.4995
10486,8181,root,0,NA,NA,8181,34.4984
10487,10225,root,0,NA,NA,10225,34.4939
10488,15596,root,0,NA,NA,15596,34.4881
10489,7637,root,0,NA,NA,7637,34.4858
10490,11784,root,0,NA,NA,11784,34.4824
10491,11041,root,0,NA,NA,11041,34.4809
10492,19302,root,0,NA,NA,19302,34.4754
10493,16018,root,0,NA,NA,16018,34.4718
10494,19011,root,0,NA,NA,19011,34.4666
10495,14507,root,0,NA,NA,14507,34.4654
10496,6851,root,0,NA,NA,6851,34.465
10497,12414,root,0,NA,NA,12414,34.4645
10498,19744,root,0,NA,NA,19744,34.4638
10499,17476,root,0,NA,NA,17476,34.4595
10500,17846,root,0,NA,NA,17846,34.4574
10501,14431,root,0,NA,NA,14431,34.4572
10502,6161,root,0,NA,NA,6161,34.457
10503,7978,root,0,NA,NA,7978,34.4569
10504,10156,root,0,NA,NA,10156,34.4537
10505,7389,root,0,NA,NA,7389,34.4507
10506,9150,root,0,NA,NA,9150,34.447
10507,16932,root,0,NA,NA,16932,34.4453
10508,5349,root,0,NA,NA,5349,34.4447
10509,256,root,0,NA,NA,256,34.4433
10510,18013,root,0,NA,NA,18013,34.4349
10511,12947,root,0,NA,NA,12947,34.4329
10512,18429,root,0,NA,NA,18429,34.4302
10513,7478,root,0,NA,NA,7478,34.4291
10514,13087,root,0,NA,NA,13087,34.427
10515,14781,root,0,NA,NA,14781,34.4264
10516,6939,root,0,NA,NA,6939,34.4256
10517,242,root,0,NA,NA,242,34.4222
10518,4607,root,0,NA,NA,4607,34.4194
10519,5924,root,0,NA,NA,5924,34.4066
10520,7071,root,0,NA,NA,7071,34.4049
10521,9872,root,0,NA,NA,9872,34.4004
10522,13940,root,0,NA,NA,13940,34.3954
10523,3214,root,0,NA,NA,3214,34.3948
10524,452,root,0,NA,NA,452,34.3934
10525,6589,root,0,NA,NA,6589,34.3899
10526,311,root,0,NA,NA,311,34.384
10527,16560,root,0,NA,NA,16560,34.3819
10528,11710,root,0,NA,NA,11710,34.3817
10529,13834,root,0,NA,NA,13834,34.3797
10530,12649,root,0,NA,NA,12649,34.3754
10531,9038,root,0,NA,NA,9038,34.3752
10532,8426,root,0,NA,NA,8426,34.3678
10533,15549,root,0,NA,NA,15549,34.3645
10534,11546,root,0,NA,NA,11546,34.3613
10535,7174,root,0,NA,NA,7174,34.3574
10536,8690,root,0,NA,NA,8690,34.3568
10537,8748,root,0,NA,NA,8748,34.3524
10538,9962,root,0,NA,NA,9962,34.3496
10539,15802,root,0,NA,NA,15802,34.3395
10540,6222,root,0,NA,NA,6222,34.3343
10541,5734,root,0,NA,NA,5734,34.3301
10542,10993,root,0,NA,NA,10993,34.326
10543,14725,root,0,NA,NA,14725,34.3221
10544,8829,root,0,NA,NA,8829,34.3181
10545,2088,root,0,NA,NA,2088,34.3173
10546,9135,root,0,NA,NA,9135,34.3171
10547,9583,root,0,NA,NA,9583,34.3121
10548,19824,root,0,NA,NA,19824,34.3104
10549,12184,root,0,NA,NA,12184,34.3087
10550,17455,root,0,NA,NA,17455,34.3034
10551,16493,root,0,NA,NA,16493,34.3007
10552,2271,root,0,NA,NA,2271,34.2993
10553,19974,root,0,NA,NA,19974,34.2989
10554,5939,root,0,NA,NA,5939,34.2875
10555,3869,root,0,NA,NA,3869,34.2872
10556,14523,root,0,NA,NA,14523,34.2851
10557,7080,root,0,NA,NA,7080,34.2837
10558,596,root,0,NA,NA,596,34.2836
10559,19919,root,0,NA,NA,19919,34.2827
10560,4778,root,0,NA,NA,4778,34.2766
10561,11092,root,0,NA,NA,11092,34.2751
10562,7858,root,0,NA,NA,7858,34.2741
10563,12263,root,0,NA,NA,12263,34.2735
10564,18643,root,0,NA,NA,18643,34.2734
10565,9273,root,0,NA,NA,9273,34.2725
10566,19375,root,0,NA,NA,19375,34.2692
10567,16161,root,0,NA,NA,16161,34.2603
10568,4018,root,0,NA,NA,4018,34.26
10569,15260,root,0,NA,NA,15260,34.2583
10570,5992,root,0,NA,NA,5992,34.2555
10571,14476,root,0,NA,NA,14476,34.2532
10572,4984,root,0,NA,NA,4984,34.2509
10573,11769,root,0,NA,NA,11769,34.2508
10574,9965,root,0,NA,NA,9965,34.2437
10575,15985,root,0,NA,NA,15985,34.2434
10576,690,root,0,NA,NA,690,34.2335
10577,13642,root,0,NA,NA,13642,34.2332
10578,9001,root,0,NA,NA,9001,34.2315
10579,9435,root,0,NA,NA,9435,34.23
10580,9659,root,0,NA,NA,9659,34.225
10581,1106,root,0,NA,NA,1106,34.2222
10582,19962,root,0,NA,NA,19962,34.2211
10583,4050,root,0,NA,NA,4050,34.211
10584,18345,root,0,NA,NA,18345,34.209
10585,7391,root,0,NA,NA,7391,34.2065
10586,5760,root,0,NA,NA,5760,34.1959
10587,5781,root,0,NA,NA,5781,34.1959
10588,13647,root,0,NA,NA,13647,34.1947
10589,9520,root,0,NA,NA,9520,34.1902
10590,14371,root,0,NA,NA,14371,34.1886
10591,4940,root,0,NA,NA,4940,34.1819
10592,1532,root,0,NA,NA,1532,34.178
10593,1566,root,0,NA,NA,1566,34.178
10594,11990,root,0,NA,NA,11990,34.1703
10595,9753,root,0,NA,NA,9753,34.1684
10596,16967,root,0,NA,NA,16967,34.165
10597,18041,root,0,NA,NA,18041,34.1636
10598,7799,root,0,NA,NA,7799,34.1621
10599,10018,root,0,NA,NA,10018,34.1618
10600,6661,root,0,NA,NA,6661,34.1562
10601,8588,root,0,NA,NA,8588,34.1526
10602,18772,root,0,NA,NA,18772,34.1517
10603,7765,root,0,NA,NA,7765,34.1512
10604,1531,root,0,NA,NA,1531,34.1501
10605,11009,root,0,NA,NA,11009,34.1495
10606,10625,root,0,NA,NA,10625,34.1471
10607,8888,root,0,NA,NA,8888,34.141
10608,12510,root,0,NA,NA,12510,34.1393
10609,16158,root,0,NA,NA,16158,34.1389
10610,2566,root,0,NA,NA,2566,34.1375
10611,2587,root,0,NA,NA,2587,34.1375
10612,2608,root,0,NA,NA,2608,34.1375
10613,8300,root,0,NA,NA,8300,34.1332
10614,12978,root,0,NA,NA,12978,34.131
10615,13763,root,0,NA,NA,13763,34.1288
10616,6698,root,0,NA,NA,6698,34.1268
10617,1857,root,0,NA,NA,1857,34.1266
10618,12396,root,0,NA,NA,12396,34.125
10619,15958,root,0,NA,NA,15958,34.1221
10620,11943,root,0,NA,NA,11943,34.1212
10621,6341,root,0,NA,NA,6341,34.1208
10622,17729,root,0,NA,NA,17729,34.1133
10623,12354,root,0,NA,NA,12354,34.1084
10624,2452,root,0,NA,NA,2452,34.1061
10625,8980,root,0,NA,NA,8980,34.1018
10626,7424,root,0,NA,NA,7424,34.101
10627,10866,root,0,NA,NA,10866,34.0972
10628,6393,root,0,NA,NA,6393,34.0969
10629,19197,root,0,NA,NA,19197,34.0953
10630,15751,root,0,NA,NA,15751,34.0875
10631,8131,root,0,NA,NA,8131,34.0869
10632,1133,root,0,NA,NA,1133,34.0868
10633,9998,root,0,NA,NA,9998,34.0849
10634,13388,root,0,NA,NA,13388,34.0829
10635,8609,root,0,NA,NA,8609,34.0804
10636,6307,root,0,NA,NA,6307,34.0792
10637,3140,root,0,NA,NA,3140,34.0764
10638,9810,root,0,NA,NA,9810,34.0739
10639,11141,root,0,NA,NA,11141,34.0691
10640,17395,root,0,NA,NA,17395,34.0674
10641,17859,root,0,NA,NA,17859,34.0612
10642,2949,root,0,NA,NA,2949,34.059
10643,8544,root,0,NA,NA,8544,34.0548
10644,18102,root,0,NA,NA,18102,34.0542
10645,3895,root,0,NA,NA,3895,34.0541
10646,6733,root,0,NA,NA,6733,34.0479
10647,19269,root,0,NA,NA,19269,34.0446
10648,8990,root,0,NA,NA,8990,34.0427
10649,3197,root,0,NA,NA,3197,34.0405
10650,3202,root,0,NA,NA,3202,34.0405
10651,3205,root,0,NA,NA,3205,34.0405
10652,3207,root,0,NA,NA,3207,34.0405
10653,3210,root,0,NA,NA,3210,34.0405
10654,3213,root,0,NA,NA,3213,34.0405
10655,3215,root,0,NA,NA,3215,34.0405
10656,3218,root,0,NA,NA,3218,34.0405
10657,3220,root,0,NA,NA,3220,34.0405
10658,3223,root,0,NA,NA,3223,34.0405
10659,3226,root,0,NA,NA,3226,34.0405
10660,3228,root,0,NA,NA,3228,34.0405
10661,3231,root,0,NA,NA,3231,34.0405
10662,3234,root,0,NA,NA,3234,34.0405
10663,3236,root,0,NA,NA,3236,34.0405
10664,3239,root,0,NA,NA,3239,34.0405
10665,8508,root,0,NA,NA,8508,34.0401
10666,10508,root,0,NA,NA,10508,34.0397
10667,3839,root,0,NA,NA,3839,34.0356
10668,19757,root,0,NA,NA,19757,34.0322
10669,11145,root,0,NA,NA,11145,34.0299
10670,10380,root,0,NA,NA,10380,34.0223
10671,18718,root,0,NA,NA,18718,34.0126
10672,16925,root,0,NA,NA,16925,34.0066
10673,17804,root,0,NA,NA,17804,34.0043
10674,8706,root,0,NA,NA,8706,34.0039
10675,8944,root,0,NA,NA,8944,34.0025
10676,5861,root,0,NA,NA,5861,34.0019
10677,6722,root,0,NA,NA,6722,34.0006
10678,19479,root,0,NA,NA,19479,33.9898
10679,14360,root,0,NA,NA,14360,33.9896
10680,9763,root,0,NA,NA,9763,33.9827
10681,9986,root,0,NA,NA,9986,33.9804
10682,19961,root,0,NA,NA,19961,33.9681
10683,14184,root,0,NA,NA,14184,33.9669
10684,13239,root,0,NA,NA,13239,33.9658
10685,8666,root,0,NA,NA,8666,33.9565
10686,15686,root,0,NA,NA,15686,33.9541
10687,4005,root,0,NA,NA,4005,33.9511
10688,13363,root,0,NA,NA,13363,33.9508
10689,17154,root,0,NA,NA,17154,33.9498
10690,4190,root,0,NA,NA,4190,33.9474
10691,10383,root,0,NA,NA,10383,33.9442
10692,16141,root,0,NA,NA,16141,33.9431
10693,8749,root,0,NA,NA,8749,33.9363
10694,7413,root,0,NA,NA,7413,33.9264
10695,7489,root,0,NA,NA,7489,33.9255
10696,3423,root,0,NA,NA,3423,33.9237
10697,9544,root,0,NA,NA,9544,33.9231
10698,2181,root,0,NA,NA,2181,33.9165
10699,2202,root,0,NA,NA,2202,33.9165
10700,14965,root,0,NA,NA,14965,33.9164
10701,9270,root,0,NA,NA,9270,33.9155
10702,13836,root,0,NA,NA,13836,33.9091
10703,9701,root,0,NA,NA,9701,33.9063
10704,11039,root,0,NA,NA,11039,33.9002
10705,10295,root,0,NA,NA,10295,33.8861
10706,7321,root,0,NA,NA,7321,33.8852
10707,8824,root,0,NA,NA,8824,33.8847
10708,7700,root,0,NA,NA,7700,33.8843
10709,11858,root,0,NA,NA,11858,33.8802
10710,15806,root,0,NA,NA,15806,33.8748
10711,7410,root,0,NA,NA,7410,33.8746
10712,9018,root,0,NA,NA,9018,33.8643
10713,18141,root,0,NA,NA,18141,33.8619
10714,16572,root,0,NA,NA,16572,33.8598
10715,17685,root,0,NA,NA,17685,33.8504
10716,8537,root,0,NA,NA,8537,33.8476
10717,9595,root,0,NA,NA,9595,33.8461
10718,10367,root,0,NA,NA,10367,33.8388
10719,14167,root,0,NA,NA,14167,33.837
10720,18115,root,0,NA,NA,18115,33.8365
10721,5994,root,0,NA,NA,5994,33.8361
10722,10106,root,0,NA,NA,10106,33.8321
10723,3296,root,0,NA,NA,3296,33.8284
10724,3317,root,0,NA,NA,3317,33.8284
10725,12696,root,0,NA,NA,12696,33.8232
10726,8512,root,0,NA,NA,8512,33.8183
10727,16731,root,0,NA,NA,16731,33.8149
10728,10677,root,0,NA,NA,10677,33.8104
10729,9236,root,0,NA,NA,9236,33.8099
10730,10570,root,0,NA,NA,10570,33.8087
10731,2122,root,0,NA,NA,2122,33.8029
10732,8758,root,0,NA,NA,8758,33.8016
10733,16264,root,0,NA,NA,16264,33.8005
10734,11197,root,0,NA,NA,11197,33.7955
10735,16153,root,0,NA,NA,16153,33.793
10736,18731,root,0,NA,NA,18731,33.793
10737,10113,root,0,NA,NA,10113,33.7878
10738,17170,root,0,NA,NA,17170,33.7877
10739,9405,root,0,NA,NA,9405,33.7849
10740,6401,root,0,NA,NA,6401,33.7849
10741,7511,root,0,NA,NA,7511,33.7824
10742,18949,root,0,NA,NA,18949,33.782
10743,2174,root,0,NA,NA,2174,33.7789
10744,13671,root,0,NA,NA,13671,33.7748
10745,8652,root,0,NA,NA,8652,33.7725
10746,16980,root,0,NA,NA,16980,33.7699
10747,3887,root,0,NA,NA,3887,33.7675
10748,1340,root,0,NA,NA,1340,33.7656
10749,5678,root,0,NA,NA,5678,33.7605
10750,7672,root,0,NA,NA,7672,33.7595
10751,8952,root,0,NA,NA,8952,33.759
10752,504,root,0,NA,NA,504,33.7583
10753,5337,root,0,NA,NA,5337,33.758
10754,8898,root,0,NA,NA,8898,33.7511
10755,235,root,0,NA,NA,235,33.7501
10756,6629,root,0,NA,NA,6629,33.7459
10757,2156,root,0,NA,NA,2156,33.7459
10758,9030,root,0,NA,NA,9030,33.7454
10759,7504,root,0,NA,NA,7504,33.7397
10760,14980,root,0,NA,NA,14980,33.7371
10761,3161,root,0,NA,NA,3161,33.7347
10762,16543,root,0,NA,NA,16543,33.7292
10763,3502,root,0,NA,NA,3502,33.7232
10764,9202,root,0,NA,NA,9202,33.722
10765,19752,root,0,NA,NA,19752,33.7173
10766,14926,root,0,NA,NA,14926,33.7082
10767,7352,root,0,NA,NA,7352,33.7038
10768,7357,root,0,NA,NA,7357,33.7038
10769,3486,root,0,NA,NA,3486,33.6846
10770,17404,root,0,NA,NA,17404,33.6822
10771,10160,root,0,NA,NA,10160,33.6817
10772,16051,root,0,NA,NA,16051,33.6809
10773,7749,root,0,NA,NA,7749,33.6779
10774,17602,root,0,NA,NA,17602,33.6757
10775,6664,root,0,NA,NA,6664,33.6726
10776,14261,root,0,NA,NA,14261,33.6724
10777,7587,root,0,NA,NA,7587,33.6529
10778,10595,root,0,NA,NA,10595,33.6523
10779,17776,root,0,NA,NA,17776,33.6492
10780,921,root,0,NA,NA,921,33.6488
10781,15431,root,0,NA,NA,15431,33.6448
10782,14510,root,0,NA,NA,14510,33.6352
10783,7702,root,0,NA,NA,7702,33.6315
10784,11627,root,0,NA,NA,11627,33.6289
10785,11313,root,0,NA,NA,11313,33.6286
10786,3874,root,0,NA,NA,3874,33.6264
10787,269,root,0,NA,NA,269,33.6215
10788,7631,root,0,NA,NA,7631,33.6202
10789,7650,root,0,NA,NA,7650,33.6172
10790,6174,root,0,NA,NA,6174,33.6163
10791,13089,root,0,NA,NA,13089,33.6157
10792,7057,root,0,NA,NA,7057,33.6154
10793,5145,root,0,NA,NA,5145,33.6138
10794,5158,root,0,NA,NA,5158,33.6138
10795,10942,root,0,NA,NA,10942,33.5993
10796,2415,root,0,NA,NA,2415,33.5945
10797,4445,root,0,NA,NA,4445,33.5929
10798,7936,root,0,NA,NA,7936,33.5896
10799,6372,root,0,NA,NA,6372,33.5892
10800,7337,root,0,NA,NA,7337,33.5872
10801,9961,root,0,NA,NA,9961,33.5834
10802,13188,root,0,NA,NA,13188,33.5824
10803,13151,root,0,NA,NA,13151,33.5784
10804,2986,root,0,NA,NA,2986,33.5764
10805,10615,root,0,NA,NA,10615,33.5753
10806,4230,root,0,NA,NA,4230,33.572
10807,8069,root,0,NA,NA,8069,33.5708
10808,10578,root,0,NA,NA,10578,33.5673
10809,16466,root,0,NA,NA,16466,33.5635
10810,13175,root,0,NA,NA,13175,33.5631
10811,12126,root,0,NA,NA,12126,33.5626
10812,10147,root,0,NA,NA,10147,33.5603
10813,8481,root,0,NA,NA,8481,33.5587
10814,5379,root,0,NA,NA,5379,33.5572
10815,8393,root,0,NA,NA,8393,33.5552
10816,2836,root,0,NA,NA,2836,33.5544
10817,2841,root,0,NA,NA,2841,33.5544
10818,2849,root,0,NA,NA,2849,33.5544
10819,2857,root,0,NA,NA,2857,33.5544
10820,2862,root,0,NA,NA,2862,33.5544
10821,2870,root,0,NA,NA,2870,33.5544
10822,11827,root,0,NA,NA,11827,33.5535
10823,7658,root,0,NA,NA,7658,33.548
10824,6817,root,0,NA,NA,6817,33.5469
10825,5973,root,0,NA,NA,5973,33.5439
10826,18537,root,0,NA,NA,18537,33.5391
10827,3465,root,0,NA,NA,3465,33.5382
10828,1565,root,0,NA,NA,1565,33.5334
10829,3997,root,0,NA,NA,3997,33.5326
10830,7415,root,0,NA,NA,7415,33.5278
10831,13623,root,0,NA,NA,13623,33.5273
10832,10266,root,0,NA,NA,10266,33.5186
10833,13729,root,0,NA,NA,13729,33.5184
10834,13920,root,0,NA,NA,13920,33.517
10835,19436,root,0,NA,NA,19436,33.5138
10836,4211,root,0,NA,NA,4211,33.5081
10837,4958,root,0,NA,NA,4958,33.5038
10838,18300,root,0,NA,NA,18300,33.5
10839,11399,root,0,NA,NA,11399,33.4973
10840,19147,root,0,NA,NA,19147,33.4968
10841,7366,root,0,NA,NA,7366,33.4928
10842,9974,root,0,NA,NA,9974,33.487
10843,15434,root,0,NA,NA,15434,33.4819
10844,19127,root,0,NA,NA,19127,33.4727
10845,16652,root,0,NA,NA,16652,33.4725
10846,8585,root,0,NA,NA,8585,33.471
10847,7686,root,0,NA,NA,7686,33.4686
10848,12770,root,0,NA,NA,12770,33.4654
10849,11859,root,0,NA,NA,11859,33.4531
10850,12207,root,0,NA,NA,12207,33.4486
10851,13575,root,0,NA,NA,13575,33.4433
10852,3755,root,0,NA,NA,3755,33.4408
10853,3768,root,0,NA,NA,3768,33.4408
10854,13231,root,0,NA,NA,13231,33.4398
10855,12043,root,0,NA,NA,12043,33.4379
10856,17135,root,0,NA,NA,17135,33.4349
10857,13121,root,0,NA,NA,13121,33.4319
10858,12484,root,0,NA,NA,12484,33.4313
10859,17099,root,0,NA,NA,17099,33.4254
10860,5354,root,0,NA,NA,5354,33.4249
10861,8177,root,0,NA,NA,8177,33.4207
10862,14802,root,0,NA,NA,14802,33.4205
10863,13645,root,0,NA,NA,13645,33.4184
10864,5822,root,0,NA,NA,5822,33.4165
10865,3615,root,0,NA,NA,3615,33.4148
10866,17838,root,0,NA,NA,17838,33.4137
10867,10973,root,0,NA,NA,10973,33.411
10868,15122,root,0,NA,NA,15122,33.4093
10869,11798,root,0,NA,NA,11798,33.4087
10870,1492,root,0,NA,NA,1492,33.4023
10871,9237,root,0,NA,NA,9237,33.4021
10872,8862,root,0,NA,NA,8862,33.3968
10873,3558,root,0,NA,NA,3558,33.3947
10874,3566,root,0,NA,NA,3566,33.3947
10875,3574,root,0,NA,NA,3574,33.3947
10876,3579,root,0,NA,NA,3579,33.3947
10877,3587,root,0,NA,NA,3587,33.3947
10878,3592,root,0,NA,NA,3592,33.3947
10879,3595,root,0,NA,NA,3595,33.3947
10880,14250,root,0,NA,NA,14250,33.3945
10881,10132,root,0,NA,NA,10132,33.3887
10882,17876,root,0,NA,NA,17876,33.3866
10883,10223,root,0,NA,NA,10223,33.3824
10884,18890,root,0,NA,NA,18890,33.3797
10885,5171,root,0,NA,NA,5171,33.3783
10886,12767,root,0,NA,NA,12767,33.3782
10887,16297,root,0,NA,NA,16297,33.3743
10888,12901,root,0,NA,NA,12901,33.3735
10889,8191,root,0,NA,NA,8191,33.3726
10890,4251,root,0,NA,NA,4251,33.367
10891,4402,root,0,NA,NA,4402,33.3645
10892,7965,root,0,NA,NA,7965,33.3584
10893,11318,root,0,NA,NA,11318,33.356
10894,14256,root,0,NA,NA,14256,33.3547
10895,8778,root,0,NA,NA,8778,33.3534
10896,7323,root,0,NA,NA,7323,33.351
10897,2219,root,0,NA,NA,2219,33.3501
10898,3349,root,0,NA,NA,3349,33.3479
10899,3370,root,0,NA,NA,3370,33.3479
10900,12705,root,0,NA,NA,12705,33.3455
10901,18683,root,0,NA,NA,18683,33.3426
10902,18202,root,0,NA,NA,18202,33.3423
10903,7549,root,0,NA,NA,7549,33.3395
10904,9558,root,0,NA,NA,9558,33.3387
10905,11283,root,0,NA,NA,11283,33.3363
10906,4799,root,0,NA,NA,4799,33.3319
10907,14748,root,0,NA,NA,14748,33.3309
10908,12269,root,0,NA,NA,12269,33.3263
10909,4225,root,0,NA,NA,4225,33.3237
10910,16060,root,0,NA,NA,16060,33.3213
10911,12247,root,0,NA,NA,12247,33.3111
10912,14713,root,0,NA,NA,14713,33.3072
10913,8714,root,0,NA,NA,8714,33.3062
10914,9076,root,0,NA,NA,9076,33.3007
10915,14900,root,0,NA,NA,14900,33.2984
10916,14162,root,0,NA,NA,14162,33.2965
10917,13104,root,0,NA,NA,13104,33.2921
10918,4540,root,0,NA,NA,4540,33.291
10919,6153,root,0,NA,NA,6153,33.2902
10920,19645,root,0,NA,NA,19645,33.288
10921,5971,root,0,NA,NA,5971,33.2864
10922,8492,root,0,NA,NA,8492,33.2862
10923,8095,root,0,NA,NA,8095,33.2861
10924,10088,root,0,NA,NA,10088,33.2839
10925,5192,root,0,NA,NA,5192,33.2834
10926,5194,root,0,NA,NA,5194,33.2834
10927,5197,root,0,NA,NA,5197,33.2834
10928,5200,root,0,NA,NA,5200,33.2834
10929,5202,root,0,NA,NA,5202,33.2834
10930,5205,root,0,NA,NA,5205,33.2834
10931,5210,root,0,NA,NA,5210,33.2834
10932,5213,root,0,NA,NA,5213,33.2834
10933,5215,root,0,NA,NA,5215,33.2834
10934,5218,root,0,NA,NA,5218,33.2834
10935,14202,root,0,NA,NA,14202,33.2791
10936,1544,root,0,NA,NA,1544,33.2791
10937,8366,root,0,NA,NA,8366,33.2786
10938,5238,root,0,NA,NA,5238,33.2776
10939,18851,root,0,NA,NA,18851,33.2769
10940,13040,root,0,NA,NA,13040,33.2743
10941,10477,root,0,NA,NA,10477,33.2742
10942,19977,root,0,NA,NA,19977,33.2732
10943,12546,root,0,NA,NA,12546,33.2724
10944,10917,root,0,NA,NA,10917,33.2721
10945,4259,root,0,NA,NA,4259,33.2677
10946,9463,root,0,NA,NA,9463,33.2668
10947,9648,root,0,NA,NA,9648,33.2665
10948,14630,root,0,NA,NA,14630,33.2625
10949,9570,root,0,NA,NA,9570,33.2581
10950,2707,root,0,NA,NA,2707,33.258
10951,7623,root,0,NA,NA,7623,33.2579
10952,12875,root,0,NA,NA,12875,33.2573
10953,7695,root,0,NA,NA,7695,33.2559
10954,5740,root,0,NA,NA,5740,33.254
10955,6115,root,0,NA,NA,6115,33.253
10956,15848,root,0,NA,NA,15848,33.2497
10957,1455,root,0,NA,NA,1455,33.2481
10958,4302,root,0,NA,NA,4302,33.2447
10959,290,root,0,NA,NA,290,33.2441
10960,7708,root,0,NA,NA,7708,33.2435
10961,6076,root,0,NA,NA,6076,33.2424
10962,8441,root,0,NA,NA,8441,33.2416
10963,12213,root,0,NA,NA,12213,33.2415
10964,5207,root,0,NA,NA,5207,33.2342
10965,12389,root,0,NA,NA,12389,33.2334
10966,5039,root,0,NA,NA,5039,33.2331
10967,16895,root,0,NA,NA,16895,33.2308
10968,14798,root,0,NA,NA,14798,33.23
10969,8596,root,0,NA,NA,8596,33.2295
10970,19149,root,0,NA,NA,19149,33.2284
10971,11200,root,0,NA,NA,11200,33.2264
10972,19588,root,0,NA,NA,19588,33.2243
10973,8524,root,0,NA,NA,8524,33.2213
10974,13832,root,0,NA,NA,13832,33.2199
10975,18034,root,0,NA,NA,18034,33.217
10976,7698,root,0,NA,NA,7698,33.2158
10977,9755,root,0,NA,NA,9755,33.2147
10978,4055,root,0,NA,NA,4055,33.2116
10979,9871,root,0,NA,NA,9871,33.2099
10980,9876,root,0,NA,NA,9876,33.2099
10981,9884,root,0,NA,NA,9884,33.2099
10982,3350,root,0,NA,NA,3350,33.1968
10983,8152,root,0,NA,NA,8152,33.1955
10984,11499,root,0,NA,NA,11499,33.1944
10985,19249,root,0,NA,NA,19249,33.1914
10986,5499,root,0,NA,NA,5499,33.1845
10987,2087,root,0,NA,NA,2087,33.1823
10988,2108,root,0,NA,NA,2108,33.1823
10989,8599,root,0,NA,NA,8599,33.1811
10990,15235,root,0,NA,NA,15235,33.1759
10991,4261,root,0,NA,NA,4261,33.1686
10992,16690,root,0,NA,NA,16690,33.1667
10993,15753,root,0,NA,NA,15753,33.1651
10994,17051,root,0,NA,NA,17051,33.1621
10995,19000,root,0,NA,NA,19000,33.162
10996,8534,root,0,NA,NA,8534,33.1597
10997,9394,root,0,NA,NA,9394,33.1578
10998,17903,root,0,NA,NA,17903,33.1558
10999,19753,root,0,NA,NA,19753,33.1548
11000,11973,root,0,NA,NA,11973,33.1547
11001,8743,root,0,NA,NA,8743,33.1502
11002,15291,root,0,NA,NA,15291,33.1499
11003,18169,root,0,NA,NA,18169,33.1488
11004,8453,root,0,NA,NA,8453,33.1452
11005,2787,root,0,NA,NA,2787,33.1443
11006,19591,root,0,NA,NA,19591,33.1443
11007,3032,root,0,NA,NA,3032,33.1412
11008,3053,root,0,NA,NA,3053,33.1412
11009,4994,root,0,NA,NA,4994,33.1385
11010,14530,root,0,NA,NA,14530,33.1359
11011,12813,root,0,NA,NA,12813,33.1293
11012,10914,root,0,NA,NA,10914,33.1269
11013,7076,root,0,NA,NA,7076,33.1264
11014,6169,root,0,NA,NA,6169,33.125
11015,13434,root,0,NA,NA,13434,33.1235
11016,3044,root,0,NA,NA,3044,33.1228
11017,10460,root,0,NA,NA,10460,33.1176
11018,6028,root,0,NA,NA,6028,33.1132
11019,17087,root,0,NA,NA,17087,33.1113
11020,12925,root,0,NA,NA,12925,33.1108
11021,14577,root,0,NA,NA,14577,33.1083
11022,14773,root,0,NA,NA,14773,33.0945
11023,10162,root,0,NA,NA,10162,33.0945
11024,19927,root,0,NA,NA,19927,33.0917
11025,17356,root,0,NA,NA,17356,33.0831
11026,7203,root,0,NA,NA,7203,33.0826
11027,6125,root,0,NA,NA,6125,33.0814
11028,1572,root,0,NA,NA,1572,33.0786
11029,10174,root,0,NA,NA,10174,33.0785
11030,11960,root,0,NA,NA,11960,33.0774
11031,2319,root,0,NA,NA,2319,33.0766
11032,7949,root,0,NA,NA,7949,33.0759
11033,12753,root,0,NA,NA,12753,33.0721
11034,12439,root,0,NA,NA,12439,33.0721
11035,2573,root,0,NA,NA,2573,33.0708
11036,19306,root,0,NA,NA,19306,33.0706
11037,7543,root,0,NA,NA,7543,33.0704
11038,5401,root,0,NA,NA,5401,33.0682
11039,10516,root,0,NA,NA,10516,33.0638
11040,124,root,0,NA,NA,124,33.063
11041,17316,root,0,NA,NA,17316,33.0605
11042,5065,root,0,NA,NA,5065,33.0589
11043,12135,root,0,NA,NA,12135,33.0575
11044,5135,root,0,NA,NA,5135,33.0562
11045,11938,root,0,NA,NA,11938,33.0518
11046,10571,root,0,NA,NA,10571,33.0504
11047,15237,root,0,NA,NA,15237,33.0484
11048,2121,root,0,NA,NA,2121,33.0457
11049,2126,root,0,NA,NA,2126,33.0457
11050,2129,root,0,NA,NA,2129,33.0457
11051,2134,root,0,NA,NA,2134,33.0457
11052,2142,root,0,NA,NA,2142,33.0457
11053,2147,root,0,NA,NA,2147,33.0457
11054,2155,root,0,NA,NA,2155,33.0457
11055,11061,root,0,NA,NA,11061,33.0437
11056,11344,root,0,NA,NA,11344,33.0435
11057,6312,root,0,NA,NA,6312,33.0425
11058,14574,root,0,NA,NA,14574,33.0232
11059,9664,root,0,NA,NA,9664,33.0228
11060,6327,root,0,NA,NA,6327,33.0184
11061,8006,root,0,NA,NA,8006,33.0162
11062,11142,root,0,NA,NA,11142,33.015
11063,3672,root,0,NA,NA,3672,33.0113
11064,14633,root,0,NA,NA,14633,33.0099
11065,17849,root,0,NA,NA,17849,33.0008
11066,2109,root,0,NA,NA,2109,33.0004
11067,5815,root,0,NA,NA,5815,32.9996
11068,11107,root,0,NA,NA,11107,32.9902
11069,9283,root,0,NA,NA,9283,32.9889
11070,3647,root,0,NA,NA,3647,32.987
11071,3655,root,0,NA,NA,3655,32.987
11072,3668,root,0,NA,NA,3668,32.987
11073,3689,root,0,NA,NA,3689,32.987
11074,13251,root,0,NA,NA,13251,32.984
11075,7571,root,0,NA,NA,7571,32.9791
11076,4941,root,0,NA,NA,4941,32.9628
11077,9281,root,0,NA,NA,9281,32.9587
11078,11366,root,0,NA,NA,11366,32.9571
11079,10282,root,0,NA,NA,10282,32.9567
11080,3822,root,0,NA,NA,3822,32.9547
11081,6432,root,0,NA,NA,6432,32.9521
11082,10328,root,0,NA,NA,10328,32.9512
11083,3838,root,0,NA,NA,3838,32.9465
11084,8604,root,0,NA,NA,8604,32.9418
11085,10056,root,0,NA,NA,10056,32.9415
11086,14492,root,0,NA,NA,14492,32.9396
11087,7447,root,0,NA,NA,7447,32.9385
11088,11296,root,0,NA,NA,11296,32.9316
11089,13521,root,0,NA,NA,13521,32.9297
11090,12860,root,0,NA,NA,12860,32.927
11091,819,root,0,NA,NA,819,32.9246
11092,14362,root,0,NA,NA,14362,32.9222
11093,10839,root,0,NA,NA,10839,32.9187
11094,9276,root,0,NA,NA,9276,32.9177
11095,10118,root,0,NA,NA,10118,32.9176
11096,19341,root,0,NA,NA,19341,32.9164
11097,7955,root,0,NA,NA,7955,32.9114
11098,7714,root,0,NA,NA,7714,32.9106
11099,19093,root,0,NA,NA,19093,32.906
11100,14509,root,0,NA,NA,14509,32.9043
11101,9391,root,0,NA,NA,9391,32.9011
11102,4243,root,0,NA,NA,4243,32.8995
11103,14508,root,0,NA,NA,14508,32.8985
11104,8612,root,0,NA,NA,8612,32.8918
11105,8872,root,0,NA,NA,8872,32.8884
11106,4238,root,0,NA,NA,4238,32.888
11107,16191,root,0,NA,NA,16191,32.8813
11108,10592,root,0,NA,NA,10592,32.8779
11109,11917,root,0,NA,NA,11917,32.873
11110,3817,root,0,NA,NA,3817,32.8725
11111,10964,root,0,NA,NA,10964,32.8718
11112,6728,root,0,NA,NA,6728,32.8693
11113,11442,root,0,NA,NA,11442,32.8692
11114,11025,root,0,NA,NA,11025,32.865
11115,8299,root,0,NA,NA,8299,32.853
11116,8126,root,0,NA,NA,8126,32.851
11117,6928,root,0,NA,NA,6928,32.8497
11118,11146,root,0,NA,NA,11146,32.8493
11119,735,root,0,NA,NA,735,32.8474
11120,6288,root,0,NA,NA,6288,32.8473
11121,13718,root,0,NA,NA,13718,32.844
11122,12936,root,0,NA,NA,12936,32.8437
11123,3444,root,0,NA,NA,3444,32.841
11124,18682,root,0,NA,NA,18682,32.8404
11125,6424,root,0,NA,NA,6424,32.8385
11126,10362,root,0,NA,NA,10362,32.8384
11127,2682,root,0,NA,NA,2682,32.835
11128,8879,root,0,NA,NA,8879,32.8333
11129,18222,root,0,NA,NA,18222,32.8308
11130,18894,root,0,NA,NA,18894,32.8284
11131,10276,root,0,NA,NA,10276,32.8275
11132,13839,root,0,NA,NA,13839,32.8272
11133,8913,root,0,NA,NA,8913,32.8265
11134,2143,root,0,NA,NA,2143,32.8259
11135,16217,root,0,NA,NA,16217,32.8248
11136,14780,root,0,NA,NA,14780,32.8215
11137,4063,root,0,NA,NA,4063,32.8166
11138,18572,root,0,NA,NA,18572,32.8156
11139,4307,root,0,NA,NA,4307,32.8153
11140,15041,root,0,NA,NA,15041,32.8152
11141,19062,root,0,NA,NA,19062,32.8142
11142,3830,root,0,NA,NA,3830,32.8139
11143,6490,root,0,NA,NA,6490,32.8102
11144,19842,root,0,NA,NA,19842,32.8098
11145,4329,root,0,NA,NA,4329,32.8062
11146,9697,root,0,NA,NA,9697,32.8042
11147,8663,root,0,NA,NA,8663,32.8042
11148,7074,root,0,NA,NA,7074,32.8033
11149,10507,root,0,NA,NA,10507,32.8018
11150,19490,root,0,NA,NA,19490,32.7947
11151,5248,root,0,NA,NA,5248,32.7927
11152,16959,root,0,NA,NA,16959,32.7925
11153,10115,root,0,NA,NA,10115,32.7798
11154,11074,root,0,NA,NA,11074,32.7796
11155,6738,root,0,NA,NA,6738,32.7742
11156,16114,root,0,NA,NA,16114,32.7735
11157,18746,root,0,NA,NA,18746,32.7626
11158,17584,root,0,NA,NA,17584,32.7624
11159,9594,root,0,NA,NA,9594,32.7609
11160,7282,root,0,NA,NA,7282,32.7593
11161,12725,root,0,NA,NA,12725,32.7561
11162,510,root,0,NA,NA,510,32.7509
11163,2408,root,0,NA,NA,2408,32.7504
11164,16109,root,0,NA,NA,16109,32.7467
11165,8304,root,0,NA,NA,8304,32.7422
11166,9071,root,0,NA,NA,9071,32.7363
11167,10834,root,0,NA,NA,10834,32.7314
11168,14060,root,0,NA,NA,14060,32.7286
11169,13265,root,0,NA,NA,13265,32.7284
11170,10965,root,0,NA,NA,10965,32.7274
11171,11817,root,0,NA,NA,11817,32.7271
11172,18323,root,0,NA,NA,18323,32.726
11173,8903,root,0,NA,NA,8903,32.7257
11174,337,root,0,NA,NA,337,32.7231
11175,10341,root,0,NA,NA,10341,32.7212
11176,7759,root,0,NA,NA,7759,32.7168
11177,10285,root,0,NA,NA,10285,32.7156
11178,8627,root,0,NA,NA,8627,32.7154
11179,6151,root,0,NA,NA,6151,32.7128
11180,10758,root,0,NA,NA,10758,32.7109
11181,10734,root,0,NA,NA,10734,32.71
11182,10732,root,0,NA,NA,10732,32.7084
11183,13585,root,0,NA,NA,13585,32.7081
11184,8863,root,0,NA,NA,8863,32.7078
11185,11602,root,0,NA,NA,11602,32.7076
11186,12281,root,0,NA,NA,12281,32.7034
11187,9584,root,0,NA,NA,9584,32.7022
11188,17801,root,0,NA,NA,17801,32.7018
11189,5277,root,0,NA,NA,5277,32.7014
11190,7066,root,0,NA,NA,7066,32.6963
11191,5416,root,0,NA,NA,5416,32.696
11192,7908,root,0,NA,NA,7908,32.6886
11193,8850,root,0,NA,NA,8850,32.6788
11194,7736,root,0,NA,NA,7736,32.6716
11195,6566,root,0,NA,NA,6566,32.6662
11196,9303,root,0,NA,NA,9303,32.6653
11197,10999,root,0,NA,NA,10999,32.6637
11198,17052,root,0,NA,NA,17052,32.6632
11199,2668,root,0,NA,NA,2668,32.6626
11200,12155,root,0,NA,NA,12155,32.6616
11201,6117,root,0,NA,NA,6117,32.6609
11202,12315,root,0,NA,NA,12315,32.6596
11203,6333,root,0,NA,NA,6333,32.6565
11204,9319,root,0,NA,NA,9319,32.6563
11205,7058,root,0,NA,NA,7058,32.6563
11206,11175,root,0,NA,NA,11175,32.6532
11207,6164,root,0,NA,NA,6164,32.6528
11208,13084,root,0,NA,NA,13084,32.6492
11209,19505,root,0,NA,NA,19505,32.6467
11210,8444,root,0,NA,NA,8444,32.6434
11211,12723,root,0,NA,NA,12723,32.6393
11212,2256,root,0,NA,NA,2256,32.6383
11213,13245,root,0,NA,NA,13245,32.6345
11214,10681,root,0,NA,NA,10681,32.6305
11215,5332,root,0,NA,NA,5332,32.6279
11216,16631,root,0,NA,NA,16631,32.6239
11217,14700,root,0,NA,NA,14700,32.6232
11218,15460,root,0,NA,NA,15460,32.6224
11219,7668,root,0,NA,NA,7668,32.6213
11220,4294,root,0,NA,NA,4294,32.6188
11221,8798,root,0,NA,NA,8798,32.6181
11222,5144,root,0,NA,NA,5144,32.617
11223,15909,root,0,NA,NA,15909,32.6168
11224,17756,root,0,NA,NA,17756,32.6158
11225,1812,root,0,NA,NA,1812,32.6157
11226,1825,root,0,NA,NA,1825,32.6157
11227,1833,root,0,NA,NA,1833,32.6157
11228,6843,root,0,NA,NA,6843,32.6146
11229,8784,root,0,NA,NA,8784,32.6118
11230,4002,root,0,NA,NA,4002,32.6075
11231,5981,root,0,NA,NA,5981,32.6055
11232,13806,root,0,NA,NA,13806,32.6054
11233,13077,root,0,NA,NA,13077,32.6052
11234,11806,root,0,NA,NA,11806,32.5998
11235,16369,root,0,NA,NA,16369,32.5984
11236,5720,root,0,NA,NA,5720,32.5931
11237,8087,root,0,NA,NA,8087,32.5922
11238,3984,root,0,NA,NA,3984,32.5888
11239,15457,root,0,NA,NA,15457,32.5876
11240,15635,root,0,NA,NA,15635,32.5786
11241,7918,root,0,NA,NA,7918,32.5757
11242,9355,root,0,NA,NA,9355,32.575
11243,13882,root,0,NA,NA,13882,32.5734
11244,8334,root,0,NA,NA,8334,32.5709
11245,14467,root,0,NA,NA,14467,32.569
11246,3295,root,0,NA,NA,3295,32.568
11247,16586,root,0,NA,NA,16586,32.5668
11248,7053,root,0,NA,NA,7053,32.5665
11249,17489,root,0,NA,NA,17489,32.5602
11250,18756,root,0,NA,NA,18756,32.5594
11251,7390,root,0,NA,NA,7390,32.5576
11252,18211,root,0,NA,NA,18211,32.5547
11253,10835,root,0,NA,NA,10835,32.553
11254,14756,root,0,NA,NA,14756,32.5518
11255,12075,root,0,NA,NA,12075,32.5498
11256,4997,root,0,NA,NA,4997,32.5432
11257,8296,root,0,NA,NA,8296,32.537
11258,2826,root,0,NA,NA,2826,32.5363
11259,656,root,0,NA,NA,656,32.5305
11260,8058,root,0,NA,NA,8058,32.5286
11261,17398,root,0,NA,NA,17398,32.5278
11262,7817,root,0,NA,NA,7817,32.5254
11263,2044,root,0,NA,NA,2044,32.5253
11264,11502,root,0,NA,NA,11502,32.5231
11265,14635,root,0,NA,NA,14635,32.5136
11266,8301,root,0,NA,NA,8301,32.5116
11267,11655,root,0,NA,NA,11655,32.5043
11268,9717,root,0,NA,NA,9717,32.5042
11269,12933,root,0,NA,NA,12933,32.5035
11270,10599,root,0,NA,NA,10599,32.4956
11271,11374,root,0,NA,NA,11374,32.4951
11272,8489,root,0,NA,NA,8489,32.4936
11273,10319,root,0,NA,NA,10319,32.4928
11274,11599,root,0,NA,NA,11599,32.4909
11275,19457,root,0,NA,NA,19457,32.4901
11276,1743,root,0,NA,NA,1743,32.4899
11277,15207,root,0,NA,NA,15207,32.4896
11278,12492,root,0,NA,NA,12492,32.4893
11279,14650,root,0,NA,NA,14650,32.4879
11280,11770,root,0,NA,NA,11770,32.4848
11281,9005,root,0,NA,NA,9005,32.4838
11282,7703,root,0,NA,NA,7703,32.4821
11283,6674,root,0,NA,NA,6674,32.4702
11284,10606,root,0,NA,NA,10606,32.4698
11285,10836,root,0,NA,NA,10836,32.4637
11286,13083,root,0,NA,NA,13083,32.4603
11287,16782,root,0,NA,NA,16782,32.4551
11288,12539,root,0,NA,NA,12539,32.4519
11289,14370,root,0,NA,NA,14370,32.4515
11290,7079,root,0,NA,NA,7079,32.4476
11291,6050,root,0,NA,NA,6050,32.4461
11292,10729,root,0,NA,NA,10729,32.4441
11293,15320,root,0,NA,NA,15320,32.4395
11294,8920,root,0,NA,NA,8920,32.4315
11295,10503,root,0,NA,NA,10503,32.4288
11296,13144,root,0,NA,NA,13144,32.4241
11297,16021,root,0,NA,NA,16021,32.4212
11298,12226,root,0,NA,NA,12226,32.4211
11299,3075,root,0,NA,NA,3075,32.4171
11300,4534,root,0,NA,NA,4534,32.4158
11301,4537,root,0,NA,NA,4537,32.4158
11302,4542,root,0,NA,NA,4542,32.4158
11303,4550,root,0,NA,NA,4550,32.4158
11304,4555,root,0,NA,NA,4555,32.4158
11305,12807,root,0,NA,NA,12807,32.4062
11306,2388,root,0,NA,NA,2388,32.4052
11307,2401,root,0,NA,NA,2401,32.4052
11308,2422,root,0,NA,NA,2422,32.4052
11309,6685,root,0,NA,NA,6685,32.4027
11310,7579,root,0,NA,NA,7579,32.4003
11311,12240,root,0,NA,NA,12240,32.3979
11312,12582,root,0,NA,NA,12582,32.3951
11313,17717,root,0,NA,NA,17717,32.3942
11314,13313,root,0,NA,NA,13313,32.3915
11315,7944,root,0,NA,NA,7944,32.3898
11316,16929,root,0,NA,NA,16929,32.3869
11317,10823,root,0,NA,NA,10823,32.386
11318,12514,root,0,NA,NA,12514,32.3751
11319,17064,root,0,NA,NA,17064,32.366
11320,1915,root,0,NA,NA,1915,32.3563
11321,3422,root,0,NA,NA,3422,32.348
11322,3430,root,0,NA,NA,3430,32.348
11323,3435,root,0,NA,NA,3435,32.348
11324,3443,root,0,NA,NA,3443,32.348
11325,3456,root,0,NA,NA,3456,32.348
11326,3464,root,0,NA,NA,3464,32.348
11327,7575,root,0,NA,NA,7575,32.3386
11328,19129,root,0,NA,NA,19129,32.3363
11329,8813,root,0,NA,NA,8813,32.3328
11330,3876,root,0,NA,NA,3876,32.3326
11331,7167,root,0,NA,NA,7167,32.3248
11332,19038,root,0,NA,NA,19038,32.3244
11333,17085,root,0,NA,NA,17085,32.3197
11334,7138,root,0,NA,NA,7138,32.317
11335,18661,root,0,NA,NA,18661,32.3149
11336,1421,root,0,NA,NA,1421,32.314
11337,191,root,0,NA,NA,191,32.3106
11338,8805,root,0,NA,NA,8805,32.3043
11339,8756,root,0,NA,NA,8756,32.3026
11340,9966,root,0,NA,NA,9966,32.3011
11341,8658,root,0,NA,NA,8658,32.2983
11342,18666,root,0,NA,NA,18666,32.2941
11343,5363,root,0,NA,NA,5363,32.2936
11344,4711,root,0,NA,NA,4711,32.2923
11345,9554,root,0,NA,NA,9554,32.283
11346,1950,root,0,NA,NA,1950,32.2828
11347,8730,root,0,NA,NA,8730,32.28
11348,16629,root,0,NA,NA,16629,32.2742
11349,6573,root,0,NA,NA,6573,32.2721
11350,2075,root,0,NA,NA,2075,32.2705
11351,7114,root,0,NA,NA,7114,32.2611
11352,14298,root,0,NA,NA,14298,32.2591
11353,11029,root,0,NA,NA,11029,32.2591
11354,11434,root,0,NA,NA,11434,32.2584
11355,3259,root,0,NA,NA,3259,32.2567
11356,14479,root,0,NA,NA,14479,32.2556
11357,11765,root,0,NA,NA,11765,32.2496
11358,978,root,0,NA,NA,978,32.2462
11359,2753,root,0,NA,NA,2753,32.2444
11360,13893,root,0,NA,NA,13893,32.2436
11361,17122,root,0,NA,NA,17122,32.2429
11362,15238,root,0,NA,NA,15238,32.2367
11363,8383,root,0,NA,NA,8383,32.2345
11364,8397,root,0,NA,NA,8397,32.2312
11365,8729,root,0,NA,NA,8729,32.2303
11366,9330,root,0,NA,NA,9330,32.2282
11367,18107,root,0,NA,NA,18107,32.2277
11368,17093,root,0,NA,NA,17093,32.2272
11369,3601,root,0,NA,NA,3601,32.2233
11370,11206,root,0,NA,NA,11206,32.2168
11371,9973,root,0,NA,NA,9973,32.2166
11372,15272,root,0,NA,NA,15272,32.2141
11373,9646,root,0,NA,NA,9646,32.2128
11374,19963,root,0,NA,NA,19963,32.2122
11375,10130,root,0,NA,NA,10130,32.205
11376,8969,root,0,NA,NA,8969,32.2044
11377,13112,root,0,NA,NA,13112,32.2043
11378,14200,root,0,NA,NA,14200,32.2019
11379,11319,root,0,NA,NA,11319,32.1968
11380,8309,root,0,NA,NA,8309,32.1956
11381,8753,root,0,NA,NA,8753,32.1953
11382,11396,root,0,NA,NA,11396,32.1952
11383,13192,root,0,NA,NA,13192,32.1939
11384,9546,root,0,NA,NA,9546,32.1926
11385,2195,root,0,NA,NA,2195,32.1891
11386,7676,root,0,NA,NA,7676,32.1876
11387,13824,root,0,NA,NA,13824,32.1835
11388,1856,root,0,NA,NA,1856,32.1828
11389,13666,root,0,NA,NA,13666,32.1795
11390,17468,root,0,NA,NA,17468,32.1795
11391,2489,root,0,NA,NA,2489,32.1793
11392,11027,root,0,NA,NA,11027,32.1765
11393,6807,root,0,NA,NA,6807,32.1759
11394,6356,root,0,NA,NA,6356,32.1759
11395,316,root,0,NA,NA,316,32.1728
11396,12427,root,0,NA,NA,12427,32.1635
11397,15042,root,0,NA,NA,15042,32.155
11398,7998,root,0,NA,NA,7998,32.1532
11399,8659,root,0,NA,NA,8659,32.1524
11400,3724,root,0,NA,NA,3724,32.1521
11401,7423,root,0,NA,NA,7423,32.145
11402,8184,root,0,NA,NA,8184,32.1348
11403,15067,root,0,NA,NA,15067,32.1282
11404,18266,root,0,NA,NA,18266,32.1263
11405,10039,root,0,NA,NA,10039,32.1254
11406,8307,root,0,NA,NA,8307,32.1238
11407,11715,root,0,NA,NA,11715,32.1228
11408,5676,root,0,NA,NA,5676,32.1199
11409,5684,root,0,NA,NA,5684,32.1199
11410,5697,root,0,NA,NA,5697,32.1199
11411,13135,root,0,NA,NA,13135,32.1174
11412,17595,root,0,NA,NA,17595,32.1162
11413,12452,root,0,NA,NA,12452,32.1153
11414,5716,root,0,NA,NA,5716,32.1152
11415,19839,root,0,NA,NA,19839,32.1144
11416,426,root,0,NA,NA,426,32.1073
11417,9331,root,0,NA,NA,9331,32.107
11418,17080,root,0,NA,NA,17080,32.1066
11419,10958,root,0,NA,NA,10958,32.1053
11420,45,root,0,NA,NA,45,32.1013
11421,79,root,0,NA,NA,79,32.1013
11422,6149,root,0,NA,NA,6149,32.0994
11423,9185,root,0,NA,NA,9185,32.0961
11424,13195,root,0,NA,NA,13195,32.0915
11425,9344,root,0,NA,NA,9344,32.0896
11426,12895,root,0,NA,NA,12895,32.0853
11427,18714,root,0,NA,NA,18714,32.0848
11428,10185,root,0,NA,NA,10185,32.0815
11429,8305,root,0,NA,NA,8305,32.0797
11430,11394,root,0,NA,NA,11394,32.0724
11431,4855,root,0,NA,NA,4855,32.0712
11432,14515,root,0,NA,NA,14515,32.0712
11433,9672,root,0,NA,NA,9672,32.0605
11434,10443,root,0,NA,NA,10443,32.0594
11435,6238,root,0,NA,NA,6238,32.0549
11436,4315,root,0,NA,NA,4315,32.05
11437,7671,root,0,NA,NA,7671,32.043
11438,7530,root,0,NA,NA,7530,32.0414
11439,10297,root,0,NA,NA,10297,32.0376
11440,2059,root,0,NA,NA,2059,32.029
11441,8972,root,0,NA,NA,8972,32.0269
11442,10179,root,0,NA,NA,10179,32.0266
11443,6364,root,0,NA,NA,6364,32.026
11444,9703,root,0,NA,NA,9703,32.0245
11445,14667,root,0,NA,NA,14667,32.0233
11446,5439,root,0,NA,NA,5439,32.0199
11447,17534,root,0,NA,NA,17534,32.0172
11448,5422,root,0,NA,NA,5422,32.0134
11449,1172,root,0,NA,NA,1172,32.0105
11450,13870,root,0,NA,NA,13870,32.0072
11451,16644,root,0,NA,NA,16644,32.0028
11452,15354,root,0,NA,NA,15354,32.0013
11453,6693,root,0,NA,NA,6693,31.996
11454,4887,root,0,NA,NA,4887,31.9936
11455,18162,root,0,NA,NA,18162,31.9899
11456,6304,root,0,NA,NA,6304,31.985
11457,18603,root,0,NA,NA,18603,31.9783
11458,12977,root,0,NA,NA,12977,31.9763
11459,15421,root,0,NA,NA,15421,31.9761
11460,3162,root,0,NA,NA,3162,31.976
11461,3219,root,0,NA,NA,3219,31.9748
11462,3544,root,0,NA,NA,3544,31.9699
11463,8024,root,0,NA,NA,8024,31.9622
11464,13073,root,0,NA,NA,13073,31.9496
11465,18471,root,0,NA,NA,18471,31.9481
11466,16512,root,0,NA,NA,16512,31.9414
11467,1762,root,0,NA,NA,1762,31.9414
11468,1783,root,0,NA,NA,1783,31.9414
11469,5624,root,0,NA,NA,5624,31.9411
11470,6156,root,0,NA,NA,6156,31.9371
11471,5450,root,0,NA,NA,5450,31.9347
11472,15199,root,0,NA,NA,15199,31.9338
11473,11676,root,0,NA,NA,11676,31.9333
11474,12772,root,0,NA,NA,12772,31.93
11475,9761,root,0,NA,NA,9761,31.9246
11476,1400,root,0,NA,NA,1400,31.9228
11477,15959,root,0,NA,NA,15959,31.9217
11478,12137,root,0,NA,NA,12137,31.9201
11479,2162,root,0,NA,NA,2162,31.919
11480,4076,root,0,NA,NA,4076,31.9182
11481,1724,root,0,NA,NA,1724,31.9164
11482,6521,root,0,NA,NA,6521,31.916
11483,5467,root,0,NA,NA,5467,31.9159
11484,5472,root,0,NA,NA,5472,31.9159
11485,5475,root,0,NA,NA,5475,31.9159
11486,5480,root,0,NA,NA,5480,31.9159
11487,5488,root,0,NA,NA,5488,31.9159
11488,15769,root,0,NA,NA,15769,31.9104
11489,10091,root,0,NA,NA,10091,31.9052
11490,7673,root,0,NA,NA,7673,31.905
11491,9160,root,0,NA,NA,9160,31.8972
11492,11658,root,0,NA,NA,11658,31.897
11493,17485,root,0,NA,NA,17485,31.8967
11494,11099,root,0,NA,NA,11099,31.896
11495,5970,root,0,NA,NA,5970,31.8958
11496,5983,root,0,NA,NA,5983,31.8958
11497,9601,root,0,NA,NA,9601,31.8907
11498,19322,root,0,NA,NA,19322,31.8906
11499,9909,root,0,NA,NA,9909,31.8837
11500,13044,root,0,NA,NA,13044,31.8833
11501,11190,root,0,NA,NA,11190,31.8832
11502,6720,root,0,NA,NA,6720,31.8827
11503,9549,root,0,NA,NA,9549,31.881
11504,12616,root,0,NA,NA,12616,31.8808
11505,12451,root,0,NA,NA,12451,31.8806
11506,17127,root,0,NA,NA,17127,31.8775
11507,7744,root,0,NA,NA,7744,31.8761
11508,10552,root,0,NA,NA,10552,31.874
11509,2760,root,0,NA,NA,2760,31.8736
11510,2773,root,0,NA,NA,2773,31.8736
11511,10327,root,0,NA,NA,10327,31.8731
11512,14166,root,0,NA,NA,14166,31.8699
11513,5528,root,0,NA,NA,5528,31.8657
11514,78,root,0,NA,NA,78,31.8635
11515,11735,root,0,NA,NA,11735,31.8605
11516,8028,root,0,NA,NA,8028,31.8564
11517,9402,root,0,NA,NA,9402,31.8519
11518,10980,root,0,NA,NA,10980,31.8488
11519,7445,root,0,NA,NA,7445,31.8463
11520,2159,root,0,NA,NA,2159,31.8453
11521,13117,root,0,NA,NA,13117,31.8451
11522,3795,root,0,NA,NA,3795,31.8428
11523,11640,root,0,NA,NA,11640,31.8397
11524,3848,root,0,NA,NA,3848,31.8394
11525,1140,root,0,NA,NA,1140,31.8362
11526,19832,root,0,NA,NA,19832,31.8355
11527,9427,root,0,NA,NA,9427,31.8343
11528,5782,root,0,NA,NA,5782,31.8326
11529,10951,root,0,NA,NA,10951,31.8274
11530,7845,root,0,NA,NA,7845,31.8259
11531,10950,root,0,NA,NA,10950,31.8242
11532,9037,root,0,NA,NA,9037,31.8223
11533,13782,root,0,NA,NA,13782,31.8192
11534,12672,root,0,NA,NA,12672,31.8168
11535,10387,root,0,NA,NA,10387,31.8145
11536,5917,root,0,NA,NA,5917,31.8103
11537,4604,root,0,NA,NA,4604,31.8035
11538,12962,root,0,NA,NA,12962,31.8026
11539,13732,root,0,NA,NA,13732,31.8016
11540,9341,root,0,NA,NA,9341,31.8014
11541,8716,root,0,NA,NA,8716,31.8013
11542,18555,root,0,NA,NA,18555,31.8003
11543,3182,root,0,NA,NA,3182,31.799
11544,8745,root,0,NA,NA,8745,31.7954
11545,4795,root,0,NA,NA,4795,31.795
11546,11159,root,0,NA,NA,11159,31.7898
11547,1363,root,0,NA,NA,1363,31.7892
11548,12265,root,0,NA,NA,12265,31.7843
11549,9563,root,0,NA,NA,9563,31.7737
11550,14892,root,0,NA,NA,14892,31.7676
11551,18447,root,0,NA,NA,18447,31.7664
11552,18753,root,0,NA,NA,18753,31.7632
11553,16531,root,0,NA,NA,16531,31.7584
11554,13023,root,0,NA,NA,13023,31.7573
11555,11790,root,0,NA,NA,11790,31.7499
11556,350,root,0,NA,NA,350,31.7479
11557,11216,root,0,NA,NA,11216,31.7458
11558,16116,root,0,NA,NA,16116,31.7434
11559,12057,root,0,NA,NA,12057,31.7366
11560,12020,root,0,NA,NA,12020,31.7338
11561,15847,root,0,NA,NA,15847,31.7326
11562,11621,root,0,NA,NA,11621,31.7318
11563,9955,root,0,NA,NA,9955,31.7318
11564,4348,root,0,NA,NA,4348,31.7298
11565,10635,root,0,NA,NA,10635,31.7228
11566,4311,root,0,NA,NA,4311,31.7203
11567,14409,root,0,NA,NA,14409,31.7199
11568,15611,root,0,NA,NA,15611,31.7193
11569,936,root,0,NA,NA,936,31.7177
11570,7331,root,0,NA,NA,7331,31.7158
11571,12030,root,0,NA,NA,12030,31.7093
11572,7582,root,0,NA,NA,7582,31.7067
11573,16926,root,0,NA,NA,16926,31.6998
11574,10485,root,0,NA,NA,10485,31.6926
11575,19145,root,0,NA,NA,19145,31.6902
11576,11138,root,0,NA,NA,11138,31.6884
11577,8601,root,0,NA,NA,8601,31.6876
11578,16095,root,0,NA,NA,16095,31.6876
11579,9169,root,0,NA,NA,9169,31.6869
11580,13371,root,0,NA,NA,13371,31.6857
11581,1538,root,0,NA,NA,1538,31.6845
11582,15075,root,0,NA,NA,15075,31.6812
11583,9338,root,0,NA,NA,9338,31.6794
11584,18458,root,0,NA,NA,18458,31.6738
11585,10722,root,0,NA,NA,10722,31.6707
11586,19346,root,0,NA,NA,19346,31.663
11587,3199,root,0,NA,NA,3199,31.6619
11588,3212,root,0,NA,NA,3212,31.6619
11589,3225,root,0,NA,NA,3225,31.6619
11590,3233,root,0,NA,NA,3233,31.6619
11591,9912,root,0,NA,NA,9912,31.6615
11592,3939,root,0,NA,NA,3939,31.6594
11593,11690,root,0,NA,NA,11690,31.6582
11594,2313,root,0,NA,NA,2313,31.657
11595,18123,root,0,NA,NA,18123,31.6564
11596,4801,root,0,NA,NA,4801,31.6515
11597,13360,root,0,NA,NA,13360,31.6501
11598,11317,root,0,NA,NA,11317,31.6452
11599,11912,root,0,NA,NA,11912,31.6437
11600,11867,root,0,NA,NA,11867,31.6399
11601,16054,root,0,NA,NA,16054,31.6392
11602,2402,root,0,NA,NA,2402,31.6367
11603,14158,root,0,NA,NA,14158,31.6367
11604,18043,root,0,NA,NA,18043,31.6354
11605,12182,root,0,NA,NA,12182,31.6324
11606,6850,root,0,NA,NA,6850,31.6322
11607,18444,root,0,NA,NA,18444,31.6246
11608,1870,root,0,NA,NA,1870,31.6139
11609,10753,root,0,NA,NA,10753,31.6074
11610,9118,root,0,NA,NA,9118,31.6073
11611,13417,root,0,NA,NA,13417,31.6056
11612,15439,root,0,NA,NA,15439,31.6051
11613,10688,root,0,NA,NA,10688,31.6044
11614,11490,root,0,NA,NA,11490,31.6003
11615,7113,root,0,NA,NA,7113,31.5978
11616,14904,root,0,NA,NA,14904,31.5974
11617,185,root,0,NA,NA,185,31.5961
11618,16942,root,0,NA,NA,16942,31.5793
11619,2499,root,0,NA,NA,2499,31.5743
11620,6453,root,0,NA,NA,6453,31.5693
11621,10303,root,0,NA,NA,10303,31.555
11622,13374,root,0,NA,NA,13374,31.5433
11623,18306,root,0,NA,NA,18306,31.5404
11624,11193,root,0,NA,NA,11193,31.538
11625,10893,root,0,NA,NA,10893,31.5366
11626,19079,root,0,NA,NA,19079,31.5362
11627,15593,root,0,NA,NA,15593,31.5289
11628,6094,root,0,NA,NA,6094,31.5256
11629,9921,root,0,NA,NA,9921,31.5249
11630,8510,root,0,NA,NA,8510,31.5248
11631,19450,root,0,NA,NA,19450,31.5201
11632,17196,root,0,NA,NA,17196,31.5186
11633,748,root,0,NA,NA,748,31.5178
11634,6369,root,0,NA,NA,6369,31.5162
11635,9818,root,0,NA,NA,9818,31.5158
11636,12289,root,0,NA,NA,12289,31.5147
11637,8533,root,0,NA,NA,8533,31.5141
11638,7728,root,0,NA,NA,7728,31.5077
11639,19508,root,0,NA,NA,19508,31.5048
11640,9206,root,0,NA,NA,9206,31.5043
11641,13060,root,0,NA,NA,13060,31.5017
11642,6177,root,0,NA,NA,6177,31.498
11643,16068,root,0,NA,NA,16068,31.4929
11644,12841,root,0,NA,NA,12841,31.4928
11645,11158,root,0,NA,NA,11158,31.4893
11646,12488,root,0,NA,NA,12488,31.4823
11647,11470,root,0,NA,NA,11470,31.4797
11648,18332,root,0,NA,NA,18332,31.4766
11649,90,root,0,NA,NA,90,31.4702
11650,19715,root,0,NA,NA,19715,31.4676
11651,17088,root,0,NA,NA,17088,31.4667
11652,1553,root,0,NA,NA,1553,31.4613
11653,1093,root,0,NA,NA,1093,31.4584
11654,16958,root,0,NA,NA,16958,31.4583
11655,18032,root,0,NA,NA,18032,31.4374
11656,6348,root,0,NA,NA,6348,31.4372
11657,4379,root,0,NA,NA,4379,31.4345
11658,3507,root,0,NA,NA,3507,31.4337
11659,12074,root,0,NA,NA,12074,31.4297
11660,10789,root,0,NA,NA,10789,31.4269
11661,12751,root,0,NA,NA,12751,31.4195
11662,3473,root,0,NA,NA,3473,31.4187
11663,7973,root,0,NA,NA,7973,31.4187
11664,11358,root,0,NA,NA,11358,31.4178
11665,8721,root,0,NA,NA,8721,31.4154
11666,8565,root,0,NA,NA,8565,31.4095
11667,14611,root,0,NA,NA,14611,31.4086
11668,5594,root,0,NA,NA,5594,31.4069
11669,8210,root,0,NA,NA,8210,31.4069
11670,601,root,0,NA,NA,601,31.4063
11671,1813,root,0,NA,NA,1813,31.4019
11672,10217,root,0,NA,NA,10217,31.4012
11673,14616,root,0,NA,NA,14616,31.3954
11674,10333,root,0,NA,NA,10333,31.3952
11675,7356,root,0,NA,NA,7356,31.3905
11676,17407,root,0,NA,NA,17407,31.3904
11677,7111,root,0,NA,NA,7111,31.3896
11678,11122,root,0,NA,NA,11122,31.3856
11679,18910,root,0,NA,NA,18910,31.3816
11680,11320,root,0,NA,NA,11320,31.3807
11681,7928,root,0,NA,NA,7928,31.3791
11682,9589,root,0,NA,NA,9589,31.3775
11683,10311,root,0,NA,NA,10311,31.376
11684,6945,root,0,NA,NA,6945,31.3755
11685,9665,root,0,NA,NA,9665,31.3744
11686,7239,root,0,NA,NA,7239,31.3731
11687,14565,root,0,NA,NA,14565,31.3646
11688,18692,root,0,NA,NA,18692,31.3645
11689,3469,root,0,NA,NA,3469,31.3638
11690,3474,root,0,NA,NA,3474,31.3638
11691,3477,root,0,NA,NA,3477,31.3638
11692,3482,root,0,NA,NA,3482,31.3638
11693,3490,root,0,NA,NA,3490,31.3638
11694,3495,root,0,NA,NA,3495,31.3638
11695,3498,root,0,NA,NA,3498,31.3638
11696,3503,root,0,NA,NA,3503,31.3638
11697,3508,root,0,NA,NA,3508,31.3638
11698,12311,root,0,NA,NA,12311,31.3622
11699,12259,root,0,NA,NA,12259,31.3592
11700,14376,root,0,NA,NA,14376,31.3575
11701,10653,root,0,NA,NA,10653,31.3575
11702,17153,root,0,NA,NA,17153,31.3562
11703,11455,root,0,NA,NA,11455,31.3544
11704,4903,root,0,NA,NA,4903,31.3526
11705,15515,root,0,NA,NA,15515,31.3523
11706,14013,root,0,NA,NA,14013,31.3521
11707,16043,root,0,NA,NA,16043,31.3475
11708,14226,root,0,NA,NA,14226,31.3472
11709,13163,root,0,NA,NA,13163,31.3455
11710,12695,root,0,NA,NA,12695,31.3446
11711,4068,root,0,NA,NA,4068,31.3438
11712,9247,root,0,NA,NA,9247,31.3338
11713,9275,root,0,NA,NA,9275,31.3302
11714,10138,root,0,NA,NA,10138,31.3295
11715,2669,root,0,NA,NA,2669,31.3251
11716,9582,root,0,NA,NA,9582,31.3244
11717,6565,root,0,NA,NA,6565,31.3232
11718,8699,root,0,NA,NA,8699,31.3179
11719,11311,root,0,NA,NA,11311,31.3121
11720,11628,root,0,NA,NA,11628,31.3119
11721,14221,root,0,NA,NA,14221,31.3104
11722,9543,root,0,NA,NA,9543,31.3103
11723,13422,root,0,NA,NA,13422,31.31
11724,10573,root,0,NA,NA,10573,31.3085
11725,11803,root,0,NA,NA,11803,31.3063
11726,18759,root,0,NA,NA,18759,31.3052
11727,14494,root,0,NA,NA,14494,31.3013
11728,13240,root,0,NA,NA,13240,31.3005
11729,16830,root,0,NA,NA,16830,31.2995
11730,11270,root,0,NA,NA,11270,31.2981
11731,10825,root,0,NA,NA,10825,31.2963
11732,9523,root,0,NA,NA,9523,31.2908
11733,14651,root,0,NA,NA,14651,31.2903
11734,10316,root,0,NA,NA,10316,31.2887
11735,9371,root,0,NA,NA,9371,31.2877
11736,12756,root,0,NA,NA,12756,31.287
11737,8630,root,0,NA,NA,8630,31.2832
11738,17268,root,0,NA,NA,17268,31.2825
11739,12395,root,0,NA,NA,12395,31.2824
11740,9336,root,0,NA,NA,9336,31.2804
11741,6185,root,0,NA,NA,6185,31.2792
11742,16852,root,0,NA,NA,16852,31.2738
11743,13829,root,0,NA,NA,13829,31.2708
11744,2572,root,0,NA,NA,2572,31.2702
11745,9587,root,0,NA,NA,9587,31.2699
11746,960,root,0,NA,NA,960,31.2681
11747,11723,root,0,NA,NA,11723,31.2675
11748,7265,root,0,NA,NA,7265,31.2654
11749,9166,root,0,NA,NA,9166,31.2643
11750,14469,root,0,NA,NA,14469,31.2621
11751,11927,root,0,NA,NA,11927,31.2573
11752,5649,root,0,NA,NA,5649,31.2563
11753,2083,root,0,NA,NA,2083,31.255
11754,14718,root,0,NA,NA,14718,31.2539
11755,18307,root,0,NA,NA,18307,31.2536
11756,16789,root,0,NA,NA,16789,31.2516
11757,12170,root,0,NA,NA,12170,31.2507
11758,13498,root,0,NA,NA,13498,31.2504
11759,4553,root,0,NA,NA,4553,31.2473
11760,4793,root,0,NA,NA,4793,31.2457
11761,6762,root,0,NA,NA,6762,31.2446
11762,9991,root,0,NA,NA,9991,31.2423
11763,10743,root,0,NA,NA,10743,31.237
11764,1745,root,0,NA,NA,1745,31.2318
11765,16204,root,0,NA,NA,16204,31.2229
11766,8580,root,0,NA,NA,8580,31.2226
11767,6460,root,0,NA,NA,6460,31.222
11768,9904,root,0,NA,NA,9904,31.2156
11769,15394,root,0,NA,NA,15394,31.214
11770,5180,root,0,NA,NA,5180,31.2133
11771,17594,root,0,NA,NA,17594,31.2087
11772,9252,root,0,NA,NA,9252,31.2046
11773,638,root,0,NA,NA,638,31.2045
11774,6295,root,0,NA,NA,6295,31.2038
11775,8297,root,0,NA,NA,8297,31.1998
11776,9712,root,0,NA,NA,9712,31.1972
11777,7211,root,0,NA,NA,7211,31.197
11778,9639,root,0,NA,NA,9639,31.1939
11779,18168,root,0,NA,NA,18168,31.193
11780,16081,root,0,NA,NA,16081,31.1898
11781,8664,root,0,NA,NA,8664,31.1828
11782,9967,root,0,NA,NA,9967,31.1827
11783,15561,root,0,NA,NA,15561,31.1789
11784,5196,root,0,NA,NA,5196,31.1781
11785,10187,root,0,NA,NA,10187,31.1759
11786,5020,root,0,NA,NA,5020,31.1746
11787,11201,root,0,NA,NA,11201,31.171
11788,7591,root,0,NA,NA,7591,31.1709
11789,7068,root,0,NA,NA,7068,31.1602
11790,2290,root,0,NA,NA,2290,31.1416
11791,9312,root,0,NA,NA,9312,31.1398
11792,10351,root,0,NA,NA,10351,31.1381
11793,5108,root,0,NA,NA,5108,31.1352
11794,5121,root,0,NA,NA,5121,31.1352
11795,6721,root,0,NA,NA,6721,31.1347
11796,6726,root,0,NA,NA,6726,31.1347
11797,6729,root,0,NA,NA,6729,31.1347
11798,6734,root,0,NA,NA,6734,31.1347
11799,11842,root,0,NA,NA,11842,31.1318
11800,9193,root,0,NA,NA,9193,31.1194
11801,17069,root,0,NA,NA,17069,31.115
11802,57,root,0,NA,NA,57,31.1146
11803,8593,root,0,NA,NA,8593,31.1145
11804,133,root,0,NA,NA,133,31.1142
11805,9821,root,0,NA,NA,9821,31.1073
11806,1722,root,0,NA,NA,1722,31.1054
11807,11316,root,0,NA,NA,11316,31.1036
11808,17467,root,0,NA,NA,17467,31.1035
11809,15652,root,0,NA,NA,15652,31.0978
11810,15750,root,0,NA,NA,15750,31.0951
11811,5612,root,0,NA,NA,5612,31.088
11812,13857,root,0,NA,NA,13857,31.083
11813,13201,root,0,NA,NA,13201,31.0802
11814,7970,root,0,NA,NA,7970,31.0785
11815,8536,root,0,NA,NA,8536,31.0736
11816,10565,root,0,NA,NA,10565,31.0715
11817,10260,root,0,NA,NA,10260,31.0706
11818,10575,root,0,NA,NA,10575,31.0695
11819,13748,root,0,NA,NA,13748,31.0691
11820,4136,root,0,NA,NA,4136,31.0661
11821,9516,root,0,NA,NA,9516,31.0625
11822,10682,root,0,NA,NA,10682,31.0623
11823,111,root,0,NA,NA,111,31.0617
11824,12062,root,0,NA,NA,12062,31.0597
11825,11777,root,0,NA,NA,11777,31.0595
11826,13006,root,0,NA,NA,13006,31.0558
11827,6735,root,0,NA,NA,6735,31.0523
11828,18175,root,0,NA,NA,18175,31.0515
11829,16949,root,0,NA,NA,16949,31.051
11830,13951,root,0,NA,NA,13951,31.0493
11831,3740,root,0,NA,NA,3740,31.0468
11832,16810,root,0,NA,NA,16810,31.0459
11833,17735,root,0,NA,NA,17735,31.0454
11834,19270,root,0,NA,NA,19270,31.0378
11835,8185,root,0,NA,NA,8185,31.0354
11836,17393,root,0,NA,NA,17393,31.0327
11837,6191,root,0,NA,NA,6191,31.032
11838,10030,root,0,NA,NA,10030,31.0298
11839,2210,root,0,NA,NA,2210,31.0297
11840,9901,root,0,NA,NA,9901,31.0273
11841,8816,root,0,NA,NA,8816,31.0251
11842,11160,root,0,NA,NA,11160,31.0189
11843,11173,root,0,NA,NA,11173,31.0179
11844,8724,root,0,NA,NA,8724,31.0152
11845,9910,root,0,NA,NA,9910,31.0083
11846,2020,root,0,NA,NA,2020,30.998
11847,8941,root,0,NA,NA,8941,30.9972
11848,17091,root,0,NA,NA,17091,30.9967
11849,7897,root,0,NA,NA,7897,30.9866
11850,13070,root,0,NA,NA,13070,30.9852
11851,7612,root,0,NA,NA,7612,30.984
11852,13785,root,0,NA,NA,13785,30.9795
11853,13312,root,0,NA,NA,13312,30.9704
11854,9551,root,0,NA,NA,9551,30.9691
11855,14714,root,0,NA,NA,14714,30.9669
11856,11834,root,0,NA,NA,11834,30.9667
11857,7015,root,0,NA,NA,7015,30.9646
11858,13860,root,0,NA,NA,13860,30.963
11859,14454,root,0,NA,NA,14454,30.9606
11860,17870,root,0,NA,NA,17870,30.9588
11861,2792,root,0,NA,NA,2792,30.9532
11862,12279,root,0,NA,NA,12279,30.9521
11863,2894,root,0,NA,NA,2894,30.9517
11864,14343,root,0,NA,NA,14343,30.9472
11865,12679,root,0,NA,NA,12679,30.9468
11866,4630,root,0,NA,NA,4630,30.9434
11867,6256,root,0,NA,NA,6256,30.9427
11868,7969,root,0,NA,NA,7969,30.9424
11869,13082,root,0,NA,NA,13082,30.9392
11870,19829,root,0,NA,NA,19829,30.9389
11871,17988,root,0,NA,NA,17988,30.9356
11872,8302,root,0,NA,NA,8302,30.9354
11873,6361,root,0,NA,NA,6361,30.931
11874,19442,root,0,NA,NA,19442,30.9262
11875,7791,root,0,NA,NA,7791,30.9226
11876,15488,root,0,NA,NA,15488,30.9163
11877,15072,root,0,NA,NA,15072,30.9152
11878,19960,root,0,NA,NA,19960,30.9151
11879,18363,root,0,NA,NA,18363,30.9113
11880,7707,root,0,NA,NA,7707,30.9112
11881,12474,root,0,NA,NA,12474,30.9059
11882,2720,root,0,NA,NA,2720,30.903
11883,2741,root,0,NA,NA,2741,30.903
11884,11958,root,0,NA,NA,11958,30.8969
11885,3106,root,0,NA,NA,3106,30.8872
11886,9342,root,0,NA,NA,9342,30.8831
11887,7350,root,0,NA,NA,7350,30.8814
11888,10703,root,0,NA,NA,10703,30.8793
11889,15404,root,0,NA,NA,15404,30.8771
11890,900,root,0,NA,NA,900,30.8767
11891,9935,root,0,NA,NA,9935,30.875
11892,16606,root,0,NA,NA,16606,30.8746
11893,10111,root,0,NA,NA,10111,30.8729
11894,8857,root,0,NA,NA,8857,30.8694
11895,16300,root,0,NA,NA,16300,30.8659
11896,10171,root,0,NA,NA,10171,30.8604
11897,8808,root,0,NA,NA,8808,30.8591
11898,1583,root,0,NA,NA,1583,30.8525
11899,11497,root,0,NA,NA,11497,30.8519
11900,14459,root,0,NA,NA,14459,30.8441
11901,2196,root,0,NA,NA,2196,30.8401
11902,11143,root,0,NA,NA,11143,30.831
11903,10317,root,0,NA,NA,10317,30.8304
11904,7320,root,0,NA,NA,7320,30.8299
11905,7333,root,0,NA,NA,7333,30.8299
11906,305,root,0,NA,NA,305,30.8287
11907,9413,root,0,NA,NA,9413,30.8282
11908,15974,root,0,NA,NA,15974,30.8234
11909,6719,root,0,NA,NA,6719,30.821
11910,169,root,0,NA,NA,169,30.8204
11911,12045,root,0,NA,NA,12045,30.8177
11912,7787,root,0,NA,NA,7787,30.8155
11913,10005,root,0,NA,NA,10005,30.8131
11914,10953,root,0,NA,NA,10953,30.8105
11915,9333,root,0,NA,NA,9333,30.8098
11916,17306,root,0,NA,NA,17306,30.8045
11917,14047,root,0,NA,NA,14047,30.7981
11918,6046,root,0,NA,NA,6046,30.7966
11919,13403,root,0,NA,NA,13403,30.7935
11920,11634,root,0,NA,NA,11634,30.7889
11921,11608,root,0,NA,NA,11608,30.7887
11922,5828,root,0,NA,NA,5828,30.7869
11923,15069,root,0,NA,NA,15069,30.778
11924,4920,root,0,NA,NA,4920,30.7775
11925,13336,root,0,NA,NA,13336,30.7772
11926,10122,root,0,NA,NA,10122,30.775
11927,19489,root,0,NA,NA,19489,30.7562
11928,10190,root,0,NA,NA,10190,30.7554
11929,7295,root,0,NA,NA,7295,30.75
11930,7207,root,0,NA,NA,7207,30.749
11931,8618,root,0,NA,NA,8618,30.7422
11932,7767,root,0,NA,NA,7767,30.7394
11933,11978,root,0,NA,NA,11978,30.7356
11934,9240,root,0,NA,NA,9240,30.733
11935,9902,root,0,NA,NA,9902,30.7304
11936,11024,root,0,NA,NA,11024,30.7304
11937,14979,root,0,NA,NA,14979,30.7265
11938,7237,root,0,NA,NA,7237,30.7259
11939,12975,root,0,NA,NA,12975,30.7233
11940,8698,root,0,NA,NA,8698,30.7216
11941,13443,root,0,NA,NA,13443,30.7161
11942,4532,root,0,NA,NA,4532,30.7159
11943,5984,root,0,NA,NA,5984,30.7126
11944,8823,root,0,NA,NA,8823,30.7115
11945,2432,root,0,NA,NA,2432,30.7051
11946,2437,root,0,NA,NA,2437,30.7051
11947,2440,root,0,NA,NA,2440,30.7051
11948,2445,root,0,NA,NA,2445,30.7051
11949,2448,root,0,NA,NA,2448,30.7051
11950,2453,root,0,NA,NA,2453,30.7051
11951,2458,root,0,NA,NA,2458,30.7051
11952,2461,root,0,NA,NA,2461,30.7051
11953,2466,root,0,NA,NA,2466,30.7051
11954,2471,root,0,NA,NA,2471,30.7051
11955,2474,root,0,NA,NA,2474,30.7051
11956,2651,root,0,NA,NA,2651,30.7006
11957,2383,root,0,NA,NA,2383,30.6987
11958,18364,root,0,NA,NA,18364,30.6961
11959,853,root,0,NA,NA,853,30.6882
11960,8880,root,0,NA,NA,8880,30.6876
11961,18327,root,0,NA,NA,18327,30.6874
11962,10630,root,0,NA,NA,10630,30.6844
11963,1711,root,0,NA,NA,1711,30.6805
11964,11524,root,0,NA,NA,11524,30.6799
11965,4457,root,0,NA,NA,4457,30.675
11966,11187,root,0,NA,NA,11187,30.6736
11967,2813,root,0,NA,NA,2813,30.6673
11968,19121,root,0,NA,NA,19121,30.6633
11969,10070,root,0,NA,NA,10070,30.6596
11970,18234,root,0,NA,NA,18234,30.6561
11971,13259,root,0,NA,NA,13259,30.6559
11972,12388,root,0,NA,NA,12388,30.6447
11973,13687,root,0,NA,NA,13687,30.6429
11974,14704,root,0,NA,NA,14704,30.6403
11975,5808,root,0,NA,NA,5808,30.6396
11976,8055,root,0,NA,NA,8055,30.6375
11977,19014,root,0,NA,NA,19014,30.6364
11978,10346,root,0,NA,NA,10346,30.6333
11979,6481,root,0,NA,NA,6481,30.6301
11980,11603,root,0,NA,NA,11603,30.63
11981,16823,root,0,NA,NA,16823,30.6273
11982,15450,root,0,NA,NA,15450,30.6257
11983,12094,root,0,NA,NA,12094,30.6223
11984,4122,root,0,NA,NA,4122,30.6215
11985,11865,root,0,NA,NA,11865,30.6199
11986,9541,root,0,NA,NA,9541,30.6195
11987,14272,root,0,NA,NA,14272,30.6192
11988,8779,root,0,NA,NA,8779,30.614
11989,15879,root,0,NA,NA,15879,30.6087
11990,9320,root,0,NA,NA,9320,30.6074
11991,12023,root,0,NA,NA,12023,30.5987
11992,9137,root,0,NA,NA,9137,30.5982
11993,8052,root,0,NA,NA,8052,30.5936
11994,11091,root,0,NA,NA,11091,30.5914
11995,9298,root,0,NA,NA,9298,30.588
11996,13976,root,0,NA,NA,13976,30.5876
11997,17257,root,0,NA,NA,17257,30.5792
11998,8509,root,0,NA,NA,8509,30.5699
11999,8517,root,0,NA,NA,8517,30.5699
12000,17705,root,0,NA,NA,17705,30.5689
12001,8182,root,0,NA,NA,8182,30.5666
12002,4051,root,0,NA,NA,4051,30.5634
12003,19429,root,0,NA,NA,19429,30.5615
12004,11595,root,0,NA,NA,11595,30.5604
12005,18375,root,0,NA,NA,18375,30.5575
12006,15978,root,0,NA,NA,15978,30.5559
12007,18139,root,0,NA,NA,18139,30.5524
12008,13795,root,0,NA,NA,13795,30.5493
12009,17035,root,0,NA,NA,17035,30.547
12010,9112,root,0,NA,NA,9112,30.5454
12011,7610,root,0,NA,NA,7610,30.5447
12012,18548,root,0,NA,NA,18548,30.5442
12013,17613,root,0,NA,NA,17613,30.5427
12014,1466,root,0,NA,NA,1466,30.5418
12015,12163,root,0,NA,NA,12163,30.5346
12016,14198,root,0,NA,NA,14198,30.5325
12017,19350,root,0,NA,NA,19350,30.5308
12018,12120,root,0,NA,NA,12120,30.5296
12019,12581,root,0,NA,NA,12581,30.5292
12020,4561,root,0,NA,NA,4561,30.5254
12021,4582,root,0,NA,NA,4582,30.5254
12022,14320,root,0,NA,NA,14320,30.525
12023,10672,root,0,NA,NA,10672,30.5197
12024,2100,root,0,NA,NA,2100,30.5176
12025,14831,root,0,NA,NA,14831,30.5163
12026,12520,root,0,NA,NA,12520,30.5094
12027,5395,root,0,NA,NA,5395,30.5088
12028,10364,root,0,NA,NA,10364,30.5083
12029,17923,root,0,NA,NA,17923,30.5024
12030,4528,root,0,NA,NA,4528,30.5005
12031,190,root,0,NA,NA,190,30.5005
12032,16936,root,0,NA,NA,16936,30.5004
12033,14006,root,0,NA,NA,14006,30.4995
12034,2384,root,0,NA,NA,2384,30.4967
12035,11811,root,0,NA,NA,11811,30.4908
12036,4204,root,0,NA,NA,4204,30.4893
12037,6703,root,0,NA,NA,6703,30.4847
12038,16455,root,0,NA,NA,16455,30.4759
12039,14000,root,0,NA,NA,14000,30.454
12040,934,root,0,NA,NA,934,30.4511
12041,12245,root,0,NA,NA,12245,30.4508
12042,5751,root,0,NA,NA,5751,30.4496
12043,18366,root,0,NA,NA,18366,30.4468
12044,16131,root,0,NA,NA,16131,30.4461
12045,9242,root,0,NA,NA,9242,30.4366
12046,13405,root,0,NA,NA,13405,30.4286
12047,12260,root,0,NA,NA,12260,30.4258
12048,12594,root,0,NA,NA,12594,30.4257
12049,17238,root,0,NA,NA,17238,30.4208
12050,19412,root,0,NA,NA,19412,30.4174
12051,17514,root,0,NA,NA,17514,30.4016
12052,14156,root,0,NA,NA,14156,30.4003
12053,8961,root,0,NA,NA,8961,30.3984
12054,9036,root,0,NA,NA,9036,30.398
12055,13305,root,0,NA,NA,13305,30.3956
12056,3583,root,0,NA,NA,3583,30.3922
12057,3494,root,0,NA,NA,3494,30.3884
12058,11063,root,0,NA,NA,11063,30.3831
12059,7405,root,0,NA,NA,7405,30.3772
12060,4072,root,0,NA,NA,4072,30.3763
12061,8754,root,0,NA,NA,8754,30.3758
12062,884,root,0,NA,NA,884,30.3752
12063,7512,root,0,NA,NA,7512,30.3749
12064,10427,root,0,NA,NA,10427,30.3693
12065,10153,root,0,NA,NA,10153,30.3631
12066,12294,root,0,NA,NA,12294,30.3613
12067,12633,root,0,NA,NA,12633,30.3539
12068,12782,root,0,NA,NA,12782,30.3503
12069,12142,root,0,NA,NA,12142,30.3495
12070,12403,root,0,NA,NA,12403,30.3482
12071,10313,root,0,NA,NA,10313,30.3463
12072,5937,root,0,NA,NA,5937,30.3453
12073,11075,root,0,NA,NA,11075,30.3419
12074,12333,root,0,NA,NA,12333,30.3408
12075,14428,root,0,NA,NA,14428,30.3361
12076,18945,root,0,NA,NA,18945,30.3357
12077,16513,root,0,NA,NA,16513,30.3346
12078,10189,root,0,NA,NA,10189,30.3254
12079,9620,root,0,NA,NA,9620,30.3241
12080,2423,root,0,NA,NA,2423,30.3139
12081,12840,root,0,NA,NA,12840,30.3082
12082,3963,root,0,NA,NA,3963,30.3058
12083,6700,root,0,NA,NA,6700,30.305
12084,5707,root,0,NA,NA,5707,30.3023
12085,7332,root,0,NA,NA,7332,30.3021
12086,13632,root,0,NA,NA,13632,30.2956
12087,8948,root,0,NA,NA,8948,30.2816
12088,11410,root,0,NA,NA,11410,30.2814
12089,4109,root,0,NA,NA,4109,30.2806
12090,17136,root,0,NA,NA,17136,30.28
12091,16835,root,0,NA,NA,16835,30.28
12092,6426,root,0,NA,NA,6426,30.2798
12093,4410,root,0,NA,NA,4410,30.2796
12094,7132,root,0,NA,NA,7132,30.2784
12095,9077,root,0,NA,NA,9077,30.2743
12096,17070,root,0,NA,NA,17070,30.2738
12097,18957,root,0,NA,NA,18957,30.2704
12098,10315,root,0,NA,NA,10315,30.2595
12099,6561,root,0,NA,NA,6561,30.2583
12100,18711,root,0,NA,NA,18711,30.2529
12101,7435,root,0,NA,NA,7435,30.2508
12102,7824,root,0,NA,NA,7824,30.2451
12103,3690,root,0,NA,NA,3690,30.2446
12104,18818,root,0,NA,NA,18818,30.2419
12105,18379,root,0,NA,NA,18379,30.2415
12106,5747,root,0,NA,NA,5747,30.2373
12107,11150,root,0,NA,NA,11150,30.2371
12108,12741,root,0,NA,NA,12741,30.2322
12109,16377,root,0,NA,NA,16377,30.2316
12110,12944,root,0,NA,NA,12944,30.2314
12111,15205,root,0,NA,NA,15205,30.2307
12112,12806,root,0,NA,NA,12806,30.2197
12113,13559,root,0,NA,NA,13559,30.2166
12114,3451,root,0,NA,NA,3451,30.2157
12115,2485,root,0,NA,NA,2485,30.2136
12116,9999,root,0,NA,NA,9999,30.2131
12117,5916,root,0,NA,NA,5916,30.2127
12118,7334,root,0,NA,NA,7334,30.2122
12119,17231,root,0,NA,NA,17231,30.2074
12120,7232,root,0,NA,NA,7232,30.2061
12121,13766,root,0,NA,NA,13766,30.2002
12122,10143,root,0,NA,NA,10143,30.1997
12123,2791,root,0,NA,NA,2791,30.1982
12124,2812,root,0,NA,NA,2812,30.1982
12125,11805,root,0,NA,NA,11805,30.1978
12126,9475,root,0,NA,NA,9475,30.1961
12127,17637,root,0,NA,NA,17637,30.1913
12128,11861,root,0,NA,NA,11861,30.1908
12129,11675,root,0,NA,NA,11675,30.1861
12130,17779,root,0,NA,NA,17779,30.184
12131,11802,root,0,NA,NA,11802,30.1778
12132,7466,root,0,NA,NA,7466,30.1759
12133,8701,root,0,NA,NA,8701,30.1752
12134,12254,root,0,NA,NA,12254,30.1734
12135,1693,root,0,NA,NA,1693,30.1718
12136,6396,root,0,NA,NA,6396,30.1679
12137,10108,root,0,NA,NA,10108,30.1671
12138,12887,root,0,NA,NA,12887,30.1663
12139,10312,root,0,NA,NA,10312,30.1651
12140,8344,root,0,NA,NA,8344,30.1606
12141,17361,root,0,NA,NA,17361,30.1555
12142,3163,root,0,NA,NA,3163,30.1551
12143,3184,root,0,NA,NA,3184,30.1551
12144,9864,root,0,NA,NA,9864,30.1531
12145,10062,root,0,NA,NA,10062,30.1497
12146,11403,root,0,NA,NA,11403,30.1461
12147,9014,root,0,NA,NA,9014,30.145
12148,9180,root,0,NA,NA,9180,30.1416
12149,523,root,0,NA,NA,523,30.1415
12150,17724,root,0,NA,NA,17724,30.1395
12151,19918,root,0,NA,NA,19918,30.1258
12152,16091,root,0,NA,NA,16091,30.124
12153,9637,root,0,NA,NA,9637,30.1216
12154,6672,root,0,NA,NA,6672,30.1196
12155,17511,root,0,NA,NA,17511,30.1176
12156,12479,root,0,NA,NA,12479,30.117
12157,14587,root,0,NA,NA,14587,30.1157
12158,12286,root,0,NA,NA,12286,30.1144
12159,10588,root,0,NA,NA,10588,30.1143
12160,11353,root,0,NA,NA,11353,30.114
12161,4717,root,0,NA,NA,4717,30.1135
12162,11044,root,0,NA,NA,11044,30.113
12163,18094,root,0,NA,NA,18094,30.1097
12164,12302,root,0,NA,NA,12302,30.1066
12165,4545,root,0,NA,NA,4545,30.1008
12166,10469,root,0,NA,NA,10469,30.097
12167,9813,root,0,NA,NA,9813,30.0951
12168,15393,root,0,NA,NA,15393,30.0946
12169,11915,root,0,NA,NA,11915,30.0934
12170,11137,root,0,NA,NA,11137,30.0932
12171,16871,root,0,NA,NA,16871,30.0929
12172,11246,root,0,NA,NA,11246,30.0899
12173,16865,root,0,NA,NA,16865,30.0881
12174,10415,root,0,NA,NA,10415,30.0869
12175,12825,root,0,NA,NA,12825,30.0769
12176,15976,root,0,NA,NA,15976,30.0757
12177,6165,root,0,NA,NA,6165,30.0752
12178,8384,root,0,NA,NA,8384,30.075
12179,18278,root,0,NA,NA,18278,30.0682
12180,17094,root,0,NA,NA,17094,30.0606
12181,8549,root,0,NA,NA,8549,30.0575
12182,10142,root,0,NA,NA,10142,30.0553
12183,11800,root,0,NA,NA,11800,30.0541
12184,19896,root,0,NA,NA,19896,30.0471
12185,6150,root,0,NA,NA,6150,30.047
12186,6163,root,0,NA,NA,6163,30.047
12187,6171,root,0,NA,NA,6171,30.047
12188,10765,root,0,NA,NA,10765,30.0423
12189,14589,root,0,NA,NA,14589,30.0385
12190,19153,root,0,NA,NA,19153,30.0368
12191,15637,root,0,NA,NA,15637,30.0311
12192,14896,root,0,NA,NA,14896,30.029
12193,8960,root,0,NA,NA,8960,30.0255
12194,9555,root,0,NA,NA,9555,30.0233
12195,2655,root,0,NA,NA,2655,30.0232
12196,2689,root,0,NA,NA,2689,30.0232
12197,5443,root,0,NA,NA,5443,30.0226
12198,16242,root,0,NA,NA,16242,30.0217
12199,2160,root,0,NA,NA,2160,30.0195
12200,6398,root,0,NA,NA,6398,30.0187
12201,1893,root,0,NA,NA,1893,30.0174
12202,1906,root,0,NA,NA,1906,30.0174
12203,1914,root,0,NA,NA,1914,30.0174
12204,1927,root,0,NA,NA,1927,30.0174
12205,11638,root,0,NA,NA,11638,30.0171
12206,12743,root,0,NA,NA,12743,30.0102
12207,10135,root,0,NA,NA,10135,30.0091
12208,1161,root,0,NA,NA,1161,30.0086
12209,13590,root,0,NA,NA,13590,30.0081
12210,8893,root,0,NA,NA,8893,30.008
12211,12173,root,0,NA,NA,12173,30.0072
12212,10590,root,0,NA,NA,10590,30.0049
12213,12529,root,0,NA,NA,12529,30.0028
12214,12249,root,0,NA,NA,12249,30.0014
12215,19906,root,0,NA,NA,19906,30.0012
12216,711,root,0,NA,NA,711,30.0011
12217,19065,root,0,NA,NA,19065,30.0002
12218,8660,root,0,NA,NA,8660,29.9994
12219,10833,root,0,NA,NA,10833,29.9914
12220,17027,root,0,NA,NA,17027,29.9906
12221,13797,root,0,NA,NA,13797,29.9904
12222,13169,root,0,NA,NA,13169,29.9876
12223,18232,root,0,NA,NA,18232,29.9845
12224,11533,root,0,NA,NA,11533,29.984
12225,17996,root,0,NA,NA,17996,29.9822
12226,13627,root,0,NA,NA,13627,29.9818
12227,13624,root,0,NA,NA,13624,29.9802
12228,9769,root,0,NA,NA,9769,29.9766
12229,6314,root,0,NA,NA,6314,29.9763
12230,8707,root,0,NA,NA,8707,29.97
12231,444,root,0,NA,NA,444,29.9685
12232,14266,root,0,NA,NA,14266,29.9683
12233,8000,root,0,NA,NA,8000,29.9671
12234,1735,root,0,NA,NA,1735,29.9656
12235,8476,root,0,NA,NA,8476,29.9574
12236,13019,root,0,NA,NA,13019,29.9523
12237,9571,root,0,NA,NA,9571,29.948
12238,3855,root,0,NA,NA,3855,29.9458
12239,7699,root,0,NA,NA,7699,29.9379
12240,2774,root,0,NA,NA,2774,29.9349
12241,16495,root,0,NA,NA,16495,29.9349
12242,13341,root,0,NA,NA,13341,29.9332
12243,11609,root,0,NA,NA,11609,29.932
12244,19236,root,0,NA,NA,19236,29.9317
12245,51,root,0,NA,NA,51,29.9308
12246,12497,root,0,NA,NA,12497,29.9304
12247,1981,root,0,NA,NA,1981,29.9291
12248,14736,root,0,NA,NA,14736,29.9269
12249,18470,root,0,NA,NA,18470,29.9246
12250,6856,root,0,NA,NA,6856,29.9242
12251,18667,root,0,NA,NA,18667,29.9126
12252,3121,root,0,NA,NA,3121,29.9067
12253,3134,root,0,NA,NA,3134,29.9067
12254,13095,root,0,NA,NA,13095,29.9019
12255,10769,root,0,NA,NA,10769,29.8965
12256,14962,root,0,NA,NA,14962,29.8959
12257,13366,root,0,NA,NA,13366,29.8924
12258,7392,root,0,NA,NA,7392,29.8914
12259,18850,root,0,NA,NA,18850,29.8872
12260,16089,root,0,NA,NA,16089,29.8872
12261,4902,root,0,NA,NA,4902,29.8822
12262,12179,root,0,NA,NA,12179,29.8798
12263,11328,root,0,NA,NA,11328,29.8774
12264,17669,root,0,NA,NA,17669,29.877
12265,15312,root,0,NA,NA,15312,29.875
12266,902,root,0,NA,NA,902,29.8619
12267,12434,root,0,NA,NA,12434,29.8605
12268,6725,root,0,NA,NA,6725,29.8586
12269,11363,root,0,NA,NA,11363,29.8573
12270,19475,root,0,NA,NA,19475,29.8555
12271,16582,root,0,NA,NA,16582,29.8493
12272,8845,root,0,NA,NA,8845,29.8486
12273,5926,root,0,NA,NA,5926,29.8482
12274,14260,root,0,NA,NA,14260,29.8475
12275,18104,root,0,NA,NA,18104,29.8465
12276,11544,root,0,NA,NA,11544,29.8453
12277,18751,root,0,NA,NA,18751,29.8357
12278,14309,root,0,NA,NA,14309,29.8282
12279,15428,root,0,NA,NA,15428,29.82
12280,9840,root,0,NA,NA,9840,29.8158
12281,4020,root,0,NA,NA,4020,29.8151
12282,3659,root,0,NA,NA,3659,29.8119
12283,12890,root,0,NA,NA,12890,29.8102
12284,11380,root,0,NA,NA,11380,29.7997
12285,9042,root,0,NA,NA,9042,29.7989
12286,18110,root,0,NA,NA,18110,29.7979
12287,5348,root,0,NA,NA,5348,29.7918
12288,6309,root,0,NA,NA,6309,29.7914
12289,8342,root,0,NA,NA,8342,29.7905
12290,14438,root,0,NA,NA,14438,29.7815
12291,11998,root,0,NA,NA,11998,29.7813
12292,16407,root,0,NA,NA,16407,29.7776
12293,5573,root,0,NA,NA,5573,29.7771
12294,3431,root,0,NA,NA,3431,29.7747
12295,14588,root,0,NA,NA,14588,29.7708
12296,14442,root,0,NA,NA,14442,29.77
12297,2625,root,0,NA,NA,2625,29.7695
12298,6213,root,0,NA,NA,6213,29.7649
12299,6218,root,0,NA,NA,6218,29.7649
12300,6221,root,0,NA,NA,6221,29.7649
12301,6226,root,0,NA,NA,6226,29.7649
12302,6234,root,0,NA,NA,6234,29.7649
12303,6239,root,0,NA,NA,6239,29.7649
12304,10482,root,0,NA,NA,10482,29.762
12305,2096,root,0,NA,NA,2096,29.7615
12306,4641,root,0,NA,NA,4641,29.7526
12307,12587,root,0,NA,NA,12587,29.747
12308,14082,root,0,NA,NA,14082,29.7426
12309,11699,root,0,NA,NA,11699,29.738
12310,6005,root,0,NA,NA,6005,29.7369
12311,11378,root,0,NA,NA,11378,29.7302
12312,17545,root,0,NA,NA,17545,29.7285
12313,2607,root,0,NA,NA,2607,29.7226
12314,19001,root,0,NA,NA,19001,29.722
12315,10596,root,0,NA,NA,10596,29.7162
12316,1963,root,0,NA,NA,1963,29.7136
12317,2617,root,0,NA,NA,2617,29.7129
12318,13510,root,0,NA,NA,13510,29.7107
12319,17377,root,0,NA,NA,17377,29.7039
12320,10265,root,0,NA,NA,10265,29.702
12321,7358,root,0,NA,NA,7358,29.685
12322,4177,root,0,NA,NA,4177,29.6844
12323,2161,root,0,NA,NA,2161,29.678
12324,8940,root,0,NA,NA,8940,29.6748
12325,14560,root,0,NA,NA,14560,29.6682
12326,9326,root,0,NA,NA,9326,29.6577
12327,13901,root,0,NA,NA,13901,29.6567
12328,2834,root,0,NA,NA,2834,29.6528
12329,10154,root,0,NA,NA,10154,29.6477
12330,10054,root,0,NA,NA,10054,29.6457
12331,11136,root,0,NA,NA,11136,29.6457
12332,10871,root,0,NA,NA,10871,29.645
12333,9643,root,0,NA,NA,9643,29.6439
12334,19837,root,0,NA,NA,19837,29.6431
12335,10519,root,0,NA,NA,10519,29.6424
12336,12375,root,0,NA,NA,12375,29.6417
12337,11268,root,0,NA,NA,11268,29.6384
12338,10004,root,0,NA,NA,10004,29.634
12339,9775,root,0,NA,NA,9775,29.6339
12340,8685,root,0,NA,NA,8685,29.6315
12341,19959,root,0,NA,NA,19959,29.6315
12342,14144,root,0,NA,NA,14144,29.6291
12343,8112,root,0,NA,NA,8112,29.6256
12344,14086,root,0,NA,NA,14086,29.6226
12345,7555,root,0,NA,NA,7555,29.6217
12346,11717,root,0,NA,NA,11717,29.6174
12347,14388,root,0,NA,NA,14388,29.6159
12348,6687,root,0,NA,NA,6687,29.6069
12349,17304,root,0,NA,NA,17304,29.605
12350,17722,root,0,NA,NA,17722,29.5925
12351,13069,root,0,NA,NA,13069,29.5888
12352,17110,root,0,NA,NA,17110,29.5815
12353,11968,root,0,NA,NA,11968,29.5804
12354,13337,root,0,NA,NA,13337,29.5797
12355,6301,root,0,NA,NA,6301,29.5775
12356,7173,root,0,NA,NA,7173,29.5741
12357,15690,root,0,NA,NA,15690,29.5701
12358,2892,root,0,NA,NA,2892,29.5701
12359,19446,root,0,NA,NA,19446,29.5684
12360,219,root,0,NA,NA,219,29.5662
12361,14380,root,0,NA,NA,14380,29.5662
12362,7538,root,0,NA,NA,7538,29.5647
12363,6104,root,0,NA,NA,6104,29.5626
12364,11901,root,0,NA,NA,11901,29.5614
12365,11888,root,0,NA,NA,11888,29.5592
12366,14374,root,0,NA,NA,14374,29.5566
12367,11996,root,0,NA,NA,11996,29.5452
12368,16359,root,0,NA,NA,16359,29.5381
12369,9172,root,0,NA,NA,9172,29.5373
12370,8002,root,0,NA,NA,8002,29.5366
12371,13820,root,0,NA,NA,13820,29.5333
12372,9244,root,0,NA,NA,9244,29.533
12373,7811,root,0,NA,NA,7811,29.5328
12374,3258,root,0,NA,NA,3258,29.5314
12375,10025,root,0,NA,NA,10025,29.5267
12376,6499,root,0,NA,NA,6499,29.5249
12377,13003,root,0,NA,NA,13003,29.519
12378,15183,root,0,NA,NA,15183,29.5161
12379,17287,root,0,NA,NA,17287,29.5127
12380,9214,root,0,NA,NA,9214,29.5103
12381,12337,root,0,NA,NA,12337,29.5101
12382,18061,root,0,NA,NA,18061,29.502
12383,19762,root,0,NA,NA,19762,29.5019
12384,15808,root,0,NA,NA,15808,29.5017
12385,11475,root,0,NA,NA,11475,29.4982
12386,17076,root,0,NA,NA,17076,29.4954
12387,18182,root,0,NA,NA,18182,29.4928
12388,18308,root,0,NA,NA,18308,29.4889
12389,6797,root,0,NA,NA,6797,29.4888
12390,7975,root,0,NA,NA,7975,29.4749
12391,12316,root,0,NA,NA,12316,29.4725
12392,9443,root,0,NA,NA,9443,29.4715
12393,2248,root,0,NA,NA,2248,29.4709
12394,1127,root,0,NA,NA,1127,29.4683
12395,3023,root,0,NA,NA,3023,29.4659
12396,17129,root,0,NA,NA,17129,29.46
12397,15815,root,0,NA,NA,15815,29.4574
12398,18311,root,0,NA,NA,18311,29.4489
12399,10051,root,0,NA,NA,10051,29.4454
12400,17205,root,0,NA,NA,17205,29.4359
12401,6556,root,0,NA,NA,6556,29.429
12402,5549,root,0,NA,NA,5549,29.4288
12403,12561,root,0,NA,NA,12561,29.4282
12404,14726,root,0,NA,NA,14726,29.4248
12405,852,root,0,NA,NA,852,29.4189
12406,18361,root,0,NA,NA,18361,29.4168
12407,13263,root,0,NA,NA,13263,29.4057
12408,11369,root,0,NA,NA,11369,29.4046
12409,8003,root,0,NA,NA,8003,29.4045
12410,8117,root,0,NA,NA,8117,29.4015
12411,9900,root,0,NA,NA,9900,29.4
12412,10998,root,0,NA,NA,10998,29.3958
12413,10279,root,0,NA,NA,10279,29.3955
12414,6690,root,0,NA,NA,6690,29.3932
12415,5409,root,0,NA,NA,5409,29.383
12416,15683,root,0,NA,NA,15683,29.3827
12417,17955,root,0,NA,NA,17955,29.3806
12418,11484,root,0,NA,NA,11484,29.3795
12419,3252,root,0,NA,NA,3252,29.3778
12420,3273,root,0,NA,NA,3273,29.3778
12421,16779,root,0,NA,NA,16779,29.3751
12422,19901,root,0,NA,NA,19901,29.372
12423,11274,root,0,NA,NA,11274,29.3704
12424,8787,root,0,NA,NA,8787,29.3682
12425,10194,root,0,NA,NA,10194,29.3645
12426,9235,root,0,NA,NA,9235,29.3634
12427,13588,root,0,NA,NA,13588,29.362
12428,11906,root,0,NA,NA,11906,29.3605
12429,11841,root,0,NA,NA,11841,29.3583
12430,13973,root,0,NA,NA,13973,29.3555
12431,9853,root,0,NA,NA,9853,29.3537
12432,9228,root,0,NA,NA,9228,29.3534
12433,8866,root,0,NA,NA,8866,29.3495
12434,12736,root,0,NA,NA,12736,29.3437
12435,11793,root,0,NA,NA,11793,29.3422
12436,10064,root,0,NA,NA,10064,29.3404
12437,14217,root,0,NA,NA,14217,29.3401
12438,10127,root,0,NA,NA,10127,29.3389
12439,7473,root,0,NA,NA,7473,29.3383
12440,3897,root,0,NA,NA,3897,29.3383
12441,9607,root,0,NA,NA,9607,29.3377
12442,17572,root,0,NA,NA,17572,29.3358
12443,4772,root,0,NA,NA,4772,29.3318
12444,11831,root,0,NA,NA,11831,29.3301
12445,18261,root,0,NA,NA,18261,29.3276
12446,4840,root,0,NA,NA,4840,29.3253
12447,17755,root,0,NA,NA,17755,29.3246
12448,11028,root,0,NA,NA,11028,29.32
12449,13391,root,0,NA,NA,13391,29.3179
12450,4107,root,0,NA,NA,4107,29.3114
12451,2215,root,0,NA,NA,2215,29.3076
12452,2223,root,0,NA,NA,2223,29.3076
12453,2236,root,0,NA,NA,2236,29.3076
12454,2249,root,0,NA,NA,2249,29.3076
12455,13963,root,0,NA,NA,13963,29.3016
12456,12455,root,0,NA,NA,12455,29.3011
12457,10184,root,0,NA,NA,10184,29.2986
12458,15281,root,0,NA,NA,15281,29.2979
12459,14913,root,0,NA,NA,14913,29.2918
12460,11379,root,0,NA,NA,11379,29.2912
12461,10667,root,0,NA,NA,10667,29.2912
12462,14803,root,0,NA,NA,14803,29.2866
12463,13053,root,0,NA,NA,13053,29.2857
12464,6107,root,0,NA,NA,6107,29.2856
12465,3127,root,0,NA,NA,3127,29.2725
12466,3697,root,0,NA,NA,3697,29.2688
12467,3710,root,0,NA,NA,3710,29.2688
12468,3723,root,0,NA,NA,3723,29.2688
12469,3731,root,0,NA,NA,3731,29.2688
12470,12091,root,0,NA,NA,12091,29.2658
12471,11125,root,0,NA,NA,11125,29.26
12472,1977,root,0,NA,NA,1977,29.2562
12473,10926,root,0,NA,NA,10926,29.2543
12474,15135,root,0,NA,NA,15135,29.253
12475,19503,root,0,NA,NA,19503,29.2512
12476,2690,root,0,NA,NA,2690,29.2493
12477,6330,root,0,NA,NA,6330,29.2423
12478,14983,root,0,NA,NA,14983,29.2404
12479,10880,root,0,NA,NA,10880,29.2351
12480,248,root,0,NA,NA,248,29.2331
12481,18767,root,0,NA,NA,18767,29.2306
12482,12342,root,0,NA,NA,12342,29.2281
12483,263,root,0,NA,NA,263,29.2232
12484,11100,root,0,NA,NA,11100,29.2195
12485,10652,root,0,NA,NA,10652,29.2185
12486,15799,root,0,NA,NA,15799,29.2156
12487,9905,root,0,NA,NA,9905,29.2087
12488,6447,root,0,NA,NA,6447,29.2062
12489,8954,root,0,NA,NA,8954,29.1999
12490,9968,root,0,NA,NA,9968,29.1973
12491,10061,root,0,NA,NA,10061,29.1917
12492,4458,root,0,NA,NA,4458,29.1903
12493,8767,root,0,NA,NA,8767,29.1898
12494,14083,root,0,NA,NA,14083,29.1873
12495,11128,root,0,NA,NA,11128,29.1866
12496,12627,root,0,NA,NA,12627,29.1772
12497,15556,root,0,NA,NA,15556,29.1761
12498,2362,root,0,NA,NA,2362,29.1711
12499,17579,root,0,NA,NA,17579,29.1708
12500,8854,root,0,NA,NA,8854,29.1696
12501,12968,root,0,NA,NA,12968,29.1688
12502,18962,root,0,NA,NA,18962,29.1677
12503,11708,root,0,NA,NA,11708,29.1583
12504,12319,root,0,NA,NA,12319,29.1566
12505,16438,root,0,NA,NA,16438,29.1551
12506,7383,root,0,NA,NA,7383,29.1547
12507,8372,root,0,NA,NA,8372,29.1517
12508,19454,root,0,NA,NA,19454,29.1516
12509,17151,root,0,NA,NA,17151,29.1514
12510,4327,root,0,NA,NA,4327,29.1464
12511,11198,root,0,NA,NA,11198,29.1451
12512,12285,root,0,NA,NA,12285,29.1441
12513,17952,root,0,NA,NA,17952,29.1419
12514,14018,root,0,NA,NA,14018,29.1387
12515,9652,root,0,NA,NA,9652,29.1383
12516,10715,root,0,NA,NA,10715,29.1376
12517,12865,root,0,NA,NA,12865,29.1372
12518,9816,root,0,NA,NA,9816,29.1332
12519,9752,root,0,NA,NA,9752,29.1328
12520,6892,root,0,NA,NA,6892,29.127
12521,8644,root,0,NA,NA,8644,29.1255
12522,3535,root,0,NA,NA,3535,29.1229
12523,6206,root,0,NA,NA,6206,29.1216
12524,9981,root,0,NA,NA,9981,29.1215
12525,8858,root,0,NA,NA,8858,29.1178
12526,6617,root,0,NA,NA,6617,29.1154
12527,19353,root,0,NA,NA,19353,29.1085
12528,12558,root,0,NA,NA,12558,29.1017
12529,13120,root,0,NA,NA,13120,29.0997
12530,11203,root,0,NA,NA,11203,29.0921
12531,18784,root,0,NA,NA,18784,29.0902
12532,334,root,0,NA,NA,334,29.0891
12533,14865,root,0,NA,NA,14865,29.0871
12534,2325,root,0,NA,NA,2325,29.0867
12535,9000,root,0,NA,NA,9000,29.0825
12536,11030,root,0,NA,NA,11030,29.0802
12537,7704,root,0,NA,NA,7704,29.0801
12538,4041,root,0,NA,NA,4041,29.0787
12539,11381,root,0,NA,NA,11381,29.0741
12540,1167,root,0,NA,NA,1167,29.0733
12541,17604,root,0,NA,NA,17604,29.0723
12542,15136,root,0,NA,NA,15136,29.0711
12543,10996,root,0,NA,NA,10996,29.0676
12544,19587,root,0,NA,NA,19587,29.0674
12545,2819,root,0,NA,NA,2819,29.0666
12546,18664,root,0,NA,NA,18664,29.0657
12547,17936,root,0,NA,NA,17936,29.0592
12548,9824,root,0,NA,NA,9824,29.0586
12549,7326,root,0,NA,NA,7326,29.0567
12550,672,root,0,NA,NA,672,29.0553
12551,8092,root,0,NA,NA,8092,29.0532
12552,10908,root,0,NA,NA,10908,29.0511
12553,15250,root,0,NA,NA,15250,29.051
12554,4732,root,0,NA,NA,4732,29.0507
12555,2269,root,0,NA,NA,2269,29.0457
12556,10585,root,0,NA,NA,10585,29.0429
12557,10518,root,0,NA,NA,10518,29.0416
12558,10816,root,0,NA,NA,10816,29.0364
12559,13298,root,0,NA,NA,13298,29.0353
12560,14014,root,0,NA,NA,14014,29.0351
12561,9743,root,0,NA,NA,9743,29.0276
12562,11643,root,0,NA,NA,11643,29.0262
12563,6569,root,0,NA,NA,6569,29.0152
12564,13640,root,0,NA,NA,13640,29.0106
12565,8946,root,0,NA,NA,8946,29.0096
12566,8951,root,0,NA,NA,8951,29.0096
12567,18688,root,0,NA,NA,18688,29.0046
12568,10086,root,0,NA,NA,10086,29.0039
12569,5795,root,0,NA,NA,5795,28.9897
12570,10363,root,0,NA,NA,10363,28.9889
12571,8877,root,0,NA,NA,8877,28.987
12572,5157,root,0,NA,NA,5157,28.9861
12573,8977,root,0,NA,NA,8977,28.9852
12574,18810,root,0,NA,NA,18810,28.9837
12575,12505,root,0,NA,NA,12505,28.9803
12576,11185,root,0,NA,NA,11185,28.9775
12577,12780,root,0,NA,NA,12780,28.9759
12578,10141,root,0,NA,NA,10141,28.9713
12579,8433,root,0,NA,NA,8433,28.9636
12580,15965,root,0,NA,NA,15965,28.9546
12581,12058,root,0,NA,NA,12058,28.9486
12582,11773,root,0,NA,NA,11773,28.9486
12583,14377,root,0,NA,NA,14377,28.9224
12584,5596,root,0,NA,NA,5596,28.9219
12585,7642,root,0,NA,NA,7642,28.9156
12586,18047,root,0,NA,NA,18047,28.9144
12587,15930,root,0,NA,NA,15930,28.9077
12588,2544,root,0,NA,NA,2544,28.9003
12589,5570,root,0,NA,NA,5570,28.8978
12590,13218,root,0,NA,NA,13218,28.8957
12591,135,root,0,NA,NA,135,28.8955
12592,10687,root,0,NA,NA,10687,28.8938
12593,9450,root,0,NA,NA,9450,28.8927
12594,18539,root,0,NA,NA,18539,28.8907
12595,10093,root,0,NA,NA,10093,28.8895
12596,17208,root,0,NA,NA,17208,28.8843
12597,9848,root,0,NA,NA,9848,28.8718
12598,13301,root,0,NA,NA,13301,28.869
12599,5193,root,0,NA,NA,5193,28.868
12600,18003,root,0,NA,NA,18003,28.8621
12601,502,root,0,NA,NA,502,28.8581
12602,13788,root,0,NA,NA,13788,28.8561
12603,9133,root,0,NA,NA,9133,28.8549
12604,18758,root,0,NA,NA,18758,28.8528
12605,8008,root,0,NA,NA,8008,28.8503
12606,12602,root,0,NA,NA,12602,28.8402
12607,8586,root,0,NA,NA,8586,28.838
12608,7562,root,0,NA,NA,7562,28.8352
12609,13031,root,0,NA,NA,13031,28.8329
12610,10865,root,0,NA,NA,10865,28.8272
12611,7780,root,0,NA,NA,7780,28.8258
12612,2025,root,0,NA,NA,2025,28.8243
12613,16408,root,0,NA,NA,16408,28.8237
12614,13629,root,0,NA,NA,13629,28.8227
12615,6338,root,0,NA,NA,6338,28.814
12616,7533,root,0,NA,NA,7533,28.8133
12617,18909,root,0,NA,NA,18909,28.811
12618,3096,root,0,NA,NA,3096,28.7984
12619,15451,root,0,NA,NA,15451,28.7915
12620,10628,root,0,NA,NA,10628,28.7904
12621,10322,root,0,NA,NA,10322,28.7894
12622,11880,root,0,NA,NA,11880,28.7875
12623,9426,root,0,NA,NA,9426,28.7846
12624,15028,root,0,NA,NA,15028,28.7761
12625,14331,root,0,NA,NA,14331,28.7737
12626,9249,root,0,NA,NA,9249,28.7736
12627,9041,root,0,NA,NA,9041,28.7691
12628,13696,root,0,NA,NA,13696,28.7677
12629,16354,root,0,NA,NA,16354,28.767
12630,14506,root,0,NA,NA,14506,28.766
12631,16183,root,0,NA,NA,16183,28.7597
12632,10748,root,0,NA,NA,10748,28.7596
12633,11014,root,0,NA,NA,11014,28.7516
12634,9722,root,0,NA,NA,9722,28.7496
12635,16763,root,0,NA,NA,16763,28.7478
12636,11774,root,0,NA,NA,11774,28.7421
12637,7995,root,0,NA,NA,7995,28.7395
12638,12013,root,0,NA,NA,12013,28.7383
12639,10033,root,0,NA,NA,10033,28.7378
12640,13709,root,0,NA,NA,13709,28.7373
12641,10059,root,0,NA,NA,10059,28.7369
12642,11062,root,0,NA,NA,11062,28.731
12643,16608,root,0,NA,NA,16608,28.7284
12644,10888,root,0,NA,NA,10888,28.728
12645,10774,root,0,NA,NA,10774,28.7206
12646,16931,root,0,NA,NA,16931,28.7197
12647,9131,root,0,NA,NA,9131,28.7163
12648,15987,root,0,NA,NA,15987,28.7152
12649,10031,root,0,NA,NA,10031,28.7149
12650,9364,root,0,NA,NA,9364,28.7107
12651,18792,root,0,NA,NA,18792,28.7102
12652,9800,root,0,NA,NA,9800,28.7098
12653,1714,root,0,NA,NA,1714,28.704
12654,2533,root,0,NA,NA,2533,28.7003
12655,11816,root,0,NA,NA,11816,28.7
12656,13020,root,0,NA,NA,13020,28.6956
12657,16433,root,0,NA,NA,16433,28.6955
12658,11918,root,0,NA,NA,11918,28.6919
12659,9982,root,0,NA,NA,9982,28.6872
12660,18739,root,0,NA,NA,18739,28.6837
12661,14835,root,0,NA,NA,14835,28.6828
12662,11635,root,0,NA,NA,11635,28.6738
12663,12117,root,0,NA,NA,12117,28.6701
12664,15706,root,0,NA,NA,15706,28.6685
12665,15299,root,0,NA,NA,15299,28.6643
12666,13667,root,0,NA,NA,13667,28.663
12667,8973,root,0,NA,NA,8973,28.6409
12668,11739,root,0,NA,NA,11739,28.6359
12669,5677,root,0,NA,NA,5677,28.6344
12670,13234,root,0,NA,NA,13234,28.6281
12671,9346,root,0,NA,NA,9346,28.6274
12672,10830,root,0,NA,NA,10830,28.6258
12673,7000,root,0,NA,NA,7000,28.6233
12674,7795,root,0,NA,NA,7795,28.619
12675,7722,root,0,NA,NA,7722,28.6156
12676,11140,root,0,NA,NA,11140,28.6116
12677,14662,root,0,NA,NA,14662,28.6015
12678,16686,root,0,NA,NA,16686,28.5992
12679,14123,root,0,NA,NA,14123,28.5979
12680,8947,root,0,NA,NA,8947,28.5977
12681,10463,root,0,NA,NA,10463,28.5905
12682,2656,root,0,NA,NA,2656,28.5898
12683,14253,root,0,NA,NA,14253,28.5896
12684,17132,root,0,NA,NA,17132,28.583
12685,13286,root,0,NA,NA,13286,28.5741
12686,6172,root,0,NA,NA,6172,28.567
12687,14481,root,0,NA,NA,14481,28.5659
12688,10388,root,0,NA,NA,10388,28.5633
12689,17209,root,0,NA,NA,17209,28.5598
12690,10576,root,0,NA,NA,10576,28.5586
12691,10786,root,0,NA,NA,10786,28.5568
12692,1949,root,0,NA,NA,1949,28.5543
12693,8738,root,0,NA,NA,8738,28.5501
12694,4162,root,0,NA,NA,4162,28.5449
12695,15609,root,0,NA,NA,15609,28.5446
12696,13865,root,0,NA,NA,13865,28.5382
12697,13319,root,0,NA,NA,13319,28.537
12698,9927,root,0,NA,NA,9927,28.536
12699,9631,root,0,NA,NA,9631,28.536
12700,10300,root,0,NA,NA,10300,28.5351
12701,8801,root,0,NA,NA,8801,28.5342
12702,6666,root,0,NA,NA,6666,28.5342
12703,8541,root,0,NA,NA,8541,28.5308
12704,6482,root,0,NA,NA,6482,28.5275
12705,10542,root,0,NA,NA,10542,28.5253
12706,18330,root,0,NA,NA,18330,28.5223
12707,8196,root,0,NA,NA,8196,28.5195
12708,11163,root,0,NA,NA,11163,28.5194
12709,4277,root,0,NA,NA,4277,28.5178
12710,16628,root,0,NA,NA,16628,28.5073
12711,9654,root,0,NA,NA,9654,28.507
12712,12938,root,0,NA,NA,12938,28.5051
12713,16953,root,0,NA,NA,16953,28.5017
12714,17471,root,0,NA,NA,17471,28.4995
12715,12162,root,0,NA,NA,12162,28.498
12716,17416,root,0,NA,NA,17416,28.4973
12717,5874,root,0,NA,NA,5874,28.4928
12718,18355,root,0,NA,NA,18355,28.4903
12719,11481,root,0,NA,NA,11481,28.4874
12720,19141,root,0,NA,NA,19141,28.4828
12721,15719,root,0,NA,NA,15719,28.4814
12722,12183,root,0,NA,NA,12183,28.4806
12723,12878,root,0,NA,NA,12878,28.4802
12724,6343,root,0,NA,NA,6343,28.4779
12725,15872,root,0,NA,NA,15872,28.4764
12726,10137,root,0,NA,NA,10137,28.4742
12727,18269,root,0,NA,NA,18269,28.4703
12728,14525,root,0,NA,NA,14525,28.4663
12729,10669,root,0,NA,NA,10669,28.4654
12730,13132,root,0,NA,NA,13132,28.463
12731,11828,root,0,NA,NA,11828,28.46
12732,3128,root,0,NA,NA,3128,28.4544
12733,13706,root,0,NA,NA,13706,28.4533
12734,5375,root,0,NA,NA,5375,28.4513
12735,13401,root,0,NA,NA,13401,28.4511
12736,11942,root,0,NA,NA,11942,28.451
12737,10188,root,0,NA,NA,10188,28.4486
12738,7384,root,0,NA,NA,7384,28.4434
12739,16866,root,0,NA,NA,16866,28.437
12740,13113,root,0,NA,NA,13113,28.4368
12741,8719,root,0,NA,NA,8719,28.4325
12742,15816,root,0,NA,NA,15816,28.4239
12743,4282,root,0,NA,NA,4282,28.4215
12744,18908,root,0,NA,NA,18908,28.4161
12745,478,root,0,NA,NA,478,28.4124
12746,13316,root,0,NA,NA,13316,28.4117
12747,16966,root,0,NA,NA,16966,28.4051
12748,17141,root,0,NA,NA,17141,28.3987
12749,14414,root,0,NA,NA,14414,28.3964
12750,10274,root,0,NA,NA,10274,28.3944
12751,11633,root,0,NA,NA,11633,28.3924
12752,12025,root,0,NA,NA,12025,28.3918
12753,14545,root,0,NA,NA,14545,28.3913
12754,17962,root,0,NA,NA,17962,28.3893
12755,11663,root,0,NA,NA,11663,28.3857
12756,1206,root,0,NA,NA,1206,28.3795
12757,8832,root,0,NA,NA,8832,28.3789
12758,17674,root,0,NA,NA,17674,28.3788
12759,2769,root,0,NA,NA,2769,28.3781
12760,8943,root,0,NA,NA,8943,28.3774
12761,11376,root,0,NA,NA,11376,28.3741
12762,8782,root,0,NA,NA,8782,28.3708
12763,11751,root,0,NA,NA,11751,28.3697
12764,13184,root,0,NA,NA,13184,28.3656
12765,8828,root,0,NA,NA,8828,28.364
12766,11839,root,0,NA,NA,11839,28.3639
12767,2800,root,0,NA,NA,2800,28.3617
12768,13074,root,0,NA,NA,13074,28.3608
12769,11439,root,0,NA,NA,11439,28.3606
12770,14267,root,0,NA,NA,14267,28.3589
12771,11981,root,0,NA,NA,11981,28.3564
12772,13555,root,0,NA,NA,13555,28.3539
12773,16858,root,0,NA,NA,16858,28.3507
12774,10053,root,0,NA,NA,10053,28.3477
12775,12424,root,0,NA,NA,12424,28.3437
12776,5662,root,0,NA,NA,5662,28.3381
12777,9811,root,0,NA,NA,9811,28.3339
12778,12866,root,0,NA,NA,12866,28.3331
12779,6953,root,0,NA,NA,6953,28.3298
12780,9832,root,0,NA,NA,9832,28.3242
12781,12370,root,0,NA,NA,12370,28.3211
12782,7507,root,0,NA,NA,7507,28.3162
12783,15693,root,0,NA,NA,15693,28.316
12784,19736,root,0,NA,NA,19736,28.3152
12785,1114,root,0,NA,NA,1114,28.3136
12786,12758,root,0,NA,NA,12758,28.3092
12787,13080,root,0,NA,NA,13080,28.2985
12788,12823,root,0,NA,NA,12823,28.2982
12789,11413,root,0,NA,NA,11413,28.2965
12790,13260,root,0,NA,NA,13260,28.2954
12791,13747,root,0,NA,NA,13747,28.2897
12792,8333,root,0,NA,NA,8333,28.2893
12793,15382,root,0,NA,NA,15382,28.2869
12794,11970,root,0,NA,NA,11970,28.2833
12795,8036,root,0,NA,NA,8036,28.281
12796,10731,root,0,NA,NA,10731,28.2794
12797,5156,root,0,NA,NA,5156,28.2738
12798,5011,root,0,NA,NA,5011,28.2736
12799,12670,root,0,NA,NA,12670,28.2735
12800,10651,root,0,NA,NA,10651,28.2649
12801,13765,root,0,NA,NA,13765,28.2617
12802,19004,root,0,NA,NA,19004,28.2617
12803,9990,root,0,NA,NA,9990,28.2512
12804,4143,root,0,NA,NA,4143,28.2454
12805,9856,root,0,NA,NA,9856,28.2429
12806,1319,root,0,NA,NA,1319,28.2269
12807,15906,root,0,NA,NA,15906,28.2263
12808,1588,root,0,NA,NA,1588,28.2242
12809,9783,root,0,NA,NA,9783,28.2241
12810,5929,root,0,NA,NA,5929,28.215
12811,11731,root,0,NA,NA,11731,28.2118
12812,11624,root,0,NA,NA,11624,28.2057
12813,12235,root,0,NA,NA,12235,28.2031
12814,13064,root,0,NA,NA,13064,28.2026
12815,12660,root,0,NA,NA,12660,28.2021
12816,19291,root,0,NA,NA,19291,28.1918
12817,6366,root,0,NA,NA,6366,28.1917
12818,17980,root,0,NA,NA,17980,28.1907
12819,2182,root,0,NA,NA,2182,28.189
12820,11486,root,0,NA,NA,11486,28.1806
12821,7615,root,0,NA,NA,7615,28.1775
12822,16609,root,0,NA,NA,16609,28.1765
12823,8370,root,0,NA,NA,8370,28.1739
12824,11094,root,0,NA,NA,11094,28.1702
12825,18247,root,0,NA,NA,18247,28.168
12826,7883,root,0,NA,NA,7883,28.1664
12827,5729,root,0,NA,NA,5729,28.1526
12828,1834,root,0,NA,NA,1834,28.1518
12829,13369,root,0,NA,NA,13369,28.1517
12830,19468,root,0,NA,NA,19468,28.1499
12831,12717,root,0,NA,NA,12717,28.1497
12832,16599,root,0,NA,NA,16599,28.1483
12833,7557,root,0,NA,NA,7557,28.1482
12834,12189,root,0,NA,NA,12189,28.143
12835,14248,root,0,NA,NA,14248,28.141
12836,5997,root,0,NA,NA,5997,28.1368
12837,6679,root,0,NA,NA,6679,28.1332
12838,10983,root,0,NA,NA,10983,28.1313
12839,7547,root,0,NA,NA,7547,28.13
12840,11785,root,0,NA,NA,11785,28.1282
12841,9149,root,0,NA,NA,9149,28.1243
12842,5728,root,0,NA,NA,5728,28.1166
12843,18016,root,0,NA,NA,18016,28.1096
12844,2244,root,0,NA,NA,2244,28.1087
12845,1215,root,0,NA,NA,1215,28.1069
12846,1223,root,0,NA,NA,1223,28.1069
12847,1228,root,0,NA,NA,1228,28.1069
12848,1231,root,0,NA,NA,1231,28.1069
12849,1236,root,0,NA,NA,1236,28.1069
12850,1244,root,0,NA,NA,1244,28.1069
12851,1249,root,0,NA,NA,1249,28.1069
12852,1252,root,0,NA,NA,1252,28.1069
12853,1257,root,0,NA,NA,1257,28.1069
12854,12115,root,0,NA,NA,12115,28.0999
12855,9996,root,0,NA,NA,9996,28.0997
12856,14856,root,0,NA,NA,14856,28.0979
12857,12098,root,0,NA,NA,12098,28.0972
12858,10994,root,0,NA,NA,10994,28.0971
12859,16036,root,0,NA,NA,16036,28.0969
12860,2389,root,0,NA,NA,2389,28.0945
12861,5821,root,0,NA,NA,5821,28.0938
12862,16989,root,0,NA,NA,16989,28.0927
12863,9890,root,0,NA,NA,9890,28.089
12864,15492,root,0,NA,NA,15492,28.0886
12865,17640,root,0,NA,NA,17640,28.0874
12866,14328,root,0,NA,NA,14328,28.0853
12867,12324,root,0,NA,NA,12324,28.0846
12868,11969,root,0,NA,NA,11969,28.079
12869,10698,root,0,NA,NA,10698,28.0758
12870,2298,root,0,NA,NA,2298,28.0745
12871,11789,root,0,NA,NA,11789,28.0738
12872,13781,root,0,NA,NA,13781,28.0737
12873,10648,root,0,NA,NA,10648,28.0711
12874,13680,root,0,NA,NA,13680,28.0705
12875,12814,root,0,NA,NA,12814,28.0604
12876,13489,root,0,NA,NA,13489,28.0533
12877,10751,root,0,NA,NA,10751,28.0525
12878,10358,root,0,NA,NA,10358,28.0444
12879,10158,root,0,NA,NA,10158,28.0357
12880,2998,root,0,NA,NA,2998,28.0355
12881,4808,root,0,NA,NA,4808,28.0343
12882,17971,root,0,NA,NA,17971,28.0293
12883,16309,root,0,NA,NA,16309,28.0283
12884,15500,root,0,NA,NA,15500,28.0276
12885,8831,root,0,NA,NA,8831,28.0253
12886,11532,root,0,NA,NA,11532,28.0165
12887,10717,root,0,NA,NA,10717,28.0143
12888,9618,root,0,NA,NA,9618,28.0076
12889,16541,root,0,NA,NA,16541,28.0045
12890,15023,root,0,NA,NA,15023,27.9973
12891,4256,root,0,NA,NA,4256,27.9947
12892,17506,root,0,NA,NA,17506,27.9925
12893,18888,root,0,NA,NA,18888,27.9899
12894,7427,root,0,NA,NA,7427,27.9871
12895,17600,root,0,NA,NA,17600,27.9827
12896,15012,root,0,NA,NA,15012,27.9804
12897,14594,root,0,NA,NA,14594,27.976
12898,13364,root,0,NA,NA,13364,27.9737
12899,10253,root,0,NA,NA,10253,27.9737
12900,542,root,0,NA,NA,542,27.973
12901,550,root,0,NA,NA,550,27.973
12902,555,root,0,NA,NA,555,27.973
12903,563,root,0,NA,NA,563,27.973
12904,568,root,0,NA,NA,568,27.973
12905,576,root,0,NA,NA,576,27.973
12906,584,root,0,NA,NA,584,27.973
12907,9568,root,0,NA,NA,9568,27.9717
12908,10664,root,0,NA,NA,10664,27.9686
12909,7828,root,0,NA,NA,7828,27.965
12910,17108,root,0,NA,NA,17108,27.9585
12911,14065,root,0,NA,NA,14065,27.9506
12912,12450,root,0,NA,NA,12450,27.9505
12913,1177,root,0,NA,NA,1177,27.938
12914,11517,root,0,NA,NA,11517,27.9303
12915,13848,root,0,NA,NA,13848,27.9285
12916,16074,root,0,NA,NA,16074,27.928
12917,12617,root,0,NA,NA,12617,27.9257
12918,13604,root,0,NA,NA,13604,27.9224
12919,16739,root,0,NA,NA,16739,27.9198
12920,15774,root,0,NA,NA,15774,27.919
12921,11180,root,0,NA,NA,11180,27.9078
12922,18790,root,0,NA,NA,18790,27.8935
12923,5748,root,0,NA,NA,5748,27.8852
12924,10318,root,0,NA,NA,10318,27.8839
12925,13505,root,0,NA,NA,13505,27.8793
12926,18754,root,0,NA,NA,18754,27.8788
12927,8280,root,0,NA,NA,8280,27.8779
12928,10701,root,0,NA,NA,10701,27.8777
12929,6767,root,0,NA,NA,6767,27.8774
12930,11257,root,0,NA,NA,11257,27.8752
12931,12447,root,0,NA,NA,12447,27.873
12932,13045,root,0,NA,NA,13045,27.8714
12933,15744,root,0,NA,NA,15744,27.8701
12934,14868,root,0,NA,NA,14868,27.8699
12935,14290,root,0,NA,NA,14290,27.8558
12936,1099,root,0,NA,NA,1099,27.8541
12937,9845,root,0,NA,NA,9845,27.8522
12938,6523,root,0,NA,NA,6523,27.852
12939,10927,root,0,NA,NA,10927,27.8361
12940,10897,root,0,NA,NA,10897,27.8324
12941,8431,root,0,NA,NA,8431,27.8302
12942,17379,root,0,NA,NA,17379,27.8282
12943,9102,root,0,NA,NA,9102,27.828
12944,16577,root,0,NA,NA,16577,27.827
12945,9730,root,0,NA,NA,9730,27.8259
12946,7599,root,0,NA,NA,7599,27.8248
12947,7421,root,0,NA,NA,7421,27.8196
12948,12340,root,0,NA,NA,12340,27.8124
12949,17889,root,0,NA,NA,17889,27.8037
12950,14887,root,0,NA,NA,14887,27.8006
12951,15835,root,0,NA,NA,15835,27.7977
12952,9675,root,0,NA,NA,9675,27.7858
12953,4290,root,0,NA,NA,4290,27.7843
12954,6075,root,0,NA,NA,6075,27.7816
12955,8440,root,0,NA,NA,8440,27.7749
12956,6335,root,0,NA,NA,6335,27.771
12957,13725,root,0,NA,NA,13725,27.7669
12958,12949,root,0,NA,NA,12949,27.7663
12959,17799,root,0,NA,NA,17799,27.7663
12960,12706,root,0,NA,NA,12706,27.7646
12961,17213,root,0,NA,NA,17213,27.7644
12962,15590,root,0,NA,NA,15590,27.7567
12963,10003,root,0,NA,NA,10003,27.7528
12964,11472,root,0,NA,NA,11472,27.7459
12965,567,root,0,NA,NA,567,27.7424
12966,13148,root,0,NA,NA,13148,27.7413
12967,14885,root,0,NA,NA,14885,27.7406
12968,19266,root,0,NA,NA,19266,27.7386
12969,6905,root,0,NA,NA,6905,27.7382
12970,9168,root,0,NA,NA,9168,27.7367
12971,18913,root,0,NA,NA,18913,27.7272
12972,10468,root,0,NA,NA,10468,27.7254
12973,16486,root,0,NA,NA,16486,27.7224
12974,19494,root,0,NA,NA,19494,27.7197
12975,11529,root,0,NA,NA,11529,27.7151
12976,13608,root,0,NA,NA,13608,27.7151
12977,677,root,0,NA,NA,677,27.7126
12978,19348,root,0,NA,NA,19348,27.7086
12979,12674,root,0,NA,NA,12674,27.7074
12980,19947,root,0,NA,NA,19947,27.7014
12981,12675,root,0,NA,NA,12675,27.6969
12982,19125,root,0,NA,NA,19125,27.6966
12983,13684,root,0,NA,NA,13684,27.6915
12984,18927,root,0,NA,NA,18927,27.6872
12985,10870,root,0,NA,NA,10870,27.6832
12986,17612,root,0,NA,NA,17612,27.6734
12987,17719,root,0,NA,NA,17719,27.6718
12988,3861,root,0,NA,NA,3861,27.6696
12989,19043,root,0,NA,NA,19043,27.6693
12990,10714,root,0,NA,NA,10714,27.6655
12991,10186,root,0,NA,NA,10186,27.6644
12992,10435,root,0,NA,NA,10435,27.6641
12993,14180,root,0,NA,NA,14180,27.66
12994,5088,root,0,NA,NA,5088,27.6497
12995,12305,root,0,NA,NA,12305,27.647
12996,15916,root,0,NA,NA,15916,27.6457
12997,4927,root,0,NA,NA,4927,27.6446
12998,5018,root,0,NA,NA,5018,27.634
12999,12905,root,0,NA,NA,12905,27.6326
13000,17713,root,0,NA,NA,17713,27.6324
13001,11994,root,0,NA,NA,11994,27.632
13002,14103,root,0,NA,NA,14103,27.6281
13003,11120,root,0,NA,NA,11120,27.6207
13004,10472,root,0,NA,NA,10472,27.6179
13005,15433,root,0,NA,NA,15433,27.6167
13006,14684,root,0,NA,NA,14684,27.6127
13007,2387,root,0,NA,NA,2387,27.6111
13008,11256,root,0,NA,NA,11256,27.6083
13009,9913,root,0,NA,NA,9913,27.6082
13010,12733,root,0,NA,NA,12733,27.6078
13011,19130,root,0,NA,NA,19130,27.6043
13012,12284,root,0,NA,NA,12284,27.5984
13013,16315,root,0,NA,NA,16315,27.5956
13014,10139,root,0,NA,NA,10139,27.5945
13015,15102,root,0,NA,NA,15102,27.5942
13016,9008,root,0,NA,NA,9008,27.5911
13017,10772,root,0,NA,NA,10772,27.586
13018,10604,root,0,NA,NA,10604,27.586
13019,4198,root,0,NA,NA,4198,27.5852
13020,15654,root,0,NA,NA,15654,27.5836
13021,12959,root,0,NA,NA,12959,27.5825
13022,5835,root,0,NA,NA,5835,27.58
13023,14660,root,0,NA,NA,14660,27.5793
13024,8547,root,0,NA,NA,8547,27.5772
13025,7227,root,0,NA,NA,7227,27.5769
13026,8646,root,0,NA,NA,8646,27.5754
13027,12303,root,0,NA,NA,12303,27.5749
13028,14613,root,0,NA,NA,14613,27.5743
13029,525,root,0,NA,NA,525,27.5652
13030,17848,root,0,NA,NA,17848,27.5638
13031,11255,root,0,NA,NA,11255,27.5635
13032,19219,root,0,NA,NA,19219,27.5615
13033,15166,root,0,NA,NA,15166,27.5561
13034,13682,root,0,NA,NA,13682,27.5482
13035,16406,root,0,NA,NA,16406,27.5465
13036,1732,root,0,NA,NA,1732,27.5423
13037,18310,root,0,NA,NA,18310,27.5358
13038,12362,root,0,NA,NA,12362,27.5344
13039,19535,root,0,NA,NA,19535,27.5297
13040,7652,root,0,NA,NA,7652,27.5266
13041,18986,root,0,NA,NA,18986,27.5247
13042,8389,root,0,NA,NA,8389,27.5234
13043,13670,root,0,NA,NA,13670,27.5187
13044,10095,root,0,NA,NA,10095,27.5116
13045,10251,root,0,NA,NA,10251,27.5089
13046,16554,root,0,NA,NA,16554,27.5057
13047,11214,root,0,NA,NA,11214,27.5033
13048,10395,root,0,NA,NA,10395,27.4908
13049,13811,root,0,NA,NA,13811,27.4901
13050,10820,root,0,NA,NA,10820,27.4857
13051,5513,root,0,NA,NA,5513,27.4833
13052,685,root,0,NA,NA,685,27.4831
13053,4590,root,0,NA,NA,4590,27.483
13054,4595,root,0,NA,NA,4595,27.483
13055,4603,root,0,NA,NA,4603,27.483
13056,4608,root,0,NA,NA,4608,27.483
13057,4616,root,0,NA,NA,4616,27.483
13058,13368,root,0,NA,NA,13368,27.4814
13059,16876,root,0,NA,NA,16876,27.4797
13060,9807,root,0,NA,NA,9807,27.4765
13061,10821,root,0,NA,NA,10821,27.472
13062,13572,root,0,NA,NA,13572,27.4689
13063,10817,root,0,NA,NA,10817,27.4668
13064,16938,root,0,NA,NA,16938,27.4653
13065,15966,root,0,NA,NA,15966,27.4632
13066,18305,root,0,NA,NA,18305,27.4606
13067,11492,root,0,NA,NA,11492,27.4559
13068,6015,root,0,NA,NA,6015,27.4457
13069,16294,root,0,NA,NA,16294,27.4457
13070,13296,root,0,NA,NA,13296,27.4428
13071,4437,root,0,NA,NA,4437,27.4411
13072,16278,root,0,NA,NA,16278,27.4385
13073,19396,root,0,NA,NA,19396,27.4344
13074,12739,root,0,NA,NA,12739,27.4333
13075,8722,root,0,NA,NA,8722,27.4172
13076,12818,root,0,NA,NA,12818,27.4097
13077,9052,root,0,NA,NA,9052,27.409
13078,9914,root,0,NA,NA,9914,27.4018
13079,12930,root,0,NA,NA,12930,27.3948
13080,7939,root,0,NA,NA,7939,27.3896
13081,15009,root,0,NA,NA,15009,27.3856
13082,10713,root,0,NA,NA,10713,27.3837
13083,11284,root,0,NA,NA,11284,27.3821
13084,18820,root,0,NA,NA,18820,27.3817
13085,9379,root,0,NA,NA,9379,27.3809
13086,132,root,0,NA,NA,132,27.3795
13087,13437,root,0,NA,NA,13437,27.3792
13088,12744,root,0,NA,NA,12744,27.3778
13089,9203,root,0,NA,NA,9203,27.3774
13090,7665,root,0,NA,NA,7665,27.3738
13091,15849,root,0,NA,NA,15849,27.3725
13092,13361,root,0,NA,NA,13361,27.371
13093,14386,root,0,NA,NA,14386,27.3705
13094,6280,root,0,NA,NA,6280,27.3688
13095,16092,root,0,NA,NA,16092,27.3667
13096,8717,root,0,NA,NA,8717,27.3627
13097,11248,root,0,NA,NA,11248,27.3578
13098,12493,root,0,NA,NA,12493,27.3529
13099,6822,root,0,NA,NA,6822,27.3503
13100,10957,root,0,NA,NA,10957,27.35
13101,271,root,0,NA,NA,271,27.344
13102,4141,root,0,NA,NA,4141,27.3338
13103,16665,root,0,NA,NA,16665,27.3306
13104,12537,root,0,NA,NA,12537,27.3262
13105,17599,root,0,NA,NA,17599,27.323
13106,5607,root,0,NA,NA,5607,27.321
13107,18044,root,0,NA,NA,18044,27.3209
13108,5311,root,0,NA,NA,5311,27.3199
13109,15440,root,0,NA,NA,15440,27.3182
13110,16991,root,0,NA,NA,16991,27.3154
13111,12320,root,0,NA,NA,12320,27.3105
13112,4558,root,0,NA,NA,4558,27.309
13113,12371,root,0,NA,NA,12371,27.3056
13114,11511,root,0,NA,NA,11511,27.2977
13115,11574,root,0,NA,NA,11574,27.2933
13116,14828,root,0,NA,NA,14828,27.2883
13117,8078,root,0,NA,NA,8078,27.288
13118,16477,root,0,NA,NA,16477,27.2837
13119,9819,root,0,NA,NA,9819,27.2783
13120,8820,root,0,NA,NA,8820,27.276
13121,13001,root,0,NA,NA,13001,27.2753
13122,12446,root,0,NA,NA,12446,27.273
13123,1148,root,0,NA,NA,1148,27.2673
13124,13017,root,0,NA,NA,13017,27.2668
13125,19749,root,0,NA,NA,19749,27.2633
13126,7886,root,0,NA,NA,7886,27.2595
13127,3206,root,0,NA,NA,3206,27.2553
13128,10473,root,0,NA,NA,10473,27.2516
13129,7387,root,0,NA,NA,7387,27.2457
13130,11134,root,0,NA,NA,11134,27.2397
13131,14521,root,0,NA,NA,14521,27.2322
13132,8981,root,0,NA,NA,8981,27.2287
13133,19497,root,0,NA,NA,19497,27.2233
13134,9794,root,0,NA,NA,9794,27.2192
13135,17392,root,0,NA,NA,17392,27.2178
13136,913,root,0,NA,NA,913,27.2031
13137,13133,root,0,NA,NA,13133,27.2021
13138,4933,root,0,NA,NA,4933,27.198
13139,19592,root,0,NA,NA,19592,27.1979
13140,9658,root,0,NA,NA,9658,27.1932
13141,18948,root,0,NA,NA,18948,27.193
13142,19426,root,0,NA,NA,19426,27.186
13143,13238,root,0,NA,NA,13238,27.1802
13144,19625,root,0,NA,NA,19625,27.1729
13145,11833,root,0,NA,NA,11833,27.1724
13146,11438,root,0,NA,NA,11438,27.1666
13147,19029,root,0,NA,NA,19029,27.163
13148,6534,root,0,NA,NA,6534,27.1625
13149,7720,root,0,NA,NA,7720,27.1624
13150,727,root,0,NA,NA,727,27.1618
13151,12721,root,0,NA,NA,12721,27.1601
13152,7625,root,0,NA,NA,7625,27.1599
13153,13744,root,0,NA,NA,13744,27.1592
13154,10654,root,0,NA,NA,10654,27.1568
13155,7129,root,0,NA,NA,7129,27.1557
13156,16441,root,0,NA,NA,16441,27.1554
13157,12726,root,0,NA,NA,12726,27.1545
13158,18911,root,0,NA,NA,18911,27.1522
13159,12225,root,0,NA,NA,12225,27.1488
13160,8625,root,0,NA,NA,8625,27.1485
13161,15962,root,0,NA,NA,15962,27.1435
13162,11615,root,0,NA,NA,11615,27.1358
13163,12018,root,0,NA,NA,12018,27.1329
13164,14994,root,0,NA,NA,14994,27.1326
13165,17082,root,0,NA,NA,17082,27.1292
13166,6994,root,0,NA,NA,6994,27.1244
13167,8532,root,0,NA,NA,8532,27.1135
13168,9182,root,0,NA,NA,9182,27.1117
13169,15370,root,0,NA,NA,15370,27.105
13170,11913,root,0,NA,NA,11913,27.105
13171,7021,root,0,NA,NA,7021,27.1045
13172,12237,root,0,NA,NA,12237,27.1036
13173,13552,root,0,NA,NA,13552,27.1033
13174,11539,root,0,NA,NA,11539,27.1006
13175,17868,root,0,NA,NA,17868,27.0954
13176,15946,root,0,NA,NA,15946,27.0949
13177,4981,root,0,NA,NA,4981,27.0879
13178,13141,root,0,NA,NA,13141,27.0868
13179,13022,root,0,NA,NA,13022,27.0866
13180,14790,root,0,NA,NA,14790,27.0772
13181,14231,root,0,NA,NA,14231,27.0731
13182,13308,root,0,NA,NA,13308,27.0689
13183,12367,root,0,NA,NA,12367,27.0667
13184,19899,root,0,NA,NA,19899,27.0653
13185,1995,root,0,NA,NA,1995,27.062
13186,7280,root,0,NA,NA,7280,27.0614
13187,14641,root,0,NA,NA,14641,27.0545
13188,10982,root,0,NA,NA,10982,27.0539
13189,7481,root,0,NA,NA,7481,27.0512
13190,3316,root,0,NA,NA,3316,27.0507
13191,17515,root,0,NA,NA,17515,27.0431
13192,10735,root,0,NA,NA,10735,27.0391
13193,15642,root,0,NA,NA,15642,27.0367
13194,9350,root,0,NA,NA,9350,27.0364
13195,9792,root,0,NA,NA,9792,27.0359
13196,17909,root,0,NA,NA,17909,27.0333
13197,17865,root,0,NA,NA,17865,27.0183
13198,10066,root,0,NA,NA,10066,27.0165
13199,571,root,0,NA,NA,571,27.0162
13200,14719,root,0,NA,NA,14719,27.0083
13201,14671,root,0,NA,NA,14671,27.0078
13202,17737,root,0,NA,NA,17737,27.0061
13203,10699,root,0,NA,NA,10699,27.0026
13204,8016,root,0,NA,NA,8016,27.0011
13205,10002,root,0,NA,NA,10002,26.9997
13206,5858,root,0,NA,NA,5858,26.9969
13207,14705,root,0,NA,NA,14705,26.9957
13208,6754,root,0,NA,NA,6754,26.9935
13209,13098,root,0,NA,NA,13098,26.98
13210,4814,root,0,NA,NA,4814,26.9793
13211,18008,root,0,NA,NA,18008,26.9758
13212,11764,root,0,NA,NA,11764,26.9758
13213,12481,root,0,NA,NA,12481,26.9752
13214,13814,root,0,NA,NA,13814,26.972
13215,303,root,0,NA,NA,303,26.9703
13216,8388,root,0,NA,NA,8388,26.967
13217,19417,root,0,NA,NA,19417,26.9653
13218,15077,root,0,NA,NA,15077,26.9638
13219,10090,root,0,NA,NA,10090,26.961
13220,11890,root,0,NA,NA,11890,26.9608
13221,17542,root,0,NA,NA,17542,26.9567
13222,15508,root,0,NA,NA,15508,26.9542
13223,5908,root,0,NA,NA,5908,26.9542
13224,14258,root,0,NA,NA,14258,26.9532
13225,17139,root,0,NA,NA,17139,26.9519
13226,11522,root,0,NA,NA,11522,26.9507
13227,16601,root,0,NA,NA,16601,26.9493
13228,10981,root,0,NA,NA,10981,26.9445
13229,5315,root,0,NA,NA,5315,26.944
13230,5323,root,0,NA,NA,5323,26.944
13231,5328,root,0,NA,NA,5328,26.944
13232,5336,root,0,NA,NA,5336,26.944
13233,15564,root,0,NA,NA,15564,26.9381
13234,2863,root,0,NA,NA,2863,26.937
13235,5361,root,0,NA,NA,5361,26.9351
13236,12970,root,0,NA,NA,12970,26.9351
13237,11210,root,0,NA,NA,11210,26.9335
13238,12326,root,0,NA,NA,12326,26.9333
13239,15481,root,0,NA,NA,15481,26.9292
13240,13021,root,0,NA,NA,13021,26.9267
13241,15794,root,0,NA,NA,15794,26.9238
13242,14875,root,0,NA,NA,14875,26.9183
13243,16348,root,0,NA,NA,16348,26.9138
13244,5350,root,0,NA,NA,5350,26.9111
13245,10719,root,0,NA,NA,10719,26.9095
13246,10057,root,0,NA,NA,10057,26.9094
13247,15999,root,0,NA,NA,15999,26.9008
13248,14151,root,0,NA,NA,14151,26.9003
13249,10744,root,0,NA,NA,10744,26.899
13250,8330,root,0,NA,NA,8330,26.8987
13251,6350,root,0,NA,NA,6350,26.8982
13252,7589,root,0,NA,NA,7589,26.8961
13253,14126,root,0,NA,NA,14126,26.8931
13254,10799,root,0,NA,NA,10799,26.8918
13255,14629,root,0,NA,NA,14629,26.8898
13256,2334,root,0,NA,NA,2334,26.8887
13257,13637,root,0,NA,NA,13637,26.8879
13258,16604,root,0,NA,NA,16604,26.8865
13259,5816,root,0,NA,NA,5816,26.8809
13260,13193,root,0,NA,NA,13193,26.8729
13261,283,root,0,NA,NA,283,26.8721
13262,13191,root,0,NA,NA,13191,26.8683
13263,9869,root,0,NA,NA,9869,26.8681
13264,18989,root,0,NA,NA,18989,26.8628
13265,18669,root,0,NA,NA,18669,26.8505
13266,11454,root,0,NA,NA,11454,26.8459
13267,9997,root,0,NA,NA,9997,26.8451
13268,14591,root,0,NA,NA,14591,26.8402
13269,13177,root,0,NA,NA,13177,26.8376
13270,14999,root,0,NA,NA,14999,26.8332
13271,9328,root,0,NA,NA,9328,26.8281
13272,6306,root,0,NA,NA,6306,26.8222
13273,818,root,0,NA,NA,818,26.8209
13274,10868,root,0,NA,NA,10868,26.8193
13275,12382,root,0,NA,NA,12382,26.8131
13276,7521,root,0,NA,NA,7521,26.8077
13277,8251,root,0,NA,NA,8251,26.8056
13278,1902,root,0,NA,NA,1902,26.804
13279,8034,root,0,NA,NA,8034,26.8013
13280,6217,root,0,NA,NA,6217,26.8006
13281,12132,root,0,NA,NA,12132,26.7996
13282,12794,root,0,NA,NA,12794,26.7975
13283,11250,root,0,NA,NA,11250,26.7953
13284,9304,root,0,NA,NA,9304,26.7877
13285,14113,root,0,NA,NA,14113,26.7866
13286,3169,root,0,NA,NA,3169,26.7822
13287,18698,root,0,NA,NA,18698,26.7805
13288,9550,root,0,NA,NA,9550,26.769
13289,12146,root,0,NA,NA,12146,26.769
13290,13280,root,0,NA,NA,13280,26.7681
13291,10092,root,0,NA,NA,10092,26.7677
13292,15876,root,0,NA,NA,15876,26.7593
13293,14597,root,0,NA,NA,14597,26.7546
13294,13222,root,0,NA,NA,13222,26.7504
13295,10814,root,0,NA,NA,10814,26.7392
13296,6324,root,0,NA,NA,6324,26.7383
13297,10768,root,0,NA,NA,10768,26.7372
13298,12870,root,0,NA,NA,12870,26.7327
13299,12266,root,0,NA,NA,12266,26.7308
13300,6564,root,0,NA,NA,6564,26.7238
13301,17212,root,0,NA,NA,17212,26.7207
13302,7541,root,0,NA,NA,7541,26.7183
13303,15026,root,0,NA,NA,15026,26.7161
13304,19653,root,0,NA,NA,19653,26.7144
13305,11868,root,0,NA,NA,11868,26.714
13306,18339,root,0,NA,NA,18339,26.7133
13307,16057,root,0,NA,NA,16057,26.7101
13308,15534,root,0,NA,NA,15534,26.7076
13309,6821,root,0,NA,NA,6821,26.7061
13310,13164,root,0,NA,NA,13164,26.7052
13311,4389,root,0,NA,NA,4389,26.7045
13312,15540,root,0,NA,NA,15540,26.703
13313,5641,root,0,NA,NA,5641,26.7009
13314,13285,root,0,NA,NA,13285,26.7008
13315,17733,root,0,NA,NA,17733,26.6949
13316,12502,root,0,NA,NA,12502,26.6947
13317,18588,root,0,NA,NA,18588,26.6925
13318,17310,root,0,NA,NA,17310,26.6918
13319,9188,root,0,NA,NA,9188,26.6902
13320,8885,root,0,NA,NA,8885,26.69
13321,16840,root,0,NA,NA,16840,26.689
13322,18091,root,0,NA,NA,18091,26.6866
13323,14528,root,0,NA,NA,14528,26.6862
13324,18716,root,0,NA,NA,18716,26.6822
13325,10718,root,0,NA,NA,10718,26.6818
13326,11645,root,0,NA,NA,11645,26.6797
13327,10020,root,0,NA,NA,10020,26.6676
13328,12487,root,0,NA,NA,12487,26.6584
13329,11329,root,0,NA,NA,11329,26.6559
13330,16156,root,0,NA,NA,16156,26.6527
13331,18113,root,0,NA,NA,18113,26.6519
13332,14915,root,0,NA,NA,14915,26.6494
13333,2688,root,0,NA,NA,2688,26.6494
13334,8638,root,0,NA,NA,8638,26.6447
13335,6342,root,0,NA,NA,6342,26.6416
13336,14069,root,0,NA,NA,14069,26.6362
13337,10668,root,0,NA,NA,10668,26.6341
13338,14234,root,0,NA,NA,14234,26.6304
13339,17235,root,0,NA,NA,17235,26.6287
13340,12781,root,0,NA,NA,12781,26.6248
13341,13116,root,0,NA,NA,13116,26.6204
13342,9444,root,0,NA,NA,9444,26.611
13343,7910,root,0,NA,NA,7910,26.6037
13344,19521,root,0,NA,NA,19521,26.6033
13345,1468,root,0,NA,NA,1468,26.5942
13346,13092,root,0,NA,NA,13092,26.5935
13347,8727,root,0,NA,NA,8727,26.5935
13348,1942,root,0,NA,NA,1942,26.5923
13349,12979,root,0,NA,NA,12979,26.5876
13350,11498,root,0,NA,NA,11498,26.5763
13351,11874,root,0,NA,NA,11874,26.5761
13352,11364,root,0,NA,NA,11364,26.5755
13353,15755,root,0,NA,NA,15755,26.5746
13354,12270,root,0,NA,NA,12270,26.5723
13355,15300,root,0,NA,NA,15300,26.5701
13356,11222,root,0,NA,NA,11222,26.5672
13357,12824,root,0,NA,NA,12824,26.5654
13358,8157,root,0,NA,NA,8157,26.56
13359,1849,root,0,NA,NA,1849,26.559
13360,13321,root,0,NA,NA,13321,26.5557
13361,7136,root,0,NA,NA,7136,26.5536
13362,10349,root,0,NA,NA,10349,26.5535
13363,17753,root,0,NA,NA,17753,26.5515
13364,11408,root,0,NA,NA,11408,26.5492
13365,19922,root,0,NA,NA,19922,26.5473
13366,14061,root,0,NA,NA,14061,26.5441
13367,10854,root,0,NA,NA,10854,26.5379
13368,16712,root,0,NA,NA,16712,26.5379
13369,8859,root,0,NA,NA,8859,26.5291
13370,6704,root,0,NA,NA,6704,26.5273
13371,11855,root,0,NA,NA,11855,26.5236
13372,1062,root,0,NA,NA,1062,26.5211
13373,12829,root,0,NA,NA,12829,26.52
13374,14128,root,0,NA,NA,14128,26.5194
13375,18085,root,0,NA,NA,18085,26.5191
13376,16426,root,0,NA,NA,16426,26.5163
13377,14614,root,0,NA,NA,14614,26.5146
13378,13917,root,0,NA,NA,13917,26.5095
13379,12336,root,0,NA,NA,12336,26.5094
13380,12844,root,0,NA,NA,12844,26.5037
13381,13710,root,0,NA,NA,13710,26.503
13382,9195,root,0,NA,NA,9195,26.501
13383,12738,root,0,NA,NA,12738,26.5005
13384,11397,root,0,NA,NA,11397,26.5004
13385,5539,root,0,NA,NA,5539,26.4989
13386,9404,root,0,NA,NA,9404,26.4973
13387,10131,root,0,NA,NA,10131,26.4953
13388,10805,root,0,NA,NA,10805,26.4938
13389,19656,root,0,NA,NA,19656,26.493
13390,12046,root,0,NA,NA,12046,26.4895
13391,1557,root,0,NA,NA,1557,26.4872
13392,2410,root,0,NA,NA,2410,26.4871
13393,18086,root,0,NA,NA,18086,26.4851
13394,10885,root,0,NA,NA,10885,26.483
13395,10752,root,0,NA,NA,10752,26.4812
13396,12642,root,0,NA,NA,12642,26.4788
13397,10510,root,0,NA,NA,10510,26.4773
13398,9537,root,0,NA,NA,9537,26.4691
13399,13252,root,0,NA,NA,13252,26.467
13400,10947,root,0,NA,NA,10947,26.4632
13401,19216,root,0,NA,NA,19216,26.4622
13402,14451,root,0,NA,NA,14451,26.4621
13403,9600,root,0,NA,NA,9600,26.457
13404,15559,root,0,NA,NA,15559,26.4454
13405,622,root,0,NA,NA,622,26.4413
13406,9055,root,0,NA,NA,9055,26.4402
13407,8982,root,0,NA,NA,8982,26.4362
13408,13676,root,0,NA,NA,13676,26.4315
13409,18717,root,0,NA,NA,18717,26.4312
13410,10977,root,0,NA,NA,10977,26.4312
13411,17774,root,0,NA,NA,17774,26.4296
13412,9960,root,0,NA,NA,9960,26.4292
13413,3976,root,0,NA,NA,3976,26.4252
13414,12341,root,0,NA,NA,12341,26.4232
13415,16603,root,0,NA,NA,16603,26.4229
13416,8378,root,0,NA,NA,8378,26.417
13417,14398,root,0,NA,NA,14398,26.4155
13418,10872,root,0,NA,NA,10872,26.4094
13419,10144,root,0,NA,NA,10144,26.4044
13420,17096,root,0,NA,NA,17096,26.4019
13421,8912,root,0,NA,NA,8912,26.4004
13422,14081,root,0,NA,NA,14081,26.4004
13423,15680,root,0,NA,NA,15680,26.3984
13424,18159,root,0,NA,NA,18159,26.398
13425,13938,root,0,NA,NA,13938,26.3959
13426,19246,root,0,NA,NA,19246,26.3945
13427,17758,root,0,NA,NA,17758,26.3892
13428,12084,root,0,NA,NA,12084,26.3876
13429,11812,root,0,NA,NA,11812,26.387
13430,5976,root,0,NA,NA,5976,26.3851
13431,16673,root,0,NA,NA,16673,26.3823
13432,12486,root,0,NA,NA,12486,26.3767
13433,17727,root,0,NA,NA,17727,26.3741
13434,15550,root,0,NA,NA,15550,26.3733
13435,12407,root,0,NA,NA,12407,26.3728
13436,11758,root,0,NA,NA,11758,26.3661
13437,17866,root,0,NA,NA,17866,26.365
13438,12528,root,0,NA,NA,12528,26.3649
13439,6806,root,0,NA,NA,6806,26.3647
13440,2292,root,0,NA,NA,2292,26.3616
13441,12312,root,0,NA,NA,12312,26.3557
13442,10685,root,0,NA,NA,10685,26.3506
13443,14636,root,0,NA,NA,14636,26.3381
13444,14881,root,0,NA,NA,14881,26.3317
13445,19187,root,0,NA,NA,19187,26.3295
13446,13256,root,0,NA,NA,13256,26.3268
13447,6920,root,0,NA,NA,6920,26.3253
13448,11600,root,0,NA,NA,11600,26.3246
13449,14164,root,0,NA,NA,14164,26.3243
13450,11449,root,0,NA,NA,11449,26.3226
13451,18017,root,0,NA,NA,18017,26.3192
13452,13420,root,0,NA,NA,13420,26.3137
13453,6934,root,0,NA,NA,6934,26.3035
13454,10524,root,0,NA,NA,10524,26.2998
13455,18111,root,0,NA,NA,18111,26.2975
13456,15014,root,0,NA,NA,15014,26.2933
13457,9695,root,0,NA,NA,9695,26.2928
13458,12264,root,0,NA,NA,12264,26.2804
13459,19061,root,0,NA,NA,19061,26.2737
13460,12762,root,0,NA,NA,12762,26.2731
13461,5081,root,0,NA,NA,5081,26.2717
13462,4701,root,0,NA,NA,4701,26.2636
13463,12465,root,0,NA,NA,12465,26.2625
13464,17939,root,0,NA,NA,17939,26.2581
13465,16004,root,0,NA,NA,16004,26.2575
13466,16598,root,0,NA,NA,16598,26.252
13467,16364,root,0,NA,NA,16364,26.2493
13468,11382,root,0,NA,NA,11382,26.2464
13469,11086,root,0,NA,NA,11086,26.2435
13470,16395,root,0,NA,NA,16395,26.2419
13471,12028,root,0,NA,NA,12028,26.238
13472,1800,root,0,NA,NA,1800,26.2372
13473,4219,root,0,NA,NA,4219,26.236
13474,8822,root,0,NA,NA,8822,26.2351
13475,10802,root,0,NA,NA,10802,26.2336
13476,5429,root,0,NA,NA,5429,26.2293
13477,8830,root,0,NA,NA,8830,26.2246
13478,10780,root,0,NA,NA,10780,26.2198
13479,12659,root,0,NA,NA,12659,26.2177
13480,10531,root,0,NA,NA,10531,26.2167
13481,6495,root,0,NA,NA,6495,26.2135
13482,10850,root,0,NA,NA,10850,26.2077
13483,17402,root,0,NA,NA,17402,26.1974
13484,9936,root,0,NA,NA,9936,26.1795
13485,16072,root,0,NA,NA,16072,26.1776
13486,12524,root,0,NA,NA,12524,26.1744
13487,832,root,0,NA,NA,832,26.1718
13488,2057,root,0,NA,NA,2057,26.1701
13489,4340,root,0,NA,NA,4340,26.1654
13490,13657,root,0,NA,NA,13657,26.1532
13491,3884,root,0,NA,NA,3884,26.1531
13492,9285,root,0,NA,NA,9285,26.1481
13493,9579,root,0,NA,NA,9579,26.1465
13494,11010,root,0,NA,NA,11010,26.1442
13495,1824,root,0,NA,NA,1824,26.1353
13496,13884,root,0,NA,NA,13884,26.1352
13497,536,root,0,NA,NA,536,26.1294
13498,1976,root,0,NA,NA,1976,26.1287
13499,9854,root,0,NA,NA,9854,26.1254
13500,643,root,0,NA,NA,643,26.125
13501,2586,root,0,NA,NA,2586,26.1246
13502,16258,root,0,NA,NA,16258,26.1244
13503,13711,root,0,NA,NA,13711,26.1225
13504,7926,root,0,NA,NA,7926,26.1207
13505,15176,root,0,NA,NA,15176,26.1129
13506,13314,root,0,NA,NA,13314,26.1101
13507,11681,root,0,NA,NA,11681,26.1081
13508,11825,root,0,NA,NA,11825,26.1038
13509,10773,root,0,NA,NA,10773,26.0979
13510,9578,root,0,NA,NA,9578,26.0972
13511,12728,root,0,NA,NA,12728,26.0963
13512,11756,root,0,NA,NA,11756,26.0939
13513,10235,root,0,NA,NA,10235,26.0935
13514,12214,root,0,NA,NA,12214,26.0911
13515,14916,root,0,NA,NA,14916,26.0906
13516,13174,root,0,NA,NA,13174,26.0895
13517,9931,root,0,NA,NA,9931,26.0838
13518,9087,root,0,NA,NA,9087,26.0798
13519,13105,root,0,NA,NA,13105,26.0754
13520,13038,root,0,NA,NA,13038,26.0724
13521,10549,root,0,NA,NA,10549,26.0695
13522,11526,root,0,NA,NA,11526,26.069
13523,8293,root,0,NA,NA,8293,26.0653
13524,18569,root,0,NA,NA,18569,26.0625
13525,9216,root,0,NA,NA,9216,26.0591
13526,18565,root,0,NA,NA,18565,26.0558
13527,16557,root,0,NA,NA,16557,26.0553
13528,15002,root,0,NA,NA,15002,26.0523
13529,9720,root,0,NA,NA,9720,26.0516
13530,18887,root,0,NA,NA,18887,26.0455
13531,3826,root,0,NA,NA,3826,26.0424
13532,15827,root,0,NA,NA,15827,26.0416
13533,15124,root,0,NA,NA,15124,26.038
13534,12444,root,0,NA,NA,12444,26.0306
13535,15265,root,0,NA,NA,15265,26.0305
13536,11333,root,0,NA,NA,11333,26.026
13537,17985,root,0,NA,NA,17985,26.0243
13538,12277,root,0,NA,NA,12277,26.0233
13539,8151,root,0,NA,NA,8151,26.023
13540,7639,root,0,NA,NA,7639,26.0215
13541,17399,root,0,NA,NA,17399,26.0181
13542,9267,root,0,NA,NA,9267,26.0167
13543,18264,root,0,NA,NA,18264,26.016
13544,6518,root,0,NA,NA,6518,26.0153
13545,11845,root,0,NA,NA,11845,26.0145
13546,11623,root,0,NA,NA,11623,26.0087
13547,5362,root,0,NA,NA,5362,26.0064
13548,10948,root,0,NA,NA,10948,25.9939
13549,14621,root,0,NA,NA,14621,25.9916
13550,19041,root,0,NA,NA,19041,25.9899
13551,11390,root,0,NA,NA,11390,25.9885
13552,14539,root,0,NA,NA,14539,25.9883
13553,20,root,0,NA,NA,20,25.9861
13554,9850,root,0,NA,NA,9850,25.9846
13555,11121,root,0,NA,NA,11121,25.9834
13556,9574,root,0,NA,NA,9574,25.9808
13557,4183,root,0,NA,NA,4183,25.9788
13558,16301,root,0,NA,NA,16301,25.9758
13559,761,root,0,NA,NA,761,25.9706
13560,9224,root,0,NA,NA,9224,25.9695
13561,12321,root,0,NA,NA,12321,25.9521
13562,18959,root,0,NA,NA,18959,25.952
13563,19572,root,0,NA,NA,19572,25.9412
13564,4086,root,0,NA,NA,4086,25.9399
13565,13939,root,0,NA,NA,13939,25.9379
13566,12401,root,0,NA,NA,12401,25.9329
13567,13258,root,0,NA,NA,13258,25.9326
13568,13136,root,0,NA,NA,13136,25.9291
13569,18703,root,0,NA,NA,18703,25.9274
13570,13386,root,0,NA,NA,13386,25.9233
13571,1434,root,0,NA,NA,1434,25.9141
13572,14959,root,0,NA,NA,14959,25.9129
13573,5900,root,0,NA,NA,5900,25.9111
13574,13485,root,0,NA,NA,13485,25.9098
13575,13065,root,0,NA,NA,13065,25.9068
13576,7528,root,0,NA,NA,7528,25.9041
13577,19215,root,0,NA,NA,19215,25.9029
13578,15038,root,0,NA,NA,15038,25.8997
13579,18988,root,0,NA,NA,18988,25.8984
13580,7607,root,0,NA,NA,7607,25.8957
13581,14413,root,0,NA,NA,14413,25.8881
13582,10770,root,0,NA,NA,10770,25.8879
13583,17184,root,0,NA,NA,17184,25.8834
13584,4028,root,0,NA,NA,4028,25.8825
13585,15110,root,0,NA,NA,15110,25.8779
13586,11340,root,0,NA,NA,11340,25.8766
13587,18313,root,0,NA,NA,18313,25.8752
13588,13185,root,0,NA,NA,13185,25.8734
13589,2175,root,0,NA,NA,2175,25.8722
13590,12956,root,0,NA,NA,12956,25.87
13591,10140,root,0,NA,NA,10140,25.8692
13592,5074,root,0,NA,NA,5074,25.8687
13593,8186,root,0,NA,NA,8186,25.8556
13594,18039,root,0,NA,NA,18039,25.8545
13595,12868,root,0,NA,NA,12868,25.8508
13596,19013,root,0,NA,NA,19013,25.8504
13597,17433,root,0,NA,NA,17433,25.8465
13598,17781,root,0,NA,NA,17781,25.8456
13599,14514,root,0,NA,NA,14514,25.8453
13600,10220,root,0,NA,NA,10220,25.8438
13601,12011,root,0,NA,NA,12011,25.8432
13602,18185,root,0,NA,NA,18185,25.8429
13603,19133,root,0,NA,NA,19133,25.841
13604,19231,root,0,NA,NA,19231,25.8401
13605,16283,root,0,NA,NA,16283,25.8314
13606,8411,root,0,NA,NA,8411,25.8313
13607,17156,root,0,NA,NA,17156,25.8312
13608,15819,root,0,NA,NA,15819,25.8311
13609,13145,root,0,NA,NA,13145,25.8284
13610,11963,root,0,NA,NA,11963,25.8272
13611,6712,root,0,NA,NA,6712,25.8219
13612,3070,root,0,NA,NA,3070,25.82
13613,11629,root,0,NA,NA,11629,25.8133
13614,9874,root,0,NA,NA,9874,25.8124
13615,14361,root,0,NA,NA,14361,25.8062
13616,2421,root,0,NA,NA,2421,25.8048
13617,8693,root,0,NA,NA,8693,25.8007
13618,18917,root,0,NA,NA,18917,25.798
13619,18563,root,0,NA,NA,18563,25.7967
13620,1146,root,0,NA,NA,1146,25.7965
13621,6293,root,0,NA,NA,6293,25.7929
13622,7563,root,0,NA,NA,7563,25.7913
13623,4096,root,0,NA,NA,4096,25.7912
13624,10849,root,0,NA,NA,10849,25.7842
13625,5552,root,0,NA,NA,5552,25.7796
13626,15340,root,0,NA,NA,15340,25.7787
13627,3007,root,0,NA,NA,3007,25.773
13628,8066,root,0,NA,NA,8066,25.7721
13629,3148,root,0,NA,NA,3148,25.7665
13630,11331,root,0,NA,NA,11331,25.7656
13631,7584,root,0,NA,NA,7584,25.7612
13632,4842,root,0,NA,NA,4842,25.7575
13633,19158,root,0,NA,NA,19158,25.7565
13634,10023,root,0,NA,NA,10023,25.7527
13635,13380,root,0,NA,NA,13380,25.7523
13636,18352,root,0,NA,NA,18352,25.7495
13637,9994,root,0,NA,NA,9994,25.746
13638,14775,root,0,NA,NA,14775,25.7361
13639,9798,root,0,NA,NA,9798,25.7329
13640,13128,root,0,NA,NA,13128,25.7317
13641,17630,root,0,NA,NA,17630,25.7284
13642,17950,root,0,NA,NA,17950,25.7271
13643,10196,root,0,NA,NA,10196,25.7225
13644,7647,root,0,NA,NA,7647,25.7209
13645,13339,root,0,NA,NA,13339,25.7169
13646,9941,root,0,NA,NA,9941,25.7168
13647,11694,root,0,NA,NA,11694,25.7162
13648,651,root,0,NA,NA,651,25.7106
13649,1748,root,0,NA,NA,1748,25.7034
13650,11392,root,0,NA,NA,11392,25.7016
13651,14599,root,0,NA,NA,14599,25.7003
13652,11528,root,0,NA,NA,11528,25.6986
13653,17983,root,0,NA,NA,17983,25.6983
13654,10755,root,0,NA,NA,10755,25.6979
13655,16839,root,0,NA,NA,16839,25.69
13656,17597,root,0,NA,NA,17597,25.6837
13657,9277,root,0,NA,NA,9277,25.6787
13658,10269,root,0,NA,NA,10269,25.6779
13659,11605,root,0,NA,NA,11605,25.6734
13660,12757,root,0,NA,NA,12757,25.6713
13661,17547,root,0,NA,NA,17547,25.6702
13662,14255,root,0,NA,NA,14255,25.6687
13663,6128,root,0,NA,NA,6128,25.6672
13664,8371,root,0,NA,NA,8371,25.666
13665,12722,root,0,NA,NA,12722,25.6613
13666,8667,root,0,NA,NA,8667,25.6566
13667,1883,root,0,NA,NA,1883,25.6533
13668,9777,root,0,NA,NA,9777,25.6497
13669,10517,root,0,NA,NA,10517,25.6477
13670,16199,root,0,NA,NA,16199,25.6476
13671,14319,root,0,NA,NA,14319,25.6424
13672,18101,root,0,NA,NA,18101,25.6406
13673,5913,root,0,NA,NA,5913,25.6381
13674,7796,root,0,NA,NA,7796,25.6324
13675,18580,root,0,NA,NA,18580,25.6306
13676,19628,root,0,NA,NA,19628,25.6301
13677,10170,root,0,NA,NA,10170,25.6282
13678,15539,root,0,NA,NA,15539,25.6273
13679,12141,root,0,NA,NA,12141,25.6195
13680,2227,root,0,NA,NA,2227,25.6179
13681,11895,root,0,NA,NA,11895,25.6169
13682,13916,root,0,NA,NA,13916,25.6166
13683,5698,root,0,NA,NA,5698,25.6148
13684,12495,root,0,NA,NA,12495,25.614
13685,12689,root,0,NA,NA,12689,25.6027
13686,112,root,0,NA,NA,112,25.6004
13687,16515,root,0,NA,NA,16515,25.5987
13688,7361,root,0,NA,NA,7361,25.5902
13689,13373,root,0,NA,NA,13373,25.5818
13690,11334,root,0,NA,NA,11334,25.5816
13691,15399,root,0,NA,NA,15399,25.5706
13692,8545,root,0,NA,NA,8545,25.57
13693,1970,root,0,NA,NA,1970,25.564
13694,12273,root,0,NA,NA,12273,25.562
13695,17941,root,0,NA,NA,17941,25.556
13696,8864,root,0,NA,NA,8864,25.5495
13697,12831,root,0,NA,NA,12831,25.529
13698,8945,root,0,NA,NA,8945,25.5248
13699,16815,root,0,NA,NA,16815,25.5245
13700,12820,root,0,NA,NA,12820,25.5223
13701,6783,root,0,NA,NA,6783,25.5208
13702,3711,root,0,NA,NA,3711,25.5202
13703,2332,root,0,NA,NA,2332,25.5187
13704,14483,root,0,NA,NA,14483,25.5104
13705,14858,root,0,NA,NA,14858,25.5097
13706,4591,root,0,NA,NA,4591,25.5033
13707,17679,root,0,NA,NA,17679,25.5016
13708,12742,root,0,NA,NA,12742,25.4971
13709,13281,root,0,NA,NA,13281,25.4912
13710,6089,root,0,NA,NA,6089,25.4847
13711,13233,root,0,NA,NA,13233,25.482
13712,1609,root,0,NA,NA,1609,25.4758
13713,15019,root,0,NA,NA,15019,25.4758
13714,7503,root,0,NA,NA,7503,25.4744
13715,292,root,0,NA,NA,292,25.4685
13716,14656,root,0,NA,NA,14656,25.4648
13717,11709,root,0,NA,NA,11709,25.4638
13718,13389,root,0,NA,NA,13389,25.4631
13719,7576,root,0,NA,NA,7576,25.4592
13720,12373,root,0,NA,NA,12373,25.4481
13721,18958,root,0,NA,NA,18958,25.446
13722,13735,root,0,NA,NA,13735,25.4454
13723,18369,root,0,NA,NA,18369,25.4453
13724,12954,root,0,NA,NA,12954,25.4452
13725,12470,root,0,NA,NA,12470,25.4415
13726,10771,root,0,NA,NA,10771,25.4401
13727,1080,root,0,NA,NA,1080,25.4363
13728,18952,root,0,NA,NA,18952,25.4334
13729,6706,root,0,NA,NA,6706,25.4318
13730,11011,root,0,NA,NA,11011,25.4287
13731,9944,root,0,NA,NA,9944,25.4284
13732,11711,root,0,NA,NA,11711,25.4163
13733,12708,root,0,NA,NA,12708,25.4123
13734,9841,root,0,NA,NA,9841,25.4053
13735,17182,root,0,NA,NA,17182,25.3993
13736,4115,root,0,NA,NA,4115,25.3974
13737,18997,root,0,NA,NA,18997,25.3965
13738,5620,root,0,NA,NA,5620,25.3949
13739,12536,root,0,NA,NA,12536,25.3945
13740,9065,root,0,NA,NA,9065,25.3914
13741,13372,root,0,NA,NA,13372,25.3911
13742,13085,root,0,NA,NA,13085,25.3908
13743,12467,root,0,NA,NA,12467,25.3895
13744,8259,root,0,NA,NA,8259,25.3887
13745,15025,root,0,NA,NA,15025,25.3868
13746,10747,root,0,NA,NA,10747,25.3855
13747,8825,root,0,NA,NA,8825,25.3852
13748,8833,root,0,NA,NA,8833,25.3841
13749,13522,root,0,NA,NA,13522,25.3838
13750,4044,root,0,NA,NA,4044,25.3834
13751,8610,root,0,NA,NA,8610,25.3828
13752,18864,root,0,NA,NA,18864,25.3823
13753,18896,root,0,NA,NA,18896,25.3779
13754,6895,root,0,NA,NA,6895,25.3713
13755,9311,root,0,NA,NA,9311,25.3709
13756,3421,root,0,NA,NA,3421,25.3708
13757,14541,root,0,NA,NA,14541,25.3688
13758,11277,root,0,NA,NA,11277,25.3657
13759,12715,root,0,NA,NA,12715,25.359
13760,19191,root,0,NA,NA,19191,25.3534
13761,16128,root,0,NA,NA,16128,25.3519
13762,15623,root,0,NA,NA,15623,25.3473
13763,10791,root,0,NA,NA,10791,25.344
13764,3628,root,0,NA,NA,3628,25.3432
13765,12490,root,0,NA,NA,12490,25.3389
13766,13348,root,0,NA,NA,13348,25.3353
13767,10997,root,0,NA,NA,10997,25.3352
13768,16692,root,0,NA,NA,16692,25.3306
13769,18861,root,0,NA,NA,18861,25.3279
13770,18673,root,0,NA,NA,18673,25.3166
13771,10716,root,0,NA,NA,10716,25.3161
13772,10757,root,0,NA,NA,10757,25.3109
13773,11999,root,0,NA,NA,11999,25.308
13774,16152,root,0,NA,NA,16152,25.3044
13775,10254,root,0,NA,NA,10254,25.301
13776,18704,root,0,NA,NA,18704,25.2967
13777,10176,root,0,NA,NA,10176,25.2957
13778,16253,root,0,NA,NA,16253,25.2943
13779,16368,root,0,NA,NA,16368,25.2939
13780,18455,root,0,NA,NA,18455,25.291
13781,8068,root,0,NA,NA,8068,25.2879
13782,2138,root,0,NA,NA,2138,25.2875
13783,19046,root,0,NA,NA,19046,25.2861
13784,12709,root,0,NA,NA,12709,25.2839
13785,4059,root,0,NA,NA,4059,25.2825
13786,13458,root,0,NA,NA,13458,25.2804
13787,19297,root,0,NA,NA,19297,25.2788
13788,13370,root,0,NA,NA,13370,25.2767
13789,18098,root,0,NA,NA,18098,25.2727
13790,7439,root,0,NA,NA,7439,25.272
13791,10366,root,0,NA,NA,10366,25.2715
13792,12323,root,0,NA,NA,12323,25.268
13793,12792,root,0,NA,NA,12792,25.2673
13794,19616,root,0,NA,NA,19616,25.267
13795,11661,root,0,NA,NA,11661,25.2646
13796,8405,root,0,NA,NA,8405,25.2642
13797,18595,root,0,NA,NA,18595,25.258
13798,18897,root,0,NA,NA,18897,25.2559
13799,98,root,0,NA,NA,98,25.254
13800,17721,root,0,NA,NA,17721,25.25
13801,19467,root,0,NA,NA,19467,25.246
13802,12531,root,0,NA,NA,12531,25.2428
13803,19217,root,0,NA,NA,19217,25.2377
13804,10293,root,0,NA,NA,10293,25.2269
13805,14433,root,0,NA,NA,14433,25.2259
13806,19439,root,0,NA,NA,19439,25.225
13807,10962,root,0,NA,NA,10962,25.224
13808,13471,root,0,NA,NA,13471,25.2237
13809,7143,root,0,NA,NA,7143,25.2133
13810,13813,root,0,NA,NA,13813,25.2092
13811,5209,root,0,NA,NA,5209,25.2082
13812,7116,root,0,NA,NA,7116,25.2064
13813,7124,root,0,NA,NA,7124,25.2064
13814,4185,root,0,NA,NA,4185,25.2031
13815,12711,root,0,NA,NA,12711,25.2022
13816,10949,root,0,NA,NA,10949,25.202
13817,10764,root,0,NA,NA,10764,25.1991
13818,15947,root,0,NA,NA,15947,25.1979
13819,13353,root,0,NA,NA,13353,25.1969
13820,1241,root,0,NA,NA,1241,25.1962
13821,14933,root,0,NA,NA,14933,25.1923
13822,13196,root,0,NA,NA,13196,25.1893
13823,14910,root,0,NA,NA,14910,25.1867
13824,11309,root,0,NA,NA,11309,25.1854
13825,8856,root,0,NA,NA,8856,25.18
13826,11976,root,0,NA,NA,11976,25.177
13827,17425,root,0,NA,NA,17425,25.1768
13828,14254,root,0,NA,NA,14254,25.1717
13829,11350,root,0,NA,NA,11350,25.1711
13830,12010,root,0,NA,NA,12010,25.1598
13831,19743,root,0,NA,NA,19743,25.1576
13832,11656,root,0,NA,NA,11656,25.1573
13833,17732,root,0,NA,NA,17732,25.1505
13834,11796,root,0,NA,NA,11796,25.1501
13835,8672,root,0,NA,NA,8672,25.1409
13836,8793,root,0,NA,NA,8793,25.1388
13837,6618,root,0,NA,NA,6618,25.1379
13838,9630,root,0,NA,NA,9630,25.1357
13839,7010,root,0,NA,NA,7010,25.1354
13840,17140,root,0,NA,NA,17140,25.1326
13841,19445,root,0,NA,NA,19445,25.1324
13842,8953,root,0,NA,NA,8953,25.1293
13843,15720,root,0,NA,NA,15720,25.1289
13844,10124,root,0,NA,NA,10124,25.1275
13845,13991,root,0,NA,NA,13991,25.1275
13846,5708,root,0,NA,NA,5708,25.1256
13847,17086,root,0,NA,NA,17086,25.1217
13848,11630,root,0,NA,NA,11630,25.115
13849,17645,root,0,NA,NA,17645,25.1135
13850,11409,root,0,NA,NA,11409,25.1077
13851,12208,root,0,NA,NA,12208,25.1067
13852,19745,root,0,NA,NA,19745,25.1039
13853,15892,root,0,NA,NA,15892,25.1035
13854,11937,root,0,NA,NA,11937,25.103
13855,16913,root,0,NA,NA,16913,25.1022
13856,12593,root,0,NA,NA,12593,25.098
13857,10359,root,0,NA,NA,10359,25.0914
13858,12991,root,0,NA,NA,12991,25.0905
13859,19560,root,0,NA,NA,19560,25.0714
13860,8917,root,0,NA,NA,8917,25.0711
13861,70,root,0,NA,NA,70,25.0692
13862,19255,root,0,NA,NA,19255,25.0683
13863,18178,root,0,NA,NA,18178,25.0604
13864,6272,root,0,NA,NA,6272,25.0593
13865,11183,root,0,NA,NA,11183,25.0566
13866,10216,root,0,NA,NA,10216,25.0517
13867,10775,root,0,NA,NA,10775,25.0495
13868,9989,root,0,NA,NA,9989,25.0448
13869,16927,root,0,NA,NA,16927,25.0442
13870,6146,root,0,NA,NA,6146,25.0422
13871,9963,root,0,NA,NA,9963,25.0388
13872,13730,root,0,NA,NA,13730,25.0382
13873,5136,root,0,NA,NA,5136,25.0356
13874,18042,root,0,NA,NA,18042,25.031
13875,4586,root,0,NA,NA,4586,25.0272
13876,16186,root,0,NA,NA,16186,25.0265
13877,14416,root,0,NA,NA,14416,25.026
13878,16105,root,0,NA,NA,16105,25.0255
13879,10078,root,0,NA,NA,10078,25.0203
13880,19415,root,0,NA,NA,19415,25.02
13881,12882,root,0,NA,NA,12882,25.0186
13882,11740,root,0,NA,NA,11740,25.0177
13883,19119,root,0,NA,NA,19119,25.0165
13884,8471,root,0,NA,NA,8471,25.0156
13885,16934,root,0,NA,NA,16934,25.0127
13886,811,root,0,NA,NA,811,25.0076
13887,13527,root,0,NA,NA,13527,24.9993
13888,14271,root,0,NA,NA,14271,24.9905
13889,10287,root,0,NA,NA,10287,24.9862
13890,8995,root,0,NA,NA,8995,24.9838
13891,19875,root,0,NA,NA,19875,24.9765
13892,15190,root,0,NA,NA,15190,24.9751
13893,4730,root,0,NA,NA,4730,24.9688
13894,13591,root,0,NA,NA,13591,24.965
13895,18322,root,0,NA,NA,18322,24.9641
13896,11616,root,0,NA,NA,11616,24.9608
13897,15705,root,0,NA,NA,15705,24.9596
13898,9211,root,0,NA,NA,9211,24.9589
13899,12292,root,0,NA,NA,12292,24.9554
13900,15514,root,0,NA,NA,15514,24.9512
13901,12197,root,0,NA,NA,12197,24.9447
13902,15045,root,0,NA,NA,15045,24.9437
13903,18389,root,0,NA,NA,18389,24.9408
13904,17233,root,0,NA,NA,17233,24.9401
13905,12368,root,0,NA,NA,12368,24.9395
13906,16647,root,0,NA,NA,16647,24.938
13907,13058,root,0,NA,NA,13058,24.9376
13908,19892,root,0,NA,NA,19892,24.9369
13909,2502,root,0,NA,NA,2502,24.933
13910,11939,root,0,NA,NA,11939,24.9302
13911,16033,root,0,NA,NA,16033,24.9239
13912,11931,root,0,NA,NA,11931,24.9214
13913,6230,root,0,NA,NA,6230,24.9209
13914,16320,root,0,NA,NA,16320,24.9199
13915,15685,root,0,NA,NA,15685,24.9163
13916,14488,root,0,NA,NA,14488,24.9152
13917,14404,root,0,NA,NA,14404,24.9068
13918,562,root,0,NA,NA,562,24.9056
13919,4866,root,0,NA,NA,4866,24.9036
13920,9414,root,0,NA,NA,9414,24.8967
13921,4827,root,0,NA,NA,4827,24.8948
13922,19304,root,0,NA,NA,19304,24.8947
13923,11153,root,0,NA,NA,11153,24.8915
13924,16939,root,0,NA,NA,16939,24.89
13925,14593,root,0,NA,NA,14593,24.8878
13926,7034,root,0,NA,NA,7034,24.8868
13927,12008,root,0,NA,NA,12008,24.8856
13928,13794,root,0,NA,NA,13794,24.8703
13929,11436,root,0,NA,NA,11436,24.8692
13930,18059,root,0,NA,NA,18059,24.8636
13931,3057,root,0,NA,NA,3057,24.8606
13932,3840,root,0,NA,NA,3840,24.8592
13933,7932,root,0,NA,NA,7932,24.8582
13934,19333,root,0,NA,NA,19333,24.858
13935,13161,root,0,NA,NA,13161,24.8572
13936,16878,root,0,NA,NA,16878,24.857
13937,15669,root,0,NA,NA,15669,24.85
13938,19220,root,0,NA,NA,19220,24.8479
13939,19459,root,0,NA,NA,19459,24.8376
13940,11097,root,0,NA,NA,11097,24.8262
13941,12003,root,0,NA,NA,12003,24.8189
13942,2046,root,0,NA,NA,2046,24.8168
13943,15429,root,0,NA,NA,15429,24.8141
13944,13635,root,0,NA,NA,13635,24.8092
13945,14945,root,0,NA,NA,14945,24.8081
13946,19301,root,0,NA,NA,19301,24.808
13947,19622,root,0,NA,NA,19622,24.8061
13948,10955,root,0,NA,NA,10955,24.8051
13949,11821,root,0,NA,NA,11821,24.8043
13950,1955,root,0,NA,NA,1955,24.8041
13951,12167,root,0,NA,NA,12167,24.8004
13952,9919,root,0,NA,NA,9919,24.799
13953,11500,root,0,NA,NA,11500,24.7967
13954,17253,root,0,NA,NA,17253,24.7955
13955,13583,root,0,NA,NA,13583,24.7877
13956,5803,root,0,NA,NA,5803,24.7869
13957,16133,root,0,NA,NA,16133,24.7762
13958,11501,root,0,NA,NA,11501,24.7753
13959,2821,root,0,NA,NA,2821,24.7746
13960,9602,root,0,NA,NA,9602,24.7721
13961,8088,root,0,NA,NA,8088,24.7697
13962,13741,root,0,NA,NA,13741,24.7679
13963,17815,root,0,NA,NA,17815,24.762
13964,17819,root,0,NA,NA,17819,24.7612
13965,13577,root,0,NA,NA,13577,24.7514
13966,17949,root,0,NA,NA,17949,24.7506
13967,4806,root,0,NA,NA,4806,24.7499
13968,16838,root,0,NA,NA,16838,24.7499
13969,14531,root,0,NA,NA,14531,24.7435
13970,13107,root,0,NA,NA,13107,24.7422
13971,9842,root,0,NA,NA,9842,24.7414
13972,2260,root,0,NA,NA,2260,24.7406
13973,2281,root,0,NA,NA,2281,24.7406
13974,2294,root,0,NA,NA,2294,24.7406
13975,16090,root,0,NA,NA,16090,24.7392
13976,8439,root,0,NA,NA,8439,24.7327
13977,18131,root,0,NA,NA,18131,24.7292
13978,18760,root,0,NA,NA,18760,24.729
13979,11165,root,0,NA,NA,11165,24.7283
13980,17449,root,0,NA,NA,17449,24.7271
13981,18770,root,0,NA,NA,18770,24.7257
13982,19198,root,0,NA,NA,19198,24.7248
13983,19325,root,0,NA,NA,19325,24.7218
13984,13494,root,0,NA,NA,13494,24.7175
13985,11168,root,0,NA,NA,11168,24.7165
13986,1559,root,0,NA,NA,1559,24.7118
13987,9315,root,0,NA,NA,9315,24.7089
13988,13257,root,0,NA,NA,13257,24.7077
13989,10745,root,0,NA,NA,10745,24.6991
13990,9846,root,0,NA,NA,9846,24.6906
13991,2677,root,0,NA,NA,2677,24.6879
13992,12511,root,0,NA,NA,12511,24.6868
13993,13342,root,0,NA,NA,13342,24.682
13994,18342,root,0,NA,NA,18342,24.6814
13995,7909,root,0,NA,NA,7909,24.6791
13996,5447,root,0,NA,NA,5447,24.6728
13997,4416,root,0,NA,NA,4416,24.6708
13998,16201,root,0,NA,NA,16201,24.669
13999,10666,root,0,NA,NA,10666,24.6659
14000,2359,root,0,NA,NA,2359,24.6643
14001,4620,root,0,NA,NA,4620,24.6638
14002,8377,root,0,NA,NA,8377,24.6636
14003,11527,root,0,NA,NA,11527,24.6633
14004,8081,root,0,NA,NA,8081,24.6617
14005,16366,root,0,NA,NA,16366,24.6612
14006,7693,root,0,NA,NA,7693,24.6594
14007,17138,root,0,NA,NA,17138,24.6584
14008,5586,root,0,NA,NA,5586,24.6562
14009,11772,root,0,NA,NA,11772,24.6523
14010,7638,root,0,NA,NA,7638,24.6511
14011,12387,root,0,NA,NA,12387,24.6501
14012,7277,root,0,NA,NA,7277,24.6477
14013,13393,root,0,NA,NA,13393,24.6455
14014,164,root,0,NA,NA,164,24.6448
14015,5730,root,0,NA,NA,5730,24.6429
14016,10094,root,0,NA,NA,10094,24.6427
14017,11252,root,0,NA,NA,11252,24.6401
14018,9757,root,0,NA,NA,9757,24.6394
14019,14816,root,0,NA,NA,14816,24.6388
14020,13868,root,0,NA,NA,13868,24.6382
14021,17313,root,0,NA,NA,17313,24.6371
14022,6937,root,0,NA,NA,6937,24.6364
14023,12501,root,0,NA,NA,12501,24.6353
14024,630,root,0,NA,NA,630,24.6351
14025,18847,root,0,NA,NA,18847,24.6347
14026,9219,root,0,NA,NA,9219,24.6318
14027,10028,root,0,NA,NA,10028,24.6282
14028,12103,root,0,NA,NA,12103,24.6262
14029,3279,root,0,NA,NA,3279,24.6225
14030,12338,root,0,NA,NA,12338,24.6193
14031,9849,root,0,NA,NA,9849,24.6129
14032,6392,root,0,NA,NA,6392,24.6116
14033,18943,root,0,NA,NA,18943,24.6074
14034,5842,root,0,NA,NA,5842,24.6059
14035,11297,root,0,NA,NA,11297,24.6042
14036,14022,root,0,NA,NA,14022,24.604
14037,10741,root,0,NA,NA,10741,24.6007
14038,12343,root,0,NA,NA,12343,24.5998
14039,11659,root,0,NA,NA,11659,24.5975
14040,10455,root,0,NA,NA,10455,24.5894
14041,11862,root,0,NA,NA,11862,24.5824
14042,19221,root,0,NA,NA,19221,24.5806
14043,16776,root,0,NA,NA,16776,24.5758
14044,8673,root,0,NA,NA,8673,24.5741
14045,5772,root,0,NA,NA,5772,24.5694
14046,18493,root,0,NA,NA,18493,24.569
14047,11496,root,0,NA,NA,11496,24.5653
14048,4444,root,0,NA,NA,4444,24.5631
14049,7947,root,0,NA,NA,7947,24.5613
14050,11820,root,0,NA,NA,11820,24.5584
14051,13992,root,0,NA,NA,13992,24.5573
14052,16533,root,0,NA,NA,16533,24.5566
14053,9322,root,0,NA,NA,9322,24.5562
14054,9003,root,0,NA,NA,9003,24.554
14055,19263,root,0,NA,NA,19263,24.5526
14056,12078,root,0,NA,NA,12078,24.5515
14057,10976,root,0,NA,NA,10976,24.5488
14058,13423,root,0,NA,NA,13423,24.5485
14059,9241,root,0,NA,NA,9241,24.5405
14060,13808,root,0,NA,NA,13808,24.5352
14061,16491,root,0,NA,NA,16491,24.5327
14062,6957,root,0,NA,NA,6957,24.5291
14063,16473,root,0,NA,NA,16473,24.5262
14064,13340,root,0,NA,NA,13340,24.5255
14065,15616,root,0,NA,NA,15616,24.5136
14066,13086,root,0,NA,NA,13086,24.5095
14067,10587,root,0,NA,NA,10587,24.5064
14068,10818,root,0,NA,NA,10818,24.5051
14069,5214,root,0,NA,NA,5214,24.4943
14070,11451,root,0,NA,NA,11451,24.4933
14071,17252,root,0,NA,NA,17252,24.4912
14072,13799,root,0,NA,NA,13799,24.4776
14073,19444,root,0,NA,NA,19444,24.4746
14074,12105,root,0,NA,NA,12105,24.4658
14075,8329,root,0,NA,NA,8329,24.4649
14076,6159,root,0,NA,NA,6159,24.4647
14077,19654,root,0,NA,NA,19654,24.4621
14078,19917,root,0,NA,NA,19917,24.4582
14079,16636,root,0,NA,NA,16636,24.4551
14080,15231,root,0,NA,NA,15231,24.4526
14081,18267,root,0,NA,NA,18267,24.4483
14082,17521,root,0,NA,NA,17521,24.4435
14083,15566,root,0,NA,NA,15566,24.4433
14084,588,root,0,NA,NA,588,24.4361
14085,14644,root,0,NA,NA,14644,24.4361
14086,12598,root,0,NA,NA,12598,24.434
14087,7941,root,0,NA,NA,7941,24.4326
14088,19877,root,0,NA,NA,19877,24.4278
14089,2798,root,0,NA,NA,2798,24.4252
14090,863,root,0,NA,NA,863,24.4249
14091,19169,root,0,NA,NA,19169,24.4084
14092,13333,root,0,NA,NA,13333,24.3985
14093,14447,root,0,NA,NA,14447,24.3957
14094,17967,root,0,NA,NA,17967,24.3957
14095,18005,root,0,NA,NA,18005,24.3943
14096,282,root,0,NA,NA,282,24.393
14097,12300,root,0,NA,NA,12300,24.382
14098,11730,root,0,NA,NA,11730,24.3689
14099,7052,root,0,NA,NA,7052,24.3616
14100,9787,root,0,NA,NA,9787,24.3596
14101,1753,root,0,NA,NA,1753,24.3575
14102,10930,root,0,NA,NA,10930,24.3534
14103,5731,root,0,NA,NA,5731,24.3465
14104,5744,root,0,NA,NA,5744,24.3465
14105,5752,root,0,NA,NA,5752,24.3465
14106,5757,root,0,NA,NA,5757,24.3465
14107,15904,root,0,NA,NA,15904,24.3447
14108,19737,root,0,NA,NA,19737,24.3413
14109,17614,root,0,NA,NA,17614,24.3412
14110,18858,root,0,NA,NA,18858,24.3348
14111,15228,root,0,NA,NA,15228,24.3251
14112,13798,root,0,NA,NA,13798,24.3235
14113,8725,root,0,NA,NA,8725,24.3229
14114,13384,root,0,NA,NA,13384,24.3211
14115,16313,root,0,NA,NA,16313,24.3188
14116,10288,root,0,NA,NA,10288,24.3155
14117,18532,root,0,NA,NA,18532,24.3149
14118,12327,root,0,NA,NA,12327,24.3147
14119,11476,root,0,NA,NA,11476,24.3097
14120,14277,root,0,NA,NA,14277,24.3081
14121,13930,root,0,NA,NA,13930,24.308
14122,5715,root,0,NA,NA,5715,24.3043
14123,11593,root,0,NA,NA,11593,24.304
14124,19847,root,0,NA,NA,19847,24.301
14125,11933,root,0,NA,NA,11933,24.2921
14126,2311,root,0,NA,NA,2311,24.2911
14127,8851,root,0,NA,NA,8851,24.2837
14128,7678,root,0,NA,NA,7678,24.2732
14129,10874,root,0,NA,NA,10874,24.269
14130,9953,root,0,NA,NA,9953,24.2661
14131,16777,root,0,NA,NA,16777,24.2605
14132,14985,root,0,NA,NA,14985,24.2579
14133,7892,root,0,NA,NA,7892,24.2574
14134,1617,root,0,NA,NA,1617,24.2525
14135,12144,root,0,NA,NA,12144,24.2501
14136,19486,root,0,NA,NA,19486,24.2499
14137,7815,root,0,NA,NA,7815,24.2449
14138,11578,root,0,NA,NA,11578,24.2447
14139,11646,root,0,NA,NA,11646,24.244
14140,10633,root,0,NA,NA,10633,24.2408
14141,7460,root,0,NA,NA,7460,24.2403
14142,12544,root,0,NA,NA,12544,24.2402
14143,18439,root,0,NA,NA,18439,24.2363
14144,13002,root,0,NA,NA,13002,24.2362
14145,8607,root,0,NA,NA,8607,24.2346
14146,4235,root,0,NA,NA,4235,24.232
14147,18126,root,0,NA,NA,18126,24.2295
14148,17167,root,0,NA,NA,17167,24.2246
14149,16883,root,0,NA,NA,16883,24.2207
14150,3622,root,0,NA,NA,3622,24.2164
14151,19315,root,0,NA,NA,19315,24.2159
14152,12788,root,0,NA,NA,12788,24.2115
14153,2299,root,0,NA,NA,2299,24.2086
14154,2320,root,0,NA,NA,2320,24.2086
14155,12879,root,0,NA,NA,12879,24.2066
14156,14373,root,0,NA,NA,14373,24.1939
14157,19035,root,0,NA,NA,19035,24.1924
14158,13326,root,0,NA,NA,13326,24.192
14159,2977,root,0,NA,NA,2977,24.1894
14160,2982,root,0,NA,NA,2982,24.1894
14161,2990,root,0,NA,NA,2990,24.1894
14162,3003,root,0,NA,NA,3003,24.1894
14163,3011,root,0,NA,NA,3011,24.1894
14164,11324,root,0,NA,NA,11324,24.1882
14165,14137,root,0,NA,NA,14137,24.1869
14166,11542,root,0,NA,NA,11542,24.1866
14167,19294,root,0,NA,NA,19294,24.1816
14168,6458,root,0,NA,NA,6458,24.1785
14169,12374,root,0,NA,NA,12374,24.1776
14170,11003,root,0,NA,NA,11003,24.1762
14171,13274,root,0,NA,NA,13274,24.1689
14172,8144,root,0,NA,NA,8144,24.1662
14173,10869,root,0,NA,NA,10869,24.1608
14174,18846,root,0,NA,NA,18846,24.1606
14175,9467,root,0,NA,NA,9467,24.159
14176,10680,root,0,NA,NA,10680,24.157
14177,2486,root,0,NA,NA,2486,24.1562
14178,19309,root,0,NA,NA,19309,24.1545
14179,19128,root,0,NA,NA,19128,24.1508
14180,12566,root,0,NA,NA,12566,24.1367
14181,11383,root,0,NA,NA,11383,24.1269
14182,13197,root,0,NA,NA,13197,24.1244
14183,405,root,0,NA,NA,405,24.1214
14184,12998,root,0,NA,NA,12998,24.1196
14185,5536,root,0,NA,NA,5536,24.1192
14186,13051,root,0,NA,NA,13051,24.1182
14187,12909,root,0,NA,NA,12909,24.1162
14188,7335,root,0,NA,NA,7335,24.1071
14189,12339,root,0,NA,NA,12339,24.1041
14190,10671,root,0,NA,NA,10671,24.1017
14191,9120,root,0,NA,NA,9120,24.0992
14192,12636,root,0,NA,NA,12636,24.098
14193,11997,root,0,NA,NA,11997,24.0797
14194,11783,root,0,NA,NA,11783,24.0795
14195,8817,root,0,NA,NA,8817,24.0724
14196,18707,root,0,NA,NA,18707,24.0711
14197,7848,root,0,NA,NA,7848,24.0682
14198,8140,root,0,NA,NA,8140,24.0661
14199,10696,root,0,NA,NA,10696,24.0596
14200,12499,root,0,NA,NA,12499,24.0557
14201,18012,root,0,NA,NA,18012,24.0555
14202,12041,root,0,NA,NA,12041,24.051
14203,1986,root,0,NA,NA,1986,24.0493
14204,19072,root,0,NA,NA,19072,24.0474
14205,12549,root,0,NA,NA,12549,24.0443
14206,6193,root,0,NA,NA,6193,24.0428
14207,3107,root,0,NA,NA,3107,24.0426
14208,11850,root,0,NA,NA,11850,24.0365
14209,12044,root,0,NA,NA,12044,24.0355
14210,14296,root,0,NA,NA,14296,24.0339
14211,10173,root,0,NA,NA,10173,24.033
14212,11031,root,0,NA,NA,11031,24.0248
14213,767,root,0,NA,NA,767,24.0239
14214,788,root,0,NA,NA,788,24.0239
14215,17415,root,0,NA,NA,17415,24.0239
14216,8026,root,0,NA,NA,8026,24.0238
14217,12737,root,0,NA,NA,12737,24.0202
14218,8746,root,0,NA,NA,8746,24.0139
14219,3245,root,0,NA,NA,3245,24.0112
14220,13578,root,0,NA,NA,13578,23.9888
14221,11332,root,0,NA,NA,11332,23.9868
14222,16419,root,0,NA,NA,16419,23.9814
14223,11928,root,0,NA,NA,11928,23.978
14224,15921,root,0,NA,NA,15921,23.9777
14225,9521,root,0,NA,NA,9521,23.9776
14226,13387,root,0,NA,NA,13387,23.9746
14227,4403,root,0,NA,NA,4403,23.9713
14228,13171,root,0,NA,NA,13171,23.9701
14229,12874,root,0,NA,NA,12874,23.9689
14230,14964,root,0,NA,NA,14964,23.958
14231,13322,root,0,NA,NA,13322,23.9489
14232,12483,root,0,NA,NA,12483,23.9458
14233,18054,root,0,NA,NA,18054,23.9406
14234,4829,root,0,NA,NA,4829,23.9235
14235,18020,root,0,NA,NA,18020,23.9215
14236,19516,root,0,NA,NA,19516,23.9082
14237,7432,root,0,NA,NA,7432,23.9045
14238,2460,root,0,NA,NA,2460,23.9008
14239,14948,root,0,NA,NA,14948,23.8936
14240,6374,root,0,NA,NA,6374,23.8919
14241,9089,root,0,NA,NA,9089,23.8897
14242,10638,root,0,NA,NA,10638,23.8863
14243,13027,root,0,NA,NA,13027,23.8855
14244,6869,root,0,NA,NA,6869,23.882
14245,13959,root,0,NA,NA,13959,23.8813
14246,15682,root,0,NA,NA,15682,23.8806
14247,13634,root,0,NA,NA,13634,23.8803
14248,13547,root,0,NA,NA,13547,23.8778
14249,14520,root,0,NA,NA,14520,23.872
14250,13969,root,0,NA,NA,13969,23.8657
14251,17420,root,0,NA,NA,17420,23.8646
14252,12630,root,0,NA,NA,12630,23.8639
14253,12797,root,0,NA,NA,12797,23.8622
14254,11196,root,0,NA,NA,11196,23.8574
14255,12740,root,0,NA,NA,12740,23.8483
14256,1936,root,0,NA,NA,1936,23.8482
14257,2300,root,0,NA,NA,2300,23.8374
14258,1423,root,0,NA,NA,1423,23.8341
14259,11238,root,0,NA,NA,11238,23.8339
14260,3114,root,0,NA,NA,3114,23.8283
14261,3835,root,0,NA,NA,3835,23.8236
14262,15263,root,0,NA,NA,15263,23.8186
14263,10489,root,0,NA,NA,10489,23.8184
14264,14134,root,0,NA,NA,14134,23.8155
14265,9110,root,0,NA,NA,9110,23.8065
14266,13262,root,0,NA,NA,13262,23.804
14267,13243,root,0,NA,NA,13243,23.8024
14268,9510,root,0,NA,NA,9510,23.8011
14269,16784,root,0,NA,NA,16784,23.7914
14270,3853,root,0,NA,NA,3853,23.7881
14271,17251,root,0,NA,NA,17251,23.7853
14272,14252,root,0,NA,NA,14252,23.7849
14273,10617,root,0,NA,NA,10617,23.7824
14274,229,root,0,NA,NA,229,23.7813
14275,14209,root,0,NA,NA,14209,23.7714
14276,17308,root,0,NA,NA,17308,23.762
14277,18088,root,0,NA,NA,18088,23.7616
14278,13005,root,0,NA,NA,13005,23.7556
14279,10496,root,0,NA,NA,10496,23.7541
14280,12981,root,0,NA,NA,12981,23.7515
14281,15568,root,0,NA,NA,15568,23.7288
14282,15932,root,0,NA,NA,15932,23.7283
14283,9148,root,0,NA,NA,9148,23.7278
14284,19431,root,0,NA,NA,19431,23.7262
14285,19292,root,0,NA,NA,19292,23.7252
14286,7152,root,0,NA,NA,7152,23.7248
14287,18597,root,0,NA,NA,18597,23.7247
14288,15595,root,0,NA,NA,15595,23.7221
14289,4638,root,0,NA,NA,4638,23.7179
14290,7570,root,0,NA,NA,7570,23.7044
14291,3190,root,0,NA,NA,3190,23.7032
14292,14653,root,0,NA,NA,14653,23.7028
14293,16937,root,0,NA,NA,16937,23.7015
14294,16437,root,0,NA,NA,16437,23.7013
14295,8118,root,0,NA,NA,8118,23.6973
14296,11306,root,0,NA,NA,11306,23.6971
14297,18750,root,0,NA,NA,18750,23.6914
14298,16965,root,0,NA,NA,16965,23.6822
14299,18167,root,0,NA,NA,18167,23.6807
14300,8811,root,0,NA,NA,8811,23.678
14301,19258,root,0,NA,NA,19258,23.6746
14302,11823,root,0,NA,NA,11823,23.6728
14303,4916,root,0,NA,NA,4916,23.6642
14304,6680,root,0,NA,NA,6680,23.6609
14305,11429,root,0,NA,NA,11429,23.6534
14306,10968,root,0,NA,NA,10968,23.6477
14307,17436,root,0,NA,NA,17436,23.6466
14308,16121,root,0,NA,NA,16121,23.6456
14309,17901,root,0,NA,NA,17901,23.6367
14310,16215,root,0,NA,NA,16215,23.6337
14311,13704,root,0,NA,NA,13704,23.6249
14312,15116,root,0,NA,NA,15116,23.6198
14313,10514,root,0,NA,NA,10514,23.6181
14314,15065,root,0,NA,NA,15065,23.618
14315,12287,root,0,NA,NA,12287,23.6171
14316,13261,root,0,NA,NA,13261,23.6157
14317,14854,root,0,NA,NA,14854,23.6148
14318,3735,root,0,NA,NA,3735,23.6081
14319,2523,root,0,NA,NA,2523,23.6051
14320,14970,root,0,NA,NA,14970,23.5958
14321,11415,root,0,NA,NA,11415,23.5954
14322,5417,root,0,NA,NA,5417,23.5933
14323,19492,root,0,NA,NA,19492,23.5919
14324,8922,root,0,NA,NA,8922,23.5843
14325,9781,root,0,NA,NA,9781,23.5818
14326,12512,root,0,NA,NA,12512,23.5802
14327,13774,root,0,NA,NA,13774,23.5779
14328,740,root,0,NA,NA,740,23.5709
14329,12437,root,0,NA,NA,12437,23.5705
14330,18120,root,0,NA,NA,18120,23.5632
14331,15262,root,0,NA,NA,15262,23.5619
14332,17343,root,0,NA,NA,17343,23.5567
14333,13150,root,0,NA,NA,13150,23.5523
14334,7458,root,0,NA,NA,7458,23.552
14335,17874,root,0,NA,NA,17874,23.5504
14336,17466,root,0,NA,NA,17466,23.5433
14337,8133,root,0,NA,NA,8133,23.5416
14338,745,root,0,NA,NA,745,23.5346
14339,12921,root,0,NA,NA,12921,23.5341
14340,17490,root,0,NA,NA,17490,23.533
14341,14942,root,0,NA,NA,14942,23.5328
14342,16130,root,0,NA,NA,16130,23.5322
14343,13863,root,0,NA,NA,13863,23.5258
14344,15118,root,0,NA,NA,15118,23.525
14345,4164,root,0,NA,NA,4164,23.5195
14346,15254,root,0,NA,NA,15254,23.5177
14347,10584,root,0,NA,NA,10584,23.512
14348,9366,root,0,NA,NA,9366,23.5119
14349,12600,root,0,NA,NA,12600,23.5112
14350,18055,root,0,NA,NA,18055,23.4975
14351,12856,root,0,NA,NA,12856,23.4949
14352,12935,root,0,NA,NA,12935,23.492
14353,2593,root,0,NA,NA,2593,23.4884
14354,17003,root,0,NA,NA,17003,23.488
14355,12946,root,0,NA,NA,12946,23.4772
14356,10107,root,0,NA,NA,10107,23.4722
14357,11573,root,0,NA,NA,11573,23.4719
14358,12055,root,0,NA,NA,12055,23.4718
14359,17317,root,0,NA,NA,17317,23.4708
14360,13507,root,0,NA,NA,13507,23.4676
14361,13354,root,0,NA,NA,13354,23.4586
14362,11530,root,0,NA,NA,11530,23.4554
14363,11414,root,0,NA,NA,11414,23.4522
14364,1225,root,0,NA,NA,1225,23.4448
14365,1259,root,0,NA,NA,1259,23.4448
14366,13008,root,0,NA,NA,13008,23.4447
14367,17048,root,0,NA,NA,17048,23.4426
14368,14771,root,0,NA,NA,14771,23.4425
14369,13039,root,0,NA,NA,13039,23.4395
14370,7002,root,0,NA,NA,7002,23.4394
14371,10597,root,0,NA,NA,10597,23.4373
14372,8966,root,0,NA,NA,8966,23.4367
14373,9852,root,0,NA,NA,9852,23.4345
14374,8421,root,0,NA,NA,8421,23.4335
14375,19146,root,0,NA,NA,19146,23.4325
14376,17747,root,0,NA,NA,17747,23.4219
14377,15982,root,0,NA,NA,15982,23.4198
14378,14220,root,0,NA,NA,14220,23.4178
14379,15740,root,0,NA,NA,15740,23.4169
14380,12683,root,0,NA,NA,12683,23.4162
14381,11356,root,0,NA,NA,11356,23.4146
14382,1318,root,0,NA,NA,1318,23.4132
14383,8620,root,0,NA,NA,8620,23.4096
14384,16994,root,0,NA,NA,16994,23.4077
14385,13214,root,0,NA,NA,13214,23.407
14386,12061,root,0,NA,NA,12061,23.4067
14387,17442,root,0,NA,NA,17442,23.4051
14388,9505,root,0,NA,NA,9505,23.3966
14389,12026,root,0,NA,NA,12026,23.3948
14390,14176,root,0,NA,NA,14176,23.3871
14391,9847,root,0,NA,NA,9847,23.3838
14392,15466,root,0,NA,NA,15466,23.3835
14393,16384,root,0,NA,NA,16384,23.3827
14394,9189,root,0,NA,NA,9189,23.3819
14395,10105,root,0,NA,NA,10105,23.3802
14396,18449,root,0,NA,NA,18449,23.3726
14397,12699,root,0,NA,NA,12699,23.3721
14398,11330,root,0,NA,NA,11330,23.3715
14399,17340,root,0,NA,NA,17340,23.3711
14400,7281,root,0,NA,NA,7281,23.3657
14401,11818,root,0,NA,NA,11818,23.3559
14402,13272,root,0,NA,NA,13272,23.3555
14403,16615,root,0,NA,NA,16615,23.3544
14404,9207,root,0,NA,NA,9207,23.353
14405,9844,root,0,NA,NA,9844,23.3408
14406,12966,root,0,NA,NA,12966,23.3389
14407,19218,root,0,NA,NA,19218,23.3337
14408,10058,root,0,NA,NA,10058,23.3325
14409,19337,root,0,NA,NA,19337,23.3306
14410,17057,root,0,NA,NA,17057,23.3266
14411,3272,root,0,NA,NA,3272,23.3229
14412,4217,root,0,NA,NA,4217,23.3207
14413,15309,root,0,NA,NA,15309,23.3118
14414,8350,root,0,NA,NA,8350,23.3104
14415,11971,root,0,NA,NA,11971,23.3088
14416,18685,root,0,NA,NA,18685,23.3088
14417,7916,root,0,NA,NA,7916,23.3061
14418,19473,root,0,NA,NA,19473,23.3012
14419,5418,root,0,NA,NA,5418,23.3001
14420,12562,root,0,NA,NA,12562,23.2981
14421,19303,root,0,NA,NA,19303,23.297
14422,11477,root,0,NA,NA,11477,23.297
14423,16016,root,0,NA,NA,16016,23.2943
14424,11042,root,0,NA,NA,11042,23.2929
14425,12579,root,0,NA,NA,12579,23.2899
14426,15786,root,0,NA,NA,15786,23.2856
14427,14257,root,0,NA,NA,14257,23.2698
14428,11641,root,0,NA,NA,11641,23.2686
14429,13617,root,0,NA,NA,13617,23.261
14430,5942,root,0,NA,NA,5942,23.2545
14431,17782,root,0,NA,NA,17782,23.247
14432,12089,root,0,NA,NA,12089,23.2452
14433,16734,root,0,NA,NA,16734,23.2451
14434,5934,root,0,NA,NA,5934,23.2446
14435,16689,root,0,NA,NA,16689,23.2402
14436,973,root,0,NA,NA,973,23.2237
14437,16316,root,0,NA,NA,16316,23.2149
14438,8526,root,0,NA,NA,8526,23.2146
14439,4519,root,0,NA,NA,4519,23.2043
14440,13827,root,0,NA,NA,13827,23.1968
14441,10952,root,0,NA,NA,10952,23.1957
14442,14464,root,0,NA,NA,14464,23.1875
14443,14336,root,0,NA,NA,14336,23.1865
14444,9152,root,0,NA,NA,9152,23.1838
14445,17031,root,0,NA,NA,17031,23.1778
14446,13236,root,0,NA,NA,13236,23.1736
14447,14676,root,0,NA,NA,14676,23.1732
14448,13654,root,0,NA,NA,13654,23.1691
14449,19563,root,0,NA,NA,19563,23.1634
14450,13007,root,0,NA,NA,13007,23.1629
14451,13049,root,0,NA,NA,13049,23.1624
14452,5340,root,0,NA,NA,5340,23.1584
14453,6243,root,0,NA,NA,6243,23.1573
14454,18701,root,0,NA,NA,18701,23.155
14455,1220,root,0,NA,NA,1220,23.1491
14456,1233,root,0,NA,NA,1233,23.1491
14457,1246,root,0,NA,NA,1246,23.1491
14458,1254,root,0,NA,NA,1254,23.1491
14459,12015,root,0,NA,NA,12015,23.1378
14460,18984,root,0,NA,NA,18984,23.1296
14461,14826,root,0,NA,NA,14826,23.1274
14462,18318,root,0,NA,NA,18318,23.1249
14463,13852,root,0,NA,NA,13852,23.1157
14464,19044,root,0,NA,NA,19044,23.1138
14465,15267,root,0,NA,NA,15267,23.1126
14466,5230,root,0,NA,NA,5230,23.1109
14467,12857,root,0,NA,NA,12857,23.1067
14468,4773,root,0,NA,NA,4773,23.0996
14469,4786,root,0,NA,NA,4786,23.0996
14470,4794,root,0,NA,NA,4794,23.0996
14471,13807,root,0,NA,NA,13807,23.099
14472,9906,root,0,NA,NA,9906,23.0936
14473,19506,root,0,NA,NA,19506,23.0936
14474,19889,root,0,NA,NA,19889,23.0921
14475,11034,root,0,NA,NA,11034,23.0894
14476,14895,root,0,NA,NA,14895,23.0838
14477,14813,root,0,NA,NA,14813,23.0777
14478,15365,root,0,NA,NA,15365,23.0738
14479,12523,root,0,NA,NA,12523,23.0705
14480,19151,root,0,NA,NA,19151,23.0701
14481,15832,root,0,NA,NA,15832,23.0698
14482,16684,root,0,NA,NA,16684,23.0682
14483,10079,root,0,NA,NA,10079,23.0679
14484,3041,root,0,NA,NA,3041,23.0669
14485,18677,root,0,NA,NA,18677,23.0589
14486,13416,root,0,NA,NA,13416,23.0535
14487,12211,root,0,NA,NA,12211,23.0457
14488,16164,root,0,NA,NA,16164,23.0435
14489,18465,root,0,NA,NA,18465,23.0434
14490,19887,root,0,NA,NA,19887,23.0392
14491,12543,root,0,NA,NA,12543,23.0385
14492,12910,root,0,NA,NA,12910,23.0382
14493,18316,root,0,NA,NA,18316,23.0324
14494,14193,root,0,NA,NA,14193,23.0308
14495,8102,root,0,NA,NA,8102,23.0289
14496,3955,root,0,NA,NA,3955,23.0286
14497,91,root,0,NA,NA,91,23.0281
14498,15663,root,0,NA,NA,15663,23.024
14499,6308,root,0,NA,NA,6308,23.0217
14500,7078,root,0,NA,NA,7078,23.0176
14501,18892,root,0,NA,NA,18892,23.0167
14502,17263,root,0,NA,NA,17263,23.0106
14503,5853,root,0,NA,NA,5853,23.0091
14504,16476,root,0,NA,NA,16476,23.0088
14505,9806,root,0,NA,NA,9806,23.0085
14506,14424,root,0,NA,NA,14424,23.0054
14507,9201,root,0,NA,NA,9201,23.0048
14508,15851,root,0,NA,NA,15851,23.0047
14509,6802,root,0,NA,NA,6802,23.0041
14510,10750,root,0,NA,NA,10750,23.0036
14511,13962,root,0,NA,NA,13962,23.003
14512,14818,root,0,NA,NA,14818,22.9995
14513,15661,root,0,NA,NA,15661,22.9992
14514,5028,root,0,NA,NA,5028,22.9986
14515,10338,root,0,NA,NA,10338,22.9981
14516,3782,root,0,NA,NA,3782,22.9959
14517,6670,root,0,NA,NA,6670,22.9907
14518,397,root,0,NA,NA,397,22.9886
14519,18074,root,0,NA,NA,18074,22.9869
14520,2015,root,0,NA,NA,2015,22.9786
14521,11188,root,0,NA,NA,11188,22.9699
14522,18315,root,0,NA,NA,18315,22.9641
14523,7093,root,0,NA,NA,7093,22.9544
14524,17011,root,0,NA,NA,17011,22.9512
14525,9296,root,0,NA,NA,9296,22.9503
14526,1169,root,0,NA,NA,1169,22.9469
14527,14049,root,0,NA,NA,14049,22.9468
14528,19712,root,0,NA,NA,19712,22.9392
14529,12243,root,0,NA,NA,12243,22.9381
14530,17688,root,0,NA,NA,17688,22.9372
14531,11749,root,0,NA,NA,11749,22.9351
14532,11961,root,0,NA,NA,11961,22.9323
14533,14276,root,0,NA,NA,14276,22.9302
14534,17592,root,0,NA,NA,17592,22.9263
14535,14917,root,0,NA,NA,14917,22.9261
14536,13689,root,0,NA,NA,13689,22.9248
14537,10218,root,0,NA,NA,10218,22.9233
14538,18349,root,0,NA,NA,18349,22.9207
14539,10900,root,0,NA,NA,10900,22.9186
14540,17671,root,0,NA,NA,17671,22.9131
14541,18095,root,0,NA,NA,18095,22.9098
14542,13016,root,0,NA,NA,13016,22.9059
14543,8468,root,0,NA,NA,8468,22.9056
14544,13597,root,0,NA,NA,13597,22.9044
14545,12317,root,0,NA,NA,12317,22.9018
14546,12727,root,0,NA,NA,12727,22.8995
14547,7743,root,0,NA,NA,7743,22.8816
14548,14632,root,0,NA,NA,14632,22.8785
14549,17046,root,0,NA,NA,17046,22.8776
14550,13731,root,0,NA,NA,13731,22.8741
14551,12972,root,0,NA,NA,12972,22.8709
14552,6948,root,0,NA,NA,6948,22.8703
14553,14832,root,0,NA,NA,14832,22.8701
14554,9434,root,0,NA,NA,9434,22.8631
14555,15536,root,0,NA,NA,15536,22.862
14556,13739,root,0,NA,NA,13739,22.8606
14557,12668,root,0,NA,NA,12668,22.8596
14558,6033,root,0,NA,NA,6033,22.8588
14559,19118,root,0,NA,NA,19118,22.8565
14560,9632,root,0,NA,NA,9632,22.8561
14561,4819,root,0,NA,NA,4819,22.8553
14562,12031,root,0,NA,NA,12031,22.8536
14563,19649,root,0,NA,NA,19649,22.853
14564,8204,root,0,NA,NA,8204,22.8506
14565,14287,root,0,NA,NA,14287,22.8503
14566,19471,root,0,NA,NA,19471,22.8499
14567,16528,root,0,NA,NA,16528,22.8492
14568,18273,root,0,NA,NA,18273,22.8457
14569,355,root,0,NA,NA,355,22.8456
14570,12752,root,0,NA,NA,12752,22.8413
14571,14471,root,0,NA,NA,14471,22.8346
14572,12239,root,0,NA,NA,12239,22.8337
14573,15074,root,0,NA,NA,15074,22.8285
14574,4785,root,0,NA,NA,4785,22.8278
14575,9248,root,0,NA,NA,9248,22.8212
14576,16975,root,0,NA,NA,16975,22.8211
14577,19299,root,0,NA,NA,19299,22.8191
14578,9034,root,0,NA,NA,9034,22.8187
14579,1913,root,0,NA,NA,1913,22.8112
14580,13157,root,0,NA,NA,13157,22.8072
14581,6528,root,0,NA,NA,6528,22.8065
14582,10089,root,0,NA,NA,10089,22.8065
14583,18859,root,0,NA,NA,18859,22.8039
14584,14003,root,0,NA,NA,14003,22.7984
14585,16007,root,0,NA,NA,16007,22.7899
14586,15956,root,0,NA,NA,15956,22.788
14587,4719,root,0,NA,NA,4719,22.7878
14588,13456,root,0,NA,NA,13456,22.7877
14589,14955,root,0,NA,NA,14955,22.7844
14590,14788,root,0,NA,NA,14788,22.7808
14591,7023,root,0,NA,NA,7023,22.779
14592,15364,root,0,NA,NA,15364,22.7787
14593,14741,root,0,NA,NA,14741,22.7714
14594,9696,root,0,NA,NA,9696,22.7714
14595,3842,root,0,NA,NA,3842,22.7705
14596,11361,root,0,NA,NA,11361,22.768
14597,12759,root,0,NA,NA,12759,22.7608
14598,13479,root,0,NA,NA,13479,22.7562
14599,17946,root,0,NA,NA,17946,22.7521
14600,12090,root,0,NA,NA,12090,22.7499
14601,18226,root,0,NA,NA,18226,22.7456
14602,3156,root,0,NA,NA,3156,22.7425
14603,14039,root,0,NA,NA,14039,22.7403
14604,16002,root,0,NA,NA,16002,22.7399
14605,11704,root,0,NA,NA,11704,22.7389
14606,719,root,0,NA,NA,719,22.7384
14607,12880,root,0,NA,NA,12880,22.7384
14608,6042,root,0,NA,NA,6042,22.7292
14609,13460,root,0,NA,NA,13460,22.7243
14610,17320,root,0,NA,NA,17320,22.7231
14611,14643,root,0,NA,NA,14643,22.7208
14612,897,root,0,NA,NA,897,22.7205
14613,7241,root,0,NA,NA,7241,22.7184
14614,2400,root,0,NA,NA,2400,22.7165
14615,18382,root,0,NA,NA,18382,22.7143
14616,8751,root,0,NA,NA,8751,22.7126
14617,19759,root,0,NA,NA,19759,22.7091
14618,18207,root,0,NA,NA,18207,22.7051
14619,14691,root,0,NA,NA,14691,22.6904
14620,11433,root,0,NA,NA,11433,22.689
14621,7764,root,0,NA,NA,7764,22.6815
14622,12014,root,0,NA,NA,12014,22.6806
14623,4853,root,0,NA,NA,4853,22.6783
14624,12212,root,0,NA,NA,12212,22.6779
14625,845,root,0,NA,NA,845,22.6772
14626,8557,root,0,NA,NA,8557,22.6726
14627,14789,root,0,NA,NA,14789,22.6646
14628,10121,root,0,NA,NA,10121,22.6581
14629,13862,root,0,NA,NA,13862,22.6571
14630,15629,root,0,NA,NA,15629,22.6538
14631,11016,root,0,NA,NA,11016,22.6513
14632,14007,root,0,NA,NA,14007,22.6457
14633,19338,root,0,NA,NA,19338,22.6425
14634,17960,root,0,NA,NA,17960,22.6396
14635,6178,root,0,NA,NA,6178,22.6338
14636,7667,root,0,NA,NA,7667,22.6269
14637,13621,root,0,NA,NA,13621,22.6136
14638,18385,root,0,NA,NA,18385,22.6116
14639,7940,root,0,NA,NA,7940,22.6111
14640,10306,root,0,NA,NA,10306,22.6099
14641,11563,root,0,NA,NA,11563,22.6083
14642,18384,root,0,NA,NA,18384,22.6011
14643,13079,root,0,NA,NA,13079,22.599
14644,10967,root,0,NA,NA,10967,22.5985
14645,10155,root,0,NA,NA,10155,22.598
14646,8874,root,0,NA,NA,8874,22.5977
14647,19589,root,0,NA,NA,19589,22.5948
14648,12555,root,0,NA,NA,12555,22.5906
14649,12086,root,0,NA,NA,12086,22.59
14650,12976,root,0,NA,NA,12976,22.5891
14651,16524,root,0,NA,NA,16524,22.5889
14652,11531,root,0,NA,NA,11531,22.5853
14653,6992,root,0,NA,NA,6992,22.5848
14654,15447,root,0,NA,NA,15447,22.5847
14655,11406,root,0,NA,NA,11406,22.5782
14656,16822,root,0,NA,NA,16822,22.5764
14657,13713,root,0,NA,NA,13713,22.5757
14658,9358,root,0,NA,NA,9358,22.5611
14659,15761,root,0,NA,NA,15761,22.5601
14660,17586,root,0,NA,NA,17586,22.5552
14661,14898,root,0,NA,NA,14898,22.5533
14662,2481,root,0,NA,NA,2481,22.5524
14663,19903,root,0,NA,NA,19903,22.5505
14664,19344,root,0,NA,NA,19344,22.5494
14665,3333,root,0,NA,NA,3333,22.5463
14666,3341,root,0,NA,NA,3341,22.5463
14667,3346,root,0,NA,NA,3346,22.5463
14668,3354,root,0,NA,NA,3354,22.5463
14669,3362,root,0,NA,NA,3362,22.5463
14670,3367,root,0,NA,NA,3367,22.5463
14671,10456,root,0,NA,NA,10456,22.5391
14672,12369,root,0,NA,NA,12369,22.535
14673,10304,root,0,NA,NA,10304,22.5296
14674,14583,root,0,NA,NA,14583,22.5263
14675,12963,root,0,NA,NA,12963,22.5263
14676,10798,root,0,NA,NA,10798,22.5251
14677,15419,root,0,NA,NA,15419,22.5245
14678,13815,root,0,NA,NA,13815,22.5191
14679,11900,root,0,NA,NA,11900,22.5163
14680,12009,root,0,NA,NA,12009,22.5135
14681,17845,root,0,NA,NA,17845,22.513
14682,10759,root,0,NA,NA,10759,22.511
14683,8209,root,0,NA,NA,8209,22.5088
14684,10589,root,0,NA,NA,10589,22.5065
14685,14876,root,0,NA,NA,14876,22.5059
14686,16025,root,0,NA,NA,16025,22.5042
14687,17299,root,0,NA,NA,17299,22.4985
14688,10539,root,0,NA,NA,10539,22.4971
14689,5848,root,0,NA,NA,5848,22.4959
14690,2036,root,0,NA,NA,2036,22.4916
14691,19677,root,0,NA,NA,19677,22.4904
14692,16825,root,0,NA,NA,16825,22.4872
14693,16142,root,0,NA,NA,16142,22.4696
14694,12842,root,0,NA,NA,12842,22.4642
14695,156,root,0,NA,NA,156,22.4641
14696,6658,root,0,NA,NA,6658,22.4638
14697,9478,root,0,NA,NA,9478,22.4638
14698,17537,root,0,NA,NA,17537,22.4583
14699,15509,root,0,NA,NA,15509,22.4531
14700,14547,root,0,NA,NA,14547,22.4526
14701,13166,root,0,NA,NA,13166,22.4473
14702,7026,root,0,NA,NA,7026,22.4472
14703,11620,root,0,NA,NA,11620,22.4463
14704,7583,root,0,NA,NA,7583,22.4403
14705,6619,root,0,NA,NA,6619,22.4401
14706,1253,root,0,NA,NA,1253,22.4365
14707,3141,root,0,NA,NA,3141,22.4341
14708,19242,root,0,NA,NA,19242,22.4163
14709,16691,root,0,NA,NA,16691,22.4104
14710,12039,root,0,NA,NA,12039,22.4092
14711,19689,root,0,NA,NA,19689,22.4074
14712,18712,root,0,NA,NA,18712,22.4035
14713,11535,root,0,NA,NA,11535,22.3974
14714,119,root,0,NA,NA,119,22.3955
14715,13035,root,0,NA,NA,13035,22.3865
14716,17459,root,0,NA,NA,17459,22.3848
14717,12904,root,0,NA,NA,12904,22.3752
14718,14303,root,0,NA,NA,14303,22.3739
14719,12192,root,0,NA,NA,12192,22.3737
14720,1135,root,0,NA,NA,1135,22.3728
14721,16167,root,0,NA,NA,16167,22.3669
14722,4431,root,0,NA,NA,4431,22.362
14723,19564,root,0,NA,NA,19564,22.3589
14724,14396,root,0,NA,NA,14396,22.3587
14725,12072,root,0,NA,NA,12072,22.3547
14726,4023,root,0,NA,NA,4023,22.3527
14727,11856,root,0,NA,NA,11856,22.3518
14728,14497,root,0,NA,NA,14497,22.3498
14729,16234,root,0,NA,NA,16234,22.3486
14730,17193,root,0,NA,NA,17193,22.3466
14731,18370,root,0,NA,NA,18370,22.3421
14732,13664,root,0,NA,NA,13664,22.3314
14733,12406,root,0,NA,NA,12406,22.3309
14734,9531,root,0,NA,NA,9531,22.329
14735,14526,root,0,NA,NA,14526,22.3138
14736,7125,root,0,NA,NA,7125,22.3115
14737,7345,root,0,NA,NA,7345,22.3071
14738,17323,root,0,NA,NA,17323,22.3058
14739,11071,root,0,NA,NA,11071,22.3013
14740,17754,root,0,NA,NA,17754,22.2984
14741,17744,root,0,NA,NA,17744,22.2974
14742,15810,root,0,NA,NA,15810,22.297
14743,19470,root,0,NA,NA,19470,22.2924
14744,15594,root,0,NA,NA,15594,22.2904
14745,13618,root,0,NA,NA,13618,22.2901
14746,4049,root,0,NA,NA,4049,22.2857
14747,16507,root,0,NA,NA,16507,22.2856
14748,18489,root,0,NA,NA,18489,22.2836
14749,13228,root,0,NA,NA,13228,22.2792
14750,12898,root,0,NA,NA,12898,22.2774
14751,18483,root,0,NA,NA,18483,22.274
14752,16076,root,0,NA,NA,16076,22.2648
14753,14827,root,0,NA,NA,14827,22.2565
14754,10749,root,0,NA,NA,10749,22.2538
14755,7450,root,0,NA,NA,7450,22.2536
14756,18905,root,0,NA,NA,18905,22.2523
14757,13643,root,0,NA,NA,13643,22.2514
14758,8759,root,0,NA,NA,8759,22.2431
14759,3557,root,0,NA,NA,3557,22.2368
14760,17222,root,0,NA,NA,17222,22.2366
14761,2532,root,0,NA,NA,2532,22.2206
14762,2553,root,0,NA,NA,2553,22.2206
14763,19283,root,0,NA,NA,19283,22.214
14764,14897,root,0,NA,NA,14897,22.2129
14765,18374,root,0,NA,NA,18374,22.2099
14766,5829,root,0,NA,NA,5829,22.2094
14767,2430,root,0,NA,NA,2430,22.2019
14768,2435,root,0,NA,NA,2435,22.2019
14769,2438,root,0,NA,NA,2438,22.2019
14770,2443,root,0,NA,NA,2443,22.2019
14771,2446,root,0,NA,NA,2446,22.2019
14772,2451,root,0,NA,NA,2451,22.2019
14773,2456,root,0,NA,NA,2456,22.2019
14774,2459,root,0,NA,NA,2459,22.2019
14775,2464,root,0,NA,NA,2464,22.2019
14776,2467,root,0,NA,NA,2467,22.2019
14777,2469,root,0,NA,NA,2469,22.2019
14778,2472,root,0,NA,NA,2472,22.2019
14779,13587,root,0,NA,NA,13587,22.2003
14780,8853,root,0,NA,NA,8853,22.1979
14781,15598,root,0,NA,NA,15598,22.1977
14782,7122,root,0,NA,NA,7122,22.1943
14783,15008,root,0,NA,NA,15008,22.1866
14784,13550,root,0,NA,NA,13550,22.1854
14785,15298,root,0,NA,NA,15298,22.1799
14786,10332,root,0,NA,NA,10332,22.1774
14787,19826,root,0,NA,NA,19826,22.177
14788,3379,root,0,NA,NA,3379,22.1709
14789,13189,root,0,NA,NA,13189,22.1632
14790,13235,root,0,NA,NA,13235,22.1579
14791,19671,root,0,NA,NA,19671,22.1545
14792,7581,root,0,NA,NA,7581,22.1532
14793,18648,root,0,NA,NA,18648,22.1439
14794,12641,root,0,NA,NA,12641,22.1421
14795,13327,root,0,NA,NA,13327,22.1416
14796,3266,root,0,NA,NA,3266,22.1304
14797,4971,root,0,NA,NA,4971,22.1288
14798,16371,root,0,NA,NA,16371,22.1274
14799,16657,root,0,NA,NA,16657,22.1267
14800,17658,root,0,NA,NA,17658,22.1264
14801,18347,root,0,NA,NA,18347,22.1249
14802,5879,root,0,NA,NA,5879,22.1154
14803,12299,root,0,NA,NA,12299,22.1129
14804,11314,root,0,NA,NA,11314,22.1058
14805,11300,root,0,NA,NA,11300,22.1016
14806,8654,root,0,NA,NA,8654,22.1013
14807,16639,root,0,NA,NA,16639,22.0989
14808,14155,root,0,NA,NA,14155,22.0887
14809,7497,root,0,NA,NA,7497,22.0883
14810,11642,root,0,NA,NA,11642,22.0844
14811,13054,root,0,NA,NA,13054,22.0843
14812,12310,root,0,NA,NA,12310,22.0824
14813,1968,root,0,NA,NA,1968,22.0817
14814,12209,root,0,NA,NA,12209,22.0736
14815,14989,root,0,NA,NA,14989,22.0702
14816,15518,root,0,NA,NA,15518,22.0595
14817,15013,root,0,NA,NA,15013,22.0551
14818,17049,root,0,NA,NA,17049,22.053
14819,4751,root,0,NA,NA,4751,22.0454
14820,15324,root,0,NA,NA,15324,22.0451
14821,11303,root,0,NA,NA,11303,22.0428
14822,12847,root,0,NA,NA,12847,22.0415
14823,10426,root,0,NA,NA,10426,22.0372
14824,13317,root,0,NA,NA,13317,22.0349
14825,11282,root,0,NA,NA,11282,22.0302
14826,14800,root,0,NA,NA,14800,22.0298
14827,14502,root,0,NA,NA,14502,22.0276
14828,16084,root,0,NA,NA,16084,22.0256
14829,2333,root,0,NA,NA,2333,22.0233
14830,7657,root,0,NA,NA,7657,22.0197
14831,12164,root,0,NA,NA,12164,22.0162
14832,12625,root,0,NA,NA,12625,22.0123
14833,1339,root,0,NA,NA,1339,22.0104
14834,5201,root,0,NA,NA,5201,22.0054
14835,14986,root,0,NA,NA,14986,22
14836,16768,root,0,NA,NA,16768,21.9955
14837,10891,root,0,NA,NA,10891,21.9913
14838,1112,root,0,NA,NA,1112,21.9909
14839,16671,root,0,NA,NA,16671,21.9872
14840,10084,root,0,NA,NA,10084,21.9832
14841,12448,root,0,NA,NA,12448,21.9815
14842,1054,root,0,NA,NA,1054,21.9789
14843,13557,root,0,NA,NA,13557,21.9784
14844,9337,root,0,NA,NA,9337,21.9749
14845,13282,root,0,NA,NA,13282,21.9742
14846,10622,root,0,NA,NA,10622,21.9728
14847,10838,root,0,NA,NA,10838,21.9679
14848,10935,root,0,NA,NA,10935,21.9613
14849,12621,root,0,NA,NA,12621,21.9581
14850,17165,root,0,NA,NA,17165,21.9547
14851,9939,root,0,NA,NA,9939,21.9536
14852,6390,root,0,NA,NA,6390,21.9525
14853,3989,root,0,NA,NA,3989,21.9515
14854,13180,root,0,NA,NA,13180,21.9513
14855,8230,root,0,NA,NA,8230,21.9502
14856,17215,root,0,NA,NA,17215,21.9494
14857,9987,root,0,NA,NA,9987,21.948
14858,13078,root,0,NA,NA,13078,21.9433
14859,12846,root,0,NA,NA,12846,21.9424
14860,12646,root,0,NA,NA,12646,21.9406
14861,15660,root,0,NA,NA,15660,21.9325
14862,14034,root,0,NA,NA,14034,21.9313
14863,8187,root,0,NA,NA,8187,21.927
14864,14975,root,0,NA,NA,14975,21.9228
14865,3135,root,0,NA,NA,3135,21.9121
14866,13198,root,0,NA,NA,13198,21.9096
14867,18946,root,0,NA,NA,18946,21.903
14868,10029,root,0,NA,NA,10029,21.901
14869,15870,root,0,NA,NA,15870,21.8998
14870,12533,root,0,NA,NA,12533,21.8977
14871,11695,root,0,NA,NA,11695,21.8941
14872,12411,root,0,NA,NA,12411,21.8921
14873,19340,root,0,NA,NA,19340,21.8904
14874,16928,root,0,NA,NA,16928,21.8875
14875,14399,root,0,NA,NA,14399,21.8868
14876,14437,root,0,NA,NA,14437,21.8842
14877,11194,root,0,NA,NA,11194,21.8837
14878,5685,root,0,NA,NA,5685,21.8828
14879,14363,root,0,NA,NA,14363,21.8813
14880,13475,root,0,NA,NA,13475,21.8726
14881,10284,root,0,NA,NA,10284,21.8711
14882,10126,root,0,NA,NA,10126,21.8697
14883,18438,root,0,NA,NA,18438,21.8664
14884,34596,delta,2,0,0,19602,77.9557
14885,48416,delta,2,0,1,18428,69.959
14886,47044,delta,2,0,1,17056,69.2145
14887,48856,delta,2,0,1,18868,69.1244
14888,48763,delta,2,0,1,18775,68.2131
14889,48217,delta,2,0,1,18229,67.8146
14890,33757,delta,2,0,0,18763,67.6335
14891,32065,delta,2,0,0,17071,64.5257
14892,32579,delta,2,0,0,17585,64.4774
14893,34598,delta,2,0,0,19604,63.4736
14894,32046,delta,2,0,0,17052,63.1756
14895,47641,delta,2,0,1,17653,63.029
14896,46460,delta,2,0,1,16472,62.7368
14897,33207,delta,2,0,0,18213,61.5365
14898,32592,delta,2,0,0,17598,60.9731
14899,32584,delta,2,0,0,17590,60.9612
14900,49591,delta,2,0,1,19603,60.8735
14901,33227,delta,2,0,0,18233,60.2426
14902,33222,delta,2,0,0,18228,59.8743
14903,33202,delta,2,0,0,18208,59.5732
14904,25594,delta,2,0,0,10600,59.3712
14905,33821,delta,2,0,0,18827,59.1259
14906,48768,delta,2,0,1,18780,59.0125
14907,48815,delta,2,0,1,18827,58.5194
14908,33218,delta,2,0,0,18224,58.2376
14909,33773,delta,2,0,0,18779,58.1877
14910,31481,delta,2,0,0,16487,57.9355
14911,49397,delta,2,0,1,19409,57.725
14912,33770,delta,2,0,0,18776,57.3385
14913,47591,delta,2,0,1,17603,57.2069
14914,34377,delta,2,0,0,19383,57.1071
14915,33861,delta,2,0,0,18867,56.0339
14916,32062,delta,2,0,0,17068,55.9092
14917,33796,delta,2,0,0,18802,55.7042
14918,32598,delta,2,0,0,17604,55.588
14919,32643,delta,2,0,0,17649,55.5748
14920,34959,delta,2,0,0,19965,55.088
14921,34403,delta,2,0,0,19409,55.0766
14922,33224,delta,2,0,0,18230,55.0207
14923,47635,delta,2,0,1,17647,54.8881
14924,33423,delta,2,0,0,18429,54.6215
14925,47636,delta,2,0,1,17648,54.5682
14926,32078,delta,2,0,0,17084,54.5221
14927,48200,delta,2,0,1,18212,54.1133
14928,32051,delta,2,0,0,17057,54.0064
14929,32646,delta,2,0,0,17652,53.903
14930,33863,delta,2,0,0,18869,53.4146
14931,32580,delta,2,0,0,17586,53.3297
14932,35466,delta,2,0,1,5478,53.278
14933,35458,delta,2,0,1,5470,53.0939
14934,32597,delta,2,0,0,17603,52.9009
14935,35450,delta,2,0,1,5462,52.7111
14936,25599,delta,2,0,0,10605,52.6051
14937,32641,delta,2,0,0,17647,52.497
14938,35471,delta,2,0,1,5483,52.4093
14939,26942,delta,2,0,0,11948,52.094
14940,33420,delta,2,0,0,18426,52.0111
14941,32274,delta,2,0,0,17280,51.8121
14942,34013,delta,2,0,0,19019,51.7519
14943,32593,delta,2,0,0,17599,51.7219
14944,48216,delta,2,0,1,18228,51.314
14945,31541,delta,2,0,0,16547,51.1625
14946,44691,delta,2,0,1,14703,51.1185
14947,42848,delta,2,0,1,12860,50.8597
14948,33799,delta,2,0,0,18805,50.7852
14949,31407,delta,2,0,0,16413,50.6011
14950,32842,delta,2,0,0,17848,50.5328
14951,31419,delta,2,0,0,16425,50.4712
14952,47683,delta,2,0,1,17695,50.4166
14953,44042,delta,2,0,1,14054,50.4054
14954,33421,delta,2,0,0,18427,49.8603
14955,35453,delta,2,0,1,5465,49.672
14956,45220,delta,2,0,1,15232,49.4487
14957,47549,delta,2,0,1,17561,49.4136
14958,46092,delta,2,0,1,16104,49.367
14959,35751,delta,2,0,1,5763,49.2313
14960,34028,delta,2,0,0,19034,49.1992
14961,33434,delta,2,0,0,18440,49.0616
14962,35824,delta,2,0,1,5836,49.0035
14963,31422,delta,2,0,0,16428,48.9788
14964,35764,delta,2,0,1,5776,48.886
14965,36632,delta,2,0,1,6644,48.7879
14966,36624,delta,2,0,1,6636,48.3638
14967,33238,delta,2,0,0,18244,48.3525
14968,32626,delta,2,0,0,17632,48.3524
14969,32595,delta,2,0,0,17601,48.3291
14970,36002,delta,2,0,1,6014,48.2447
14971,31404,delta,2,0,0,16410,48.2208
14972,48765,delta,2,0,1,18777,48.2054
14973,32855,delta,2,0,0,17861,48.1312
14974,46475,delta,2,0,1,16487,48.0131
14975,48816,delta,2,0,1,18828,47.9737
14976,35777,delta,2,0,1,5789,47.8195
14977,31470,delta,2,0,0,16476,47.6786
14978,47059,delta,2,0,1,17071,47.5176
14979,33418,delta,2,0,0,18424,47.2812
14980,43429,delta,2,0,1,13441,47.211
14981,33187,delta,2,0,0,18193,47.2079
14982,48853,delta,2,0,1,18865,47.1989
14983,30884,delta,2,0,0,15890,47.1952
14984,34367,delta,2,0,0,19373,47.1434
14985,30873,delta,2,0,0,15879,47.0875
14986,30363,delta,2,0,0,15369,47.022
14987,33189,delta,2,0,0,18195,46.9921
14988,32117,delta,2,0,0,17123,46.8754
14989,33192,delta,2,0,0,18198,46.7823
14990,30870,delta,2,0,0,15876,46.7475
14991,43995,delta,2,0,1,14007,46.597
14992,33282,delta,2,0,0,18288,46.595
14993,45285,delta,2,0,1,15297,46.5472
14994,35379,delta,2,0,1,5391,46.4938
14995,33760,delta,2,0,0,18766,46.4444
14996,24816,delta,2,0,0,9822,46.3161
14997,30902,delta,2,0,0,15908,46.2795
14998,32621,delta,2,0,0,17627,46.2599
14999,49594,delta,2,0,1,19606,46.1676
15000,28969,delta,2,0,0,13975,46.109
15001,35358,delta,2,0,1,5370,46.0888
15002,35371,delta,2,0,1,5383,46.0888
15003,35384,delta,2,0,1,5396,46.0888
15004,25604,delta,2,0,0,10610,46.0645
15005,33205,delta,2,0,0,18211,45.9882
15006,24803,delta,2,0,0,9809,45.9756
15007,49590,delta,2,0,1,19602,45.9276
15008,49944,delta,2,0,1,19956,45.9055
15009,37850,delta,2,0,1,7862,45.8013
15010,32049,delta,2,0,0,17055,45.7353
15011,49376,delta,2,0,1,19388,45.6073
15012,49373,delta,2,0,1,19385,45.5799
15013,27190,delta,2,0,0,12196,45.5368
15014,24654,delta,2,0,0,9660,45.5096
15015,44631,delta,2,0,1,14643,45.4434
15016,35523,delta,2,0,1,5535,45.4254
15017,31417,delta,2,0,0,16423,45.4078
15018,34018,delta,2,0,0,19024,45.3208
15019,35811,delta,2,0,1,5823,45.3169
15020,33450,delta,2,0,0,18456,45.2647
15021,31402,delta,2,0,0,16408,45.2202
15022,35756,delta,2,0,1,5768,45.2114
15023,31364,delta,2,0,0,16370,45.1996
15024,43510,delta,2,0,1,13522,45.1976
15025,35536,delta,2,0,1,5548,45.1786
15026,26277,delta,2,0,0,11283,45.1546
15027,30887,delta,2,0,0,15893,45.1456
15028,31523,delta,2,0,0,16529,45.0999
15029,35366,delta,2,0,1,5378,45.0828
15030,33819,delta,2,0,0,18825,45.0321
15031,35772,delta,2,0,1,5784,44.9025
15032,49395,delta,2,0,1,19407,44.8781
15033,32040,delta,2,0,0,17046,44.8373
15034,24667,delta,2,0,0,9673,44.7547
15035,24795,delta,2,0,0,9801,44.6944
15036,35474,delta,2,0,1,5486,44.6672
15037,32107,delta,2,0,0,17113,44.5925
15038,23403,delta,2,0,0,8409,44.422
15039,26201,delta,2,0,0,11207,44.3838
15040,45225,delta,2,0,1,15237,44.3515
15041,46398,delta,2,0,1,16410,44.142
15042,23395,delta,2,0,0,8401,44.1007
15043,34380,delta,2,0,0,19386,44.087
15044,37858,delta,2,0,1,7870,44.0708
15045,24790,delta,2,0,0,9796,44.0214
15046,31380,delta,2,0,0,16386,44.0185
15047,46993,delta,2,0,1,17005,43.9322
15048,34974,delta,2,0,0,19980,43.9057
15049,42725,delta,2,0,1,12737,43.8872
15050,37133,delta,2,0,1,7145,43.8091
15051,42801,delta,2,0,1,12813,43.6621
15052,46463,delta,2,0,1,16475,43.6212
15053,28966,delta,2,0,0,13972,43.567
15054,30871,delta,2,0,0,15877,43.5532
15055,45882,delta,2,0,1,15894,43.5529
15056,32688,delta,2,0,0,17694,43.5123
15057,23912,delta,2,0,0,8918,43.5117
15058,36598,delta,2,0,1,6610,43.5104
15059,30876,delta,2,0,0,15882,43.4273
15060,42814,delta,2,0,1,12826,43.4267
15061,44181,delta,2,0,1,14193,43.3689
15062,23400,delta,2,0,0,8406,43.3305
15063,45801,delta,2,0,1,15813,43.3095
15064,31403,delta,2,0,0,16409,43.2896
15065,35837,delta,2,0,1,5849,43.1994
15066,36795,delta,2,0,1,6807,43.1957
15067,47619,delta,2,0,1,17631,43.1658
15068,37855,delta,2,0,1,7867,43.164
15069,45249,delta,2,0,1,15261,43.1292
15070,35510,delta,2,0,1,5522,43.1237
15071,35989,delta,2,0,1,6001,43.109
15072,30875,delta,2,0,0,15881,43.0205
15073,37086,delta,2,0,1,7098,42.9642
15074,42102,delta,2,0,1,12114,42.8483
15075,42170,delta,2,0,1,12182,42.8421
15076,45869,delta,2,0,1,15881,42.8234
15077,42767,delta,2,0,1,12779,42.754
15078,44626,delta,2,0,1,14638,42.7236
15079,32048,delta,2,0,0,17054,42.6747
15080,36363,delta,2,0,1,6375,42.6651
15081,45879,delta,2,0,1,15891,42.6345
15082,43961,delta,2,0,1,13973,42.6195
15083,43691,delta,2,0,1,13703,42.514
15084,34033,delta,2,0,0,19039,42.4609
15085,35387,delta,2,0,1,5399,42.3968
15086,38547,delta,2,0,1,8559,42.3754
15087,32582,delta,2,0,0,17588,42.3646
15088,28030,delta,2,0,0,13036,42.3253
15089,47678,delta,2,0,1,17690,42.3165
15090,31406,delta,2,0,0,16412,42.2871
15091,32537,delta,2,0,0,17543,42.2791
15092,36368,delta,2,0,1,6380,42.2692
15093,23408,delta,2,0,0,8414,42.2107
15094,23904,delta,2,0,0,8910,42.1682
15095,48201,delta,2,0,1,18213,42.1617
15096,36376,delta,2,0,1,6388,42.1505
15097,48776,delta,2,0,1,18788,42.1307
15098,31096,delta,2,0,0,16102,42.1026
15099,33279,delta,2,0,0,18285,42.0529
15100,48790,delta,2,0,1,18802,41.9497
15101,28285,delta,2,0,0,13291,41.9344
15102,48813,delta,2,0,1,18825,41.9148
15103,29143,delta,2,0,0,14149,41.901
15104,42696,delta,2,0,1,12708,41.8941
15105,49347,delta,2,0,1,19359,41.8628
15106,44055,delta,2,0,1,14067,41.7929
15107,37094,delta,2,0,1,7106,41.7866
15108,23980,delta,2,0,0,8986,41.7084
15109,35099,delta,2,0,1,5111,41.6929
15110,28695,delta,2,0,0,13701,41.6604
15111,27855,delta,2,0,0,12861,41.6441
15112,48171,delta,2,0,1,18183,41.5755
15113,27620,delta,2,0,0,12626,41.5015
15114,32192,delta,2,0,0,17198,41.4697
15115,48811,delta,2,0,1,18823,41.3934
15116,49371,delta,2,0,1,19383,41.3528
15117,23547,delta,2,0,0,8553,41.3513
15118,24659,delta,2,0,0,9665,41.341
15119,32187,delta,2,0,0,17193,41.2883
15120,43358,delta,2,0,1,13370,41.2854
15121,37269,delta,2,0,1,7281,41.2825
15122,33758,delta,2,0,0,18764,41.2395
15123,38568,delta,2,0,1,8580,41.1003
15124,24662,delta,2,0,0,9668,41.0996
15125,45212,delta,2,0,1,15224,41.0989
15126,39929,delta,2,0,1,9941,41.0819
15127,36460,delta,2,0,1,6472,41.0748
15128,22653,delta,2,0,0,7659,41.0404
15129,31988,delta,2,0,0,16994,41.0034
15130,43445,delta,2,0,1,13457,40.9889
15131,44670,delta,2,0,1,14682,40.9781
15132,31507,delta,2,0,0,16513,40.9191
15133,38471,delta,2,0,1,8483,40.8907
15134,38581,delta,2,0,1,8593,40.866
15135,23917,delta,2,0,0,8923,40.7859
15136,37280,delta,2,0,1,7292,40.7417
15137,25114,delta,2,0,0,10120,40.7178
15138,38036,delta,2,0,1,8048,40.7174
15139,23398,delta,2,0,0,8404,40.7146
15140,48792,delta,2,0,1,18804,40.6821
15141,25122,delta,2,0,0,10128,40.6681
15142,38573,delta,2,0,1,8585,40.6394
15143,33755,delta,2,0,0,18761,40.5637
15144,49392,delta,2,0,1,19404,40.5339
15145,47055,delta,2,0,1,17067,40.4989
15146,31375,delta,2,0,0,16381,40.4791
15147,40871,delta,2,0,1,10883,40.4735
15148,30889,delta,2,0,0,15895,40.4708
15149,36036,delta,2,0,1,6048,40.406
15150,47072,delta,2,0,1,17084,40.3477
15151,35175,delta,2,0,1,5187,40.3473
15152,36554,delta,2,0,1,6566,40.3227
15153,44914,delta,2,0,1,14926,40.3102
15154,34977,delta,2,0,0,19983,40.2602
15155,44023,delta,2,0,1,14035,40.2566
15156,34948,delta,2,0,0,19954,40.1977
15157,34612,delta,2,0,0,19618,40.1192
15158,35848,delta,2,0,1,5860,40.099
15159,36465,delta,2,0,1,6477,40.0971
15160,37408,delta,2,0,1,7420,40.0962
15161,35154,delta,2,0,1,5166,40.0958
15162,23902,delta,2,0,0,8908,40.0862
15163,26280,delta,2,0,0,11286,40.067
15164,30290,delta,2,0,0,15296,40.0339
15165,45252,delta,2,0,1,15264,40.029
15166,37316,delta,2,0,1,7328,40.0282
15167,34393,delta,2,0,0,19399,40.0065
15168,33786,delta,2,0,0,18792,39.9295
15169,26512,delta,2,0,0,11518,39.9154
15170,37311,delta,2,0,1,7323,39.9142
15171,44068,delta,2,0,1,14080,39.8749
15172,44586,delta,2,0,1,14598,39.8464
15173,36470,delta,2,0,1,6482,39.8463
15174,35861,delta,2,0,1,5873,39.8362
15175,31420,delta,2,0,0,16426,39.8199
15176,42089,delta,2,0,1,12101,39.8115
15177,36081,delta,2,0,1,6093,39.8
15178,32555,delta,2,0,0,17561,39.7893
15179,35112,delta,2,0,1,5124,39.736
15180,42034,delta,2,0,1,12046,39.7339
15181,45283,delta,2,0,1,15295,39.701
15182,41421,delta,2,0,1,11433,39.687
15183,27852,delta,2,0,0,12858,39.6843
15184,40636,delta,2,0,1,10648,39.6586
15185,38463,delta,2,0,1,8475,39.6525
15186,22734,delta,2,0,0,7740,39.6523
15187,32837,delta,2,0,0,17843,39.6464
15188,36180,delta,2,0,1,6192,39.6432
15189,43363,delta,2,0,1,13375,39.6221
15190,36478,delta,2,0,1,6490,39.6209
15191,42123,delta,2,0,1,12135,39.5888
15192,32685,delta,2,0,0,17691,39.5864
15193,36583,delta,2,0,1,6595,39.5722
15194,34766,delta,2,0,0,19772,39.5626
15195,34599,delta,2,0,0,19605,39.5566
15196,37327,delta,2,0,1,7339,39.5383
15197,35104,delta,2,0,1,5116,39.5368
15198,37146,delta,2,0,1,7158,39.5287
15199,38028,delta,2,0,1,8040,39.5226
15200,35547,delta,2,0,1,5559,39.5169
15201,35091,delta,2,0,1,5103,39.5029
15202,37304,delta,2,0,1,7316,39.4911
15203,43979,delta,2,0,1,13991,39.4859
15204,37319,delta,2,0,1,7331,39.4459
15205,36094,delta,2,0,1,6106,39.4258
15206,28964,delta,2,0,0,13970,39.4231
15207,34991,delta,2,0,1,5003,39.4199
15208,47577,delta,2,0,1,17589,39.4027
15209,35560,delta,2,0,1,5572,39.3861
15210,42149,delta,2,0,1,12161,39.3846
15211,35539,delta,2,0,1,5551,39.3693
15212,35555,delta,2,0,1,5567,39.3355
15213,26507,delta,2,0,0,11513,39.2826
15214,43314,delta,2,0,1,13326,39.279
15215,40563,delta,2,0,1,10575,39.2503
15216,31494,delta,2,0,0,16500,39.2502
15217,34400,delta,2,0,0,19406,39.2409
15218,45154,delta,2,0,1,15166,39.2349
15219,41468,delta,2,0,1,11480,39.2216
15220,34748,delta,2,0,0,19754,39.125
15221,49954,delta,2,0,1,19966,39.0299
15222,29031,delta,2,0,0,14037,39.026
15223,37400,delta,2,0,1,7412,39.0224
15224,26945,delta,2,0,0,11951,39.0132
15225,41500,delta,2,0,1,11512,39.008
15226,24798,delta,2,0,0,9804,39.0019
15227,38555,delta,2,0,1,8567,38.9619
15228,35913,delta,2,0,1,5925,38.9475
15229,35167,delta,2,0,1,5179,38.9246
15230,35735,delta,2,0,1,5747,38.9028
15231,37646,delta,2,0,1,7658,38.9008
15232,46412,delta,2,0,1,16424,38.8562
15233,23907,delta,2,0,0,8913,38.8361
15234,35832,delta,2,0,1,5844,38.8174
15235,38031,delta,2,0,1,8043,38.7885
15236,45843,delta,2,0,1,15855,38.785
15237,33436,delta,2,0,0,18442,38.7657
15238,43409,delta,2,0,1,13421,38.76
15239,30228,delta,2,0,0,15234,38.7369
15240,41489,delta,2,0,1,11501,38.7332
15241,45864,delta,2,0,1,15876,38.7278
15242,35900,delta,2,0,1,5912,38.726
15243,38592,delta,2,0,1,8604,38.7256
15244,36457,delta,2,0,1,6469,38.7097
15245,33163,delta,2,0,0,18169,38.7024
15246,36593,delta,2,0,1,6605,38.6888
15247,42835,delta,2,0,1,12847,38.6875
15248,38437,delta,2,0,1,8449,38.6858
15249,41505,delta,2,0,1,11517,38.6739
15250,47046,delta,2,0,1,17058,38.6497
15251,37638,delta,2,0,1,7650,38.635
15252,46461,delta,2,0,1,16473,38.614
15253,34458,delta,2,0,0,19464,38.5832
15254,35620,delta,2,0,1,5632,38.5773
15255,37314,delta,2,0,1,7326,38.5583
15256,36392,delta,2,0,1,6404,38.5379
15257,35039,delta,2,0,1,5051,38.5333
15258,47056,delta,2,0,1,17068,38.5316
15259,44110,delta,2,0,1,14122,38.473
15260,32261,delta,2,0,0,17267,38.4706
15261,23552,delta,2,0,0,8558,38.4598
15262,41335,delta,2,0,1,11347,38.4477
15263,37416,delta,2,0,1,7428,38.4102
15264,43477,delta,2,0,1,13489,38.3955
15265,47586,delta,2,0,1,17598,38.3846
15266,47060,delta,2,0,1,17072,38.3239
15267,36455,delta,2,0,1,6467,38.2704
15268,32045,delta,2,0,0,17051,38.2678
15269,35052,delta,2,0,1,5064,38.2527
15270,36384,delta,2,0,1,6396,38.231
15271,33161,delta,2,0,0,18167,38.2206
15272,35680,delta,2,0,1,5692,38.1916
15273,36102,delta,2,0,1,6114,38.1621
15274,24837,delta,2,0,0,9843,38.1516
15275,35759,delta,2,0,1,5771,38.1324
15276,42699,delta,2,0,1,12711,38.1234
15277,33215,delta,2,0,0,18221,38.1069
15278,38584,delta,2,0,1,8596,38.0953
15279,37853,delta,2,0,1,7865,38.0767
15280,35599,delta,2,0,1,5611,38.0708
15281,36204,delta,2,0,1,6216,38.0696
15282,31536,delta,2,0,0,16542,38.0633
15283,47606,delta,2,0,1,17618,38.0591
15284,46996,delta,2,0,1,17008,38.0433
15285,25789,delta,2,0,0,10795,38.0359
15286,35659,delta,2,0,1,5671,38.0282
15287,31510,delta,2,0,0,16516,38.0193
15288,35926,delta,2,0,1,5938,38.0119
15289,33801,delta,2,0,0,18807,37.9973
15290,41966,delta,2,0,1,11978,37.9948
15291,46430,delta,2,0,1,16442,37.9627
15292,35461,delta,2,0,1,5473,37.9614
15293,25597,delta,2,0,0,10603,37.938
15294,44149,delta,2,0,1,14161,37.9266
15295,32683,delta,2,0,0,17689,37.9201
15296,37834,delta,2,0,1,7846,37.9145
15297,36225,delta,2,0,1,6237,37.9082
15298,36217,delta,2,0,1,6229,37.9057
15299,38039,delta,2,0,1,8051,37.9016
15300,36010,delta,2,0,1,6022,37.9006
15301,36350,delta,2,0,1,6362,37.8969
15302,35607,delta,2,0,1,5619,37.8655
15303,35921,delta,2,0,1,5933,37.863
15304,26290,delta,2,0,0,11296,37.8605
15305,36619,delta,2,0,1,6631,37.8569
15306,36627,delta,2,0,1,6639,37.8569
15307,40756,delta,2,0,1,10768,37.8434
15308,47102,delta,2,0,1,17114,37.8333
15309,36089,delta,2,0,1,6101,37.8217
15310,35374,delta,2,0,1,5386,37.8008
15311,32016,delta,2,0,0,17022,37.7655
15312,30392,delta,2,0,0,15398,37.7526
15313,32258,delta,2,0,0,17264,37.7494
15314,27857,delta,2,0,0,12863,37.6789
15315,44704,delta,2,0,1,14716,37.6567
15316,25633,delta,2,0,0,10639,37.646
15317,37332,delta,2,0,1,7344,37.646
15318,43526,delta,2,0,1,13538,37.6285
15319,38615,delta,2,0,1,8627,37.6093
15320,42029,delta,2,0,1,12041,37.6026
15321,23544,delta,2,0,0,8550,37.58
15322,38041,delta,2,0,1,8053,37.5573
15323,38476,delta,2,0,1,8488,37.5524
15324,43228,delta,2,0,1,13240,37.5436
15325,35107,delta,2,0,1,5119,37.5151
15326,44058,delta,2,0,1,14070,37.4999
15327,38403,delta,2,0,1,8415,37.4954
15328,38999,delta,2,0,1,9011,37.4953
15329,42647,delta,2,0,1,12659,37.4783
15330,43482,delta,2,0,1,13494,37.4754
15331,31985,delta,2,0,0,16991,37.4667
15332,39840,delta,2,0,1,9852,37.4648
15333,36272,delta,2,0,1,6284,37.4547
15334,27686,delta,2,0,0,12692,37.4484
15335,39832,delta,2,0,1,9844,37.4285
15336,48712,delta,2,0,1,18724,37.3702
15337,48232,delta,2,0,1,18244,37.336
15338,48287,delta,2,0,1,18299,37.3059
15339,37296,delta,2,0,1,7308,37.2931
15340,35876,delta,2,0,1,5888,37.2896
15341,35615,delta,2,0,1,5627,37.2561
15342,27539,delta,2,0,0,12545,37.1999
15343,46506,delta,2,0,1,16518,37.1901
15344,40599,delta,2,0,1,10611,37.1813
15345,27544,delta,2,0,0,12550,37.1637
15346,38576,delta,2,0,1,8588,37.1597
15347,29189,delta,2,0,0,14195,37.1525
15348,25169,delta,2,0,0,10175,37.1322
15349,35897,delta,2,0,1,5909,37.0398
15350,45539,delta,2,0,1,15551,37.0372
15351,37183,delta,2,0,1,7195,37.0276
15352,26293,delta,2,0,0,11299,37.0089
15353,42060,delta,2,0,1,12072,37.0084
15354,42107,delta,2,0,1,12119,36.9986
15355,38429,delta,2,0,1,8441,36.9918
15356,43309,delta,2,0,1,13321,36.9723
15357,42633,delta,2,0,1,12645,36.9127
15358,49957,delta,2,0,1,19969,36.904
15359,22747,delta,2,0,0,7753,36.9014
15360,36444,delta,2,0,1,6456,36.8836
15361,35196,delta,2,0,1,5208,36.878
15362,39837,delta,2,0,1,9849,36.8754
15363,23988,delta,2,0,0,8994,36.8636
15364,37437,delta,2,0,1,7449,36.8546
15365,43434,delta,2,0,1,13446,36.8283
15366,36146,delta,2,0,1,6158,36.8122
15367,26272,delta,2,0,0,11278,36.8105
15368,36371,delta,2,0,1,6383,36.7869
15369,35908,delta,2,0,1,5920,36.7625
15370,34349,delta,2,0,0,19355,36.7622
15371,35987,delta,2,0,1,5999,36.7501
15372,36415,delta,2,0,1,6427,36.7474
15373,45359,delta,2,0,1,15371,36.7413
15374,41971,delta,2,0,1,11983,36.7089
15375,42118,delta,2,0,1,12130,36.6694
15376,36285,delta,2,0,1,6297,36.666
15377,26971,delta,2,0,0,11977,36.661
15378,29185,delta,2,0,0,14191,36.6568
15379,31467,delta,2,0,0,16473,36.6482
15380,35282,delta,2,0,1,5294,36.6432
15381,34336,delta,2,0,0,19342,36.6157
15382,38542,delta,2,0,1,8554,36.6134
15383,46499,delta,2,0,1,16511,36.6121
15384,40545,delta,2,0,1,10557,36.6073
15385,36212,delta,2,0,1,6224,36.6039
15386,36538,delta,2,0,1,6550,36.6001
15387,46356,delta,2,0,1,16368,36.596
15388,42628,delta,2,0,1,12640,36.5954
15389,23996,delta,2,0,0,9002,36.5865
15390,36256,delta,2,0,1,6268,36.586
15391,30231,delta,2,0,0,15237,36.5792
15392,35884,delta,2,0,1,5896,36.5718
15393,27802,delta,2,0,0,12808,36.568
15394,49589,delta,2,0,1,19601,36.5663
15395,40686,delta,2,0,1,10698,36.5634
15396,36120,delta,2,0,1,6132,36.5623
15397,27805,delta,2,0,0,12811,36.5563
15398,41903,delta,2,0,1,11915,36.5556
15399,49941,delta,2,0,1,19953,36.5254
15400,42630,delta,2,0,1,12642,36.5148
15401,31377,delta,2,0,0,16383,36.4656
15402,40623,delta,2,0,1,10635,36.4603
15403,43560,delta,2,0,1,13572,36.4572
15404,22742,delta,2,0,0,7748,36.4465
15405,40806,delta,2,0,1,10818,36.4404
15406,45921,delta,2,0,1,15933,36.4272
15407,30295,delta,2,0,0,15301,36.4229
15408,40324,delta,2,0,1,10336,36.4218
15409,46427,delta,2,0,1,16439,36.4192
15410,36167,delta,2,0,1,6179,36.4182
15411,49943,delta,2,0,1,19955,36.4153
15412,42780,delta,2,0,1,12792,36.405
15413,44073,delta,2,0,1,14085,36.3909
15414,35269,delta,2,0,1,5281,36.3647
15415,35481,delta,2,0,1,5493,36.3484
15416,35790,delta,2,0,1,5802,36.3258
15417,41984,delta,2,0,1,11996,36.3135
15418,49022,delta,2,0,1,19034,36.3131
15419,34383,delta,2,0,0,19389,36.31
15420,36295,delta,2,0,1,6307,36.3022
15421,29695,delta,2,0,0,14701,36.3012
15422,34030,delta,2,0,0,19036,36.2982
15423,36057,delta,2,0,1,6069,36.2671
15424,43990,delta,2,0,1,14002,36.2495
15425,41453,delta,2,0,1,11465,36.2484
15426,37633,delta,2,0,1,7645,36.2396
15427,39798,delta,2,0,1,9810,36.235
15428,45254,delta,2,0,1,15266,36.2312
15429,35209,delta,2,0,1,5221,36.2169
15430,27174,delta,2,0,0,12180,36.2123
15431,36546,delta,2,0,1,6558,36.1937
15432,41437,delta,2,0,1,11449,36.1884
15433,45881,delta,2,0,1,15893,36.1755
15434,37601,delta,2,0,1,7613,36.1732
15435,30226,delta,2,0,0,15232,36.1487
15436,35217,delta,2,0,1,5229,36.1398
15437,45817,delta,2,0,1,15829,36.1368
15438,37651,delta,2,0,1,7663,36.1352
15439,37348,delta,2,0,1,7360,36.1305
15440,33240,delta,2,0,0,18246,36.1198
15441,42665,delta,2,0,1,12677,36.1187
15442,38539,delta,2,0,1,8551,36.1052
15443,29918,delta,2,0,0,14924,36.0942
15444,32853,delta,2,0,0,17859,36.0912
15445,41458,delta,2,0,1,11470,36.0848
15446,46089,delta,2,0,1,16101,36.0781
15447,41322,delta,2,0,1,11334,36.0625
15448,38597,delta,2,0,1,8609,36.062
15449,32596,delta,2,0,0,17602,36.0593
15450,45303,delta,2,0,1,15315,36.0427
15451,39806,delta,2,0,1,9818,36.0381
15452,35230,delta,2,0,1,5242,36.0336
15453,39835,delta,2,0,1,9847,36.0179
15454,35225,delta,2,0,1,5237,36.0148
15455,23557,delta,2,0,0,8563,36.0074
15456,37374,delta,2,0,1,7386,35.9986
15457,39822,delta,2,0,1,9834,35.9978
15458,39688,delta,2,0,1,9700,35.9901
15459,46502,delta,2,0,1,16514,35.9745
15460,41036,delta,2,0,1,11048,35.9743
15461,26976,delta,2,0,0,11982,35.9707
15462,35667,delta,2,0,1,5679,35.9686
15463,40657,delta,2,0,1,10669,35.9523
15464,36507,delta,2,0,1,6519,35.9465
15465,43327,delta,2,0,1,13339,35.9455
15466,40162,delta,2,0,1,10174,35.9424
15467,42730,delta,2,0,1,12742,35.9378
15468,32256,delta,2,0,0,17262,35.9328
15469,35966,delta,2,0,1,5978,35.9108
15470,38709,delta,2,0,1,8721,35.8961
15471,31448,delta,2,0,0,16454,35.892
15472,23983,delta,2,0,0,8989,35.8868
15473,30305,delta,2,0,0,15311,35.8868
15474,29697,delta,2,0,0,14703,35.8779
15475,43563,delta,2,0,1,13575,35.8585
15476,37222,delta,2,0,1,7234,35.8437
15477,35531,delta,2,0,1,5543,35.8308
15478,46505,delta,2,0,1,16517,35.8292
15479,26462,delta,2,0,0,11468,35.7758
15480,44107,delta,2,0,1,14119,35.7714
15481,35636,delta,2,0,1,5648,35.7544
15482,35235,delta,2,0,1,5247,35.7488
15483,36065,delta,2,0,1,6077,35.7462
15484,42081,delta,2,0,1,12093,35.7447
15485,35856,delta,2,0,1,5868,35.7355
15486,32027,delta,2,0,0,17033,35.7285
15487,37424,delta,2,0,1,7436,35.7113
15488,30360,delta,2,0,0,15366,35.696
15489,37466,delta,2,0,1,7478,35.6871
15490,37719,delta,2,0,1,7731,35.655
15491,30812,delta,2,0,0,15818,35.6451
15492,42678,delta,2,0,1,12690,35.6448
15493,42018,delta,2,0,1,12030,35.6414
15494,37847,delta,2,0,1,7859,35.6307
15495,37842,delta,2,0,1,7854,35.6303
15496,42340,delta,2,0,1,12352,35.6255
15497,23909,delta,2,0,0,8915,35.6106
15498,47270,delta,2,0,1,17282,35.5955
15499,43497,delta,2,0,1,13509,35.5753
15500,37429,delta,2,0,1,7441,35.5553
15501,40675,delta,2,0,1,10687,35.5551
15502,44139,delta,2,0,1,14151,35.553
15503,37382,delta,2,0,1,7394,35.547
15504,31987,delta,2,0,0,16993,35.5443
15505,32011,delta,2,0,0,17017,35.5382
15506,35955,delta,2,0,1,5967,35.4948
15507,36355,delta,2,0,1,6367,35.4907
15508,29635,delta,2,0,0,14641,35.4771
15509,49588,delta,2,0,1,19600,35.4767
15510,43466,delta,2,0,1,13478,35.455
15511,23991,delta,2,0,0,8997,35.4419
15512,35248,delta,2,0,1,5260,35.4095
15513,47101,delta,2,0,1,17113,35.4045
15514,37609,delta,2,0,1,7621,35.3992
15515,29636,delta,2,0,0,14642,35.393
15516,23429,delta,2,0,0,8435,35.3767
15517,38416,delta,2,0,1,8428,35.3747
15518,46459,delta,2,0,1,16471,35.372
15519,35222,delta,2,0,1,5234,35.3701
15520,24004,delta,2,0,0,9010,35.3669
15521,36984,delta,2,0,1,6996,35.3444
15522,26465,delta,2,0,0,11471,35.3439
15523,23999,delta,2,0,0,9005,35.3389
15524,29042,delta,2,0,0,14048,35.3349
15525,35979,delta,2,0,1,5991,35.3331
15526,48197,delta,2,0,1,18209,35.3217
15527,44319,delta,2,0,1,14331,35.3182
15528,25628,delta,2,0,0,10634,35.3054
15529,36128,delta,2,0,1,6140,35.3045
15530,35942,delta,2,0,1,5954,35.2993
15531,41987,delta,2,0,1,11999,35.297
15532,35494,delta,2,0,1,5506,35.2917
15533,33818,delta,2,0,0,18824,35.2873
15534,35502,delta,2,0,1,5514,35.2825
15535,38411,delta,2,0,1,8423,35.2709
15536,31304,delta,2,0,0,16310,35.2651
15537,29184,delta,2,0,0,14190,35.2634
15538,44516,delta,2,0,1,14528,35.245
15539,40743,delta,2,0,1,10755,35.2325
15540,40018,delta,2,0,1,10030,35.2186
15541,46924,delta,2,0,1,16936,35.209
15542,39940,delta,2,0,1,9952,35.208
15543,21559,delta,2,0,0,6565,35.2008
15544,39680,delta,2,0,1,9692,35.1982
15545,42076,delta,2,0,1,12088,35.1901
15546,37188,delta,2,0,1,7200,35.1766
15547,27623,delta,2,0,0,12629,35.1644
15548,37369,delta,2,0,1,7381,35.1546
15549,35798,delta,2,0,1,5810,35.1415
15550,42183,delta,2,0,1,12195,35.1363
15551,44804,delta,2,0,1,14816,35.1284
15552,48276,delta,2,0,1,18288,35.1268
15553,42214,delta,2,0,1,12226,35.113
15554,37803,delta,2,0,1,7815,35.1108
15555,23437,delta,2,0,0,8443,35.1057
15556,39829,delta,2,0,1,9841,35.0834
15557,34352,delta,2,0,0,19358,35.0711
15558,45866,delta,2,0,1,15878,35.0657
15559,41484,delta,2,0,1,11496,35.0484
15560,42715,delta,2,0,1,12727,35.0442
15561,32840,delta,2,0,0,17846,35.0256
15562,38623,delta,2,0,1,8635,35.0168
15563,47042,delta,2,0,1,17054,35.0037
15564,39112,delta,2,0,1,9124,34.9923
15565,33592,delta,2,0,0,18598,34.9915
15566,37570,delta,2,0,1,7582,34.98
15567,36023,delta,2,0,1,6035,34.9576
15568,41885,delta,2,0,1,11897,34.8634
15569,44801,delta,2,0,1,14813,34.8623
15570,41424,delta,2,0,1,11436,34.8619
15571,47605,delta,2,0,1,17617,34.8556
15572,34707,delta,2,0,0,19713,34.8431
15573,43298,delta,2,0,1,13310,34.8316
15574,36884,delta,2,0,1,6896,34.8161
15575,36399,delta,2,0,1,6411,34.811
15576,25834,delta,2,0,0,10840,34.7965
15577,46529,delta,2,0,1,16541,34.7939
15578,37879,delta,2,0,1,7891,34.7831
15579,47590,delta,2,0,1,17602,34.7716
15580,32064,delta,2,0,0,17070,34.7485
15581,38678,delta,2,0,1,8690,34.7192
15582,44052,delta,2,0,1,14064,34.7113
15583,35586,delta,2,0,1,5598,34.705
15584,38587,delta,2,0,1,8599,34.6919
15585,45849,delta,2,0,1,15861,34.6728
15586,29631,delta,2,0,0,14637,34.6716
15587,28314,delta,2,0,0,13320,34.6683
15588,47638,delta,2,0,1,17650,34.6626
15589,45848,delta,2,0,1,15860,34.6341
15590,37324,delta,2,0,1,7336,34.6257
15591,40083,delta,2,0,1,10095,34.6192
15592,37209,delta,2,0,1,7221,34.6189
15593,38887,delta,2,0,1,8899,34.6048
15594,25847,delta,2,0,0,10853,34.5949
15595,39842,delta,2,0,1,9854,34.5834
15596,42693,delta,2,0,1,12705,34.5648
15597,38163,delta,2,0,1,8175,34.5557
15598,49958,delta,2,0,1,19970,34.5376
15599,38811,delta,2,0,1,8823,34.5374
15600,28288,delta,2,0,0,13294,34.4955
15601,45330,delta,2,0,1,15342,34.4944
15602,47603,delta,2,0,1,17615,34.487
15603,38390,delta,2,0,1,8402,34.4819
15604,43424,delta,2,0,1,13436,34.4799
15605,46995,delta,2,0,1,17007,34.4763
15606,26340,delta,2,0,0,11346,34.4697
15607,36499,delta,2,0,1,6511,34.4624
15608,30359,delta,2,0,0,15365,34.4608
15609,36463,delta,2,0,1,6475,34.4566
15610,22645,delta,2,0,0,7651,34.4557
15611,39652,delta,2,0,1,9664,34.4529
15612,22739,delta,2,0,0,7745,34.4494
15613,34594,delta,2,0,0,19600,34.4192
15614,40843,delta,2,0,1,10855,34.418
15615,45325,delta,2,0,1,15337,34.4173
15616,30810,delta,2,0,0,15816,34.4088
15617,28486,delta,2,0,0,13492,34.4053
15618,35542,delta,2,0,1,5554,34.3985
15619,38717,delta,2,0,1,8729,34.3941
15620,35657,delta,2,0,1,5669,34.3807
15621,28319,delta,2,0,0,13325,34.3787
15622,45508,delta,2,0,1,15520,34.3653
15623,37664,delta,2,0,1,7676,34.3526
15624,27652,delta,2,0,0,12658,34.3492
15625,44759,delta,2,0,1,14771,34.342
15626,35295,delta,2,0,1,5307,34.3415
15627,37688,delta,2,0,1,7700,34.334
15628,36133,delta,2,0,1,6145,34.3303
15629,49938,delta,2,0,1,19950,34.3161
15630,39303,delta,2,0,1,9315,34.3115
15631,40110,delta,2,0,1,10122,34.3094
15632,41503,delta,2,0,1,11515,34.3084
15633,43494,delta,2,0,1,13506,34.3068
15634,30241,delta,2,0,0,15247,34.301
15635,41400,delta,2,0,1,11412,34.2992
15636,36313,delta,2,0,1,6325,34.2939
15637,38892,delta,2,0,1,8904,34.2809
15638,47639,delta,2,0,1,17651,34.2763
15639,38884,delta,2,0,1,8896,34.2548
15640,27851,delta,2,0,0,12857,34.2472
15641,44718,delta,2,0,1,14730,34.2452
15642,25523,delta,2,0,0,10529,34.2448
15643,36235,delta,2,0,1,6247,34.2432
15644,32245,delta,2,0,0,17251,34.2303
15645,40232,delta,2,0,1,10244,34.2264
15646,36199,delta,2,0,1,6211,34.2235
15647,45806,delta,2,0,1,15818,34.2231
15648,29634,delta,2,0,0,14640,34.2201
15649,28536,delta,2,0,0,13542,34.2019
15650,39476,delta,2,0,1,9488,34.1979
15651,38994,delta,2,0,1,9006,34.1916
15652,47532,delta,2,0,1,17544,34.1895
15653,37641,delta,2,0,1,7653,34.1778
15654,47045,delta,2,0,1,17057,34.1668
15655,30292,delta,2,0,0,15298,34.1526
15656,36428,delta,2,0,1,6440,34.1372
15657,36952,delta,2,0,1,6964,34.0775
15658,43421,delta,2,0,1,13433,34.0587
15659,35212,delta,2,0,1,5224,34.0476
15660,39117,delta,2,0,1,9129,34.0386
15661,30334,delta,2,0,0,15340,34.0119
15662,39971,delta,2,0,1,9983,34.0013
15663,23549,delta,2,0,0,8555,33.9995
15664,40602,delta,2,0,1,10614,33.9874
15665,42612,delta,2,0,1,12624,33.9807
15666,33351,delta,2,0,0,18357,33.9784
15667,36515,delta,2,0,1,6527,33.9726
15668,38683,delta,2,0,1,8695,33.9688
15669,29032,delta,2,0,0,14038,33.968
15670,38033,delta,2,0,1,8045,33.9547
15671,48233,delta,2,0,1,18245,33.9506
15672,47099,delta,2,0,1,17111,33.934
15673,48752,delta,2,0,1,18764,33.9306
15674,49593,delta,2,0,1,19605,33.9186
15675,26685,delta,2,0,0,11691,33.9169
15676,23583,delta,2,0,0,8589,33.8975
15677,37542,delta,2,0,1,7554,33.8966
15678,38563,delta,2,0,1,8575,33.885
15679,45898,delta,2,0,1,15910,33.8708
15680,36112,delta,2,0,1,6124,33.8653
15681,30216,delta,2,0,0,15222,33.8623
15682,39683,delta,2,0,1,9695,33.854
15683,46476,delta,2,0,1,16488,33.8361
15684,35871,delta,2,0,1,5883,33.8324
15685,37737,delta,2,0,1,7749,33.8257
15686,47531,delta,2,0,1,17543,33.8167
15687,36845,delta,2,0,1,6857,33.816
15688,43406,delta,2,0,1,13418,33.7967
15689,38819,delta,2,0,1,8831,33.7896
15690,32879,delta,2,0,0,17885,33.7879
15691,36407,delta,2,0,1,6419,33.7858
15692,40641,delta,2,0,1,10653,33.7771
15693,38973,delta,2,0,1,8985,33.7629
15694,37244,delta,2,0,1,7256,33.7532
15695,39057,delta,2,0,1,9069,33.7288
15696,48781,delta,2,0,1,18793,33.7193
15697,34043,delta,2,0,0,19049,33.7189
15698,27143,delta,2,0,0,12149,33.7083
15699,38408,delta,2,0,1,8420,33.7064
15700,24001,delta,2,0,0,9007,33.7041
15701,38654,delta,2,0,1,8666,33.6851
15702,35722,delta,2,0,1,5734,33.6846
15703,44008,delta,2,0,1,14020,33.6678
15704,29768,delta,2,0,0,14774,33.6601
15705,39311,delta,2,0,1,9323,33.6501
15706,38850,delta,2,0,1,8862,33.6382
15707,37816,delta,2,0,1,7828,33.6355
15708,39890,delta,2,0,1,9902,33.6331
15709,45762,delta,2,0,1,15774,33.6235
15710,42343,delta,2,0,1,12355,33.6051
15711,22810,delta,2,0,0,7816,33.6035
15712,35274,delta,2,0,1,5286,33.6016
15713,45165,delta,2,0,1,15177,33.5728
15714,36462,delta,2,0,1,6474,33.5587
15715,35397,delta,2,0,1,5409,33.5563
15716,48196,delta,2,0,1,18208,33.55
15717,30364,delta,2,0,0,15370,33.5408
15718,42712,delta,2,0,1,12724,33.5383
15719,23993,delta,2,0,0,8999,33.497
15720,33190,delta,2,0,0,18196,33.4864
15721,44026,delta,2,0,1,14038,33.4809
15722,25526,delta,2,0,0,10532,33.4719
15723,37685,delta,2,0,1,7697,33.4647
15724,30515,delta,2,0,0,15521,33.4581
15725,43404,delta,2,0,1,13416,33.4551
15726,38871,delta,2,0,1,8883,33.4444
15727,37745,delta,2,0,1,7757,33.4428
15728,36220,delta,2,0,1,6232,33.4356
15729,31465,delta,2,0,0,16471,33.424
15730,36410,delta,2,0,1,6422,33.4219
15731,40759,delta,2,0,1,10771,33.416
15732,43463,delta,2,0,1,13475,33.3987
15733,44667,delta,2,0,1,14679,33.3965
15734,41351,delta,2,0,1,11363,33.3861
15735,41301,delta,2,0,1,11313,33.3791
15736,29563,delta,2,0,0,14569,33.3725
15737,48795,delta,2,0,1,18807,33.3675
15738,47620,delta,2,0,1,17632,33.358
15739,23555,delta,2,0,0,8561,33.3511
15740,35361,delta,2,0,1,5373,33.3428
15741,36533,delta,2,0,1,6545,33.3414
15742,25216,delta,2,0,0,10222,33.3406
15743,36960,delta,2,0,1,6972,33.3406
15744,37861,delta,2,0,1,7873,33.3381
15745,40900,delta,2,0,1,10912,33.3227
15746,23424,delta,2,0,0,8430,33.3158
15747,43974,delta,2,0,1,13986,33.3098
15748,21551,delta,2,0,0,6557,33.3067
15749,42683,delta,2,0,1,12695,33.2984
15750,49940,delta,2,0,1,19952,33.2915
15751,37693,delta,2,0,1,7705,33.2782
15752,49398,delta,2,0,1,19410,33.2571
15753,32882,delta,2,0,0,17888,33.2557
15754,31538,delta,2,0,0,16544,33.2539
15755,46515,delta,2,0,1,16527,33.2536
15756,35094,delta,2,0,1,5106,33.2477
15757,34964,delta,2,0,0,19970,33.2429
15758,37683,delta,2,0,1,7695,33.2377
15759,34354,delta,2,0,0,19360,33.2322
15760,37696,delta,2,0,1,7708,33.2229
15761,35573,delta,2,0,1,5585,33.201
15762,27185,delta,2,0,0,12191,33.2005
15763,25174,delta,2,0,0,10180,33.1938
15764,35261,delta,2,0,1,5273,33.1873
15765,29632,delta,2,0,0,14638,33.1858
15766,34524,delta,2,0,0,19530,33.1857
15767,38238,delta,2,0,1,8250,33.1844
15768,49968,delta,2,0,1,19980,33.1726
15769,36452,delta,2,0,1,6464,33.1631
15770,49331,delta,2,0,1,19343,33.1448
15771,42819,delta,2,0,1,12831,33.1337
15772,40120,delta,2,0,1,10132,33.1151
15773,41534,delta,2,0,1,11546,33.1079
15774,47074,delta,2,0,1,17086,33.0993
15775,35892,delta,2,0,1,5904,33.0773
15776,24853,delta,2,0,0,9859,33.0758
15777,48173,delta,2,0,1,18185,33.0689
15778,28487,delta,2,0,0,13493,33.0305
15779,43249,delta,2,0,1,13261,33.0267
15780,41539,delta,2,0,1,11551,33.0024
15781,34455,delta,2,0,0,19461,32.9764
15782,36243,delta,2,0,1,6255,32.971
15783,39702,delta,2,0,1,9714,32.953
15784,38445,delta,2,0,1,8457,32.9523
15785,35929,delta,2,0,1,5941,32.9517
15786,34351,delta,2,0,0,19357,32.9455
15787,48221,delta,2,0,1,18233,32.9351
15788,35709,delta,2,0,1,5721,32.9246
15789,46982,delta,2,0,1,16994,32.8941
15790,36575,delta,2,0,1,6587,32.8901
15791,36549,delta,2,0,1,6561,32.8854
15792,44529,delta,2,0,1,14541,32.8693
15793,22797,delta,2,0,0,7803,32.8653
15794,36876,delta,2,0,1,6888,32.8643
15795,37322,delta,2,0,1,7334,32.864
15796,40558,delta,2,0,1,10570,32.8635
15797,32052,delta,2,0,0,17058,32.8612
15798,30841,delta,2,0,0,15847,32.8563
15799,26452,delta,2,0,0,11458,32.8396
15800,45765,delta,2,0,1,15777,32.8361
15801,41207,delta,2,0,1,11219,32.8309
15802,47574,delta,2,0,1,17586,32.8295
15803,41471,delta,2,0,1,11483,32.8272
15804,37795,delta,2,0,1,7807,32.8133
15805,36557,delta,2,0,1,6569,32.8007
15806,30321,delta,2,0,0,15327,32.7976
15807,35350,delta,2,0,1,5362,32.7911
15808,35696,delta,2,0,1,5708,32.791
15809,39867,delta,2,0,1,9879,32.7833
15810,37458,delta,2,0,1,7470,32.7694
15811,40858,delta,2,0,1,10870,32.7658
15812,37811,delta,2,0,1,7823,32.7577
15813,38963,delta,2,0,1,8975,32.7552
15814,22823,delta,2,0,0,7829,32.754
15815,25208,delta,2,0,0,10214,32.7534
15816,39992,delta,2,0,1,10004,32.7498
15817,33367,delta,2,0,0,18373,32.7321
15818,25839,delta,2,0,0,10845,32.7253
15819,41403,delta,2,0,1,11415,32.7252
15820,33362,delta,2,0,0,18368,32.7167
15821,40822,delta,2,0,1,10834,32.7166
15822,38736,delta,2,0,1,8748,32.7103
15823,30968,delta,2,0,0,15974,32.7009
15824,43346,delta,2,0,1,13358,32.6977
15825,42785,delta,2,0,1,12797,32.6948
15826,35183,delta,2,0,1,5195,32.685
15827,27350,delta,2,0,0,12356,32.6838
15828,24861,delta,2,0,0,9867,32.6736
15829,26275,delta,2,0,0,11281,32.6693
15830,37217,delta,2,0,1,7229,32.6593
15831,33823,delta,2,0,0,18829,32.6524
15832,27122,delta,2,0,0,12128,32.6249
15833,36394,delta,2,0,1,6406,32.6233
15834,28690,delta,2,0,0,13696,32.6211
15835,30244,delta,2,0,0,15250,32.6196
15836,35916,delta,2,0,1,5928,32.6084
15837,28692,delta,2,0,0,13698,32.5967
15838,29047,delta,2,0,0,14053,32.5886
15839,33293,delta,2,0,0,18299,32.5856
15840,37013,delta,2,0,1,7025,32.5614
15841,25515,delta,2,0,0,10521,32.5601
15842,37523,delta,2,0,1,7535,32.5571
15843,39811,delta,2,0,1,9823,32.5477
15844,39316,delta,2,0,1,9328,32.5423
15845,37698,delta,2,0,1,7710,32.5388
15846,45207,delta,2,0,1,15219,32.5375
15847,42003,delta,2,0,1,12015,32.536
15848,36308,delta,2,0,1,6320,32.533
15849,29027,delta,2,0,0,14033,32.5317
15850,39801,delta,2,0,1,9813,32.5226
15851,42065,delta,2,0,1,12077,32.5106
15852,34031,delta,2,0,0,19037,32.5087
15853,24080,delta,2,0,0,9086,32.5074
15854,30918,delta,2,0,0,15924,32.4936
15855,49289,delta,2,0,1,19301,32.4851
15856,23406,delta,2,0,0,8412,32.4462
15857,44206,delta,2,0,1,14218,32.4448
15858,37301,delta,2,0,1,7313,32.4412
15859,28283,delta,2,0,0,13289,32.4151
15860,44748,delta,2,0,1,14760,32.4145
15861,46359,delta,2,0,1,16371,32.3988
15862,43531,delta,2,0,1,13543,32.3977
15863,38646,delta,2,0,1,8658,32.3867
15864,30337,delta,2,0,0,15343,32.3831
15865,37387,delta,2,0,1,7399,32.3701
15866,36761,delta,2,0,1,6773,32.3684
15867,40827,delta,2,0,1,10839,32.3571
15868,44178,delta,2,0,1,14190,32.3555
15869,45170,delta,2,0,1,15182,32.3524
15870,37236,delta,2,0,1,7248,32.3524
15871,35934,delta,2,0,1,5946,32.3386
15872,47025,delta,2,0,1,17037,32.3359
15873,44641,delta,2,0,1,14653,32.3297
15874,37659,delta,2,0,1,7671,32.3293
15875,35329,delta,2,0,1,5341,32.3252
15876,29700,delta,2,0,0,14706,32.3242
15877,25203,delta,2,0,0,10209,32.32
15878,24064,delta,2,0,0,9070,32.3196
15879,39371,delta,2,0,1,9383,32.3183
15880,36569,delta,2,0,1,6581,32.3131
15881,43515,delta,2,0,1,13527,32.3091
15882,48169,delta,2,0,1,18181,32.3054
15883,45878,delta,2,0,1,15890,32.3005
15884,31309,delta,2,0,0,16315,32.2814
15885,32029,delta,2,0,0,17035,32.2805
15886,36824,delta,2,0,1,6836,32.2714
15887,42764,delta,2,0,1,12776,32.271
15888,37379,delta,2,0,1,7391,32.2699
15889,41317,delta,2,0,1,11329,32.2621
15890,39958,delta,2,0,1,9970,32.2558
15891,30807,delta,2,0,0,15813,32.2549
15892,28467,delta,2,0,0,13473,32.254
15893,32122,delta,2,0,0,17128,32.2446
15894,36259,delta,2,0,1,6271,32.242
15895,49606,delta,2,0,1,19618,32.2347
15896,43390,delta,2,0,1,13402,32.2328
15897,48428,delta,2,0,1,18440,32.2274
15898,32003,delta,2,0,0,17009,32.2168
15899,36329,delta,2,0,1,6341,32.2132
15900,36819,delta,2,0,1,6831,32.1991
15901,33173,delta,2,0,0,18179,32.1951
15902,46289,delta,2,0,1,16301,32.1891
15903,40840,delta,2,0,1,10852,32.185
15904,38733,delta,2,0,1,8745,32.1821
15905,45356,delta,2,0,1,15368,32.1722
15906,38879,delta,2,0,1,8891,32.172
15907,48859,delta,2,0,1,18871,32.1519
15908,44053,delta,2,0,1,14065,32.1392
15909,43657,delta,2,0,1,13669,32.1302
15910,36719,delta,2,0,1,6731,32.1267
15911,28372,delta,2,0,0,13378,32.126
15912,30741,delta,2,0,0,15747,32.1227
15913,38772,delta,2,0,1,8784,32.1209
15914,25876,delta,2,0,0,10882,32.1131
15915,31100,delta,2,0,0,16106,32.1121
15916,37832,delta,2,0,1,7844,32.104
15917,37403,delta,2,0,1,7415,32.1003
15918,40707,delta,2,0,1,10719,32.0972
15919,45288,delta,2,0,1,15300,32.0964
15920,38991,delta,2,0,1,9003,32.0948
15921,44322,delta,2,0,1,14334,32.0764
15922,38667,delta,2,0,1,8679,32.072
15923,38981,delta,2,0,1,8993,32.0527
15924,34930,delta,2,0,0,19936,32.0493
15925,41306,delta,2,0,1,11318,32.0422
15926,45760,delta,2,0,1,15772,32.0359
15927,35233,delta,2,0,1,5245,32.0252
15928,38217,delta,2,0,1,8229,32.02
15929,36544,delta,2,0,1,6556,32.0186
15930,33587,delta,2,0,0,18593,32.0163
15931,27129,delta,2,0,0,12135,32.0094
15932,38348,delta,2,0,1,8360,32.005
15933,32659,delta,2,0,0,17665,32.0009
15934,40869,delta,2,0,1,10881,31.9931
15935,37343,delta,2,0,1,7355,31.9673
15936,29048,delta,2,0,0,14054,31.9652
15937,40670,delta,2,0,1,10682,31.9638
15938,37201,delta,2,0,1,7213,31.9539
15939,28533,delta,2,0,0,13539,31.9488
15940,39694,delta,2,0,1,9706,31.9473
15941,37479,delta,2,0,1,7491,31.9461
15942,41523,delta,2,0,1,11535,31.9297
15943,35240,delta,2,0,1,5252,31.9262
15944,48709,delta,2,0,1,18721,31.9173
15945,29740,delta,2,0,0,14746,31.9145
15946,34171,delta,2,0,0,19177,31.907
15947,30229,delta,2,0,0,15235,31.9066
15948,36248,delta,2,0,1,6260,31.9036
15949,31998,delta,2,0,0,17004,31.8952
15950,39738,delta,2,0,1,9750,31.893
15951,38500,delta,2,0,1,8512,31.8864
15952,39950,delta,2,0,1,9962,31.8844
15953,26940,delta,2,0,0,11946,31.879
15954,31974,delta,2,0,0,16980,31.8702
15955,37790,delta,2,0,1,7802,31.8512
15956,38796,delta,2,0,1,8808,31.8511
15957,48762,delta,2,0,1,18774,31.8484
15958,32540,delta,2,0,0,17546,31.8377
15959,31499,delta,2,0,0,16505,31.8363
15960,37976,delta,2,0,1,7988,31.8231
15961,39809,delta,2,0,1,9821,31.801
15962,36125,delta,2,0,1,6137,31.8007
15963,30215,delta,2,0,0,15221,31.786
15964,37892,delta,2,0,1,7904,31.7807
15965,37821,delta,2,0,1,7833,31.7747
15966,40597,delta,2,0,1,10609,31.7689
15967,30376,delta,2,0,0,15382,31.7638
15968,37677,delta,2,0,1,7689,31.7635
15969,36827,delta,2,0,1,6839,31.7497
15970,44589,delta,2,0,1,14601,31.7444
15971,31483,delta,2,0,0,16489,31.7412
15972,31293,delta,2,0,0,16299,31.7258
15973,29030,delta,2,0,0,14036,31.6981
15974,31567,delta,2,0,0,16573,31.6967
15975,30973,delta,2,0,0,15979,31.6836
15976,25625,delta,2,0,0,10631,31.6794
15977,47040,delta,2,0,1,17052,31.6786
15978,27690,delta,2,0,0,12696,31.6709
15979,37505,delta,2,0,1,7517,31.6707
15980,40704,delta,2,0,1,10716,31.6586
15981,33802,delta,2,0,0,18808,31.6512
15982,28984,delta,2,0,0,13990,31.6487
15983,30944,delta,2,0,0,15950,31.6426
15984,38897,delta,2,0,1,8909,31.6188
15985,42120,delta,2,0,1,12132,31.6134
15986,37824,delta,2,0,1,7836,31.6113
15987,24657,delta,2,0,0,9663,31.6081
15988,39984,delta,2,0,1,9996,31.5901
15989,30986,delta,2,0,0,15992,31.5877
15990,21606,delta,2,0,0,6612,31.576
15991,31693,delta,2,0,0,16699,31.5691
15992,42327,delta,2,0,1,12339,31.5675
15993,34378,delta,2,0,0,19384,31.5648
15994,36811,delta,2,0,1,6823,31.5534
15995,27127,delta,2,0,0,12133,31.5497
15996,47024,delta,2,0,1,17036,31.5481
15997,28482,delta,2,0,0,13488,31.5405
15998,27187,delta,2,0,0,12193,31.5315
15999,42694,delta,2,0,1,12706,31.5273
16000,38783,delta,2,0,1,8795,31.5248
16001,48244,delta,2,0,1,18256,31.5217
16002,37625,delta,2,0,1,7637,31.5085
16003,37005,delta,2,0,1,7017,31.5048
16004,47267,delta,2,0,1,17279,31.5037
16005,25603,delta,2,0,0,10609,31.5019
16006,37753,delta,2,0,1,7765,31.4985
16007,25797,delta,2,0,0,10803,31.4933
16008,35602,delta,2,0,1,5614,31.489
16009,25623,delta,2,0,0,10629,31.4827
16010,49396,delta,2,0,1,19408,31.4822
16011,35287,delta,2,0,1,5299,31.4816
16012,45382,delta,2,0,1,15394,31.4787
16013,38741,delta,2,0,1,8753,31.4686
16014,44112,delta,2,0,1,14124,31.4657
16015,36769,delta,2,0,1,6781,31.4647
16016,32014,delta,2,0,0,17020,31.4642
16017,44736,delta,2,0,1,14748,31.451
16018,44806,delta,2,0,1,14818,31.4306
16019,45775,delta,2,0,1,15787,31.4295
16020,40146,delta,2,0,1,10158,31.4186
16021,39031,delta,2,0,1,9043,31.417
16022,48814,delta,2,0,1,18826,31.4167
16023,36512,delta,2,0,1,6524,31.4116
16024,28882,delta,2,0,0,13888,31.4106
16025,31983,delta,2,0,0,16989,31.3785
16026,38209,delta,2,0,1,8221,31.3779
16027,27842,delta,2,0,0,12848,31.3732
16028,42710,delta,2,0,1,12722,31.3699
16029,40125,delta,2,0,1,10137,31.3675
16030,40159,delta,2,0,1,10171,31.3669
16031,24693,delta,2,0,0,9699,31.3635
16032,42047,delta,2,0,1,12059,31.357
16033,40172,delta,2,0,1,10184,31.3559
16034,38900,delta,2,0,1,8912,31.3366
16035,25608,delta,2,0,0,10614,31.3343
16036,37748,delta,2,0,1,7760,31.327
16037,48220,delta,2,0,1,18232,31.3161
16038,41950,delta,2,0,1,11962,31.3131
16039,35120,delta,2,0,1,5132,31.3058
16040,30838,delta,2,0,0,15844,31.3051
16041,35688,delta,2,0,1,5700,31.3044
16042,45845,delta,2,0,1,15857,31.3041
16043,32001,delta,2,0,0,17007,31.2981
16044,34414,delta,2,0,0,19420,31.2939
16045,38704,delta,2,0,1,8716,31.2856
16046,47022,delta,2,0,1,17034,31.285
16047,42555,delta,2,0,1,12567,31.2644
16048,35717,delta,2,0,1,5729,31.2588
16049,33176,delta,2,0,0,18182,31.2586
16050,44037,delta,2,0,1,14049,31.2364
16051,40194,delta,2,0,1,10206,31.2335
16052,41212,delta,2,0,1,11224,31.2226
16053,37531,delta,2,0,1,7543,31.219
16054,49925,delta,2,0,1,19937,31.2107
16055,49393,delta,2,0,1,19405,31.2071
16056,35950,delta,2,0,1,5962,31.2046
16057,39885,delta,2,0,1,9897,31.2032
16058,36207,delta,2,0,1,6219,31.1917
16059,38931,delta,2,0,1,8943,31.191
16060,34753,delta,2,0,0,19759,31.1857
16061,35704,delta,2,0,1,5716,31.1725
16062,31512,delta,2,0,0,16518,31.1671
16063,42615,delta,2,0,1,12627,31.1644
16064,36070,delta,2,0,1,6082,31.1628
16065,47588,delta,2,0,1,17600,31.1453
16066,40997,delta,2,0,1,11009,31.1421
16067,49360,delta,2,0,1,19372,31.1307
16068,37819,delta,2,0,1,7831,31.1277
16069,27124,delta,2,0,0,12130,31.1267
16070,46428,delta,2,0,1,16440,31.1117
16071,47693,delta,2,0,1,17705,31.1107
16072,36814,delta,2,0,1,6826,31.1088
16073,36366,delta,2,0,1,6378,31.1041
16074,35089,delta,2,0,1,5101,31.103
16075,42845,delta,2,0,1,12857,31.0968
16076,44089,delta,2,0,1,14101,31.0845
16077,37971,delta,2,0,1,7983,31.0791
16078,37860,delta,2,0,1,7872,31.0739
16079,21598,delta,2,0,0,6604,31.0712
16080,34723,delta,2,0,0,19729,31.0699
16081,48230,delta,2,0,1,18242,31.0658
16082,45513,delta,2,0,1,15525,31.0619
16083,47600,delta,2,0,1,17612,31.0547
16084,39468,delta,2,0,1,9480,31.0492
16085,40128,delta,2,0,1,10140,31.0419
16086,36530,delta,2,0,1,6542,31.0357
16087,44039,delta,2,0,1,14051,31.0352
16088,40177,delta,2,0,1,10189,31.0257
16089,44084,delta,2,0,1,14096,31.0147
16090,37445,delta,2,0,1,7457,31.0125
16091,37021,delta,2,0,1,7033,31.0089
16092,45184,delta,2,0,1,15196,31.0042
16093,44209,delta,2,0,1,14221,30.9996
16094,30826,delta,2,0,0,15832,30.9932
16095,35047,delta,2,0,1,5059,30.9916
16096,40638,delta,2,0,1,10650,30.991
16097,47021,delta,2,0,1,17033,30.9871
16098,26958,delta,2,0,0,11964,30.9762
16099,40160,delta,2,0,1,10172,30.9599
16100,35102,delta,2,0,1,5114,30.9579
16101,34726,delta,2,0,0,19732,30.9559
16102,37756,delta,2,0,1,7768,30.9544
16103,45345,delta,2,0,1,15357,30.9515
16104,41227,delta,2,0,1,11239,30.9477
16105,37800,delta,2,0,1,7812,30.9392
16106,37562,delta,2,0,1,7574,30.939
16107,32284,delta,2,0,0,17290,30.9298
16108,25171,delta,2,0,0,10177,30.9236
16109,32624,delta,2,0,0,17630,30.9231
16110,37968,delta,2,0,1,7980,30.9127
16111,39707,delta,2,0,1,9719,30.909
16112,40094,delta,2,0,1,10106,30.8912
16113,34430,delta,2,0,0,19436,30.8901
16114,49219,delta,2,0,1,19231,30.888
16115,40712,delta,2,0,1,10724,30.8698
16116,42345,delta,2,0,1,12357,30.8686
16117,30387,delta,2,0,0,15393,30.8598
16118,38034,delta,2,0,1,8046,30.8573
16119,35115,delta,2,0,1,5127,30.8511
16120,26267,delta,2,0,0,11273,30.8246
16121,37008,delta,2,0,1,7020,30.821
16122,29187,delta,2,0,0,14193,30.8166
16123,25620,delta,2,0,0,10626,30.8164
16124,45385,delta,2,0,1,15397,30.7998
16125,39979,delta,2,0,1,9991,30.7906
16126,30867,delta,2,0,0,15873,30.7878
16127,44746,delta,2,0,1,14758,30.787
16128,32030,delta,2,0,0,17036,30.7868
16129,30926,delta,2,0,0,15932,30.7743
16130,42861,delta,2,0,1,12873,30.7731
16131,34765,delta,2,0,0,19771,30.7709
16132,40834,delta,2,0,1,10846,30.7614
16133,41283,delta,2,0,1,11295,30.7371
16134,32701,delta,2,0,0,17707,30.7081
16135,25779,delta,2,0,0,10785,30.7039
16136,42139,delta,2,0,1,12151,30.7016
16137,40772,delta,2,0,1,10784,30.6973
16138,30331,delta,2,0,0,15337,30.6877
16139,31554,delta,2,0,0,16560,30.6866
16140,37178,delta,2,0,1,7190,30.6838
16141,30851,delta,2,0,0,15857,30.6824
16142,35649,delta,2,0,1,5661,30.6821
16143,41549,delta,2,0,1,11561,30.682
16144,22729,delta,2,0,0,7735,30.6663
16145,42992,delta,2,0,1,13004,30.6646
16146,36973,delta,2,0,1,6985,30.6626
16147,43233,delta,2,0,1,13245,30.659
16148,35997,delta,2,0,1,6009,30.6588
16149,27618,delta,2,0,0,12624,30.6476
16150,34721,delta,2,0,0,19727,30.6366
16151,41188,delta,2,0,1,11200,30.6344
16152,36816,delta,2,0,1,6828,30.6322
16153,38720,delta,2,0,1,8732,30.6229
16154,36732,delta,2,0,1,6744,30.5994
16155,42134,delta,2,0,1,12146,30.5991
16156,46401,delta,2,0,1,16413,30.5986
16157,30289,delta,2,0,0,15295,30.5956
16158,37395,delta,2,0,1,7407,30.5906
16159,28520,delta,2,0,0,13526,30.5884
16160,32542,delta,2,0,0,17548,30.5871
16161,49329,delta,2,0,1,19341,30.5721
16162,45286,delta,2,0,1,15298,30.5613
16163,35974,delta,2,0,1,5986,30.5585
16164,49952,delta,2,0,1,19964,30.5564
16165,39720,delta,2,0,1,9732,30.5452
16166,46063,delta,2,0,1,16075,30.5447
16167,32583,delta,2,0,0,17589,30.5367
16168,37829,delta,2,0,1,7841,30.5341
16169,28514,delta,2,0,0,13520,30.5171
16170,28978,delta,2,0,0,13984,30.5059
16171,46935,delta,2,0,1,16947,30.5013
16172,36965,delta,2,0,1,6977,30.4997
16173,39880,delta,2,0,1,9892,30.4922
16174,30953,delta,2,0,0,15959,30.4838
16175,26264,delta,2,0,0,11270,30.4829
16176,46979,delta,2,0,1,16991,30.4632
16177,27692,delta,2,0,0,12698,30.454
16178,27030,delta,2,0,0,12036,30.4537
16179,35889,delta,2,0,1,5901,30.4466
16180,41296,delta,2,0,1,11308,30.4268
16181,41366,delta,2,0,1,11378,30.4224
16182,34168,delta,2,0,0,19174,30.4139
16183,27695,delta,2,0,0,12701,30.4126
16184,30213,delta,2,0,0,15219,30.4108
16185,40702,delta,2,0,1,10714,30.3825
16186,38038,delta,2,0,1,8050,30.3753
16187,39846,delta,2,0,1,9858,30.3721
16188,49930,delta,2,0,1,19942,30.3687
16189,43330,delta,2,0,1,13342,30.3648
16190,33226,delta,2,0,0,18232,30.3592
16191,34623,delta,2,0,0,19629,30.3523
16192,25205,delta,2,0,0,10211,30.3408
16193,48168,delta,2,0,1,18180,30.335
16194,40042,delta,2,0,1,10054,30.3333
16195,26504,delta,2,0,0,11510,30.3233
16196,39830,delta,2,0,1,9842,30.3195
16197,42212,delta,2,0,1,12224,30.3186
16198,26467,delta,2,0,0,11473,30.3137
16199,32287,delta,2,0,0,17293,30.3082
16200,31391,delta,2,0,0,16397,30.307
16201,38874,delta,2,0,1,8886,30.2992
16202,41272,delta,2,0,1,11284,30.2988
16203,27102,delta,2,0,0,12108,30.2881
16204,47069,delta,2,0,1,17081,30.2876
16205,44359,delta,2,0,1,14371,30.2876
16206,34046,delta,2,0,0,19052,30.2738
16207,25615,delta,2,0,0,10621,30.265
16208,22726,delta,2,0,0,7732,30.2635
16209,39898,delta,2,0,1,9910,30.2629
16210,29594,delta,2,0,0,14600,30.2507
16211,46400,delta,2,0,1,16412,30.2491
16212,30836,delta,2,0,0,15842,30.2415
16213,41520,delta,2,0,1,11532,30.2376
16214,29637,delta,2,0,0,14643,30.2347
16215,43244,delta,2,0,1,13256,30.2298
16216,32289,delta,2,0,0,17295,30.2111
16217,33768,delta,2,0,0,18774,30.2064
16218,45183,delta,2,0,1,15195,30.2056
16219,34972,delta,2,0,0,19978,30.1977
16220,40824,delta,2,0,1,10836,30.1881
16221,27713,delta,2,0,0,12719,30.1808
16222,41714,delta,2,0,1,11726,30.1525
16223,38895,delta,2,0,1,8907,30.144
16224,45511,delta,2,0,1,15523,30.1283
16225,32104,delta,2,0,0,17110,30.1147
16226,48414,delta,2,0,1,18426,30.1057
16227,22721,delta,2,0,0,7727,30.1028
16228,45778,delta,2,0,1,15790,30.101
16229,47113,delta,2,0,1,17125,30.0615
16230,44165,delta,2,0,1,14177,30.0534
16231,44317,delta,2,0,1,14329,30.0507
16232,28983,delta,2,0,0,13989,30.0423
16233,46940,delta,2,0,1,16952,30.0387
16234,39803,delta,2,0,1,9815,30.0308
16235,27641,delta,2,0,0,12647,30.0233
16236,49344,delta,2,0,1,19356,30.0228
16237,40047,delta,2,0,1,10059,30.0216
16238,28438,delta,2,0,0,13444,30.0194
16239,39049,delta,2,0,1,9061,30.0152
16240,29770,delta,2,0,0,14776,30.0062
16241,41285,delta,2,0,1,11297,30.0042
16242,28517,delta,2,0,0,13523,29.9882
16243,44764,delta,2,0,1,14776,29.9642
16244,38212,delta,2,0,1,8224,29.9641
16245,38117,delta,2,0,1,8129,29.9614
16246,47576,delta,2,0,1,17588,29.9602
16247,35253,delta,2,0,1,5265,29.9585
16248,46066,delta,2,0,1,16078,29.9538
16249,45113,delta,2,0,1,15125,29.9529
16250,35337,delta,2,0,1,5349,29.9432
16251,35382,delta,2,0,1,5394,29.9291
16252,24937,delta,2,0,0,9943,29.9257
16253,46346,delta,2,0,1,16358,29.9141
16254,38222,delta,2,0,1,8234,29.904
16255,45108,delta,2,0,1,15120,29.9022
16256,43450,delta,2,0,1,13462,29.8983
16257,35947,delta,2,0,1,5959,29.8885
16258,42728,delta,2,0,1,12740,29.88
16259,46673,delta,2,0,1,16685,29.8794
16260,27144,delta,2,0,0,12150,29.8556
16261,46425,delta,2,0,1,16437,29.8467
16262,49394,delta,2,0,1,19406,29.8446
16263,36955,delta,2,0,1,6967,29.8376
16264,48692,delta,2,0,1,18704,29.8371
16265,37827,delta,2,0,1,7839,29.8315
16266,27643,delta,2,0,0,12649,29.8279
16267,27792,delta,2,0,0,12798,29.822
16268,43374,delta,2,0,1,13386,29.8197
16269,25671,delta,2,0,0,10677,29.8191
16270,37979,delta,2,0,1,7991,29.7981
16271,40576,delta,2,0,1,10588,29.7938
16272,30854,delta,2,0,0,15860,29.7879
16273,44916,delta,2,0,1,14928,29.7713
16274,45880,delta,2,0,1,15892,29.7525
16275,40733,delta,2,0,1,10745,29.7447
16276,24072,delta,2,0,0,9078,29.7352
16277,40613,delta,2,0,1,10625,29.7293
16278,36044,delta,2,0,1,6056,29.7212
16279,27012,delta,2,0,0,12018,29.7209
16280,35110,delta,2,0,1,5122,29.7202
16281,33284,delta,2,0,0,18290,29.7147
16282,42644,delta,2,0,1,12656,29.6948
16283,36753,delta,2,0,1,6765,29.6928
16284,39751,delta,2,0,1,9763,29.6825
16285,24832,delta,2,0,0,9838,29.6788
16286,42876,delta,2,0,1,12888,29.678
16287,44584,delta,2,0,1,14596,29.6586
16288,26259,delta,2,0,0,11265,29.6416
16289,22308,delta,2,0,0,7314,29.6381
16290,33977,delta,2,0,0,18983,29.6375
16291,38487,delta,2,0,1,8499,29.6318
16292,38955,delta,2,0,1,8967,29.6314
16293,34540,delta,2,0,0,19546,29.6268
16294,23553,delta,2,0,0,8559,29.6247
16295,37981,delta,2,0,1,7993,29.6223
16296,40620,delta,2,0,1,10632,29.6186
16297,46503,delta,2,0,1,16515,29.6086
16298,23541,delta,2,0,0,8547,29.5826
16299,23396,delta,2,0,0,8402,29.5815
16300,42346,delta,2,0,1,12358,29.5813
16301,28519,delta,2,0,0,13525,29.579
16302,38171,delta,2,0,1,8183,29.5779
16303,27139,delta,2,0,0,12145,29.5729
16304,41890,delta,2,0,1,11902,29.5704
16305,43558,delta,2,0,1,13570,29.5699
16306,25606,delta,2,0,0,10612,29.5668
16307,38662,delta,2,0,1,8674,29.5629
16308,48222,delta,2,0,1,18234,29.5577
16309,30821,delta,2,0,0,15827,29.5554
16310,37732,delta,2,0,1,7744,29.5515
16311,39670,delta,2,0,1,9682,29.5486
16312,37277,delta,2,0,1,7289,29.5435
16313,46507,delta,2,0,1,16519,29.5382
16314,25605,delta,2,0,0,10611,29.5353
16315,39295,delta,2,0,1,9307,29.5291
16316,34751,delta,2,0,0,19757,29.524
16317,34341,delta,2,0,0,19347,29.5231
16318,39691,delta,2,0,1,9703,29.5151
16319,44011,delta,2,0,1,14023,29.5067
16320,33178,delta,2,0,0,18184,29.4958
16321,43377,delta,2,0,1,13389,29.494
16322,40691,delta,2,0,1,10703,29.4902
16323,39728,delta,2,0,1,9740,29.4836
16324,26866,delta,2,0,0,11872,29.4834
16325,32298,delta,2,0,0,17304,29.4834
16326,46388,delta,2,0,1,16400,29.4811
16327,22624,delta,2,0,0,7630,29.4765
16328,23548,delta,2,0,0,8554,29.4749
16329,38858,delta,2,0,1,8870,29.4675
16330,38453,delta,2,0,1,8465,29.4656
16331,35879,delta,2,0,1,5891,29.4612
16332,41969,delta,2,0,1,11981,29.4522
16333,26217,delta,2,0,0,11223,29.4477
16334,27657,delta,2,0,0,12663,29.445
16335,32042,delta,2,0,0,17048,29.4335
16336,38246,delta,2,0,1,8258,29.4253
16337,37617,delta,2,0,1,7629,29.4232
16338,43311,delta,2,0,1,13323,29.4182
16339,32189,delta,2,0,0,17195,29.416
16340,38251,delta,2,0,1,8263,29.4156
16341,42832,delta,2,0,1,12844,29.4026
16342,35578,delta,2,0,1,5590,29.4021
16343,31095,delta,2,0,0,16101,29.4003
16344,27171,delta,2,0,0,12177,29.3979
16345,39712,delta,2,0,1,9724,29.3775
16346,31390,delta,2,0,0,16396,29.3677
16347,42186,delta,2,0,1,12198,29.367
16348,49410,delta,2,0,1,19422,29.357
16349,49334,delta,2,0,1,19346,29.3556
16350,32242,delta,2,0,0,17248,29.3522
16351,37782,delta,2,0,1,7794,29.3515
16352,36454,delta,2,0,1,6466,29.3502
16353,45312,delta,2,0,1,15324,29.3341
16354,43513,delta,2,0,1,13525,29.3325
16355,39963,delta,2,0,1,9975,29.3112
16356,29223,delta,2,0,0,14229,29.3004
16357,26298,delta,2,0,0,11304,29.2992
16358,36154,delta,2,0,1,6166,29.2957
16359,30350,delta,2,0,0,15356,29.2894
16360,42631,delta,2,0,1,12643,29.2795
16361,42581,delta,2,0,1,12593,29.2748
16362,38728,delta,2,0,1,8740,29.2651
16363,44644,delta,2,0,1,14656,29.2631
16364,25881,delta,2,0,0,10887,29.2582
16365,44629,delta,2,0,1,14641,29.2417
16366,28516,delta,2,0,0,13522,29.2404
16367,47238,delta,2,0,1,17250,29.2385
16368,29127,delta,2,0,0,14133,29.2211
16369,26506,delta,2,0,0,11512,29.2177
16370,27186,delta,2,0,0,12192,29.2142
16371,48826,delta,2,0,1,18838,29.2134
16372,41552,delta,2,0,1,11564,29.2089
16373,37337,delta,2,0,1,7349,29.208
16374,45939,delta,2,0,1,15951,29.2046
16375,22658,delta,2,0,0,7664,29.2044
16376,42727,delta,2,0,1,12739,29.1966
16377,27655,delta,2,0,0,12661,29.1913
16378,37034,delta,2,0,1,7046,29.1875
16379,21373,delta,2,0,0,6379,29.1834
16380,34172,delta,2,0,0,19178,29.182
16381,39023,delta,2,0,1,9035,29.1778
16382,24665,delta,2,0,0,9671,29.1683
16383,45935,delta,2,0,1,15947,29.1673
16384,24709,delta,2,0,0,9715,29.1658
16385,47832,delta,2,0,1,17844,29.1522
16386,30835,delta,2,0,0,15841,29.144
16387,49027,delta,2,0,1,19039,29.1419
16388,29045,delta,2,0,0,14051,29.1413
16389,44154,delta,2,0,1,14166,29.1267
16390,27018,delta,2,0,0,12024,29.1226
16391,40078,delta,2,0,1,10090,29.1226
16392,27708,delta,2,0,0,12714,29.12
16393,40777,delta,2,0,1,10789,29.1156
16394,40081,delta,2,0,1,10093,29.1108
16395,24701,delta,2,0,0,9707,29.1016
16396,35410,delta,2,0,1,5422,29.097
16397,42201,delta,2,0,1,12213,29.0935
16398,49013,delta,2,0,1,19025,29.0796
16399,43898,delta,2,0,1,13910,29.0789
16400,47535,delta,2,0,1,17547,29.074
16401,39086,delta,2,0,1,9098,29.0617
16402,49452,delta,2,0,1,19464,29.0485
16403,45692,delta,2,0,1,15704,29.0472
16404,40761,delta,2,0,1,10773,29.0466
16405,44123,delta,2,0,1,14135,29.0462
16406,40191,delta,2,0,1,10203,29.0424
16407,41672,delta,2,0,1,11684,29.0423
16408,27542,delta,2,0,0,12548,29.0389
16409,48153,delta,2,0,1,18165,29.0355
16410,29342,delta,2,0,0,14348,29.0297
16411,37377,delta,2,0,1,7389,29.0243
16412,24942,delta,2,0,0,9948,29.023
16413,48100,delta,2,0,1,18112,29.0218
16414,35691,delta,2,0,1,5703,29.0118
16415,26946,delta,2,0,0,11952,29.0116
16416,41919,delta,2,0,1,11931,29.0114
16417,26464,delta,2,0,0,11470,29.0107
16418,44657,delta,2,0,1,14669,29.0019
16419,39715,delta,2,0,1,9727,28.9933
16420,40039,delta,2,0,1,10051,28.9837
16421,48158,delta,2,0,1,18170,28.9795
16422,41371,delta,2,0,1,11383,28.9793
16423,42196,delta,2,0,1,12208,28.9791
16424,40099,delta,2,0,1,10111,28.9646
16425,41442,delta,2,0,1,11454,28.9625
16426,31394,delta,2,0,0,16400,28.9624
16427,43914,delta,2,0,1,13926,28.96
16428,36675,delta,2,0,1,6687,28.9517
16429,41356,delta,2,0,1,11368,28.9488
16430,30347,delta,2,0,0,15353,28.9452
16431,47112,delta,2,0,1,17124,28.9441
16432,39851,delta,2,0,1,9863,28.9418
16433,26353,delta,2,0,0,11359,28.9331
16434,26982,delta,2,0,0,11988,28.9322
16435,47530,delta,2,0,1,17542,28.9212
16436,39945,delta,2,0,1,9957,28.9191
16437,34299,delta,2,0,0,19305,28.9168
16438,41222,delta,2,0,1,11234,28.9147
16439,48778,delta,2,0,1,18790,28.9046
16440,46371,delta,2,0,1,16383,28.9008
16441,27132,delta,2,0,0,12138,28.8997
16442,47023,delta,2,0,1,17035,28.8894
16443,31723,delta,2,0,0,16729,28.8871
16444,30204,delta,2,0,0,15210,28.8845
16445,44364,delta,2,0,1,14376,28.8813
16446,27854,delta,2,0,0,12860,28.8742
16447,48750,delta,2,0,1,18762,28.8727
16448,46980,delta,2,0,1,16992,28.8368
16449,38876,delta,2,0,1,8888,28.8335
16450,26951,delta,2,0,0,11957,28.8333
16451,29495,delta,2,0,0,14501,28.8268
16452,39877,delta,2,0,1,9889,28.8267
16453,44761,delta,2,0,1,14773,28.8193
16454,45300,delta,2,0,1,15312,28.819
16455,41332,delta,2,0,1,11344,28.8185
16456,47519,delta,2,0,1,17531,28.8108
16457,37026,delta,2,0,1,7038,28.8066
16458,26682,delta,2,0,0,11688,28.79
16459,38649,delta,2,0,1,8661,28.7849
16460,29029,delta,2,0,0,14035,28.7837
16461,23992,delta,2,0,0,8998,28.7819
16462,35937,delta,2,0,1,5949,28.7802
16463,31664,delta,2,0,0,16670,28.7798
16464,33972,delta,2,0,0,18978,28.7785
16465,47572,delta,2,0,1,17584,28.7724
16466,36711,delta,2,0,1,6723,28.7687
16467,36590,delta,2,0,1,6602,28.7645
16468,40037,delta,2,0,1,10049,28.7635
16469,23596,delta,2,0,0,8602,28.7616
16470,36404,delta,2,0,1,6416,28.7567
16471,23405,delta,2,0,0,8411,28.7558
16472,27807,delta,2,0,0,12813,28.7504
16473,25670,delta,2,0,0,10676,28.7347
16474,45818,delta,2,0,1,15830,28.7332
16475,38526,delta,2,0,1,8538,28.72
16476,41547,delta,2,0,1,11559,28.7169
16477,27648,delta,2,0,0,12654,28.7137
16478,37798,delta,2,0,1,7810,28.6999
16479,43341,delta,2,0,1,13353,28.6986
16480,40825,delta,2,0,1,10837,28.6977
16481,49010,delta,2,0,1,19022,28.697
16482,36834,delta,2,0,1,6846,28.6966
16483,28301,delta,2,0,0,13307,28.6893
16484,23979,delta,2,0,0,8985,28.687
16485,49039,delta,2,0,1,19051,28.682
16486,26349,delta,2,0,0,11355,28.6747
16487,25784,delta,2,0,0,10790,28.6677
16488,28441,delta,2,0,0,13447,28.6641
16489,38889,delta,2,0,1,8901,28.6582
16490,38528,delta,2,0,1,8540,28.6581
16491,31388,delta,2,0,0,16394,28.6538
16492,37510,delta,2,0,1,7522,28.6521
16493,22818,delta,2,0,0,7824,28.6519
16494,46712,delta,2,0,1,16724,28.6498
16495,26301,delta,2,0,0,11307,28.6492
16496,47561,delta,2,0,1,17573,28.6417
16497,38176,delta,2,0,1,8188,28.635
16498,40402,delta,2,0,1,10414,28.6329
16499,44597,delta,2,0,1,14609,28.6256
16500,24819,delta,2,0,0,9825,28.6235
16501,37175,delta,2,0,1,7187,28.622
16502,44109,delta,2,0,1,14121,28.619
16503,26500,delta,2,0,0,11506,28.6127
16504,45537,delta,2,0,1,15549,28.6126
16505,27619,delta,2,0,0,12625,28.6088
16506,39308,delta,2,0,1,9320,28.6033
16507,42895,delta,2,0,1,12907,28.6009
16508,22637,delta,2,0,0,7643,28.6
16509,25840,delta,2,0,0,10846,28.5907
16510,25675,delta,2,0,0,10681,28.5873
16511,22881,delta,2,0,0,7887,28.583
16512,42165,delta,2,0,1,12177,28.5795
16513,39078,delta,2,0,1,9090,28.5794
16514,39012,delta,2,0,1,9024,28.5779
16515,38834,delta,2,0,1,8846,28.5734
16516,48292,delta,2,0,1,18304,28.5731
16517,39075,delta,2,0,1,9087,28.5718
16518,26509,delta,2,0,0,11515,28.5655
16519,43230,delta,2,0,1,13242,28.5543
16520,34169,delta,2,0,0,19175,28.5514
16521,35743,delta,2,0,1,5755,28.5497
16522,22298,delta,2,0,0,7304,28.5367
16523,40793,delta,2,0,1,10805,28.5352
16524,38636,delta,2,0,1,8648,28.5294
16525,33179,delta,2,0,0,18185,28.5284
16526,25106,delta,2,0,0,10112,28.5194
16527,32173,delta,2,0,0,17179,28.5049
16528,25549,delta,2,0,0,10555,28.4956
16529,36968,delta,2,0,1,6980,28.494
16530,36745,delta,2,0,1,6757,28.4836
16531,37031,delta,2,0,1,7043,28.4821
16532,23895,delta,2,0,0,8901,28.4791
16533,46341,delta,2,0,1,16353,28.4777
16534,39935,delta,2,0,1,9947,28.4659
16535,30948,delta,2,0,0,15954,28.4554
16536,43909,delta,2,0,1,13921,28.4479
16537,49928,delta,2,0,1,19940,28.4419
16538,29337,delta,2,0,0,14343,28.4384
16539,28436,delta,2,0,0,13442,28.437
16540,40396,delta,2,0,1,10408,28.4304
16541,29660,delta,2,0,0,14666,28.4293
16542,39665,delta,2,0,1,9677,28.4224
16543,42571,delta,2,0,1,12583,28.4223
16544,26306,delta,2,0,0,11312,28.4175
16545,37588,delta,2,0,1,7600,28.4103
16546,48855,delta,2,0,1,18867,28.4003
16547,40198,delta,2,0,1,10210,28.3944
16548,28367,delta,2,0,0,13373,28.3893
16549,40788,delta,2,0,1,10800,28.3886
16550,35162,delta,2,0,1,5174,28.3859
16551,23550,delta,2,0,0,8556,28.3838
16552,27622,delta,2,0,0,12628,28.3814
16553,44628,delta,2,0,1,14640,28.3752
16554,40838,delta,2,0,1,10850,28.3644
16555,31393,delta,2,0,0,16399,28.3611
16556,40013,delta,2,0,1,10025,28.3538
16557,37994,delta,2,0,1,8006,28.3287
16558,36316,delta,2,0,1,6328,28.3223
16559,34041,delta,2,0,0,19047,28.322
16560,40775,delta,2,0,1,10787,28.3201
16561,29765,delta,2,0,0,14771,28.3192
16562,38531,delta,2,0,1,8543,28.3097
16563,32017,delta,2,0,0,17023,28.3087
16564,35712,delta,2,0,1,5724,28.3057
16565,28286,delta,2,0,0,13292,28.3054
16566,27142,delta,2,0,0,12148,28.3038
16567,45197,delta,2,0,1,15209,28.2971
16568,42217,delta,2,0,1,12229,28.2969
16569,48195,delta,2,0,1,18207,28.2945
16570,28320,delta,2,0,0,13326,28.291
16571,32025,delta,2,0,0,17031,28.2898
16572,26511,delta,2,0,0,11517,28.2874
16573,24852,delta,2,0,0,9858,28.2848
16574,41382,delta,2,0,1,11394,28.2839
16575,45327,delta,2,0,1,15339,28.2836
16576,45759,delta,2,0,1,15771,28.2801
16577,28534,delta,2,0,0,13540,28.2739
16578,28315,delta,2,0,0,13321,28.2713
16579,36342,delta,2,0,1,6354,28.2684
16580,27219,delta,2,0,0,12225,28.2644
16581,38067,delta,2,0,1,8079,28.2625
16582,42104,delta,2,0,1,12116,28.2548
16583,38759,delta,2,0,1,8771,28.2534
16584,40607,delta,2,0,1,10619,28.2476
16585,33475,delta,2,0,0,18481,28.2401
16586,43395,delta,2,0,1,13407,28.2376
16587,24824,delta,2,0,0,9830,28.2348
16588,47548,delta,2,0,1,17560,28.2241
16589,36420,delta,2,0,1,6432,28.2237
16590,49292,delta,2,0,1,19304,28.222
16591,38523,delta,2,0,1,8535,28.2194
16592,37241,delta,2,0,1,7253,28.1982
16593,29119,delta,2,0,0,14125,28.198
16594,29033,delta,2,0,0,14039,28.1972
16595,41288,delta,2,0,1,11300,28.1964
16596,24929,delta,2,0,0,9935,28.1875
16597,38536,delta,2,0,1,8548,28.1864
16598,29649,delta,2,0,0,14655,28.1831
16599,34296,delta,2,0,0,19302,28.1745
16600,26365,delta,2,0,0,11371,28.1722
16601,32271,delta,2,0,0,17277,28.1566
16602,48707,delta,2,0,1,18719,28.1548
16603,46414,delta,2,0,1,16426,28.1424
16604,30365,delta,2,0,0,15371,28.1374
16605,35594,delta,2,0,1,5606,28.1373
16606,37973,delta,2,0,1,7985,28.1364
16607,23585,delta,2,0,0,8591,28.1339
16608,40113,delta,2,0,1,10125,28.1303
16609,41968,delta,2,0,1,11980,28.1202
16610,24858,delta,2,0,0,9864,28.1198
16611,40829,delta,2,0,1,10841,28.117
16612,29779,delta,2,0,0,14785,28.0992
16613,37204,delta,2,0,1,7216,28.0987
16614,26278,delta,2,0,0,11284,28.0969
16615,45926,delta,2,0,1,15938,28.0915
16616,33365,delta,2,0,0,18371,28.0888
16617,48286,delta,2,0,1,18298,28.088
16618,43992,delta,2,0,1,14004,28.077
16619,24114,delta,2,0,0,9120,28.0767
16620,23434,delta,2,0,0,8440,28.075
16621,42152,delta,2,0,1,12164,28.0704
16622,25342,delta,2,0,0,10348,28.0636
16623,23900,delta,2,0,0,8906,28.061
16624,35840,delta,2,0,1,5852,28.0589
16625,35853,delta,2,0,1,5865,28.0589
16626,35866,delta,2,0,1,5878,28.0589
16627,44688,delta,2,0,1,14700,28.0586
16628,45111,delta,2,0,1,15123,28.0573
16629,47677,delta,2,0,1,17689,28.057
16630,40652,delta,2,0,1,10664,28.0558
16631,41215,delta,2,0,1,11227,28.0477
16632,40746,delta,2,0,1,10758,28.0465
16633,43246,delta,2,0,1,13258,28.0451
16634,27224,delta,2,0,0,12230,28.0396
16635,29035,delta,2,0,0,14041,28.0389
16636,25602,delta,2,0,0,10608,28.0363
16637,41217,delta,2,0,1,11229,28.0349
16638,47057,delta,2,0,1,17069,28.034
16639,29705,delta,2,0,0,14711,28.031
16640,33474,delta,2,0,0,18480,28.0301
16641,31667,delta,2,0,0,16673,28.0287
16642,23591,delta,2,0,0,8597,28.0218
16643,27176,delta,2,0,0,12182,28.0176
16644,25164,delta,2,0,0,10170,28.0175
16645,48273,delta,2,0,1,18285,28.0127
16646,42866,delta,2,0,1,12878,28.0121
16647,24056,delta,2,0,0,9062,28.0118
16648,30294,delta,2,0,0,15300,28.0093
16649,29775,delta,2,0,0,14781,27.9881
16650,30941,delta,2,0,0,15947,27.9689
16651,29566,delta,2,0,0,14572,27.9668
16652,22731,delta,2,0,0,7737,27.9555
16653,40874,delta,2,0,1,10886,27.9505
16654,30270,delta,2,0,0,15276,27.95
16655,23599,delta,2,0,0,8605,27.9479
16656,40070,delta,2,0,1,10082,27.9459
16657,40189,delta,2,0,1,10201,27.9377
16658,28435,delta,2,0,0,13441,27.9374
16659,24827,delta,2,0,0,9833,27.934
16660,37230,delta,2,0,1,7242,27.9308
16661,40154,delta,2,0,1,10166,27.9254
16662,30849,delta,2,0,0,15855,27.9168
16663,20457,delta,2,0,0,5463,27.9133
16664,40643,delta,2,0,1,10655,27.9127
16665,43055,delta,2,0,1,13067,27.9047
16666,31549,delta,2,0,0,16555,27.9034
16667,30957,delta,2,0,0,15963,27.8992
16668,45689,delta,2,0,1,15701,27.8972
16669,37534,delta,2,0,1,7546,27.8943
16670,35279,delta,2,0,1,5291,27.8895
16671,37023,delta,2,0,1,7035,27.8885
16672,23562,delta,2,0,0,8568,27.8861
16673,26459,delta,2,0,0,11465,27.8843
16674,36433,delta,2,0,1,6445,27.8809
16675,38458,delta,2,0,1,8470,27.8808
16676,44733,delta,2,0,1,14745,27.8738
16677,26949,delta,2,0,0,11955,27.8643
16678,47558,delta,2,0,1,17570,27.8627
16679,47705,delta,2,0,1,17717,27.8621
16680,42342,delta,2,0,1,12354,27.8609
16681,47681,delta,2,0,1,17693,27.8573
16682,49333,delta,2,0,1,19345,27.8534
16683,36436,delta,2,0,1,6448,27.8322
16684,37432,delta,2,0,1,7444,27.8305
16685,48854,delta,2,0,1,18866,27.8272
16686,27808,delta,2,0,0,12814,27.8233
16687,29589,delta,2,0,0,14595,27.803
16688,33590,delta,2,0,0,18596,27.8017
16689,36803,delta,2,0,1,6815,27.796
16690,23898,delta,2,0,0,8904,27.7959
16691,23987,delta,2,0,0,8993,27.7946
16692,27650,delta,2,0,0,12656,27.7917
16693,37073,delta,2,0,1,7085,27.7825
16694,33985,delta,2,0,0,18991,27.7753
16695,46977,delta,2,0,1,16989,27.7676
16696,44183,delta,2,0,1,14195,27.7675
16697,27704,delta,2,0,0,12710,27.7653
16698,40141,delta,2,0,1,10153,27.7514
16699,44006,delta,2,0,1,14018,27.7492
16700,26974,delta,2,0,0,11980,27.7458
16701,39091,delta,2,0,1,9103,27.7457
16702,36787,delta,2,0,1,6799,27.7391
16703,41998,delta,2,0,1,12010,27.7373
16704,25109,delta,2,0,0,10115,27.7301
16705,45940,delta,2,0,1,15952,27.73
16706,24077,delta,2,0,0,9083,27.7255
16707,39471,delta,2,0,1,9483,27.7236
16708,30157,delta,2,0,0,15163,27.721
16709,29161,delta,2,0,0,14167,27.7068
16710,46474,delta,2,0,1,16486,27.7041
16711,35083,delta,2,0,1,5095,27.6921
16712,23890,delta,2,0,0,8896,27.692
16713,25666,delta,2,0,0,10672,27.6738
16714,22300,delta,2,0,0,7306,27.6714
16715,21603,delta,2,0,0,6609,27.6687
16716,28535,delta,2,0,0,13541,27.6633
16717,28485,delta,2,0,0,13491,27.6608
16718,23903,delta,2,0,0,8909,27.6564
16719,34173,delta,2,0,0,19179,27.6461
16720,44021,delta,2,0,1,14033,27.6418
16721,41348,delta,2,0,1,11360,27.6407
16722,39004,delta,2,0,1,9016,27.6394
16723,30954,delta,2,0,0,15960,27.6311
16724,24793,delta,2,0,0,9799,27.6281
16725,25123,delta,2,0,0,10129,27.6223
16726,45287,delta,2,0,1,15299,27.6173
16727,28025,delta,2,0,0,13031,27.608
16728,47181,delta,2,0,1,17193,27.5881
16729,27021,delta,2,0,0,12027,27.5698
16730,30946,delta,2,0,0,15952,27.5644
16731,37575,delta,2,0,1,7587,27.5635
16732,40521,delta,2,0,1,10533,27.5558
16733,37822,delta,2,0,1,7834,27.5545
16734,33974,delta,2,0,0,18980,27.5539
16735,33876,delta,2,0,0,18882,27.5491
16736,43993,delta,2,0,1,14005,27.5488
16737,25836,delta,2,0,0,10842,27.5469
16738,27152,delta,2,0,0,12158,27.5447
16739,36821,delta,2,0,1,6833,27.5397
16740,41304,delta,2,0,1,11316,27.5385
16741,28530,delta,2,0,0,13536,27.5327
16742,24856,delta,2,0,0,9862,27.5306
16743,40809,delta,2,0,1,10821,27.526
16744,24061,delta,2,0,0,9067,27.5246
16745,40738,delta,2,0,1,10750,27.5206
16746,35418,delta,2,0,1,5430,27.5163
16747,29028,delta,2,0,0,14034,27.5097
16748,26979,delta,2,0,0,11985,27.4884
16749,27119,delta,2,0,0,12125,27.4801
16750,28537,delta,2,0,0,13543,27.4788
16751,25173,delta,2,0,0,10179,27.4749
16752,26948,delta,2,0,0,11954,27.4682
16753,26466,delta,2,0,0,11472,27.4599
16754,37367,delta,2,0,1,7379,27.4573
16755,20478,delta,2,0,0,5484,27.4508
16756,32717,delta,2,0,0,17723,27.4483
16757,38062,delta,2,0,1,8074,27.4404
16758,36842,delta,2,0,1,6854,27.4362
16759,37792,delta,2,0,1,7804,27.4347
16760,22815,delta,2,0,0,7821,27.4335
16761,29795,delta,2,0,0,14801,27.4227
16762,25128,delta,2,0,0,10134,27.4169
16763,36300,delta,2,0,1,6312,27.4119
16764,27602,delta,2,0,0,12608,27.4085
16765,47533,delta,2,0,1,17545,27.4078
16766,25160,delta,2,0,0,10166,27.4006
16767,28284,delta,2,0,0,13290,27.3896
16768,22185,delta,2,0,0,7191,27.3889
16769,23432,delta,2,0,0,8438,27.3826
16770,36523,delta,2,0,1,6535,27.3697
16771,28995,delta,2,0,0,14001,27.3655
16772,46879,delta,2,0,1,16891,27.3568
16773,29097,delta,2,0,0,14103,27.355
16774,35141,delta,2,0,1,5153,27.3548
16775,47614,delta,2,0,1,17626,27.3504
16776,35563,delta,2,0,1,5575,27.3418
16777,30323,delta,2,0,0,15329,27.3413
16778,22290,delta,2,0,0,7296,27.339
16779,35266,delta,2,0,1,5278,27.3378
16780,41977,delta,2,0,1,11989,27.3373
16781,36215,delta,2,0,1,6227,27.3368
16782,38495,delta,2,0,1,8507,27.3292
16783,45938,delta,2,0,1,15950,27.3241
16784,31680,delta,2,0,0,16686,27.3238
16785,38754,delta,2,0,1,8766,27.3228
16786,27624,delta,2,0,0,12630,27.3222
16787,48426,delta,2,0,1,18438,27.3161
16788,33478,delta,2,0,0,18484,27.3101
16789,28362,delta,2,0,0,13368,27.3061
16790,34609,delta,2,0,0,19615,27.2998
16791,23556,delta,2,0,0,8562,27.2979
16792,44191,delta,2,0,1,14203,27.2939
16793,29561,delta,2,0,0,14567,27.2938
16794,24850,delta,2,0,0,9856,27.2812
16795,20470,delta,2,0,0,5476,27.2806
16796,39230,delta,2,0,1,9242,27.2806
16797,46951,delta,2,0,1,16963,27.279
16798,40560,delta,2,0,1,10572,27.276
16799,41486,delta,2,0,1,11498,27.252
16800,33834,delta,2,0,0,18840,27.2509
16801,34182,delta,2,0,0,19188,27.2465
16802,48739,delta,2,0,1,18751,27.236
16803,23901,delta,2,0,0,8907,27.2347
16804,28027,delta,2,0,0,13033,27.2261
16805,29142,delta,2,0,0,14148,27.2238
16806,28440,delta,2,0,0,13446,27.2211
16807,28470,delta,2,0,0,13476,27.2197
16808,23545,delta,2,0,0,8551,27.2192
16809,37554,delta,2,0,1,7566,27.2174
16810,37036,delta,2,0,1,7048,27.2156
16811,38023,delta,2,0,1,8035,27.2144
16812,44531,delta,2,0,1,14543,27.2129
16813,40531,delta,2,0,1,10543,27.2128
16814,45846,delta,2,0,1,15858,27.2125
16815,45479,delta,2,0,1,15491,27.2109
16816,22141,delta,2,0,0,7147,27.2101
16817,34187,delta,2,0,0,19193,27.1999
16818,29694,delta,2,0,0,14700,27.1996
16819,34156,delta,2,0,0,19162,27.1966
16820,27607,delta,2,0,0,12613,27.1891
16821,41340,delta,2,0,1,11352,27.1847
16822,22175,delta,2,0,0,7181,27.1817
16823,37583,delta,2,0,1,7595,27.1695
16824,28358,delta,2,0,0,13364,27.1686
16825,24924,delta,2,0,0,9930,27.1681
16826,37622,delta,2,0,1,7634,27.165
16827,27034,delta,2,0,0,12040,27.1642
16828,31322,delta,2,0,0,16328,27.1605
16829,49449,delta,2,0,1,19461,27.1602
16830,48291,delta,2,0,1,18303,27.1583
16831,47546,delta,2,0,1,17558,27.1582
16832,42121,delta,2,0,1,12133,27.1577
16833,46465,delta,2,0,1,16477,27.1562
16834,46286,delta,2,0,1,16298,27.154
16835,43547,delta,2,0,1,13559,27.1537
16836,32303,delta,2,0,0,17309,27.1471
16837,23675,delta,2,0,0,8681,27.1445
16838,37729,delta,2,0,1,7741,27.1437
16839,38565,delta,2,0,1,8577,27.1371
16840,40537,delta,2,0,1,10549,27.1331
16841,22269,delta,2,0,0,7275,27.1324
16842,22649,delta,2,0,0,7655,27.1303
16843,39481,delta,2,0,1,9493,27.1293
16844,25607,delta,2,0,0,10613,27.1239
16845,22167,delta,2,0,0,7173,27.1148
16846,41096,delta,2,0,1,11108,27.1136
16847,27191,delta,2,0,0,12197,27.1091
16848,45820,delta,2,0,1,15832,27.1033
16849,26309,delta,2,0,0,11315,27.0967
16850,41542,delta,2,0,1,11554,27.0965
16851,34902,delta,2,0,0,19908,27.0955
16852,28532,delta,2,0,0,13538,27.0919
16853,34720,delta,2,0,0,19726,27.0912
16854,27905,delta,2,0,0,12911,27.0745
16855,28325,delta,2,0,0,13331,27.074
16856,40688,delta,2,0,1,10700,27.0697
16857,23676,delta,2,0,0,8682,27.0676
16858,24127,delta,2,0,0,9133,27.0657
16859,43293,delta,2,0,1,13305,27.0654
16860,48812,delta,2,0,1,18824,27.0547
16861,41191,delta,2,0,1,11203,27.0523
16862,26348,delta,2,0,0,11354,27.051
16863,48212,delta,2,0,1,18224,27.0489
16864,25619,delta,2,0,0,10625,27.0401
16865,37690,delta,2,0,1,7702,27.0401
16866,44518,delta,2,0,1,14530,27.034
16867,27794,delta,2,0,0,12800,27.0284
16868,42566,delta,2,0,1,12578,27.025
16869,38557,delta,2,0,1,8569,27.0247
16870,45749,delta,2,0,1,15761,27.0232
16871,32608,delta,2,0,0,17614,27.018
16872,35292,delta,2,0,1,5304,27.0164
16873,26450,delta,2,0,0,11456,26.9969
16874,41041,delta,2,0,1,11053,26.9917
16875,41225,delta,2,0,1,11237,26.9841
16876,26285,delta,2,0,0,11291,26.979
16877,45236,delta,2,0,1,15248,26.9789
16878,24860,delta,2,0,0,9866,26.9785
16879,27856,delta,2,0,0,12862,26.9781
16880,48106,delta,2,0,1,18118,26.9765
16881,40157,delta,2,0,1,10169,26.9753
16882,21540,delta,2,0,0,6546,26.9734
16883,26520,delta,2,0,0,11526,26.9691
16884,40672,delta,2,0,1,10684,26.969
16885,23570,delta,2,0,0,8576,26.9586
16886,36926,delta,2,0,1,6938,26.9521
16887,25786,delta,2,0,0,10792,26.9476
16888,30362,delta,2,0,0,15368,26.9465
16889,37826,delta,2,0,1,7838,26.9443
16890,49221,delta,2,0,1,19233,26.942
16891,29116,delta,2,0,0,14122,26.936
16892,23442,delta,2,0,0,8448,26.9321
16893,48697,delta,2,0,1,18709,26.9291
16894,47039,delta,2,0,1,17051,26.9291
16895,29923,delta,2,0,0,14929,26.9253
16896,33121,delta,2,0,0,18127,26.9222
16897,42387,delta,2,0,1,12399,26.9197
16898,27147,delta,2,0,0,12153,26.9112
16899,35034,delta,2,0,1,5046,26.9067
16900,30767,delta,2,0,0,15773,26.9012
16901,34460,delta,2,0,0,19466,26.8972
16902,35903,delta,2,0,1,5915,26.8952
16903,38872,delta,2,0,1,8884,26.8925
16904,38078,delta,2,0,1,8090,26.8922
16905,47592,delta,2,0,1,17604,26.892
16906,20541,delta,2,0,0,5547,26.8911
16907,29147,delta,2,0,0,14153,26.8891
16908,23893,delta,2,0,0,8899,26.8887
16909,23896,delta,2,0,0,8902,26.8878
16910,38848,delta,2,0,1,8860,26.8839
16911,46061,delta,2,0,1,16073,26.8836
16912,39099,delta,2,0,1,9111,26.8803
16913,39081,delta,2,0,1,9093,26.8739
16914,38947,delta,2,0,1,8959,26.8725
16915,29051,delta,2,0,0,14057,26.8667
16916,46541,delta,2,0,1,16553,26.8641
16917,45340,delta,2,0,1,15352,26.8627
16918,21374,delta,2,0,0,6380,26.8551
16919,26352,delta,2,0,0,11358,26.8524
16920,46927,delta,2,0,1,16939,26.8487
16921,44720,delta,2,0,1,14732,26.8448
16922,37989,delta,2,0,1,8001,26.8437
16923,35623,delta,2,0,1,5635,26.8418
16924,31296,delta,2,0,0,16302,26.8356
16925,46396,delta,2,0,1,16408,26.8317
16926,40971,delta,2,0,1,10983,26.8315
16927,28289,delta,2,0,0,13295,26.831
16928,29750,delta,2,0,0,14756,26.8277
16929,22805,delta,2,0,0,7811,26.8178
16930,39937,delta,2,0,1,9949,26.8108
16931,38958,delta,2,0,1,8970,26.8068
16932,33797,delta,2,0,0,18803,26.8067
16933,40631,delta,2,0,1,10643,26.801
16934,23447,delta,2,0,0,8453,26.8004
16935,26419,delta,2,0,0,11425,26.797
16936,30823,delta,2,0,0,15829,26.7955
16937,21548,delta,2,0,0,6554,26.7928
16938,42341,delta,2,0,1,12353,26.7867
16939,40117,delta,2,0,1,10129,26.7864
16940,45298,delta,2,0,1,15310,26.7858
16941,22616,delta,2,0,0,7622,26.7853
16942,36782,delta,2,0,1,6794,26.7672
16943,38936,delta,2,0,1,8948,26.7663
16944,36230,delta,2,0,1,6242,26.7592
16945,31690,delta,2,0,0,16696,26.7563
16946,44309,delta,2,0,1,14321,26.7524
16947,40665,delta,2,0,1,10677,26.7431
16948,44167,delta,2,0,1,14179,26.7383
16949,45495,delta,2,0,1,15507,26.7382
16950,33879,delta,2,0,0,18885,26.7318
16951,41662,delta,2,0,1,11674,26.7287
16952,31446,delta,2,0,0,16452,26.7252
16953,47516,delta,2,0,1,17528,26.7199
16954,38479,delta,2,0,1,8491,26.7121
16955,38030,delta,2,0,1,8042,26.7111
16956,38840,delta,2,0,1,8852,26.7087
16957,28979,delta,2,0,0,13985,26.7035
16958,23565,delta,2,0,0,8571,26.7028
16959,39096,delta,2,0,1,9108,26.6971
16960,49287,delta,2,0,1,19299,26.6966
16961,44600,delta,2,0,1,14612,26.6965
16962,25646,delta,2,0,0,10652,26.6932
16963,47587,delta,2,0,1,17599,26.6928
16964,28364,delta,2,0,0,13370,26.689
16965,32852,delta,2,0,0,17858,26.6861
16966,46479,delta,2,0,1,16491,26.6817
16967,35271,delta,2,0,1,5283,26.68
16968,22744,delta,2,0,0,7750,26.6782
16969,47019,delta,2,0,1,17031,26.6763
16970,23668,delta,2,0,0,8674,26.6661
16971,44775,delta,2,0,1,14787,26.666
16972,45370,delta,2,0,1,15382,26.6567
16973,46517,delta,2,0,1,16529,26.6458
16974,24006,delta,2,0,0,9012,26.638
16975,25781,delta,2,0,0,10787,26.6358
16976,24069,delta,2,0,0,9075,26.6266
16977,34917,delta,2,0,0,19923,26.6255
16978,48831,delta,2,0,1,18843,26.6191
16979,27177,delta,2,0,0,12183,26.5896
16980,21382,delta,2,0,0,6388,26.5896
16981,35204,delta,2,0,1,5216,26.5845
16982,40206,delta,2,0,1,10218,26.5784
16983,26453,delta,2,0,0,11459,26.5778
16984,28950,delta,2,0,0,13956,26.5765
16985,26955,delta,2,0,0,11961,26.5725
16986,43361,delta,2,0,1,13373,26.5705
16987,44555,delta,2,0,1,14567,26.5498
16988,36504,delta,2,0,1,6516,26.5217
16989,29590,delta,2,0,0,14596,26.5134
16990,41536,delta,2,0,1,11548,26.5039
16991,21556,delta,2,0,0,6562,26.4971
16992,33393,delta,2,0,0,18399,26.4965
16993,22337,delta,2,0,0,7343,26.4937
16994,22632,delta,2,0,0,7638,26.4932
16995,42879,delta,2,0,1,12891,26.4901
16996,23594,delta,2,0,0,8600,26.4875
16997,38049,delta,2,0,1,8061,26.481
16998,27105,delta,2,0,0,12111,26.48
16999,30218,delta,2,0,0,15224,26.4743
17000,43426,delta,2,0,1,13438,26.4714
17001,41039,delta,2,0,1,11051,26.4669
17002,43026,delta,2,0,1,13038,26.4467
17003,36976,delta,2,0,1,6988,26.442
17004,48721,delta,2,0,1,18733,26.4403
17005,46354,delta,2,0,1,16366,26.4307
17006,33136,delta,2,0,0,18142,26.429
17007,32768,delta,2,0,0,17774,26.4202
17008,36467,delta,2,0,1,6479,26.4198
17009,27697,delta,2,0,0,12703,26.4025
17010,38275,delta,2,0,1,8287,26.4
17011,48726,delta,2,0,1,18738,26.3945
17012,36937,delta,2,0,1,6949,26.3868
17013,28380,delta,2,0,0,13386,26.3852
17014,22303,delta,2,0,0,7309,26.373
17015,44513,delta,2,0,1,14525,26.3711
17016,27145,delta,2,0,0,12151,26.3652
17017,47601,delta,2,0,1,17613,26.3649
17018,32290,delta,2,0,0,17296,26.3597
17019,22650,delta,2,0,0,7656,26.3595
17020,35097,delta,2,0,1,5109,26.3567
17021,29595,delta,2,0,0,14601,26.3552
17022,46560,delta,2,0,1,16572,26.3552
17023,49955,delta,2,0,1,19967,26.3478
17024,25211,delta,2,0,0,10217,26.3412
17025,29118,delta,2,0,0,14124,26.334
17026,35448,delta,2,0,1,5460,26.331
17027,37643,delta,2,0,1,7655,26.3269
17028,47846,delta,2,0,1,17858,26.3193
17029,32012,delta,2,0,0,17018,26.3188
17030,45924,delta,2,0,1,15936,26.308
17031,49363,delta,2,0,1,19375,26.2989
17032,27064,delta,2,0,0,12070,26.2973
17033,43492,delta,2,0,1,13504,26.295
17034,35284,delta,2,0,1,5296,26.2946
17035,38691,delta,2,0,1,8703,26.2944
17036,36303,delta,2,0,1,6315,26.2837
17037,45895,delta,2,0,1,15907,26.2734
17038,38059,delta,2,0,1,8071,26.2518
17039,41667,delta,2,0,1,11679,26.2447
17040,30372,delta,2,0,0,15378,26.237
17041,45967,delta,2,0,1,15979,26.2346
17042,30824,delta,2,0,0,15830,26.2334
17043,48249,delta,2,0,1,18261,26.2199
17044,21369,delta,2,0,0,6375,26.2034
17045,20520,delta,2,0,0,5526,26.202
17046,26455,delta,2,0,0,11461,26.2017
17047,47534,delta,2,0,1,17546,26.2001
17048,40131,delta,2,0,1,10143,26.1982
17049,45934,delta,2,0,1,15946,26.1962
17050,38466,delta,2,0,1,8478,26.1934
17051,36115,delta,2,0,1,6127,26.1885
17052,25848,delta,2,0,0,10854,26.1875
17053,40625,delta,2,0,1,10637,26.1852
17054,40024,delta,2,0,1,10036,26.1849
17055,22748,delta,2,0,0,7754,26.1783
17056,43280,delta,2,0,1,13292,26.1744
17057,27847,delta,2,0,0,12853,26.1732
17058,45223,delta,2,0,1,15235,26.1722
17059,41337,delta,2,0,1,11349,26.1686
17060,49407,delta,2,0,1,19419,26.1668
17061,31080,delta,2,0,0,16086,26.163
17062,21595,delta,2,0,0,6601,26.1618
17063,27610,delta,2,0,0,12616,26.1536
17064,23577,delta,2,0,0,8583,26.1511
17065,27017,delta,2,0,0,12023,26.1484
17066,45387,delta,2,0,1,15399,26.1451
17067,39104,delta,2,0,1,9116,26.1449
17068,30739,delta,2,0,0,15745,26.14
17069,26311,delta,2,0,0,11317,26.1393
17070,27192,delta,2,0,0,12198,26.1389
17071,49218,delta,2,0,1,19230,26.1366
17072,27141,delta,2,0,0,12147,26.1315
17073,29158,delta,2,0,0,14164,26.1311
17074,22873,delta,2,0,0,7879,26.1195
17075,32569,delta,2,0,0,17575,26.1099
17076,42015,delta,2,0,1,12027,26.0972
17077,43479,delta,2,0,1,13491,26.0913
17078,37081,delta,2,0,1,7093,26.0849
17079,37839,delta,2,0,1,7851,26.0796
17080,23558,delta,2,0,0,8564,26.0788
17081,27658,delta,2,0,0,12664,26.0782
17082,41955,delta,2,0,1,11967,26.0733
17083,29766,delta,2,0,0,14772,26.0683
17084,47115,delta,2,0,1,17127,26.0651
17085,40600,delta,2,0,1,10612,26.0573
17086,30899,delta,2,0,0,15905,26.054
17087,42311,delta,2,0,1,12323,26.0536
17088,27742,delta,2,0,0,12748,26.0533
17089,25111,delta,2,0,0,10117,26.0511
17090,33298,delta,2,0,0,18304,26.0499
17091,45777,delta,2,0,1,15789,26.0468
17092,29227,delta,2,0,0,14233,26.0421
17093,45922,delta,2,0,1,15934,26.0402
17094,49293,delta,2,0,1,19305,26.0377
17095,29702,delta,2,0,0,14708,26.0366
17096,27817,delta,2,0,0,12823,26.0352
17097,35819,delta,2,0,1,5831,26.0328
17098,46970,delta,2,0,1,16982,26.0327
17099,48218,delta,2,0,1,18230,26.0327
17100,45815,delta,2,0,1,15827,26.0293
17101,23889,delta,2,0,0,8895,26.0253
17102,23894,delta,2,0,0,8900,26.023
17103,35699,delta,2,0,1,5711,26.0222
17104,44917,delta,2,0,1,14929,26.004
17105,41649,delta,2,0,1,11661,25.9987
17106,40000,delta,2,0,1,10012,25.9984
17107,33990,delta,2,0,0,18996,25.9805
17108,43262,delta,2,0,1,13274,25.9797
17109,27649,delta,2,0,0,12655,25.9792
17110,29737,delta,2,0,0,14743,25.9789
17111,26296,delta,2,0,0,11302,25.9747
17112,42167,delta,2,0,1,12179,25.9703
17113,36963,delta,2,0,1,6975,25.9672
17114,34595,delta,2,0,0,19601,25.9647
17115,36667,delta,2,0,1,6679,25.9607
17116,33480,delta,2,0,0,18486,25.9599
17117,31981,delta,2,0,0,16987,25.9599
17118,38096,delta,2,0,1,8108,25.9593
17119,21608,delta,2,0,0,6614,25.9584
17120,37830,delta,2,0,1,7842,25.9502
17121,45194,delta,2,0,1,15206,25.9368
17122,32870,delta,2,0,0,17876,25.9315
17123,48044,delta,2,0,1,18056,25.9309
17124,46981,delta,2,0,1,16993,25.9307
17125,22654,delta,2,0,0,7660,25.923
17126,28472,delta,2,0,0,13478,25.9205
17127,48443,delta,2,0,1,18455,25.9142
17128,36727,delta,2,0,1,6739,25.9116
17129,28567,delta,2,0,0,13573,25.9098
17130,37028,delta,2,0,1,7040,25.905
17131,27699,delta,2,0,0,12705,25.904
17132,24950,delta,2,0,0,9956,25.8862
17133,38968,delta,2,0,1,8980,25.8862
17134,48873,delta,2,0,1,18885,25.8836
17135,30852,delta,2,0,0,15858,25.8808
17136,41744,delta,2,0,1,11756,25.8772
17137,22151,delta,2,0,0,7157,25.877
17138,34768,delta,2,0,0,19774,25.876
17139,39903,delta,2,0,1,9915,25.8744
17140,37656,delta,2,0,1,7668,25.8684
17141,29169,delta,2,0,0,14175,25.8669
17142,20769,delta,2,0,0,5775,25.8651
17143,27046,delta,2,0,0,12052,25.8628
17144,27661,delta,2,0,0,12667,25.8539
17145,26457,delta,2,0,0,11463,25.848
17146,36402,delta,2,0,1,6414,25.8473
17147,44571,delta,2,0,1,14583,25.8456
17148,27839,delta,2,0,0,12845,25.8448
17149,23873,delta,2,0,0,8879,25.8446
17150,25826,delta,2,0,0,10832,25.8365
17151,24082,delta,2,0,0,9088,25.8364
17152,31355,delta,2,0,0,16361,25.8326
17153,23982,delta,2,0,0,8988,25.831
17154,39697,delta,2,0,1,9709,25.8285
17155,33586,delta,2,0,0,18592,25.8276
17156,48734,delta,2,0,1,18746,25.8259
17157,30943,delta,2,0,0,15949,25.8158
17158,43877,delta,2,0,1,13889,25.813
17159,27771,delta,2,0,0,12777,25.8129
17160,26456,delta,2,0,0,11462,25.805
17161,33118,delta,2,0,0,18124,25.8036
17162,48868,delta,2,0,1,18880,25.7974
17163,22159,delta,2,0,0,7165,25.7946
17164,47097,delta,2,0,1,17109,25.7896
17165,22285,delta,2,0,0,7291,25.7875
17166,48113,delta,2,0,1,18125,25.7853
17167,22277,delta,2,0,0,7283,25.7626
17168,46867,delta,2,0,1,16879,25.7577
17169,30900,delta,2,0,0,15906,25.7538
17170,37154,delta,2,0,1,7166,25.7533
17171,36913,delta,2,0,1,6925,25.7476
17172,25121,delta,2,0,0,10127,25.7465
17173,25547,delta,2,0,0,10553,25.7427
17174,29145,delta,2,0,0,14151,25.7402
17175,41537,delta,2,0,1,11549,25.7345
17176,44583,delta,2,0,1,14595,25.734
17177,30864,delta,2,0,0,15870,25.7324
17178,39272,delta,2,0,1,9284,25.7323
17179,27629,delta,2,0,0,12635,25.7316
17180,48446,delta,2,0,1,18458,25.7254
17181,27645,delta,2,0,0,12651,25.7231
17182,40735,delta,2,0,1,10747,25.7141
17183,47640,delta,2,0,1,17652,25.7061
17184,22340,delta,2,0,0,7346,25.7057
17185,38070,delta,2,0,1,8082,25.7034
17186,44887,delta,2,0,1,14899,25.6985
17187,26554,delta,2,0,0,11560,25.6825
17188,26469,delta,2,0,0,11475,25.6822
17189,24822,delta,2,0,0,9828,25.6809
17190,44532,delta,2,0,1,14544,25.6795
17191,48155,delta,2,0,1,18167,25.6757
17192,30796,delta,2,0,0,15802,25.6755
17193,24646,delta,2,0,0,9652,25.6748
17194,40853,delta,2,0,1,10865,25.6742
17195,22332,delta,2,0,0,7338,25.6724
17196,48724,delta,2,0,1,18736,25.6636
17197,32247,delta,2,0,0,17253,25.6633
17198,21535,delta,2,0,0,6541,25.6536
17199,45262,delta,2,0,1,15274,25.6533
17200,26953,delta,2,0,0,11959,25.6531
17201,23688,delta,2,0,0,8694,25.6522
17202,41224,delta,2,0,1,11236,25.6516
17203,25829,delta,2,0,0,10835,25.6493
17204,29650,delta,2,0,0,14656,25.6489
17205,28365,delta,2,0,0,13371,25.6472
17206,26424,delta,2,0,0,11430,25.6418
17207,29678,delta,2,0,0,14684,25.6348
17208,24660,delta,2,0,0,9666,25.6321
17209,35024,delta,2,0,1,5036,25.6297
17210,27569,delta,2,0,0,12575,25.6274
17211,25552,delta,2,0,0,10558,25.6268
17212,26212,delta,2,0,0,11218,25.625
17213,40076,delta,2,0,1,10088,25.6236
17214,45354,delta,2,0,1,15366,25.6169
17215,23602,delta,2,0,0,8608,25.6142
17216,27564,delta,2,0,0,12570,25.6114
17217,27626,delta,2,0,0,12632,25.6112
17218,38534,delta,2,0,1,8546,25.6056
17219,31677,delta,2,0,0,16683,25.6042
17220,23589,delta,2,0,0,8595,25.5979
17221,43411,delta,2,0,1,13423,25.5946
17222,45979,delta,2,0,1,15991,25.5921
17223,38814,delta,2,0,1,8826,25.5876
17224,38405,delta,2,0,1,8417,25.5808
17225,21466,delta,2,0,0,6472,25.5623
17226,30725,delta,2,0,0,15731,25.5557
17227,39746,delta,2,0,1,9758,25.552
17228,44686,delta,2,0,1,14698,25.5516
17229,40123,delta,2,0,1,10135,25.5495
17230,47110,delta,2,0,1,17122,25.5392
17231,41953,delta,2,0,1,11965,25.5391
17232,29113,delta,2,0,0,14119,25.5388
17233,40544,delta,2,0,1,10556,25.5344
17234,45301,delta,2,0,1,15313,25.5339
17235,27797,delta,2,0,0,12803,25.5332
17236,21463,delta,2,0,0,6469,25.5267
17237,28369,delta,2,0,0,13375,25.5262
17238,30308,delta,2,0,0,15314,25.5226
17239,38880,delta,2,0,1,8892,25.5151
17240,43447,delta,2,0,1,13459,25.5116
17241,30904,delta,2,0,0,15910,25.5099
17242,37044,delta,2,0,1,7056,25.5093
17243,30809,delta,2,0,0,15815,25.4985
17244,22705,delta,2,0,0,7711,25.4978
17245,29220,delta,2,0,0,14226,25.4966
17246,25126,delta,2,0,0,10132,25.4942
17247,34381,delta,2,0,0,19387,25.4942
17248,20465,delta,2,0,0,5471,25.4939
17249,31098,delta,2,0,0,16104,25.4877
17250,38890,delta,2,0,1,8902,25.4806
17251,27804,delta,2,0,0,12810,25.4799
17252,22735,delta,2,0,0,7741,25.4759
17253,33477,delta,2,0,0,18483,25.4725
17254,25796,delta,2,0,0,10802,25.4673
17255,29648,delta,2,0,0,14654,25.4578
17256,42618,delta,2,0,1,12630,25.4535
17257,34961,delta,2,0,0,19967,25.4493
17258,40989,delta,2,0,1,11001,25.4419
17259,42011,delta,2,0,1,12023,25.4218
17260,39306,delta,2,0,1,9318,25.4208
17261,27663,delta,2,0,0,12669,25.4177
17262,29186,delta,2,0,0,14192,25.4123
17263,29043,delta,2,0,0,14049,25.4095
17264,41000,delta,2,0,1,11012,25.4085
17265,22136,delta,2,0,0,7142,25.4004
17266,40167,delta,2,0,1,10179,25.3996
17267,29924,delta,2,0,0,14930,25.3975
17268,28328,delta,2,0,0,13334,25.3936
17269,30906,delta,2,0,0,15912,25.3917
17270,27683,delta,2,0,0,12689,25.3884
17271,40644,delta,2,0,1,10656,25.3874
17272,41238,delta,2,0,1,11250,25.3817
17273,23683,delta,2,0,0,8689,25.378
17274,34529,delta,2,0,0,19535,25.3725
17275,45751,delta,2,0,1,15763,25.3713
17276,42617,delta,2,0,1,12629,25.3707
17277,30336,delta,2,0,0,15342,25.3663
17278,39733,delta,2,0,1,9745,25.3657
17279,45831,delta,2,0,1,15843,25.3636
17280,22193,delta,2,0,0,7199,25.3631
17281,49466,delta,2,0,1,19478,25.3586
17282,22718,delta,2,0,0,7724,25.3575
17283,45746,delta,2,0,1,15758,25.3544
17284,36950,delta,2,0,1,6962,25.3495
17285,29647,delta,2,0,0,14653,25.3485
17286,36813,delta,2,0,1,6825,25.3423
17287,22740,delta,2,0,0,7746,25.3404
17288,29114,delta,2,0,0,14120,25.3355
17289,38686,delta,2,0,1,8698,25.3258
17290,28963,delta,2,0,0,13969,25.3255
17291,29784,delta,2,0,0,14790,25.3195
17292,30799,delta,2,0,0,15805,25.3173
17293,29755,delta,2,0,0,14761,25.3171
17294,28353,delta,2,0,0,13359,25.3157
17295,24810,delta,2,0,0,9816,25.314
17296,27789,delta,2,0,0,12795,25.3129
17297,27059,delta,2,0,0,12065,25.3118
17298,21471,delta,2,0,0,6477,25.3084
17299,20782,delta,2,0,0,5788,25.3078
17300,43927,delta,2,0,1,13939,25.2986
17301,40634,delta,2,0,1,10646,25.2976
17302,25843,delta,2,0,0,10849,25.2934
17303,39264,delta,2,0,1,9276,25.2872
17304,33476,delta,2,0,0,18482,25.2836
17305,32088,delta,2,0,0,17094,25.2835
17306,23573,delta,2,0,0,8579,25.2748
17307,37547,delta,2,0,1,7559,25.2742
17308,24863,delta,2,0,0,9869,25.2653
17309,46870,delta,2,0,1,16882,25.2627
17310,28495,delta,2,0,0,13501,25.2624
17311,27621,delta,2,0,0,12627,25.2599
17312,38822,delta,2,0,1,8834,25.2567
17313,34996,delta,2,0,1,5008,25.2538
17314,45239,delta,2,0,1,15251,25.2509
17315,31431,delta,2,0,0,16437,25.2496
17316,25835,delta,2,0,0,10841,25.2491
17317,31706,delta,2,0,0,16712,25.2447
17318,30320,delta,2,0,0,15326,25.2446
17319,32714,delta,2,0,0,17720,25.2373
17320,42568,delta,2,0,1,12580,25.2363
17321,36970,delta,2,0,1,6982,25.2356
17322,29645,delta,2,0,0,14651,25.2337
17323,40604,delta,2,0,1,10616,25.2331
17324,29698,delta,2,0,0,14704,25.2327
17325,44515,delta,2,0,1,14527,25.2283
17326,44560,delta,2,0,1,14572,25.2249
17327,46374,delta,2,0,1,16386,25.2241
17328,37669,delta,2,0,1,7681,25.2236
17329,23899,delta,2,0,0,8905,25.2206
17330,24815,delta,2,0,0,9821,25.2199
17331,27162,delta,2,0,0,12168,25.2107
17332,35245,delta,2,0,1,5257,25.2089
17333,23985,delta,2,0,0,8991,25.2055
17334,42649,delta,2,0,1,12661,25.2046
17335,44005,delta,2,0,1,14017,25.1975
17336,27137,delta,2,0,0,12143,25.1963
17337,24688,delta,2,0,0,9694,25.1936
17338,30174,delta,2,0,0,15180,25.1871
17339,36701,delta,2,0,1,6713,25.1859
17340,29593,delta,2,0,0,14599,25.1847
17341,42817,delta,2,0,1,12829,25.1801
17342,21543,delta,2,0,0,6549,25.1784
17343,47567,delta,2,0,1,17579,25.1754
17344,44778,delta,2,0,1,14790,25.1736
17345,25544,delta,2,0,0,10550,25.1722
17346,22657,delta,2,0,0,7663,25.172
17347,28439,delta,2,0,0,13445,25.1676
17348,40701,delta,2,0,1,10713,25.1651
17349,35439,delta,2,0,1,5451,25.16
17350,40803,delta,2,0,1,10815,25.1551
17351,28321,delta,2,0,0,13327,25.154
17352,44071,delta,2,0,1,14083,25.1503
17353,45773,delta,2,0,1,15785,25.1478
17354,25831,delta,2,0,0,10837,25.1463
17355,22723,delta,2,0,0,7729,25.144
17356,44803,delta,2,0,1,14815,25.1411
17357,28290,delta,2,0,0,13296,25.1379
17358,45763,delta,2,0,1,15775,25.1357
17359,43448,delta,2,0,1,13460,25.1328
17360,32865,delta,2,0,0,17871,25.1271
17361,29733,delta,2,0,0,14739,25.1254
17362,32767,delta,2,0,0,17773,25.1201
17363,44335,delta,2,0,1,14347,25.1178
17364,23892,delta,2,0,0,8898,25.1149
17365,28355,delta,2,0,0,13361,25.1
17366,27889,delta,2,0,0,12895,25.0984
17367,36280,delta,2,0,1,6292,25.0957
17368,30541,delta,2,0,0,15547,25.095
17369,26963,delta,2,0,0,11969,25.0948
17370,38602,delta,2,0,1,8614,25.0877
17371,34157,delta,2,0,0,19163,25.087
17372,29063,delta,2,0,0,14069,25.0861
17373,41948,delta,2,0,1,11960,25.086
17374,41544,delta,2,0,1,11556,25.0829
17375,48817,delta,2,0,1,18829,25.0828
17376,29026,delta,2,0,0,14032,25.0718
17377,48767,delta,2,0,1,18779,25.0688
17378,38492,delta,2,0,1,8504,25.0632
17379,40188,delta,2,0,1,10200,25.0587
17380,36551,delta,2,0,1,6563,25.0547
17381,28385,delta,2,0,0,13391,25.0478
17382,36822,delta,2,0,1,6834,25.0434
17383,30825,delta,2,0,0,15831,25.0392
17384,26356,delta,2,0,0,11362,25.0383
17385,27178,delta,2,0,0,12184,25.0371
17386,40526,delta,2,0,1,10538,25.0308
17387,25166,delta,2,0,0,10172,25.0304
17388,34962,delta,2,0,0,19968,25.0287
17389,46534,delta,2,0,1,16546,25.0283
17390,30318,delta,2,0,0,15324,25.026
17391,25330,delta,2,0,0,10336,25.0256
17392,45867,delta,2,0,1,15879,25.0151
17393,45764,delta,2,0,1,15776,25.0146
17394,23450,delta,2,0,0,8456,25.0135
17395,39895,delta,2,0,1,9907,25.0121
17396,31703,delta,2,0,0,16709,25.0099
17397,30273,delta,2,0,0,15279,25.0093
17398,23881,delta,2,0,0,8887,25.0066
17399,45181,delta,2,0,1,15193,25.0037
17400,29218,delta,2,0,0,14224,24.9966
17401,27776,delta,2,0,0,12782,24.9959
17402,38484,delta,2,0,1,8496,24.9946
17403,34312,delta,2,0,0,19318,24.9874
17404,49349,delta,2,0,1,19361,24.9868
17405,30872,delta,2,0,0,15878,24.9865
17406,38809,delta,2,0,1,8821,24.9844
17407,24119,delta,2,0,0,9125,24.9782
17408,47253,delta,2,0,1,17265,24.9753
17409,26890,delta,2,0,0,11896,24.9715
17410,24941,delta,2,0,0,9947,24.9647
17411,29651,delta,2,0,0,14657,24.9613
17412,22743,delta,2,0,0,7749,24.9597
17413,42136,delta,2,0,1,12148,24.9553
17414,49942,delta,2,0,1,19954,24.9548
17415,42052,delta,2,0,1,12064,24.9539
17416,39843,delta,2,0,1,9855,24.9444
17417,29627,delta,2,0,0,14633,24.9398
17418,26347,delta,2,0,0,11353,24.934
17419,42537,delta,2,0,1,12549,24.9336
17420,31109,delta,2,0,0,16115,24.9307
17421,28368,delta,2,0,0,13374,24.9297
17422,28323,delta,2,0,0,13329,24.9282
17423,36423,delta,2,0,1,6435,24.9258
17424,41233,delta,2,0,1,11245,24.9241
17425,34167,delta,2,0,0,19173,24.9234
17426,33009,delta,2,0,0,18015,24.9231
17427,21468,delta,2,0,0,6474,24.923
17428,29591,delta,2,0,0,14597,24.9228
17429,42215,delta,2,0,1,12227,24.9188
17430,37978,delta,2,0,1,7990,24.9177
17431,28318,delta,2,0,0,13324,24.9176
17432,28576,delta,2,0,0,13582,24.9105
17433,39041,delta,2,0,1,9053,24.9094
17434,42709,delta,2,0,1,12721,24.9091
17435,40994,delta,2,0,1,11006,24.9082
17436,28033,delta,2,0,0,13039,24.9051
17437,38882,delta,2,0,1,8894,24.8982
17438,26987,delta,2,0,0,11993,24.8944
17439,30199,delta,2,0,0,15205,24.8933
17440,25878,delta,2,0,0,10884,24.8885
17441,40579,delta,2,0,1,10591,24.8857
17442,33589,delta,2,0,0,18595,24.8829
17443,43356,delta,2,0,1,13368,24.8788
17444,37593,delta,2,0,1,7605,24.8664
17445,47637,delta,2,0,1,17649,24.8612
17446,33948,delta,2,0,0,18954,24.8581
17447,25157,delta,2,0,0,10163,24.8576
17448,22282,delta,2,0,0,7288,24.8571
17449,26984,delta,2,0,0,11990,24.8536
17450,29767,delta,2,0,0,14773,24.8485
17451,21357,delta,2,0,0,6363,24.8448
17452,40528,delta,2,0,1,10540,24.8379
17453,39861,delta,2,0,1,9873,24.8281
17454,26004,delta,2,0,0,11010,24.8263
17455,27628,delta,2,0,0,12634,24.8238
17456,46372,delta,2,0,1,16384,24.8144
17457,25081,delta,2,0,0,10087,24.813
17458,21590,delta,2,0,0,6596,24.8086
17459,30186,delta,2,0,0,15192,24.7913
17460,21611,delta,2,0,0,6617,24.7894
17461,26518,delta,2,0,0,11524,24.7846
17462,29792,delta,2,0,0,14798,24.7845
17463,28317,delta,2,0,0,13323,24.7829
17464,47274,delta,2,0,1,17286,24.7801
17465,47152,delta,2,0,1,17164,24.7796
17466,30118,delta,2,0,0,15124,24.7793
17467,45937,delta,2,0,1,15949,24.7767
17468,26361,delta,2,0,0,11367,24.7766
17469,24706,delta,2,0,0,9712,24.7733
17470,25161,delta,2,0,0,10167,24.7671
17471,44136,delta,2,0,1,14148,24.7635
17472,28209,delta,2,0,0,13215,24.7621
17473,38631,delta,2,0,1,8643,24.7597
17474,37335,delta,2,0,1,7347,24.7525
17475,38146,delta,2,0,1,8158,24.7379
17476,34986,delta,2,0,1,4998,24.7369
17477,32773,delta,2,0,0,17779,24.7362
17478,24703,delta,2,0,0,9709,24.7324
17479,26861,delta,2,0,0,11867,24.7256
17480,23691,delta,2,0,0,8697,24.7206
17481,35369,delta,2,0,1,5381,24.7194
17482,46413,delta,2,0,1,16425,24.7157
17483,38265,delta,2,0,1,8277,24.7125
17484,41494,delta,2,0,1,11506,24.7107
17485,40699,delta,2,0,1,10711,24.7093
17486,40984,delta,2,0,1,10996,24.7032
17487,22710,delta,2,0,0,7716,24.695
17488,39021,delta,2,0,1,9033,24.6905
17489,38971,delta,2,0,1,8983,24.6901
17490,26962,delta,2,0,0,11968,24.6884
17491,49412,delta,2,0,1,19424,24.6866
17492,23401,delta,2,0,0,8407,24.6836
17493,34027,delta,2,0,0,19033,24.6789
17494,31914,delta,2,0,0,16920,24.6787
17495,26503,delta,2,0,0,11509,24.6721
17496,25687,delta,2,0,0,10693,24.6673
17497,20473,delta,2,0,0,5479,24.6646
17498,37484,delta,2,0,1,7496,24.6616
17499,24963,delta,2,0,0,9969,24.657
17500,42440,delta,2,0,1,12452,24.6528
17501,34543,delta,2,0,0,19549,24.6462
17502,26461,delta,2,0,0,11467,24.646
17503,27048,delta,2,0,0,12054,24.6434
17504,39866,delta,2,0,1,9878,24.6383
17505,35843,delta,2,0,1,5855,24.6323
17506,43379,delta,2,0,1,13391,24.6286
17507,42539,delta,2,0,1,12551,24.6282
17508,49424,delta,2,0,1,19436,24.6277
17509,24807,delta,2,0,0,9813,24.6218
17510,32770,delta,2,0,0,17776,24.6188
17511,48441,delta,2,0,1,18453,24.6171
17512,23915,delta,2,0,0,8921,24.617
17513,28411,delta,2,0,0,13417,24.6147
17514,29781,delta,2,0,0,14787,24.6135
17515,38562,delta,2,0,1,8574,24.6084
17516,39083,delta,2,0,1,9095,24.6005
17517,23998,delta,2,0,0,9004,24.5964
17518,43976,delta,2,0,1,13988,24.594
17519,22144,delta,2,0,0,7150,24.5884
17520,38866,delta,2,0,1,8878,24.5878
17521,40130,delta,2,0,1,10142,24.5847
17522,41269,delta,2,0,1,11281,24.5789
17523,36826,delta,2,0,1,6838,24.5785
17524,40133,delta,2,0,1,10145,24.5763
17525,32857,delta,2,0,0,17863,24.5747
17526,32687,delta,2,0,0,17693,24.5698
17527,38791,delta,2,0,1,8803,24.5669
17528,46532,delta,2,0,1,16544,24.5639
17529,25684,delta,2,0,0,10690,24.5568
17530,21391,delta,2,0,0,6397,24.5532
17531,41228,delta,2,0,1,11240,24.5468
17532,27799,delta,2,0,0,12805,24.5415
17533,28395,delta,2,0,0,13401,24.5402
17534,49036,delta,2,0,1,19048,24.5393
17535,38220,delta,2,0,1,8232,24.539
17536,34396,delta,2,0,0,19402,24.5351
17537,43895,delta,2,0,1,13907,24.5311
17538,39989,delta,2,0,1,10001,24.5291
17539,27181,delta,2,0,0,12187,24.5288
17540,42898,delta,2,0,1,12910,24.5238
17541,39500,delta,2,0,1,9512,24.5216
17542,23560,delta,2,0,0,8566,24.5169
17543,33945,delta,2,0,0,18951,24.5168
17544,27884,delta,2,0,0,12890,24.5162
17545,46298,delta,2,0,1,16310,24.5134
17546,43673,delta,2,0,1,13685,24.5075
17547,43882,delta,2,0,1,13894,24.5072
17548,23891,delta,2,0,0,8897,24.5052
17549,25118,delta,2,0,0,10124,24.4996
17550,49970,delta,2,0,1,19982,24.4917
17551,31099,delta,2,0,0,16105,24.4886
17552,48711,delta,2,0,1,18723,24.4861
17553,38712,delta,2,0,1,8724,24.4823
17554,22736,delta,2,0,0,7742,24.4809
17555,47111,delta,2,0,1,17123,24.4804
17556,21600,delta,2,0,0,6606,24.4777
17557,38230,delta,2,0,1,8242,24.4775
17558,34541,delta,2,0,0,19547,24.4767
17559,29797,delta,2,0,0,14803,24.4749
17560,38937,delta,2,0,1,8949,24.4711
17561,36052,delta,2,0,1,6064,24.465
17562,23680,delta,2,0,0,8686,24.4648
17563,27100,delta,2,0,0,12106,24.4592
17564,44673,delta,2,0,1,14685,24.4591
17565,28526,delta,2,0,0,13532,24.4589
17566,25209,delta,2,0,0,10215,24.4588
17567,22803,delta,2,0,0,7809,24.4563
17568,29646,delta,2,0,0,14652,24.4538
17569,32233,delta,2,0,0,17239,24.4516
17570,35489,delta,2,0,1,5501,24.4486
17571,39960,delta,2,0,1,9972,24.445
17572,34933,delta,2,0,0,19939,24.4426
17573,37840,delta,2,0,1,7852,24.4397
17574,30528,delta,2,0,0,15534,24.435
17575,31540,delta,2,0,0,16546,24.4329
17576,44220,delta,2,0,1,14232,24.4312
17577,39678,delta,2,0,1,9690,24.4296
17578,27189,delta,2,0,0,12195,24.4287
17579,22620,delta,2,0,0,7626,24.4258
17580,40122,delta,2,0,1,10134,24.4241
17581,28293,delta,2,0,0,13299,24.42
17582,29492,delta,2,0,0,14498,24.4104
17583,29371,delta,2,0,0,14377,24.4096
17584,25631,delta,2,0,0,10637,24.4051
17585,35610,delta,2,0,1,5622,24.4032
17586,26983,delta,2,0,0,11989,24.4017
17587,40872,delta,2,0,1,10884,24.4012
17588,40557,delta,2,0,1,10569,24.4009
17589,24866,delta,2,0,0,9872,24.395
17590,34710,delta,2,0,0,19716,24.3878
17591,39699,delta,2,0,1,9711,24.3831
17592,26864,delta,2,0,0,11870,24.3804
17593,27043,delta,2,0,0,12049,24.3789
17594,24668,delta,2,0,0,9674,24.3786
17595,44196,delta,2,0,1,14208,24.3711
17596,23693,delta,2,0,0,8699,24.3705
17597,25673,delta,2,0,0,10679,24.3705
17598,28962,delta,2,0,0,13968,24.3625
17599,28443,delta,2,0,0,13449,24.3624
17600,49870,delta,2,0,1,19882,24.3591
17601,21461,delta,2,0,0,6467,24.3576
17602,29919,delta,2,0,0,14925,24.3497
17603,26302,delta,2,0,0,11308,24.3485
17604,36305,delta,2,0,1,6317,24.3483
17605,36494,delta,2,0,1,6506,24.3477
17606,47265,delta,2,0,1,17277,24.3466
17607,29724,delta,2,0,0,14730,24.3453
17608,28437,delta,2,0,0,13443,24.3412
17609,41099,delta,2,0,1,11111,24.335
17610,25165,delta,2,0,0,10171,24.3345
17611,45267,delta,2,0,1,15279,24.3342
17612,39282,delta,2,0,1,9294,24.3325
17613,44762,delta,2,0,1,14774,24.3275
17614,25754,delta,2,0,0,10760,24.3267
17615,35785,delta,2,0,1,5797,24.3263
17616,26470,delta,2,0,0,11476,24.3234
17617,22184,delta,2,0,0,7190,24.3206
17618,24812,delta,2,0,0,9818,24.3183
17619,44789,delta,2,0,1,14801,24.3178
17620,40903,delta,2,0,1,10915,24.3164
17621,31461,delta,2,0,0,16467,24.3124
17622,27026,delta,2,0,0,12032,24.3101
17623,40319,delta,2,0,1,10331,24.3082
17624,42199,delta,2,0,1,12211,24.3059
17625,30173,delta,2,0,0,15179,24.3001
17626,22652,delta,2,0,0,7658,24.2956
17627,38986,delta,2,0,1,8998,24.2946
17628,45844,delta,2,0,1,15856,24.2857
17629,22293,delta,2,0,0,7299,24.2826
17630,36141,delta,2,0,1,6153,24.2777
17631,49603,delta,2,0,1,19615,24.2716
17632,33831,delta,2,0,0,18837,24.2707
17633,30242,delta,2,0,0,15248,24.2671
17634,28377,delta,2,0,0,13383,24.2636
17635,34184,delta,2,0,0,19190,24.258
17636,30839,delta,2,0,0,15845,24.2545
17637,29808,delta,2,0,0,14814,24.2492
17638,26305,delta,2,0,0,11311,24.2447
17639,22806,delta,2,0,0,7812,24.2429
17640,27140,delta,2,0,0,12146,24.2407
17641,44587,delta,2,0,1,14599,24.2397
17642,27859,delta,2,0,0,12865,24.2389
17643,46938,delta,2,0,1,16950,24.2292
17644,21379,delta,2,0,0,6385,24.2278
17645,40335,delta,2,0,1,10347,24.2258
17646,40203,delta,2,0,1,10215,24.2247
17647,29056,delta,2,0,0,14062,24.2242
17648,25691,delta,2,0,0,10697,24.2227
17649,41981,delta,2,0,1,11993,24.2212
17650,37233,delta,2,0,1,7245,24.221
17651,36489,delta,2,0,1,6501,24.2203
17652,39479,delta,2,0,1,9491,24.2197
17653,20515,delta,2,0,0,5521,24.2134
17654,37453,delta,2,0,1,7465,24.208
17655,22801,delta,2,0,0,7807,24.2055
17656,44890,delta,2,0,1,14902,24.2011
17657,30770,delta,2,0,0,15776,24.1999
17658,49223,delta,2,0,1,19235,24.1992
17659,31535,delta,2,0,0,16541,24.1939
17660,33131,delta,2,0,0,18137,24.1842
17661,41002,delta,2,0,1,11014,24.1835
17662,27090,delta,2,0,0,12096,24.1717
17663,20761,delta,2,0,0,5767,24.1706
17664,28363,delta,2,0,0,13369,24.1697
17665,33396,delta,2,0,0,18402,24.1656
17666,43011,delta,2,0,1,13023,24.1638
17667,45178,delta,2,0,1,15190,24.1628
17668,38845,delta,2,0,1,8857,24.1592
17669,32186,delta,2,0,0,17192,24.1479
17670,31365,delta,2,0,0,16371,24.1474
17671,43508,delta,2,0,1,13520,24.1469
17672,34015,delta,2,0,0,19021,24.146
17673,42830,delta,2,0,1,12842,24.141
17674,49914,delta,2,0,1,19926,24.1324
17675,38877,delta,2,0,1,8889,24.1292
17676,27103,delta,2,0,0,12109,24.1256
17677,35258,delta,2,0,1,5270,24.1244
17678,37309,delta,2,0,1,7321,24.121
17679,22737,delta,2,0,0,7743,24.1207
17680,30373,delta,2,0,0,15379,24.1202
17681,33591,delta,2,0,0,18597,24.119
17682,30880,delta,2,0,0,15886,24.1187
17683,46397,delta,2,0,1,16409,24.1184
17684,40782,delta,2,0,1,10794,24.1158
17685,39838,delta,2,0,1,9850,24.1116
17686,29809,delta,2,0,0,14815,24.1032
17687,25202,delta,2,0,0,10208,24.1018
17688,28521,delta,2,0,0,13527,24.1017
17689,40717,delta,2,0,1,10729,24.1012
17690,33465,delta,2,0,0,18471,24.101
17691,44731,delta,2,0,1,14743,24.0999
17692,34907,delta,2,0,0,19913,24.0987
17693,37607,delta,2,0,1,7619,24.0935
17694,34427,delta,2,0,0,19433,24.0928
17695,33874,delta,2,0,0,18880,24.0869
17696,45804,delta,2,0,1,15816,24.0727
17697,38072,delta,2,0,1,8084,24.0726
17698,45168,delta,2,0,1,15180,24.0716
17699,32472,delta,2,0,0,17478,24.0672
17700,34044,delta,2,0,0,19050,24.0589
17701,37033,delta,2,0,1,7045,24.057
17702,27098,delta,2,0,0,12104,24.0552
17703,29514,delta,2,0,0,14520,24.0547
17704,25113,delta,2,0,0,10119,24.0525
17705,45180,delta,2,0,1,15192,24.0521
17706,28887,delta,2,0,0,13893,24.0495
17707,42324,delta,2,0,1,12336,24.0481
17708,31718,delta,2,0,0,16724,24.0479
17709,39911,delta,2,0,1,9923,24.0435
17710,47851,delta,2,0,1,17863,24.0396
17711,40547,delta,2,0,1,10559,24.0389
17712,29592,delta,2,0,0,14598,24.0388
17713,33837,delta,2,0,0,18843,24.0375
17714,38929,delta,2,0,1,8941,24.0368
17715,36945,delta,2,0,1,6957,24.0328
17716,27019,delta,2,0,0,12025,24.0247
17717,44668,delta,2,0,1,14680,24.0236
17718,25696,delta,2,0,0,10702,24.0236
17719,26304,delta,2,0,0,11310,24.0221
17720,41290,delta,2,0,1,11302,24.0153
17721,48751,delta,2,0,1,18763,24.0129
17722,31351,delta,2,0,0,16357,24.0033
17723,24704,delta,2,0,0,9710,24.0031
17724,41359,delta,2,0,1,11371,24.0021
17725,20467,delta,2,0,0,5473,23.9979
17726,23984,delta,2,0,0,8990,23.9975
17727,40741,delta,2,0,1,10753,23.9936
17728,47850,delta,2,0,1,17862,23.9935
17729,48274,delta,2,0,1,18286,23.9932
17730,27715,delta,2,0,0,12721,23.9909
17731,39319,delta,2,0,1,9331,23.9891
17732,38920,delta,2,0,1,8932,23.9869
17733,43021,delta,2,0,1,13033,23.9854
17734,28740,delta,2,0,0,13746,23.9837
17735,42746,delta,2,0,1,12758,23.9811
17736,40126,delta,2,0,1,10138,23.9721
17737,37599,delta,2,0,1,7611,23.9639
17738,49361,delta,2,0,1,19373,23.9625
17739,26493,delta,2,0,0,11499,23.9578
17740,29730,delta,2,0,0,14736,23.9541
17741,28484,delta,2,0,0,13490,23.9524
17742,39332,delta,2,0,1,9344,23.9486
17743,39875,delta,2,0,1,9887,23.9486
17744,28571,delta,2,0,0,13577,23.9484
17745,40816,delta,2,0,1,10828,23.9436
17746,33575,delta,2,0,0,18581,23.9411
17747,32300,delta,2,0,0,17306,23.9406
17748,46922,delta,2,0,1,16934,23.9365
17749,40115,delta,2,0,1,10127,23.9303
17750,21365,delta,2,0,0,6371,23.924
17751,25618,delta,2,0,0,10624,23.9232
17752,27221,delta,2,0,0,12227,23.9211
17753,21460,delta,2,0,0,6466,23.9135
17754,31397,delta,2,0,0,16403,23.9107
17755,26303,delta,2,0,0,11309,23.9087
17756,34905,delta,2,0,0,19911,23.9083
17757,38010,delta,2,0,1,8022,23.9066
17758,29689,delta,2,0,0,14695,23.9034
17759,22274,delta,2,0,0,7280,23.8973
17760,42058,delta,2,0,1,12070,23.8918
17761,41413,delta,2,0,1,11425,23.8899
17762,36958,delta,2,0,1,6970,23.8897
17763,43393,delta,2,0,1,13405,23.8878
17764,35117,delta,2,0,1,5129,23.8873
17765,37818,delta,2,0,1,7830,23.8845
17766,25788,delta,2,0,0,10794,23.8824
17767,46330,delta,2,0,1,16342,23.8722
17768,24074,delta,2,0,0,9080,23.8707
17769,24946,delta,2,0,0,9952,23.8683
17770,25116,delta,2,0,0,10122,23.8665
17771,36724,delta,2,0,1,6736,23.8654
17772,40555,delta,2,0,1,10567,23.8622
17773,25168,delta,2,0,0,10174,23.8614
17774,22798,delta,2,0,0,7804,23.8591
17775,33754,delta,2,0,0,18760,23.8548
17776,45315,delta,2,0,1,15327,23.8528
17777,42660,delta,2,0,1,12672,23.8498
17778,32485,delta,2,0,0,17491,23.845
17779,22644,delta,2,0,0,7650,23.834
17780,46440,delta,2,0,1,16452,23.8254
17781,29152,delta,2,0,0,14158,23.8239
17782,28414,delta,2,0,0,13420,23.8199
17783,23430,delta,2,0,0,8436,23.8177
17784,26009,delta,2,0,0,11015,23.8138
17785,30793,delta,2,0,0,15799,23.8093
17786,30728,delta,2,0,0,15734,23.8029
17787,47652,delta,2,0,1,17664,23.7989
17788,40180,delta,2,0,1,10192,23.7947
17789,28382,delta,2,0,0,13388,23.7919
17790,25637,delta,2,0,0,10643,23.7897
17791,24811,delta,2,0,0,9817,23.7874
17792,43529,delta,2,0,1,13541,23.7824
17793,36971,delta,2,0,1,6983,23.7807
17794,32285,delta,2,0,0,17291,23.7794
17795,41872,delta,2,0,1,11884,23.7752
17796,31525,delta,2,0,0,16531,23.7731
17797,36373,delta,2,0,1,6385,23.7697
17798,25792,delta,2,0,0,10798,23.7642
17799,38628,delta,2,0,1,8640,23.7634
17800,30184,delta,2,0,0,15190,23.7623
17801,47710,delta,2,0,1,17722,23.7594
17802,41343,delta,2,0,1,11355,23.754
17803,23667,delta,2,0,0,8673,23.7485
17804,23586,delta,2,0,0,8592,23.7441
17805,37299,delta,2,0,1,7311,23.7373
17806,26952,delta,2,0,0,11958,23.737
17807,43499,delta,2,0,1,13511,23.729
17808,31480,delta,2,0,0,16486,23.726
17809,38421,delta,2,0,1,8433,23.7242
17810,39869,delta,2,0,1,9881,23.7233
17811,32606,delta,2,0,0,17612,23.723
17812,47835,delta,2,0,1,17847,23.7126
17813,47241,delta,2,0,1,17253,23.7065
17814,26346,delta,2,0,0,11352,23.7055
17815,24804,delta,2,0,0,9810,23.7031
17816,27814,delta,2,0,0,12820,23.7003
17817,39060,delta,2,0,1,9072,23.6962
17818,34538,delta,2,0,0,19544,23.6955
17819,48116,delta,2,0,1,18128,23.6945
17820,24932,delta,2,0,0,9938,23.6931
17821,39675,delta,2,0,1,9687,23.6863
17822,38280,delta,2,0,1,8292,23.6844
17823,24078,delta,2,0,0,9084,23.6805
17824,27061,delta,2,0,0,12067,23.6758
17825,27644,delta,2,0,0,12650,23.6739
17826,24972,delta,2,0,0,9978,23.6718
17827,30286,delta,2,0,0,15292,23.6681
17828,22738,delta,2,0,0,7744,23.6641
17829,27812,delta,2,0,0,12818,23.662
17830,28903,delta,2,0,0,13909,23.66
17831,29216,delta,2,0,0,14222,23.6495
17832,45911,delta,2,0,1,15923,23.6394
17833,28313,delta,2,0,0,13319,23.6373
17834,31679,delta,2,0,0,16685,23.637
17835,27135,delta,2,0,0,12141,23.6278
17836,27720,delta,2,0,0,12726,23.622
17837,42893,delta,2,0,1,12905,23.6192
17838,25794,delta,2,0,0,10800,23.6149
17839,49108,delta,2,0,1,19120,23.6126
17840,39109,delta,2,0,1,9121,23.6081
17841,28549,delta,2,0,0,13555,23.6074
17842,44125,delta,2,0,1,14137,23.6073
17843,43432,delta,2,0,1,13444,23.6045
17844,32119,delta,2,0,0,17125,23.5994
17845,38657,delta,2,0,1,8669,23.5892
17846,41220,delta,2,0,1,11232,23.5892
17847,22713,delta,2,0,0,7719,23.589
17848,46954,delta,2,0,1,16966,23.5871
17849,48170,delta,2,0,1,18182,23.5856
17850,42662,delta,2,0,1,12674,23.5758
17851,45707,delta,2,0,1,15719,23.5755
17852,45353,delta,2,0,1,15365,23.5754
17853,47848,delta,2,0,1,17860,23.5753
17854,41518,delta,2,0,1,11530,23.5753
17855,47563,delta,2,0,1,17575,23.5749
17856,24817,delta,2,0,0,9823,23.574
17857,31597,delta,2,0,0,16603,23.5737
17858,23574,delta,2,0,0,8580,23.5719
17859,37068,delta,2,0,1,7080,23.5706
17860,28912,delta,2,0,0,13918,23.5678
17861,28398,delta,2,0,0,13404,23.5658
17862,39036,delta,2,0,1,9048,23.5635
17863,25336,delta,2,0,0,10342,23.5627
17864,38482,delta,2,0,1,8494,23.5604
17865,27898,delta,2,0,0,12904,23.5599
17866,48749,delta,2,0,1,18761,23.5564
17867,28366,delta,2,0,0,13372,23.5557
17868,42249,delta,2,0,1,12261,23.5533
17869,40678,delta,2,0,1,10690,23.5493
17870,34070,delta,2,0,0,19076,23.5444
17871,31509,delta,2,0,0,16515,23.5438
17872,38571,delta,2,0,1,8583,23.5346
17873,37594,delta,2,0,1,7606,23.5338
17874,32801,delta,2,0,0,17807,23.528
17875,27767,delta,2,0,0,12773,23.5261
17876,26559,delta,2,0,0,11565,23.5258
17877,44152,delta,2,0,1,14164,23.5251
17878,45883,delta,2,0,1,15895,23.5058
17879,48236,delta,2,0,1,18248,23.5018
17880,23578,delta,2,0,0,8584,23.4977
17881,31469,delta,2,0,0,16475,23.4919
17882,25721,delta,2,0,0,10727,23.4894
17883,39858,delta,2,0,1,9870,23.4883
17884,23404,delta,2,0,0,8410,23.4851
17885,41388,delta,2,0,1,11400,23.4838
17886,41353,delta,2,0,1,11365,23.4828
17887,29174,delta,2,0,0,14180,23.4815
17888,32796,delta,2,0,0,17802,23.478
17889,34418,delta,2,0,0,19424,23.4756
17890,40762,delta,2,0,1,10774,23.4741
17891,42055,delta,2,0,1,12067,23.4728
17892,37580,delta,2,0,1,7592,23.4668
17893,24879,delta,2,0,0,9885,23.4651
17894,38235,delta,2,0,1,8247,23.459
17895,22715,delta,2,0,0,7721,23.4579
17896,27183,delta,2,0,0,12189,23.4552
17897,45906,delta,2,0,1,15918,23.4472
17898,45982,delta,2,0,1,15994,23.4469
17899,44602,delta,2,0,1,14614,23.4466
17900,30189,delta,2,0,0,15195,23.4464
17901,45536,delta,2,0,1,15548,23.4433
17902,28417,delta,2,0,0,13423,23.4424
17903,27126,delta,2,0,0,12132,23.4415
17904,48109,delta,2,0,1,18121,23.4381
17905,37141,delta,2,0,1,7153,23.4372
17906,41397,delta,2,0,1,11409,23.4343
17907,28469,delta,2,0,0,13475,23.4296
17908,29343,delta,2,0,0,14349,23.4274
17909,46370,delta,2,0,1,16382,23.4233
17910,31070,delta,2,0,0,16076,23.419
17911,22795,delta,2,0,0,7801,23.4154
17912,25076,delta,2,0,0,10082,23.4146
17913,28308,delta,2,0,0,13314,23.4137
17914,49346,delta,2,0,1,19358,23.4134
17915,45100,delta,2,0,1,15112,23.4124
17916,33987,delta,2,0,0,18993,23.4012
17917,47100,delta,2,0,1,17112,23.3996
17918,33947,delta,2,0,0,18953,23.3954
17919,22796,delta,2,0,0,7802,23.3943
17920,39834,delta,2,0,1,9846,23.3939
17921,49021,delta,2,0,1,19033,23.3927
17922,44225,delta,2,0,1,14237,23.3908
17923,22273,delta,2,0,0,7279,23.3814
17924,41319,delta,2,0,1,11331,23.3747
17925,49956,delta,2,0,1,19968,23.373
17926,33959,delta,2,0,0,18965,23.3705
17927,27118,delta,2,0,0,12124,23.3654
17928,49482,delta,2,0,1,19494,23.3603
17929,47845,delta,2,0,1,17857,23.3579
17930,36940,delta,2,0,1,6952,23.3566
17931,29673,delta,2,0,0,14679,23.3536
17932,41937,delta,2,0,1,11949,23.3527
17933,33123,delta,2,0,0,18129,23.3495
17934,24809,delta,2,0,0,9815,23.3449
17935,38607,delta,2,0,1,8619,23.3413
17936,33962,delta,2,0,0,18968,23.3331
17937,27773,delta,2,0,0,12779,23.3264
17938,29191,delta,2,0,0,14197,23.3213
17939,25125,delta,2,0,0,10131,23.3194
17940,38410,delta,2,0,1,8422,23.3169
17941,39981,delta,2,0,1,9993,23.3103
17942,40706,delta,2,0,1,10718,23.3086
17943,45540,delta,2,0,1,15552,23.3053
17944,21545,delta,2,0,0,6551,23.3037
17945,43880,delta,2,0,1,13892,23.3029
17946,45110,delta,2,0,1,15122,23.3007
17947,25156,delta,2,0,0,10162,23.2986
17948,48045,delta,2,0,1,18057,23.2975
17949,43343,delta,2,0,1,13355,23.285
17950,28445,delta,2,0,0,13451,23.2744
17951,39007,delta,2,0,1,9019,23.2733
17952,37766,delta,2,0,1,7778,23.271
17953,30800,delta,2,0,0,15806,23.2707
17954,40055,delta,2,0,1,10067,23.2685
17955,34413,delta,2,0,0,19419,23.261
17956,49915,delta,2,0,1,19927,23.2603
17957,42374,delta,2,0,1,12386,23.2602
17958,30187,delta,2,0,0,15193,23.2597
17959,40889,delta,2,0,1,10901,23.2572
17960,37518,delta,2,0,1,7530,23.2571
17961,34527,delta,2,0,0,19533,23.2549
17962,38966,delta,2,0,1,8978,23.2492
17963,26471,delta,2,0,0,11477,23.2445
17964,29922,delta,2,0,0,14928,23.2432
17965,21605,delta,2,0,0,6611,23.2335
17966,27115,delta,2,0,0,12121,23.2328
17967,27131,delta,2,0,0,12137,23.2322
17968,40301,delta,2,0,1,10313,23.2319
17969,21616,delta,2,0,0,6622,23.2318
17970,35272,delta,2,0,1,5284,23.2277
17971,35275,delta,2,0,1,5287,23.2277
17972,35277,delta,2,0,1,5289,23.2277
17973,35280,delta,2,0,1,5292,23.2277
17974,35285,delta,2,0,1,5297,23.2277
17975,35288,delta,2,0,1,5300,23.2277
17976,35290,delta,2,0,1,5302,23.2277
17977,35293,delta,2,0,1,5305,23.2277
17978,23579,delta,2,0,0,8585,23.2269
17979,36334,delta,2,0,1,6346,23.2244
17980,30258,delta,2,0,0,15264,23.2219
17981,39805,delta,2,0,1,9817,23.2206
17982,20472,delta,2,0,0,5478,23.2177
17983,47831,delta,2,0,1,17843,23.2119
17984,29181,delta,2,0,0,14187,23.2108
17985,23582,delta,2,0,0,8588,23.2077
17986,31362,delta,2,0,0,16368,23.2067
17987,42000,delta,2,0,1,12012,23.2016
17988,44744,delta,2,0,1,14756,23.2011
17989,48754,delta,2,0,1,18766,23.1991
17990,27668,delta,2,0,0,12674,23.198
17991,38869,delta,2,0,1,8881,23.1967
17992,38356,delta,2,0,1,8368,23.1943
17993,39788,delta,2,0,1,9800,23.1908
17994,33860,delta,2,0,0,18866,23.1858
17995,34417,delta,2,0,0,19423,23.1793
17996,39719,delta,2,0,1,9731,23.1762
17997,45704,delta,2,0,1,15716,23.1761
17998,27850,delta,2,0,0,12856,23.1732
17999,29194,delta,2,0,0,14200,23.1673
18000,47128,delta,2,0,1,17140,23.1652
18001,23587,delta,2,0,0,8593,23.1636
18002,36188,delta,2,0,1,6200,23.1594
18003,23575,delta,2,0,0,8581,23.1469
18004,42251,delta,2,0,1,12263,23.1392
18005,35707,delta,2,0,1,5719,23.1277
18006,21473,delta,2,0,0,6479,23.1218
18007,45344,delta,2,0,1,15356,23.1154
18008,43431,delta,2,0,1,13443,23.1102
18009,44010,delta,2,0,1,14022,23.1071
18010,39871,delta,2,0,1,9883,23.104
18011,34763,delta,2,0,0,19769,23.1029
18012,30758,delta,2,0,0,15764,23.1025
18013,43942,delta,2,0,1,13954,23.1018
18014,25170,delta,2,0,0,10176,23.1015
18015,28951,delta,2,0,0,13957,23.0972
18016,26451,delta,2,0,0,11457,23.0962
18017,23673,delta,2,0,0,8679,23.0869
18018,30182,delta,2,0,0,15188,23.0849
18019,22647,delta,2,0,0,7653,23.0823
18020,33943,delta,2,0,0,18949,23.0805
18021,44056,delta,2,0,1,14068,23.0802
18022,31890,delta,2,0,0,16896,23.0794
18023,37780,delta,2,0,1,7792,23.0794
18024,31719,delta,2,0,0,16725,23.0784
18025,27642,delta,2,0,0,12648,23.0783
18026,39269,delta,2,0,1,9281,23.0771
18027,44057,delta,2,0,1,14069,23.0739
18028,22619,delta,2,0,0,7625,23.0731
18029,29229,delta,2,0,0,14235,23.0721
18030,32812,delta,2,0,0,17818,23.0719
18031,30940,delta,2,0,0,15946,23.0709
18032,27039,delta,2,0,0,12045,23.0699
18033,25780,delta,2,0,0,10786,23.0675
18034,20460,delta,2,0,0,5466,23.0669
18035,26941,delta,2,0,0,11947,23.0653
18036,39817,delta,2,0,1,9829,23.0622
18037,28980,delta,2,0,0,13986,23.0602
18038,24955,delta,2,0,0,9961,23.0578
18039,34416,delta,2,0,0,19422,23.0575
18040,39800,delta,2,0,1,9812,23.0564
18041,47695,delta,2,0,1,17707,23.0537
18042,36374,delta,2,0,1,6386,23.0534
18043,23906,delta,2,0,0,8912,23.0517
18044,30931,delta,2,0,0,15937,23.0426
18045,24818,delta,2,0,0,9824,23.0401
18046,26508,delta,2,0,0,11514,23.0316
18047,42155,delta,2,0,1,12167,23.0291
18048,29742,delta,2,0,0,14748,23.0255
18049,41541,delta,2,0,1,11553,23.0247
18050,22628,delta,2,0,0,7634,23.0225
18051,29564,delta,2,0,0,14570,23.0195
18052,36818,delta,2,0,1,6830,23.0189
18053,48332,delta,2,0,1,18344,23.0179
18054,35345,delta,2,0,1,5357,23.0151
18055,39337,delta,2,0,1,9349,23.0108
18056,31695,delta,2,0,0,16701,23.0082
18057,24947,delta,2,0,0,9953,23.0048
18058,28515,delta,2,0,0,13521,22.9994
18059,36458,delta,2,0,1,6470,22.9966
18060,39714,delta,2,0,1,9726,22.9904
18061,48264,delta,2,0,1,18276,22.9881
18062,27062,delta,2,0,0,12068,22.9844
18063,47466,delta,2,0,1,17478,22.983
18064,26359,delta,2,0,0,11365,22.9811
18065,21371,delta,2,0,0,6377,22.9796
18066,39966,delta,2,0,1,9978,22.9726
18067,24655,delta,2,0,0,9661,22.97
18068,21488,delta,2,0,0,6494,22.9641
18069,25110,delta,2,0,0,10116,22.9622
18070,21396,delta,2,0,0,6402,22.9607
18071,27168,delta,2,0,0,12174,22.9603
18072,24874,delta,2,0,0,9880,22.957
18073,37492,delta,2,0,1,7504,22.9569
18074,41942,delta,2,0,1,11954,22.9568
18075,27702,delta,2,0,0,12708,22.956
18076,24124,delta,2,0,0,9130,22.9513
18077,29339,delta,2,0,0,14345,22.9468
18078,48235,delta,2,0,1,18247,22.9467
18079,35297,delta,2,0,1,5309,22.9437
18080,41554,delta,2,0,1,11566,22.9427
18081,30886,delta,2,0,0,15892,22.9417
18082,23678,delta,2,0,0,8684,22.9401
18083,25335,delta,2,0,0,10341,22.9387
18084,36696,delta,2,0,1,6708,22.9384
18085,42837,delta,2,0,1,12849,22.9372
18086,27138,delta,2,0,0,12144,22.933
18087,39976,delta,2,0,1,9988,22.9321
18088,26687,delta,2,0,0,11693,22.93
18089,25641,delta,2,0,0,10647,22.9296
18090,39995,delta,2,0,1,10007,22.9289
18091,24830,delta,2,0,0,9836,22.9278
18092,38915,delta,2,0,1,8927,22.9265
18093,43460,delta,2,0,1,13472,22.9212
18094,29038,delta,2,0,0,14044,22.9202
18095,28574,delta,2,0,0,13580,22.913
18096,30970,delta,2,0,0,15976,22.9127
18097,48209,delta,2,0,1,18221,22.9097
18098,43652,delta,2,0,1,13664,22.9078
18099,27029,delta,2,0,0,12035,22.9075
18100,26498,delta,2,0,0,11504,22.8997
18101,25119,delta,2,0,0,10125,22.8982
18102,39245,delta,2,0,1,9257,22.8975
18103,30533,delta,2,0,0,15539,22.8957
18104,49437,delta,2,0,1,19449,22.894
18105,41214,delta,2,0,1,11226,22.8927
18106,44573,delta,2,0,1,14585,22.892
18107,29576,delta,2,0,0,14582,22.892
18108,24857,delta,2,0,0,9863,22.8892
18109,39115,delta,2,0,1,9127,22.8861
18110,28316,delta,2,0,0,13322,22.8819
18111,47837,delta,2,0,1,17849,22.8818
18112,22808,delta,2,0,0,7814,22.8783
18113,41747,delta,2,0,1,11759,22.8778
18114,35806,delta,2,0,1,5818,22.8766
18115,23990,delta,2,0,0,8996,22.8754
18116,42882,delta,2,0,1,12894,22.8726
18117,32495,delta,2,0,0,17501,22.8725
18118,45962,delta,2,0,1,15974,22.8647
18119,27022,delta,2,0,0,12028,22.8601
18120,40224,delta,2,0,1,10236,22.8593
18121,41932,delta,2,0,1,11944,22.856
18122,38934,delta,2,0,1,8946,22.8536
18123,38939,delta,2,0,1,8951,22.8536
18124,33718,delta,2,0,0,18724,22.8524
18125,27739,delta,2,0,0,12745,22.8497
18126,39722,delta,2,0,1,9734,22.848
18127,26970,delta,2,0,0,11976,22.8466
18128,37970,delta,2,0,1,7982,22.8454
18129,40151,delta,2,0,1,10163,22.8441
18130,26454,delta,2,0,0,11460,22.8397
18131,28991,delta,2,0,0,13997,22.8328
18132,40107,delta,2,0,1,10119,22.8324
18133,33742,delta,2,0,0,18748,22.831
18134,27121,delta,2,0,0,12127,22.8309
18135,38227,delta,2,0,1,8239,22.8214
18136,47751,delta,2,0,1,17763,22.8183
18137,20481,delta,2,0,0,5487,22.8174
18138,40308,delta,2,0,1,10320,22.8161
18139,25331,delta,2,0,0,10337,22.8068
18140,45484,delta,2,0,1,15496,22.8052
18141,26496,delta,2,0,0,11502,22.805
18142,39859,delta,2,0,1,9871,22.803
18143,39864,delta,2,0,1,9876,22.803
18144,39872,delta,2,0,1,9884,22.803
18145,38332,delta,2,0,1,8344,22.7988
18146,29920,delta,2,0,0,14926,22.797
18147,27605,delta,2,0,0,12611,22.7904
18148,37694,delta,2,0,1,7706,22.7902
18149,33578,delta,2,0,0,18584,22.7842
18150,35220,delta,2,0,1,5232,22.7831
18151,43296,delta,2,0,1,13308,22.7829
18152,48736,delta,2,0,1,18748,22.7794
18153,45284,delta,2,0,1,15296,22.7726
18154,34309,delta,2,0,0,19315,22.7713
18155,30516,delta,2,0,0,15522,22.7642
18156,29517,delta,2,0,0,14523,22.7598
18157,29778,delta,2,0,0,14784,22.7588
18158,38413,delta,2,0,1,8425,22.7568
18159,26895,delta,2,0,0,11901,22.7549
18160,31496,delta,2,0,0,16502,22.7544
18161,23860,delta,2,0,0,8866,22.7481
18162,22311,delta,2,0,0,7317,22.7476
18163,29058,delta,2,0,0,14064,22.7466
18164,43542,delta,2,0,1,13554,22.7407
18165,44694,delta,2,0,1,14706,22.738
18166,27903,delta,2,0,0,12909,22.7344
18167,36683,delta,2,0,1,6695,22.7344
18168,32176,delta,2,0,0,17182,22.7339
18169,28383,delta,2,0,0,13389,22.7302
18170,28488,delta,2,0,0,13494,22.7269
18171,39900,delta,2,0,1,9912,22.7254
18172,32302,delta,2,0,0,17308,22.7238
18173,22804,delta,2,0,0,7810,22.7159
18174,22272,delta,2,0,0,7278,22.7133
18175,39882,delta,2,0,1,9894,22.7132
18176,45192,delta,2,0,1,15204,22.7033
18177,41427,delta,2,0,1,11439,22.7
18178,25539,delta,2,0,0,10545,22.6961
18179,23597,delta,2,0,0,8603,22.6939
18180,29074,delta,2,0,0,14080,22.6902
18181,20528,delta,2,0,0,5534,22.6885
18182,24806,delta,2,0,0,9812,22.6851
18183,43367,delta,2,0,1,13379,22.6809
18184,42053,delta,2,0,1,12065,22.6794
18185,22336,delta,2,0,0,7342,22.6754
18186,46686,delta,2,0,1,16698,22.6653
18187,28202,delta,2,0,0,13208,22.665
18188,24968,delta,2,0,0,9974,22.6626
18189,22860,delta,2,0,0,7866,22.6585
18190,24313,delta,2,0,0,9319,22.6572
18191,48857,delta,2,0,1,18869,22.6539
18192,40571,delta,2,0,1,10583,22.6499
18193,25688,delta,2,0,0,10694,22.6471
18194,47890,delta,2,0,1,17902,22.6468
18195,30901,delta,2,0,0,15907,22.6459
18196,42646,delta,2,0,1,12658,22.6446
18197,41712,delta,2,0,1,11724,22.6443
18198,31363,delta,2,0,0,16369,22.6428
18199,36162,delta,2,0,1,6174,22.6427
18200,48259,delta,2,0,1,18271,22.6424
18201,29338,delta,2,0,0,14344,22.6414
18202,26446,delta,2,0,0,11452,22.6408
18203,33406,delta,2,0,0,18412,22.6404
18204,46548,delta,2,0,1,16560,22.6357
18205,44655,delta,2,0,1,14667,22.6282
18206,40589,delta,2,0,1,10601,22.6269
18207,38940,delta,2,0,1,8952,22.6206
18208,38166,delta,2,0,1,8178,22.617
18209,28899,delta,2,0,0,13905,22.6169
18210,38942,delta,2,0,1,8954,22.6162
18211,27834,delta,2,0,0,12840,22.6157
18212,47573,delta,2,0,1,17585,22.6141
18213,21597,delta,2,0,0,6603,22.614
18214,22278,delta,2,0,0,7284,22.6131
18215,36823,delta,2,0,1,6835,22.6125
18216,28573,delta,2,0,0,13579,22.6125
18217,30283,delta,2,0,0,15289,22.6085
18218,46683,delta,2,0,1,16695,22.6075
18219,46501,delta,2,0,1,16513,22.6059
18220,24949,delta,2,0,0,9955,22.6049
18221,45706,delta,2,0,1,15718,22.603
18222,44653,delta,2,0,1,14665,22.6027
18223,40647,delta,2,0,1,10659,22.5978
18224,46438,delta,2,0,1,16450,22.5971
18225,23445,delta,2,0,0,8451,22.5928
18226,37049,delta,2,0,1,7061,22.5908
18227,22429,delta,2,0,0,7435,22.5835
18228,27397,delta,2,0,0,12403,22.5818
18229,47354,delta,2,0,1,17366,22.5814
18230,42769,delta,2,0,1,12781,22.5794
18231,21446,delta,2,0,0,6452,22.5753
18232,43925,delta,2,0,1,13937,22.5745
18233,41934,delta,2,0,1,11946,22.5736
18234,20459,delta,2,0,0,5465,22.573
18235,21378,delta,2,0,0,6384,22.5693
18236,30389,delta,2,0,0,15395,22.5686
18237,44639,delta,2,0,1,14651,22.5644
18238,46715,delta,2,0,1,16727,22.561
18239,45343,delta,2,0,1,15355,22.5608
18240,30813,delta,2,0,0,15819,22.5604
18241,23625,delta,2,0,0,8631,22.5603
18242,46992,delta,2,0,1,17004,22.5596
18243,43989,delta,2,0,1,14001,22.559
18244,29711,delta,2,0,0,14717,22.5588
18245,40856,delta,2,0,1,10868,22.5563
18246,32075,delta,2,0,0,17081,22.5533
18247,43267,delta,2,0,1,13279,22.5428
18248,43215,delta,2,0,1,13227,22.5413
18249,42534,delta,2,0,1,12546,22.5408
18250,44791,delta,2,0,1,14803,22.5404
18251,39026,delta,2,0,1,9038,22.5391
18252,24696,delta,2,0,0,9702,22.5387
18253,37143,delta,2,0,1,7155,22.5384
18254,26977,delta,2,0,0,11983,22.5379
18255,27027,delta,2,0,0,12033,22.5336
18256,49063,delta,2,0,1,19075,22.5329
18257,40766,delta,2,0,1,10778,22.5226
18258,45386,delta,2,0,1,15398,22.5217
18259,27136,delta,2,0,0,12142,22.5205
18260,38183,delta,2,0,1,8195,22.5191
18261,44898,delta,2,0,1,14910,22.518
18262,47861,delta,2,0,1,17873,22.5176
18263,27555,delta,2,0,0,12561,22.5173
18264,33006,delta,2,0,0,18012,22.5143
18265,25875,delta,2,0,0,10881,22.5118
18266,43930,delta,2,0,1,13942,22.5111
18267,25841,delta,2,0,0,10847,22.5069
18268,39808,delta,2,0,1,9820,22.4996
18269,24823,delta,2,0,0,9829,22.4977
18270,34892,delta,2,0,0,19898,22.4954
18271,31592,delta,2,0,0,16598,22.4952
18272,49618,delta,2,0,1,19630,22.4951
18273,33588,delta,2,0,0,18594,22.495
18274,37717,delta,2,0,1,7729,22.4923
18275,46531,delta,2,0,1,16543,22.4923
18276,22621,delta,2,0,0,7627,22.4877
18277,47309,delta,2,0,1,17321,22.4852
18278,24814,delta,2,0,0,9820,22.4816
18279,42024,delta,2,0,1,12036,22.4808
18280,26281,delta,2,0,0,11287,22.4808
18281,36620,delta,2,0,1,6632,22.4791
18282,40820,delta,2,0,1,10832,22.4769
18283,42851,delta,2,0,1,12863,22.4751
18284,48482,delta,2,0,1,18494,22.4685
18285,29108,delta,2,0,0,14114,22.4666
18286,22288,delta,2,0,0,7294,22.4658
18287,25163,delta,2,0,0,10169,22.4649
18288,40209,delta,2,0,1,10221,22.4646
18289,44706,delta,2,0,1,14718,22.4641
18290,28493,delta,2,0,0,13499,22.4637
18291,38696,delta,2,0,1,8708,22.4629
18292,32825,delta,2,0,0,17831,22.4567
18293,23670,delta,2,0,0,8676,22.4529
18294,41945,delta,2,0,1,11957,22.4516
18295,45342,delta,2,0,1,15354,22.4514
18296,22615,delta,2,0,0,7621,22.4486
18297,31708,delta,2,0,0,16714,22.4478
18298,28967,delta,2,0,0,13973,22.4445
18299,29013,delta,2,0,0,14019,22.4437
18300,37212,delta,2,0,1,7224,22.4396
18301,27694,delta,2,0,0,12700,22.4391
18302,26998,delta,2,0,0,12004,22.4382
18303,27150,delta,2,0,0,12156,22.4382
18304,22341,delta,2,0,0,7347,22.438
18305,29135,delta,2,0,0,14141,22.4329
18306,25634,delta,2,0,0,10640,22.4321
18307,40863,delta,2,0,1,10875,22.4284
18308,35518,delta,2,0,1,5530,22.4255
18309,43251,delta,2,0,1,13263,22.4246
18310,22286,delta,2,0,0,7292,22.4233
18311,38932,delta,2,0,1,8944,22.4228
18312,45196,delta,2,0,1,15208,22.4162
18313,47628,delta,2,0,1,17640,22.4146
18314,49111,delta,2,0,1,19123,22.4146
18315,46094,delta,2,0,1,16106,22.4131
18316,21377,delta,2,0,0,6383,22.4093
18317,30144,delta,2,0,0,15150,22.4081
18318,45897,delta,2,0,1,15909,22.4074
18319,44658,delta,2,0,1,14670,22.4059
18320,29041,delta,2,0,0,14047,22.3984
18321,22856,delta,2,0,0,7862,22.3966
18322,26288,delta,2,0,0,11294,22.3939
18323,25176,delta,2,0,0,10182,22.3884
18324,28386,delta,2,0,0,13392,22.3882
18325,42812,delta,2,0,1,12824,22.3882
18326,23704,delta,2,0,0,8710,22.3834
18327,29163,delta,2,0,0,14169,22.3813
18328,28457,delta,2,0,0,13463,22.3812
18329,30814,delta,2,0,0,15820,22.3781
18330,24073,delta,2,0,0,9079,22.3637
18331,28483,delta,2,0,0,13489,22.3635
18332,42178,delta,2,0,1,12190,22.3626
18333,49007,delta,2,0,1,19019,22.3616
18334,21462,delta,2,0,0,6468,22.3566
18335,39673,delta,2,0,1,9685,22.3563
18336,26938,delta,2,0,0,11944,22.3561
18337,40225,delta,2,0,1,10237,22.3521
18338,48695,delta,2,0,1,18707,22.3502
18339,27640,delta,2,0,0,12646,22.3459
18340,36625,delta,2,0,1,6637,22.3441
18341,29037,delta,2,0,0,14043,22.344
18342,38842,delta,2,0,1,8854,22.3356
18343,25127,delta,2,0,0,10133,22.328
18344,46373,delta,2,0,1,16385,22.3276
18345,40654,delta,2,0,1,10666,22.3265
18346,22329,delta,2,0,0,7335,22.3264
18347,33422,delta,2,0,0,18428,22.3244
18348,24892,delta,2,0,0,9898,22.324
18349,31436,delta,2,0,0,16442,22.3137
18350,46991,delta,2,0,1,17003,22.3136
18351,45358,delta,2,0,1,15370,22.3102
18352,31969,delta,2,0,0,16975,22.3097
18353,28391,delta,2,0,0,13397,22.3095
18354,39814,delta,2,0,1,9826,22.307
18355,33460,delta,2,0,0,18466,22.3052
18356,35887,delta,2,0,1,5899,22.3046
18357,20463,delta,2,0,0,5469,22.3032
18358,48156,delta,2,0,1,18168,22.2999
18359,22189,delta,2,0,0,7195,22.2998
18360,35149,delta,2,0,1,5161,22.2988
18361,45896,delta,2,0,1,15908,22.2986
18362,27724,delta,2,0,0,12730,22.2954
18363,27111,delta,2,0,0,12117,22.2943
18364,41031,delta,2,0,1,11043,22.2919
18365,27762,delta,2,0,0,12768,22.2895
18366,40847,delta,2,0,1,10859,22.2895
18367,31389,delta,2,0,0,16395,22.2853
18368,28448,delta,2,0,0,13454,22.2839
18369,29054,delta,2,0,0,14060,22.2806
18370,40855,delta,2,0,1,10867,22.2794
18371,26433,delta,2,0,0,11439,22.2746
18372,32893,delta,2,0,0,17899,22.2695
18373,33784,delta,2,0,0,18790,22.2692
18374,41190,delta,2,0,1,11202,22.2683
18375,31069,delta,2,0,0,16075,22.2633
18376,24971,delta,2,0,0,9977,22.2599
18377,46660,delta,2,0,1,16672,22.2588
18378,48766,delta,2,0,1,18778,22.2573
18379,34365,delta,2,0,0,19371,22.2535
18380,25809,delta,2,0,0,10815,22.2513
18381,25204,delta,2,0,0,10210,22.2468
18382,23967,delta,2,0,0,8973,22.2462
18383,31551,delta,2,0,0,16557,22.2459
18384,38625,delta,2,0,1,8637,22.245
18385,42175,delta,2,0,1,12187,22.242
18386,39709,delta,2,0,1,9721,22.2402
18387,20454,delta,2,0,0,5460,22.2376
18388,27744,delta,2,0,0,12750,22.2363
18389,29084,delta,2,0,0,14090,22.233
18390,22625,delta,2,0,0,7631,22.2329
18391,41450,delta,2,0,1,11462,22.2262
18392,41678,delta,2,0,1,11690,22.2177
18393,40791,delta,2,0,1,10803,22.2174
18394,25705,delta,2,0,0,10711,22.2144
18395,42146,delta,2,0,1,12158,22.2108
18396,23665,delta,2,0,0,8671,22.2103
18397,33832,delta,2,0,0,18838,22.2096
18398,30219,delta,2,0,0,15225,22.2084
18399,26443,delta,2,0,0,11449,22.2023
18400,28205,delta,2,0,0,13211,22.2011
18401,25668,delta,2,0,0,10674,22.1998
18402,27163,delta,2,0,0,12169,22.1971
18403,40542,delta,2,0,1,10554,22.1969
18404,20480,delta,2,0,0,5486,22.1949
18405,23581,delta,2,0,0,8587,22.193
18406,27184,delta,2,0,0,12190,22.1897
18407,46369,delta,2,0,1,16381,22.187
18408,39955,delta,2,0,1,9967,22.1828
18409,38550,delta,2,0,1,8562,22.1788
18410,21475,delta,2,0,0,6481,22.1773
18411,30502,delta,2,0,0,15508,22.1769
18412,40987,delta,2,0,1,10999,22.1764
18413,25783,delta,2,0,0,10789,22.1735
18414,31978,delta,2,0,0,16984,22.1716
18415,29630,delta,2,0,0,14636,22.1692
18416,33449,delta,2,0,0,18455,22.1682
18417,41740,delta,2,0,1,11752,22.164
18418,31360,delta,2,0,0,16366,22.1633
18419,31901,delta,2,0,0,16907,22.1626
18420,27101,delta,2,0,0,12107,22.1601
18421,21552,delta,2,0,0,6558,22.1588
18422,40573,delta,2,0,1,10585,22.1555
18423,44333,delta,2,0,1,14345,22.1512
18424,24318,delta,2,0,0,9324,22.1473
18425,40649,delta,2,0,1,10661,22.1458
18426,27165,delta,2,0,0,12171,22.1402
18427,26482,delta,2,0,0,11488,22.1323
18428,22147,delta,2,0,0,7153,22.1318
18429,47893,delta,2,0,1,17905,22.1277
18430,25799,delta,2,0,0,10805,22.1274
18431,47451,delta,2,0,1,17463,22.1251
18432,36604,delta,2,0,1,6616,22.124
18433,33944,delta,2,0,0,18950,22.1211
18434,28528,delta,2,0,0,13534,22.1207
18435,29132,delta,2,0,0,14138,22.1204
18436,31435,delta,2,0,0,16441,22.1199
18437,44306,delta,2,0,1,14318,22.1194
18438,25820,delta,2,0,0,10826,22.1128
18439,26975,delta,2,0,0,11981,22.1116
18440,27106,delta,2,0,0,12112,22.1115
18441,24712,delta,2,0,0,9718,22.1111
18442,24889,delta,2,0,0,9895,22.111
18443,48301,delta,2,0,1,18313,22.1108
18444,33957,delta,2,0,0,18963,22.1089
18445,41550,delta,2,0,1,11562,22.1075
18446,27050,delta,2,0,0,12056,22.1064
18447,28948,delta,2,0,0,13954,22.106
18448,24699,delta,2,0,0,9705,22.1038
18449,39952,delta,2,0,1,9964,22.101
18450,37724,delta,2,0,1,7736,22.0994
18451,38643,delta,2,0,1,8655,22.0988
18452,31097,delta,2,0,0,16103,22.0948
18453,24943,delta,2,0,0,9949,22.0912
18454,46670,delta,2,0,1,16682,22.0895
18455,33715,delta,2,0,0,18721,22.0878
18456,27116,delta,2,0,0,12122,22.0876
18457,29168,delta,2,0,0,14174,22.0866
18458,23865,delta,2,0,0,8871,22.0814
18459,42128,delta,2,0,1,12140,22.0747
18460,47075,delta,2,0,1,17087,22.074
18461,45893,delta,2,0,1,15905,22.0688
18462,47522,delta,2,0,1,17534,22.0681
18463,20476,delta,2,0,0,5482,22.067
18464,22629,delta,2,0,0,7635,22.0656
18465,40193,delta,2,0,1,10205,22.0651
18466,23036,delta,2,0,0,8042,22.0629
18467,36966,delta,2,0,1,6978,22.0555
18468,23696,delta,2,0,0,8702,22.0528
18469,27045,delta,2,0,0,12051,22.0483
18470,22283,delta,2,0,0,7289,22.048
18471,35426,delta,2,0,1,5438,22.047
18472,36953,delta,2,0,1,6965,22.0457
18473,47631,delta,2,0,1,17643,22.0435
18474,22154,delta,2,0,0,7160,22.0434
18475,40525,delta,2,0,1,10537,22.0419
18476,29040,delta,2,0,0,14046,22.0415
18477,28388,delta,2,0,0,13394,22.0389
18478,44613,delta,2,0,1,14625,22.0245
18479,32815,delta,2,0,0,17821,22.0222
18480,48111,delta,2,0,1,18123,22.0163
18481,29726,delta,2,0,0,14732,22.0161
18482,41681,delta,2,0,1,11693,22.0145
18483,44717,delta,2,0,1,14729,22.003
18484,45694,delta,2,0,1,15706,22.0011
18485,21469,delta,2,0,0,6475,21.9973
18486,34626,delta,2,0,0,19632,21.9865
18487,37604,delta,2,0,1,7616,21.9862
18488,49105,delta,2,0,1,19117,21.9836
18489,29643,delta,2,0,0,14649,21.9802
18490,32564,delta,2,0,0,17570,21.98
18491,27095,delta,2,0,0,12101,21.9797
18492,28204,delta,2,0,0,13210,21.9794
18493,23870,delta,2,0,0,8876,21.9769
18494,27114,delta,2,0,0,12120,21.9758
18495,32656,delta,2,0,0,17662,21.971
18496,43312,delta,2,0,1,13324,21.9694
18497,45317,delta,2,0,1,15329,21.967
18498,40052,delta,2,0,1,10064,21.9662
18499,24789,delta,2,0,0,9795,21.9607
18500,39253,delta,2,0,1,9265,21.9539
18501,29639,delta,2,0,0,14645,21.9532
18502,29782,delta,2,0,0,14788,21.9514
18503,24666,delta,2,0,0,9672,21.9501
18504,26362,delta,2,0,0,11368,21.9485
18505,26517,delta,2,0,0,11523,21.9418
18506,24960,delta,2,0,0,9966,21.9384
18507,32698,delta,2,0,0,17704,21.937
18508,38762,delta,2,0,1,8774,21.9369
18509,39711,delta,2,0,1,9723,21.9357
18510,33352,delta,2,0,0,18358,21.9355
18511,38174,delta,2,0,1,8186,21.9328
18512,37264,delta,2,0,1,7276,21.9322
18513,38744,delta,2,0,1,8756,21.9318
18514,27886,delta,2,0,0,12892,21.9242
18515,41007,delta,2,0,1,11019,21.9192
18516,28902,delta,2,0,0,13908,21.9177
18517,42037,delta,2,0,1,12049,21.917
18518,25846,delta,2,0,0,10852,21.9142
18519,22728,delta,2,0,0,7734,21.9051
18520,37974,delta,2,0,1,7986,21.9009
18521,20455,delta,2,0,0,5461,21.9009
18522,42691,delta,2,0,1,12703,21.9009
18523,32178,delta,2,0,0,17184,21.897
18524,30723,delta,2,0,0,15729,21.8968
18525,28348,delta,2,0,0,13354,21.8955
18526,27638,delta,2,0,0,12644,21.8926
18527,29034,delta,2,0,0,14040,21.8913
18528,22432,delta,2,0,0,7438,21.8912
18529,29769,delta,2,0,0,14775,21.8908
18530,31458,delta,2,0,0,16464,21.8888
18531,44802,delta,2,0,1,14814,21.8863
18532,45328,delta,2,0,1,15340,21.8851
18533,47668,delta,2,0,1,17680,21.8805
18534,26950,delta,2,0,0,11956,21.8745
18535,32299,delta,2,0,0,17305,21.8736
18536,21388,delta,2,0,0,6394,21.8731
18537,36628,delta,2,0,1,6640,21.8694
18538,41447,delta,2,0,1,11459,21.8692
18539,23620,delta,2,0,0,8626,21.8686
18540,39324,delta,2,0,1,9336,21.8665
18541,27705,delta,2,0,0,12711,21.8661
18542,106437,delta,4,1,3,16473,69.6901
18543,79380,delta,4,0,1,19404,65.8513
18544,92611,delta,4,1,2,17641,62.0559
18545,92614,delta,4,1,2,17644,60.9637
18546,79383,delta,4,0,1,19407,57.7526
18547,93435,delta,4,1,2,18465,56.2713
18548,92616,delta,4,1,2,17646,50.7492
18549,91479,delta,4,1,2,16509,50.6859
18550,105259,delta,4,1,3,15295,49.3382
18551,109015,delta,4,1,3,19051,48.0642
18552,93684,delta,4,1,2,18714,45.9198
18553,107615,delta,4,1,3,17651,45.4866
18554,91482,delta,4,1,2,16512,45.2493
18555,106969,delta,4,1,3,17005,45.1638
18556,92639,delta,4,1,2,17669,44.8693
18557,108144,delta,4,1,3,18180,44.1194
18558,78205,delta,4,0,1,18229,43.2406
18559,109012,delta,4,1,3,19048,43.0261
18560,93682,delta,4,1,2,18712,42.956
18561,93726,delta,4,1,2,18756,42.5572
18562,92657,delta,4,1,2,17687,42.2001
18563,93687,delta,4,1,2,18717,42.0456
18564,93685,delta,4,1,2,18715,41.6917
18565,93072,delta,4,1,2,18102,41.6306
18566,92644,delta,4,1,2,17674,41.416
18567,92045,delta,4,1,2,17075,41.2018
18568,107021,delta,4,1,3,17057,41.1528
18569,92063,delta,4,1,2,17093,41.1385
18570,93772,delta,4,1,2,18802,41.0785
18571,93729,delta,4,1,2,18759,40.8992
18572,78804,delta,4,0,1,18828,40.2049
18573,92654,delta,4,1,2,17684,39.9107
18574,92573,delta,4,1,2,17603,39.7377
18575,93441,delta,4,1,2,18471,39.4712
18576,107810,delta,4,1,3,17846,39.1946
18577,108390,delta,4,1,3,18426,39.07
18578,108149,delta,4,1,3,18185,38.8204
18579,106473,delta,4,1,3,16509,38.6622
18580,94617,delta,4,1,2,19647,38.5175
18581,106971,delta,4,1,3,17007,38.3835
18582,105840,delta,4,1,3,15876,38.351
18583,78751,delta,4,0,1,18775,38.2697
18584,106972,delta,4,1,3,17008,38.2481
18585,93659,delta,4,1,2,18689,38.2206
18586,77090,delta,4,0,1,17114,38.0111
18587,77629,delta,4,0,1,17653,38.0034
18588,79717,delta,4,0,1,19741,37.9768
18589,105264,delta,4,1,3,15300,37.9025
18590,93777,delta,4,1,2,18807,37.8837
18591,58496,delta,4,0,0,13514,37.875
18592,107563,delta,4,1,3,17599,37.874
18593,91443,delta,4,1,2,16473,37.8537
18594,106439,delta,4,1,3,16475,37.8416
18595,108429,delta,4,1,3,18465,37.8316
18596,91466,delta,4,1,2,16496,37.8053
18597,92621,delta,4,1,2,17651,37.7645
18598,107016,delta,4,1,3,17052,37.6388
18599,76448,delta,4,0,1,16472,37.4641
18600,93077,delta,4,1,2,18107,37.4565
18601,107566,delta,4,1,3,17602,37.4306
18602,94726,delta,4,1,2,19756,37.341
18603,90882,delta,4,1,2,15912,37.2336
18604,92959,delta,4,1,2,17989,37.0234
18605,107031,delta,4,1,3,17067,36.9907
18606,78841,delta,4,0,1,18865,36.8716
18607,93088,delta,4,1,2,18118,36.8416
18608,79932,delta,4,0,1,19956,36.3312
18609,93367,delta,4,1,2,18397,36.2067
18610,64938,delta,4,0,0,19956,36.1704
18611,92548,delta,4,1,2,17578,36.0748
18612,108653,delta,4,1,3,18689,35.8296
18613,92813,delta,4,1,2,17843,35.7773
18614,94132,delta,4,1,2,19162,35.6185
18615,64386,delta,4,0,0,19404,35.5577
18616,92027,delta,4,1,2,17057,35.5101
18617,109524,delta,4,1,3,19560,35.4788
18618,93372,delta,4,1,2,18402,35.4549
18619,106476,delta,4,1,3,16512,35.2592
18620,92954,delta,4,1,2,17984,35.2065
18621,94011,delta,4,1,2,19041,35.0234
18622,105856,delta,4,1,3,15892,34.99
18623,107581,delta,4,1,3,17617,34.9821
18624,106440,delta,4,1,3,16476,34.8258
18625,94575,delta,4,1,2,19605,34.8018
18626,92602,delta,4,1,2,17632,34.7104
18627,64389,delta,4,0,0,19407,34.5706
18628,107568,delta,4,1,3,17604,34.4318
18629,93724,delta,4,1,2,18754,34.3754
18630,91518,delta,4,1,2,16548,34.296
18631,58033,delta,4,0,0,13051,34.1803
18632,105321,delta,4,1,3,15357,34.1286
18633,92553,delta,4,1,2,17583,34.0402
18634,92509,delta,4,1,2,17539,34.0051
18635,105319,delta,4,1,3,15355,33.9837
18636,77087,delta,4,0,1,17111,33.9611
18637,57373,delta,4,0,0,12391,33.7934
18638,93075,delta,4,1,2,18105,33.7224
18639,108650,delta,4,1,3,18686,33.7031
18640,108196,delta,4,1,3,18232,33.6473
18641,94418,delta,4,1,2,19448,33.5478
18642,92263,delta,4,1,2,17293,33.5296
18643,79364,delta,4,0,1,19388,33.4636
18644,93385,delta,4,1,2,18415,33.4004
18645,59055,delta,4,0,0,14073,33.352
18646,94241,delta,4,1,2,19271,33.3289
18647,105845,delta,4,1,3,15881,33.246
18648,105316,delta,4,1,3,15352,33.1962
18649,92276,delta,4,1,2,17306,33.1188
18650,93432,delta,4,1,2,18462,33.1151
18651,92207,delta,4,1,2,17237,33.0259
18652,94570,delta,4,1,2,19600,32.989
18653,92478,delta,4,1,2,17508,32.9874
18654,92260,delta,4,1,2,17290,32.8762
18655,93202,delta,4,1,2,18232,32.8627
18656,77671,delta,4,0,1,17695,32.7862
18657,93553,delta,4,1,2,18583,32.7842
18658,93758,delta,4,1,2,18788,32.7018
18659,109565,delta,4,1,3,19601,32.5288
18660,58483,delta,4,0,0,13501,32.4129
18661,90885,delta,4,1,2,15915,32.407
18662,93091,delta,4,1,2,18121,32.39
18663,74684,delta,4,0,1,14708,32.3816
18664,94420,delta,4,1,2,19450,32.3122
18665,91331,delta,4,1,2,16361,32.2769
18666,106846,delta,4,1,3,16882,32.2742
18667,94013,delta,4,1,2,19043,32.2433
18668,94950,delta,4,1,2,19980,32.2433
18669,78188,delta,4,0,1,18212,32.1786
18670,92483,delta,4,1,2,17513,32.1778
18671,92551,delta,4,1,2,17581,32.1195
18672,108176,delta,4,1,3,18212,31.9851
18673,78764,delta,4,0,1,18788,31.9318
18674,91463,delta,4,1,2,16493,31.9306
18675,75265,delta,4,0,1,15289,31.9164
18676,108194,delta,4,1,3,18230,31.8892
18677,105796,delta,4,1,3,15832,31.8259
18678,93380,delta,4,1,2,18410,31.8247
18679,57662,delta,4,0,0,12680,31.7187
18680,93397,delta,4,1,2,18427,31.6839
18681,109930,delta,4,1,3,19966,31.6801
18682,75870,delta,4,0,1,15894,31.6563
18683,92265,delta,4,1,2,17295,31.6437
18684,107000,delta,4,1,3,17036,31.6368
18685,104680,delta,4,1,3,14716,31.6097
18686,92652,delta,4,1,2,17682,31.5564
18687,93975,delta,4,1,2,19005,31.5527
18688,75837,delta,4,0,1,15861,31.5302
18689,93150,delta,4,1,2,18180,31.5284
18690,105900,delta,4,1,3,15936,31.4972
18691,93980,delta,4,1,2,19010,31.3946
18692,107576,delta,4,1,3,17612,31.3931
18693,106995,delta,4,1,3,17031,31.3474
18694,79720,delta,4,0,1,19744,31.2587
18695,56122,delta,4,0,0,11140,31.1531
18696,77048,delta,4,0,1,17072,31.1147
18697,59013,delta,4,0,0,14031,31.027
18698,107073,delta,4,1,3,17109,31.0011
18699,94129,delta,4,1,2,19159,31
18700,107019,delta,4,1,3,17055,30.9839
18701,93370,delta,4,1,2,18400,30.9105
18702,71884,delta,4,0,1,11908,30.8908
18703,92060,delta,4,1,2,17090,30.8729
18704,93191,delta,4,1,2,18221,30.8444
18705,105306,delta,4,1,3,15342,30.8307
18706,107018,delta,4,1,3,17054,30.78
18707,59690,delta,4,0,0,14708,30.7108
18708,92642,delta,4,1,2,17672,30.6182
18709,93763,delta,4,1,2,18793,30.5848
18710,56769,delta,4,0,0,11787,30.5586
18711,94145,delta,4,1,2,19175,30.5516
18712,105843,delta,4,1,3,15879,30.5304
18713,109568,delta,4,1,3,19604,30.52
18714,79945,delta,4,0,1,19969,30.4087
18715,92024,delta,4,1,2,17054,30.3976
18716,59737,delta,4,0,0,14755,30.3826
18717,59086,delta,4,0,0,14104,30.3499
18718,91085,delta,4,1,2,16115,30.3074
18719,60822,delta,4,0,0,15840,30.294
18720,92266,delta,4,1,2,17296,30.2921
18721,107076,delta,4,1,3,17112,30.2917
18722,71902,delta,4,0,1,11926,30.2769
18723,93200,delta,4,1,2,18230,30.2184
18724,93656,delta,4,1,2,18686,30.1739
18725,59750,delta,4,0,0,14768,30.1273
18726,93062,delta,4,1,2,18092,30.0987
18727,93716,delta,4,1,2,18746,30.081
18728,94134,delta,4,1,2,19164,30.0771
18729,108197,delta,4,1,3,18233,30.0758
18730,92035,delta,4,1,2,17065,30.0571
18731,58361,delta,4,0,0,13379,30.0529
18732,63449,delta,4,0,0,18467,30.0414
18733,91643,delta,4,1,2,16673,30.025
18734,76537,delta,4,0,1,16561,29.9901
18735,59060,delta,4,0,0,14078,29.9727
18736,79722,delta,4,0,1,19746,29.9703
18737,93394,delta,4,1,2,18424,29.9509
18738,76490,delta,4,0,1,16514,29.9435
18739,108346,delta,4,1,3,18382,29.8908
18740,93194,delta,4,1,2,18224,29.89
18741,59153,delta,4,0,0,14171,29.8648
18742,108757,delta,4,1,3,18793,29.8614
18743,93074,delta,4,1,2,18104,29.8357
18744,94407,delta,4,1,2,19437,29.779
18745,74744,delta,4,0,1,14768,29.7643
18746,107837,delta,4,1,3,17873,29.7501
18747,63810,delta,4,0,0,18828,29.7336
18748,107592,delta,4,1,3,17628,29.712
18749,107582,delta,4,1,3,17618,29.7087
18750,108754,delta,4,1,3,18790,29.7075
18751,93977,delta,4,1,2,19007,29.6647
18752,107613,delta,4,1,3,17649,29.6414
18753,56119,delta,4,0,0,11137,29.6116
18754,91232,delta,4,1,2,16262,29.6103
18755,77010,delta,4,0,1,17034,29.6048
18756,91476,delta,4,1,2,16506,29.5792
18757,68213,delta,4,0,1,8237,29.4584
18758,105262,delta,4,1,3,15298,29.4078
18759,60886,delta,4,0,0,15904,29.3964
18760,58004,delta,4,0,0,13022,29.3873
18761,93989,delta,4,1,2,19019,29.3588
18762,74656,delta,4,0,1,14680,29.3527
18763,105791,delta,4,1,3,15827,29.3397
18764,107034,delta,4,1,3,17070,29.3373
18765,90306,delta,4,1,2,15336,29.3218
18766,57195,delta,4,0,0,12213,29.2994
18767,55426,delta,4,0,0,10444,29.2557
18768,92957,delta,4,1,2,17987,29.2129
18769,91679,delta,4,1,2,16709,29.204
18770,90603,delta,4,1,2,15633,29.1985
18771,61403,delta,4,0,0,16421,29.1814
18772,90589,delta,4,1,2,15619,29.1563
18773,94402,delta,4,1,2,19432,29.1485
18774,56913,delta,4,0,0,11931,29.1477
18775,56690,delta,4,0,0,11708,29.1394
18776,93383,delta,4,1,2,18413,29.139
18777,63452,delta,4,0,0,18470,29.1146
18778,105277,delta,4,1,3,15313,29.1006
18779,90301,delta,4,1,2,15331,29.0775
18780,57993,delta,4,0,0,13011,29.0288
18781,58374,delta,4,0,0,13392,29.0189
18782,55444,delta,4,0,0,10462,29.017
18783,90887,delta,4,1,2,15917,28.9913
18784,106482,delta,4,1,3,16518,28.9872
18785,93436,delta,4,1,2,18466,28.9443
18786,78159,delta,4,0,1,18183,28.9107
18787,92058,delta,4,1,2,17088,28.9047
18788,94572,delta,4,1,2,19602,28.8946
18789,92799,delta,4,1,2,17829,28.8631
18790,92641,delta,4,1,2,17671,28.8479
18791,91445,delta,4,1,2,16475,28.8263
18792,89909,delta,4,1,2,14939,28.8256
18793,60267,delta,4,0,0,15285,28.8178
18794,93399,delta,4,1,2,18429,28.8024
18795,75359,delta,4,0,1,15383,28.8003
18796,109320,delta,4,1,3,19356,28.8002
18797,58387,delta,4,0,0,13405,28.7979
18798,79322,delta,4,0,1,19346,28.793
18799,94244,delta,4,1,2,19274,28.79
18800,73490,delta,4,0,1,13514,28.7659
18801,92956,delta,4,1,2,17986,28.7587
18802,75177,delta,4,0,1,15201,28.741
18803,91521,delta,4,1,2,16551,28.7169
18804,76416,delta,4,0,1,16440,28.7097
18805,77032,delta,4,0,1,17056,28.6276
18806,94369,delta,4,1,2,19399,28.621
18807,91781,delta,4,1,2,16811,28.5582
18808,57999,delta,4,0,0,13017,28.5391
18809,56324,delta,4,0,0,11342,28.5308
18810,92021,delta,4,1,2,17051,28.5234
18811,57586,delta,4,0,0,12604,28.5093
18812,77626,delta,4,0,1,17650,28.4676
18813,59156,delta,4,0,0,14174,28.4103
18814,79317,delta,4,0,1,19341,28.314
18815,74736,delta,4,0,1,14760,28.3038
18816,79940,delta,4,0,1,19964,28.2958
18817,72815,delta,4,0,1,12839,28.2893
18818,93438,delta,4,1,2,18468,28.2618
18819,71318,delta,4,0,1,11342,28.2425
18820,57463,delta,4,0,0,12481,28.2348
18821,62038,delta,4,0,0,17056,28.216
18822,94135,delta,4,1,2,19165,28.2151
18823,91435,delta,4,1,2,16465,28.1815
18824,90352,delta,4,1,2,15382,28.1578
18825,55570,delta,4,0,0,10588,28.1542
18826,72059,delta,4,0,1,12083,28.1508
18827,93430,delta,4,1,2,18460,28.1474
18828,106460,delta,4,1,3,16496,28.1335
18829,105898,delta,4,1,3,15934,28.1279
18830,71237,delta,4,0,1,11261,28.107
18831,55849,delta,4,0,0,10867,28.0945
18832,94614,delta,4,1,2,19644,28.0849
18833,55573,delta,4,0,0,10591,28.0823
18834,60251,delta,4,0,0,15269,28.052
18835,92102,delta,4,1,2,17132,28.0468
18836,61538,delta,4,0,0,16556,28.0429
18837,57368,delta,4,0,0,12386,28.0293
18838,94710,delta,4,1,2,19740,28.0147
18839,59675,delta,4,0,0,14693,27.991
18840,75273,delta,4,0,1,15297,27.9827
18841,92210,delta,4,1,2,17240,27.9656
18842,106997,delta,4,1,3,17033,27.9621
18843,57365,delta,4,0,0,12383,27.9609
18844,61101,delta,4,0,0,16119,27.9436
18845,57352,delta,4,0,0,12370,27.9406
18846,105858,delta,4,1,3,15894,27.9072
18847,105897,delta,4,1,3,15933,27.8986
18848,59089,delta,4,0,0,14107,27.8894
18849,70851,delta,4,0,1,10875,27.8728
18850,57821,delta,4,0,0,12839,27.8636
18851,90304,delta,4,1,2,15334,27.8549
18852,74661,delta,4,0,1,14685,27.8448
18853,68924,delta,4,0,1,8948,27.8323
18854,57360,delta,4,0,0,12378,27.8309
18855,60271,delta,4,0,0,15289,27.8158
18856,94016,delta,4,1,2,19046,27.7671
18857,92967,delta,4,1,2,17997,27.7543
18858,94315,delta,4,1,2,19345,27.7464
18859,109569,delta,4,1,3,19605,27.746
18860,93791,delta,4,1,2,18821,27.7355
18861,91375,delta,4,1,2,16405,27.7342
18862,63757,delta,4,0,0,18775,27.7275
18863,61543,delta,4,0,0,16561,27.7273
18864,108738,delta,4,1,3,18774,27.7222
18865,60264,delta,4,0,0,15282,27.7221
18866,93531,delta,4,1,2,18561,27.7198
18867,57044,delta,4,0,0,12062,27.6738
18868,93240,delta,4,1,2,18270,27.6495
18869,75268,delta,4,0,1,15292,27.6235
18870,68221,delta,4,0,1,8245,27.6083
18871,93548,delta,4,1,2,18578,27.562
18872,75270,delta,4,0,1,15294,27.5549
18873,94729,delta,4,1,2,19759,27.5145
18874,56125,delta,4,0,0,11143,27.5109
18875,91640,delta,4,1,2,16670,27.5101
18876,58499,delta,4,0,0,13517,27.5022
18877,62716,delta,4,0,0,17734,27.4927
18878,77045,delta,4,0,1,17069,27.4739
18879,55646,delta,4,0,0,10664,27.4618
18880,93948,delta,4,1,2,18978,27.4602
18881,57818,delta,4,0,0,12836,27.4414
18882,76493,delta,4,0,1,16517,27.4379
18883,91090,delta,4,1,2,16120,27.4082
18884,57578,delta,4,0,0,12596,27.3975
18885,91477,delta,4,1,2,16507,27.397
18886,57073,delta,4,0,0,12091,27.3961
18887,56243,delta,4,0,0,11261,27.3789
18888,94936,delta,4,1,2,19966,27.3562
18889,89856,delta,4,1,2,14886,27.3459
18890,56800,delta,4,0,0,11818,27.3328
18891,109933,delta,4,1,3,19969,27.3206
18892,92597,delta,4,1,2,17627,27.3129
18893,94353,delta,4,1,2,19383,27.3057
18894,94266,delta,4,1,2,19296,27.2831
18895,73368,delta,4,0,1,13392,27.2739
18896,77602,delta,4,0,1,17626,27.2595
18897,74073,delta,4,0,1,14097,27.2474
18898,92818,delta,4,1,2,17848,27.243
18899,90462,delta,4,1,2,15492,27.2116
18900,75801,delta,4,0,1,15825,27.2074
18901,93059,delta,4,1,2,18089,27.1451
18902,61446,delta,4,0,0,16464,27.1419
18903,57039,delta,4,0,0,12057,27.1359
18904,92491,delta,4,1,2,17521,27.1123
18905,94018,delta,4,1,2,19048,27.1055
18906,92099,delta,4,1,2,17129,27.0449
18907,58700,delta,4,0,0,13718,27.0331
18908,109325,delta,4,1,3,19361,27.0204
18909,71469,delta,4,0,1,11493,27.0026
18910,57310,delta,4,0,0,12328,26.9982
18911,71394,delta,4,0,1,11418,26.9934
18912,59776,delta,4,0,0,14794,26.9711
18913,63454,delta,4,0,0,18472,26.9696
18914,54709,delta,4,0,0,9727,26.958
18915,106479,delta,4,1,3,16515,26.9306
18916,58379,delta,4,0,0,13397,26.898
18917,106419,delta,4,1,3,16455,26.8975
18918,106390,delta,4,1,3,16426,26.89
18919,57968,delta,4,0,0,12986,26.8892
18920,75756,delta,4,0,1,15780,26.8822
18921,92032,delta,4,1,2,17062,26.8724
18922,63805,delta,4,0,0,18823,26.8696
18923,72572,delta,4,0,1,12596,26.8563
18924,94713,delta,4,1,2,19743,26.8448
18925,108085,delta,4,1,3,18121,26.8243
18926,56992,delta,4,0,0,12010,26.8112
18927,57735,delta,4,0,0,12753,26.8058
18928,94148,delta,4,1,2,19178,26.7998
18929,106414,delta,4,1,3,16450,26.7969
18930,92022,delta,4,1,2,17052,26.7883
18931,93953,delta,4,1,2,18983,26.7845
18932,59641,delta,4,0,0,14659,26.7714
18933,70181,delta,4,0,1,10205,26.7658
18934,58002,delta,4,0,0,13020,26.7546
18935,109349,delta,4,1,3,19385,26.7537
18936,57746,delta,4,0,0,12764,26.7529
18937,73986,delta,4,0,1,14010,26.7477
18938,94894,delta,4,1,2,19924,26.7266
18939,90927,delta,4,1,2,15957,26.7109
18940,90506,delta,4,1,2,15536,26.7108
18941,71516,delta,4,0,1,11540,26.688
18942,72178,delta,4,0,1,12202,26.6552
18943,93537,delta,4,1,2,18567,26.6529
18944,58038,delta,4,0,0,13056,26.6245
18945,58449,delta,4,0,0,13467,26.6142
18946,60891,delta,4,0,0,15909,26.5893
18947,79335,delta,4,0,1,19359,26.5343
18948,91767,delta,4,1,2,16797,26.5183
18949,109564,delta,4,1,3,19600,26.5102
18950,72028,delta,4,0,1,12052,26.5075
18951,57323,delta,4,0,0,12341,26.4493
18952,93647,delta,4,1,2,18677,26.4487
18953,62016,delta,4,0,0,17034,26.4305
18954,92105,delta,4,1,2,17135,26.4146
18955,59670,delta,4,0,0,14688,26.3952
18956,59084,delta,4,0,0,14102,26.3901
18957,73245,delta,4,0,1,13269,26.3771
18958,59742,delta,4,0,0,14760,26.3682
18959,71983,delta,4,0,1,12007,26.3676
18960,56785,delta,4,0,0,11803,26.3558
18961,91626,delta,4,1,2,16656,26.3045
18962,56623,delta,4,0,0,11641,26.2979
18963,57860,delta,4,0,0,12878,26.2968
18964,72765,delta,4,0,1,12789,26.2895
18965,56124,delta,4,0,0,11142,26.2641
18966,94543,delta,4,1,2,19573,26.2187
18967,75964,delta,4,0,1,15988,26.2061
18968,74092,delta,4,0,1,14116,26.2002
18969,90843,delta,4,1,2,15873,26.1867
18970,109593,delta,4,1,3,19629,26.1763
18971,70708,delta,4,0,1,10732,26.1761
18972,107657,delta,4,1,3,17693,26.1702
18973,92016,delta,4,1,2,17046,26.1683
18974,72134,delta,4,0,1,12158,26.1629
18975,74108,delta,4,0,1,14132,26.1605
18976,109888,delta,4,1,3,19924,26.1491
18977,60907,delta,4,0,0,15925,26.1426
18978,106401,delta,4,1,3,16437,26.1223
18979,57468,delta,4,0,0,12486,26.1146
18980,109013,delta,4,1,3,19049,26.0875
18981,73477,delta,4,0,1,13501,26.0729
18982,92194,delta,4,1,2,17224,26.0705
18983,58436,delta,4,0,0,13454,26.0544
18984,75352,delta,4,0,1,15376,26.0501
18985,93775,delta,4,1,2,18805,26.0432
18986,57834,delta,4,0,0,12852,26.0375
18987,57712,delta,4,0,0,12730,26.0369
18988,94825,delta,4,1,2,19855,26.0327
18989,58695,delta,4,0,0,13713,26.0252
18990,76440,delta,4,0,1,16464,26.0037
18991,92940,delta,4,1,2,17970,25.9816
18992,57973,delta,4,0,0,12991,25.9809
18993,92998,delta,4,1,2,18028,25.9691
18994,58421,delta,4,0,0,13439,25.954
18995,56214,delta,4,0,0,11232,25.9381
18996,75816,delta,4,0,1,15840,25.9288
18997,68218,delta,4,0,1,8242,25.9271
18998,59269,delta,4,0,0,14287,25.9225
18999,72367,delta,4,0,1,12391,25.9014
19000,69734,delta,4,0,1,9758,25.9003
19001,106967,delta,4,1,3,17003,25.8793
19002,93786,delta,4,1,2,18816,25.8658
19003,92037,delta,4,1,2,17067,25.8647
19004,71519,delta,4,0,1,11543,25.8623
19005,54017,delta,4,0,0,9035,25.8568
19006,72804,delta,4,0,1,12828,25.8508
19007,109890,delta,4,1,3,19926,25.8053
19008,70176,delta,4,0,1,10200,25.7984
19009,57740,delta,4,0,0,12758,25.7937
19010,56522,delta,4,0,0,11540,25.7889
19011,56782,delta,4,0,0,11800,25.7883
19012,58669,delta,4,0,0,13687,25.7882
19013,105794,delta,4,1,3,15830,25.783
19014,90924,delta,4,1,2,15954,25.7768
19015,57184,delta,4,0,0,12202,25.775
19016,55439,delta,4,0,0,10457,25.7737
19017,93979,delta,4,1,2,19009,25.7641
19018,107579,delta,4,1,3,17615,25.7602
19019,54528,delta,4,0,0,9546,25.7449
19020,56908,delta,4,0,0,11926,25.7424
19021,93739,delta,4,1,2,18769,25.7359
19022,107562,delta,4,1,3,17598,25.7347
19023,55962,delta,4,0,0,10980,25.7228
19024,72760,delta,4,0,1,12784,25.713
19025,106457,delta,4,1,3,16493,25.7128
19026,57986,delta,4,0,0,13004,25.6856
19027,93518,delta,4,1,2,18548,25.6758
19028,57326,delta,4,0,0,12344,25.6665
19029,58829,delta,4,0,0,13847,25.6662
19030,60329,delta,4,0,0,15347,25.6617
19031,60007,delta,4,0,0,15025,25.66
19032,58251,delta,4,0,0,13269,25.6593
19033,105749,delta,4,1,3,15785,25.6517
19034,77607,delta,4,0,1,17631,25.6457
19035,71634,delta,4,0,1,11658,25.6124
19036,62065,delta,4,0,0,17083,25.5981
19037,70835,delta,4,0,1,10859,25.5956
19038,60241,delta,4,0,0,15259,25.5826
19039,59098,delta,4,0,0,14116,25.5757
19040,69899,delta,4,0,1,9923,25.5688
19041,92378,delta,4,1,2,17408,25.5557
19042,72144,delta,4,0,1,12168,25.5437
19043,56392,delta,4,0,0,11410,25.5361
19044,71363,delta,4,0,1,11387,25.5303
19045,70121,delta,4,0,1,10145,25.524
19046,59114,delta,4,0,0,14132,25.5209
19047,105793,delta,4,1,3,15829,25.5201
19048,79027,delta,4,0,1,19051,25.4893
19049,72346,delta,4,0,1,12370,25.4834
19050,109011,delta,4,1,3,19047,25.4604
19051,74150,delta,4,0,1,14174,25.4416
19052,108984,delta,4,1,3,19020,25.4413
19053,58382,delta,4,0,0,13400,25.4389
19054,73487,delta,4,0,1,13511,25.431
19055,108723,delta,4,1,3,18759,25.4246
19056,58711,delta,4,0,0,13729,25.4231
19057,74731,delta,4,0,1,14755,25.4185
19058,90903,delta,4,1,2,15933,25.4103
19059,77594,delta,4,0,1,17618,25.4091
19060,56240,delta,4,0,0,11258,25.4077
19061,69703,delta,4,0,1,9727,25.398
19062,58112,delta,4,0,0,13130,25.3966
19063,93744,delta,4,1,2,18774,25.3861
19064,74181,delta,4,0,1,14205,25.3846
19065,91978,delta,4,1,2,17008,25.3814
19066,59662,delta,4,0,0,14680,25.3759
19067,56803,delta,4,0,0,11821,25.3648
19068,109527,delta,4,1,3,19563,25.3597
19069,56805,delta,4,0,0,11823,25.3482
19070,56319,delta,4,0,0,11337,25.343
19071,58164,delta,4,0,0,13182,25.3367
19072,92496,delta,4,1,2,17526,25.331
19073,56682,delta,4,0,0,11700,25.3291
19074,72197,delta,4,0,1,12221,25.3234
19075,91395,delta,4,1,2,16425,25.3017
19076,92972,delta,4,1,2,18002,25.2881
19077,92493,delta,4,1,2,17523,25.287
19078,59342,delta,4,0,0,14360,25.2828
19079,56014,delta,4,0,0,11032,25.2736
19080,109016,delta,4,1,3,19052,25.2732
19081,92855,delta,4,1,2,17885,25.2547
19082,89411,delta,4,1,2,14441,25.2491
19083,59308,delta,4,0,0,14326,25.2183
19084,59070,delta,4,0,0,14088,25.2125
19085,56685,delta,4,0,0,11703,25.2079
19086,58001,delta,4,0,0,13019,25.1996
19087,94307,delta,4,1,2,19337,25.1969
19088,107811,delta,4,1,3,17847,25.1934
19089,57140,delta,4,0,0,12158,25.1918
19090,108192,delta,4,1,3,18228,25.1908
19091,56025,delta,4,0,0,11043,25.1869
19092,94021,delta,4,1,2,19051,25.1734
19093,60238,delta,4,0,0,15256,25.1701
19094,79376,delta,4,0,1,19400,25.1683
19095,58246,delta,4,0,0,13264,25.1513
19096,93129,delta,4,1,2,18159,25.1511
19097,90346,delta,4,1,2,15376,25.1511
19098,69011,delta,4,0,1,9035,25.1468
19099,61789,delta,4,0,0,16807,25.1394
19100,56235,delta,4,0,0,11253,25.1392
19101,93529,delta,4,1,2,18559,25.1331
19102,58411,delta,4,0,0,13429,25.1293
19103,91305,delta,4,1,2,16335,25.1039
19104,108424,delta,4,1,3,18460,25.0997
19105,73355,delta,4,0,1,13379,25.0879
19106,61096,delta,4,0,0,16114,25.0606
19107,55349,delta,4,0,0,10367,25.0587
19108,58143,delta,4,0,0,13161,25.0547
19109,57810,delta,4,0,0,12828,25.0545
19110,55182,delta,4,0,0,10200,25.037
19111,51414,delta,4,0,0,6432,25.0276
19112,92585,delta,4,1,2,17615,25.016
19113,56628,delta,4,0,0,11646,24.9981
19114,107651,delta,4,1,3,17687,24.9965
19115,60326,delta,4,0,0,15344,24.9962
19116,77588,delta,4,0,1,17612,24.9961
19117,54525,delta,4,0,0,9543,24.9951
19118,55074,delta,4,0,0,10092,24.9926
19119,78210,delta,4,0,1,18234,24.9857
19120,70178,delta,4,0,1,10202,24.975
19121,89275,delta,4,1,2,14305,24.9714
19122,91886,delta,4,1,2,16916,24.9673
19123,54318,delta,4,0,0,9336,24.9635
19124,54732,delta,4,0,0,9750,24.9607
19125,71397,delta,4,0,1,11421,24.9591
19126,70804,delta,4,0,1,10828,24.9569
19127,93132,delta,4,1,2,18162,24.9459
19128,92699,delta,4,1,2,17729,24.9455
19129,60321,delta,4,0,0,15339,24.9433
19130,54740,delta,4,0,0,9758,24.9201
19131,90467,delta,4,1,2,15497,24.9196
19132,72729,delta,4,0,1,12753,24.9191
19133,54533,delta,4,0,0,9551,24.9176
19134,60853,delta,4,0,0,15871,24.9155
19135,79538,delta,4,0,1,19562,24.9072
19136,75914,delta,4,0,1,15938,24.9065
19137,73373,delta,4,0,1,13397,24.9001
19138,61792,delta,4,0,0,16810,24.8907
19139,56467,delta,4,0,0,11485,24.888
19140,78262,delta,4,0,1,18286,24.8863
19141,77591,delta,4,0,1,17615,24.885
19142,72038,delta,4,0,1,12062,24.8663
19143,94116,delta,4,1,2,19146,24.8514
19144,56658,delta,4,0,0,11676,24.8438
19145,55187,delta,4,0,0,10205,24.8404
19146,60331,delta,4,0,0,15349,24.8339
19147,59073,delta,4,0,0,14091,24.8038
19148,68637,delta,4,0,1,8661,24.8028
19149,59602,delta,4,0,0,14620,24.802
19150,78249,delta,4,0,1,18273,24.7929
19151,59091,delta,4,0,0,14109,24.7872
19152,70168,delta,4,0,1,10192,24.7845
19153,74596,delta,4,0,1,14620,24.7841
19154,57560,delta,4,0,0,12578,24.7756
19155,78799,delta,4,0,1,18823,24.7613
19156,58633,delta,4,0,0,13651,24.7595
19157,59169,delta,4,0,0,14187,24.7582
19158,52569,delta,4,0,0,7587,24.7521
19159,56679,delta,4,0,0,11697,24.751
19160,51501,delta,4,0,0,6519,24.7324
19161,105901,delta,4,1,3,15937,24.7194
19162,57738,delta,4,0,0,12756,24.718
19163,76981,delta,4,0,1,17005,24.7107
19164,51506,delta,4,0,0,6524,24.7092
19165,72194,delta,4,0,1,12218,24.7012
19166,90313,delta,4,1,2,15343,24.7009
19167,52216,delta,4,0,0,7234,24.6997
19168,78146,delta,4,0,1,18170,24.6846
19169,108720,delta,4,1,3,18756,24.679
19170,91975,delta,4,1,2,17005,24.6787
19171,57318,delta,4,0,0,12336,24.6708
19172,93964,delta,4,1,2,18994,24.6533
19173,70687,delta,4,0,1,10711,24.6408
19174,57065,delta,4,0,0,12083,24.6343
19175,79248,delta,4,0,1,19272,24.6309
19176,71386,delta,4,0,1,11410,24.626
19177,73106,delta,4,0,1,13130,24.622
19178,107809,delta,4,1,3,17845,24.6217
19179,53738,delta,4,0,0,8756,24.6159
19180,74067,delta,4,0,1,14091,24.614
19181,72067,delta,4,0,1,12091,24.6082
19182,91032,delta,4,1,2,16062,24.6068
19183,51493,delta,4,0,0,6511,24.5914
19184,78844,delta,4,0,1,18868,24.571
19185,62970,delta,4,0,0,17988,24.5694
19186,92047,delta,4,1,2,17077,24.5585
19187,91441,delta,4,1,2,16471,24.5545
19188,89914,delta,4,1,2,14944,24.5468
19189,70438,delta,4,0,1,10462,24.5344
19190,52650,delta,4,0,0,7668,24.5273
19191,73415,delta,4,0,1,13439,24.5235
19192,70068,delta,4,0,1,10092,24.5214
19193,56640,delta,4,0,0,11658,24.5184
19194,94612,delta,4,1,2,19642,24.5177
19195,70559,delta,4,0,1,10583,24.5143
19196,92786,delta,4,1,2,17816,24.5139
19197,55714,delta,4,0,0,10732,24.5006
19198,56653,delta,4,0,0,11671,24.4909
19199,55701,delta,4,0,0,10719,24.4844
19200,91524,delta,4,1,2,16554,24.4828
19201,53494,delta,4,0,0,8512,24.4683
19202,55978,delta,4,0,0,10996,24.4637
19203,72051,delta,4,0,1,12075,24.4552
19204,55171,delta,4,0,0,10189,24.4541
19205,58398,delta,4,0,0,13416,24.4501
19206,75315,delta,4,0,1,15339,24.4355
19207,55696,delta,4,0,0,10714,24.4301
19208,93961,delta,4,1,2,18991,24.4071
19209,105241,delta,4,1,3,15277,24.3929
19210,89912,delta,4,1,2,14942,24.3914
19211,70843,delta,4,0,1,10867,24.3883
19212,58493,delta,4,0,0,13511,24.3881
19213,72656,delta,4,0,1,12680,24.3859
19214,92804,delta,4,1,2,17834,24.3846
19215,77074,delta,4,0,1,17098,24.3833
19216,60856,delta,4,0,0,15874,24.3763
19217,58332,delta,4,0,0,13350,24.3583
19218,108082,delta,4,1,3,18118,24.3462
19219,63211,delta,4,0,0,18229,24.3245
19220,56989,delta,4,0,0,12007,24.3242
19221,90343,delta,4,1,2,15373,24.3027
19222,52224,delta,4,0,0,7242,24.298
19223,57815,delta,4,0,0,12833,24.2973
19224,57831,delta,4,0,0,12849,24.2965
19225,107593,delta,4,1,3,17629,24.2895
19226,56530,delta,4,0,0,11548,24.279
19227,53072,delta,4,0,0,8090,24.2699
19228,62672,delta,4,0,0,17690,24.2685
19229,89665,delta,4,1,2,14695,24.2684
19230,108676,delta,4,1,3,18712,24.2553
19231,57150,delta,4,0,0,12168,24.2502
19232,73430,delta,4,0,1,13454,24.246
19233,57478,delta,4,0,0,12496,24.2437
19234,57070,delta,4,0,0,12088,24.2394
19235,72740,delta,4,0,1,12764,24.235
19236,59295,delta,4,0,0,14313,24.2336
19237,56514,delta,4,0,0,11532,24.2323
19238,93823,delta,4,1,2,18853,24.2266
19239,54352,delta,4,0,0,9370,24.2254
19240,58259,delta,4,0,0,13277,24.2254
19241,104667,delta,4,1,3,14703,24.2044
19242,72812,delta,4,0,1,12836,24.2033
19243,105298,delta,4,1,3,15334,24.2018
19244,77056,delta,4,0,1,17080,24.1884
19245,92005,delta,4,1,2,17035,24.1811
19246,55124,delta,4,0,0,10142,24.1804
19247,62062,delta,4,0,0,17080,24.1697
19248,91527,delta,4,1,2,16557,24.169
19249,56219,delta,4,0,0,11237,24.1648
19250,57350,delta,4,0,0,12368,24.1614
19251,72724,delta,4,0,1,12748,24.1573
19252,54255,delta,4,0,0,9273,24.1545
19253,56217,delta,4,0,0,11235,24.1446
19254,54745,delta,4,0,0,9763,24.1327
19255,58648,delta,4,0,0,13666,24.1293
19256,71965,delta,4,0,1,11989,24.1137
19257,79251,delta,4,0,1,19275,24.1082
19258,79509,delta,4,0,1,19533,24.1042
19259,56397,delta,4,0,0,11415,24.0977
19260,108091,delta,4,1,3,18127,24.0967
19261,71399,delta,4,0,1,11423,24.092
19262,55297,delta,4,0,0,10315,24.0855
19263,77624,delta,4,0,1,17648,24.0823
19264,69522,delta,4,0,1,9546,24.0806
19265,105879,delta,4,1,3,15915,24.079
19266,108525,delta,4,1,3,18561,24.0753
19267,61795,delta,4,0,0,16813,24.0735
19268,57816,delta,4,0,0,12834,24.0698
19269,94173,delta,4,1,2,19203,24.0635
19270,57983,delta,4,0,0,13001,24.062
19271,75357,delta,4,0,1,15381,24.0571
19272,72142,delta,4,0,1,12166,24.0498
19273,52684,delta,4,0,0,7702,24.0414
19274,67770,delta,4,0,1,7794,24.0271
19275,57305,delta,4,0,0,12323,24.0181
19276,73663,delta,4,0,1,13687,24.018
19277,107472,delta,4,1,3,17508,24.0028
19278,109157,delta,4,1,3,19193,24.0002
19279,57290,delta,4,0,0,12308,23.9897
19280,88689,delta,4,1,2,13719,23.989
19281,107547,delta,4,1,3,17583,23.9814
19282,93994,delta,4,1,2,19024,23.978
19283,60835,delta,4,0,0,15853,23.9699
19284,76495,delta,4,0,1,16519,23.9681
19285,74659,delta,4,0,1,14683,23.9673
19286,75283,delta,4,0,1,15307,23.9672
19287,55007,delta,4,0,0,10025,23.9543
19288,104182,delta,4,1,3,14218,23.9502
19289,104722,delta,4,1,3,14758,23.9476
19290,69346,delta,4,0,1,9370,23.9432
19291,72982,delta,4,0,1,13006,23.9392
19292,58703,delta,4,0,0,13721,23.9386
19293,92655,delta,4,1,2,17685,23.9356
19294,68483,delta,4,0,1,8507,23.9332
19295,59290,delta,4,0,0,14308,23.9306
19296,59667,delta,4,0,0,14685,23.9229
19297,106927,delta,4,1,3,16963,23.9204
19298,51498,delta,4,0,0,6516,23.9183
19299,89773,delta,4,1,2,14803,23.9142
19300,92373,delta,4,1,2,17403,23.9114
19301,93183,delta,4,1,2,18213,23.9049
19302,89328,delta,4,1,2,14358,23.9048
19303,56363,delta,4,0,0,11381,23.9042
19304,58527,delta,4,0,0,13545,23.9001
19305,109526,delta,4,1,3,19562,23.8974
19306,108681,delta,4,1,3,18717,23.8894
19307,90656,delta,4,1,2,15686,23.8881
19308,77007,delta,4,0,1,17031,23.8872
19309,90724,delta,4,1,2,15754,23.88
19310,91912,delta,4,1,2,16942,23.8732
19311,79942,delta,4,0,1,19966,23.8641
19312,68992,delta,4,0,1,9016,23.8627
19313,105301,delta,4,1,3,15337,23.8497
19314,76400,delta,4,0,1,16424,23.8482
19315,59065,delta,4,0,0,14083,23.8448
19316,74669,delta,4,0,1,14693,23.842
19317,94263,delta,4,1,2,19293,23.8244
19318,71689,delta,4,0,1,11713,23.8151
19319,104143,delta,4,1,3,14179,23.815
19320,92802,delta,4,1,2,17832,23.8045
19321,59272,delta,4,0,0,14290,23.7979
19322,57870,delta,4,0,0,12888,23.7964
19323,78252,delta,4,0,1,18276,23.7953
19324,67733,delta,4,0,1,7757,23.794
19325,94176,delta,4,1,2,19206,23.7938
19326,108173,delta,4,1,3,18209,23.7931
19327,91629,delta,4,1,2,16659,23.7928
19328,90246,delta,4,1,2,15276,23.7923
19329,92364,delta,4,1,2,17394,23.7732
19330,53836,delta,4,0,0,8854,23.7645
19331,55295,delta,4,0,0,10313,23.7633
19332,67519,delta,4,0,1,7543,23.756
19333,109372,delta,4,1,3,19408,23.7439
19334,105681,delta,4,1,3,15717,23.7428
19335,71376,delta,4,0,1,11400,23.742
19336,78218,delta,4,0,1,18242,23.7399
19337,93165,delta,4,1,2,18195,23.7364
19338,57355,delta,4,0,0,12373,23.7282
19339,52744,delta,4,0,0,7762,23.7247
19340,68645,delta,4,0,1,8669,23.7201
19341,60843,delta,4,0,0,15861,23.7192
19342,70543,delta,4,0,1,10567,23.7179
19343,76532,delta,4,0,1,16556,23.7166
19344,67652,delta,4,0,1,7676,23.7112
19345,56117,delta,4,0,0,11135,23.6994
19346,57771,delta,4,0,0,12789,23.6988
19347,69312,delta,4,0,1,9336,23.6912
19348,90348,delta,4,1,2,15378,23.6904
19349,53224,delta,4,0,0,8242,23.6879
19350,55036,delta,4,0,0,10054,23.6833
19351,68724,delta,4,0,1,8748,23.6726
19352,52363,delta,4,0,0,7381,23.6675
19353,56485,delta,4,0,0,11503,23.665
19354,56787,delta,4,0,0,11805,23.6589
19355,71779,delta,4,0,1,11803,23.6549
19356,78141,delta,4,0,1,18165,23.6531
19357,93245,delta,4,1,2,18275,23.653
19358,108679,delta,4,1,3,18715,23.6473
19359,58656,delta,4,0,0,13674,23.6454
19360,70118,delta,4,0,1,10142,23.6174
19361,51406,delta,4,0,0,6424,23.6154
19362,70291,delta,4,0,1,10315,23.6107
19363,62500,delta,4,0,0,17518,23.6012
19364,56012,delta,4,0,0,11030,23.5949
19365,105345,delta,4,1,3,15381,23.5939
19366,70030,delta,4,0,1,10054,23.5931
19367,53489,delta,4,0,0,8507,23.5918
19368,59336,delta,4,0,0,14354,23.5891
19369,58659,delta,4,0,0,13677,23.5822
19370,55805,delta,4,0,0,10823,23.5803
19371,60020,delta,4,0,0,15038,23.5738
19372,108234,delta,4,1,3,18270,23.5709
19373,55279,delta,4,0,0,10297,23.5683
19374,55300,delta,4,0,0,10318,23.5592
19375,70001,delta,4,0,1,10025,23.5584
19376,106406,delta,4,1,3,16442,23.5573
19377,60023,delta,4,0,0,15041,23.5545
19378,91826,delta,4,1,2,16856,23.5428
19379,52512,delta,4,0,0,7530,23.5358
19380,106388,delta,4,1,3,16424,23.5358
19381,72977,delta,4,0,1,13001,23.5335
19382,60363,delta,4,0,0,15381,23.5129
19383,59285,delta,4,0,0,14303,23.5098
19384,70961,delta,4,0,1,10985,23.5003
19385,94892,delta,4,1,2,19922,23.485
19386,69000,delta,4,0,1,9024,23.4834
19387,52561,delta,4,0,0,7579,23.4792
19388,69029,delta,4,0,1,9053,23.4789
19389,56798,delta,4,0,0,11816,23.4689
19390,66733,delta,4,0,1,6757,23.4676
19391,91440,delta,4,1,2,16470,23.4658
19392,52525,delta,4,0,0,7543,23.4619
19393,58716,delta,4,0,0,13734,23.4596
19394,57148,delta,4,0,0,12166,23.4585
19395,92205,delta,4,1,2,17235,23.4563
19396,57813,delta,4,0,0,12831,23.4511
19397,59300,delta,4,0,0,14318,23.4504
19398,104724,delta,4,1,3,14760,23.4495
19399,63770,delta,4,0,0,18788,23.4416
19400,59076,delta,4,0,0,14094,23.4395
19401,56400,delta,4,0,0,11418,23.4395
19402,70640,delta,4,0,1,10664,23.4383
19403,91623,delta,4,1,2,16653,23.4338
19404,108752,delta,4,1,3,18788,23.4335
19405,57766,delta,4,0,0,12784,23.4277
19406,52739,delta,4,0,0,7757,23.4205
19407,74078,delta,4,0,1,14102,23.4092
19408,90217,delta,4,1,2,15247,23.4004
19409,72706,delta,4,0,1,12730,23.3955
19410,91464,delta,4,1,2,16494,23.3884
19411,70791,delta,4,0,1,10815,23.3869
19412,57370,delta,4,0,0,12388,23.3835
19413,72362,delta,4,0,1,12386,23.3817
19414,53730,delta,4,0,0,8748,23.3754
19415,54263,delta,4,0,0,9281,23.371
19416,106998,delta,4,1,3,17034,23.36
19417,59920,delta,4,0,0,14938,23.3579
19418,72567,delta,4,0,1,12591,23.3578
19419,53643,delta,4,0,0,8661,23.3552
19420,53219,delta,4,0,0,8237,23.3484
19421,105683,delta,4,1,3,15719,23.3471
19422,71461,delta,4,0,1,11485,23.3449
19423,68760,delta,4,0,1,8784,23.3386
19424,56890,delta,4,0,0,11908,23.3361
19425,106968,delta,4,1,3,17004,23.3349
19426,55166,delta,4,0,0,10184,23.3315
19427,59148,delta,4,0,0,14166,23.3303
19428,73027,delta,4,0,1,13051,23.3264
19429,53930,delta,4,0,0,8948,23.3264
19430,67982,delta,4,0,1,8006,23.3233
19431,74080,delta,4,0,1,14104,23.3058
19432,58025,delta,4,0,0,13043,23.2897
19433,72810,delta,4,0,1,12834,23.2876
19434,105361,delta,4,1,3,15397,23.2875
19435,75245,delta,4,0,1,15269,23.2842
19436,70567,delta,4,0,1,10591,23.2785
19437,92943,delta,4,1,2,17973,23.2755
19438,78157,delta,4,0,1,18181,23.2669
19439,72987,delta,4,0,1,13011,23.264
19440,52376,delta,4,0,0,7394,23.262
19441,53651,delta,4,0,0,8669,23.2617
19442,58230,delta,4,0,0,13248,23.2593
19443,71907,delta,4,0,1,11931,23.2567
19444,58480,delta,4,0,0,13498,23.2491
19445,60617,delta,4,0,0,15635,23.2428
19446,91424,delta,4,1,2,16454,23.2427
19447,68784,delta,4,0,1,8808,23.2373
19448,57667,delta,4,0,0,12685,23.2343
19449,67563,delta,4,0,1,7587,23.2104
19450,55651,delta,4,0,0,10669,23.2009
19451,61483,delta,4,0,0,16501,23.1956
19452,76464,delta,4,0,1,16488,23.1895
19453,108418,delta,4,1,3,18454,23.1824
19454,74163,delta,4,0,1,14187,23.1696
19455,69084,delta,4,0,1,9108,23.1674
19456,70294,delta,4,0,1,10318,23.1624
19457,59647,delta,4,0,0,14665,23.1576
19458,75845,delta,4,0,1,15869,23.1561
19459,55282,delta,4,0,0,10300,23.1551
19460,109928,delta,4,1,3,19964,23.1544
19461,108671,delta,4,1,3,18707,23.1507
19462,51739,delta,4,0,0,6757,23.1442
19463,105876,delta,4,1,3,15912,23.1412
19464,78470,delta,4,0,1,18494,23.1394
19465,70012,delta,4,0,1,10036,23.132
19466,91280,delta,4,1,2,16310,23.13
19467,58664,delta,4,0,0,13682,23.1235
19468,59334,delta,4,0,0,14352,23.1118
19469,59195,delta,4,0,0,14213,23.1079
19470,91954,delta,4,1,2,16984,23.1031
19471,92495,delta,4,1,2,17525,23.101
19472,56405,delta,4,0,0,11423,23.0887
19473,54981,delta,4,0,0,9999,23.0875
19474,54258,delta,4,0,0,9276,23.0868
19475,93723,delta,4,1,2,18753,23.0824
19476,57988,delta,4,0,0,13006,23.0822
19477,108771,delta,4,1,3,18807,23.0777
19478,66408,delta,4,0,1,6432,23.0751
19479,91613,delta,4,1,2,16643,23.0702
19480,57277,delta,4,0,0,12295,23.0642
19481,93577,delta,4,1,2,18607,23.0556
19482,53790,delta,4,0,0,8808,23.0486
19483,51323,delta,4,0,0,6341,23.0441
19484,73991,delta,4,0,1,14015,23.0339
19485,93650,delta,4,1,2,18680,23.0292
19486,57654,delta,4,0,0,12672,23.0214
19487,57331,delta,4,0,0,12349,23.0199
19488,59079,delta,4,0,0,14097,23.0158
19489,107577,delta,4,1,3,17613,23.0088
19490,56358,delta,4,0,0,11376,23.0087
19491,54326,delta,4,0,0,9344,23.002
19492,90704,delta,4,1,2,15734,22.9865
19493,79167,delta,4,0,1,19191,22.9857
19494,59633,delta,4,0,0,14651,22.9794
19495,56684,delta,4,0,0,11702,22.9777
19496,58256,delta,4,0,0,13274,22.9771
19497,93182,delta,4,1,2,18212,22.9716
19498,59075,delta,4,0,0,14093,22.9627
19499,54973,delta,4,0,0,9991,22.9609
19500,57826,delta,4,0,0,12844,22.955
19501,106633,delta,4,1,3,16669,22.9512
19502,58130,delta,4,0,0,13148,22.9509
19503,108718,delta,4,1,3,18754,22.9316
19504,52679,delta,4,0,0,7697,22.9247
19505,53761,delta,4,0,0,8779,22.9244
19506,58043,delta,4,0,0,13061,22.9208
19507,54229,delta,4,0,0,9247,22.907
19508,73642,delta,4,0,1,13666,22.9053
19509,90450,delta,4,1,2,15480,22.9042
19510,55044,delta,4,0,0,10062,22.8979
19511,89726,delta,4,1,2,14756,22.8973
19512,74097,delta,4,0,1,14121,22.8903
19513,54347,delta,4,0,0,9365,22.8898
19514,70212,delta,4,0,1,10236,22.8858
19515,53648,delta,4,0,0,8666,22.8842
19516,108171,delta,4,1,3,18207,22.882
19517,109498,delta,4,1,3,19534,22.8814
19518,64367,delta,4,0,0,19385,22.879
19519,71208,delta,4,0,1,11232,22.8771
19520,55344,delta,4,0,0,10362,22.8707
19521,90349,delta,4,1,2,15379,22.8647
19522,77085,delta,4,0,1,17109,22.8613
19523,55727,delta,4,0,0,10745,22.8567
19524,75161,delta,4,0,1,15185,22.8518
19525,75201,delta,4,0,1,15225,22.8517
19526,67210,delta,4,0,1,7234,22.8482
19527,79898,delta,4,0,1,19922,22.8464
19528,52182,delta,4,0,0,7200,22.8461
19529,92569,delta,4,1,2,17599,22.8448
19530,73443,delta,4,0,1,13467,22.8412
19531,107013,delta,4,1,3,17049,22.8302
19532,90453,delta,4,1,2,15483,22.8296
19533,60599,delta,4,0,0,15617,22.8286
19534,71213,delta,4,0,1,11237,22.8235
19535,93551,delta,4,1,2,18581,22.8205
19536,54224,delta,4,0,0,9242,22.8156
19537,74741,delta,4,0,1,14765,22.8072
19538,106843,delta,4,1,3,16879,22.8034
19539,107612,delta,4,1,3,17648,22.7993
19540,94529,delta,4,1,2,19559,22.7986
19541,56098,delta,4,0,0,11116,22.798
19542,109322,delta,4,1,3,19358,22.7929
19543,58133,delta,4,0,0,13151,22.7929
19544,93452,delta,4,1,2,18482,22.7928
19545,52002,delta,4,0,0,7020,22.7913
19546,54892,delta,4,0,0,9910,22.7858
19547,72762,delta,4,0,1,12786,22.783
19548,54536,delta,4,0,0,9554,22.783
19549,65655,delta,4,0,1,5679,22.7739
19550,58338,delta,4,0,0,13356,22.7682
19551,67644,delta,4,0,1,7668,22.7629
19552,75867,delta,4,0,1,15891,22.762
19553,108056,delta,4,1,3,18092,22.7518
19554,58030,delta,4,0,0,13048,22.7485
19555,67176,delta,4,0,1,7200,22.748
19556,92694,delta,4,1,2,17724,22.7458
19557,56017,delta,4,0,0,11035,22.7455
19558,59439,delta,4,0,0,14457,22.7425
19559,59429,delta,4,0,0,14447,22.7405
19560,68732,delta,4,0,1,8756,22.7393
19561,55185,delta,4,0,0,10203,22.7383
19562,94316,delta,4,1,2,19346,22.7314
19563,52371,delta,4,0,0,7389,22.7297
19564,59424,delta,4,0,0,14442,22.7246
19565,56051,delta,4,0,0,11069,22.7208
19566,52988,delta,4,0,0,8006,22.7157
19567,55967,delta,4,0,0,10985,22.7148
19568,71313,delta,4,0,1,11337,22.7086
19569,56687,delta,4,0,0,11705,22.7008
19570,58790,delta,4,0,0,13808,22.6989
19571,61940,delta,4,0,0,16958,22.6973
19572,55520,delta,4,0,0,10538,22.6949
19573,56997,delta,4,0,0,12015,22.6946
19574,55454,delta,4,0,0,10472,22.6932
19575,70038,delta,4,0,1,10062,22.692
19576,73410,delta,4,0,1,13434,22.6899
19577,94355,delta,4,1,2,19385,22.6856
19578,62106,delta,4,0,0,17124,22.6644
19579,62220,delta,4,0,0,17238,22.659
19580,59878,delta,4,0,0,14896,22.6553
19581,70043,delta,4,0,1,10067,22.6547
19582,71401,delta,4,0,1,11425,22.6407
19583,71008,delta,4,0,1,11032,22.6372
19584,64257,delta,4,0,0,19275,22.6361
19585,109154,delta,4,1,3,19190,22.6326
19586,59869,delta,4,0,0,14887,22.6326
19587,58141,delta,4,0,0,13159,22.6314
19588,74294,delta,4,0,1,14318,22.6313
19589,54025,delta,4,0,0,9043,22.621
19590,107212,delta,4,1,3,17248,22.6208
19591,57730,delta,4,0,0,12748,22.6141
19592,55752,delta,4,0,0,10770,22.6134
19593,56135,delta,4,0,0,11153,22.6039
19594,88618,delta,4,1,2,13648,22.5998
19595,72580,delta,4,0,1,12604,22.5935
19596,68935,delta,4,0,1,8959,22.5879
19597,70420,delta,4,0,1,10444,22.5867
19598,58376,delta,4,0,0,13394,22.5862
19599,109846,delta,4,1,3,19882,22.5851
19600,93881,delta,4,1,2,18911,22.5796
19601,107032,delta,4,1,3,17068,22.5715
19602,59652,delta,4,0,0,14670,22.5698
19603,57481,delta,4,0,0,12499,22.5672
19604,72554,delta,4,0,1,12578,22.5622
19605,59161,delta,4,0,0,14179,22.5518
19606,51443,delta,4,0,0,6461,22.5474
19607,58418,delta,4,0,0,13436,22.5464
19608,108678,delta,4,1,3,18714,22.544
19609,66822,delta,4,0,1,6846,22.5394
19610,73376,delta,4,0,1,13400,22.5385
19611,55568,delta,4,0,0,10586,22.5292
19612,91765,delta,4,1,2,16795,22.5193
19613,78221,delta,4,0,1,18245,22.5188
19614,69988,delta,4,0,1,10012,22.5111
19615,92237,delta,4,1,2,17267,22.5058
19616,62080,delta,4,0,0,17098,22.5056
19617,55015,delta,4,0,0,10033,22.5006
19618,58128,delta,4,0,0,13146,22.5006
19619,79319,delta,4,0,1,19343,22.4941
19620,108147,delta,4,1,3,18183,22.4941
19621,90509,delta,4,1,2,15539,22.4899
19622,71229,delta,4,0,1,11253,22.4871
19623,105848,delta,4,1,3,15884,22.4853
19624,106455,delta,4,1,3,16491,22.484
19625,61454,delta,4,0,0,16472,22.4807
19626,74049,delta,4,0,1,14073,22.4792
19627,53798,delta,4,0,0,8816,22.4767
19628,67357,delta,4,0,1,7381,22.4758
19629,79361,delta,4,0,1,19385,22.473
19630,108770,delta,4,1,3,18806,22.4711
19631,60889,delta,4,0,0,15907,22.4697
19632,64033,delta,4,0,0,19051,22.4691
19633,90906,delta,4,1,2,15936,22.4685
19634,108426,delta,4,1,3,18462,22.468
19635,69218,delta,4,0,1,9242,22.4678
19636,68441,delta,4,0,1,8465,22.4674
19637,76984,delta,4,0,1,17008,22.4668
19638,59345,delta,4,0,0,14363,22.464
19639,52190,delta,4,0,0,7208,22.4589
19640,89771,delta,4,1,2,14801,22.4559
19641,70433,delta,4,0,1,10457,22.445
19642,53638,delta,4,0,0,8656,22.4385
19643,93155,delta,4,1,2,18185,22.4357
19644,70799,delta,4,0,1,10823,22.4303
19645,75829,delta,4,0,1,15853,22.4242
19646,53698,delta,4,0,0,8716,22.424
19647,52980,delta,4,0,0,7998,22.4176
19648,62965,delta,4,0,0,17983,22.4103
19649,56625,delta,4,0,0,11643,22.4024
19650,67365,delta,4,0,1,7389,22.402
19651,106471,delta,4,1,3,16507,22.4
19652,56695,delta,4,0,0,11713,22.3969
19653,94724,delta,4,1,2,19754,22.3942
19654,56480,delta,4,0,0,11498,22.3783
19655,89416,delta,4,1,2,14446,22.3768
19656,57381,delta,4,0,0,12399,22.3766
19657,68642,delta,4,0,1,8666,22.3657
19658,57565,delta,4,0,0,12583,22.3656
19659,90288,delta,4,1,2,15318,22.3636
19660,57743,delta,4,0,0,12761,22.3625
19661,59081,delta,4,0,0,14099,22.3587
19662,106958,delta,4,1,3,16994,22.3579
19663,72025,delta,4,0,1,12049,22.3567
19664,55090,delta,4,0,0,10108,22.3514
19665,105835,delta,4,1,3,15871,22.3446
19666,108830,delta,4,1,3,18866,22.3443
19667,59305,delta,4,0,0,14323,22.331
19668,70956,delta,4,0,1,10980,22.3274
19669,51294,delta,4,0,0,6312,22.3206
19670,107011,delta,4,1,3,17047,22.3205
19671,54947,delta,4,0,0,9965,22.3204
19672,106403,delta,4,1,3,16439,22.3192
19673,56245,delta,4,0,0,11263,22.319
19674,70635,delta,4,0,1,10659,22.3118
19675,51828,delta,4,0,0,6846,22.2949
19676,56311,delta,4,0,0,11329,22.2898
19677,60033,delta,4,0,0,15051,22.2888
19678,105337,delta,4,1,3,15373,22.2881
19679,68066,delta,4,0,1,8090,22.2832
19680,72719,delta,4,0,1,12743,22.2822
19681,72181,delta,4,0,1,12205,22.2816
19682,53766,delta,4,0,0,8784,22.2686
19683,52337,delta,4,0,0,7355,22.2668
19684,57057,delta,4,0,0,12075,22.2651
19685,67370,delta,4,0,1,7394,22.264
19686,91197,delta,4,1,2,16227,22.2575
19687,57484,delta,4,0,0,12502,22.2534
19688,56525,delta,4,0,0,11543,22.2418
19689,90966,delta,4,1,2,15996,22.2416
19690,91992,delta,4,1,2,17022,22.2372
19691,76379,delta,4,0,1,16403,22.2344
19692,75320,delta,4,0,1,15344,22.2227
19693,62677,delta,4,0,0,17695,22.2156
19694,61499,delta,4,0,0,16517,22.2151
19695,62635,delta,4,0,0,17653,22.2115
19696,91831,delta,4,1,2,16861,22.2017
19697,57080,delta,4,0,0,12098,22.1954
19698,55119,delta,4,0,0,10137,22.1896
19699,67741,delta,4,0,1,7765,22.1878
19700,77061,delta,4,0,1,17085,22.1843
19701,57458,delta,4,0,0,12476,22.1812
19702,57075,delta,4,0,0,12093,22.1791
19703,57161,delta,4,0,0,12179,22.1721
19704,52015,delta,4,0,0,7033,22.1706
19705,92773,delta,4,1,2,17803,22.1677
19706,91684,delta,4,1,2,16714,22.1665
19707,77576,delta,4,0,1,17600,22.1637
19708,52658,delta,4,0,0,7676,22.1636
19709,107477,delta,4,1,3,17513,22.1574
19710,60183,delta,4,0,0,15201,22.1564
19711,74757,delta,4,0,1,14781,22.1524
19712,93695,delta,4,1,2,18725,22.1522
19713,63204,delta,4,0,0,18222,22.1504
19714,58636,delta,4,0,0,13654,22.1424
19715,72854,delta,4,0,1,12878,22.1416
19716,92030,delta,4,1,2,17060,22.1368
19717,108756,delta,4,1,3,18792,22.1309
19718,91915,delta,4,1,2,16945,22.1282
19719,107542,delta,4,1,3,17578,22.1268
19720,75909,delta,4,0,1,15933,22.1222
19721,67678,delta,4,0,1,7702,22.1204
19722,90592,delta,4,1,2,15622,22.1173
19723,56360,delta,4,0,0,11378,22.1172
19724,70113,delta,4,0,1,10137,22.1169
19725,105303,delta,4,1,3,15339,22.1138
19726,107035,delta,4,1,3,17071,22.1131
19727,56120,delta,4,0,0,11138,22.1094
19728,66791,delta,4,0,1,6815,22.1065
19729,57768,delta,4,0,0,12786,22.1037
19730,76397,delta,4,0,1,16421,22.1017
19731,108987,delta,4,1,3,19023,22.0955
19732,59190,delta,4,0,0,14208,22.0878
19733,59010,delta,4,0,0,14028,22.0851
19734,68830,delta,4,0,1,8854,22.0783
19735,55184,delta,4,0,0,10202,22.0722
19736,57483,delta,4,0,0,12501,22.0716
19737,69891,delta,4,0,1,9915,22.069
19738,90739,delta,4,1,2,15769,22.0674
19739,66495,delta,4,0,1,6519,22.0634
19740,92702,delta,4,1,2,17732,22.0634
19741,92375,delta,4,1,2,17405,22.0632
19742,90969,delta,4,1,2,15999,22.0606
19743,78766,delta,4,0,1,18790,22.0586
19744,74664,delta,4,0,1,14688,22.0557
19745,106039,delta,4,1,3,16075,22.0413
19746,52776,delta,4,0,0,7794,22.0402
19747,59050,delta,4,0,0,14068,22.0376
19748,69320,delta,4,0,1,9344,22.0354
19749,77551,delta,4,0,1,17575,22.0352
19750,60259,delta,4,0,0,15277,22.0334
19751,56101,delta,4,0,0,11119,22.0323
19752,71119,delta,4,0,1,11143,22.0244
19753,66403,delta,4,0,1,6427,22.0218
19754,92401,delta,4,1,2,17431,22.0192
19755,93826,delta,4,1,2,18856,22.0126
19756,55523,delta,4,0,0,10541,22.0108
19757,71111,delta,4,0,1,11135,22.0054
19758,60274,delta,4,0,0,15292,21.9968
19759,56945,delta,4,0,0,11963,21.9904
19760,62013,delta,4,0,0,17031,21.9899
19761,60602,delta,4,0,0,15620,21.988
19762,108463,delta,4,1,3,18499,21.9833
19763,63147,delta,4,0,0,18165,21.9798
19764,58639,delta,4,0,0,13657,21.9787
19765,74627,delta,4,0,1,14651,21.9761
19766,52687,delta,4,0,0,7705,21.9672
19767,94548,delta,4,1,2,19578,21.9528
19768,58046,delta,4,0,0,13064,21.9493
19769,50981,delta,4,0,0,5999,21.9478
19770,59928,delta,4,0,0,14946,21.9443
19771,69066,delta,4,0,1,9090,21.9418
19772,94240,delta,4,1,2,19270,21.9401
19773,72033,delta,4,0,1,12057,21.9366
19774,108766,delta,4,1,3,18802,21.9354
19775,54234,delta,4,0,0,9252,21.9349
19776,62032,delta,4,0,0,17050,21.9347
19777,93582,delta,4,1,2,18612,21.9287
19778,77642,delta,4,0,1,17666,21.9279
19779,70183,delta,4,0,1,10207,21.9256
19780,56475,delta,4,0,0,11493,21.9218
19781,72864,delta,4,0,1,12888,21.9182
19782,66487,delta,4,0,1,6511,21.9096
19783,62029,delta,4,0,0,17047,21.9048
19784,53962,delta,4,0,0,8980,21.9043
19785,63152,delta,4,0,0,18170,21.895
19786,93177,delta,4,1,2,18207,21.8941
19787,92261,delta,4,1,2,17291,21.89
19788,50661,delta,4,0,0,5679,21.8896
19789,54313,delta,4,0,0,9331,21.8863
19790,59883,delta,4,0,0,14901,21.8824
19791,91016,delta,4,1,2,16046,21.8821
19792,55734,delta,4,0,0,10752,21.8778
19793,58620,delta,4,0,0,13638,21.8707
19794,107057,delta,4,1,3,17093,21.87
19795,60276,delta,4,0,0,15294,21.8693
19796,60478,delta,4,0,0,15496,21.8663
19797,90155,delta,4,1,2,15185,21.8653
19798,183982,delta,8,2,4,19048,45.5743
19799,138703,delta,8,0,1,18751,35.0567
19800,198976,delta,8,2,5,19048,34.9488
19801,139878,delta,8,0,1,19926,34.039
19802,124884,delta,8,0,0,19926,33.8362
19803,199191,delta,8,2,5,19263,33.6995
19804,124452,delta,8,0,0,19494,31.9426
19805,139876,delta,8,0,1,19924,31.6182
19806,123234,delta,8,0,0,18276,30.9424
19807,124009,delta,8,0,0,19051,30.846
19808,123709,delta,8,0,0,18751,30.7729
19809,178596,delta,8,2,4,13662,30.7554
19810,112105,delta,8,0,0,7147,30.7147
19811,124303,delta,8,0,0,19345,30.5765
19812,139443,delta,8,0,1,19491,30.5227
19813,199460,delta,8,2,5,19532,30.4483
19814,124449,delta,8,0,0,19491,30.3726
19815,113505,delta,8,0,0,8547,30.1934
19816,122041,delta,8,0,0,17083,29.6866
19817,124885,delta,8,0,0,19927,29.6488
19818,124407,delta,8,0,0,19449,29.53
19819,138228,delta,8,0,1,18276,29.4549
19820,139003,delta,8,0,1,19051,29.1838
19821,124882,delta,8,0,0,19924,29.0472
19822,124447,delta,8,0,0,19489,28.9873
19823,179234,delta,8,2,4,14300,28.9215
19824,139874,delta,8,0,1,19922,28.6875
19825,123229,delta,8,0,0,18271,28.6584
19826,183503,delta,8,2,4,18569,28.6244
19827,179229,delta,8,2,4,14295,28.4394
19828,124301,delta,8,0,0,19343,28.4269
19829,138122,delta,8,0,1,18170,28.3757
19830,179231,delta,8,2,4,14297,28.3261
19831,199462,delta,8,2,5,19534,28.2241
19832,137629,delta,8,0,1,17677,28.0895
19833,123963,delta,8,0,0,19005,27.9858
19834,178593,delta,8,2,4,13659,27.979
19835,137470,delta,8,0,1,17518,27.8987
19836,178590,delta,8,2,4,13656,27.8512
19837,168732,delta,8,1,3,18792,27.8465
19838,183985,delta,8,2,4,19051,27.0946
19839,184197,delta,8,2,4,19263,27.0467
19840,124880,delta,8,0,0,19922,26.9274
19841,123968,delta,8,0,0,19010,26.8975
19842,184079,delta,8,2,4,19145,26.8517
19843,124410,delta,8,0,0,19452,26.8387
19844,138117,delta,8,0,1,18165,26.807
19845,112102,delta,8,0,0,7144,26.7827
19846,178595,delta,8,2,4,13661,26.6275
19847,178658,delta,8,2,4,13724,26.5013
19848,138223,delta,8,0,1,18271,26.4973
19849,199186,delta,8,2,5,19258,26.4267
19850,135874,delta,8,0,1,15922,26.2882
19851,123128,delta,8,0,0,18170,26.2528
19852,179402,delta,8,2,4,14468,26.234
19853,179399,delta,8,2,4,14465,26.2098
19854,123232,delta,8,0,0,18274,26.1906
19855,184192,delta,8,2,4,19258,26.1587
19856,199188,delta,8,2,5,19260,26.1522
19857,179396,delta,8,2,4,14462,26.0888
19858,179232,delta,8,2,4,14298,26.0435
19859,179386,delta,8,2,4,14452,25.9271
19860,179397,delta,8,2,4,14463,25.9045
19861,184468,delta,8,2,4,19534,25.8779
19862,138957,delta,8,0,1,19005,25.8004
19863,199189,delta,8,2,5,19261,25.783
19864,122635,delta,8,0,0,17677,25.7015
19865,139879,delta,8,0,1,19927,25.4979
19866,124745,delta,8,0,0,19787,25.4282
19867,139692,delta,8,0,1,19740,25.3339
19868,112110,delta,8,0,0,7152,25.317
19869,138226,delta,8,0,1,18274,24.964
19870,179384,delta,8,2,4,14450,24.9382
19871,139297,delta,8,0,1,19345,24.8378
19872,124740,delta,8,0,0,19782,24.8142
19873,179430,delta,8,2,4,14496,24.7765
19874,179425,delta,8,2,4,14491,24.6922
19875,169504,delta,8,1,3,19564,24.632
19876,123965,delta,8,0,0,19007,24.6041
19877,139734,delta,8,0,1,19782,24.6028
19878,138962,delta,8,0,1,19010,24.4715
19879,178818,delta,8,2,4,13884,24.3456
19880,123123,delta,8,0,0,18165,24.2803
19881,184195,delta,8,2,4,19261,24.2596
19882,178655,delta,8,2,4,13721,24.2282
19883,112136,delta,8,0,0,7178,24.1993
19884,137050,delta,8,0,1,17098,24.1245
19885,116165,delta,8,0,0,11207,24.1205
19886,124547,delta,8,0,0,19589,24.0952
19887,168435,delta,8,1,3,18495,24.0948
19888,139229,delta,8,0,1,19277,24.0899
19889,124701,delta,8,0,0,19743,24.0807
19890,137525,delta,8,0,1,17573,24.0654
19891,123966,delta,8,0,0,19008,24.0416
19892,184466,delta,8,2,4,19532,23.9963
19893,179401,delta,8,2,4,14467,23.9915
19894,121947,delta,8,0,0,16989,23.9661
19895,178815,delta,8,2,4,13881,23.9592
19896,179215,delta,8,2,4,14281,23.9518
19897,124703,delta,8,0,0,19745,23.9457
19898,178768,delta,8,2,4,13834,23.9117
19899,179043,delta,8,2,4,14109,23.8974
19900,122638,delta,8,0,0,17680,23.8611
19901,124405,delta,8,0,0,19447,23.8508
19902,124646,delta,8,0,0,19688,23.8075
19903,198497,delta,8,2,5,18569,23.8029
19904,178577,delta,8,2,4,13643,23.7926
19905,112131,delta,8,0,0,7173,23.7472
19906,139805,delta,8,0,1,19853,23.6945
19907,124698,delta,8,0,0,19740,23.536
19908,179228,delta,8,2,4,14294,23.5197
19909,168440,delta,8,1,3,18500,23.4871
19910,122531,delta,8,0,0,17573,23.3708
19911,122476,delta,8,0,0,17518,23.3319
19912,124164,delta,8,0,0,19206,23.1989
19913,178592,delta,8,2,4,13658,23.1497
19914,183146,delta,8,2,4,18212,23.1352
19915,138265,delta,8,0,1,18313,22.9957
19916,197900,delta,8,2,5,17972,22.978
19917,198674,delta,8,2,5,18746,22.9731
19918,124811,delta,8,0,0,19853,22.9219
19919,178753,delta,8,2,4,13819,22.8592
19920,124304,delta,8,0,0,19346,22.8445
19921,139737,delta,8,0,1,19785,22.8163
19922,120865,delta,8,0,0,15907,22.7997
19923,124230,delta,8,0,0,19272,22.7892
19924,178692,delta,8,2,4,13758,22.7869
19925,124816,delta,8,0,0,19858,22.7332
19926,116244,delta,8,0,0,11286,22.7313
19927,124235,delta,8,0,0,19277,22.7291
19928,123271,delta,8,0,0,18313,22.7265
19929,136944,delta,8,0,1,16992,22.7017
19930,178750,delta,8,2,4,13816,22.6863
19931,178820,delta,8,2,4,13886,22.6168
19932,179284,delta,8,2,4,14350,22.5735
19933,182032,delta,8,2,4,17098,22.5687
19934,198135,delta,8,2,5,18207,22.5337
19935,178773,delta,8,2,4,13839,22.5029
19936,120909,delta,8,0,0,15951,22.499
19937,169499,delta,8,1,3,19559,22.4957
19938,124743,delta,8,0,0,19785,22.4881
19939,179428,delta,8,2,4,14494,22.4168
19940,124319,delta,8,0,0,19361,22.3957
19941,134681,delta,8,0,1,14729,22.3853
19942,113963,delta,8,0,0,9005,22.3688
19943,178591,delta,8,2,4,13657,22.35
19944,179289,delta,8,2,4,14355,22.312
19945,124049,delta,8,0,0,19091,22.2781
19946,178574,delta,8,2,4,13640,22.269
19947,179218,delta,8,2,4,14284,22.2524
19948,178770,delta,8,2,4,13836,22.1939
19949,139810,delta,8,0,1,19858,22.1234
19950,184206,delta,8,2,4,19272,22.111
19951,177915,delta,8,2,4,12981,22.1098
19952,193082,delta,8,2,5,13154,22.083
19953,124544,delta,8,0,0,19586,22.0817
19954,179220,delta,8,2,4,14286,22.042
19955,178580,delta,8,2,4,13646,21.9741
19956,138807,delta,8,0,1,18855,21.9487
19957,184084,delta,8,2,4,19150,21.9251
19958,138268,delta,8,0,1,18316,21.9105
19959,123276,delta,8,0,0,18318,21.8875
19960,124842,delta,8,0,0,19884,21.8858
19961,120880,delta,8,0,0,15922,21.8745
19962,379262,delta,16,4,9,19406,39.565
19963,379275,delta,16,4,9,19419,26.4909
19964,379264,delta,16,4,9,19408,26.4434
19965,379280,delta,16,4,9,19424,26.41
19966,378050,delta,16,4,9,18194,26.0247
19967,378055,delta,16,4,9,18199,25.7954
19968,377518,delta,16,4,9,17662,24.8662
19969,376877,delta,16,4,9,17021,24.8109
19970,378685,delta,16,4,9,18829,24.781
19971,332587,delta,16,3,6,17713,24.724
19972,349513,delta,16,3,7,19645,24.6936
19973,378722,delta,16,4,9,18866,24.5762
19974,332590,delta,16,3,6,17716,24.4029
19975,424774,delta,16,6,12,19936,24.2159
19976,379824,delta,16,4,9,19968,24.1897
19977,377523,delta,16,4,9,17667,23.9448
19978,330930,delta,16,3,6,16056,23.9145
19979,364268,delta,16,4,8,19406,23.7798
19980,330400,delta,16,3,6,15526,23.7764
19981,330349,delta,16,3,6,15475,23.5488
19982,378041,delta,16,4,9,18185,23.5432
19983,332396,delta,16,3,6,17522,23.497
19984,330941,delta,16,3,6,16067,23.1006
19985,379304,delta,16,4,9,19448,22.666
19986,362524,delta,16,4,8,17662,22.6302
19987,379277,delta,16,4,9,19421,22.5487
19988,330544,delta,16,3,6,15670,22.3277
19989,330996,delta,16,3,6,16122,21.9376
19990,378052,delta,16,4,9,18196,21.9301
19991,362529,delta,16,4,8,17667,21.8877
