selected_rank,candidate_index,source_type,level,parent,child,kernel_id,f_stat
0,17440,root,0,NA,NA,17440,270.703
1,16319,root,0,NA,NA,16319,267.423
2,17497,root,0,NA,NA,17497,259.284
3,18076,root,0,NA,NA,18076,258.452
4,17568,root,0,NA,NA,17568,256.595
5,16637,root,0,NA,NA,16637,254.114
6,18321,root,0,NA,NA,18321,249.93
7,17437,root,0,NA,NA,17437,247.216
8,18478,root,0,NA,NA,18478,243.449
9,19987,root,0,NA,NA,19987,241.575
10,17739,root,0,NA,NA,17739,240.942
11,18812,root,0,NA,NA,18812,240.526
12,16903,root,0,NA,NA,16903,240.373
13,17277,root,0,NA,NA,17277,239.73
14,17382,root,0,NA,NA,17382,239.696
15,17565,root,0,NA,NA,17565,238.964
16,17387,root,0,NA,NA,17387,238.233
17,18473,root,0,NA,NA,18473,237.772
18,18809,root,0,NA,NA,18809,234.862
19,17297,root,0,NA,NA,17297,234.6
20,16127,root,0,NA,NA,16127,232.597
21,18324,root,0,NA,NA,18324,232.339
22,16900,root,0,NA,NA,16900,232.191
23,17639,root,0,NA,NA,17639,231.84
24,19393,root,0,NA,NA,19393,231.086
25,15722,root,0,NA,NA,15722,230.797
26,18814,root,0,NA,NA,18814,229.878
27,17563,root,0,NA,NA,17563,229.422
28,17145,root,0,NA,NA,17145,229.281
29,17148,root,0,NA,NA,17148,229.214
30,2971,root,0,NA,NA,2971,229.142
31,17636,root,0,NA,NA,17636,228.537
32,18557,root,0,NA,NA,18557,228.383
33,16801,root,0,NA,NA,16801,227.601
34,17143,root,0,NA,NA,17143,227.382
35,17742,root,0,NA,NA,17742,227.056
36,17881,root,0,NA,NA,17881,227.007
37,16567,root,0,NA,NA,16567,226.754
38,18811,root,0,NA,NA,18811,226.564
39,15727,root,0,NA,NA,15727,226.166
40,527,root,0,NA,NA,527,226.122
41,17302,root,0,NA,NA,17302,225.716
42,17634,root,0,NA,NA,17634,225.561
43,3128,root,0,NA,NA,3128,225.524
44,16238,root,0,NA,NA,16238,225.434
45,16806,root,0,NA,NA,16806,225.359
46,250,root,0,NA,NA,250,224.548
47,17884,root,0,NA,NA,17884,224.472
48,16564,root,0,NA,NA,16564,223.997
49,3081,root,0,NA,NA,3081,223.96
50,17280,root,0,NA,NA,17280,223.794
51,16390,root,0,NA,NA,16390,223.602
52,3343,root,0,NA,NA,3343,223.157
53,5785,root,0,NA,NA,5785,223.133
54,16460,root,0,NA,NA,16460,222.927
55,1336,root,0,NA,NA,1336,222.867
56,1695,root,0,NA,NA,1695,222.658
57,2534,root,0,NA,NA,2534,222.61
58,15146,root,0,NA,NA,15146,222.592
59,18458,root,0,NA,NA,18458,222.567
60,17633,root,0,NA,NA,17633,222.563
61,3107,root,0,NA,NA,3107,222.275
62,3364,root,0,NA,NA,3364,222.259
63,506,root,0,NA,NA,506,222.116
64,17384,root,0,NA,NA,17384,222.088
65,1768,root,0,NA,NA,1768,222.08
66,19037,root,0,NA,NA,19037,222.012
67,4405,root,0,NA,NA,4405,221.981
68,3094,root,0,NA,NA,3094,221.922
69,3372,root,0,NA,NA,3372,221.648
70,3060,root,0,NA,NA,3060,221.635
71,3330,root,0,NA,NA,3330,221.489
72,3351,root,0,NA,NA,3351,221.224
73,5764,root,0,NA,NA,5764,221.207
74,16463,root,0,NA,NA,16463,221.195
75,3102,root,0,NA,NA,3102,220.911
76,3338,root,0,NA,NA,3338,220.516
77,3215,root,0,NA,NA,3215,220.427
78,1989,root,0,NA,NA,1989,220.203
79,15388,root,0,NA,NA,15388,220.128
80,17878,root,0,NA,NA,17878,219.993
81,3034,root,0,NA,NA,3034,219.925
82,2318,root,0,NA,NA,2318,219.729
83,3068,root,0,NA,NA,3068,219.61
84,3236,root,0,NA,NA,3236,219.41
85,16321,root,0,NA,NA,16321,218.967
86,18214,root,0,NA,NA,18214,218.955
87,2242,root,0,NA,NA,2242,218.826
88,2339,root,0,NA,NA,2339,218.739
89,19407,root,0,NA,NA,19407,218.586
90,18021,root,0,NA,NA,18021,218.55
91,5063,root,0,NA,NA,5063,218.501
92,5297,root,0,NA,NA,5297,218.492
93,2144,root,0,NA,NA,2144,218.488
94,3476,root,0,NA,NA,3476,218.44
95,5469,root,0,NA,NA,5469,218.409
96,3149,root,0,NA,NA,3149,218.35
97,6866,root,0,NA,NA,6866,218.338
98,281,root,0,NA,NA,281,218.278
99,19059,root,0,NA,NA,19059,218.253
100,16122,root,0,NA,NA,16122,218.147
101,17146,root,0,NA,NA,17146,218.06
102,1580,root,0,NA,NA,1580,218.006
103,74,root,0,NA,NA,74,217.983
104,4579,root,0,NA,NA,4579,217.967
105,3115,root,0,NA,NA,3115,217.82
106,16803,root,0,NA,NA,16803,217.787
107,2680,root,0,NA,NA,2680,217.711
108,5284,root,0,NA,NA,5284,217.689
109,2592,root,0,NA,NA,2592,217.463
110,18618,root,0,NA,NA,18618,217.233
111,17282,root,0,NA,NA,17282,217.205
112,2221,root,0,NA,NA,2221,217.116
113,4768,root,0,NA,NA,4768,217.085
114,302,root,0,NA,NA,302,216.948
115,3089,root,0,NA,NA,3089,216.924
116,2010,root,0,NA,NA,2010,216.811
117,354,root,0,NA,NA,354,216.796
118,3636,root,0,NA,NA,3636,216.703
119,3489,root,0,NA,NA,3489,216.646
120,17976,root,0,NA,NA,17976,216.603
121,5170,root,0,NA,NA,5170,216.586
122,5050,root,0,NA,NA,5050,216.57
123,3972,root,0,NA,NA,3972,216.378
124,558,root,0,NA,NA,558,216.299
125,2305,root,0,NA,NA,2305,216.24
126,19989,root,0,NA,NA,19989,216.072
127,3141,root,0,NA,NA,3141,216.039
128,53,root,0,NA,NA,53,216.007
129,1227,root,0,NA,NA,1227,215.953
130,7868,root,0,NA,NA,7868,215.947
131,18785,root,0,NA,NA,18785,215.861
132,2047,root,0,NA,NA,2047,215.645
133,1417,root,0,NA,NA,1417,215.603
134,2644,root,0,NA,NA,2644,215.55
135,2068,root,0,NA,NA,2068,215.535
136,4384,root,0,NA,NA,4384,215.524
137,18078,root,0,NA,NA,18078,215.441
138,19952,root,0,NA,NA,19952,215.434
139,2610,root,0,NA,NA,2610,215.406
140,2547,root,0,NA,NA,2547,215.374
141,16267,root,0,NA,NA,16267,215.271
142,333,root,0,NA,NA,333,215.249
143,2767,root,0,NA,NA,2767,215.199
144,1674,root,0,NA,NA,1674,215.191
145,1781,root,0,NA,NA,1781,215.143
146,3073,root,0,NA,NA,3073,215.137
147,5004,root,0,NA,NA,5004,215.085
148,4991,root,0,NA,NA,4991,215.014
149,5289,root,0,NA,NA,5289,214.996
150,289,root,0,NA,NA,289,214.96
151,5126,root,0,NA,NA,5126,214.847
152,3597,root,0,NA,NA,3597,214.821
153,16393,root,0,NA,NA,16393,214.806
154,4755,root,0,NA,NA,4755,214.681
155,2623,root,0,NA,NA,2623,214.68
156,3615,root,0,NA,NA,3615,214.457
157,16322,root,0,NA,NA,16322,214.448
158,3359,root,0,NA,NA,3359,214.388
159,579,root,0,NA,NA,579,214.385
160,3576,root,0,NA,NA,3576,214.384
161,608,root,0,NA,NA,608,214.382
162,1708,root,0,NA,NA,1708,214.379
163,5178,root,0,NA,NA,5178,214.379
164,3602,root,0,NA,NA,3602,214.32
165,19390,root,0,NA,NA,19390,214.271
166,2746,root,0,NA,NA,2746,214.235
167,3751,root,0,NA,NA,3751,214.176
168,587,root,0,NA,NA,587,214.147
169,1687,root,0,NA,NA,1687,214.128
170,1666,root,0,NA,NA,1666,214.066
171,4526,root,0,NA,NA,4526,213.953
172,3563,root,0,NA,NA,3563,213.937
173,3678,root,0,NA,NA,3678,213.933
174,1841,root,0,NA,NA,1841,213.906
175,2555,root,0,NA,NA,2555,213.9
176,19410,root,0,NA,NA,19410,213.865
177,941,root,0,NA,NA,941,213.797
178,621,root,0,NA,NA,621,213.639
179,1614,root,0,NA,NA,1614,213.623
180,17879,root,0,NA,NA,17879,213.599
181,6024,root,0,NA,NA,6024,213.599
182,16547,root,0,NA,NA,16547,213.555
183,18323,root,0,NA,NA,18323,213.523
184,2208,root,0,NA,NA,2208,213.479
185,1789,root,0,NA,NA,1789,213.347
186,4983,root,0,NA,NA,4983,213.34
187,8043,root,0,NA,NA,8043,213.269
188,2571,root,0,NA,NA,2571,213.199
189,19168,root,0,NA,NA,19168,213.156
190,4986,root,0,NA,NA,4986,213.155
191,2845,root,0,NA,NA,2845,213.108
192,2521,root,0,NA,NA,2521,213.092
193,5042,root,0,NA,NA,5042,212.986
194,5482,root,0,NA,NA,5482,212.83
195,5843,root,0,NA,NA,5843,212.816
196,1302,root,0,NA,NA,1302,212.812
197,142,root,0,NA,NA,142,212.8
198,2992,root,0,NA,NA,2992,212.76
199,4999,root,0,NA,NA,4999,212.756
200,7147,root,0,NA,NA,7147,212.741
201,5830,root,0,NA,NA,5830,212.737
202,4899,root,0,NA,NA,4899,212.722
203,5105,root,0,NA,NA,5105,212.711
204,7860,root,0,NA,NA,7860,212.674
205,5113,root,0,NA,NA,5113,212.601
206,3055,root,0,NA,NA,3055,212.555
207,3657,root,0,NA,NA,3657,212.455
208,294,root,0,NA,NA,294,212.35
209,19157,root,0,NA,NA,19157,212.073
210,5838,root,0,NA,NA,5838,212.054
211,320,root,0,NA,NA,320,211.914
212,2034,root,0,NA,NA,2034,211.878
213,752,root,0,NA,NA,752,211.724
214,5822,root,0,NA,NA,5822,211.669
215,6003,root,0,NA,NA,6003,211.626
216,2652,root,0,NA,NA,2652,211.621
217,19405,root,0,NA,NA,19405,211.591
218,629,root,0,NA,NA,629,211.553
219,2579,root,0,NA,NA,2579,211.547
220,5009,root,0,NA,NA,5009,211.522
221,82,root,0,NA,NA,82,211.498
222,4263,root,0,NA,NA,4263,211.4
223,176,root,0,NA,NA,176,211.383
224,17300,root,0,NA,NA,17300,211.367
225,4996,root,0,NA,NA,4996,211.349
226,1248,root,0,NA,NA,1248,211.261
227,16233,root,0,NA,NA,16233,211.245
228,1601,root,0,NA,NA,1601,211.219
229,1396,root,0,NA,NA,1396,211.217
230,3228,root,0,NA,NA,3228,211.168
231,920,root,0,NA,NA,920,211.143
232,4513,root,0,NA,NA,4513,210.883
233,2659,root,0,NA,NA,2659,210.874
234,1913,root,0,NA,NA,1913,210.85
235,2297,root,0,NA,NA,2297,210.762
236,3555,root,0,NA,NA,3555,210.689
237,1892,root,0,NA,NA,1892,210.674
238,3005,root,0,NA,NA,3005,210.602
239,3440,root,0,NA,NA,3440,210.577
240,2076,root,0,NA,NA,2076,210.568
241,2866,root,0,NA,NA,2866,210.566
242,739,root,0,NA,NA,739,210.43
243,760,root,0,NA,NA,760,210.417
244,2631,root,0,NA,NA,2631,210.412
245,2234,root,0,NA,NA,2234,210.383
246,2281,root,0,NA,NA,2281,210.356
247,4988,root,0,NA,NA,4988,210.345
248,3584,root,0,NA,NA,3584,210.24
249,1760,root,0,NA,NA,1760,210.219
250,5241,root,0,NA,NA,5241,210.2
251,3309,root,0,NA,NA,3309,210.19
252,1383,root,0,NA,NA,1383,210.035
253,6886,root,0,NA,NA,6886,210.014
254,5305,root,0,NA,NA,5305,210.005
255,5302,root,0,NA,NA,5302,209.998
256,61,root,0,NA,NA,61,209.994
257,1807,root,0,NA,NA,1807,209.947
258,1700,root,0,NA,NA,1700,209.942
259,14,root,0,NA,NA,14,209.877
260,2026,root,0,NA,NA,2026,209.87
261,3764,root,0,NA,NA,3764,209.806
262,8553,root,0,NA,NA,8553,209.787
263,4169,root,0,NA,NA,4169,209.766
264,27,root,0,NA,NA,27,209.752
265,18741,root,0,NA,NA,18741,209.641
266,18672,root,0,NA,NA,18672,209.585
267,17371,root,0,NA,NA,17371,209.501
268,6202,root,0,NA,NA,6202,209.451
269,3021,root,0,NA,NA,3021,209.369
270,1438,root,0,NA,NA,1438,209.325
271,2165,root,0,NA,NA,2165,209.178
272,2331,root,0,NA,NA,2331,209.164
273,2199,root,0,NA,NA,2199,209.131
274,163,root,0,NA,NA,163,208.956
275,7301,root,0,NA,NA,7301,208.917
276,1934,root,0,NA,NA,1934,208.875
277,443,root,0,NA,NA,443,208.859
278,4818,root,0,NA,NA,4818,208.855
279,13983,root,0,NA,NA,13983,208.772
280,2780,root,0,NA,NA,2780,208.656
281,13899,root,0,NA,NA,13899,208.608
282,3468,root,0,NA,NA,3468,208.593
283,545,root,0,NA,NA,545,208.532
284,4397,root,0,NA,NA,4397,208.504
285,5461,root,0,NA,NA,5461,208.382
286,2178,root,0,NA,NA,2178,208.373
287,5183,root,0,NA,NA,5183,208.339
288,6899,root,0,NA,NA,6899,208.334
289,3346,root,0,NA,NA,3346,208.309
290,310,root,0,NA,NA,310,207.963
291,3047,root,0,NA,NA,3047,207.927
292,2005,root,0,NA,NA,2005,207.904
293,1556,root,0,NA,NA,1556,207.896
294,3288,root,0,NA,NA,3288,207.895
295,2693,root,0,NA,NA,2693,207.822
296,2605,root,0,NA,NA,2605,207.817
297,6,root,0,NA,NA,6,207.804
298,3589,root,0,NA,NA,3589,207.802
299,1997,root,0,NA,NA,1997,207.771
300,1268,root,0,NA,NA,1268,207.759
301,6016,root,0,NA,NA,6016,207.743
302,4284,root,0,NA,NA,4284,207.722
303,3076,root,0,NA,NA,3076,207.64
304,2055,root,0,NA,NA,2055,207.564
305,2018,root,0,NA,NA,2018,207.543
306,1984,root,0,NA,NA,1984,207.529
307,2310,root,0,NA,NA,2310,207.433
308,1669,root,0,NA,NA,1669,207.395
309,1097,root,0,NA,NA,1097,207.35
310,1703,root,0,NA,NA,1703,207.349
311,1682,root,0,NA,NA,1682,207.281
312,9381,root,0,NA,NA,9381,207.225
313,8051,root,0,NA,NA,8051,207.171
314,48,root,0,NA,NA,48,207.159
315,3623,root,0,NA,NA,3623,207.151
316,1900,root,0,NA,NA,1900,207.149
317,18675,root,0,NA,NA,18675,207.131
318,726,root,0,NA,NA,726,207.08
319,5220,root,0,NA,NA,5220,206.99
320,3665,root,0,NA,NA,3665,206.888
321,2326,root,0,NA,NA,2326,206.888
322,571,root,0,NA,NA,571,206.879
323,595,root,0,NA,NA,595,206.855
324,5420,root,0,NA,NA,5420,206.854
325,2123,root,0,NA,NA,2123,206.852
326,202,root,0,NA,NA,202,206.849
327,2213,root,0,NA,NA,2213,206.808
328,912,root,0,NA,NA,912,206.777
329,2879,root,0,NA,NA,2879,206.662
330,2385,root,0,NA,NA,2385,206.612
331,5100,root,0,NA,NA,5100,206.541
332,1820,root,0,NA,NA,1820,206.522
333,933,root,0,NA,NA,933,206.472
334,7105,root,0,NA,NA,7105,206.388
335,3985,root,0,NA,NA,3985,206.367
336,223,root,0,NA,NA,223,206.284
337,2584,root,0,NA,NA,2584,206.228
338,155,root,0,NA,NA,155,206.205
339,3686,root,0,NA,NA,3686,206.197
340,3202,root,0,NA,NA,3202,206.181
341,2268,root,0,NA,NA,2268,206.073
342,5118,root,0,NA,NA,5118,206.011
343,6378,root,0,NA,NA,6378,206.001
344,18562,root,0,NA,NA,18562,205.987
345,4505,root,0,NA,NA,4505,205.939
346,514,root,0,NA,NA,514,205.89
347,4566,root,0,NA,NA,4566,205.808
348,9663,root,0,NA,NA,9663,205.797
349,35,root,0,NA,NA,35,205.742
350,1001,root,0,NA,NA,1001,205.659
351,19374,root,0,NA,NA,19374,205.628
352,1921,root,0,NA,NA,1921,205.613
353,90,root,0,NA,NA,90,205.606
354,16846,root,0,NA,NA,16846,205.595
355,888,root,0,NA,NA,888,205.575
356,781,root,0,NA,NA,781,205.496
357,229,root,0,NA,NA,229,205.451
358,4907,root,0,NA,NA,4907,205.424
359,189,root,0,NA,NA,189,205.382
360,2131,root,0,NA,NA,2131,205.357
361,18476,root,0,NA,NA,18476,205.316
362,19,root,0,NA,NA,19,205.305
363,3042,root,0,NA,NA,3042,205.297
364,6715,root,0,NA,NA,6715,205.278
365,3571,root,0,NA,NA,3571,205.237
366,2247,root,0,NA,NA,2247,205.225
367,7873,root,0,NA,NA,7873,205.169
368,1690,root,0,NA,NA,1690,205.058
369,5835,root,0,NA,NA,5835,205.053
370,6593,root,0,NA,NA,6593,205.053
371,3136,root,0,NA,NA,3136,205.048
372,7425,root,0,NA,NA,7425,204.951
373,4886,root,0,NA,NA,4886,204.927
374,2110,root,0,NA,NA,2110,204.908
375,15967,root,0,NA,NA,15967,204.876
376,409,root,0,NA,NA,409,204.875
377,3772,root,0,NA,NA,3772,204.854
378,925,root,0,NA,NA,925,204.851
379,16680,root,0,NA,NA,16680,204.834
380,273,root,0,NA,NA,273,204.824
381,17638,root,0,NA,NA,17638,204.793
382,5292,root,0,NA,NA,5292,204.747
383,5228,root,0,NA,NA,5228,204.734
384,1193,root,0,NA,NA,1193,204.732
385,7038,root,0,NA,NA,7038,204.714
386,40,root,0,NA,NA,40,204.711
387,938,root,0,NA,NA,938,204.701
388,404,root,0,NA,NA,404,204.691
389,7157,root,0,NA,NA,7157,204.69
390,3322,root,0,NA,NA,3322,204.655
391,17044,root,0,NA,NA,17044,204.636
392,210,root,0,NA,NA,210,204.549
393,3715,root,0,NA,NA,3715,204.514
394,16719,root,0,NA,NA,16719,204.51
395,904,root,0,NA,NA,904,204.469
396,1794,root,0,NA,NA,1794,204.451
397,87,root,0,NA,NA,87,204.446
398,2667,root,0,NA,NA,2667,204.425
399,4331,root,0,NA,NA,4331,204.396
400,4127,root,0,NA,NA,4127,204.383
401,6601,root,0,NA,NA,6601,204.296
402,7165,root,0,NA,NA,7165,204.293
403,15459,root,0,NA,NA,15459,204.24
404,13972,root,0,NA,NA,13972,204.228
405,3387,root,0,NA,NA,3387,204.223
406,4865,root,0,NA,NA,4865,204.161
407,3453,root,0,NA,NA,3453,204.159
408,370,root,0,NA,NA,370,204.136
409,7438,root,0,NA,NA,7438,204.118
410,276,root,0,NA,NA,276,204.103
411,2526,root,0,NA,NA,2526,204.101
412,3558,root,0,NA,NA,3558,204.091
413,5825,root,0,NA,NA,5825,204.085
414,8048,root,0,NA,NA,8048,204.073
415,7317,root,0,NA,NA,7317,204.063
416,907,root,0,NA,NA,907,204.044
417,4873,root,0,NA,NA,4873,204.035
418,9389,root,0,NA,NA,9389,203.946
419,18219,root,0,NA,NA,18219,203.837
420,4148,root,0,NA,NA,4148,203.813
421,15724,root,0,NA,NA,15724,203.792
422,6475,root,0,NA,NA,6475,203.787
423,391,root,0,NA,NA,391,203.72
424,3933,root,0,NA,NA,3933,203.694
425,17892,root,0,NA,NA,17892,203.642
426,3120,root,0,NA,NA,3120,203.451
427,17258,root,0,NA,NA,17258,203.446
428,4339,root,0,NA,NA,4339,203.442
429,17697,root,0,NA,NA,17697,203.414
430,6066,root,0,NA,NA,6066,203.373
431,5281,root,0,NA,NA,5281,203.347
432,17607,root,0,NA,NA,17607,203.3
433,2419,root,0,NA,NA,2419,203.28
434,7800,root,0,NA,NA,7800,203.215
435,2529,root,0,NA,NA,2529,203.173
436,5007,root,0,NA,NA,5007,203.136
437,2618,root,0,NA,NA,2618,203.134
438,3356,root,0,NA,NA,3356,203.112
439,616,root,0,NA,NA,616,203.099
440,4276,root,0,NA,NA,4276,203.087
441,692,root,0,NA,NA,692,203.069
442,17740,root,0,NA,NA,17740,203.069
443,3296,root,0,NA,NA,3296,203.056
444,16675,root,0,NA,NA,16675,203.003
445,1535,root,0,NA,NA,1535,202.978
446,1289,root,0,NA,NA,1289,202.957
447,747,root,0,NA,NA,747,202.931
448,2563,root,0,NA,NA,2563,202.898
449,3592,root,0,NA,NA,3592,202.817
450,16206,root,0,NA,NA,16206,202.748
451,17850,root,0,NA,NA,17850,202.716
452,826,root,0,NA,NA,826,202.707
453,6632,root,0,NA,NA,6632,202.662
454,6037,root,0,NA,NA,6037,202.649
455,8228,root,0,NA,NA,8228,202.643
456,1908,root,0,NA,NA,1908,202.636
457,8223,root,0,NA,NA,8223,202.633
458,2636,root,0,NA,NA,2636,202.612
459,5846,root,0,NA,NA,5846,202.606
460,17855,root,0,NA,NA,17855,202.556
461,18434,root,0,NA,NA,18434,202.545
462,3529,root,0,NA,NA,3529,202.504
463,307,root,0,NA,NA,307,202.45
464,2229,root,0,NA,NA,2229,202.449
465,4860,root,0,NA,NA,4860,202.447
466,1679,root,0,NA,NA,1679,202.419
467,8404,root,0,NA,NA,8404,202.393
468,1873,root,0,NA,NA,1873,202.339
469,3152,root,0,NA,NA,3152,202.308
470,943,root,0,NA,NA,943,202.262
471,16708,root,0,NA,NA,16708,202.255
472,2542,root,0,NA,NA,2542,202.249
473,1,root,0,NA,NA,1,202.223
474,3954,root,0,NA,NA,3954,202.074
475,6079,root,0,NA,NA,6079,202.062
476,18737,root,0,NA,NA,18737,202.024
477,17255,root,0,NA,NA,17255,201.978
478,7194,root,0,NA,NA,7194,201.937
479,3694,root,0,NA,NA,3694,201.937
480,917,root,0,NA,NA,917,201.932
481,16387,root,0,NA,NA,16387,201.902
482,19936,root,0,NA,NA,19936,201.899
483,3542,root,0,NA,NA,3542,201.897
484,10240,root,0,NA,NA,10240,201.871
485,3728,root,0,NA,NA,3728,201.866
486,4156,root,0,NA,NA,4156,201.788
487,1692,root,0,NA,NA,1692,201.709
488,3964,root,0,NA,NA,3964,201.694
489,1180,root,0,NA,NA,1180,201.673
490,1370,root,0,NA,NA,1370,201.658
491,705,root,0,NA,NA,705,201.624
492,150,root,0,NA,NA,150,201.566
493,4912,root,0,NA,NA,4912,201.54
494,1465,root,0,NA,NA,1465,201.534
495,6045,root,0,NA,NA,6045,201.529
496,1929,root,0,NA,NA,1929,201.521
497,3432,root,0,NA,NA,3432,201.506
498,794,root,0,NA,NA,794,201.505
499,18878,root,0,NA,NA,18878,201.468
500,3928,root,0,NA,NA,3928,201.441
501,922,root,0,NA,NA,922,201.438
502,3301,root,0,NA,NA,3301,201.436
503,909,root,0,NA,NA,909,201.398
504,16431,root,0,NA,NA,16431,201.358
505,3013,root,0,NA,NA,3013,201.345
506,124,root,0,NA,NA,124,201.343
507,519,root,0,NA,NA,519,201.34
508,2023,root,0,NA,NA,2023,201.306
509,17609,root,0,NA,NA,17609,201.268
510,1852,root,0,NA,NA,1852,201.244
511,263,root,0,NA,NA,263,201.242
512,7808,root,0,NA,NA,7808,201.24
513,3097,root,0,NA,NA,3097,201.203
514,600,root,0,NA,NA,600,201.184
515,3652,root,0,NA,NA,3652,201.157
516,181,root,0,NA,NA,181,201.151
517,1214,root,0,NA,NA,1214,201.134
518,7813,root,0,NA,NA,7813,201.075
519,6681,root,0,NA,NA,6681,201.036
520,1430,root,0,NA,NA,1430,201.026
521,1281,root,0,NA,NA,1281,200.983
522,6011,root,0,NA,NA,6011,200.954
523,13289,root,0,NA,NA,13289,200.935
524,1828,root,0,NA,NA,1828,200.898
525,7075,root,0,NA,NA,7075,200.884
526,1886,root,0,NA,NA,1886,200.873
527,3980,root,0,NA,NA,3980,200.84
528,1404,root,0,NA,NA,1404,200.827
529,18915,root,0,NA,NA,18915,200.814
530,1755,root,0,NA,NA,1755,200.803
531,6386,root,0,NA,NA,6386,200.71
532,18813,root,0,NA,NA,18813,200.701
533,2226,root,0,NA,NA,2226,200.684
534,16505,root,0,NA,NA,16505,200.682
535,6467,root,0,NA,NA,6467,200.641
536,6058,root,0,NA,NA,6058,200.591
537,19499,root,0,NA,NA,19499,200.586
538,7312,root,0,NA,NA,7312,200.578
539,2819,root,0,NA,NA,2819,200.576
540,6181,root,0,NA,NA,6181,200.53
541,69,root,0,NA,NA,69,200.506
542,2060,root,0,NA,NA,2060,200.379
543,7899,root,0,NA,NA,7899,200.366
544,1860,root,0,NA,NA,1860,200.347
545,1593,root,0,NA,NA,1593,200.328
546,2398,root,0,NA,NA,2398,200.31
547,1671,root,0,NA,NA,1671,200.27
548,6087,root,0,NA,NA,6087,200.252
549,650,root,0,NA,NA,650,200.154
550,3186,root,0,NA,NA,3186,200.103
551,679,root,0,NA,NA,679,200.043
552,2550,root,0,NA,NA,2550,200.032
553,684,root,0,NA,NA,684,200.03
554,17442,root,0,NA,NA,17442,199.962
555,3941,root,0,NA,NA,3941,199.903
556,8164,root,0,NA,NA,8164,199.9
557,839,root,0,NA,NA,839,199.892
558,3461,root,0,NA,NA,3461,199.791
559,7100,root,0,NA,NA,7100,199.735
560,7894,root,0,NA,NA,7894,199.734
561,1632,root,0,NA,NA,1632,199.709
562,5055,root,0,NA,NA,5055,199.676
563,2560,root,0,NA,NA,2560,199.656
564,4687,root,0,NA,NA,4687,199.647
565,6585,root,0,NA,NA,6585,199.634
566,5741,root,0,NA,NA,5741,199.629
567,17828,root,0,NA,NA,17828,199.462
568,7341,root,0,NA,NA,7341,199.458
569,2097,root,0,NA,NA,2097,199.365
570,16800,root,0,NA,NA,16800,199.349
571,14235,root,0,NA,NA,14235,199.349
572,1874,root,0,NA,NA,1874,199.347
573,18217,root,0,NA,NA,18217,199.322
574,3579,root,0,NA,NA,3579,199.284
575,3502,root,0,NA,NA,3502,199.244
576,3367,root,0,NA,NA,3367,199.205
577,3173,root,0,NA,NA,3173,199.199
578,4326,root,0,NA,NA,4326,199.182
579,19603,root,0,NA,NA,19603,199.122
580,17149,root,0,NA,NA,17149,199.105
581,17853,root,0,NA,NA,17853,199.037
582,2323,root,0,NA,NA,2323,199.027
583,17042,root,0,NA,NA,17042,199.006
584,663,root,0,NA,NA,663,198.99
585,2600,root,0,NA,NA,2600,198.987
586,378,root,0,NA,NA,378,198.925
587,2260,root,0,NA,NA,2260,198.881
588,713,root,0,NA,NA,713,198.871
589,10532,root,0,NA,NA,10532,198.793
590,6935,root,0,NA,NA,6935,198.758
591,16596,root,0,NA,NA,16596,198.754
592,4878,root,0,NA,NA,4878,198.736
593,3707,root,0,NA,NA,3707,198.715
594,4344,root,0,NA,NA,4344,198.679
595,5407,root,0,NA,NA,5407,198.634
596,14921,root,0,NA,NA,14921,198.625
597,671,root,0,NA,NA,671,198.558
598,3568,root,0,NA,NA,3568,198.532
599,2759,root,0,NA,NA,2759,198.524
600,1118,root,0,NA,NA,1118,198.509
601,3400,root,0,NA,NA,3400,198.498
602,7863,root,0,NA,NA,7863,198.462
603,18220,root,0,NA,NA,18220,198.389
604,802,root,0,NA,NA,802,198.383
605,19152,root,0,NA,NA,19152,198.337
606,18918,root,0,NA,NA,18918,198.333
607,1478,root,0,NA,NA,1478,198.172
608,480,root,0,NA,NA,480,198.095
609,5165,root,0,NA,NA,5165,198.076
610,17981,root,0,NA,NA,17981,198.072
611,103,root,0,NA,NA,103,198.065
612,2152,root,0,NA,NA,2152,198.06
613,2013,root,0,NA,NA,2013,198.06
614,297,root,0,NA,NA,297,198.023
615,3207,root,0,NA,NA,3207,198.001
616,1444,root,0,NA,NA,1444,197.975
617,731,root,0,NA,NA,731,197.971
618,5812,root,0,NA,NA,5812,197.965
619,3026,root,0,NA,NA,3026,197.907
620,16429,root,0,NA,NA,16429,197.843
621,17039,root,0,NA,NA,17039,197.749
622,1882,root,0,NA,NA,1882,197.692
623,171,root,0,NA,NA,171,197.612
624,17610,root,0,NA,NA,17610,197.609
625,5896,root,0,NA,NA,5896,197.566
626,1992,root,0,NA,NA,1992,197.528
627,6974,root,0,NA,NA,6974,197.506
628,1504,root,0,NA,NA,1504,197.472
629,1861,root,0,NA,NA,1861,197.468
630,17824,root,0,NA,NA,17824,197.427
631,7218,root,0,NA,NA,7218,197.391
632,1201,root,0,NA,NA,1201,197.374
633,430,root,0,NA,NA,430,197.324
634,8254,root,0,NA,NA,8254,197.3
635,4389,root,0,NA,NA,4389,197.299
636,3521,root,0,NA,NA,3521,197.293
637,11054,root,0,NA,NA,11054,197.228
638,66,root,0,NA,NA,66,197.154
639,7430,root,0,NA,NA,7430,197.136
640,7865,root,0,NA,NA,7865,197.121
641,700,root,0,NA,NA,700,197.071
642,4805,root,0,NA,NA,4805,197.07
643,4323,root,0,NA,NA,4323,197.046
644,3427,root,0,NA,NA,3427,196.998
645,5833,root,0,NA,NA,5833,196.989
646,3738,root,0,NA,NA,3738,196.97
647,1853,root,0,NA,NA,1853,196.969
648,2788,root,0,NA,NA,2788,196.964
649,1773,root,0,NA,NA,1773,196.955
650,16125,root,0,NA,NA,16125,196.927
651,17414,root,0,NA,NA,17414,196.901
652,13902,root,0,NA,NA,13902,196.885
653,3314,root,0,NA,NA,3314,196.857
654,8316,root,0,NA,NA,8316,196.811
655,5566,root,0,NA,NA,5566,196.795
656,1895,root,0,NA,NA,1895,196.78
657,3254,root,0,NA,NA,3254,196.763
658,4090,root,0,NA,NA,4090,196.761
659,658,root,0,NA,NA,658,196.74
660,32,root,0,NA,NA,32,196.703
661,467,root,0,NA,NA,467,196.701
662,18783,root,0,NA,NA,18783,196.69
663,1924,root,0,NA,NA,1924,196.665
664,3802,root,0,NA,NA,3802,196.603
665,6784,root,0,NA,NA,6784,196.595
666,5121,root,0,NA,NA,5121,196.577
667,1362,root,0,NA,NA,1362,196.573
668,1315,root,0,NA,NA,1315,196.553
669,7189,root,0,NA,NA,7189,196.548
670,2597,root,0,NA,NA,2597,196.495
671,1865,root,0,NA,NA,1865,196.41
672,930,root,0,NA,NA,930,196.392
673,16722,root,0,NA,NA,16722,196.385
674,3497,root,0,NA,NA,3497,196.382
675,14501,root,0,NA,NA,14501,196.37
676,3165,root,0,NA,NA,3165,196.319
677,19054,root,0,NA,NA,19054,196.315
678,613,root,0,NA,NA,613,196.302
679,5498,root,0,NA,NA,5498,196.272
680,637,root,0,NA,NA,637,196.25
681,2406,root,0,NA,NA,2406,196.233
682,8169,root,0,NA,NA,8169,196.225
683,5249,root,0,NA,NA,5249,196.216
684,3673,root,0,NA,NA,3673,196.185
685,6858,root,0,NA,NA,6858,196.11
686,16973,root,0,NA,NA,16973,196.109
687,7142,root,0,NA,NA,7142,196.09
688,2639,root,0,NA,NA,2639,196.078
689,3644,root,0,NA,NA,3644,196.049
690,19982,root,0,NA,NA,19982,196.043
691,7805,root,0,NA,NA,7805,195.988
692,3915,root,0,NA,NA,3915,195.946
693,5511,root,0,NA,NA,5511,195.921
694,4500,root,0,NA,NA,4500,195.878
695,16392,root,0,NA,NA,16392,195.867
696,928,root,0,NA,NA,928,195.854
697,2539,root,0,NA,NA,2539,195.852
698,2294,root,0,NA,NA,2294,195.813
699,19615,root,0,NA,NA,19615,195.812
700,18431,root,0,NA,NA,18431,195.808
701,7422,root,0,NA,NA,7422,195.767
702,8262,root,0,NA,NA,8262,195.747
703,4035,root,0,NA,NA,4035,195.746
704,5294,root,0,NA,NA,5294,195.734
705,7433,root,0,NA,NA,7433,195.697
706,9593,root,0,NA,NA,9593,195.677
707,901,root,0,NA,NA,901,195.653
708,2798,root,0,NA,NA,2798,195.626
709,1136,root,0,NA,NA,1136,195.626
710,1881,root,0,NA,NA,1881,195.594
711,4881,root,0,NA,NA,4881,195.543
712,2002,root,0,NA,NA,2002,195.488
713,16434,root,0,NA,NA,16434,195.432
714,6776,root,0,NA,NA,6776,195.424
715,16457,root,0,NA,NA,16457,195.385
716,5253,root,0,NA,NA,5253,195.371
717,215,root,0,NA,NA,215,195.358
718,4742,root,0,NA,NA,4742,195.354
719,2979,root,0,NA,NA,2979,195.349
720,18575,root,0,NA,NA,18575,195.32
721,7226,root,0,NA,NA,7226,195.262
722,399,root,0,NA,NA,399,195.245
723,5001,root,0,NA,NA,5001,195.18
724,16094,root,0,NA,NA,16094,195.138
725,6032,root,0,NA,NA,6032,195.101
726,17543,root,0,NA,NA,17543,195.088
727,3445,root,0,NA,NA,3445,195.057
728,15472,root,0,NA,NA,15472,195.015
729,4605,root,0,NA,NA,4605,194.948
730,9684,root,0,NA,NA,9684,194.929
731,5490,root,0,NA,NA,5490,194.841
732,3573,root,0,NA,NA,3573,194.831
733,3594,root,0,NA,NA,3594,194.831
734,3586,root,0,NA,NA,3586,194.794
735,4700,root,0,NA,NA,4700,194.792
736,3560,root,0,NA,NA,3560,194.785
737,4708,root,0,NA,NA,4708,194.775
738,2186,root,0,NA,NA,2186,194.764
739,1525,root,0,NA,NA,1525,194.698
740,2289,root,0,NA,NA,2289,194.682
741,2615,root,0,NA,NA,2615,194.647
742,3581,root,0,NA,NA,3581,194.645
743,5529,root,0,NA,NA,5529,194.559
744,3860,root,0,NA,NA,3860,194.447
745,5652,root,0,NA,NA,5652,194.428
746,566,root,0,NA,NA,566,194.417
747,16703,root,0,NA,NA,16703,194.379
748,168,root,0,NA,NA,168,194.377
749,498,root,0,NA,NA,498,194.365
750,875,root,0,NA,NA,875,194.355
751,2089,root,0,NA,NA,2089,194.34
752,852,root,0,NA,NA,852,194.324
753,346,root,0,NA,NA,346,194.304
754,13492,root,0,NA,NA,13492,194.278
755,5477,root,0,NA,NA,5477,194.249
756,2735,root,0,NA,NA,2735,194.209
757,6050,root,0,NA,NA,6050,194.205
758,5579,root,0,NA,NA,5579,194.198
759,2701,root,0,NA,NA,2701,194.172
760,4347,root,0,NA,NA,4347,194.171
761,15679,root,0,NA,NA,15679,194.161
762,15217,root,0,NA,NA,15217,194.135
763,459,root,0,NA,NA,459,194.092
764,553,root,0,NA,NA,553,194.059
765,4161,root,0,NA,NA,4161,194.047
766,5791,root,0,NA,NA,5791,194.024
767,4534,root,0,NA,NA,4534,193.984
768,3335,root,0,NA,NA,3335,193.953
769,4637,root,0,NA,NA,4637,193.916
770,7627,root,0,NA,NA,7627,193.892
771,4103,root,0,NA,NA,4103,193.824
772,383,root,0,NA,NA,383,193.807
773,15625,root,0,NA,NA,15625,193.803
774,16264,root,0,NA,NA,16264,193.8
775,116,root,0,NA,NA,116,193.714
776,1022,root,0,NA,NA,1022,193.647
777,7417,root,0,NA,NA,7417,193.597
778,718,root,0,NA,NA,718,193.597
779,3333,root,0,NA,NA,3333,193.57
780,10342,root,0,NA,NA,10342,193.515
781,6689,root,0,NA,NA,6689,193.512
782,16968,root,0,NA,NA,16968,193.494
783,286,root,0,NA,NA,286,193.468
784,9820,root,0,NA,NA,9820,193.454
785,2191,root,0,NA,NA,2191,193.421
786,9671,root,0,NA,NA,9671,193.376
787,2649,root,0,NA,NA,2649,193.339
788,4289,root,0,NA,NA,4289,193.296
789,1149,root,0,NA,NA,1149,193.256
790,15970,root,0,NA,NA,15970,193.228
791,3063,root,0,NA,NA,3063,193.21
792,5503,root,0,NA,NA,5503,193.183
793,16805,root,0,NA,NA,16805,193.163
794,19941,root,0,NA,NA,19941,193.161
795,818,root,0,NA,NA,818,193.151
796,2552,root,0,NA,NA,2552,193.144
797,16080,root,0,NA,NA,16080,193.104
798,17128,root,0,NA,NA,17128,193.096
799,5519,root,0,NA,NA,5519,193.065
800,18417,root,0,NA,NA,18417,192.959
801,18560,root,0,NA,NA,18560,192.942
802,137,root,0,NA,NA,137,192.938
803,16717,root,0,NA,NA,16717,192.89
804,8231,root,0,NA,NA,8231,192.886
805,12151,root,0,NA,NA,12151,192.856
806,5848,root,0,NA,NA,5848,192.822
807,5233,root,0,NA,NA,5233,192.768
808,915,root,0,NA,NA,915,192.763
809,7016,root,0,NA,NA,7016,192.762
810,5516,root,0,NA,NA,5516,192.693
811,17700,root,0,NA,NA,17700,192.678
812,9668,root,0,NA,NA,9668,192.665
813,1848,root,0,NA,NA,1848,192.658
814,6614,root,0,NA,NA,6614,192.648
815,493,root,0,NA,NA,493,192.646
816,2411,root,0,NA,NA,2411,192.626
817,16591,root,0,NA,NA,16591,192.592
818,4618,root,0,NA,NA,4618,192.542
819,16458,root,0,NA,NA,16458,192.538
820,7307,root,0,NA,NA,7307,192.508
821,6598,root,0,NA,NA,6598,192.493
822,1887,root,0,NA,NA,1887,192.482
823,1517,root,0,NA,NA,1517,192.431
824,5412,root,0,NA,NA,5412,192.418
825,3610,root,0,NA,NA,3610,192.415
826,16193,root,0,NA,NA,16193,192.403
827,5553,root,0,NA,NA,5553,192.402
828,11205,root,0,NA,NA,11205,192.349
829,22,root,0,NA,NA,22,192.347
830,4219,root,0,NA,NA,4219,192.299
831,5300,root,0,NA,NA,5300,192.27
832,4868,root,0,NA,NA,4868,192.197
833,1240,root,0,NA,NA,1240,192.177
834,4336,root,0,NA,NA,4336,192.161
835,6894,root,0,NA,NA,6894,192.138
836,6839,root,0,NA,NA,6839,192.102
837,1496,root,0,NA,NA,1496,192.081
838,1141,root,0,NA,NA,1141,192.075
839,6029,root,0,NA,NA,6029,192.055
840,4747,root,0,NA,NA,4747,192.037
841,4891,root,0,NA,NA,4891,192.004
842,936,root,0,NA,NA,936,191.999
843,1162,root,0,NA,NA,1162,191.991
844,5961,root,0,NA,NA,5961,191.97
845,4518,root,0,NA,NA,4518,191.955
846,1128,root,0,NA,NA,1128,191.934
847,6826,root,0,NA,NA,6826,191.909
848,1569,root,0,NA,NA,1569,191.877
849,3086,root,0,NA,NA,3086,191.853
850,2576,root,0,NA,NA,2576,191.809
851,3565,root,0,NA,NA,3565,191.807
852,4048,root,0,NA,NA,4048,191.776
853,1786,root,0,NA,NA,1786,191.691
854,1491,root,0,NA,NA,1491,191.669
855,5940,root,0,NA,NA,5940,191.666
856,1705,root,0,NA,NA,1705,191.66
857,5274,root,0,NA,NA,5274,191.6
858,2000,root,0,NA,NA,2000,191.589
859,1776,root,0,NA,NA,1776,191.587
860,11588,root,0,NA,NA,11588,191.581
861,194,root,0,NA,NA,194,191.553
862,15098,root,0,NA,NA,15098,191.537
863,1869,root,0,NA,NA,1869,191.531
864,4555,root,0,NA,NA,4555,191.523
865,17245,root,0,NA,NA,17245,191.475
866,2313,root,0,NA,NA,2313,191.472
867,7964,root,0,NA,NA,7964,191.465
868,5883,root,0,NA,NA,5883,191.42
869,15327,root,0,NA,NA,15327,191.362
870,9831,root,0,NA,NA,9831,191.351
871,768,root,0,NA,NA,768,191.331
872,8561,root,0,NA,NA,8561,191.318
873,4894,root,0,NA,NA,4894,191.294
874,7435,root,0,NA,NA,7435,191.286
875,95,root,0,NA,NA,95,191.244
876,12146,root,0,NA,NA,12146,191.23
877,4211,root,0,NA,NA,4211,191.22
878,2157,root,0,NA,NA,2157,191.208
879,18732,root,0,NA,NA,18732,191.162
880,1916,root,0,NA,NA,1916,191.142
881,3946,root,0,NA,NA,3946,191.128
882,642,root,0,NA,NA,642,191.105
883,3369,root,0,NA,NA,3369,191.104
884,1110,root,0,NA,NA,1110,191.104
885,17303,root,0,NA,NA,17303,191.057
886,9836,root,0,NA,NA,9836,191.032
887,17897,root,0,NA,NA,17897,191.027
888,9567,root,0,NA,NA,9567,190.979
889,1457,root,0,NA,NA,1457,190.972
890,4952,root,0,NA,NA,4952,190.962
891,3702,root,0,NA,NA,3702,190.957
892,7466,root,0,NA,NA,7466,190.956
893,5820,root,0,NA,NA,5820,190.904
894,7370,root,0,NA,NA,7370,190.881
895,7651,root,0,NA,NA,7651,190.872
896,2537,root,0,NA,NA,2537,190.855
897,1409,root,0,NA,NA,1409,190.824
898,2853,root,0,NA,NA,2853,190.82
899,16902,root,0,NA,NA,16902,190.812
900,2042,root,0,NA,NA,2042,190.808
901,15630,root,0,NA,NA,15630,190.787
902,18782,root,0,NA,NA,18782,190.698
903,1799,root,0,NA,NA,1799,190.691
904,7842,root,0,NA,NA,7842,190.667
905,3448,root,0,NA,NA,3448,190.637
906,5948,root,0,NA,NA,5948,190.565
907,734,root,0,NA,NA,734,190.538
908,18763,root,0,NA,NA,18763,190.523
909,1833,root,0,NA,NA,1833,190.5
910,5799,root,0,NA,NA,5799,190.423
911,5186,root,0,NA,NA,5186,190.418
912,11286,root,0,NA,NA,11286,190.36
913,10438,root,0,NA,NA,10438,190.358
914,4592,root,0,NA,NA,4592,190.338
915,1765,root,0,NA,NA,1765,190.297
916,3317,root,0,NA,NA,3317,190.296
917,4571,root,0,NA,NA,4571,190.27
918,10535,root,0,NA,NA,10535,190.242
919,18089,root,0,NA,NA,18089,190.21
920,1391,root,0,NA,NA,1391,190.21
921,687,root,0,NA,NA,687,190.167
922,3660,root,0,NA,NA,3660,190.112
923,8624,root,0,NA,NA,8624,190.11
924,6470,root,0,NA,NA,6470,190.098
925,3534,root,0,NA,NA,3534,190.071
926,7003,root,0,NA,NA,7003,190.057
927,6053,root,0,NA,NA,6053,190.054
928,8616,root,0,NA,NA,8616,190.038
929,7108,root,0,NA,NA,7108,190.013
930,6189,root,0,NA,NA,6189,189.999
931,17411,root,0,NA,NA,17411,189.983
932,2626,root,0,NA,NA,2626,189.973
933,16890,root,0,NA,NA,16890,189.962
934,5621,root,0,NA,NA,5621,189.962
935,5318,root,0,NA,NA,5318,189.934
936,1866,root,0,NA,NA,1866,189.897
937,13328,root,0,NA,NA,13328,189.896
938,896,root,0,NA,NA,896,189.874
939,5909,root,0,NA,NA,5909,189.85
940,6472,root,0,NA,NA,6472,189.826
941,4271,root,0,NA,NA,4271,189.788
942,5888,root,0,NA,NA,5888,189.753
943,4313,root,0,NA,NA,4313,189.725
944,3550,root,0,NA,NA,3550,189.722
945,3408,root,0,NA,NA,3408,189.668
946,7956,root,0,NA,NA,7956,189.648
947,935,root,0,NA,NA,935,189.564
948,16970,root,0,NA,NA,16970,189.543
949,5605,root,0,NA,NA,5605,189.525
950,6399,root,0,NA,NA,6399,189.491
951,532,root,0,NA,NA,532,189.453
952,5506,root,0,NA,NA,5506,189.433
953,1903,root,0,NA,NA,1903,189.425
954,3293,root,0,NA,NA,3293,189.421
955,13596,root,0,NA,NA,13596,189.378
956,6131,root,0,NA,NA,6131,189.337
957,15095,root,0,NA,NA,15095,189.321
958,5155,root,0,NA,NA,5155,189.288
959,18280,root,0,NA,NA,18280,189.288
960,1847,root,0,NA,NA,1847,189.258
961,6507,root,0,NA,NA,6507,189.237
962,19913,root,0,NA,NA,19913,189.222
963,8705,root,0,NA,NA,8705,189.218
964,1890,root,0,NA,NA,1890,189.196
965,4334,root,0,NA,NA,4334,189.194
966,7924,root,0,NA,NA,7924,189.147
967,5592,root,0,NA,NA,5592,189.136
968,19408,root,0,NA,NA,19408,189.135
969,3194,root,0,NA,NA,3194,189.129
970,19897,root,0,NA,NA,19897,189.125
971,8040,root,0,NA,NA,8040,189.103
972,9679,root,0,NA,NA,9679,189.079
973,5969,root,0,NA,NA,5969,189.029
974,4365,root,0,NA,NA,4365,189.025
975,2987,root,0,NA,NA,2987,189.017
976,1757,root,0,NA,NA,1757,189.011
977,7834,root,0,NA,NA,7834,188.995
978,8678,root,0,NA,NA,8678,188.993
979,7716,root,0,NA,NA,7716,188.987
980,17123,root,0,NA,NA,17123,188.987
981,4587,root,0,NA,NA,4587,188.984
982,16500,root,0,NA,NA,16500,188.963
983,5236,root,0,NA,NA,5236,188.944
984,12196,root,0,NA,NA,12196,188.929
985,5904,root,0,NA,NA,5904,188.91
986,7330,root,0,NA,NA,7330,188.862
987,15544,root,0,NA,NA,15544,188.846
988,4114,root,0,NA,NA,4114,188.84
989,4547,root,0,NA,NA,4547,188.809
990,902,root,0,NA,NA,902,188.805
991,6139,root,0,NA,NA,6139,188.79
992,9410,root,0,NA,NA,9410,188.785
993,3000,root,0,NA,NA,3000,188.76
994,9812,root,0,NA,NA,9812,188.705
995,535,root,0,NA,NA,535,188.64
996,111,root,0,NA,NA,111,188.628
997,18246,root,0,NA,NA,18246,188.621
998,2984,root,0,NA,NA,2984,188.561
999,5867,root,0,NA,NA,5867,188.521
1000,365,root,0,NA,NA,365,188.515
1001,15667,root,0,NA,NA,15667,188.508
1002,8611,root,0,NA,NA,8611,188.502
1003,1425,root,0,NA,NA,1425,188.489
1004,2722,root,0,NA,NA,2722,188.487
1005,4826,root,0,NA,NA,4826,188.479
1006,13980,root,0,NA,NA,13980,188.476
1007,1172,root,0,NA,NA,1172,188.364
1008,2441,root,0,NA,NA,2441,188.3
1009,6554,root,0,NA,NA,6554,188.276
1010,15391,root,0,NA,NA,15391,188.267
1011,2039,root,0,NA,NA,2039,188.204
1012,5058,root,0,NA,NA,5058,188.161
1013,4022,root,0,NA,NA,4022,188.136
1014,9710,root,0,NA,NA,9710,188.131
1015,655,root,0,NA,NA,655,188.111
1016,8192,root,0,NA,NA,8192,188.104
1017,4349,root,0,NA,NA,4349,188.08
1018,1470,root,0,NA,NA,1470,188.075
1019,9292,root,0,NA,NA,9292,188.074
1020,1812,root,0,NA,NA,1812,188.048
1021,1778,root,0,NA,NA,1778,188.033
1022,5307,root,0,NA,NA,5307,188.008
1023,4776,root,0,NA,NA,4776,187.999
1024,17567,root,0,NA,NA,17567,187.996
1025,129,root,0,NA,NA,129,187.993
1026,8127,root,0,NA,NA,8127,187.966
1027,2961,root,0,NA,NA,2961,187.934
1028,19990,root,0,NA,NA,19990,187.931
1029,10339,root,0,NA,NA,10339,187.931
1030,7325,root,0,NA,NA,7325,187.88
1031,17605,root,0,NA,NA,17605,187.774
1032,5537,root,0,NA,NA,5537,187.747
1033,45,root,0,NA,NA,45,187.725
1034,2714,root,0,NA,NA,2714,187.707
1035,4597,root,0,NA,NA,4597,187.653
1036,10405,root,0,NA,NA,10405,187.653
1037,3720,root,0,NA,NA,3720,187.652
1038,1349,root,0,NA,NA,1349,187.636
1039,2566,root,0,NA,NA,2566,187.63
1040,6100,root,0,NA,NA,6100,187.591
1041,7097,root,0,NA,NA,7097,187.586
1042,2273,root,0,NA,NA,2273,187.581
1043,488,root,0,NA,NA,488,187.541
1044,831,root,0,NA,NA,831,187.489
1045,5331,root,0,NA,NA,5331,187.47
1046,2589,root,0,NA,NA,2589,187.432
1047,341,root,0,NA,NA,341,187.424
1048,17743,root,0,NA,NA,17743,187.41
1049,2118,root,0,NA,NA,2118,187.394
1050,7902,root,0,NA,NA,7902,187.363
1051,1981,root,0,NA,NA,1981,187.359
1052,645,root,0,NA,NA,645,187.329
1053,3223,root,0,NA,NA,3223,187.3
1054,8077,root,0,NA,NA,8077,187.288
1055,1606,root,0,NA,NA,1606,187.287
1056,3907,root,0,NA,NA,3907,187.207
1057,17698,root,0,NA,NA,17698,187.203
1058,7519,root,0,NA,NA,7519,187.166
1059,5542,root,0,NA,NA,5542,187.153
1060,7427,root,0,NA,NA,7427,187.146
1061,7932,root,0,NA,NA,7932,187.123
1062,1260,root,0,NA,NA,1260,187.117
1063,6074,root,0,NA,NA,6074,187.105
1064,5660,root,0,NA,NA,5660,187.089
1065,16678,root,0,NA,NA,16678,187.082
1066,6609,root,0,NA,NA,6609,187.08
1067,14727,root,0,NA,NA,14727,187.051
1068,9376,root,0,NA,NA,9376,187.023
1069,1084,root,0,NA,NA,1084,186.972
1070,6789,root,0,NA,NA,6789,186.969
1071,7810,root,0,NA,NA,7810,186.943
1072,7724,root,0,NA,NA,7724,186.942
1073,18229,root,0,NA,NA,18229,186.937
1074,8122,root,0,NA,NA,8122,186.933
1075,10448,root,0,NA,NA,10448,186.916
1076,2302,root,0,NA,NA,2302,186.898
1077,2647,root,0,NA,NA,2647,186.897
1078,7527,root,0,NA,NA,7527,186.891
1079,12850,root,0,NA,NA,12850,186.866
1080,7293,root,0,NA,NA,7293,186.848
1081,18778,root,0,NA,NA,18778,186.816
1082,6588,root,0,NA,NA,6588,186.807
1083,4789,root,0,NA,NA,4789,186.758
1084,11685,root,0,NA,NA,11685,186.723
1085,147,root,0,NA,NA,147,186.722
1086,6254,root,0,NA,NA,6254,186.716
1087,8172,root,0,NA,NA,8172,186.66
1088,5613,root,0,NA,NA,5613,186.621
1089,5521,root,0,NA,NA,5521,186.62
1090,697,root,0,NA,NA,697,186.618
1091,56,root,0,NA,NA,56,186.57
1092,847,root,0,NA,NA,847,186.556
1093,3327,root,0,NA,NA,3327,186.529
1094,862,root,0,NA,NA,862,186.497
1095,9559,root,0,NA,NA,9559,186.47
1096,6831,root,0,NA,NA,6831,186.469
1097,6533,root,0,NA,NA,6533,186.403
1098,6499,root,0,NA,NA,6499,186.392
1099,7375,root,0,NA,NA,7375,186.374
1100,17120,root,0,NA,NA,17120,186.363
1101,4629,root,0,NA,NA,4629,186.319
1102,18421,root,0,NA,NA,18421,186.31
1103,1845,root,0,NA,NA,1845,186.289
1104,242,root,0,NA,NA,242,186.283
1105,16432,root,0,NA,NA,16432,186.266
1106,9736,root,0,NA,NA,9736,186.243
1107,5495,root,0,NA,NA,5495,186.234
1108,11,root,0,NA,NA,11,186.21
1109,2255,root,0,NA,NA,2255,186.148
1110,14743,root,0,NA,NA,14743,186.135
1111,5827,root,0,NA,NA,5827,186.077
1112,923,root,0,NA,NA,923,186.064
1113,3275,root,0,NA,NA,3275,186.061
1114,910,root,0,NA,NA,910,186.057
1115,944,root,0,NA,NA,944,186.057
1116,1089,root,0,NA,NA,1089,186.049
1117,15256,root,0,NA,NA,15256,186.028
1118,1235,root,0,NA,NA,1235,185.984
1119,13479,root,0,NA,NA,13479,185.967
1120,15214,root,0,NA,NA,15214,185.961
1121,773,root,0,NA,NA,773,185.955
1122,7152,root,0,NA,NA,7152,185.937
1123,511,root,0,NA,NA,511,185.935
1124,7296,root,0,NA,NA,7296,185.929
1125,158,root,0,NA,NA,158,185.92
1126,16887,root,0,NA,NA,16887,185.919
1127,2015,root,0,NA,NA,2015,185.88
1128,4027,root,0,NA,NA,4027,185.866
1129,79,root,0,NA,NA,79,185.865
1130,6391,root,0,NA,NA,6391,185.825
1131,16083,root,0,NA,NA,16083,185.816
1132,7951,root,0,NA,NA,7951,185.79
1133,2336,root,0,NA,NA,2336,185.764
1134,8760,root,0,NA,NA,8760,185.725
1135,4082,root,0,NA,NA,4082,185.72
1136,12632,root,0,NA,NA,12632,185.711
1137,9231,root,0,NA,NA,9231,185.661
1138,4328,root,0,NA,NA,4328,185.65
1139,7839,root,0,NA,NA,7839,185.641
1140,3123,root,0,NA,NA,3123,185.636
1141,5634,root,0,NA,NA,5634,185.629
1142,5310,root,0,NA,NA,5310,185.617
1143,3424,root,0,NA,NA,3424,185.61
1144,17329,root,0,NA,NA,17329,185.588
1145,2205,root,0,NA,NA,2205,185.582
1146,17369,root,0,NA,NA,17369,185.531
1147,7309,root,0,NA,NA,7309,185.521
1148,4847,root,0,NA,NA,4847,185.519
1149,17261,root,0,NA,NA,17261,185.512
1150,1543,root,0,NA,NA,1543,185.494
1151,3670,root,0,NA,NA,3670,185.49
1152,17041,root,0,NA,NA,17041,185.47
1153,6737,root,0,NA,NA,6737,185.468
1154,1357,root,0,NA,NA,1357,185.466
1155,17895,root,0,NA,NA,17895,185.465
1156,16632,root,0,NA,NA,16632,185.458
1157,4994,root,0,NA,NA,4994,185.445
1158,7252,root,0,NA,NA,7252,185.445
1159,8582,root,0,NA,NA,8582,185.439
1160,2568,root,0,NA,NA,2568,185.426
1161,9127,root,0,NA,NA,9127,185.408
1162,7378,root,0,NA,NA,7378,185.371
1163,12548,root,0,NA,NA,12548,185.369
1164,5558,root,0,NA,NA,5558,185.34
1165,7711,root,0,NA,NA,7711,185.22
1166,6943,root,0,NA,NA,6943,185.216
1167,5597,root,0,NA,NA,5597,185.178
1168,5841,root,0,NA,NA,5841,185.141
1169,4613,root,0,NA,NA,4613,185.138
1170,16211,root,0,NA,NA,16211,185.112
1171,19395,root,0,NA,NA,19395,185.076
1172,362,root,0,NA,NA,362,185.069
1173,2927,root,0,NA,NA,2927,185.055
1174,7991,root,0,NA,NA,7991,185.049
1175,6318,root,0,NA,NA,6318,185.036
1176,16085,root,0,NA,NA,16085,185.019
1177,19435,root,0,NA,NA,19435,185.015
1178,592,root,0,NA,NA,592,185.007
1179,6805,root,0,NA,NA,6805,185.001
1180,3789,root,0,NA,NA,3789,184.992
1181,17852,root,0,NA,NA,17852,184.988
1182,18235,root,0,NA,NA,18235,184.967
1183,5956,root,0,NA,NA,5956,184.924
1184,1157,root,0,NA,NA,1157,184.858
1185,574,root,0,NA,NA,574,184.843
1186,9749,root,0,NA,NA,9749,184.834
1187,18670,root,0,NA,NA,18670,184.825
1188,15708,root,0,NA,NA,15708,184.821
1189,17101,root,0,NA,NA,17101,184.814
1190,18800,root,0,NA,NA,18800,184.801
1191,1815,root,0,NA,NA,1815,184.782
1192,4692,root,0,NA,NA,4692,184.781
1193,4402,root,0,NA,NA,4402,184.766
1194,6008,root,0,NA,NA,6008,184.764
1195,14722,root,0,NA,NA,14722,184.758
1196,18436,root,0,NA,NA,18436,184.754
1197,7545,root,0,NA,NA,7545,184.751
1198,15711,root,0,NA,NA,15711,184.737
1199,19018,root,0,NA,NA,19018,184.715
1200,13896,root,0,NA,NA,13896,184.691
1201,6326,root,0,NA,NA,6326,184.689
1202,15166,root,0,NA,NA,15166,184.684
1203,7659,root,0,NA,NA,7659,184.649
1204,5629,root,0,NA,NA,5629,184.64
1205,17115,root,0,NA,NA,17115,184.58
1206,11951,root,0,NA,NA,11951,184.58
1207,2427,root,0,NA,NA,2427,184.574
1208,5390,root,0,NA,NA,5390,184.566
1209,17381,root,0,NA,NA,17381,184.56
1210,9239,root,0,NA,NA,9239,184.539
1211,891,root,0,NA,NA,891,184.532
1212,7524,root,0,NA,NA,7524,184.521
1213,6525,root,0,NA,NA,6525,184.515
1214,11049,root,0,NA,NA,11049,184.493
1215,14188,root,0,NA,NA,14188,184.459
1216,2170,root,0,NA,NA,2170,184.454
1217,8012,root,0,NA,NA,8012,184.396
1218,12397,root,0,NA,NA,12397,184.395
1219,14213,root,0,NA,NA,14213,184.395
1220,1509,root,0,NA,NA,1509,184.335
1221,16562,root,0,NA,NA,16562,184.311
1222,15020,root,0,NA,NA,15020,184.281
1223,9744,root,0,NA,NA,9744,184.267
1224,328,root,0,NA,NA,328,184.238
1225,870,root,0,NA,NA,870,184.207
1226,17840,root,0,NA,NA,17840,184.2
1227,6606,root,0,NA,NA,6606,184.166
1228,1825,root,0,NA,NA,1825,184.161
1229,14603,root,0,NA,NA,14603,184.142
1230,6019,root,0,NA,NA,6019,184.115
1231,11208,root,0,NA,NA,11208,184.099
1232,17701,root,0,NA,NA,17701,184.097
1233,914,root,0,NA,NA,914,184.071
1234,7315,root,0,NA,NA,7315,184.067
1235,4140,root,0,NA,NA,4140,184.065
1236,2105,root,0,NA,NA,2105,184.053
1237,16957,root,0,NA,NA,16957,184.05
1238,9951,root,0,NA,NA,9951,184.021
1239,5584,root,0,NA,NA,5584,184.012
1240,7349,root,0,NA,NA,7349,183.999
1241,197,root,0,NA,NA,197,183.992
1242,5339,root,0,NA,NA,5339,183.977
1243,2216,root,0,NA,NA,2216,183.975
1244,4915,root,0,NA,NA,4915,183.949
1245,9862,root,0,NA,NA,9862,183.949
1246,2558,root,0,NA,NA,2558,183.948
1247,5772,root,0,NA,NA,5772,183.908
1248,7553,root,0,NA,NA,7553,183.899
1249,16522,root,0,NA,NA,16522,183.893
1250,16520,root,0,NA,NA,16520,183.888
1251,19979,root,0,NA,NA,19979,183.854
1252,8768,root,0,NA,NA,8768,183.836
1253,15541,root,0,NA,NA,15541,183.823
1254,6441,root,0,NA,NA,6441,183.822
1255,18795,root,0,NA,NA,18795,183.82
1256,8991,root,0,NA,NA,8991,183.754
1257,15644,root,0,NA,NA,15644,183.751
1258,6418,root,0,NA,NA,6418,183.735
1259,5626,root,0,NA,NA,5626,183.73
1260,3566,root,0,NA,NA,3566,183.728
1261,396,root,0,NA,NA,396,183.671
1262,2084,root,0,NA,NA,2084,183.645
1263,2361,root,0,NA,NA,2361,183.641
1264,386,root,0,NA,NA,386,183.63
1265,16971,root,0,NA,NA,16971,183.614
1266,883,root,0,NA,NA,883,183.613
1267,5134,root,0,NA,NA,5134,183.597
1268,16525,root,0,NA,NA,16525,183.577
1269,7983,root,0,NA,NA,7983,183.576
1270,1188,root,0,NA,NA,1188,183.553
1271,15060,root,0,NA,NA,15060,183.469
1272,2382,root,0,NA,NA,2382,183.453
1273,3967,root,0,NA,NA,3967,183.447
1274,9109,root,0,NA,NA,9109,183.412
1275,7461,root,0,NA,NA,7461,183.405
1276,5223,root,0,NA,NA,5223,183.389
1277,17157,root,0,NA,NA,17157,183.383
1278,7837,root,0,NA,NA,7837,183.378
1279,5919,root,0,NA,NA,5919,183.35
1280,17117,root,0,NA,NA,17117,183.347
1281,3847,root,0,NA,NA,3847,183.34
1282,2858,root,0,NA,NA,2858,183.339
1283,6404,root,0,NA,NA,6404,183.287
1284,3267,root,0,NA,NA,3267,183.273
1285,255,root,0,NA,NA,255,183.27
1286,9495,root,0,NA,NA,9495,183.264
1287,9459,root,0,NA,NA,9459,183.254
1288,6383,root,0,NA,NA,6383,183.23
1289,10211,root,0,NA,NA,10211,183.222
1290,18798,root,0,NA,NA,18798,183.207
1291,19394,root,0,NA,NA,19394,183.124
1292,6483,root,0,NA,NA,6483,183.106
1293,15939,root,0,NA,NA,15939,183.097
1294,17995,root,0,NA,NA,17995,183.081
1295,5428,root,0,NA,NA,5428,183.067
1296,1123,root,0,NA,NA,1123,183.064
1297,4610,root,0,NA,NA,4610,183.042
1298,8072,root,0,NA,NA,8072,183.039
1299,10486,root,0,NA,NA,10486,182.961
1300,17162,root,0,NA,NA,17162,182.935
1301,6792,root,0,NA,NA,6792,182.935
1302,15714,root,0,NA,NA,15714,182.919
1303,16884,root,0,NA,NA,16884,182.913
1304,4980,root,0,NA,NA,4980,182.893
1305,454,root,0,NA,NA,454,182.869
1306,11294,root,0,NA,NA,11294,182.862
1307,8576,root,0,NA,NA,8576,182.857
1308,8220,root,0,NA,NA,8220,182.853
1309,13740,root,0,NA,NA,13740,182.852
1310,8996,root,0,NA,NA,8996,182.834
1311,8324,root,0,NA,NA,8324,182.829
1312,8419,root,0,NA,NA,8419,182.811
1313,1911,root,0,NA,NA,1911,182.785
1314,7753,root,0,NA,NA,7753,182.768
1315,15797,root,0,NA,NA,15797,182.754
1316,11291,root,0,NA,NA,11291,182.75
1317,284,root,0,NA,NA,284,182.643
1318,108,root,0,NA,NA,108,182.63
1319,9715,root,0,NA,NA,9715,182.619
1320,5108,root,0,NA,NA,5108,182.619
1321,18238,root,0,NA,NA,18238,182.603
1322,16222,root,0,NA,NA,16222,182.546
1323,6990,root,0,NA,NA,6990,182.531
1324,2021,root,0,NA,NA,2021,182.526
1325,16843,root,0,NA,NA,16843,182.499
1326,8587,root,0,NA,NA,8587,182.482
1327,15709,root,0,NA,NA,15709,182.48
1328,1256,root,0,NA,NA,1256,182.451
1329,4352,root,0,NA,NA,4352,182.41
1330,789,root,0,NA,NA,789,182.407
1331,19466,root,0,NA,NA,19466,182.401
1332,17978,root,0,NA,NA,17978,182.379
1333,1585,root,0,NA,NA,1585,182.368
1334,9052,root,0,NA,NA,9052,182.368
1335,18018,root,0,NA,NA,18018,182.357
1336,857,root,0,NA,NA,857,182.339
1337,16481,root,0,NA,NA,16481,182.305
1338,10910,root,0,NA,NA,10910,182.294
1339,19908,root,0,NA,NA,19908,182.245
1340,1791,root,0,NA,NA,1791,182.222
1341,417,root,0,NA,NA,417,182.207
1342,16523,root,0,NA,NA,16523,182.194
1343,9418,root,0,NA,NA,9418,182.18
1344,4763,root,0,NA,NA,4763,182.172
1345,3246,root,0,NA,NA,3246,182.155
1346,4889,root,0,NA,NA,4889,182.137
1347,3354,root,0,NA,NA,3354,182.132
1348,813,root,0,NA,NA,813,182.121
1349,4224,root,0,NA,NA,4224,182.113
1350,19953,root,0,NA,NA,19953,182.1
1351,4734,root,0,NA,NA,4734,182.072
1352,14835,root,0,NA,NA,14835,182.058
1353,3144,root,0,NA,NA,3144,182.032
1354,9747,root,0,NA,NA,9747,182.021
1355,7493,root,0,NA,NA,7493,181.998
1356,8773,root,0,NA,NA,8773,181.969
1357,9687,root,0,NA,NA,9687,181.966
1358,15972,root,0,NA,NA,15972,181.952
1359,1836,root,0,NA,NA,1836,181.941
1360,1512,root,0,NA,NA,1512,181.938
1361,2063,root,0,NA,NA,2063,181.929
1362,1823,root,0,NA,NA,1823,181.902
1363,1844,root,0,NA,NA,1844,181.902
1364,5754,root,0,NA,NA,5754,181.9
1365,1810,root,0,NA,NA,1810,181.898
1366,17012,root,0,NA,NA,17012,181.89
1367,19910,root,0,NA,NA,19910,181.886
1368,3516,root,0,NA,NA,3516,181.878
1369,15747,root,0,NA,NA,15747,181.843
1370,2688,root,0,NA,NA,2688,181.841
1371,1831,root,0,NA,NA,1831,181.84
1372,1802,root,0,NA,NA,1802,181.802
1373,8490,root,0,NA,NA,8490,181.801
1374,5110,root,0,NA,NA,5110,181.776
1375,18830,root,0,NA,NA,18830,181.759
1376,9508,root,0,NA,NA,9508,181.754
1377,6358,root,0,NA,NA,6358,181.744
1378,18797,root,0,NA,NA,18797,181.728
1379,15639,root,0,NA,NA,15639,181.694
1380,7516,root,0,NA,NA,7516,181.69
1381,4797,root,0,NA,NA,4797,181.662
1382,1868,root,0,NA,NA,1868,181.646
1383,6797,root,0,NA,NA,6797,181.641
1384,9739,root,0,NA,NA,9739,181.615
1385,810,root,0,NA,NA,810,181.603
1386,8283,root,0,NA,NA,8283,181.511
1387,6502,root,0,NA,NA,6502,181.51
1388,1878,root,0,NA,NA,1878,181.482
1389,16102,root,0,NA,NA,16102,181.464
1390,4904,root,0,NA,NA,4904,181.448
1391,4834,root,0,NA,NA,4834,181.436
1392,3178,root,0,NA,NA,3178,181.432
1393,3395,root,0,NA,NA,3395,181.43
1394,9676,root,0,NA,NA,9676,181.429
1395,5244,root,0,NA,NA,5244,181.41
1396,11213,root,0,NA,NA,11213,181.407
1397,4300,root,0,NA,NA,4300,181.377
1398,4043,root,0,NA,NA,4043,181.353
1399,7596,root,0,NA,NA,7596,181.341
1400,18292,root,0,NA,NA,18292,181.296
1401,9741,root,0,NA,NA,9741,181.281
1402,1206,root,0,NA,NA,1206,181.28
1403,5647,root,0,NA,NA,5647,181.267
1404,603,root,0,NA,NA,603,181.251
1405,7548,root,0,NA,NA,7548,181.249
1406,12392,root,0,NA,NA,12392,181.229
1407,7346,root,0,NA,NA,7346,181.203
1408,13566,root,0,NA,NA,13566,181.193
1409,18437,root,0,NA,NA,18437,181.179
1410,16195,root,0,NA,NA,16195,181.162
1411,18418,root,0,NA,NA,18418,181.154
1412,17494,root,0,NA,NA,17494,181.113
1413,5142,root,0,NA,NA,5142,181.107
1414,18589,root,0,NA,NA,18589,181.068
1415,15795,root,0,NA,NA,15795,181.059
1416,6961,root,0,NA,NA,6961,181.049
1417,15792,root,0,NA,NA,15792,181.046
1418,6707,root,0,NA,NA,6707,180.983
1419,10905,root,0,NA,NA,10905,180.962
1420,19951,root,0,NA,NA,19951,180.896
1421,15900,root,0,NA,NA,15900,180.856
1422,7398,root,0,NA,NA,7398,180.826
1423,6930,root,0,NA,NA,6930,180.815
1424,19956,root,0,NA,NA,19956,180.777
1425,1879,root,0,NA,NA,1879,180.767
1426,4268,root,0,NA,NA,4268,180.732
1427,4341,root,0,NA,NA,4341,180.72
1428,1797,root,0,NA,NA,1797,180.72
1429,422,root,0,NA,NA,422,180.685
1430,3306,root,0,NA,NA,3306,180.662
1431,18190,root,0,NA,NA,18190,180.644
1432,18277,root,0,NA,NA,18277,180.628
1433,9562,root,0,NA,NA,9562,180.597
1434,9226,root,0,NA,NA,9226,180.568
1435,17810,root,0,NA,NA,17810,180.528
1436,10647,root,0,NA,NA,10647,180.507
1437,17397,root,0,NA,NA,17397,180.486
1438,2348,root,0,NA,NA,2348,180.445
1439,16885,root,0,NA,NA,16885,180.435
1440,10847,root,0,NA,NA,10847,180.423
1441,8713,root,0,NA,NA,8713,180.369
1442,2390,root,0,NA,NA,2390,180.317
1443,17368,root,0,NA,NA,17368,180.317
1444,5953,root,0,NA,NA,5953,180.303
1445,11460,root,0,NA,NA,11460,180.301
1446,15089,root,0,NA,NA,15089,180.255
1447,15942,root,0,NA,NA,15942,180.253
1448,8710,root,0,NA,NA,8710,180.216
1449,7529,root,0,NA,NA,7529,180.215
1450,5493,root,0,NA,NA,5493,180.172
1451,14185,root,0,NA,NA,14185,180.113
1452,5287,root,0,NA,NA,5287,180.093
1453,5068,root,0,NA,NA,5068,180.075
1454,6267,root,0,NA,NA,6267,180.018
1455,6907,root,0,NA,NA,6907,180.004
1456,4381,root,0,NA,NA,4381,179.994
1457,9405,root,0,NA,NA,9405,179.981
1458,16099,root,0,NA,NA,16099,179.971
1459,1951,root,0,NA,NA,1951,179.971
1460,19256,root,0,NA,NA,19256,179.937
1461,2340,root,0,NA,NA,2340,179.882
1462,12858,root,0,NA,NA,12858,179.87
1463,4321,root,0,NA,NA,4321,179.843
1464,2613,root,0,NA,NA,2613,179.84
1465,5749,root,0,NA,NA,5749,179.827
1466,7831,root,0,NA,NA,7831,179.815
1467,10842,root,0,NA,NA,10842,179.807
1468,1653,root,0,NA,NA,1653,179.8
1469,6538,root,0,NA,NA,6538,179.781
1470,18187,root,0,NA,NA,18187,179.781
1471,2675,root,0,NA,NA,2675,179.778
1472,2531,root,0,NA,NA,2531,179.765
1473,7432,root,0,NA,NA,7432,179.733
1474,6040,root,0,NA,NA,6040,179.702
1475,3065,root,0,NA,NA,3065,179.692
1476,6745,root,0,NA,NA,6745,179.666
1477,3304,root,0,NA,NA,3304,179.642
1478,6126,root,0,NA,NA,6126,179.622
1479,18779,root,0,NA,NA,18779,179.616
1480,16352,root,0,NA,NA,16352,179.616
1481,2948,root,0,NA,NA,2948,179.595
1482,3348,root,0,NA,NA,3348,179.552
1483,18259,root,0,NA,NA,18259,179.526
1484,9347,root,0,NA,NA,9347,179.524
1485,7779,root,0,NA,NA,7779,179.52
1486,15456,root,0,NA,NA,15456,179.448
1487,2743,root,0,NA,NA,2743,179.432
1488,7067,root,0,NA,NA,7067,179.418
1489,7569,root,0,NA,NA,7569,179.389
1490,4206,root,0,NA,NA,4206,179.377
1491,15989,root,0,NA,NA,15989,179.338
1492,1328,root,0,NA,NA,1328,179.325
1493,2832,root,0,NA,NA,2832,179.324
1494,6478,root,0,NA,NA,6478,179.32
1495,15546,root,0,NA,NA,15546,179.304
1496,626,root,0,NA,NA,626,179.303
1497,11510,root,0,NA,NA,11510,179.261
1498,13737,root,0,NA,NA,13737,179.259
1499,10117,root,0,NA,NA,10117,179.248
1500,1323,root,0,NA,NA,1323,179.241
1501,10433,root,0,NA,NA,10433,179.235
1502,6381,root,0,NA,NA,6381,179.187
1503,2628,root,0,NA,NA,2628,179.186
1504,5943,root,0,NA,NA,5943,179.164
1505,4192,root,0,NA,NA,4192,179.151
1506,179,root,0,NA,NA,179,179.136
1507,3781,root,0,NA,NA,3781,179.131
1508,349,root,0,NA,NA,349,179.12
1509,4695,root,0,NA,NA,4695,179.119
1510,744,root,0,NA,NA,744,179.065
1511,5266,root,0,NA,NA,5266,178.999
1512,8619,root,0,NA,NA,8619,178.96
1513,18420,root,0,NA,NA,18420,178.953
1514,15984,root,0,NA,NA,15984,178.943
1515,12149,root,0,NA,NA,12149,178.941
1516,1856,root,0,NA,NA,1856,178.893
1517,13057,root,0,NA,NA,13057,178.885
1518,8621,root,0,NA,NA,8621,178.875
1519,15543,root,0,NA,NA,15543,178.866
1520,11554,root,0,NA,NA,11554,178.862
1521,11289,root,0,NA,NA,11289,178.841
1522,16889,root,0,NA,NA,16889,178.806
1523,5508,root,0,NA,NA,5508,178.77
1524,634,root,0,NA,NA,634,178.767
1525,6449,root,0,NA,NA,6449,178.763
1526,5147,root,0,NA,NA,5147,178.696
1527,8017,root,0,NA,NA,8017,178.694
1528,13562,root,0,NA,NA,13562,178.657
1529,9122,root,0,NA,NA,9122,178.651
1530,18722,root,0,NA,NA,18722,178.608
1531,8020,root,0,NA,NA,8020,178.607
1532,8568,root,0,NA,NA,8568,178.532
1533,15015,root,0,NA,NA,15015,178.529
1534,4171,root,0,NA,NA,4171,178.525
1535,5733,root,0,NA,NA,5733,178.518
1536,237,root,0,NA,NA,237,178.476
1537,14806,root,0,NA,NA,14806,178.441
1538,2462,root,0,NA,NA,2462,178.437
1539,17106,root,0,NA,NA,17106,178.419
1540,18423,root,0,NA,NA,18423,178.366
1541,5966,root,0,NA,NA,5966,178.362
1542,18587,root,0,NA,NA,18587,178.337
1543,5210,root,0,NA,NA,5210,178.32
1544,2139,root,0,NA,NA,2139,178.297
1545,13028,root,0,NA,NA,13028,178.289
1546,3759,root,0,NA,NA,3759,178.285
1547,8765,root,0,NA,NA,8765,178.284
1548,17882,root,0,NA,NA,17882,178.265
1549,1619,root,0,NA,NA,1619,178.253
1550,524,root,0,NA,NA,524,178.246
1551,15944,root,0,NA,NA,15944,178.224
1552,5840,root,0,NA,NA,5840,178.218
1553,8590,root,0,NA,NA,8590,178.187
1554,9885,root,0,NA,NA,9885,178.162
1555,7556,root,0,NA,NA,7556,178.152
1556,15530,root,0,NA,NA,15530,178.15
1557,18216,root,0,NA,NA,18216,178.144
1558,10642,root,0,NA,NA,10642,178.106
1559,10692,root,0,NA,NA,10692,178.099
1560,5534,root,0,NA,NA,5534,178.095
1561,666,root,0,NA,NA,666,178.087
1562,7564,root,0,NA,NA,7564,178.084
1563,13743,root,0,NA,NA,13743,178.023
1564,3280,root,0,NA,NA,3280,178.015
1565,3416,root,0,NA,NA,3416,178.01
1566,9689,root,0,NA,NA,9689,177.987
1567,8739,root,0,NA,NA,8739,177.965
1568,708,root,0,NA,NA,708,177.941
1569,2754,root,0,NA,NA,2754,177.935
1570,755,root,0,NA,NA,755,177.93
1571,11468,root,0,NA,NA,11468,177.902
1572,7802,root,0,NA,NA,7802,177.874
1573,5571,root,0,NA,NA,5571,177.868
1574,10608,root,0,NA,NA,10608,177.85
1575,2374,root,0,NA,NA,2374,177.841
1576,7367,root,0,NA,NA,7367,177.832
1577,1222,root,0,NA,NA,1222,177.748
1578,77,root,0,NA,NA,77,177.745
1579,4810,root,0,NA,NA,4810,177.738
1580,17654,root,0,NA,NA,17654,177.716
1581,2204,root,0,NA,NA,2204,177.711
1582,19392,root,0,NA,NA,19392,177.696
1583,2239,root,0,NA,NA,2239,177.684
1584,1014,root,0,NA,NA,1014,177.656
1585,11557,root,0,NA,NA,11557,177.641
1586,12931,root,0,NA,NA,12931,177.624
1587,17625,root,0,NA,NA,17625,177.588
1588,12394,root,0,NA,NA,12394,177.565
1589,1987,root,0,NA,NA,1987,177.556
1590,10161,root,0,NA,NA,10161,177.547
1591,5474,root,0,NA,NA,5474,177.509
1592,16746,root,0,NA,NA,16746,177.5
1593,3977,root,0,NA,NA,3977,177.5
1594,19479,root,0,NA,NA,19479,177.497
1595,2071,root,0,NA,NA,2071,177.427
1596,6061,root,0,NA,NA,6061,177.415
1597,9480,root,0,NA,NA,9480,177.404
1598,16448,root,0,NA,NA,16448,177.342
1599,3599,root,0,NA,NA,3599,177.339
1600,218,root,0,NA,NA,218,177.331
1601,7333,root,0,NA,NA,7333,177.305
1602,19251,root,0,NA,NA,19251,177.294
1603,668,root,0,NA,NA,668,177.261
1604,3681,root,0,NA,NA,3681,177.256
1605,8046,root,0,NA,NA,8046,177.237
1606,6995,root,0,NA,NA,6995,177.234
1607,5689,root,0,NA,NA,5689,177.229
1608,145,root,0,NA,NA,145,177.196
1609,9297,root,0,NA,NA,9297,177.19
1610,5382,root,0,NA,NA,5382,177.187
1611,2352,root,0,NA,NA,2352,177.168
1612,16886,root,0,NA,NA,16886,177.162
1613,11878,root,0,NA,NA,11878,177.154
1614,17696,root,0,NA,NA,17696,177.154
1615,14837,root,0,NA,NA,14837,177.15
1616,6640,root,0,NA,NA,6640,177.145
1617,2173,root,0,NA,NA,2173,177.143
1618,7558,root,0,NA,NA,7558,177.139
1619,3133,root,0,NA,NA,3133,177.136
1620,5323,root,0,NA,NA,5323,177.107
1621,7561,root,0,NA,NA,7561,177.097
1622,1763,root,0,NA,NA,1763,177.085
1623,3649,root,0,NA,NA,3649,177.079
1624,16748,root,0,NA,NA,16748,177.069
1625,5286,root,0,NA,NA,5286,177.044
1626,7521,root,0,NA,NA,7521,176.985
1627,2334,root,0,NA,NA,2334,176.977
1628,19461,root,0,NA,NA,19461,176.973
1629,11002,root,0,NA,NA,11002,176.97
1630,1294,root,0,NA,NA,1294,176.966
1631,5600,root,0,NA,NA,5600,176.951
1632,1488,root,0,NA,NA,1488,176.941
1633,16151,root,0,NA,NA,16151,176.934
1634,17622,root,0,NA,NA,17622,176.916
1635,6144,root,0,NA,NA,6144,176.903
1636,9815,root,0,NA,NA,9815,176.854
1637,43,root,0,NA,NA,43,176.809
1638,5668,root,0,NA,NA,5668,176.805
1639,5639,root,0,NA,NA,5639,176.753
1640,19474,root,0,NA,NA,19474,176.727
1641,4721,root,0,NA,NA,4721,176.67
1642,2940,root,0,NA,NA,2940,176.65
1643,2029,root,0,NA,NA,2029,176.628
1644,8650,root,0,NA,NA,8650,176.627
1645,9980,root,0,NA,NA,9980,176.571
1646,2237,root,0,NA,NA,2237,176.511
1647,4965,root,0,NA,NA,4965,176.495
1648,844,root,0,NA,NA,844,176.495
1649,14536,root,0,NA,NA,14536,176.487
1650,2315,root,0,NA,NA,2315,176.481
1651,17659,root,0,NA,NA,17659,176.48
1652,2696,root,0,NA,NA,2696,176.45
1653,3458,root,0,NA,NA,3458,176.447
1654,16389,root,0,NA,NA,16389,176.427
1655,4981,root,0,NA,NA,4981,176.415
1656,4292,root,0,NA,NA,4292,176.377
1657,4098,root,0,NA,NA,4098,176.329
1658,9839,root,0,NA,NA,9839,176.325
1659,1926,root,0,NA,NA,1926,176.301
1660,3631,root,0,NA,NA,3631,176.276
1661,19980,root,0,NA,NA,19980,176.191
1662,15386,root,0,NA,NA,15386,176.177
1663,8197,root,0,NA,NA,8197,176.155
1664,15103,root,0,NA,NA,15103,176.131
1665,4624,root,0,NA,NA,4624,176.089
1666,19984,root,0,NA,NA,19984,176.087
1667,3484,root,0,NA,NA,3484,176.061
1668,9200,root,0,NA,NA,9200,176.053
1669,9527,root,0,NA,NA,9527,176.049
1670,15499,root,0,NA,NA,15499,176.041
1671,17837,root,0,NA,NA,17837,175.995
1672,2373,root,0,NA,NA,2373,175.953
1673,18916,root,0,NA,NA,18916,175.918
1674,3110,root,0,NA,NA,3110,175.868
1675,3325,root,0,NA,NA,3325,175.866
1676,5173,root,0,NA,NA,5173,175.846
1677,17065,root,0,NA,NA,17065,175.846
1678,4855,root,0,NA,NA,4855,175.825
1679,5129,root,0,NA,NA,5129,175.82
1680,14538,root,0,NA,NA,14538,175.775
1681,6891,root,0,NA,NA,6891,175.772
1682,8357,root,0,NA,NA,8357,175.746
1683,14608,root,0,NA,NA,14608,175.725
1684,17556,root,0,NA,NA,17556,175.664
1685,8503,root,0,NA,NA,8503,175.657
1686,2662,root,0,NA,NA,2662,175.638
1687,2772,root,0,NA,NA,2772,175.637
1688,15344,root,0,NA,NA,15344,175.609
1689,2353,root,0,NA,NA,2353,175.557
1690,1784,root,0,NA,NA,1784,175.543
1691,1378,root,0,NA,NA,1378,175.529
1692,325,root,0,NA,NA,325,175.526
1693,18573,root,0,NA,NA,18573,175.501
1694,4600,root,0,NA,NA,4600,175.499
1695,9742,root,0,NA,NA,9742,175.485
1696,15523,root,0,NA,NA,15523,175.457
1697,1684,root,0,NA,NA,1684,175.405
1698,4784,root,0,NA,NA,4784,175.39
1699,5574,root,0,NA,NA,5574,175.365
1700,9500,root,0,NA,NA,9500,175.354
1701,8799,root,0,NA,NA,8799,175.326
1702,16208,root,0,NA,NA,16208,175.324
1703,11591,root,0,NA,NA,11591,175.319
1704,18810,root,0,NA,NA,18810,175.311
1705,12253,root,0,NA,NA,12253,175.303
1706,18455,root,0,NA,NA,18455,175.282
1707,6147,root,0,NA,NA,6147,175.252
1708,18062,root,0,NA,NA,18062,175.246
1709,4014,root,0,NA,NA,4014,175.245
1710,4184,root,0,NA,NA,4184,175.223
1711,17606,root,0,NA,NA,17606,175.189
1712,17084,root,0,NA,NA,17084,175.179
1713,375,root,0,NA,NA,375,175.164
1714,9114,root,0,NA,NA,9114,175.155
1715,6294,root,0,NA,NA,6294,175.148
1716,5139,root,0,NA,NA,5139,175.143
1717,3959,root,0,NA,NA,3959,175.137
1718,17118,root,0,NA,NA,17118,175.137
1719,4320,root,0,NA,NA,4320,175.132
1720,501,root,0,NA,NA,501,175.113
1721,7745,root,0,NA,NA,7745,175.103
1722,16954,root,0,NA,NA,16954,175.088
1723,7008,root,0,NA,NA,7008,175.087
1724,16261,root,0,NA,NA,16261,175.083
1725,14811,root,0,NA,NA,14811,175.057
1726,7719,root,0,NA,NA,7719,175.056
1727,3628,root,0,NA,NA,3628,175.039
1728,1105,root,0,NA,NA,1105,175.015
1729,19388,root,0,NA,NA,19388,175.005
1730,15211,root,0,NA,NA,15211,174.985
1731,1972,root,0,NA,NA,1972,174.907
1732,10376,root,0,NA,NA,10376,174.881
1733,6228,root,0,NA,NA,6228,174.87
1734,1449,root,0,NA,NA,1449,174.863
1735,19371,root,0,NA,NA,19371,174.841
1736,10224,root,0,NA,NA,10224,174.816
1737,7186,root,0,NA,NA,7186,174.803
1738,17400,root,0,NA,NA,17400,174.789
1739,17015,root,0,NA,NA,17015,174.762
1740,234,root,0,NA,NA,234,174.71
1741,14348,root,0,NA,NA,14348,174.709
1742,4993,root,0,NA,NA,4993,174.703
1743,10048,root,0,NA,NA,10048,174.684
1744,9,root,0,NA,NA,9,174.653
1745,10795,root,0,NA,NA,10795,174.641
1746,8571,root,0,NA,NA,8571,174.63
1747,16565,root,0,NA,NA,16565,174.591
1748,1154,root,0,NA,NA,1154,174.577
1749,1499,root,0,NA,NA,1499,174.573
1750,18787,root,0,NA,NA,18787,174.558
1751,3587,root,0,NA,NA,3587,174.546
1752,15153,root,0,NA,NA,15153,174.539
1753,10806,root,0,NA,NA,10806,174.51
1754,16235,root,0,NA,NA,16235,174.508
1755,19287,root,0,NA,NA,19287,174.487
1756,2587,root,0,NA,NA,2587,174.482
1757,10907,root,0,NA,NA,10907,174.439
1758,12803,root,0,NA,NA,12803,174.409
1759,3988,root,0,NA,NA,3988,174.395
1760,16960,root,0,NA,NA,16960,174.328
1761,17160,root,0,NA,NA,17160,174.29
1762,7622,root,0,NA,NA,7622,174.264
1763,9503,root,0,NA,NA,9503,174.258
1764,8936,root,0,NA,NA,8936,174.253
1765,2224,root,0,NA,NA,2224,174.252
1766,2874,root,0,NA,NA,2874,174.236
1767,9258,root,0,NA,NA,9258,174.232
1768,18149,root,0,NA,NA,18149,174.216
1769,17514,root,0,NA,NA,17514,174.208
1770,12629,root,0,NA,NA,12629,174.205
1771,10326,root,0,NA,NA,10326,174.2
1772,7485,root,0,NA,NA,7485,174.195
1773,19170,root,0,NA,NA,19170,174.178
1774,18766,root,0,NA,NA,18766,174.174
1775,10368,root,0,NA,NA,10368,174.151
1776,823,root,0,NA,NA,823,174.142
1777,1209,root,0,NA,NA,1209,174.129
1778,15815,root,0,NA,NA,15815,174.115
1779,7721,root,0,NA,NA,7721,174.106
1780,5326,root,0,NA,NA,5326,174.106
1781,7844,root,0,NA,NA,7844,174.094
1782,10305,root,0,NA,NA,10305,174.093
1783,9415,root,0,NA,NA,9415,174.069
1784,7643,root,0,NA,NA,7643,174.048
1785,8461,root,0,NA,NA,8461,174.047
1786,16273,root,0,NA,NA,16273,174.041
1787,15713,root,0,NA,NA,15713,174.036
1788,7365,root,0,NA,NA,7365,174.033
1789,19955,root,0,NA,NA,19955,173.953
1790,7771,root,0,NA,NA,7771,173.929
1791,10371,root,0,NA,NA,10371,173.917
1792,721,root,0,NA,NA,721,173.916
1793,4143,root,0,NA,NA,4143,173.906
1794,15794,root,0,NA,NA,15794,173.901
1795,5464,root,0,NA,NA,5464,173.888
1796,3084,root,0,NA,NA,3084,173.888
1797,12350,root,0,NA,NA,12350,173.881
1798,15866,root,0,NA,NA,15866,173.858
1799,3285,root,0,NA,NA,3285,173.855
1800,17373,root,0,NA,NA,17373,173.843
1801,16279,root,0,NA,NA,16279,173.839
1802,14765,root,0,NA,NA,14765,173.822
1803,1877,root,0,NA,NA,1877,173.799
1804,8734,root,0,NA,NA,8734,173.773
1805,15174,root,0,NA,NA,15174,173.735
1806,5676,root,0,NA,NA,5676,173.729
1807,7734,root,0,NA,NA,7734,173.702
1808,8868,root,0,NA,NA,8868,173.688
1809,18873,root,0,NA,NA,18873,173.681
1810,1818,root,0,NA,NA,1818,173.68
1811,1961,root,0,NA,NA,1961,173.678
1812,4179,root,0,NA,NA,4179,173.671
1813,6940,root,0,NA,NA,6940,173.664
1814,19332,root,0,NA,NA,19332,173.583
1815,10035,root,0,NA,NA,10035,173.568
1816,10337,root,0,NA,NA,10337,173.566
1817,10294,root,0,NA,NA,10294,173.538
1818,10245,root,0,NA,NA,10245,173.527
1819,6241,root,0,NA,NA,6241,173.526
1820,15868,root,0,NA,NA,15868,173.523
1821,15781,root,0,NA,NA,15781,173.5
1822,15839,root,0,NA,NA,15839,173.492
1823,1243,root,0,NA,NA,1243,173.49
1824,8362,root,0,NA,NA,8362,173.479
1825,9585,root,0,NA,NA,9585,173.46
1826,6134,root,0,NA,NA,6134,173.45
1827,4247,root,0,NA,NA,4247,173.448
1828,11760,root,0,NA,NA,11760,173.431
1829,14808,root,0,NA,NA,14808,173.426
1830,9263,root,0,NA,NA,9263,173.41
1831,16344,root,0,NA,NA,16344,173.407
1832,9355,root,0,NA,NA,9355,173.402
1833,2393,root,0,NA,NA,2393,173.393
1834,1307,root,0,NA,NA,1307,173.383
1835,2300,root,0,NA,NA,2300,173.38
1836,4870,root,0,NA,NA,4870,173.378
1837,867,root,0,NA,NA,867,173.357
1838,16462,root,0,NA,NA,16462,173.352
1839,2276,root,0,NA,NA,2276,173.342
1840,8451,root,0,NA,NA,8451,173.307
1841,1938,root,0,NA,NA,1938,173.266
1842,17037,root,0,NA,NA,17037,173.259
1843,11985,root,0,NA,NA,11985,173.257
1844,19981,root,0,NA,NA,19981,173.245
1845,9300,root,0,NA,NA,9300,173.243
1846,12032,root,0,NA,NA,12032,173.237
1847,17511,root,0,NA,NA,17511,173.226
1848,6436,root,0,NA,NA,6436,173.22
1849,1276,root,0,NA,NA,1276,173.182
1850,8791,root,0,NA,NA,8791,173.177
1851,8876,root,0,NA,NA,8876,173.163
1852,3699,root,0,NA,NA,3699,173.15
1853,9493,root,0,NA,NA,9493,173.14
1854,17898,root,0,NA,NA,17898,173.111
1855,18114,root,0,NA,NA,18114,173.098
1856,6042,root,0,NA,NA,6042,173.08
1857,3259,root,0,NA,NA,3259,173.059
1858,19476,root,0,NA,NA,19476,173.05
1859,14645,root,0,NA,NA,14645,173.042
1860,2775,root,0,NA,NA,2775,172.985
1861,878,root,0,NA,NA,878,172.978
1862,5123,root,0,NA,NA,5123,172.955
1863,5901,root,0,NA,NA,5901,172.953
1864,15897,root,0,NA,NA,15897,172.923
1865,4973,root,0,NA,NA,4973,172.91
1866,12037,root,0,NA,NA,12037,172.903
1867,5377,root,0,NA,NA,5377,172.897
1868,17010,root,0,NA,NA,17010,172.885
1869,5202,root,0,NA,NA,5202,172.885
1870,6504,root,0,NA,NA,6504,172.875
1871,5616,root,0,NA,NA,5616,172.861
1872,4239,root,0,NA,NA,4239,172.845
1873,2365,root,0,NA,NA,2365,172.817
1874,9313,root,0,NA,NA,9313,172.782
1875,6834,root,0,NA,NA,6834,172.767
1876,1645,root,0,NA,NA,1645,172.741
1877,166,root,0,NA,NA,166,172.735
1878,4234,root,0,NA,NA,4234,172.71
1879,7406,root,0,NA,NA,7406,172.685
1880,676,root,0,NA,NA,676,172.684
1881,1932,root,0,NA,NA,1932,172.648
1882,3029,root,0,NA,NA,3029,172.646
1883,4750,root,0,NA,NA,4750,172.637
1884,3723,root,0,NA,NA,3723,172.632
1885,8965,root,0,NA,NA,8965,172.594
1886,7522,root,0,NA,NA,7522,172.583
1887,6557,root,0,NA,NA,6557,172.541
1888,4460,root,0,NA,NA,4460,172.529
1889,11745,root,0,NA,NA,11745,172.525
1890,18719,root,0,NA,NA,18719,172.519
1891,16487,root,0,NA,NA,16487,172.519
1892,632,root,0,NA,NA,632,172.509
1893,1598,root,0,NA,NA,1598,172.441
1894,58,root,0,NA,NA,58,172.44
1895,12626,root,0,NA,NA,12626,172.44
1896,14146,root,0,NA,NA,14146,172.411
1897,7601,root,0,NA,NA,7601,172.407
1898,4342,root,0,NA,NA,4342,172.403
1899,7635,root,0,NA,NA,7635,172.389
1900,10040,root,0,NA,NA,10040,172.359
1901,17856,root,0,NA,NA,17856,172.344
1902,19404,root,0,NA,NA,19404,172.276
1903,15019,root,0,NA,NA,15019,172.259
1904,2345,root,0,NA,NA,2345,172.256
1905,8161,root,0,NA,NA,8161,172.254
1906,17298,root,0,NA,NA,17298,172.244
1907,13897,root,0,NA,NA,13897,172.244
1908,5746,root,0,NA,NA,5746,172.244
1909,15418,root,0,NA,NA,15418,172.189
1910,2953,root,0,NA,NA,2953,172.166
1911,16663,root,0,NA,NA,16663,172.145
1912,15941,root,0,NA,NA,15941,172.133
1913,8613,root,0,NA,NA,8613,172.127
1914,9535,root,0,NA,NA,9535,172.112
1915,11151,root,0,NA,NA,11151,172.107
1916,10876,root,0,NA,NA,10876,172.072
1917,19002,root,0,NA,NA,19002,172.068
1918,9828,root,0,NA,NA,9828,172.064
1919,11067,root,0,NA,NA,11067,172.058
1920,315,root,0,NA,NA,315,172.055
1921,4040,root,0,NA,NA,4040,172.03
1922,17256,root,0,NA,NA,17256,172.007
1923,3505,root,0,NA,NA,3505,171.999
1924,14849,root,0,NA,NA,14849,171.985
1925,18774,root,0,NA,NA,18774,171.962
1926,540,root,0,NA,NA,540,171.928
1927,1522,root,0,NA,NA,1522,171.926
1928,2524,root,0,NA,NA,2524,171.888
1929,12035,root,0,NA,NA,12035,171.886
1930,12900,root,0,NA,NA,12900,171.884
1931,15863,root,0,NA,NA,15863,171.88
1932,10308,root,0,NA,NA,10308,171.839
1933,7095,root,0,NA,NA,7095,171.819
1934,15784,root,0,NA,NA,15784,171.802
1935,9817,root,0,NA,NA,9817,171.767
1936,14410,root,0,NA,NA,14410,171.753
1937,11959,root,0,NA,NA,11959,171.723
1938,3039,root,0,NA,NA,3039,171.712
1939,184,root,0,NA,NA,184,171.663
1940,17564,root,0,NA,NA,17564,171.644
1941,15415,root,0,NA,NA,15415,171.643
1942,8498,root,0,NA,NA,8498,171.617
1943,9057,root,0,NA,NA,9057,171.613
1944,3157,root,0,NA,NA,3157,171.579
1945,4203,root,0,NA,NA,4203,171.56
1946,18724,root,0,NA,NA,18724,171.525
1947,2424,root,0,NA,NA,2424,171.513
1948,18075,root,0,NA,NA,18075,171.504
1949,15306,root,0,NA,NA,15306,171.494
1950,15712,root,0,NA,NA,15712,171.466
1951,2183,root,0,NA,NA,2183,171.455
1952,13111,root,0,NA,NA,13111,171.455
1953,5828,root,0,NA,NA,5828,171.454
1954,16651,root,0,NA,NA,16651,171.413
1955,18297,root,0,NA,NA,18297,171.41
1956,7604,root,0,NA,NA,7604,171.388
1957,160,root,0,NA,NA,160,171.371
1958,10723,root,0,NA,NA,10723,171.36
1959,4713,root,0,NA,NA,4713,171.31
1960,3319,root,0,NA,NA,3319,171.282
1961,503,root,0,NA,NA,503,171.257
1962,14620,root,0,NA,NA,14620,171.216
1963,6365,root,0,NA,NA,6365,171.2
1964,3902,root,0,NA,NA,3902,171.175
1965,8592,root,0,NA,NA,8592,171.124
1966,14805,root,0,NA,NA,14805,171.121
1967,6194,root,0,NA,NA,6194,171.095
1968,2602,root,0,NA,NA,2602,171.088
1969,6273,root,0,NA,NA,6273,171.08
1970,15884,root,0,NA,NA,15884,171.068
1971,4255,root,0,NA,NA,4255,171.057
1972,18145,root,0,NA,NA,18145,171.054
1973,2366,root,0,NA,NA,2366,171.023
1974,10908,root,0,NA,NA,10908,171.011
1975,13210,root,0,NA,NA,13210,170.987
1976,9352,root,0,NA,NA,9352,170.978
1977,16009,root,0,NA,NA,16009,170.965
1978,16539,root,0,NA,NA,16539,170.948
1979,4542,root,0,NA,NA,4542,170.932
1980,9666,root,0,NA,NA,9666,170.931
1981,5047,root,0,NA,NA,5047,170.926
1982,3160,root,0,NA,NA,3160,170.926
1983,10483,root,0,NA,NA,10483,170.922
1984,9488,root,0,NA,NA,9488,170.921
1985,16677,root,0,NA,NA,16677,170.919
1986,3382,root,0,NA,NA,3382,170.892
1987,2360,root,0,NA,NA,2360,170.876
1988,2136,root,0,NA,NA,2136,170.868
1989,17813,root,0,NA,NA,17813,170.861
1990,19262,root,0,NA,NA,19262,170.858
1991,2347,root,0,NA,NA,2347,170.85
1992,10321,root,0,NA,NA,10321,170.841
1993,1341,root,0,NA,NA,1341,170.813
1994,8558,root,0,NA,NA,8558,170.764
1995,2381,root,0,NA,NA,2381,170.76
1996,6491,root,0,NA,NA,6491,170.756
1997,1857,root,0,NA,NA,1857,170.745
1998,14809,root,0,NA,NA,14809,170.726
1999,710,root,0,NA,NA,710,170.724
2000,647,root,0,NA,NA,647,170.721
2001,5681,root,0,NA,NA,5681,170.72
2002,7648,root,0,NA,NA,7648,170.672
2003,16666,root,0,NA,NA,16666,170.666
2004,14724,root,0,NA,NA,14724,170.643
2005,16716,root,0,NA,NA,16716,170.64
2006,12248,root,0,NA,NA,12248,170.638
2007,8381,root,0,NA,NA,8381,170.619
2008,16484,root,0,NA,NA,16484,170.599
2009,3683,root,0,NA,NA,3683,170.585
2010,4329,root,0,NA,NA,4329,170.578
2011,1898,root,0,NA,NA,1898,170.576
2012,8347,root,0,NA,NA,8347,170.574
2013,1548,root,0,NA,NA,1548,170.539
2014,359,root,0,NA,NA,359,170.533
2015,4394,root,0,NA,NA,4394,170.531
2016,10673,root,0,NA,NA,10673,170.509
2017,653,root,0,NA,NA,653,170.499
2018,19369,root,0,NA,NA,19369,170.466
2019,10679,root,0,NA,NA,10679,170.432
2020,24,root,0,NA,NA,24,170.41
2021,18295,root,0,NA,NA,18295,170.396
2022,3852,root,0,NA,NA,3852,170.393
2023,15779,root,0,NA,NA,15779,170.387
2024,9266,root,0,NA,NA,9266,170.384
2025,7690,root,0,NA,NA,7690,170.351
2026,19327,root,0,NA,NA,19327,170.351
2027,8642,root,0,NA,NA,8642,170.348
2028,12395,root,0,NA,NA,12395,170.265
2029,5964,root,0,NA,NA,5964,170.262
2030,7514,root,0,NA,NA,7514,170.222
2031,2368,root,0,NA,NA,2368,170.18
2032,15267,root,0,NA,NA,15267,170.166
2033,16453,root,0,NA,NA,16453,170.127
2034,1974,root,0,NA,NA,1974,170.126
2035,10676,root,0,NA,NA,10676,170.121
2036,1858,root,0,NA,NA,1858,170.117
2037,3647,root,0,NA,NA,3647,170.103
2038,15981,root,0,NA,NA,15981,170.074
2039,18920,root,0,NA,NA,18920,170.041
2040,10663,root,0,NA,NA,10663,170.018
2041,5927,root,0,NA,NA,5927,170.012
2042,9626,root,0,NA,NA,9626,169.993
2043,7257,root,0,NA,NA,7257,169.974
2044,17963,root,0,NA,NA,17963,169.973
2045,7870,root,0,NA,NA,7870,169.969
2046,7729,root,0,NA,NA,7729,169.958
2047,4839,root,0,NA,NA,4839,169.953
2048,8692,root,0,NA,NA,8692,169.937
2049,6979,root,0,NA,NA,6979,169.936
2050,9451,root,0,NA,NA,9451,169.915
2051,13959,root,0,NA,NA,13959,169.903
2052,5231,root,0,NA,NA,5231,169.883
2053,16848,root,0,NA,NA,16848,169.879
2054,14498,root,0,NA,NA,14498,169.865
2055,9826,root,0,NA,NA,9826,169.849
2056,9234,root,0,NA,NA,9234,169.847
2057,15285,root,0,NA,NA,15285,169.822
2058,522,root,0,NA,NA,522,169.795
2059,5150,root,0,NA,NA,5150,169.793
2060,2641,root,0,NA,NA,2641,169.787
2061,19620,root,0,NA,NA,19620,169.769
2062,16445,root,0,NA,NA,16445,169.752
2063,11007,root,0,NA,NA,11007,169.705
2064,1839,root,0,NA,NA,1839,169.694
2065,7011,root,0,NA,NA,7011,169.682
2066,5152,root,0,NA,NA,5152,169.67
2067,7988,root,0,NA,NA,7988,169.663
2068,17038,root,0,NA,NA,17038,169.66
2069,13034,root,0,NA,NA,13034,169.652
2070,6021,root,0,NA,NA,6021,169.646
2071,4252,root,0,NA,NA,4252,169.605
2072,13215,root,0,NA,NA,13215,169.594
2073,18775,root,0,NA,NA,18775,169.575
2074,2379,root,0,NA,NA,2379,169.56
2075,9985,root,0,NA,NA,9985,169.553
2076,8608,root,0,NA,NA,8608,169.524
2077,15818,root,0,NA,NA,15818,169.519
2078,4242,root,0,NA,NA,4242,169.516
2079,12934,root,0,NA,NA,12934,169.51
2080,8645,root,0,NA,NA,8645,169.467
2081,10006,root,0,NA,NA,10006,169.435
2082,5655,root,0,NA,NA,5655,169.431
2083,9088,root,0,NA,NA,9088,169.421
2084,3823,root,0,NA,NA,3823,169.42
2085,8804,root,0,NA,NA,8804,169.417
2086,16478,root,0,NA,NA,16478,169.415
2087,2935,root,0,NA,NA,2935,169.404
2088,3975,root,0,NA,NA,3975,169.395
2089,5849,root,0,NA,NA,5849,169.385
2090,16706,root,0,NA,NA,16706,169.352
2091,17620,root,0,NA,NA,17620,169.336
2092,7961,root,0,NA,NA,7961,169.314
2093,4842,root,0,NA,NA,4842,169.291
2094,207,root,0,NA,NA,207,169.257
2095,18319,root,0,NA,NA,18319,169.255
2096,2969,root,0,NA,NA,2969,169.253
2097,17635,root,0,NA,NA,17635,169.252
2098,807,root,0,NA,NA,807,169.246
2099,10043,root,0,NA,NA,10043,169.229
2100,16068,root,0,NA,NA,16068,169.2
2101,8311,root,0,NA,NA,8311,169.192
2102,8702,root,0,NA,NA,8702,169.184
2103,17326,root,0,NA,NA,17326,169.153
2104,1940,root,0,NA,NA,1940,169.147
2105,14768,root,0,NA,NA,14768,169.128
2106,5002,root,0,NA,NA,5002,169.097
2107,12185,root,0,NA,NA,12185,169.096
2108,7414,root,0,NA,NA,7414,169.093
2109,15986,root,0,NA,NA,15986,169.049
2110,15865,root,0,NA,NA,15865,169.048
2111,17842,root,0,NA,NA,17842,169.045
2112,1102,root,0,NA,NA,1102,169.029
2113,10548,root,0,NA,NA,10548,169.028
2114,7664,root,0,NA,NA,7664,169.027
2115,19939,root,0,NA,NA,19939,169.011
2116,11572,root,0,NA,NA,11572,168.999
2117,9532,root,0,NA,NA,9532,168.998
2118,10792,root,0,NA,NA,10792,168.977
2119,9205,root,0,NA,NA,9205,168.969
2120,2683,root,0,NA,NA,2683,168.959
2121,19983,root,0,NA,NA,19983,168.952
2122,8373,root,0,NA,NA,8373,168.948
2123,13802,root,0,NA,NA,13802,168.92
2124,2245,root,0,NA,NA,2245,168.902
2125,5514,root,0,NA,NA,5514,168.9
2126,1273,root,0,NA,NA,1273,168.899
2127,6113,root,0,NA,NA,6113,168.893
2128,5985,root,0,NA,NA,5985,168.857
2129,15101,root,0,NA,NA,15101,168.849
2130,18692,root,0,NA,NA,18692,168.848
2131,9049,root,0,NA,NA,9049,168.843
2132,1365,root,0,NA,NA,1365,168.838
2133,7197,root,0,NA,NA,7197,168.824
2134,18192,root,0,NA,NA,18192,168.72
2135,6852,root,0,NA,NA,6852,168.708
2136,3471,root,0,NA,NA,3471,168.653
2137,10352,root,0,NA,NA,10352,168.65
2138,9737,root,0,NA,NA,9737,168.646
2139,3191,root,0,NA,NA,3191,168.636
2140,17104,root,0,NA,NA,17104,168.635
2141,8731,root,0,NA,NA,8731,168.624
2142,10014,root,0,NA,NA,10014,168.622
2143,14533,root,0,NA,NA,14533,168.609
2144,3379,root,0,NA,NA,3379,168.568
2145,15216,root,0,NA,NA,15216,168.563
2146,13947,root,0,NA,NA,13947,168.549
2147,19978,root,0,NA,NA,19978,168.536
2148,15670,root,0,NA,NA,15670,168.527
2149,16196,root,0,NA,NA,16196,168.51
2150,10782,root,0,NA,NA,10782,168.51
2151,14976,root,0,NA,NA,14976,168.498
2152,10164,root,0,NA,NA,10164,168.446
2153,3810,root,0,NA,NA,3810,168.441
2154,10616,root,0,NA,NA,10616,168.431
2155,8082,root,0,NA,NA,8082,168.43
2156,16536,root,0,NA,NA,16536,168.424
2157,10019,root,0,NA,NA,10019,168.405
2158,6596,root,0,NA,NA,6596,168.376
2159,5697,root,0,NA,NA,5697,168.375
2160,5550,root,0,NA,NA,5550,168.337
2161,15983,root,0,NA,NA,15983,168.331
2162,15987,root,0,NA,NA,15987,168.287
2163,1375,root,0,NA,NA,1375,168.259
2164,5006,root,0,NA,NA,5006,168.233
2165,10261,root,0,NA,NA,10261,168.223
2166,19385,root,0,NA,NA,19385,168.212
2167,5998,root,0,NA,NA,5998,168.208
2168,18240,root,0,NA,NA,18240,168.205
2169,5977,root,0,NA,NA,5977,168.154
2170,6123,root,0,NA,NA,6123,168.133
2171,16696,root,0,NA,NA,16696,168.124
2172,11310,root,0,NA,NA,11310,168.119
2173,674,root,0,NA,NA,674,168.107
2174,5637,root,0,NA,NA,5637,168.1
2175,5665,root,0,NA,NA,5665,168.091
2176,1422,root,0,NA,NA,1422,168.062
2177,3241,root,0,NA,NA,3241,168.059
2178,16276,root,0,NA,NA,16276,168.041
2179,3112,root,0,NA,NA,3112,168.034
2180,16661,root,0,NA,NA,16661,168.016
2181,3403,root,0,NA,NA,3403,167.995
2182,7176,root,0,NA,NA,7176,167.994
2183,3291,root,0,NA,NA,3291,167.994
2184,15889,root,0,NA,NA,15889,167.99
2185,18876,root,0,NA,NA,18876,167.98
2186,9621,root,0,NA,NA,9621,167.96
2187,8329,root,0,NA,NA,8329,167.941
2188,19015,root,0,NA,NA,19015,167.914
2189,15017,root,0,NA,NA,15017,167.908
2190,3220,root,0,NA,NA,3220,167.889
2191,1009,root,0,NA,NA,1009,167.819
2192,8957,root,0,NA,NA,8957,167.811
2193,18870,root,0,NA,NA,18870,167.783
2194,6262,root,0,NA,NA,6262,167.763
2195,7057,root,0,NA,NA,7057,167.75
2196,624,root,0,NA,NA,624,167.739
2197,14663,root,0,NA,NA,14663,167.719
2198,18282,root,0,NA,NA,18282,167.714
2199,16065,root,0,NA,NA,16065,167.691
2200,3938,root,0,NA,NA,3938,167.687
2201,475,root,0,NA,NA,475,167.648
2202,18150,root,0,NA,NA,18150,167.642
2203,8579,root,0,NA,NA,8579,167.639
2204,9956,root,0,NA,NA,9956,167.632
2205,4001,root,0,NA,NA,4001,167.63
2206,14766,root,0,NA,NA,14766,167.612
2207,8080,root,0,NA,NA,8080,167.609
2208,19199,root,0,NA,NA,19199,167.563
2209,9893,root,0,NA,NA,9893,167.547
2210,2369,root,0,NA,NA,2369,167.546
2211,17893,root,0,NA,NA,17893,167.519
2212,2355,root,0,NA,NA,2355,167.516
2213,1805,root,0,NA,NA,1805,167.496
2214,4876,root,0,NA,NA,4876,167.489
2215,1175,root,0,NA,NA,1175,167.488
2216,4705,root,0,NA,NA,4705,167.465
2217,18479,root,0,NA,NA,18479,167.435
2218,17653,root,0,NA,NA,17653,167.429
2219,16534,root,0,NA,NA,16534,167.413
2220,2115,root,0,NA,NA,2115,167.382
2221,7574,root,0,NA,NA,7574,167.365
2222,11559,root,0,NA,NA,11559,167.353
2223,3008,root,0,NA,NA,3008,167.336
2224,1133,root,0,NA,NA,1133,167.324
2225,7102,root,0,NA,NA,7102,167.277
2226,13471,root,0,NA,NA,13471,167.251
2227,14658,root,0,NA,NA,14658,167.248
2228,9130,root,0,NA,NA,9130,167.243
2229,9588,root,0,NA,NA,9588,167.242
2230,6998,root,0,NA,NA,6998,167.24
2231,4883,root,0,NA,NA,4883,167.231
2232,8600,root,0,NA,NA,8600,167.21
2233,11779,root,0,NA,NA,11779,167.201
2234,10074,root,0,NA,NA,10074,167.198
2235,14595,root,0,NA,NA,14595,167.188
2236,7803,root,0,NA,NA,7803,167.169
2237,6663,root,0,NA,NA,6663,167.169
2238,14281,root,0,NA,NA,14281,167.165
2239,9067,root,0,NA,NA,9067,167.161
2240,2066,root,0,NA,NA,2066,167.15
2241,2344,root,0,NA,NA,2344,167.121
2242,1677,root,0,NA,NA,1677,167.088
2243,8794,root,0,NA,NA,8794,167.069
2244,16664,root,0,NA,NA,16664,167.06
2245,2634,root,0,NA,NA,2634,167.058
2246,4279,root,0,NA,NA,4279,167.053
2247,3537,root,0,NA,NA,3537,167.008
2248,9255,root,0,NA,NA,9255,167.001
2249,7437,root,0,NA,NA,7437,166.995
2250,8334,root,0,NA,NA,8334,166.975
2251,6165,root,0,NA,NA,6165,166.964
2252,723,root,0,NA,NA,723,166.943
2253,18146,root,0,NA,NA,18146,166.931
2254,11719,root,0,NA,NA,11719,166.898
2255,9075,root,0,NA,NA,9075,166.889
2256,5308,root,0,NA,NA,5308,166.868
2257,9988,root,0,NA,NA,9988,166.858
2258,11875,root,0,NA,NA,11875,166.856
2259,19373,root,0,NA,NA,19373,166.834
2260,7986,root,0,NA,NA,7986,166.818
2261,18801,root,0,NA,NA,18801,166.816
2262,16449,root,0,NA,NA,16449,166.798
2263,9287,root,0,NA,NA,9287,166.76
2264,12553,root,0,NA,NA,12553,166.755
2265,13738,root,0,NA,NA,13738,166.754
2266,19424,root,0,NA,NA,19424,166.75
2267,8409,root,0,NA,NA,8409,166.748
2268,2470,root,0,NA,NA,2470,166.741
2269,10420,root,0,NA,NA,10420,166.732
2270,5398,root,0,NA,NA,5398,166.695
2271,13039,root,0,NA,NA,13039,166.694
2272,15361,root,0,NA,NA,15361,166.683
2273,6694,root,0,NA,NA,6694,166.677
2274,19950,root,0,NA,NA,19950,166.628
2275,7832,root,0,NA,NA,7832,166.623
2276,7070,root,0,NA,NA,7070,166.618
2277,15487,root,0,NA,NA,15487,166.602
2278,2449,root,0,NA,NA,2449,166.599
2279,17242,root,0,NA,NA,17242,166.59
2280,7336,root,0,NA,NA,7336,166.587
2281,12038,root,0,NA,NA,12038,166.55
2282,2162,root,0,NA,NA,2162,166.533
2283,8291,root,0,NA,NA,8291,166.505
2284,7304,root,0,NA,NA,7304,166.5
2285,15928,root,0,NA,NA,15928,166.484
2286,6580,root,0,NA,NA,6580,166.477
2287,2620,root,0,NA,NA,2620,166.476
2288,9080,root,0,NA,NA,9080,166.465
2289,6121,root,0,NA,NA,6121,166.459
2290,7784,root,0,NA,NA,7784,166.445
2291,11320,root,0,NA,NA,11320,166.443
2292,18299,root,0,NA,NA,18299,166.442
2293,15347,root,0,NA,NA,15347,166.436
2294,605,root,0,NA,NA,605,166.424
2295,9746,root,0,NA,NA,9746,166.416
2296,16447,root,0,NA,NA,16447,166.416
2297,15943,root,0,NA,NA,15943,166.4
2298,14600,root,0,NA,NA,14600,166.384
2299,472,root,0,NA,NA,472,166.364
2300,2932,root,0,NA,NA,2932,166.354
2301,4902,root,0,NA,NA,4902,166.348
2302,18829,root,0,NA,NA,18829,166.331
2303,17395,root,0,NA,NA,17395,166.286
2304,7572,root,0,NA,NA,7572,166.286
2305,9959,root,0,NA,NA,9959,166.272
2306,4153,root,0,NA,NA,4153,166.257
2307,7737,root,0,NA,NA,7737,166.218
2308,13255,root,0,NA,NA,13255,166.21
2309,6375,root,0,NA,NA,6375,166.207
2310,4978,root,0,NA,NA,4978,166.204
2311,7550,root,0,NA,NA,7550,166.173
2312,15253,root,0,NA,NA,15253,166.135
2313,12642,root,0,NA,NA,12642,166.106
2314,10629,root,0,NA,NA,10629,166.104
2315,7593,root,0,NA,NA,7593,166.1
2316,10467,root,0,NA,NA,10467,166.093
2317,5500,root,0,NA,NA,5500,166.083
2318,2194,root,0,NA,NA,2194,166.069
2319,2129,root,0,NA,NA,2129,166.056
2320,8647,root,0,NA,NA,8647,166.021
2321,3618,root,0,NA,NA,3618,166.007
2322,1483,root,0,NA,NA,1483,165.903
2323,836,root,0,NA,NA,836,165.902
2324,7160,root,0,NA,NA,7160,165.892
2325,4373,root,0,NA,NA,4373,165.872
2326,13956,root,0,NA,NA,13956,165.872
2327,16070,root,0,NA,NA,16070,165.869
2328,12855,root,0,NA,NA,12855,165.863
2329,18432,root,0,NA,NA,18432,165.857
2330,16648,root,0,NA,NA,16648,165.834
2331,19478,root,0,NA,NA,19478,165.825
2332,19257,root,0,NA,NA,19257,165.792
2333,1953,root,0,NA,NA,1953,165.762
2334,5131,root,0,NA,NA,5131,165.741
2335,9927,root,0,NA,NA,9927,165.734
2336,11299,root,0,NA,NA,11299,165.728
2337,19985,root,0,NA,NA,19985,165.724
2338,17587,root,0,NA,NA,17587,165.723
2339,17909,root,0,NA,NA,17909,165.654
2340,121,root,0,NA,NA,121,165.653
2341,7184,root,0,NA,NA,7184,165.647
2342,6572,root,0,NA,NA,6572,165.641
2343,6810,root,0,NA,NA,6810,165.631
2344,16461,root,0,NA,NA,16461,165.588
2345,10726,root,0,NA,NA,10726,165.574
2346,19141,root,0,NA,NA,19141,165.536
2347,8999,root,0,NA,NA,8999,165.531
2348,18148,root,0,NA,NA,18148,165.53
2349,17992,root,0,NA,NA,17992,165.481
2350,18064,root,0,NA,NA,18064,165.472
2351,11954,root,0,NA,NA,11954,165.464
2352,9386,root,0,NA,NA,9386,165.449
2353,30,root,0,NA,NA,30,165.424
2354,4862,root,0,NA,NA,4862,165.404
2355,11714,root,0,NA,NA,11714,165.395
2356,6676,root,0,NA,NA,6676,165.364
2357,10373,root,0,NA,NA,10373,165.345
2358,305,root,0,NA,NA,305,165.327
2359,6590,root,0,NA,NA,6590,165.317
2360,7506,root,0,NA,NA,7506,165.316
2361,1577,root,0,NA,NA,1577,165.312
2362,3513,root,0,NA,NA,3513,165.305
2363,8174,root,0,NA,NA,8174,165.295
2364,6562,root,0,NA,NA,6562,165.293
2365,16012,root,0,NA,NA,16012,165.266
2366,1081,root,0,NA,NA,1081,165.259
2367,5561,root,0,NA,NA,5561,165.231
2368,9898,root,0,NA,NA,9898,165.209
2369,17159,root,0,NA,NA,17159,165.174
2370,6575,root,0,NA,NA,6575,165.165
2371,4957,root,0,NA,NA,4957,165.132
2372,10705,root,0,NA,NA,10705,165.122
2373,2149,root,0,NA,NA,2149,165.119
2374,2709,root,0,NA,NA,2709,165.071
2375,17611,root,0,NA,NA,17611,164.997
2376,9384,root,0,NA,NA,9384,164.968
2377,19618,root,0,NA,NA,19618,164.912
2378,12148,root,0,NA,NA,12148,164.867
2379,4119,root,0,NA,NA,4119,164.818
2380,3868,root,0,NA,NA,3868,164.805
2381,13891,root,0,NA,NA,13891,164.801
2382,10674,root,0,NA,NA,10674,164.79
2383,6389,root,0,NA,NA,6389,164.782
2384,4781,root,0,NA,NA,4781,164.778
2385,6006,root,0,NA,NA,6006,164.778
2386,9025,root,0,NA,NA,9025,164.775
2387,14243,root,0,NA,NA,14243,164.766
2388,3993,root,0,NA,NA,3993,164.752
2389,6742,root,0,NA,NA,6742,164.748
2390,6350,root,0,NA,NA,6350,164.744
2391,12811,root,0,NA,NA,12811,164.736
2392,17053,root,0,NA,NA,17053,164.731
2393,1584,root,0,NA,NA,1584,164.716
2394,14141,root,0,NA,NA,14141,164.707
2395,12006,root,0,NA,NA,12006,164.705
2396,7740,root,0,NA,NA,7740,164.681
2397,4333,root,0,NA,NA,4333,164.644
2398,4069,root,0,NA,NA,4069,164.64
2399,8928,root,0,NA,NA,8928,164.63
2400,17119,root,0,NA,NA,17119,164.626
2401,1624,root,0,NA,NA,1624,164.613
2402,10130,root,0,NA,NA,10130,164.603
2403,9773,root,0,NA,NA,9773,164.588
2404,1771,root,0,NA,NA,1771,164.582
2405,10066,root,0,NA,NA,10066,164.576
2406,12929,root,0,NA,NA,12929,164.545
2407,2032,root,0,NA,NA,2032,164.522
2408,4672,root,0,NA,NA,4672,164.506
2409,9485,root,0,NA,NA,9485,164.495
2410,5425,root,0,NA,NA,5425,164.447
2411,10175,root,0,NA,NA,10175,164.435
2412,6108,root,0,NA,NA,6108,164.433
2413,132,root,0,NA,NA,132,164.42
2414,4281,root,0,NA,NA,4281,164.417
2415,11873,root,0,NA,NA,11873,164.416
2416,640,root,0,NA,NA,640,164.414
2417,15031,root,0,NA,NA,15031,164.405
2418,10214,root,0,NA,NA,10214,164.402
2419,11012,root,0,NA,NA,11012,164.376
2420,13124,root,0,NA,NA,13124,164.374
2421,19386,root,0,NA,NA,19386,164.373
2422,4539,root,0,NA,NA,4539,164.359
2423,9557,root,0,NA,NA,9557,164.358
2424,16468,root,0,NA,NA,16468,164.354
2425,8548,root,0,NA,NA,8548,164.35
2426,15504,root,0,NA,NA,15504,164.347
2427,6071,root,0,NA,NA,6071,164.342
2428,10080,root,0,NA,NA,10080,164.316
2429,11247,root,0,NA,NA,11247,164.314
2430,17619,root,0,NA,NA,17619,164.292
2431,2376,root,0,NA,NA,2376,164.286
2432,15322,root,0,NA,NA,15322,164.277
2433,5395,root,0,NA,NA,5395,164.266
2434,13108,root,0,NA,NA,13108,164.263
2435,6647,root,0,NA,NA,6647,164.252
2436,14549,root,0,NA,NA,14549,164.212
2437,14407,root,0,NA,NA,14407,164.206
2438,10151,root,0,NA,NA,10151,164.178
2439,4813,root,0,NA,NA,4813,164.15
2440,17413,root,0,NA,NA,17413,164.15
2441,5990,root,0,NA,NA,5990,164.119
2442,1564,root,0,NA,NA,1564,164.09
2443,18804,root,0,NA,NA,18804,164.082
2444,16444,root,0,NA,NA,16444,164.022
2445,1640,root,0,NA,NA,1640,164.012
2446,17808,root,0,NA,NA,17808,163.984
2447,10011,root,0,NA,NA,10011,163.98
2448,4231,root,0,NA,NA,4231,163.971
2449,3467,root,0,NA,NA,3467,163.946
2450,5279,root,0,NA,NA,5279,163.907
2451,18882,root,0,NA,NA,18882,163.882
2452,15258,root,0,NA,NA,15258,163.876
2453,6465,root,0,NA,NA,6465,163.861
2454,7412,root,0,NA,NA,7412,163.856
2455,2378,root,0,NA,NA,2378,163.851
2456,12252,root,0,NA,NA,12252,163.848
2457,12345,root,0,NA,NA,12345,163.833
2458,139,root,0,NA,NA,139,163.819
2459,7682,root,0,NA,NA,7682,163.8
2460,15502,root,0,NA,NA,15502,163.8
2461,2840,root,0,NA,NA,2840,163.775
2462,14946,root,0,NA,NA,14946,163.773
2463,8342,root,0,NA,NA,8342,163.747
2464,15973,root,0,NA,NA,15973,163.737
2465,19942,root,0,NA,NA,19942,163.726
2466,10879,root,0,NA,NA,10879,163.713
2467,9324,root,0,NA,NA,9324,163.657
2468,2654,root,0,NA,NA,2654,163.655
2469,6823,root,0,NA,NA,6823,163.644
2470,14769,root,0,NA,NA,14769,163.631
2471,5700,root,0,NA,NA,5700,163.623
2472,1386,root,0,NA,NA,1386,163.599
2473,2608,root,0,NA,NA,2608,163.57
2474,7448,root,0,NA,NA,7448,163.54
2475,7591,root,0,NA,NA,7591,163.538
2476,4407,root,0,NA,NA,4407,163.501
2477,5162,root,0,NA,NA,5162,163.489
2478,5144,root,0,NA,NA,5144,163.488
2479,7150,root,0,NA,NA,7150,163.484
2480,10561,root,0,NA,NA,10561,163.48
2481,11792,root,0,NA,NA,11792,163.48
2482,1618,root,0,NA,NA,1618,163.474
2483,9407,root,0,NA,NA,9407,163.42
2484,5854,root,0,NA,NA,5854,163.389
2485,299,root,0,NA,NA,299,163.309
2486,10227,root,0,NA,NA,10227,163.304
2487,689,root,0,NA,NA,689,163.286
2488,16916,root,0,NA,NA,16916,163.273
2489,17704,root,0,NA,NA,17704,163.27
2490,348,root,0,NA,NA,348,163.268
2491,9718,root,0,NA,NA,9718,163.232
2492,18586,root,0,NA,NA,18586,163.219
2493,11515,root,0,NA,NA,11515,163.188
2494,8595,root,0,NA,NA,8595,163.182
2495,984,root,0,NA,NA,984,163.169
2496,10808,root,0,NA,NA,10808,163.165
2497,6686,root,0,NA,NA,6686,163.116
2498,6082,root,0,NA,NA,6082,163.111
2499,17499,root,0,NA,NA,17499,163.103
2500,11179,root,0,NA,NA,11179,163.093
2501,7357,root,0,NA,NA,7357,163.085
2502,12574,root,0,NA,NA,12574,163.078
2503,5880,root,0,NA,NA,5880,163.019
2504,1354,root,0,NA,NA,1354,163.01
2505,7501,root,0,NA,NA,7501,162.989
2506,19362,root,0,NA,NA,19362,162.946
2507,3687,root,0,NA,NA,3687,162.905
2508,19966,root,0,NA,NA,19966,162.899
2509,5040,root,0,NA,NA,5040,162.889
2510,18613,root,0,NA,NA,18613,162.886
2511,7774,root,0,NA,NA,7774,162.864
2512,6376,root,0,NA,NA,6376,162.86
2513,17717,root,0,NA,NA,17717,162.851
2514,7469,root,0,NA,NA,7469,162.841
2515,11005,root,0,NA,NA,11005,162.838
2516,8495,root,0,NA,NA,8495,162.814
2517,4645,root,0,NA,NA,4645,162.781
2518,14785,root,0,NA,NA,14785,162.771
2519,12795,root,0,NA,NA,12795,162.771
2520,1412,root,0,NA,NA,1412,162.763
2521,11307,root,0,NA,NA,11307,162.75
2522,6152,root,0,NA,NA,6152,162.749
2523,1840,root,0,NA,NA,1840,162.737
2524,16483,root,0,NA,NA,16483,162.733
2525,18065,root,0,NA,NA,18065,162.723
2526,18784,root,0,NA,NA,18784,162.713
2527,6652,root,0,NA,NA,6652,162.706
2528,9768,root,0,NA,NA,9768,162.662
2529,12128,root,0,NA,NA,12128,162.651
2530,11909,root,0,NA,NA,11909,162.641
2531,15292,root,0,NA,NA,15292,162.637
2532,6768,root,0,NA,NA,6768,162.635
2533,16817,root,0,NA,NA,16817,162.634
2534,10069,root,0,NA,NA,10069,162.628
2535,815,root,0,NA,NA,815,162.624
2536,1728,root,0,NA,NA,1728,162.622
2537,7310,root,0,NA,NA,7310,162.617
2538,8432,root,0,NA,NA,8432,162.595
2539,8923,root,0,NA,NA,8923,162.592
2540,3949,root,0,NA,NA,3949,162.59
2541,9846,root,0,NA,NA,9846,162.554
2542,2454,root,0,NA,NA,2454,162.543
2543,5932,root,0,NA,NA,5932,162.521
2544,8209,root,0,NA,NA,8209,162.52
2545,950,root,0,NA,NA,950,162.505
2546,8960,root,0,NA,NA,8960,162.497
2547,2252,root,0,NA,NA,2252,162.482
2548,19138,root,0,NA,NA,19138,162.48
2549,2008,root,0,NA,NA,2008,162.458
2550,3312,root,0,NA,NA,3312,162.439
2551,5524,root,0,NA,NA,5524,162.429
2552,3894,root,0,NA,NA,3894,162.419
2553,1061,root,0,NA,NA,1061,162.417
2554,10079,root,0,NA,NA,10079,162.416
2555,3050,root,0,NA,NA,3050,162.4
2556,6396,root,0,NA,NA,6396,162.389
2557,10645,root,0,NA,NA,10645,162.388
2558,10083,root,0,NA,NA,10083,162.374
2559,1501,root,0,NA,NA,1501,162.372
2560,2436,root,0,NA,NA,2436,162.37
2561,15929,root,0,NA,NA,15929,162.364
2562,10858,root,0,NA,NA,10858,162.323
2563,10579,root,0,NA,NA,10579,162.309
2564,11146,root,0,NA,NA,11146,162.298
2565,15044,root,0,NA,NA,15044,162.29
2566,13526,root,0,NA,NA,13526,162.286
2567,4985,root,0,NA,NA,4985,162.269
2568,17398,root,0,NA,NA,17398,162.238
2569,4682,root,0,NA,NA,4682,162.237
2570,13015,root,0,NA,NA,13015,162.21
2571,3099,root,0,NA,NA,3099,162.208
2572,12250,root,0,NA,NA,12250,162.201
2573,5179,root,0,NA,NA,5179,162.2
2574,1770,root,0,NA,NA,1770,162.183
2575,6215,root,0,NA,NA,6215,162.169
2576,8842,root,0,NA,NA,8842,162.169
2577,7223,root,0,NA,NA,7223,162.162
2578,8469,root,0,NA,NA,8469,162.141
2579,1605,root,0,NA,NA,1605,162.134
2580,16067,root,0,NA,NA,16067,162.112
2581,9776,root,0,NA,NA,9776,162.11
2582,6000,root,0,NA,NA,6000,162.105
2583,16081,root,0,NA,NA,16081,162.102
2584,2212,root,0,NA,NA,2212,162.088
2585,776,root,0,NA,NA,776,162.088
2586,5313,root,0,NA,NA,5313,162.084
2587,8427,root,0,NA,NA,8427,162.065
2588,4970,root,0,NA,NA,4970,162.046
2589,17508,root,0,NA,NA,17508,162.022
2590,4602,root,0,NA,NA,4602,162.009
2591,15570,root,0,NA,NA,15570,161.994
2592,16318,root,0,NA,NA,16318,161.992
2593,5061,root,0,NA,NA,5061,161.981
2594,9765,root,0,NA,NA,9765,161.976
2595,3435,root,0,NA,NA,3435,161.975
2596,153,root,0,NA,NA,153,161.93
2597,834,root,0,NA,NA,834,161.919
2598,3488,root,0,NA,NA,3488,161.9
2599,17200,root,0,NA,NA,17200,161.885
2600,10435,root,0,NA,NA,10435,161.854
2601,13593,root,0,NA,NA,13593,161.846
2602,14637,root,0,NA,NA,14637,161.827
2603,2053,root,0,NA,NA,2053,161.805
2604,1718,root,0,NA,NA,1718,161.802
2605,4608,root,0,NA,NA,4608,161.801
2606,15528,root,0,NA,NA,15528,161.783
2607,10537,root,0,NA,NA,10537,161.772
2608,3218,root,0,NA,NA,3218,161.771
2609,14814,root,0,NA,NA,14814,161.765
2610,15931,root,0,NA,NA,15931,161.763
2611,5951,root,0,NA,NA,5951,161.761
2612,16816,root,0,NA,NA,16816,161.754
2613,6281,root,0,NA,NA,6281,161.749
2614,15143,root,0,NA,NA,15143,161.708
2615,9778,root,0,NA,NA,9778,161.661
2616,2581,root,0,NA,NA,2581,161.653
2617,3116,root,0,NA,NA,3116,161.653
2618,8038,root,0,NA,NA,8038,161.646
2619,13800,root,0,NA,NA,13800,161.646
2620,5780,root,0,NA,NA,5780,161.635
2621,17623,root,0,NA,NA,17623,161.631
2622,9660,root,0,NA,NA,9660,161.625
2623,12459,root,0,NA,NA,12459,161.61
2624,4771,root,0,NA,NA,4771,161.603
2625,7320,root,0,NA,NA,7320,161.602
2626,4250,root,0,NA,NA,4250,161.587
2627,6173,root,0,NA,NA,6173,161.583
2628,13378,root,0,NA,NA,13378,161.573
2629,561,root,0,NA,NA,561,161.542
2630,16804,root,0,NA,NA,16804,161.519
2631,3776,root,0,NA,NA,3776,161.499
2632,4651,root,0,NA,NA,4651,161.493
2633,3361,root,0,NA,NA,3361,161.436
2634,8259,root,0,NA,NA,8259,161.436
2635,16526,root,0,NA,NA,16526,161.431
2636,11651,root,0,NA,NA,11651,161.409
2637,1827,root,0,NA,NA,1827,161.373
2638,14755,root,0,NA,NA,14755,161.373
2639,2898,root,0,NA,NA,2898,161.364
2640,11134,root,0,NA,NA,11134,161.358
2641,15992,root,0,NA,NA,15992,161.349
2642,10112,root,0,NA,NA,10112,161.346
2643,7032,root,0,NA,NA,7032,161.344
2644,8257,root,0,NA,NA,8257,161.336
2645,15926,root,0,NA,NA,15926,161.314
2646,4056,root,0,NA,NA,4056,161.308
2647,5299,root,0,NA,NA,5299,161.28
2648,3574,root,0,NA,NA,3574,161.275
2649,12635,root,0,NA,NA,12635,161.271
2650,10721,root,0,NA,NA,10721,161.26
2651,2671,root,0,NA,NA,2671,161.254
2652,268,root,0,NA,NA,268,161.252
2653,10797,root,0,NA,NA,10797,161.246
2654,967,root,0,NA,NA,967,161.224
2655,81,root,0,NA,NA,81,161.215
2656,8910,root,0,NA,NA,8910,161.165
2657,4823,root,0,NA,NA,4823,161.159
2658,17185,root,0,NA,NA,17185,161.125
2659,1626,root,0,NA,NA,1626,161.111
2660,7221,root,0,NA,NA,7221,161.093
2661,10637,root,0,NA,NA,10637,161.091
2662,12217,root,0,NA,NA,12217,161.088
2663,5721,root,0,NA,NA,5721,161.068
2664,11323,root,0,NA,NA,11323,161.061
2665,11906,root,0,NA,NA,11906,161.05
2666,8700,root,0,NA,NA,8700,161.031
2667,6446,root,0,NA,NA,6446,161.002
2668,13514,root,0,NA,NA,13514,161.001
2669,1230,root,0,NA,NA,1230,161
2670,2574,root,0,NA,NA,2574,160.997
2671,2595,root,0,NA,NA,2595,160.997
2672,12193,root,0,NA,NA,12193,160.97
2673,10193,root,0,NA,NA,10193,160.967
2674,2142,root,0,NA,NA,2142,160.952
2675,98,root,0,NA,NA,98,160.942
2676,6729,root,0,NA,NA,6729,160.912
2677,14076,root,0,NA,NA,14076,160.906
2678,14772,root,0,NA,NA,14772,160.9
2679,8652,root,0,NA,NA,8652,160.883
2680,7119,root,0,NA,NA,7119,160.878
2681,6462,root,0,NA,NA,6462,160.874
2682,9799,root,0,NA,NA,9799,160.865
2683,927,root,0,NA,NA,927,160.854
2684,4187,root,0,NA,NA,4187,160.811
2685,15834,root,0,NA,NA,15834,160.773
2686,8673,root,0,NA,NA,8673,160.773
2687,2052,root,0,NA,NA,2052,160.753
2688,590,root,0,NA,NA,590,160.749
2689,2396,root,0,NA,NA,2396,160.733
2690,10099,root,0,NA,NA,10099,160.723
2691,16394,root,0,NA,NA,16394,160.708
2692,8456,root,0,NA,NA,8456,160.697
2693,2911,root,0,NA,NA,2911,160.692
2694,7836,root,0,NA,NA,7836,160.685
2695,3,root,0,NA,NA,3,160.685
2696,16096,root,0,NA,NA,16096,160.668
2697,531,root,0,NA,NA,531,160.651
2698,13985,root,0,NA,NA,13985,160.645
2699,1597,root,0,NA,NA,1597,160.637
2700,1040,root,0,NA,NA,1040,160.629
2701,11404,root,0,NA,NA,11404,160.617
2702,17073,root,0,NA,NA,17073,160.609
2703,5587,root,0,NA,NA,5587,160.606
2704,71,root,0,NA,NA,71,160.601
2705,6530,root,0,NA,NA,6530,160.582
2706,18544,root,0,NA,NA,18544,160.564
2707,19403,root,0,NA,NA,19403,160.552
2708,15835,root,0,NA,NA,15835,160.545
2709,6889,root,0,NA,NA,6889,160.545
2710,15169,root,0,NA,NA,15169,160.499
2711,14392,root,0,NA,NA,14392,160.491
2712,17968,root,0,NA,NA,17968,160.479
2713,10243,root,0,NA,NA,10243,160.478
2714,1741,root,0,NA,NA,1741,160.467
2715,11431,root,0,NA,NA,11431,160.44
2716,16818,root,0,NA,NA,16818,160.435
2717,14763,root,0,NA,NA,14763,160.406
2718,9702,root,0,NA,NA,9702,160.403
2719,15350,root,0,NA,NA,15350,160.402
2720,16683,root,0,NA,NA,16683,160.396
2721,19057,root,0,NA,NA,19057,160.379
2722,18023,root,0,NA,NA,18023,160.378
2723,9161,root,0,NA,NA,9161,160.375
2724,8915,root,0,NA,NA,8915,160.374
2725,1826,root,0,NA,NA,1826,160.373
2726,4077,root,0,NA,NA,4077,160.367
2727,17331,root,0,NA,NA,17331,160.356
2728,2412,root,0,NA,NA,2412,160.343
2729,6048,root,0,NA,NA,6048,160.33
2730,7871,root,0,NA,NA,7871,160.324
2731,14978,root,0,NA,NA,14978,160.315
2732,11505,root,0,NA,NA,11505,160.313
2733,18404,root,0,NA,NA,18404,160.297
2734,8873,root,0,NA,NA,8873,160.274
2735,7362,root,0,NA,NA,7362,160.266
2736,10417,root,0,NA,NA,10417,160.251
2737,1167,root,0,NA,NA,1167,160.232
2738,2919,root,0,NA,NA,2919,160.182
2739,12170,root,0,NA,NA,12170,160.181
2740,742,root,0,NA,NA,742,160.164
2741,19398,root,0,NA,NA,19398,160.156
2742,11070,root,0,NA,NA,11070,160.154
2743,9316,root,0,NA,NA,9316,160.133
2744,14918,root,0,NA,NA,14918,160.112
2745,2391,root,0,NA,NA,2391,160.112
2746,7488,root,0,NA,NA,7488,160.105
2747,13561,root,0,NA,NA,13561,160.103
2748,13565,root,0,NA,NA,13565,160.101
2749,19144,root,0,NA,NA,19144,160.098
2750,610,root,0,NA,NA,610,160.095
2751,17826,root,0,NA,NA,17826,160.093
2752,16593,root,0,NA,NA,16593,160.092
2753,2751,root,0,NA,NA,2751,160.077
2754,1994,root,0,NA,NA,1994,160.075
2755,2924,root,0,NA,NA,2924,160.071
2756,1286,root,0,NA,NA,1286,160.07
2757,8337,root,0,NA,NA,8337,160.05
2758,2196,root,0,NA,NA,2196,160.039
2759,10621,root,0,NA,NA,10621,160.025
2760,9464,root,0,NA,NA,9464,160.022
2761,12033,root,0,NA,NA,12033,160.018
2762,14297,root,0,NA,NA,14297,160.013
2763,9564,root,0,NA,NA,9564,160.013
2764,1388,root,0,NA,NA,1388,160.01
2765,17076,root,0,NA,NA,17076,159.992
2766,17078,root,0,NA,NA,17078,159.99
2767,16594,root,0,NA,NA,16594,159.972
2768,16479,root,0,NA,NA,16479,159.883
2769,16192,root,0,NA,NA,16192,159.881
2770,13344,root,0,NA,NA,13344,159.874
2771,12133,root,0,NA,NA,12133,159.87
2772,5713,root,0,NA,NA,5713,159.856
2773,1792,root,0,NA,NA,1792,159.855
2774,6957,root,0,NA,NA,6957,159.836
2775,10689,root,0,NA,NA,10689,159.822
2776,16104,root,0,NA,NA,16104,159.819
2777,18865,root,0,NA,NA,18865,159.809
2778,10582,root,0,NA,NA,10582,159.76
2779,15282,root,0,NA,NA,15282,159.757
2780,9530,root,0,NA,NA,9530,159.756
2781,13599,root,0,NA,NA,13599,159.745
2782,19432,root,0,NA,NA,19432,159.744
2783,660,root,0,NA,NA,660,159.734
2784,537,root,0,NA,NA,537,159.733
2785,271,root,0,NA,NA,271,159.73
2786,589,root,0,NA,NA,589,159.703
2787,3733,root,0,NA,NA,3733,159.7
2788,14216,root,0,NA,NA,14216,159.68
2789,12138,root,0,NA,NA,12138,159.672
2790,15063,root,0,NA,NA,15063,159.651
2791,173,root,0,NA,NA,173,159.65
2792,2288,root,0,NA,NA,2288,159.64
2793,16548,root,0,NA,NA,16548,159.633
2794,19267,root,0,NA,NA,19267,159.628
2795,6027,root,0,NA,NA,6027,159.588
2796,1026,root,0,NA,NA,1026,159.583
2797,327,root,0,NA,NA,327,159.58
2798,4757,root,0,NA,NA,4757,159.57
2799,3742,root,0,NA,NA,3742,159.567
2800,3137,root,0,NA,NA,3137,159.555
2801,14891,root,0,NA,NA,14891,159.553
2802,2890,root,0,NA,NA,2890,159.552
2803,2246,root,0,NA,NA,2246,159.549
2804,9854,root,0,NA,NA,9854,159.547
2805,15290,root,0,NA,NA,15290,159.527
2806,4061,root,0,NA,NA,4061,159.52
2807,2121,root,0,NA,NA,2121,159.519
2808,15319,root,0,NA,NA,15319,159.517
2809,15526,root,0,NA,NA,15526,159.508
2810,19401,root,0,NA,NA,19401,159.506
2811,2342,root,0,NA,NA,2342,159.498
2812,9681,root,0,NA,NA,9681,159.475
2813,7726,root,0,NA,NA,7726,159.458
2814,3668,root,0,NA,NA,3668,159.455
2815,4164,root,0,NA,NA,4164,159.45
2816,19172,root,0,NA,NA,19172,159.444
2817,2328,root,0,NA,NA,2328,159.409
2818,13331,root,0,NA,NA,13331,159.398
2819,12415,root,0,NA,NA,12415,159.358
2820,2254,root,0,NA,NA,2254,159.346
2821,8687,root,0,NA,NA,8687,159.345
2822,373,root,0,NA,NA,373,159.333
2823,17769,root,0,NA,NA,17769,159.331
2824,13978,root,0,NA,NA,13978,159.329
2825,15271,root,0,NA,NA,15271,159.326
2826,10863,root,0,NA,NA,10863,159.324
2827,11982,root,0,NA,NA,11982,159.297
2828,8054,root,0,NA,NA,8054,159.296
2829,14091,root,0,NA,NA,14091,159.278
2830,11090,root,0,NA,NA,11090,159.269
2831,2233,root,0,NA,NA,2233,159.264
2832,2903,root,0,NA,NA,2903,159.191
2833,3509,root,0,NA,NA,3509,159.19
2834,3962,root,0,NA,NA,3962,159.168
2835,1752,root,0,NA,NA,1752,159.165
2836,2045,root,0,NA,NA,2045,159.162
2837,5891,root,0,NA,NA,5891,159.152
2838,15389,root,0,NA,NA,15389,159.141
2839,7948,root,0,NA,NA,7948,159.13
2840,5624,root,0,NA,NA,5624,159.075
2841,9770,root,0,NA,NA,9770,159.075
2842,1406,root,0,NA,NA,1406,159.071
2843,5836,root,0,NA,NA,5836,159.062
2844,5618,root,0,NA,NA,5618,159.055
2845,1144,root,0,NA,NA,1144,159.052
2846,1991,root,0,NA,NA,1991,159.047
2847,849,root,0,NA,NA,849,159.047
2848,6286,root,0,NA,NA,6286,159.037
2849,3391,root,0,NA,NA,3391,159.014
2850,16662,root,0,NA,NA,16662,159.006
2851,11465,root,0,NA,NA,11465,159.004
2852,8566,root,0,NA,NA,8566,158.996
2853,15820,root,0,NA,NA,15820,158.981
2854,11116,root,0,NA,NA,11116,158.967
2855,3639,root,0,NA,NA,3639,158.966
2856,336,root,0,NA,NA,336,158.962
2857,3501,root,0,NA,NA,3501,158.946
2858,19196,root,0,NA,NA,19196,158.939
2859,15840,root,0,NA,NA,15840,158.932
2860,18828,root,0,NA,NA,18828,158.871
2861,1739,root,0,NA,NA,1739,158.859
2862,3755,root,0,NA,NA,3755,158.852
2863,17103,root,0,NA,NA,17103,158.844
2864,17079,root,0,NA,NA,17079,158.838
2865,15531,root,0,NA,NA,15531,158.814
2866,1806,root,0,NA,NA,1806,158.804
2867,9940,root,0,NA,NA,9940,158.796
2868,1322,root,0,NA,NA,1322,158.778
2869,12863,root,0,NA,NA,12863,158.762
2870,1055,root,0,NA,NA,1055,158.759
2871,10813,root,0,NA,NA,10813,158.75
2872,2082,root,0,NA,NA,2082,158.744
2873,11447,root,0,NA,NA,11447,158.73
2874,1959,root,0,NA,NA,1959,158.725
2875,2050,root,0,NA,NA,2050,158.715
2876,14810,root,0,NA,NA,14810,158.703
2877,3378,root,0,NA,NA,3378,158.702
2878,3146,root,0,NA,NA,3146,158.696
2879,6912,root,0,NA,NA,6912,158.689
2880,10258,root,0,NA,NA,10258,158.671
2881,18440,root,0,NA,NA,18440,158.67
2882,3666,root,0,NA,NA,3666,158.667
2883,10009,root,0,NA,NA,10009,158.667
2884,3653,root,0,NA,NA,3653,158.666
2885,9350,root,0,NA,NA,9350,158.662
2886,9932,root,0,NA,NA,9932,158.66
2887,7927,root,0,NA,NA,7927,158.66
2888,438,root,0,NA,NA,438,158.656
2889,2128,root,0,NA,NA,2128,158.653
2890,10915,root,0,NA,NA,10915,158.647
2891,10071,root,0,NA,NA,10071,158.646
2892,8962,root,0,NA,NA,8962,158.611
2893,13539,root,0,NA,NA,13539,158.603
2894,4332,root,0,NA,NA,4332,158.578
2895,1462,root,0,NA,NA,1462,158.572
2896,1568,root,0,NA,NA,1568,158.569
2897,5048,root,0,NA,NA,5048,158.542
2898,6477,root,0,NA,NA,6477,158.534
2899,2882,root,0,NA,NA,2882,158.533
2900,15255,root,0,NA,NA,15255,158.509
2901,64,root,0,NA,NA,64,158.5
2902,15573,root,0,NA,NA,15573,158.496
2903,2179,root,0,NA,NA,2179,158.494
2904,17386,root,0,NA,NA,17386,158.49
2905,6142,root,0,NA,NA,6142,158.481
2906,15462,root,0,NA,NA,15462,158.474
2907,1696,root,0,NA,NA,1696,158.473
2908,17707,root,0,NA,NA,17707,158.47
2909,10739,root,0,NA,NA,10739,158.47
2910,5513,root,0,NA,NA,5513,158.446
2911,19419,root,0,NA,NA,19419,158.415
2912,1647,root,0,NA,NA,1647,158.401
2913,6373,root,0,NA,NA,6373,158.388
2914,7210,root,0,NA,NA,7210,158.388
2915,13805,root,0,NA,NA,13805,158.371
2916,205,root,0,NA,NA,205,158.347
2917,5171,root,0,NA,NA,5171,158.346
2918,10045,root,0,NA,NA,10045,158.339
2919,10219,root,0,NA,NA,10219,158.313
2920,17665,root,0,NA,NA,17665,158.301
2921,2211,root,0,NA,NA,2211,158.276
2922,5197,root,0,NA,NA,5197,158.257
2923,11648,root,0,NA,NA,11648,158.25
2924,4852,root,0,NA,NA,4852,158.25
2925,12915,root,0,NA,NA,12915,158.248
2926,2425,root,0,NA,NA,2425,158.246
2927,13251,root,0,NA,NA,13251,158.226
2928,2966,root,0,NA,NA,2966,158.225
2929,1520,root,0,NA,NA,1520,158.217
2930,7498,root,0,NA,NA,7498,158.21
2931,1068,root,0,NA,NA,1068,158.206
2932,2867,root,0,NA,NA,2867,158.2
2933,47,root,0,NA,NA,47,158.196
2934,7166,root,0,NA,NA,7166,158.188
2935,2692,root,0,NA,NA,2692,158.183
2936,10077,root,0,NA,NA,10077,158.181
2937,5972,root,0,NA,NA,5972,158.178
2938,18212,root,0,NA,NA,18212,158.173
2939,17269,root,0,NA,NA,17269,158.171
2940,7656,root,0,NA,NA,7656,158.171
2941,1660,root,0,NA,NA,1660,158.153
2942,10038,root,0,NA,NA,10038,158.142
2943,11033,root,0,NA,NA,11033,158.127
2944,6394,root,0,NA,NA,6394,158.116
2945,3383,root,0,NA,NA,3383,158.089
2946,15317,root,0,NA,NA,15317,158.068
2947,7630,root,0,NA,NA,7630,158.066
2948,3404,root,0,NA,NA,3404,158.065
2949,10464,root,0,NA,NA,10464,158.042
2950,11776,root,0,NA,NA,11776,158.007
2951,8931,root,0,NA,NA,8931,157.996
2952,2684,root,0,NA,NA,2684,157.99
2953,11478,root,0,NA,NA,11478,157.976
2954,10229,root,0,NA,NA,10229,157.976
2955,10289,root,0,NA,NA,10289,157.967
2956,3559,root,0,NA,NA,3559,157.951
2957,6160,root,0,NA,NA,6160,157.937
2958,1187,root,0,NA,NA,1187,157.913
2959,13025,root,0,NA,NA,13025,157.902
2960,9807,root,0,NA,NA,9807,157.876
2961,695,root,0,NA,NA,695,157.861
2962,2854,root,0,NA,NA,2854,157.849
2963,18024,root,0,NA,NA,18024,157.849
2964,19497,root,0,NA,NA,19497,157.847
2965,7969,root,0,NA,NA,7969,157.847
2966,6410,root,0,NA,NA,6410,157.845
2967,2403,root,0,NA,NA,2403,157.84
2968,17990,root,0,NA,NA,17990,157.838
2969,3412,root,0,NA,NA,3412,157.837
2970,992,root,0,NA,NA,992,157.815
2971,5157,root,0,NA,NA,5157,157.803
2972,15823,root,0,NA,NA,15823,157.792
2973,4337,root,0,NA,NA,4337,157.783
2974,11653,root,0,NA,NA,11653,157.771
2975,13349,root,0,NA,NA,13349,157.762
2976,3417,root,0,NA,NA,3417,157.762
2977,17979,root,0,NA,NA,17979,157.752
2978,13803,root,0,NA,NA,13803,157.689
2979,3239,root,0,NA,NA,3239,157.683
2980,2916,root,0,NA,NA,2916,157.644
2981,2267,root,0,NA,NA,2267,157.638
2982,1915,root,0,NA,NA,1915,157.61
2983,18788,root,0,NA,NA,18788,157.595
2984,13567,root,0,NA,NA,13567,157.559
2985,11129,root,0,NA,NA,11129,157.556
2986,4419,root,0,NA,NA,4419,157.55
2987,1229,root,0,NA,NA,1229,157.544
2988,18453,root,0,NA,NA,18453,157.526
2989,18827,root,0,NA,NA,18827,157.525
2990,1801,root,0,NA,NA,1801,157.52
2991,9329,root,0,NA,NA,9329,157.513
2992,6763,root,0,NA,NA,6763,157.511
2993,16725,root,0,NA,NA,16725,157.491
2994,15411,root,0,NA,NA,15411,157.487
2995,14661,root,0,NA,NA,14661,157.471
2996,14327,root,0,NA,NA,14327,157.468
2997,4969,root,0,NA,NA,4969,157.456
2998,2103,root,0,NA,NA,2103,157.455
2999,14713,root,0,NA,NA,14713,157.453
3000,1804,root,0,NA,NA,1804,157.45
3001,2175,root,0,NA,NA,2175,157.444
3002,3593,root,0,NA,NA,3593,157.441
3003,3605,root,0,NA,NA,3605,157.414
3004,3626,root,0,NA,NA,3626,157.414
3005,19012,root,0,NA,NA,19012,157.399
3006,1196,root,0,NA,NA,1196,157.394
3007,2155,root,0,NA,NA,2155,157.387
3008,906,root,0,NA,NA,906,157.383
3009,246,root,0,NA,NA,246,157.381
3010,17646,root,0,NA,NA,17646,157.373
3011,335,root,0,NA,NA,335,157.356
3012,2895,root,0,NA,NA,2895,157.349
3013,7852,root,0,NA,NA,7852,157.315
3014,17839,root,0,NA,NA,17839,157.286
3015,1048,root,0,NA,NA,1048,157.283
3016,10125,root,0,NA,NA,10125,157.282
3017,1658,root,0,NA,NA,1658,157.27
3018,3298,root,0,NA,NA,3298,157.233
3019,16814,root,0,NA,NA,16814,157.228
3020,15272,root,0,NA,NA,15272,157.222
3021,2161,root,0,NA,NA,2161,157.209
3022,757,root,0,NA,NA,757,157.186
3023,5433,root,0,NA,NA,5433,157.186
3024,10517,root,0,NA,NA,10517,157.175
3025,6721,root,0,NA,NA,6721,157.174
3026,13121,root,0,NA,NA,13121,157.17
3027,4390,root,0,NA,NA,4390,157.167
3028,7640,root,0,NA,NA,7640,157.159
3029,10761,root,0,NA,NA,10761,157.158
3030,2280,root,0,NA,NA,2280,157.154
3031,1819,root,0,NA,NA,1819,157.152
3032,7373,root,0,NA,NA,7373,157.089
3033,5187,root,0,NA,NA,5187,157.088
3034,18304,root,0,NA,NA,18304,157.084
3035,1889,root,0,NA,NA,1889,157.056
3036,16568,root,0,NA,NA,16568,157.055
3037,4584,root,0,NA,NA,4584,157.036
3038,9305,root,0,NA,NA,9305,157.029
3039,18807,root,0,NA,NA,18807,157.006
3040,7897,root,0,NA,NA,7897,156.983
3041,17327,root,0,NA,NA,17327,156.964
3042,6938,root,0,NA,NA,6938,156.946
3043,1218,root,0,NA,NA,1218,156.943
3044,2218,root,0,NA,NA,2218,156.931
3045,10658,root,0,NA,NA,10658,156.931
3046,12897,root,0,NA,NA,12897,156.921
3047,14240,root,0,NA,NA,14240,156.917
3048,18559,root,0,NA,NA,18559,156.913
3049,9132,root,0,NA,NA,9132,156.901
3050,388,root,0,NA,NA,388,156.897
3051,37,root,0,NA,NA,37,156.896
3052,971,root,0,NA,NA,971,156.894
3053,7977,root,0,NA,NA,7977,156.878
3054,5258,root,0,NA,NA,5258,156.872
3055,19940,root,0,NA,NA,19940,156.867
3056,1560,root,0,NA,NA,1560,156.855
3057,4863,root,0,NA,NA,4863,156.842
3058,7847,root,0,NA,NA,7847,156.84
3059,14947,root,0,NA,NA,14947,156.839
3060,9308,root,0,NA,NA,9308,156.839
3061,2559,root,0,NA,NA,2559,156.838
3062,5454,root,0,NA,NA,5454,156.829
3063,12141,root,0,NA,NA,12141,156.822
3064,2768,root,0,NA,NA,2768,156.819
3065,11972,root,0,NA,NA,11972,156.814
3066,12221,root,0,NA,NA,12221,156.805
3067,2846,root,0,NA,NA,2846,156.803
3068,9470,root,0,NA,NA,9470,156.799
3069,7202,root,0,NA,NA,7202,156.797
3070,2358,root,0,NA,NA,2358,156.791
3071,2875,root,0,NA,NA,2875,156.789
3072,510,root,0,NA,NA,510,156.783
3073,13468,root,0,NA,NA,13468,156.756
3074,5166,root,0,NA,NA,5166,156.743
3075,16281,root,0,NA,NA,16281,156.713
3076,18109,root,0,NA,NA,18109,156.711
3077,10829,root,0,NA,NA,10829,156.709
3078,2885,root,0,NA,NA,2885,156.7
3079,4917,root,0,NA,NA,4917,156.692
3080,1272,root,0,NA,NA,1272,156.666
3081,2192,root,0,NA,NA,2192,156.658
3082,16899,root,0,NA,NA,16899,156.654
3083,2785,root,0,NA,NA,2785,156.638
3084,1764,root,0,NA,NA,1764,156.618
3085,7953,root,0,NA,NA,7953,156.594
3086,11119,root,0,NA,NA,11119,156.593
3087,6611,root,0,NA,NA,6611,156.568
3088,11988,root,0,NA,NA,11988,156.567
3089,1902,root,0,NA,NA,1902,156.557
3090,18721,root,0,NA,NA,18721,156.555
3091,6966,root,0,NA,NA,6966,156.544
3092,16502,root,0,NA,NA,16502,156.541
3093,60,root,0,NA,NA,60,156.536
3094,419,root,0,NA,NA,419,156.525
3095,100,root,0,NA,NA,100,156.507
3096,10198,root,0,NA,NA,10198,156.499
3097,5893,root,0,NA,NA,5893,156.492
3098,9745,root,0,NA,NA,9745,156.492
3099,7972,root,0,NA,NA,7972,156.478
3100,15032,root,0,NA,NA,15032,156.468
3101,13944,root,0,NA,NA,13944,156.462
3102,7168,root,0,NA,NA,7168,156.443
3103,1030,root,0,NA,NA,1030,156.439
3104,7111,root,0,NA,NA,7111,156.428
3105,68,root,0,NA,NA,68,156.427
3106,6583,root,0,NA,NA,6583,156.39
3107,14242,root,0,NA,NA,14242,156.389
3108,9289,root,0,NA,NA,9289,156.382
3109,17125,root,0,NA,NA,17125,156.379
3110,15725,root,0,NA,NA,15725,156.378
3111,12689,root,0,NA,NA,12689,156.343
3112,9919,root,0,NA,NA,9919,156.332
3113,3567,root,0,NA,NA,3567,156.316
3114,13320,root,0,NA,NA,13320,156.316
3115,9514,root,0,NA,NA,9514,156.292
3116,18502,root,0,NA,NA,18502,156.277
3117,9197,root,0,NA,NA,9197,156.269
3118,4064,root,0,NA,NA,4064,156.259
3119,14115,root,0,NA,NA,14115,156.25
3120,15782,root,0,NA,NA,15782,156.243
3121,17272,root,0,NA,NA,17272,156.237
3122,5261,root,0,NA,NA,5261,156.226
3123,1074,root,0,NA,NA,1074,156.22
3124,2275,root,0,NA,NA,2275,156.218
3125,19254,root,0,NA,NA,19254,156.202
3126,5492,root,0,NA,NA,5492,156.2
3127,4595,root,0,NA,NA,4595,156.173
3128,9478,root,0,NA,NA,9478,156.164
3129,1203,root,0,NA,NA,1203,156.163
3130,11242,root,0,NA,NA,11242,156.142
3131,10530,root,0,NA,NA,10530,156.128
3132,18405,root,0,NA,NA,18405,156.123
3133,2356,root,0,NA,NA,2356,156.12
3134,19533,root,0,NA,NA,19533,156.108
3135,7338,root,0,NA,NA,7338,156.093
3136,1675,root,0,NA,NA,1675,156.092
3137,8326,root,0,NA,NA,8326,156.088
3138,5160,root,0,NA,NA,5160,156.084
3139,18824,root,0,NA,NA,18824,156.071
3140,11543,root,0,NA,NA,11543,156.065
3141,14053,root,0,NA,NA,14053,156.062
3142,7940,root,0,NA,NA,7940,156.056
3143,3475,root,0,NA,NA,3475,156.036
3144,3341,root,0,NA,NA,3341,156.028
3145,3362,root,0,NA,NA,3362,156.028
3146,14709,root,0,NA,NA,14709,156.027
3147,267,root,0,NA,NA,267,156.015
3148,3302,root,0,NA,NA,3302,156.014
3149,14619,root,0,NA,NA,14619,156.01
3150,340,root,0,NA,NA,340,156.001
3151,1013,root,0,NA,NA,1013,156
3152,1034,root,0,NA,NA,1034,155.998
3153,6178,root,0,NA,NA,6178,155.997
3154,14949,root,0,NA,NA,14949,155.996
3155,2124,root,0,NA,NA,2124,155.981
3156,12144,root,0,NA,NA,12144,155.974
3157,582,root,0,NA,NA,582,155.961
3158,8629,root,0,NA,NA,8629,155.955
3159,623,root,0,NA,NA,623,155.953
3160,2031,root,0,NA,NA,2031,155.951
3161,509,root,0,NA,NA,509,155.945
3162,1239,root,0,NA,NA,1239,155.939
3163,4095,root,0,NA,NA,4095,155.937
3164,1293,root,0,NA,NA,1293,155.916
3165,15033,root,0,NA,NA,15033,155.915
3166,1252,root,0,NA,NA,1252,155.913
3167,15568,root,0,NA,NA,15568,155.895
3168,14604,root,0,NA,NA,14604,155.89
3169,5124,root,0,NA,NA,5124,155.881
3170,2837,root,0,NA,NA,2837,155.873
3171,1709,root,0,NA,NA,1709,155.866
3172,233,root,0,NA,NA,233,155.864
3173,18225,root,0,NA,NA,18225,155.833
3174,17600,root,0,NA,NA,17600,155.832
3175,15345,root,0,NA,NA,15345,155.831
3176,3040,root,0,NA,NA,3040,155.818
3177,4308,root,0,NA,NA,4308,155.802
3178,2841,root,0,NA,NA,2841,155.792
3179,13501,root,0,NA,NA,13501,155.786
3180,10811,root,0,NA,NA,10811,155.784
3181,17190,root,0,NA,NA,17190,155.779
3182,3580,root,0,NA,NA,3580,155.771
3183,18576,root,0,NA,NA,18576,155.768
3184,11925,root,0,NA,NA,11925,155.761
3185,1634,root,0,NA,NA,1634,155.752
3186,19400,root,0,NA,NA,19400,155.737
3187,16494,root,0,NA,NA,16494,155.726
3188,2658,root,0,NA,NA,2658,155.699
3189,2862,root,0,NA,NA,2862,155.687
3190,13850,root,0,NA,NA,13850,155.67
3191,2040,root,0,NA,NA,2040,155.662
3192,1092,root,0,NA,NA,1092,155.653
3193,18279,root,0,NA,NA,18279,155.599
3194,16367,root,0,NA,NA,16367,155.598
3195,7816,root,0,NA,NA,7816,155.598
3196,828,root,0,NA,NA,828,155.597
3197,5435,root,0,NA,NA,5435,155.596
3198,12462,root,0,NA,NA,12462,155.594
3199,1208,root,0,NA,NA,1208,155.571
3200,1174,root,0,NA,NA,1174,155.568
3201,16154,root,0,NA,NA,16154,155.553
3202,1195,root,0,NA,NA,1195,155.543
3203,17624,root,0,NA,NA,17624,155.516
3204,16347,root,0,NA,NA,16347,155.515
3205,16819,root,0,NA,NA,16819,155.51
3206,8653,root,0,NA,NA,8653,155.51
3207,5642,root,0,NA,NA,5642,155.498
3208,11278,root,0,NA,NA,11278,155.461
3209,3205,root,0,NA,NA,3205,155.461
3210,6877,root,0,NA,NA,6877,155.443
3211,13990,root,0,NA,NA,13990,155.44
3212,15141,root,0,NA,NA,15141,155.433
3213,10766,root,0,NA,NA,10766,155.416
3214,14227,root,0,NA,NA,14227,155.405
3215,16763,root,0,NA,NA,16763,155.405
3216,2417,root,0,NA,NA,2417,155.394
3217,1688,root,0,NA,NA,1688,155.386
3218,18881,root,0,NA,NA,18881,155.375
3219,2679,root,0,NA,NA,2679,155.373
3220,5589,root,0,NA,NA,5589,155.371
3221,3129,root,0,NA,NA,3129,155.362
3222,13307,root,0,NA,NA,13307,155.362
3223,4340,root,0,NA,NA,4340,155.362
3224,13954,root,0,NA,NA,13954,155.344
3225,3632,root,0,NA,NA,3632,155.344
3226,4398,root,0,NA,NA,4398,155.343
3227,2614,root,0,NA,NA,2614,155.342
3228,8865,root,0,NA,NA,8865,155.34
3229,1182,root,0,NA,NA,1182,155.338
3230,9771,root,0,NA,NA,9771,155.319
3231,3572,root,0,NA,NA,3572,155.314
3232,1352,root,0,NA,NA,1352,155.31
3233,661,root,0,NA,NA,661,155.294
3234,13742,root,0,NA,NA,13742,155.29
3235,9841,root,0,NA,NA,9841,155.28
3236,1919,root,0,NA,NA,1919,155.273
3237,1250,root,0,NA,NA,1250,155.267
3238,6724,root,0,NA,NA,6724,155.264
3239,1576,root,0,NA,NA,1576,155.239
3240,8305,root,0,NA,NA,8305,155.232
3241,3588,root,0,NA,NA,3588,155.228
3242,2908,root,0,NA,NA,2908,155.227
3243,5760,root,0,NA,NA,5760,155.222
3244,5694,root,0,NA,NA,5694,155.21
3245,9496,root,0,NA,NA,9496,155.208
3246,14503,root,0,NA,NA,14503,155.203
3247,741,root,0,NA,NA,741,155.197
3248,6969,root,0,NA,NA,6969,155.186
3249,14552,root,0,NA,NA,14552,155.183
3250,2404,root,0,NA,NA,2404,155.181
3251,1534,root,0,NA,NA,1534,155.173
3252,11391,root,0,NA,NA,11391,155.159
3253,11373,root,0,NA,NA,11373,155.142
3254,5137,root,0,NA,NA,5137,155.134
3255,8847,root,0,NA,NA,8847,155.132
3256,3836,root,0,NA,NA,3836,155.128
3257,3480,root,0,NA,NA,3480,155.116
3258,19748,root,0,NA,NA,19748,155.108
3259,4664,root,0,NA,NA,4664,155.102
3260,3315,root,0,NA,NA,3315,155.093
3261,18869,root,0,NA,NA,18869,155.084
3262,12190,root,0,NA,NA,12190,155.078
3263,7980,root,0,NA,NA,7980,155.07
3264,18337,root,0,NA,NA,18337,155.052
3265,6734,root,0,NA,NA,6734,155.049
3266,2001,root,0,NA,NA,2001,155.022
3267,5064,root,0,NA,NA,5064,155.017
3268,18999,root,0,NA,NA,18999,155.011
3269,15392,root,0,NA,NA,15392,155.004
3270,2195,root,0,NA,NA,2195,155.003
3271,9509,root,0,NA,NA,9509,154.995
3272,15486,root,0,NA,NA,15486,154.986
3273,11667,root,0,NA,NA,11667,154.979
3274,14797,root,0,NA,NA,14797,154.976
3275,2399,root,0,NA,NA,2399,154.966
3276,12489,root,0,NA,NA,12489,154.956
3277,495,root,0,NA,NA,495,154.945
3278,516,root,0,NA,NA,516,154.945
3279,529,root,0,NA,NA,529,154.945
3280,12494,root,0,NA,NA,12494,154.943
3281,6013,root,0,NA,NA,6013,154.931
3282,14294,root,0,NA,NA,14294,154.926
3283,3323,root,0,NA,NA,3323,154.926
3284,2321,root,0,NA,NA,2321,154.924
3285,5136,root,0,NA,NA,5136,154.905
3286,1005,root,0,NA,NA,1005,154.904
3287,12569,root,0,NA,NA,12569,154.903
3288,16069,root,0,NA,NA,16069,154.893
3289,7456,root,0,NA,NA,7456,154.887
3290,16149,root,0,NA,NA,16149,154.879
3291,2525,root,0,NA,NA,2525,154.878
3292,497,root,0,NA,NA,497,154.868
3293,1581,root,0,NA,NA,1581,154.867
3294,6157,root,0,NA,NA,6157,154.865
3295,7875,root,0,NA,NA,7875,154.863
3296,2150,root,0,NA,NA,2150,154.858
3297,5859,root,0,NA,NA,5859,154.844
3298,1447,root,0,NA,NA,1447,154.842
3299,12700,root,0,NA,NA,12700,154.837
3300,7199,root,0,NA,NA,7199,154.836
3301,11698,root,0,NA,NA,11698,154.83
3302,4346,root,0,NA,NA,4346,154.827
3303,5563,root,0,NA,NA,5563,154.825
3304,15484,root,0,NA,NA,15484,154.824
3305,2283,root,0,NA,NA,2283,154.817
3306,4197,root,0,NA,NA,4197,154.812
3307,6949,root,0,NA,NA,6949,154.809
3308,6577,root,0,NA,NA,6577,154.803
3309,18835,root,0,NA,NA,18835,154.8
3310,141,root,0,NA,NA,141,154.785
3311,1917,root,0,NA,NA,1917,154.78
3312,12928,root,0,NA,NA,12928,154.765
3313,12613,root,0,NA,NA,12613,154.75
3314,2262,root,0,NA,NA,2262,154.746
3315,144,root,0,NA,NA,144,154.742
3316,152,root,0,NA,NA,152,154.742
3317,165,root,0,NA,NA,165,154.742
3318,178,root,0,NA,NA,178,154.742
3319,8297,root,0,NA,NA,8297,154.737
3320,1777,root,0,NA,NA,1777,154.727
3321,5501,root,0,NA,NA,5501,154.719
3322,10884,root,0,NA,NA,10884,154.711
3323,19937,root,0,NA,NA,19937,154.702
3324,1602,root,0,NA,NA,1602,154.692
3325,17108,root,0,NA,NA,17108,154.689
3326,15420,root,0,NA,NA,15420,154.689
3327,9504,root,0,NA,NA,9504,154.675
3328,4884,root,0,NA,NA,4884,154.669
3329,3019,root,0,NA,NA,3019,154.663
3330,1297,root,0,NA,NA,1297,154.653
3331,8697,root,0,NA,NA,8697,154.645
3332,1798,root,0,NA,NA,1798,154.6
3333,5043,root,0,NA,NA,5043,154.594
3334,1589,root,0,NA,NA,1589,154.593
3335,1639,root,0,NA,NA,1639,154.583
3336,3396,root,0,NA,NA,3396,154.58
3337,4006,root,0,NA,NA,4006,154.572
3338,1115,root,0,NA,NA,1115,154.56
3339,6323,root,0,NA,NA,6323,154.555
3340,1610,root,0,NA,NA,1610,154.553
3341,2956,root,0,NA,NA,2956,154.539
3342,4030,root,0,NA,NA,4030,154.532
3343,8796,root,0,NA,NA,8796,154.528
3344,17569,root,0,NA,NA,17569,154.523
3345,5051,root,0,NA,NA,5051,154.521
3346,1298,root,0,NA,NA,1298,154.518
3347,3410,root,0,NA,NA,3410,154.468
3348,4174,root,0,NA,NA,4174,154.46
3349,840,root,0,NA,NA,840,154.432
3350,17851,root,0,NA,NA,17851,154.425
3351,1000,root,0,NA,NA,1000,154.417
3352,1264,root,0,NA,NA,1264,154.412
3353,17286,root,0,NA,NA,17286,154.398
3354,9674,root,0,NA,NA,9674,154.395
3355,5608,root,0,NA,NA,5608,154.369
3356,5056,root,0,NA,NA,5056,154.361
3357,7161,root,0,NA,NA,7161,154.325
3358,19464,root,0,NA,NA,19464,154.325
3359,9682,root,0,NA,NA,9682,154.318
3360,1356,root,0,NA,NA,1356,154.313
3361,15627,root,0,NA,NA,15627,154.308
3362,3376,root,0,NA,NA,3376,154.296
3363,353,root,0,NA,NA,353,154.275
3364,14792,root,0,NA,NA,14792,154.262
3365,11113,root,0,NA,NA,11113,154.261
3366,1592,root,0,NA,NA,1592,154.251
3367,6750,root,0,NA,NA,6750,154.225
3368,819,root,0,NA,NA,819,154.222
3369,2730,root,0,NA,NA,2730,154.22
3370,225,root,0,NA,NA,225,154.219
3371,17013,root,0,NA,NA,17013,154.214
3372,3053,root,0,NA,NA,3053,154.212
3373,2134,root,0,NA,NA,2134,154.209
3374,11654,root,0,NA,NA,11654,154.202
3375,4510,root,0,NA,NA,4510,154.191
3376,13515,root,0,NA,NA,13515,154.188
3377,5060,root,0,NA,NA,5060,154.177
3378,2171,root,0,NA,NA,2171,154.177
3379,1607,root,0,NA,NA,1607,154.175
3380,10310,root,0,NA,NA,10310,154.17
3381,230,root,0,NA,NA,230,154.154
3382,8025,root,0,NA,NA,8025,154.139
3383,1226,root,0,NA,NA,1226,154.137
3384,3352,root,0,NA,NA,3352,154.137
3385,6847,root,0,NA,NA,6847,154.124
3386,6952,root,0,NA,NA,6952,154.12
3387,162,root,0,NA,NA,162,154.117
3388,12125,root,0,NA,NA,12125,154.108
3389,2158,root,0,NA,NA,2158,154.095
3390,10577,root,0,NA,NA,10577,154.091
3391,1280,root,0,NA,NA,1280,154.088
3392,6818,root,0,NA,NA,6818,154.084
3393,5385,root,0,NA,NA,5385,154.079
3394,548,root,0,NA,NA,548,154.078
3395,3674,root,0,NA,NA,3674,154.07
3396,15921,root,0,NA,NA,15921,154.047
3397,3334,root,0,NA,NA,3334,154.037
3398,7024,root,0,NA,NA,7024,154.036
3399,3294,root,0,NA,NA,3294,153.991
3400,3328,root,0,NA,NA,3328,153.989
3401,15837,root,0,NA,NA,15837,153.983
3402,8156,root,0,NA,NA,8156,153.98
3403,2887,root,0,NA,NA,2887,153.978
3404,19076,root,0,NA,NA,19076,153.973
3405,12800,root,0,NA,NA,12800,153.97
3406,11036,root,0,NA,NA,11036,153.954
3407,13216,root,0,NA,NA,13216,153.949
3408,17165,root,0,NA,NA,17165,153.941
3409,10195,root,0,NA,NA,10195,153.938
3410,2166,root,0,NA,NA,2166,153.907
3411,15887,root,0,NA,NA,15887,153.897
3412,2635,root,0,NA,NA,2635,153.89
3413,10558,root,0,NA,NA,10558,153.889
3414,3135,root,0,NA,NA,3135,153.876
3415,801,root,0,NA,NA,801,153.873
3416,12227,root,0,NA,NA,12227,153.865
3417,1179,root,0,NA,NA,1179,153.859
3418,5776,root,0,NA,NA,5776,153.856
3419,7888,root,0,NA,NA,7888,153.851
3420,7891,root,0,NA,NA,7891,153.842
3421,7835,root,0,NA,NA,7835,153.838
3422,10170,root,0,NA,NA,10170,153.835
3423,1390,root,0,NA,NA,1390,153.833
3424,1678,root,0,NA,NA,1678,153.827
3425,2648,root,0,NA,NA,2648,153.823
3426,14617,root,0,NA,NA,14617,153.822
3427,16999,root,0,NA,NA,16999,153.808
3428,8041,root,0,NA,NA,8041,153.802
3429,5242,root,0,NA,NA,5242,153.767
3430,3389,root,0,NA,NA,3389,153.76
3431,12175,root,0,NA,NA,12175,153.757
3432,4741,root,0,NA,NA,4741,153.741
3433,18823,root,0,NA,NA,18823,153.733
3434,2627,root,0,NA,NA,2627,153.731
3435,5763,root,0,NA,NA,5763,153.73
3436,4703,root,0,NA,NA,4703,153.723
3437,3262,root,0,NA,NA,3262,153.72
3438,4831,root,0,NA,NA,4831,153.708
3439,14112,root,0,NA,NA,14112,153.703
3440,6055,root,0,NA,NA,6055,153.701
3441,1224,root,0,NA,NA,1224,153.699
3442,1896,root,0,NA,NA,1896,153.677
3443,1237,root,0,NA,NA,1237,153.674
3444,1258,root,0,NA,NA,1258,153.674
3445,3881,root,0,NA,NA,3881,153.655
3446,8474,root,0,NA,NA,8474,153.653
3447,16339,root,0,NA,NA,16339,153.646
3448,946,root,0,NA,NA,946,153.646
3449,5875,root,0,NA,NA,5875,153.6
3450,4749,root,0,NA,NA,4749,153.597
3451,9975,root,0,NA,NA,9975,153.577
3452,5229,root,0,NA,NA,5229,153.567
3453,356,root,0,NA,NA,356,153.562
3454,1586,root,0,NA,NA,1586,153.554
3455,15171,root,0,NA,NA,15171,153.552
3456,175,root,0,NA,NA,175,153.547
3457,900,root,0,NA,NA,900,153.538
3458,11132,root,0,NA,NA,11132,153.534
3459,3585,root,0,NA,NA,3585,153.518
3460,8059,root,0,NA,NA,8059,153.516
3461,1216,root,0,NA,NA,1216,153.515
3462,12668,root,0,NA,NA,12668,153.508
3463,319,root,0,NA,NA,319,153.5
3464,4244,root,0,NA,NA,4244,153.5
3465,8605,root,0,NA,NA,8605,153.472
3466,10336,root,0,NA,NA,10336,153.423
3467,1213,root,0,NA,NA,1213,153.413
3468,12019,root,0,NA,NA,12019,153.393
3469,432,root,0,NA,NA,432,153.387
3470,5781,root,0,NA,NA,5781,153.381
3471,17548,root,0,NA,NA,17548,153.38
3472,2303,root,0,NA,NA,2303,153.371
3473,2806,root,0,NA,NA,2806,153.36
3474,1251,root,0,NA,NA,1251,153.343
3475,17912,root,0,NA,NA,17912,153.341
3476,3197,root,0,NA,NA,3197,153.332
3477,8300,root,0,NA,NA,8300,153.329
3478,9321,root,0,NA,NA,9321,153.329
3479,6975,root,0,NA,NA,6975,153.328
3480,18780,root,0,NA,NA,18780,153.318
3481,5069,root,0,NA,NA,5069,153.307
3482,9268,root,0,NA,NA,9268,153.307
3483,3399,root,0,NA,NA,3399,153.303
3484,19034,root,0,NA,NA,19034,153.298
3485,1200,root,0,NA,NA,1200,153.297
3486,12917,root,0,NA,NA,12917,153.29
3487,12944,root,0,NA,NA,12944,153.282
3488,16255,root,0,NA,NA,16255,153.274
3489,12785,root,0,NA,NA,12785,153.262
3490,5789,root,0,NA,NA,5789,153.261
3491,16497,root,0,NA,NA,16497,153.26
3492,14214,root,0,NA,NA,14214,153.258
3493,9054,root,0,NA,NA,9054,153.256
3494,3078,root,0,NA,NA,3078,153.231
3495,5374,root,0,NA,NA,5374,153.223
3496,8030,root,0,NA,NA,8030,153.223
3497,14907,root,0,NA,NA,14907,153.221
3498,3763,root,0,NA,NA,3763,153.22
3499,10708,root,0,NA,NA,10708,153.22
3500,13299,root,0,NA,NA,13299,153.218
3501,8908,root,0,NA,NA,8908,153.211
3502,1930,root,0,NA,NA,1930,153.205
3503,3611,root,0,NA,NA,3611,153.201
3504,6802,root,0,NA,NA,6802,153.195
3505,1530,root,0,NA,NA,1530,153.185
3506,6384,root,0,NA,NA,6384,153.17
3507,9977,root,0,NA,NA,9977,153.17
3508,5111,root,0,NA,NA,5111,153.165
3509,4974,root,0,NA,NA,4974,153.159
3510,7959,root,0,NA,NA,7959,153.155
3511,2849,root,0,NA,NA,2849,153.148
3512,16082,root,0,NA,NA,16082,153.144
3513,7280,root,0,NA,NA,7280,153.108
3514,2457,root,0,NA,NA,2457,153.107
3515,2187,root,0,NA,NA,2187,153.099
3516,6988,root,0,NA,NA,6988,153.063
3517,7403,root,0,NA,NA,7403,153.05
3518,1234,root,0,NA,NA,1234,153.034
3519,18615,root,0,NA,NA,18615,153.032
3520,5102,root,0,NA,NA,5102,153.023
3521,1367,root,0,NA,NA,1367,153.023
3522,12587,root,0,NA,NA,12587,153.007
3523,4227,root,0,NA,NA,4227,153.005
3524,3289,root,0,NA,NA,3289,153.001
3525,18777,root,0,NA,NA,18777,152.995
3526,14466,root,0,NA,NA,14466,152.992
3527,1263,root,0,NA,NA,1263,152.991
3528,10076,root,0,NA,NA,10076,152.989
3529,10037,root,0,NA,NA,10037,152.977
3530,10972,root,0,NA,NA,10972,152.953
3531,10291,root,0,NA,NA,10291,152.944
3532,5415,root,0,NA,NA,5415,152.917
3533,5768,root,0,NA,NA,5768,152.914
3534,4085,root,0,NA,NA,4085,152.91
3535,16326,root,0,NA,NA,16326,152.909
3536,1245,root,0,NA,NA,1245,152.902
3537,14211,root,0,NA,NA,14211,152.896
3538,2811,root,0,NA,NA,2811,152.896
3539,921,root,0,NA,NA,921,152.896
3540,767,root,0,NA,NA,767,152.891
3541,832,root,0,NA,NA,832,152.885
3542,9413,root,0,NA,NA,9413,152.882
3543,13690,root,0,NA,NA,13690,152.874
3544,2200,root,0,NA,NA,2200,152.861
3545,3080,root,0,NA,NA,3080,152.861
3546,5914,root,0,NA,NA,5914,152.86
3547,8614,root,0,NA,NA,8614,152.85
3548,5184,root,0,NA,NA,5184,152.845
3549,7249,root,0,NA,NA,7249,152.841
3550,1344,root,0,NA,NA,1344,152.835
3551,2004,root,0,NA,NA,2004,152.833
3552,1146,root,0,NA,NA,1146,152.83
3553,8878,root,0,NA,NA,8878,152.829
3554,14664,root,0,NA,NA,14664,152.822
3555,3170,root,0,NA,NA,3170,152.819
3556,4427,root,0,NA,NA,4427,152.81
3557,11750,root,0,NA,NA,11750,152.791
3558,5106,root,0,NA,NA,5106,152.786
3559,10742,root,0,NA,NA,10742,152.766
3560,16628,root,0,NA,NA,16628,152.764
3561,13348,root,0,NA,NA,13348,152.764
3562,254,root,0,NA,NA,254,152.763
3563,1780,root,0,NA,NA,1780,152.75
3564,11748,root,0,NA,NA,11748,152.75
3565,4893,root,0,NA,NA,4893,152.744
3566,841,root,0,NA,NA,841,152.72
3567,11536,root,0,NA,NA,11536,152.718
3568,16972,root,0,NA,NA,16972,152.714
3569,10860,root,0,NA,NA,10860,152.712
3570,6678,root,0,NA,NA,6678,152.707
3571,5784,root,0,NA,NA,5784,152.69
3572,3307,root,0,NA,NA,3307,152.69
3573,12806,root,0,NA,NA,12806,152.69
3574,8493,root,0,NA,NA,8493,152.669
3575,1047,root,0,NA,NA,1047,152.642
3576,11904,root,0,NA,NA,11904,152.629
3577,18919,root,0,NA,NA,18919,152.625
3578,8487,root,0,NA,NA,8487,152.625
3579,1905,root,0,NA,NA,1905,152.624
3580,2640,root,0,NA,NA,2640,152.621
3581,5644,root,0,NA,NA,5644,152.613
3582,13375,root,0,NA,NA,13375,152.612
3583,9062,root,0,NA,NA,9062,152.593
3584,11359,root,0,NA,NA,11359,152.588
3585,17626,root,0,NA,NA,17626,152.576
3586,2048,root,0,NA,NA,2048,152.574
3587,639,root,0,NA,NA,639,152.574
3588,3181,root,0,NA,NA,3181,152.573
3589,1923,root,0,NA,NA,1923,152.573
3590,786,root,0,NA,NA,786,152.567
3591,11015,root,0,NA,NA,11015,152.557
3592,10540,root,0,NA,NA,10540,152.555
3593,12590,root,0,NA,NA,12590,152.553
3594,7829,root,0,NA,NA,7829,152.537
3595,3547,root,0,NA,NA,3547,152.536
3596,11724,root,0,NA,NA,11724,152.536
3597,2870,root,0,NA,NA,2870,152.533
3598,13699,root,0,NA,NA,13699,152.529
3599,1699,root,0,NA,NA,1699,152.522
3600,19167,root,0,NA,NA,19167,152.519
3601,1731,root,0,NA,NA,1731,152.512
3602,1481,root,0,NA,NA,1481,152.501
3603,11961,root,0,NA,NA,11961,152.49
3604,5045,root,0,NA,NA,5045,152.478
3605,14128,root,0,NA,NA,14128,152.473
3606,10710,root,0,NA,NA,10710,152.463
3607,16465,root,0,NA,NA,16465,152.456
3608,958,root,0,NA,NA,958,152.454
3609,1510,root,0,NA,NA,1510,152.446
3610,8236,root,0,NA,NA,8236,152.445
3611,7291,root,0,NA,NA,7291,152.443
3612,19154,root,0,NA,NA,19154,152.44
3613,9697,root,0,NA,NA,9697,152.437
3614,2298,root,0,NA,NA,2298,152.431
3615,6980,root,0,NA,NA,6980,152.429
3616,277,root,0,NA,NA,277,152.427
3617,10873,root,0,NA,NA,10873,152.408
3618,7229,root,0,NA,NA,7229,152.407
3619,2921,root,0,NA,NA,2921,152.402
3620,13399,root,0,NA,NA,13399,152.402
3621,9465,root,0,NA,NA,9465,152.4
3622,3386,root,0,NA,NA,3386,152.386
3623,762,root,0,NA,NA,762,152.383
3624,18207,root,0,NA,NA,18207,152.382
3625,9138,root,0,NA,NA,9138,152.38
3626,7308,root,0,NA,NA,7308,152.373
3627,10192,root,0,NA,NA,10192,152.363
3628,5982,root,0,NA,NA,5982,152.36
3629,14546,root,0,NA,NA,14546,152.355
3630,3340,root,0,NA,NA,3340,152.343
3631,14286,root,0,NA,NA,14286,152.341
3632,6800,root,0,NA,NA,6800,152.332
3633,264,root,0,NA,NA,264,152.324
3634,15358,root,0,NA,NA,15358,152.312
3635,13518,root,0,NA,NA,13518,152.308
3636,1021,root,0,NA,NA,1021,152.308
3637,15699,root,0,NA,NA,15699,152.295
3638,12472,root,0,NA,NA,12472,152.265
3639,13062,root,0,NA,NA,13062,152.247
3640,259,root,0,NA,NA,259,152.229
3641,3578,root,0,NA,NA,3578,152.221
3642,5771,root,0,NA,NA,5771,152.214
3643,754,root,0,NA,NA,754,152.209
3644,2145,root,0,NA,NA,2145,152.206
3645,8346,root,0,NA,NA,8346,152.18
3646,2012,root,0,NA,NA,2012,152.175
3647,3375,root,0,NA,NA,3375,152.161
3648,3355,root,0,NA,NA,3355,152.127
3649,942,root,0,NA,NA,942,152.123
3650,16704,root,0,NA,NA,16704,152.099
3651,15505,root,0,NA,NA,15505,152.097
3652,2332,root,0,NA,NA,2332,152.095
3653,7881,root,0,NA,NA,7881,152.086
3654,10779,root,0,NA,NA,10779,152.08
3655,2906,root,0,NA,NA,2906,152.072
3656,14881,root,0,NA,NA,14881,152.063
3657,1460,root,0,NA,NA,1460,152.06
3658,5237,root,0,NA,NA,5237,152.044
3659,17746,root,0,NA,NA,17746,152.039
3660,3368,root,0,NA,NA,3368,152.026
3661,18673,root,0,NA,NA,18673,152.024
3662,11228,root,0,NA,NA,11228,151.99
3663,10724,root,0,NA,NA,10724,151.978
3664,9618,root,0,NA,NA,9618,151.974
3665,1726,root,0,NA,NA,1726,151.965
3666,2311,root,0,NA,NA,2311,151.963
3667,2546,root,0,NA,NA,2546,151.934
3668,5174,root,0,NA,NA,5174,151.92
3669,6035,root,0,NA,NA,6035,151.92
3670,15316,root,0,NA,NA,15316,151.912
3671,2116,root,0,NA,NA,2116,151.901
3672,9888,root,0,NA,NA,9888,151.891
3673,4890,root,0,NA,NA,4890,151.89
3674,1497,root,0,NA,NA,1497,151.88
3675,10509,root,0,NA,NA,10509,151.879
3676,518,root,0,NA,NA,518,151.867
3677,2789,root,0,NA,NA,2789,151.858
3678,3575,root,0,NA,NA,3575,151.854
3679,14751,root,0,NA,NA,14751,151.823
3680,18791,root,0,NA,NA,18791,151.813
3681,6360,root,0,NA,NA,6360,151.802
3682,14072,root,0,NA,NA,14072,151.796
3683,3470,root,0,NA,NA,3470,151.79
3684,17068,root,0,NA,NA,17068,151.785
3685,3067,root,0,NA,NA,3067,151.782
3686,8332,root,0,NA,NA,8332,151.773
3687,3413,root,0,NA,NA,3413,151.768
3688,2324,root,0,NA,NA,2324,151.766
3689,2975,root,0,NA,NA,2975,151.765
3690,2319,root,0,NA,NA,2319,151.748
3691,5456,root,0,NA,NA,5456,151.742
3692,1411,root,0,NA,NA,1411,151.741
3693,5053,root,0,NA,NA,5053,151.739
3694,16996,root,0,NA,NA,16996,151.739
3695,451,root,0,NA,NA,451,151.735
3696,5708,root,0,NA,NA,5708,151.722
3697,4906,root,0,NA,NA,4906,151.717
3698,11336,root,0,NA,NA,11336,151.648
3699,11562,root,0,NA,NA,11562,151.642
3700,17259,root,0,NA,NA,17259,151.641
3701,11023,root,0,NA,NA,11023,151.634
3702,11575,root,0,NA,NA,11575,151.628
3703,809,root,0,NA,NA,809,151.615
3704,3088,root,0,NA,NA,3088,151.609
3705,149,root,0,NA,NA,149,151.601
3706,17994,root,0,NA,NA,17994,151.56
3707,10580,root,0,NA,NA,10580,151.548
3708,1644,root,0,NA,NA,1644,151.505
3709,14264,root,0,NA,NA,14264,151.484
3710,2598,root,0,NA,NA,2598,151.477
3711,16459,root,0,NA,NA,16459,151.474
3712,16,root,0,NA,NA,16,151.466
3713,4956,root,0,NA,NA,4956,151.462
3714,2666,root,0,NA,NA,2666,151.451
3715,1894,root,0,NA,NA,1894,151.429
3716,2,root,0,NA,NA,2,151.426
3717,1221,root,0,NA,NA,1221,151.425
3718,5475,root,0,NA,NA,5475,151.419
3719,12854,root,0,NA,NA,12854,151.409
3720,14149,root,0,NA,NA,14149,151.398
3721,19409,root,0,NA,NA,19409,151.378
3722,12410,root,0,NA,NA,12410,151.376
3723,3075,root,0,NA,NA,3075,151.366
3724,18289,root,0,NA,NA,18289,151.364
3725,2090,root,0,NA,NA,2090,151.361
3726,4327,root,0,NA,NA,4327,151.354
3727,3124,root,0,NA,NA,3124,151.344
3728,17980,root,0,NA,NA,17980,151.342
3729,14191,root,0,NA,NA,14191,151.338
3730,3066,root,0,NA,NA,3066,151.334
3731,3071,root,0,NA,NA,3071,151.334
3732,3079,root,0,NA,NA,3079,151.334
3733,3092,root,0,NA,NA,3092,151.334
3734,3100,root,0,NA,NA,3100,151.334
3735,16720,root,0,NA,NA,16720,151.313
3736,5804,root,0,NA,NA,5804,151.309
3737,7687,root,0,NA,NA,7687,151.295
3738,440,root,0,NA,NA,440,151.291
3739,7776,root,0,NA,NA,7776,151.29
3740,251,root,0,NA,NA,251,151.287
3741,2836,root,0,NA,NA,2836,151.267
3742,4932,root,0,NA,NA,4932,151.265
3743,16959,root,0,NA,NA,16959,151.259
3744,934,root,0,NA,NA,934,151.246
3745,3101,root,0,NA,NA,3101,151.244
3746,12558,root,0,NA,NA,12558,151.217
3747,8881,root,0,NA,NA,8881,151.216
3748,1231,root,0,NA,NA,1231,151.211
3749,6781,root,0,NA,NA,6781,151.209
3750,3504,root,0,NA,NA,3504,151.193
3751,10527,root,0,NA,NA,10527,151.19
3752,1623,root,0,NA,NA,1623,151.186
3753,1082,root,0,NA,NA,1082,151.185
3754,2065,root,0,NA,NA,2065,151.185
3755,1758,root,0,NA,NA,1758,151.174
3756,15902,root,0,NA,NA,15902,151.171
3757,8584,root,0,NA,NA,8584,151.158
3758,1759,root,0,NA,NA,1759,151.153
3759,3535,root,0,NA,NA,3535,151.131
3760,1232,root,0,NA,NA,1232,151.094
3761,14548,root,0,NA,NA,14548,151.092
3762,19753,root,0,NA,NA,19753,151.078
3763,5684,root,0,NA,NA,5684,151.064
3764,2633,root,0,NA,NA,2633,151.054
3765,1377,root,0,NA,NA,1377,151.05
3766,11444,root,0,NA,NA,11444,151.04
3767,11108,root,0,NA,NA,11108,151.031
3768,2585,root,0,NA,NA,2585,151.028
3769,15387,root,0,NA,NA,15387,151.024
3770,9111,root,0,NA,NA,9111,151.014
3771,4533,root,0,NA,NA,4533,150.996
3772,174,root,0,NA,NA,174,150.962
3773,11292,root,0,NA,NA,11292,150.959
3774,4792,root,0,NA,NA,4792,150.956
3775,10986,root,0,NA,NA,10986,150.945
3776,4914,root,0,NA,NA,4914,150.94
3777,1793,root,0,NA,NA,1793,150.919
3778,3226,root,0,NA,NA,3226,150.891
3779,6496,root,0,NA,NA,6496,150.873
3780,2087,root,0,NA,NA,2087,150.87
3781,4051,root,0,NA,NA,4051,150.861
3782,1419,root,0,NA,NA,1419,150.859
3783,298,root,0,NA,NA,298,150.854
3784,13564,root,0,NA,NA,13564,150.853
3785,775,root,0,NA,NA,775,150.85
3786,12206,root,0,NA,NA,12206,150.849
3787,119,root,0,NA,NA,119,150.847
3788,4554,root,0,NA,NA,4554,150.842
3789,19079,root,0,NA,NA,19079,150.819
3790,8308,root,0,NA,NA,8308,150.79
3791,11426,root,0,NA,NA,11426,150.785
3792,1539,root,0,NA,NA,1539,150.784
3793,720,root,0,NA,NA,720,150.768
3794,2455,root,0,NA,NA,2455,150.76
3795,18866,root,0,NA,NA,18866,150.746
3796,14795,root,0,NA,NA,14795,150.734
3797,3231,root,0,NA,NA,3231,150.718
3798,17631,root,0,NA,NA,17631,150.718
3799,3983,root,0,NA,NA,3983,150.712
3800,11004,root,0,NA,NA,11004,150.709
3801,6592,root,0,NA,NA,6592,150.701
3802,709,root,0,NA,NA,709,150.696
3803,18443,root,0,NA,NA,18443,150.694
3804,1127,root,0,NA,NA,1127,150.685
3805,2286,root,0,NA,NA,2286,150.684
3806,1518,root,0,NA,NA,1518,150.682
3807,5545,root,0,NA,NA,5545,150.662
3808,8718,root,0,NA,NA,8718,150.649
3809,10874,root,0,NA,NA,10874,150.649
3810,2687,root,0,NA,NA,2687,150.629
3811,5169,root,0,NA,NA,5169,150.611
3812,12653,root,0,NA,NA,12653,150.61
3813,4762,root,0,NA,NA,4762,150.593
3814,11135,root,0,NA,NA,11135,150.587
3815,1523,root,0,NA,NA,1523,150.572
3816,3114,root,0,NA,NA,3114,150.571
3817,15268,root,0,NA,NA,15268,150.562
3818,5483,root,0,NA,NA,5483,150.556
3819,18474,root,0,NA,NA,18474,150.548
3820,3093,root,0,NA,NA,3093,150.546
3821,8302,root,0,NA,NA,8302,150.533
3822,6579,root,0,NA,NA,6579,150.526
3823,4237,root,0,NA,NA,4237,150.52
3824,11258,root,0,NA,NA,11258,150.519
3825,4521,root,0,NA,NA,4521,150.518
3826,6901,root,0,NA,NA,6901,150.517
3827,1948,root,0,NA,NA,1948,150.517
3828,2663,root,0,NA,NA,2663,150.515
3829,788,root,0,NA,NA,788,150.506
3830,1655,root,0,NA,NA,1655,150.498
3831,12684,root,0,NA,NA,12684,150.497
3832,18287,root,0,NA,NA,18287,150.497
3833,8200,root,0,NA,NA,8200,150.488
3834,8744,root,0,NA,NA,8744,150.471
3835,3483,root,0,NA,NA,3483,150.466
3836,12556,root,0,NA,NA,12556,150.443
3837,311,root,0,NA,NA,311,150.415
3838,12027,root,0,NA,NA,12027,150.403
3839,16350,root,0,NA,NA,16350,150.396
3840,6092,root,0,NA,NA,6092,150.393
3841,1547,root,0,NA,NA,1547,150.389
3842,3873,root,0,NA,NA,3873,150.38
3843,2697,root,0,NA,NA,2697,150.377
3844,4940,root,0,NA,NA,4940,150.371
3845,19139,root,0,NA,NA,19139,150.368
3846,1747,root,0,NA,NA,1747,150.367
3847,9143,root,0,NA,NA,9143,150.34
3848,2747,root,0,NA,NA,2747,150.33
3849,1343,root,0,NA,NA,1343,150.323
3850,763,root,0,NA,NA,763,150.32
3851,4414,root,0,NA,NA,4414,150.319
3852,13454,root,0,NA,NA,13454,150.316
3853,3855,root,0,NA,NA,3855,150.309
3854,14903,root,0,NA,NA,14903,150.304
3855,4210,root,0,NA,NA,4210,150.283
3856,13946,root,0,NA,NA,13946,150.269
3857,2606,root,0,NA,NA,2606,150.266
3858,292,root,0,NA,NA,292,150.255
3859,1713,root,0,NA,NA,1713,150.252
3860,1657,root,0,NA,NA,1657,150.232
3861,1980,root,0,NA,NA,1980,150.225
3862,1255,root,0,NA,NA,1255,150.212
3863,2959,root,0,NA,NA,2959,150.21
3864,3096,root,0,NA,NA,3096,150.206
3865,5127,root,0,NA,NA,5127,150.205
3866,11920,root,0,NA,NA,11920,150.201
3867,14171,root,0,NA,NA,14171,150.192
3868,8618,root,0,NA,NA,8618,150.18
3869,4432,root,0,NA,NA,4432,150.177
3870,4348,root,0,NA,NA,4348,150.159
3871,7632,root,0,NA,NA,7632,150.158
3872,3409,root,0,NA,NA,3409,150.157
3873,18080,root,0,NA,NA,18080,150.142
3874,10619,root,0,NA,NA,10619,150.123
3875,1247,root,0,NA,NA,1247,150.113
3876,8339,root,0,NA,NA,8339,150.104
3877,7236,root,0,NA,NA,7236,150.093
3878,5218,root,0,NA,NA,5218,150.092
3879,12382,root,0,NA,NA,12382,150.081
3880,4546,root,0,NA,NA,4546,150.066
3881,1242,root,0,NA,NA,1242,150.065
3882,675,root,0,NA,NA,675,150.062
3883,14692,root,0,NA,NA,14692,150.049
3884,2863,root,0,NA,NA,2863,150.048
3885,980,root,0,NA,NA,980,150.045
3886,2594,root,0,NA,NA,2594,150.04
3887,7843,root,0,NA,NA,7843,150.04
3888,1767,root,0,NA,NA,1767,150.039
3889,717,root,0,NA,NA,717,150.037
3890,13140,root,0,NA,NA,13140,150.033
3891,11326,root,0,NA,NA,11326,150.027
3892,1502,root,0,NA,NA,1502,150.012
3893,12997,root,0,NA,NA,12997,150
3894,5906,root,0,NA,NA,5906,149.998
3895,3662,root,0,NA,NA,3662,149.989
3896,1838,root,0,NA,NA,1838,149.981
3897,12069,root,0,NA,NA,12069,149.98
3898,4552,root,0,NA,NA,4552,149.98
3899,4367,root,0,NA,NA,4367,149.977
3900,16635,root,0,NA,NA,16635,149.976
3901,7130,root,0,NA,NA,7130,149.975
3902,10400,root,0,NA,NA,10400,149.971
3903,780,root,0,NA,NA,780,149.966
3904,19437,root,0,NA,NA,19437,149.958
3905,890,root,0,NA,NA,890,149.958
3906,17330,root,0,NA,NA,17330,149.916
3907,6308,root,0,NA,NA,6308,149.912
3908,9070,root,0,NA,NA,9070,149.906
3909,1190,root,0,NA,NA,1190,149.903
3910,8022,root,0,NA,NA,8022,149.896
3911,611,root,0,NA,NA,611,149.89
3912,18020,root,0,NA,NA,18020,149.889
3913,19600,root,0,NA,NA,19600,149.888
3914,1599,root,0,NA,NA,1599,149.878
3915,19986,root,0,NA,NA,19986,149.877
3916,23,root,0,NA,NA,23,149.863
3917,1822,root,0,NA,NA,1822,149.862
3918,2102,root,0,NA,NA,2102,149.859
3919,2225,root,0,NA,NA,2225,149.854
3920,11428,root,0,NA,NA,11428,149.853
3921,2420,root,0,NA,NA,2420,149.849
3922,1832,root,0,NA,NA,1832,149.84
3923,12918,root,0,NA,NA,12918,149.838
3924,10857,root,0,NA,NA,10857,149.835
3925,140,root,0,NA,NA,140,149.829
3926,5119,root,0,NA,NA,5119,149.816
3927,1301,root,0,NA,NA,1301,149.812
3928,115,root,0,NA,NA,115,149.806
3929,12205,root,0,NA,NA,12205,149.776
3930,6941,root,0,NA,NA,6941,149.776
3931,19305,root,0,NA,NA,19305,149.77
3932,1835,root,0,NA,NA,1835,149.769
3933,18391,root,0,NA,NA,18391,149.761
3934,10566,root,0,NA,NA,10566,149.75
3935,688,root,0,NA,NA,688,149.739
3936,796,root,0,NA,NA,796,149.73
3937,377,root,0,NA,NA,377,149.727
3938,4812,root,0,NA,NA,4812,149.726
3939,8367,root,0,NA,NA,8367,149.714
3940,1161,root,0,NA,NA,1161,149.706
3941,12457,root,0,NA,NA,12457,149.691
3942,827,root,0,NA,NA,827,149.688
3943,11457,root,0,NA,NA,11457,149.662
3944,7993,root,0,NA,NA,7993,149.661
3945,7862,root,0,NA,NA,7862,149.627
3946,8233,root,0,NA,NA,8233,149.622
3947,811,root,0,NA,NA,811,149.62
3948,3027,root,0,NA,NA,3027,149.616
3949,1361,root,0,NA,NA,1361,149.602
3950,17921,root,0,NA,NA,17921,149.561
3951,7855,root,0,NA,NA,7855,149.561
3952,14452,root,0,NA,NA,14452,149.556
3953,4871,root,0,NA,NA,4871,149.555
3954,1864,root,0,NA,NA,1864,149.552
3955,6965,root,0,NA,NA,6965,149.536
3956,7313,root,0,NA,NA,7313,149.533
3957,1192,root,0,NA,NA,1192,149.527
3958,7354,root,0,NA,NA,7354,149.503
3959,3712,root,0,NA,NA,3712,149.489
3960,8988,root,0,NA,NA,8988,149.487
3961,6444,root,0,NA,NA,6444,149.487
3962,2270,root,0,NA,NA,2270,149.486
3963,2781,root,0,NA,NA,2781,149.484
3964,17675,root,0,NA,NA,17675,149.482
3965,5669,root,0,NA,NA,5669,149.472
3966,1667,root,0,NA,NA,1667,149.47
3967,594,root,0,NA,NA,594,149.464
3968,12353,root,0,NA,NA,12353,149.453
3969,322,root,0,NA,NA,322,149.433
3970,16027,root,0,NA,NA,16027,149.431
3971,17056,root,0,NA,NA,17056,149.427
3972,10017,root,0,NA,NA,10017,149.421
3973,4278,root,0,NA,NA,4278,149.411
3974,314,root,0,NA,NA,314,149.397
3975,2137,root,0,NA,NA,2137,149.393
3976,4726,root,0,NA,NA,4726,149.389
3977,1615,root,0,NA,NA,1615,149.381
3978,9236,root,0,NA,NA,9236,149.378
3979,966,root,0,NA,NA,966,149.376
3980,733,root,0,NA,NA,733,149.373
3981,1489,root,0,NA,NA,1489,149.366
3982,11693,root,0,NA,NA,11693,149.364
3983,6796,root,0,NA,NA,6796,149.354
3984,7388,root,0,NA,NA,7388,149.329
3985,17823,root,0,NA,NA,17823,149.326
3986,5462,root,0,NA,NA,5462,149.324
3987,8244,root,0,NA,NA,8244,149.311
3988,8726,root,0,NA,NA,8726,149.295
3989,3425,root,0,NA,NA,3425,149.294
3990,12001,root,0,NA,NA,12001,149.293
3991,3347,root,0,NA,NA,3347,149.283
3992,6864,root,0,NA,NA,6864,149.281
3993,11473,root,0,NA,NA,11473,149.279
3994,11905,root,0,NA,NA,11905,149.278
3995,2763,root,0,NA,NA,2763,149.277
3996,357,root,0,NA,NA,357,149.268
3997,3645,root,0,NA,NA,3645,149.267
3998,2232,root,0,NA,NA,2232,149.258
3999,1749,root,0,NA,NA,1749,149.255
4000,13213,root,0,NA,NA,13213,149.247
4001,1069,root,0,NA,NA,1069,149.244
4002,10845,root,0,NA,NA,10845,149.244
4003,16745,root,0,NA,NA,16745,149.239
4004,18874,root,0,NA,NA,18874,149.233
4005,14721,root,0,NA,NA,14721,149.221
4006,7967,root,0,NA,NA,7967,149.202
4007,14187,root,0,NA,NA,14187,149.199
4008,615,root,0,NA,NA,615,149.188
4009,19738,root,0,NA,NA,19738,149.184
4010,3768,root,0,NA,NA,3768,149.182
4011,11507,root,0,NA,NA,11507,149.178
4012,1018,root,0,NA,NA,1018,149.171
4013,2920,root,0,NA,NA,2920,149.152
4014,14132,root,0,NA,NA,14132,149.138
4015,4953,root,0,NA,NA,4953,149.125
4016,6859,root,0,NA,NA,6859,149.12
4017,2263,root,0,NA,NA,2263,149.112
4018,19628,root,0,NA,NA,19628,149.108
4019,728,root,0,NA,NA,728,149.107
4020,908,root,0,NA,NA,908,149.102
4021,18826,root,0,NA,NA,18826,149.099
4022,10248,root,0,NA,NA,10248,149.093
4023,8870,root,0,NA,NA,8870,149.09
4024,2027,root,0,NA,NA,2027,149.082
4025,7792,root,0,NA,NA,7792,149.08
4026,12332,root,0,NA,NA,12332,149.068
4027,14622,root,0,NA,NA,14622,149.064
4028,6355,root,0,NA,NA,6355,149.055
4029,16049,root,0,NA,NA,16049,149.045
4030,6303,root,0,NA,NA,6303,149.042
4031,11815,root,0,NA,NA,11815,149.034
4032,3619,root,0,NA,NA,3619,149.024
4033,5769,root,0,NA,NA,5769,149.015
4034,4911,root,0,NA,NA,4911,149.008
4035,539,root,0,NA,NA,539,149.004
4036,15968,root,0,NA,NA,15968,149.001
4037,7244,root,0,NA,NA,7244,148.996
4038,2656,root,0,NA,NA,2656,148.986
4039,6528,root,0,NA,NA,6528,148.972
4040,3062,root,0,NA,NA,3062,148.945
4041,1588,root,0,NA,NA,1588,148.929
4042,2069,root,0,NA,NA,2069,148.927
4043,5935,root,0,NA,NA,5935,148.913
4044,15030,root,0,NA,NA,15030,148.911
4045,1103,root,0,NA,NA,1103,148.909
4046,945,root,0,NA,NA,945,148.907
4047,8894,root,0,NA,NA,8894,148.897
4048,3920,root,0,NA,NA,3920,148.888
4049,17171,root,0,NA,NA,17171,148.88
4050,12994,root,0,NA,NA,12994,148.875
4051,2997,root,0,NA,NA,2997,148.867
4052,13949,root,0,NA,NA,13949,148.858
4053,2058,root,0,NA,NA,2058,148.817
4054,1171,root,0,NA,NA,1171,148.801
4055,7824,root,0,NA,NA,7824,148.795
4056,11541,root,0,NA,NA,11541,148.794
4057,5648,root,0,NA,NA,5648,148.792
4058,704,root,0,NA,NA,704,148.783
4059,17116,root,0,NA,NA,17116,148.779
4060,1124,root,0,NA,NA,1124,148.755
4061,241,root,0,NA,NA,241,148.742
4062,9823,root,0,NA,NA,9823,148.738
4063,19657,root,0,NA,NA,19657,148.735
4064,2337,root,0,NA,NA,2337,148.72
4065,8350,root,0,NA,NA,8350,148.715
4066,2363,root,0,NA,NA,2363,148.713
4067,15035,root,0,NA,NA,15035,148.695
4068,2946,root,0,NA,NA,2946,148.695
4069,9189,root,0,NA,NA,9189,148.694
4070,951,root,0,NA,NA,951,148.691
4071,3514,root,0,NA,NA,3514,148.686
4072,1060,root,0,NA,NA,1060,148.685
4073,13823,root,0,NA,NA,13823,148.666
4074,8195,root,0,NA,NA,8195,148.662
4075,6300,root,0,NA,NA,6300,148.646
4076,793,root,0,NA,NA,793,148.63
4077,11112,root,0,NA,NA,11112,148.628
4078,15935,root,0,NA,NA,15935,148.624
4079,2509,root,0,NA,NA,2509,148.618
4080,6983,root,0,NA,NA,6983,148.618
4081,16056,root,0,NA,NA,16056,148.615
4082,9295,root,0,NA,NA,9295,148.615
4083,11701,root,0,NA,NA,11701,148.595
4084,5334,root,0,NA,NA,5334,148.584
4085,14324,root,0,NA,NA,14324,148.574
4086,4270,root,0,NA,NA,4270,148.571
4087,10177,root,0,NA,NA,10177,148.567
4088,6517,root,0,NA,NA,6517,148.562
4089,18293,root,0,NA,NA,18293,148.552
4090,696,root,0,NA,NA,696,148.533
4091,19735,root,0,NA,NA,19735,148.525
4092,8763,root,0,NA,NA,8763,148.522
4093,14090,root,0,NA,NA,14090,148.521
4094,6867,root,0,NA,NA,6867,148.516
4095,2900,root,0,NA,NA,2900,148.496
4096,3402,root,0,NA,NA,3402,148.484
4097,16758,root,0,NA,NA,16758,148.455
4098,6129,root,0,NA,NA,6129,148.453
4099,11370,root,0,NA,NA,11370,148.436
4100,2907,root,0,NA,NA,2907,148.435
4101,959,root,0,NA,NA,959,148.431
4102,2061,root,0,NA,NA,2061,148.429
4103,10512,root,0,NA,NA,10512,148.429
4104,14095,root,0,NA,NA,14095,148.428
4105,1076,root,0,NA,NA,1076,148.425
4106,3108,root,0,NA,NA,3108,148.422
4107,6655,root,0,NA,NA,6655,148.421
4108,11131,root,0,NA,NA,11131,148.421
4109,2238,root,0,NA,NA,2238,148.411
4110,4258,root,0,NA,NA,4258,148.406
4111,2886,root,0,NA,NA,2886,148.397
4112,13250,root,0,NA,NA,13250,148.374
4113,5886,root,0,NA,NA,5886,148.372
4114,5899,root,0,NA,NA,5899,148.372
4115,3145,root,0,NA,NA,3145,148.37
4116,2442,root,0,NA,NA,2442,148.357
4117,3407,root,0,NA,NA,3407,148.354
4118,12671,root,0,NA,NA,12671,148.353
4119,7472,root,0,NA,NA,7472,148.351
4120,2174,root,0,NA,NA,2174,148.344
4121,8535,root,0,NA,NA,8535,148.341
4122,5505,root,0,NA,NA,5505,148.338
4123,560,root,0,NA,NA,560,148.325
4124,9705,root,0,NA,NA,9705,148.316
4125,5182,root,0,NA,NA,5182,148.305
4126,3456,root,0,NA,NA,3456,148.304
4127,2577,root,0,NA,NA,2577,148.297
4128,979,root,0,NA,NA,979,148.295
4129,1594,root,0,NA,NA,1594,148.293
4130,11827,root,0,NA,NA,11827,148.293
4131,12159,root,0,NA,NA,12159,148.265
4132,3397,root,0,NA,NA,3397,148.261
4133,1253,root,0,NA,NA,1253,148.254
4134,18884,root,0,NA,NA,18884,148.241
4135,13521,root,0,NA,NA,13521,148.237
4136,15308,root,0,NA,NA,15308,148.233
4137,996,root,0,NA,NA,996,148.233
4138,3496,root,0,NA,NA,3496,148.229
4139,1369,root,0,NA,NA,1369,148.227
4140,15529,root,0,NA,NA,15529,148.21
4141,3022,root,0,NA,NA,3022,148.203
4142,6699,root,0,NA,NA,6699,148.203
4143,1720,root,0,NA,NA,1720,148.192
4144,581,root,0,NA,NA,581,148.19
4145,3373,root,0,NA,NA,3373,148.185
4146,8295,root,0,NA,NA,8295,148.18
4147,15303,root,0,NA,NA,15303,148.169
4148,14077,root,0,NA,NA,14077,148.167
4149,8214,root,0,NA,NA,8214,148.153
4150,2357,root,0,NA,NA,2357,148.149
4151,17699,root,0,NA,NA,17699,148.143
4152,3148,root,0,NA,NA,3148,148.137
4153,725,root,0,NA,NA,725,148.133
4154,191,root,0,NA,NA,191,148.131
4155,7974,root,0,NA,NA,7974,148.125
4156,4903,root,0,NA,NA,4903,148.125
4157,15489,root,0,NA,NA,15489,148.122
4158,16399,root,0,NA,NA,16399,148.109
4159,7017,root,0,NA,NA,7017,148.097
4160,5631,root,0,NA,NA,5631,148.088
4161,14551,root,0,NA,NA,14551,148.087
4162,323,root,0,NA,NA,323,148.081
4163,6732,root,0,NA,NA,6732,148.077
4164,13819,root,0,NA,NA,13819,148.071
4165,9319,root,0,NA,NA,9319,148.063
4166,7109,root,0,NA,NA,7109,148.056
4167,10850,root,0,NA,NA,10850,148.054
4168,3564,root,0,NA,NA,3564,148.043
4169,6506,root,0,NA,NA,6506,148.009
4170,4634,root,0,NA,NA,4634,148.003
4171,4961,root,0,NA,NA,4961,147.993
4172,14649,root,0,NA,NA,14649,147.981
4173,1477,root,0,NA,NA,1477,147.973
4174,5945,root,0,NA,NA,5945,147.965
4175,4385,root,0,NA,NA,4385,147.963
4176,683,root,0,NA,NA,683,147.949
4177,3491,root,0,NA,NA,3491,147.948
4178,11475,root,0,NA,NA,11475,147.942
4179,2894,root,0,NA,NA,2894,147.931
4180,2996,root,0,NA,NA,2996,147.919
4181,18181,root,0,NA,NA,18181,147.919
4182,530,root,0,NA,NA,530,147.906
4183,3705,root,0,NA,NA,3705,147.903
4184,12680,root,0,NA,NA,12680,147.898
4185,17062,root,0,NA,NA,17062,147.897
4186,9680,root,0,NA,NA,9680,147.895
4187,5059,root,0,NA,NA,5059,147.891
4188,10231,root,0,NA,NA,10231,147.871
4189,4850,root,0,NA,NA,4850,147.863
4190,1140,root,0,NA,NA,1140,147.861
4191,14073,root,0,NA,NA,14073,147.848
4192,11388,root,0,NA,NA,11388,147.846
4193,13088,root,0,NA,NA,13088,147.844
4194,5729,root,0,NA,NA,5729,147.842
4195,18201,root,0,NA,NA,18201,147.84
4196,4616,root,0,NA,NA,4616,147.84
4197,2876,root,0,NA,NA,2876,147.832
4198,3310,root,0,NA,NA,3310,147.83
4199,1035,root,0,NA,NA,1035,147.829
4200,2434,root,0,NA,NA,2434,147.822
4201,10790,root,0,NA,NA,10790,147.821
4202,12853,root,0,NA,NA,12853,147.815
4203,11716,root,0,NA,NA,11716,147.814
4204,3127,root,0,NA,NA,3127,147.81
4205,5541,root,0,NA,NA,5541,147.797
4206,14908,root,0,NA,NA,14908,147.794
4207,14650,root,0,NA,NA,14650,147.776
4208,11977,root,0,NA,NA,11977,147.772
4209,5911,root,0,NA,NA,5911,147.764
4210,134,root,0,NA,NA,134,147.76
4211,2847,root,0,NA,NA,2847,147.759
4212,2868,root,0,NA,NA,2868,147.759
4213,1335,root,0,NA,NA,1335,147.742
4214,5761,root,0,NA,NA,5761,147.739
4215,1443,root,0,NA,NA,1443,147.737
4216,5782,root,0,NA,NA,5782,147.732
4217,4992,root,0,NA,NA,4992,147.731
4218,19463,root,0,NA,NA,19463,147.73
4219,5441,root,0,NA,NA,5441,147.726
4220,4074,root,0,NA,NA,4074,147.724
4221,2807,root,0,NA,NA,2807,147.719
4222,2899,root,0,NA,NA,2899,147.717
4223,1505,root,0,NA,NA,1505,147.716
4224,3213,root,0,NA,NA,3213,147.712
4225,13470,root,0,NA,NA,13470,147.704
4226,1285,root,0,NA,NA,1285,147.698
4227,94,root,0,NA,NA,94,147.689
4228,3388,root,0,NA,NA,3388,147.679
4229,1309,root,0,NA,NA,1309,147.668
4230,759,root,0,NA,NA,759,147.666
4231,5221,root,0,NA,NA,5221,147.645
4232,17705,root,0,NA,NA,17705,147.644
4233,9499,root,0,NA,NA,9499,147.632
4234,3493,root,0,NA,NA,3493,147.616
4235,18199,root,0,NA,NA,18199,147.613
4236,14648,root,0,NA,NA,14648,147.61
4237,4382,root,0,NA,NA,4382,147.61
4238,12216,root,0,NA,NA,12216,147.581
4239,13041,root,0,NA,NA,13041,147.576
4240,4435,root,0,NA,NA,4435,147.576
4241,2855,root,0,NA,NA,2855,147.573
4242,1277,root,0,NA,NA,1277,147.558
4243,6970,root,0,NA,NA,6970,147.553
4244,985,root,0,NA,NA,985,147.549
4245,11263,root,0,NA,NA,11263,147.543
4246,3339,root,0,NA,NA,3339,147.535
4247,10564,root,0,NA,NA,10564,147.534
4248,3132,root,0,NA,NA,3132,147.533
4249,2839,root,0,NA,NA,2839,147.527
4250,2852,root,0,NA,NA,2852,147.527
4251,2860,root,0,NA,NA,2860,147.527
4252,2873,root,0,NA,NA,2873,147.527
4253,4223,root,0,NA,NA,4223,147.527
4254,5103,root,0,NA,NA,5103,147.526
4255,6200,root,0,NA,NA,6200,147.516
4256,1153,root,0,NA,NA,1153,147.512
4257,12143,root,0,NA,NA,12143,147.505
4258,5358,root,0,NA,NA,5358,147.484
4259,12703,root,0,NA,NA,12703,147.484
4260,10232,root,0,NA,NA,10232,147.484
4261,10529,root,0,NA,NA,10529,147.472
4262,12734,root,0,NA,NA,12734,147.466
4263,11688,root,0,NA,NA,11688,147.464
4264,6856,root,0,NA,NA,6856,147.46
4265,1754,root,0,NA,NA,1754,147.456
4266,5177,root,0,NA,NA,5177,147.441
4267,602,root,0,NA,NA,602,147.439
4268,85,root,0,NA,NA,85,147.434
4269,12477,root,0,NA,NA,12477,147.423
4270,8321,root,0,NA,NA,8321,147.416
4271,11797,root,0,NA,NA,11797,147.413
4272,1928,root,0,NA,NA,1928,147.404
4273,6932,root,0,NA,NA,6932,147.401
4274,10928,root,0,NA,NA,10928,147.383
4275,10374,root,0,NA,NA,10374,147.375
4276,14127,root,0,NA,NA,14127,147.364
4277,1211,root,0,NA,NA,1211,147.342
4278,18228,root,0,NA,NA,18228,147.339
4279,3922,root,0,NA,NA,3922,147.336
4280,2307,root,0,NA,NA,2307,147.336
4281,10677,root,0,NA,NA,10677,147.332
4282,2842,root,0,NA,NA,2842,147.321
4283,2682,root,0,NA,NA,2682,147.311
4284,15314,root,0,NA,NA,15314,147.308
4285,3437,root,0,NA,NA,3437,147.302
4286,8637,root,0,NA,NA,8637,147.287
4287,11565,root,0,NA,NA,11565,147.282
4288,14117,root,0,NA,NA,14117,147.281
4289,4202,root,0,NA,NA,4202,147.275
4290,5993,root,0,NA,NA,5993,147.231
4291,17014,root,0,NA,NA,17014,147.225
4292,2014,root,0,NA,NA,2014,147.223
4293,5885,root,0,NA,NA,5885,147.221
4294,2661,root,0,NA,NA,2661,147.22
4295,1652,root,0,NA,NA,1652,147.216
4296,6597,root,0,NA,NA,6597,147.211
4297,11891,root,0,NA,NA,11891,147.206
4298,3111,root,0,NA,NA,3111,147.196
4299,13672,root,0,NA,NA,13672,147.192
4300,7096,root,0,NA,NA,7096,147.18
4301,16674,root,0,NA,NA,16674,147.173
4302,6095,root,0,NA,NA,6095,147.158
4303,14973,root,0,NA,NA,14973,147.157
4304,848,root,0,NA,NA,848,147.148
4305,5773,root,0,NA,NA,5773,147.146
4306,7830,root,0,NA,NA,7830,147.113
4307,12491,root,0,NA,NA,12491,147.101
4308,6755,root,0,NA,NA,6755,147.098
4309,772,root,0,NA,NA,772,147.096
4310,3446,root,0,NA,NA,3446,147.081
4311,3415,root,0,NA,NA,3415,147.08
4312,280,root,0,NA,NA,280,147.046
4313,345,root,0,NA,NA,345,147.036
4314,5499,root,0,NA,NA,5499,147.036
4315,8968,root,0,NA,NA,8968,147.015
4316,192,root,0,NA,NA,192,147.013
4317,2674,root,0,NA,NA,2674,147.011
4318,243,root,0,NA,NA,243,147.005
4319,17274,root,0,NA,NA,17274,147
4320,1909,root,0,NA,NA,1909,146.999
4321,8603,root,0,NA,NA,8603,146.994
4322,8203,root,0,NA,NA,8203,146.993
4323,2533,root,0,NA,NA,2533,146.991
4324,2844,root,0,NA,NA,2844,146.991
4325,19458,root,0,NA,NA,19458,146.99
4326,12201,root,0,NA,NA,12201,146.986
4327,2695,root,0,NA,NA,2695,146.976
4328,369,root,0,NA,NA,369,146.958
4329,6985,root,0,NA,NA,6985,146.945
4330,701,root,0,NA,NA,701,146.944
4331,12559,root,0,NA,NA,12559,146.937
4332,6423,root,0,NA,NA,6423,146.934
4333,18547,root,0,NA,NA,18547,146.919
4334,13264,root,0,NA,NA,13264,146.912
4335,11325,root,0,NA,NA,11325,146.887
4336,2669,root,0,NA,NA,2669,146.887
4337,4796,root,0,NA,NA,4796,146.885
4338,398,root,0,NA,NA,398,146.876
4339,14397,root,0,NA,NA,14397,146.872
4340,17561,root,0,NA,NA,17561,146.867
4341,9572,root,0,NA,NA,9572,146.857
4342,2912,root,0,NA,NA,2912,146.841
4343,649,root,0,NA,NA,649,146.826
4344,13465,root,0,NA,NA,13465,146.82
4345,5446,root,0,NA,NA,5446,146.813
4346,7535,root,0,NA,NA,7535,146.809
4347,11632,root,0,NA,NA,11632,146.802
4348,13598,root,0,NA,NA,13598,146.799
4349,3286,root,0,NA,NA,3286,146.796
4350,18133,root,0,NA,NA,18133,146.794
4351,2925,root,0,NA,NA,2925,146.789
4352,14688,root,0,NA,NA,14688,146.785
4353,3548,root,0,NA,NA,3548,146.785
4354,12769,root,0,NA,NA,12769,146.781
4355,12412,root,0,NA,NA,12412,146.78
4356,15047,root,0,NA,NA,15047,146.759
4357,13334,root,0,NA,NA,13334,146.758
4358,272,root,0,NA,NA,272,146.748
4359,15416,root,0,NA,NA,15416,146.747
4360,6871,root,0,NA,NA,6871,146.738
4361,2488,root,0,NA,NA,2488,146.723
4362,14535,root,0,NA,NA,14535,146.712
4363,18335,root,0,NA,NA,18335,146.711
4364,14014,root,0,NA,NA,14014,146.708
4365,856,root,0,NA,NA,856,146.706
4366,1698,root,0,NA,NA,1698,146.703
4367,3381,root,0,NA,NA,3381,146.699
4368,662,root,0,NA,NA,662,146.691
4369,4411,root,0,NA,NA,4411,146.677
4370,2938,root,0,NA,NA,2938,146.668
4371,4335,root,0,NA,NA,4335,146.666
4372,15826,root,0,NA,NA,15826,146.657
4373,1785,root,0,NA,NA,1785,146.655
4374,36,root,0,NA,NA,36,146.645
4375,15,root,0,NA,NA,15,146.643
4376,12255,root,0,NA,NA,12255,146.638
4377,2551,root,0,NA,NA,2551,146.637
4378,3199,root,0,NA,NA,3199,146.631
4379,13265,root,0,NA,NA,13265,146.629
4380,6077,root,0,NA,NA,6077,146.623
4381,8634,root,0,NA,NA,8634,146.618
4382,5267,root,0,NA,NA,5267,146.611
4383,3331,root,0,NA,NA,3331,146.607
4384,18206,root,0,NA,NA,18206,146.606
4385,12913,root,0,NA,NA,12913,146.597
4386,3150,root,0,NA,NA,3150,146.588
4387,5005,root,0,NA,NA,5005,146.575
4388,6771,root,0,NA,NA,6771,146.573
4389,6313,root,0,NA,NA,6313,146.568
4390,7517,root,0,NA,NA,7517,146.568
4391,4617,root,0,NA,NA,4617,146.556
4392,4775,root,0,NA,NA,4775,146.555
4393,13392,root,0,NA,NA,13392,146.546
4394,853,root,0,NA,NA,853,146.546
4395,15510,root,0,NA,NA,15510,146.543
4396,9779,root,0,NA,NA,9779,146.541
4397,1756,root,0,NA,NA,1756,146.535
4398,3522,root,0,NA,NA,3522,146.528
4399,89,root,0,NA,NA,89,146.525
4400,19744,root,0,NA,NA,19744,146.513
4401,14960,root,0,NA,NA,14960,146.512
4402,2865,root,0,NA,NA,2865,146.507
4403,6656,root,0,NA,NA,6656,146.506
4404,6869,root,0,NA,NA,6869,146.465
4405,2776,root,0,NA,NA,2776,146.462
4406,9125,root,0,NA,NA,9125,146.454
4407,12648,root,0,NA,NA,12648,146.452
4408,17481,root,0,NA,NA,17481,146.444
4409,1613,root,0,NA,NA,1613,146.44
4410,15305,root,0,NA,NA,15305,146.436
4411,3360,root,0,NA,NA,3360,146.435
4412,1432,root,0,NA,NA,1432,146.43
4413,3394,root,0,NA,NA,3394,146.429
4414,3320,root,0,NA,NA,3320,146.424
4415,15862,root,0,NA,NA,15862,146.408
4416,4604,root,0,NA,NA,4604,146.398
4417,13517,root,0,NA,NA,13517,146.387
4418,14075,root,0,NA,NA,14075,146.386
4419,3106,root,0,NA,NA,3106,146.385
4420,390,root,0,NA,NA,390,146.378
4421,963,root,0,NA,NA,963,146.356
4422,2902,root,0,NA,NA,2902,146.348
4423,2859,root,0,NA,NA,2859,146.348
4424,4825,root,0,NA,NA,4825,146.347
4425,887,root,0,NA,NA,887,146.336
4426,4072,root,0,NA,NA,4072,146.335
4427,343,root,0,NA,NA,343,146.333
4428,547,root,0,NA,NA,547,146.33
4429,8986,root,0,NA,NA,8986,146.326
4430,8886,root,0,NA,NA,8886,146.317
4431,18507,root,0,NA,NA,18507,146.316
4432,1966,root,0,NA,NA,1966,146.311
4433,2530,root,0,NA,NA,2530,146.309
4434,3718,root,0,NA,NA,3718,146.305
4435,13756,root,0,NA,NA,13756,146.298
4436,2891,root,0,NA,NA,2891,146.297
4437,10072,root,0,NA,NA,10072,146.292
4438,6473,root,0,NA,NA,6473,146.28
4439,3119,root,0,NA,NA,3119,146.274
4440,15572,root,0,NA,NA,15572,146.274
4441,11260,root,0,NA,NA,11260,146.273
4442,4265,root,0,NA,NA,4265,146.27
4443,5779,root,0,NA,NA,5779,146.264
4444,1056,root,0,NA,NA,1056,146.258
4445,2967,root,0,NA,NA,2967,146.255
4446,4844,root,0,NA,NA,4844,146.252
4447,11281,root,0,NA,NA,11281,146.239
4448,5661,root,0,NA,NA,5661,146.214
4449,17965,root,0,NA,NA,17965,146.214
4450,2259,root,0,NA,NA,2259,146.21
4451,6862,root,0,NA,NA,6862,146.209
4452,306,root,0,NA,NA,306,146.199
4453,8574,root,0,NA,NA,8574,146.199
4454,1631,root,0,NA,NA,1631,146.174
4455,19253,root,0,NA,NA,19253,146.171
4456,3661,root,0,NA,NA,3661,146.16
4457,1733,root,0,NA,NA,1733,146.157
4458,15585,root,0,NA,NA,15585,146.156
4459,13383,root,0,NA,NA,13383,146.134
4460,7103,root,0,NA,NA,7103,146.125
4461,6657,root,0,NA,NA,6657,146.111
4462,4531,root,0,NA,NA,4531,146.104
4463,10904,root,0,NA,NA,10904,146.099
4464,15886,root,0,NA,NA,15886,146.09
4465,18218,root,0,NA,NA,18218,146.081
4466,11824,root,0,NA,NA,11824,146.074
4467,5656,root,0,NA,NA,5656,146.065
4468,16686,root,0,NA,NA,16686,146.047
4469,11038,root,0,NA,NA,11038,146.045
4470,8117,root,0,NA,NA,8117,146.039
4471,5161,root,0,NA,NA,5161,146.034
4472,496,root,0,NA,NA,496,146.033
4473,1469,root,0,NA,NA,1469,146.031
4474,1734,root,0,NA,NA,1734,146.028
4475,16450,root,0,NA,NA,16450,146.023
4476,11926,root,0,NA,NA,11926,146.007
4477,12790,root,0,NA,NA,12790,146.004
4478,1661,root,0,NA,NA,1661,145.994
4479,4395,root,0,NA,NA,4395,145.988
4480,2386,root,0,NA,NA,2386,145.986
4481,8142,root,0,NA,NA,8142,145.981
4482,293,root,0,NA,NA,293,145.971
4483,3140,root,0,NA,NA,3140,145.969
4484,1628,root,0,NA,NA,1628,145.954
4485,1649,root,0,NA,NA,1649,145.954
4486,1907,root,0,NA,NA,1907,145.942
4487,6305,root,0,NA,NA,6305,145.929
4488,262,root,0,NA,NA,262,145.928
4489,4744,root,0,NA,NA,4744,145.923
4490,1148,root,0,NA,NA,1148,145.916
4491,6532,root,0,NA,NA,6532,145.905
4492,18832,root,0,NA,NA,18832,145.902
4493,15998,root,0,NA,NA,15998,145.899
4494,6541,root,0,NA,NA,6541,145.892
4495,11569,root,0,NA,NA,11569,145.889
4496,11257,root,0,NA,NA,11257,145.883
4497,5350,root,0,NA,NA,5350,145.879
4498,8644,root,0,NA,NA,8644,145.876
4499,4927,root,0,NA,NA,4927,145.875
4500,13268,root,0,NA,NA,13268,145.875
4501,3441,root,0,NA,NA,3441,145.862
4502,2676,root,0,NA,NA,2676,145.862
4503,4783,root,0,NA,NA,4783,145.843
4504,874,root,0,NA,NA,874,145.837
4505,7169,root,0,NA,NA,7169,145.836
4506,17861,root,0,NA,NA,17861,145.836
4507,877,root,0,NA,NA,877,145.835
4508,6978,root,0,NA,NA,6978,145.834
4509,3598,root,0,NA,NA,3598,145.829
4510,16219,root,0,NA,NA,16219,145.827
4511,1456,root,0,NA,NA,1456,145.827
4512,8249,root,0,NA,NA,8249,145.816
4513,9142,root,0,NA,NA,9142,145.805
4514,2810,root,0,NA,NA,2810,145.8
4515,15057,root,0,NA,NA,15057,145.797
4516,13302,root,0,NA,NA,13302,145.796
4517,3627,root,0,NA,NA,3627,145.795
4518,2923,root,0,NA,NA,2923,145.775
4519,1116,root,0,NA,NA,1116,145.775
4520,19606,root,0,NA,NA,19606,145.77
4521,1920,root,0,NA,NA,1920,145.764
4522,929,root,0,NA,NA,929,145.755
4523,17559,root,0,NA,NA,17559,145.755
4524,1636,root,0,NA,NA,1636,145.745
4525,3433,root,0,NA,NA,3433,145.743
4526,6522,root,0,NA,NA,6522,145.727
4527,12064,root,0,NA,NA,12064,145.726
4528,4621,root,0,NA,NA,4621,145.726
4529,845,root,0,NA,NA,845,145.726
4530,1398,root,0,NA,NA,1398,145.712
4531,17111,root,0,NA,NA,17111,145.708
4532,10027,root,0,NA,NA,10027,145.699
4533,3777,root,0,NA,NA,3777,145.68
4534,4559,root,0,NA,NA,4559,145.669
4535,3750,root,0,NA,NA,3750,145.667
4536,5512,root,0,NA,NA,5512,145.659
4537,15672,root,0,NA,NA,15672,145.655
4538,364,root,0,NA,NA,364,145.649
4539,10133,root,0,NA,NA,10133,145.627
4540,5611,root,0,NA,NA,5611,145.626
4541,14311,root,0,NA,NA,14311,145.619
4542,5254,root,0,NA,NA,5254,145.616
4543,1382,root,0,NA,NA,1382,145.615
4544,14172,root,0,NA,NA,14172,145.597
4545,11552,root,0,NA,NA,11552,145.595
4546,10226,root,0,NA,NA,10226,145.592
4547,4729,root,0,NA,NA,4729,145.583
4548,2915,root,0,NA,NA,2915,145.579
4549,2857,root,0,NA,NA,2857,145.578
4550,3374,root,0,NA,NA,3374,145.577
4551,2590,root,0,NA,NA,2590,145.576
4552,204,root,0,NA,NA,204,145.574
4553,10618,root,0,NA,NA,10618,145.573
4554,659,root,0,NA,NA,659,145.567
4555,7807,root,0,NA,NA,7807,145.565
4556,18842,root,0,NA,NA,18842,145.563
4557,19383,root,0,NA,NA,19383,145.55
4558,4754,root,0,NA,NA,4754,145.548
4559,6474,root,0,NA,NA,6474,145.54
4560,17,root,0,NA,NA,17,145.536
4561,5520,root,0,NA,NA,5520,145.535
4562,4984,root,0,NA,NA,4984,145.533
4563,4936,root,0,NA,NA,4936,145.532
4564,5488,root,0,NA,NA,5488,145.524
4565,1374,root,0,NA,NA,1374,145.519
4566,6668,root,0,NA,NA,6668,145.518
4567,6571,root,0,NA,NA,6571,145.515
4568,28,root,0,NA,NA,28,145.515
4569,9501,root,0,NA,NA,9501,145.503
4570,7072,root,0,NA,NA,7072,145.494
4571,73,root,0,NA,NA,73,145.49
4572,3743,root,0,NA,NA,3743,145.489
4573,1578,root,0,NA,NA,1578,145.471
4574,3478,root,0,NA,NA,3478,145.46
4575,3072,root,0,NA,NA,3072,145.453
4576,4286,root,0,NA,NA,4286,145.442
4577,2831,root,0,NA,NA,2831,145.441
4578,5774,root,0,NA,NA,5774,145.441
4579,258,root,0,NA,NA,258,145.44
4580,18761,root,0,NA,NA,18761,145.429
4581,14687,root,0,NA,NA,14687,145.429
4582,1855,root,0,NA,NA,1855,145.421
4583,1811,root,0,NA,NA,1811,145.415
4584,3056,root,0,NA,NA,3056,145.408
4585,4919,root,0,NA,NA,4919,145.405
4586,13901,root,0,NA,NA,13901,145.404
4587,19911,root,0,NA,NA,19911,145.395
4588,14239,root,0,NA,NA,14239,145.392
4589,12852,root,0,NA,NA,12852,145.391
4590,7083,root,0,NA,NA,7083,145.39
4591,14308,root,0,NA,NA,14308,145.382
4592,19290,root,0,NA,NA,19290,145.364
4593,1662,root,0,NA,NA,1662,145.364
4594,3901,root,0,NA,NA,3901,145.36
4595,4428,root,0,NA,NA,4428,145.348
4596,2035,root,0,NA,NA,2035,145.327
4597,2230,root,0,NA,NA,2230,145.321
4598,10194,root,0,NA,NA,10194,145.305
4599,10278,root,0,NA,NA,10278,145.303
4600,895,root,0,NA,NA,895,145.298
4601,12256,root,0,NA,NA,12256,145.295
4602,3268,root,0,NA,NA,3268,145.294
4603,2881,root,0,NA,NA,2881,145.283
4604,209,root,0,NA,NA,209,145.28
4605,10256,root,0,NA,NA,10256,145.276
4606,2217,root,0,NA,NA,2217,145.263
4607,13431,root,0,NA,NA,13431,145.261
4608,3032,root,0,NA,NA,3032,145.249
4609,13497,root,0,NA,NA,13497,145.232
4610,6815,root,0,NA,NA,6815,145.231
4611,285,root,0,NA,NA,285,145.22
4612,3700,root,0,NA,NA,3700,145.219
4613,3640,root,0,NA,NA,3640,145.204
4614,7270,root,0,NA,NA,7270,145.202
4615,7480,root,0,NA,NA,7480,145.19
4616,14368,root,0,NA,NA,14368,145.179
4617,7215,root,0,NA,NA,7215,145.174
4618,4403,root,0,NA,NA,4403,145.156
4619,6993,root,0,NA,NA,6993,145.153
4620,8467,root,0,NA,NA,8467,145.151
4621,332,root,0,NA,NA,332,145.137
4622,3831,root,0,NA,NA,3831,145.128
4623,7975,root,0,NA,NA,7975,145.125
4624,2755,root,0,NA,NA,2755,145.122
4625,2580,root,0,NA,NA,2580,145.111
4626,3721,root,0,NA,NA,3721,145.101
4627,3234,root,0,NA,NA,3234,145.097
4628,2784,root,0,NA,NA,2784,145.095
4629,5467,root,0,NA,NA,5467,145.091
4630,6454,root,0,NA,NA,6454,145.087
4631,19346,root,0,NA,NA,19346,145.087
4632,4538,root,0,NA,NA,4538,145.085
4633,4218,root,0,NA,NA,4218,145.084
4634,6268,root,0,NA,NA,6268,145.077
4635,1573,root,0,NA,NA,1573,145.064
4636,2828,root,0,NA,NA,2828,145.063
4637,16511,root,0,NA,NA,16511,145.024
4638,3014,root,0,NA,NA,3014,145.007
4639,12109,root,0,NA,NA,12109,144.989
4640,16872,root,0,NA,NA,16872,144.988
4641,2182,root,0,NA,NA,2182,144.966
4642,2132,root,0,NA,NA,2132,144.964
4643,14355,root,0,NA,NA,14355,144.961
4644,16015,root,0,NA,NA,16015,144.958
4645,474,root,0,NA,NA,474,144.957
4646,10522,root,0,NA,NA,10522,144.954
4647,9072,root,0,NA,NA,9072,144.95
4648,3035,root,0,NA,NA,3035,144.949
4649,3771,root,0,NA,NA,3771,144.937
4650,1111,root,0,NA,NA,1111,144.937
4651,3557,root,0,NA,NA,3557,144.936
4652,6587,root,0,NA,NA,6587,144.935
4653,6595,root,0,NA,NA,6595,144.935
4654,11368,root,0,NA,NA,11368,144.926
4655,11417,root,0,NA,NA,11417,144.917
4656,4820,root,0,NA,NA,4820,144.909
4657,5156,root,0,NA,NA,5156,144.908
4658,6778,root,0,NA,NA,6778,144.906
4659,4053,root,0,NA,NA,4053,144.896
4660,14644,root,0,NA,NA,14644,144.875
4661,4977,root,0,NA,NA,4977,144.867
4662,646,root,0,NA,NA,646,144.857
4663,1612,root,0,NA,NA,1612,144.856
4664,9004,root,0,NA,NA,9004,144.852
4665,5158,root,0,NA,NA,5158,144.85
4666,11452,root,0,NA,NA,11452,144.85
4667,18912,root,0,NA,NA,18912,144.839
4668,9430,root,0,NA,NA,9430,144.834
4669,14926,root,0,NA,NA,14926,144.828
4670,8088,root,0,NA,NA,8088,144.817
4671,3737,root,0,NA,NA,3737,144.813
4672,9804,root,0,NA,NA,9804,144.805
4673,12710,root,0,NA,NA,12710,144.802
4674,12971,root,0,NA,NA,12971,144.799
4675,10785,root,0,NA,NA,10785,144.795
4676,6861,root,0,NA,NA,6861,144.77
4677,5295,root,0,NA,NA,5295,144.769
4678,2945,root,0,NA,NA,2945,144.765
4679,3734,root,0,NA,NA,3734,144.765
4680,3048,root,0,NA,NA,3048,144.762
4681,7231,root,0,NA,NA,7231,144.753
4682,12912,root,0,NA,NA,12912,144.749
4683,5480,root,0,NA,NA,5480,144.736
4684,1843,root,0,NA,NA,1843,144.734
4685,17188,root,0,NA,NA,17188,144.724
4686,18407,root,0,NA,NA,18407,144.704
4687,5487,root,0,NA,NA,5487,144.704
4688,1464,root,0,NA,NA,1464,144.701
4689,12962,root,0,NA,NA,12962,144.7
4690,7135,root,0,NA,NA,7135,144.699
4691,5470,root,0,NA,NA,5470,144.691
4692,6015,root,0,NA,NA,6015,144.667
4693,290,root,0,NA,NA,290,144.665
4694,13753,root,0,NA,NA,13753,144.654
4695,8723,root,0,NA,NA,8723,144.651
4696,716,root,0,NA,NA,716,144.643
4697,7397,root,0,NA,NA,7397,144.636
4698,6192,root,0,NA,NA,6192,144.635
4699,997,root,0,NA,NA,997,144.633
4700,3909,root,0,NA,NA,3909,144.63
4701,14332,root,0,NA,NA,14332,144.63
4702,861,root,0,NA,NA,861,144.62
4703,487,root,0,NA,NA,487,144.611
4704,8900,root,0,NA,NA,8900,144.606
4705,16938,root,0,NA,NA,16938,144.592
4706,2677,root,0,NA,NA,2677,144.59
4707,2100,root,0,NA,NA,2100,144.589
4708,1526,root,0,NA,NA,1526,144.586
4709,3606,root,0,NA,NA,3606,144.583
4710,10016,root,0,NA,NA,10016,144.558
4711,12705,root,0,NA,NA,12705,144.555
4712,11703,root,0,NA,NA,11703,144.552
4713,14028,root,0,NA,NA,14028,144.548
4714,16790,root,0,NA,NA,16790,144.54
4715,8918,root,0,NA,NA,8918,144.539
4716,1090,root,0,NA,NA,1090,144.537
4717,3326,root,0,NA,NA,3326,144.53
4718,3043,root,0,NA,NA,3043,144.522
4719,16084,root,0,NA,NA,16084,144.519
4720,1993,root,0,NA,NA,1993,144.511
4721,17176,root,0,NA,NA,17176,144.509
4722,10578,root,0,NA,NA,10578,144.504
4723,9851,root,0,NA,NA,9851,144.502
4724,2022,root,0,NA,NA,2022,144.498
4725,18061,root,0,NA,NA,18061,144.497
4726,14030,root,0,NA,NA,14030,144.496
4727,4945,root,0,NA,NA,4945,144.494
4728,17191,root,0,NA,NA,17191,144.482
4729,11161,root,0,NA,NA,11161,144.473
4730,5114,root,0,NA,NA,5114,144.463
4731,3085,root,0,NA,NA,3085,144.455
4732,5427,root,0,NA,NA,5427,144.454
4733,11680,root,0,NA,NA,11680,144.444
4734,2976,root,0,NA,NA,2976,144.433
4735,1427,root,0,NA,NA,1427,144.427
4736,2554,root,0,NA,NA,2554,144.418
4737,14963,root,0,NA,NA,14963,144.415
4738,11273,root,0,NA,NA,11273,144.409
4739,15363,root,0,NA,NA,15363,144.405
4740,19504,root,0,NA,NA,19504,144.401
4741,523,root,0,NA,NA,523,144.393
4742,5406,root,0,NA,NA,5406,144.385
4743,11117,root,0,NA,NA,11117,144.38
4744,3001,root,0,NA,NA,3001,144.368
4745,913,root,0,NA,NA,913,144.364
4746,12861,root,0,NA,NA,12861,144.359
4747,2878,root,0,NA,NA,2878,144.359
4748,15287,root,0,NA,NA,15287,144.352
4749,12666,root,0,NA,NA,12666,144.345
4750,2500,root,0,NA,NA,2500,144.344
4751,597,root,0,NA,NA,597,144.341
4752,628,root,0,NA,NA,628,144.341
4753,12036,root,0,NA,NA,12036,144.326
4754,11523,root,0,NA,NA,11523,144.325
4755,12902,root,0,NA,NA,12902,144.323
4756,8695,root,0,NA,NA,8695,144.31
4757,8504,root,0,NA,NA,8504,144.309
4758,453,root,0,NA,NA,453,144.306
4759,2209,root,0,NA,NA,2209,144.306
4760,6584,root,0,NA,NA,6584,144.295
4761,1591,root,0,NA,NA,1591,144.29
4762,6914,root,0,NA,NA,6914,144.286
4763,1641,root,0,NA,NA,1641,144.282
4764,7091,root,0,NA,NA,7091,144.281
4765,1620,root,0,NA,NA,1620,144.27
4766,5077,root,0,NA,NA,5077,144.243
4767,3726,root,0,NA,NA,3726,144.224
4768,11921,root,0,NA,NA,11921,144.195
4769,1814,root,0,NA,NA,1814,144.188
4770,5787,root,0,NA,NA,5787,144.186
4771,374,root,0,NA,NA,374,144.18
4772,6207,root,0,NA,NA,6207,144.166
4773,3297,root,0,NA,NA,3297,144.161
4774,638,root,0,NA,NA,638,144.141
4775,18837,root,0,NA,NA,18837,144.119
4776,641,root,0,NA,NA,641,144.117
4777,10737,root,0,NA,NA,10737,144.101
4778,7443,root,0,NA,NA,7443,144.099
4779,2980,root,0,NA,NA,2980,144.098
4780,4497,root,0,NA,NA,4497,144.094
4781,5759,root,0,NA,NA,5759,144.093
4782,5802,root,0,NA,NA,5802,144.082
4783,3171,root,0,NA,NA,3171,144.068
4784,18284,root,0,NA,NA,18284,144.059
4785,3143,root,0,NA,NA,3143,144.057
4786,1094,root,0,NA,NA,1094,144.044
4787,13677,root,0,NA,NA,13677,144.041
4788,461,root,0,NA,NA,461,144.04
4789,869,root,0,NA,NA,869,144.028
4790,2513,root,0,NA,NA,2513,144.019
4791,11321,root,0,NA,NA,11321,144.018
4792,9326,root,0,NA,NA,9326,144.012
4793,12887,root,0,NA,NA,12887,144.01
4794,3420,root,0,NA,NA,3420,143.993
4795,11463,root,0,NA,NA,11463,143.991
4796,18549,root,0,NA,NA,18549,143.99
4797,12522,root,0,NA,NA,12522,143.984
4798,5419,root,0,NA,NA,5419,143.984
4799,4215,root,0,NA,NA,4215,143.983
4800,4149,root,0,NA,NA,4149,143.983
4801,403,root,0,NA,NA,403,143.978
4802,7598,root,0,NA,NA,7598,143.963
4803,2108,root,0,NA,NA,2108,143.963
4804,6765,root,0,NA,NA,6765,143.956
4805,5448,root,0,NA,NA,5448,143.948
4806,12882,root,0,NA,NA,12882,143.944
4807,6255,root,0,NA,NA,6255,143.936
4808,11221,root,0,NA,NA,11221,143.935
4809,12718,root,0,NA,NA,12718,143.925
4810,654,root,0,NA,NA,654,143.922
4811,15628,root,0,NA,NA,15628,143.917
4812,12687,root,0,NA,NA,12687,143.915
4813,2705,root,0,NA,NA,2705,143.911
4814,749,root,0,NA,NA,749,143.877
4815,5149,root,0,NA,NA,5149,143.859
4816,12603,root,0,NA,NA,12603,143.853
4817,5317,root,0,NA,NA,5317,143.851
4818,2889,root,0,NA,NA,2889,143.84
4819,9896,root,0,NA,NA,9896,143.836
4820,2760,root,0,NA,NA,2760,143.834
4821,6936,root,0,NA,NA,6936,143.827
4822,4615,root,0,NA,NA,4615,143.822
4823,13271,root,0,NA,NA,13271,143.801
4824,972,root,0,NA,NA,972,143.8
4825,15948,root,0,NA,NA,15948,143.797
4826,9661,root,0,NA,NA,9661,143.797
4827,1448,root,0,NA,NA,1448,143.781
4828,988,root,0,NA,NA,988,143.781
4829,65,root,0,NA,NA,65,143.77
4830,17069,root,0,NA,NA,17069,143.748
4831,11810,root,0,NA,NA,11810,143.737
4832,6857,root,0,NA,NA,6857,143.734
4833,16303,root,0,NA,NA,16303,143.732
4834,8190,root,0,NA,NA,8190,143.73
4835,12230,root,0,NA,NA,12230,143.724
4836,3122,root,0,NA,NA,3122,143.722
4837,2220,root,0,NA,NA,2220,143.717
4838,6331,root,0,NA,NA,6331,143.717
4839,12022,root,0,NA,NA,12022,143.716
4840,17652,root,0,NA,NA,17652,143.707
4841,15145,root,0,NA,NA,15145,143.694
4842,3342,root,0,NA,NA,3342,143.692
4843,13570,root,0,NA,NA,13570,143.668
4844,7138,root,0,NA,NA,7138,143.664
4845,12532,root,0,NA,NA,12532,143.662
4846,1473,root,0,NA,NA,1473,143.658
4847,5766,root,0,NA,NA,5766,143.656
4848,6299,root,0,NA,NA,6299,143.654
4849,1284,root,0,NA,NA,1284,143.65
4850,17712,root,0,NA,NA,17712,143.636
4851,19741,root,0,NA,NA,19741,143.636
4852,12805,root,0,NA,NA,12805,143.606
4853,5275,root,0,NA,NA,5275,143.592
4854,2794,root,0,NA,NA,2794,143.563
4855,12837,root,0,NA,NA,12837,143.531
4856,13818,root,0,NA,NA,13818,143.523
4857,2904,root,0,NA,NA,2904,143.523
4858,1579,root,0,NA,NA,1579,143.523
4859,10481,root,0,NA,NA,10481,143.501
4860,12836,root,0,NA,NA,12836,143.499
4861,7540,root,0,NA,NA,7540,143.497
4862,344,root,0,NA,NA,344,143.493
4863,3365,root,0,NA,NA,3365,143.487
4864,13551,root,0,NA,NA,13551,143.475
4865,1988,root,0,NA,NA,1988,143.472
4866,11270,root,0,NA,NA,11270,143.463
4867,4869,root,0,NA,NA,4869,143.428
4868,8103,root,0,NA,NA,8103,143.421
4869,11990,root,0,NA,NA,11990,143.415
4870,5640,root,0,NA,NA,5640,143.39
4871,7922,root,0,NA,NA,7922,143.388
4872,1042,root,0,NA,NA,1042,143.379
4873,746,root,0,NA,NA,746,143.374
4874,6498,root,0,NA,NA,6498,143.367
4875,680,root,0,NA,NA,680,143.358
4876,51,root,0,NA,NA,51,143.357
4877,12198,root,0,NA,NA,12198,143.352
4878,7532,root,0,NA,NA,7532,143.352
4879,3679,root,0,NA,NA,3679,143.342
4880,4106,root,0,NA,NA,4106,143.339
4881,714,root,0,NA,NA,714,143.337
4882,5215,root,0,NA,NA,5215,143.332
4883,13722,root,0,NA,NA,13722,143.328
4884,11211,root,0,NA,NA,11211,143.31
4885,4176,root,0,NA,NA,4176,143.309
4886,6064,root,0,NA,NA,6064,143.306
4887,11504,root,0,NA,NA,11504,143.305
4888,7526,root,0,NA,NA,7526,143.302
4889,4473,root,0,NA,NA,4473,143.291
4890,18195,root,0,NA,NA,18195,143.29
4891,14069,root,0,NA,NA,14069,143.279
4892,11586,root,0,NA,NA,11586,143.257
4893,5130,root,0,NA,NA,5130,143.233
4894,19330,root,0,NA,NA,19330,143.229
4895,9147,root,0,NA,NA,9147,143.223
4896,18815,root,0,NA,NA,18815,143.217
4897,2147,root,0,NA,NA,2147,143.217
4898,12085,root,0,NA,NA,12085,143.216
4899,14131,root,0,NA,NA,14131,143.216
4900,806,root,0,NA,NA,806,143.21
4901,2718,root,0,NA,NA,2718,143.203
4902,3109,root,0,NA,NA,3109,143.195
4903,9009,root,0,NA,NA,9009,143.193
4904,1403,root,0,NA,NA,1403,143.184
4905,52,root,0,NA,NA,52,143.179
4906,18124,root,0,NA,NA,18124,143.179
4907,12376,root,0,NA,NA,12376,143.17
4908,7854,root,0,NA,NA,7854,143.17
4909,2988,root,0,NA,NA,2988,143.155
4910,14905,root,0,NA,NA,14905,143.155
4911,466,root,0,NA,NA,466,143.133
4912,16144,root,0,NA,NA,16144,143.129
4913,16308,root,0,NA,NA,16308,143.126
4914,2306,root,0,NA,NA,2306,143.125
4915,5643,root,0,NA,NA,5643,143.123
4916,2056,root,0,NA,NA,2056,143.122
4917,5336,root,0,NA,NA,5336,143.111
4918,14230,root,0,NA,NA,14230,143.108
4919,2726,root,0,NA,NA,2726,143.104
4920,4677,root,0,NA,NA,4677,143.104
4921,4541,root,0,NA,NA,4541,143.102
4922,4997,root,0,NA,NA,4997,143.102
4923,11354,root,0,NA,NA,11354,143.102
4924,10068,root,0,NA,NA,10068,143.102
4925,2603,root,0,NA,NA,2603,143.099
4926,12188,root,0,NA,NA,12188,143.096
4927,15104,root,0,NA,NA,15104,143.096
4928,1683,root,0,NA,NA,1683,143.092
4929,406,root,0,NA,NA,406,143.081
4930,10253,root,0,NA,NA,10253,143.075
4931,3472,root,0,NA,NA,3472,143.065
4932,5363,root,0,NA,NA,5363,143.062
4933,9153,root,0,NA,NA,9153,143.059
4934,17043,root,0,NA,NA,17043,143.05
4935,17504,root,0,NA,NA,17504,143.049
4936,1205,root,0,NA,NA,1205,143.043
4937,18868,root,0,NA,NA,18868,143.04
4938,14183,root,0,NA,NA,14183,143.04
4939,15390,root,0,NA,NA,15390,143.03
4940,3923,root,0,NA,NA,3923,143.027
4941,5881,root,0,NA,NA,5881,143.023
4942,102,root,0,NA,NA,102,143.017
4943,18477,root,0,NA,NA,18477,143.017
4944,8108,root,0,NA,NA,8108,142.999
4945,7440,root,0,NA,NA,7440,142.993
4946,607,root,0,NA,NA,607,142.98
4947,16859,root,0,NA,NA,16859,142.979
4948,4195,root,0,NA,NA,4195,142.978
4949,238,root,0,NA,NA,238,142.975
4950,691,root,0,NA,NA,691,142.966
4951,2797,root,0,NA,NA,2797,142.958
4952,14793,root,0,NA,NA,14793,142.951
4953,3747,root,0,NA,NA,3747,142.945
4954,3010,root,0,NA,NA,3010,142.941
4955,13912,root,0,NA,NA,13912,142.931
4956,2655,root,0,NA,NA,2655,142.93
4957,2790,root,0,NA,NA,2790,142.924
4958,7994,root,0,NA,NA,7994,142.923
4959,4788,root,0,NA,NA,4788,142.922
4960,2569,root,0,NA,NA,2569,142.917
4961,11009,root,0,NA,NA,11009,142.914
4962,670,root,0,NA,NA,670,142.903
4963,3192,root,0,NA,NA,3192,142.9
4964,3459,root,0,NA,NA,3459,142.887
4965,3142,root,0,NA,NA,3142,142.877
4966,10567,root,0,NA,NA,10567,142.872
4967,9366,root,0,NA,NA,9366,142.871
4968,4359,root,0,NA,NA,4359,142.869
4969,1364,root,0,NA,NA,1364,142.86
4970,5902,root,0,NA,NA,5902,142.858
4971,5338,root,0,NA,NA,5338,142.857
4972,9498,root,0,NA,NA,9498,142.823
4973,5995,root,0,NA,NA,5995,142.819
4974,8111,root,0,NA,NA,8111,142.814
4975,4273,root,0,NA,NA,4273,142.807
4976,18283,root,0,NA,NA,18283,142.803
4977,1267,root,0,NA,NA,1267,142.802
4978,12510,root,0,NA,NA,12510,142.8
4979,2690,root,0,NA,NA,2690,142.792
4980,4689,root,0,NA,NA,4689,142.786
4981,1899,root,0,NA,NA,1899,142.776
4982,6986,root,0,NA,NA,6986,142.764
4983,19081,root,0,NA,NA,19081,142.755
4984,6034,root,0,NA,NA,6034,142.753
4985,411,root,0,NA,NA,411,142.738
4986,6385,root,0,NA,NA,6385,142.735
4987,1177,root,0,NA,NA,1177,142.717
4988,6884,root,0,NA,NA,6884,142.698
4989,3583,root,0,NA,NA,3583,142.687
4990,13381,root,0,NA,NA,13381,142.686
4991,14323,root,0,NA,NA,14323,142.679
4992,4898,root,0,NA,NA,4898,142.669
4993,13544,root,0,NA,NA,13544,142.657
4994,8232,root,0,NA,NA,8232,142.65
4995,6605,root,0,NA,NA,6605,142.649
4996,2520,root,0,NA,NA,2520,142.648
4997,19379,root,0,NA,NA,19379,142.643
4998,5245,root,0,NA,NA,5245,142.641
4999,14350,root,0,NA,NA,14350,142.636
5000,8401,root,0,NA,NA,8401,142.631
5001,8258,root,0,NA,NA,8258,142.624
5002,228,root,0,NA,NA,228,142.623
5003,6247,root,0,NA,NA,6247,142.623
5004,8479,root,0,NA,NA,8479,142.62
5005,3184,root,0,NA,NA,3184,142.602
5006,6168,root,0,NA,NA,6168,142.595
5007,5342,root,0,NA,NA,5342,142.592
5008,19359,root,0,NA,NA,19359,142.585
5009,11111,root,0,NA,NA,11111,142.583
5010,7156,root,0,NA,NA,7156,142.578
5011,5280,root,0,NA,NA,5280,142.572
5012,6135,root,0,NA,NA,6135,142.553
5013,14114,root,0,NA,NA,14114,142.551
5014,5737,root,0,NA,NA,5737,142.546
5015,6028,root,0,NA,NA,6028,142.546
5016,2009,root,0,NA,NA,2009,142.545
5017,8440,root,0,NA,NA,8440,142.544
5018,9601,root,0,NA,NA,9601,142.541
5019,10469,root,0,NA,NA,10469,142.536
5020,12438,root,0,NA,NA,12438,142.525
5021,188,root,0,NA,NA,188,142.523
5022,3418,root,0,NA,NA,3418,142.513
5023,4257,root,0,NA,NA,4257,142.509
5024,11585,root,0,NA,NA,11585,142.508
5025,5593,root,0,NA,NA,5593,142.5
5026,15269,root,0,NA,NA,15269,142.499
5027,4372,root,0,NA,NA,4372,142.476
5028,5271,root,0,NA,NA,5271,142.468
5029,7419,root,0,NA,NA,7419,142.45
5030,11386,root,0,NA,NA,11386,142.441
5031,5143,root,0,NA,NA,5143,142.437
5032,19013,root,0,NA,NA,19013,142.433
5033,5758,root,0,NA,NA,5758,142.426
5034,6948,root,0,NA,NA,6948,142.425
5035,13012,root,0,NA,NA,13012,142.425
5036,11946,root,0,NA,NA,11946,142.419
5037,797,root,0,NA,NA,797,142.416
5038,2407,root,0,NA,NA,2407,142.416
5039,6872,root,0,NA,NA,6872,142.41
5040,6909,root,0,NA,NA,6909,142.407
5041,6148,root,0,NA,NA,6148,142.399
5042,12884,root,0,NA,NA,12884,142.375
5043,9922,root,0,NA,NA,9922,142.359
5044,471,root,0,NA,NA,471,142.357
5045,7158,root,0,NA,NA,7158,142.353
5046,5163,root,0,NA,NA,5163,142.333
5047,9083,root,0,NA,NA,9083,142.331
5048,5610,root,0,NA,NA,5610,142.326
5049,6570,root,0,NA,NA,6570,142.324
5050,6242,root,0,NA,NA,6242,142.32
5051,394,root,0,NA,NA,394,142.294
5052,6246,root,0,NA,NA,6246,142.29
5053,5673,root,0,NA,NA,5673,142.242
5054,2573,root,0,NA,NA,2573,142.237
5055,5262,root,0,NA,NA,5262,142.22
5056,2141,root,0,NA,NA,2141,142.218
5057,10672,root,0,NA,NA,10672,142.213
5058,2731,root,0,NA,NA,2731,142.205
5059,6896,root,0,NA,NA,6896,142.197
5060,14174,root,0,NA,NA,14174,142.191
5061,14708,root,0,NA,NA,14708,142.18
5062,16475,root,0,NA,NA,16475,142.166
5063,5330,root,0,NA,NA,5330,142.159
5064,128,root,0,NA,NA,128,142.157
5065,14753,root,0,NA,NA,14753,142.155
5066,44,root,0,NA,NA,44,142.145
5067,11075,root,0,NA,NA,11075,142.104
5068,5824,root,0,NA,NA,5824,142.093
5069,17060,root,0,NA,NA,17060,142.088
5070,4901,root,0,NA,NA,4901,142.078
5071,8689,root,0,NA,NA,8689,142.071
5072,8303,root,0,NA,NA,8303,142.068
5073,7966,root,0,NA,NA,7966,142.067
5074,1983,root,0,NA,NA,1983,142.064
5075,7029,root,0,NA,NA,7029,142.061
5076,12366,root,0,NA,NA,12366,142.057
5077,6648,root,0,NA,NA,6648,142.048
5078,4949,root,0,NA,NA,4949,142.047
5079,11339,root,0,NA,NA,11339,142.043
5080,9223,root,0,NA,NA,9223,142.038
5081,14025,root,0,NA,NA,14025,142.036
5082,3551,root,0,NA,NA,3551,142.026
5083,8331,root,0,NA,NA,8331,142.005
5084,3305,root,0,NA,NA,3305,141.986
5085,10402,root,0,NA,NA,10402,141.932
5086,7714,root,0,NA,NA,7714,141.928
5087,9507,root,0,NA,NA,9507,141.925
5088,2739,root,0,NA,NA,2739,141.909
5089,3499,root,0,NA,NA,3499,141.908
5090,7316,root,0,NA,NA,7316,141.891
5091,1790,root,0,NA,NA,1790,141.881
5092,3624,root,0,NA,NA,3624,141.876
5093,3804,root,0,NA,NA,3804,141.873
5094,12122,root,0,NA,NA,12122,141.871
5095,16760,root,0,NA,NA,16760,141.855
5096,648,root,0,NA,NA,648,141.838
5097,10032,root,0,NA,NA,10032,141.826
5098,19460,root,0,NA,NA,19460,141.822
5099,55,root,0,NA,NA,55,141.822
5100,4484,root,0,NA,NA,4484,141.817
5101,17657,root,0,NA,NA,17657,141.815
5102,3691,root,0,NA,NA,3691,141.812
5103,7567,root,0,NA,NA,7567,141.805
5104,6339,root,0,NA,NA,6339,141.802
5105,5098,root,0,NA,NA,5098,141.797
5106,13988,root,0,NA,NA,13988,141.793
5107,13816,root,0,NA,NA,13816,141.778
5108,7164,root,0,NA,NA,7164,141.778
5109,86,root,0,NA,NA,86,141.774
5110,1670,root,0,NA,NA,1670,141.774
5111,1704,root,0,NA,NA,1704,141.756
5112,15302,root,0,NA,NA,15302,141.753
5113,14726,root,0,NA,NA,14726,141.753
5114,16470,root,0,NA,NA,16470,141.734
5115,8100,root,0,NA,NA,8100,141.719
5116,2316,root,0,NA,NA,2316,141.707
5117,12379,root,0,NA,NA,12379,141.696
5118,19329,root,0,NA,NA,19329,141.694
5119,1424,root,0,NA,NA,1424,141.685
5120,6944,root,0,NA,NA,6944,141.68
5121,4283,root,0,NA,NA,4283,141.679
5122,17232,root,0,NA,NA,17232,141.675
5123,2119,root,0,NA,NA,2119,141.664
5124,2153,root,0,NA,NA,2153,141.663
5125,15760,root,0,NA,NA,15760,141.647
5126,14711,root,0,NA,NA,14711,141.614
5127,8004,root,0,NA,NA,8004,141.603
5128,8173,root,0,NA,NA,8173,141.599
5129,301,root,0,NA,NA,301,141.596
5130,12460,root,0,NA,NA,12460,141.589
5131,4415,root,0,NA,NA,4415,141.557
5132,9117,root,0,NA,NA,9117,141.546
5133,17603,root,0,NA,NA,17603,141.546
5134,14169,root,0,NA,NA,14169,141.537
5135,3311,root,0,NA,NA,3311,141.534
5136,17161,root,0,NA,NA,17161,141.521
5137,15086,root,0,NA,NA,15086,141.509
5138,17596,root,0,NA,NA,17596,141.507
5139,15133,root,0,NA,NA,15133,141.478
5140,2850,root,0,NA,NA,2850,141.472
5141,10661,root,0,NA,NA,10661,141.472
5142,1031,root,0,NA,NA,1031,141.468
5143,12933,root,0,NA,NA,12933,141.464
5144,5872,root,0,NA,NA,5872,141.44
5145,15234,root,0,NA,NA,15234,141.437
5146,12992,root,0,NA,NA,12992,141.436
5147,12999,root,0,NA,NA,12999,141.433
5148,3163,root,0,NA,NA,3163,141.428
5149,19391,root,0,NA,NA,19391,141.42
5150,13294,root,0,NA,NA,13294,141.414
5151,4702,root,0,NA,NA,4702,141.392
5152,18118,root,0,NA,NA,18118,141.391
5153,1244,root,0,NA,NA,1244,141.368
5154,387,root,0,NA,NA,387,141.357
5155,3859,root,0,NA,NA,3859,141.351
5156,11616,root,0,NA,NA,11616,141.35
5157,146,root,0,NA,NA,146,141.348
5158,882,root,0,NA,NA,882,141.337
5159,13900,root,0,NA,NA,13900,141.337
5160,12713,root,0,NA,NA,12713,141.33
5161,3577,root,0,NA,NA,3577,141.319
5162,2736,root,0,NA,NA,2736,141.315
5163,17709,root,0,NA,NA,17709,141.312
5164,8113,root,0,NA,NA,8113,141.289
5165,738,root,0,NA,NA,738,141.275
5166,2243,root,0,NA,NA,2243,141.271
5167,15172,root,0,NA,NA,15172,141.27
5168,2111,root,0,NA,NA,2111,141.257
5169,16373,root,0,NA,NA,16373,141.257
5170,2734,root,0,NA,NA,2734,141.257
5171,2700,root,0,NA,NA,2700,141.248
5172,2721,root,0,NA,NA,2721,141.248
5173,2742,root,0,NA,NA,2742,141.248
5174,15869,root,0,NA,NA,15869,141.246
5175,7886,root,0,NA,NA,7886,141.241
5176,19370,root,0,NA,NA,19370,141.237
5177,9119,root,0,NA,NA,9119,141.225
5178,2572,root,0,NA,NA,2572,141.225
5179,13248,root,0,NA,NA,13248,141.223
5180,8742,root,0,NA,NA,8742,141.215
5181,7773,root,0,NA,NA,7773,141.214
5182,4804,root,0,NA,NA,4804,141.213
5183,10855,root,0,NA,NA,10855,141.201
5184,6977,root,0,NA,NA,6977,141.195
5185,2708,root,0,NA,NA,2708,141.189
5186,13266,root,0,NA,NA,13266,141.188
5187,4205,root,0,NA,NA,4205,141.188
5188,916,root,0,NA,NA,916,141.186
5189,7543,root,0,NA,NA,7543,141.178
5190,8275,root,0,NA,NA,8275,141.177
5191,12729,root,0,NA,NA,12729,141.177
5192,8889,root,0,NA,NA,8889,141.175
5193,3562,root,0,NA,NA,3562,141.172
5194,14750,root,0,NA,NA,14750,141.166
5195,5151,root,0,NA,NA,5151,141.165
5196,167,root,0,NA,NA,167,141.148
5197,6026,root,0,NA,NA,6026,141.129
5198,16517,root,0,NA,NA,16517,141.128
5199,3200,root,0,NA,NA,3200,141.115
5200,196,root,0,NA,NA,196,141.115
5201,2479,root,0,NA,NA,2479,141.111
5202,458,root,0,NA,NA,458,141.068
5203,2710,root,0,NA,NA,2710,141.043
5204,4923,root,0,NA,NA,4923,141.043
5205,8871,root,0,NA,NA,8871,141.018
5206,5301,root,0,NA,NA,5301,141.018
5207,1933,root,0,NA,NA,1933,141.015
5208,9537,root,0,NA,NA,9537,141.014
5209,15798,root,0,NA,NA,15798,141.011
5210,11980,root,0,NA,NA,11980,141.003
5211,17247,root,0,NA,NA,17247,140.992
5212,2702,root,0,NA,NA,2702,140.975
5213,3614,root,0,NA,NA,3614,140.973
5214,10222,root,0,NA,NA,10222,140.971
5215,3692,root,0,NA,NA,3692,140.962
5216,5224,root,0,NA,NA,5224,140.943
5217,6981,root,0,NA,NA,6981,140.94
5218,2713,root,0,NA,NA,2713,140.921
5219,16788,root,0,NA,NA,16788,140.91
5220,154,root,0,NA,NA,154,140.906
5221,11594,root,0,NA,NA,11594,140.902
5222,2818,root,0,NA,NA,2818,140.883
5223,14224,root,0,NA,NA,14224,140.88
5224,2729,root,0,NA,NA,2729,140.867
5225,4100,root,0,NA,NA,4100,140.858
5226,6758,root,0,NA,NA,6758,140.85
5227,4596,root,0,NA,NA,4596,140.846
5228,3233,root,0,NA,NA,3233,140.843
5229,1433,root,0,NA,NA,1433,140.814
5230,898,root,0,NA,NA,898,140.81
5231,667,root,0,NA,NA,667,140.804
5232,6902,root,0,NA,NA,6902,140.797
5233,7477,root,0,NA,NA,7477,140.797
5234,3454,root,0,NA,NA,3454,140.795
5235,6991,root,0,NA,NA,6991,140.793
5236,1314,root,0,NA,NA,1314,140.793
5237,6962,root,0,NA,NA,6962,140.791
5238,15824,root,0,NA,NA,15824,140.79
5239,2619,root,0,NA,NA,2619,140.788
5240,2823,root,0,NA,NA,2823,140.781
5241,3527,root,0,NA,NA,3527,140.779
5242,8967,root,0,NA,NA,8967,140.772
5243,4266,root,0,NA,NA,4266,140.771
5244,10736,root,0,NA,NA,10736,140.756
5245,17628,root,0,NA,NA,17628,140.752
5246,1654,root,0,NA,NA,1654,140.728
5247,161,root,0,NA,NA,161,140.727
5248,505,root,0,NA,NA,505,140.719
5249,3970,root,0,NA,NA,3970,140.715
5250,15148,root,0,NA,NA,15148,140.714
5251,19143,root,0,NA,NA,19143,140.706
5252,492,root,0,NA,NA,492,140.704
5253,3030,root,0,NA,NA,3030,140.696
5254,12716,root,0,NA,NA,12716,140.696
5255,8160,root,0,NA,NA,8160,140.681
5256,256,root,0,NA,NA,256,140.671
5257,6865,root,0,NA,NA,6865,140.671
5258,3284,root,0,NA,NA,3284,140.669
5259,19420,root,0,NA,NA,19420,140.662
5260,3530,root,0,NA,NA,3530,140.661
5261,15614,root,0,NA,NA,15614,140.645
5262,4966,root,0,NA,NA,4966,140.64
5263,1492,root,0,NA,NA,1492,140.64
5264,7511,root,0,NA,NA,7511,140.639
5265,7124,root,0,NA,NA,7124,140.629
5266,12082,root,0,NA,NA,12082,140.619
5267,4551,root,0,NA,NA,4551,140.617
5268,3250,root,0,NA,NA,3250,140.603
5269,385,root,0,NA,NA,385,140.597
5270,18838,root,0,NA,NA,18838,140.575
5271,212,root,0,NA,NA,212,140.56
5272,15726,root,0,NA,NA,15726,140.549
5273,9053,root,0,NA,NA,9053,140.549
5274,4882,root,0,NA,NA,4882,140.548
5275,16527,root,0,NA,NA,16527,140.543
5276,3318,root,0,NA,NA,3318,140.538
5277,6893,root,0,NA,NA,6893,140.533
5278,17738,root,0,NA,NA,17738,140.526
5279,6136,root,0,NA,NA,6136,140.519
5280,14878,root,0,NA,NA,14878,140.517
5281,14284,root,0,NA,NA,14284,140.517
5282,5272,root,0,NA,NA,5272,140.516
5283,13835,root,0,NA,NA,13835,140.499
5284,6809,root,0,NA,NA,6809,140.496
5285,11256,root,0,NA,NA,11256,140.488
5286,1353,root,0,NA,NA,1353,140.479
5287,18094,root,0,NA,NA,18094,140.478
5288,7439,root,0,NA,NA,7439,140.476
5289,17002,root,0,NA,NA,17002,140.471
5290,8245,root,0,NA,NA,8245,140.451
5291,12650,root,0,NA,NA,12650,140.448
5292,814,root,0,NA,NA,814,140.434
5293,14288,root,0,NA,NA,14288,140.434
5294,17021,root,0,NA,NA,17021,140.432
5295,2698,root,0,NA,NA,2698,140.422
5296,12601,root,0,NA,NA,12601,140.411
5297,9528,root,0,NA,NA,9528,140.405
5298,18194,root,0,NA,NA,18194,140.402
5299,636,root,0,NA,NA,636,140.401
5300,4406,root,0,NA,NA,4406,140.397
5301,18144,root,0,NA,NA,18144,140.394
5302,2933,root,0,NA,NA,2933,140.394
5303,6260,root,0,NA,NA,6260,140.389
5304,14754,root,0,NA,NA,14754,140.382
5305,3682,root,0,NA,NA,3682,140.377
5306,14078,root,0,NA,NA,14078,140.363
5307,2664,root,0,NA,NA,2664,140.359
5308,5135,root,0,NA,NA,5135,140.357
5309,6263,root,0,NA,NA,6263,140.351
5310,16563,root,0,NA,NA,16563,140.345
5311,19475,root,0,NA,NA,19475,140.338
5312,7,root,0,NA,NA,7,140.33
5313,217,root,0,NA,NA,217,140.312
5314,931,root,0,NA,NA,931,140.311
5315,11164,root,0,NA,NA,11164,140.31
5316,183,root,0,NA,NA,183,140.309
5317,11470,root,0,NA,NA,11470,140.307
5318,16317,root,0,NA,NA,16317,140.303
5319,10166,root,0,NA,NA,10166,140.302
5320,11637,root,0,NA,NA,11637,140.29
5321,3492,root,0,NA,NA,3492,140.289
5322,13512,root,0,NA,NA,13512,140.283
5323,7797,root,0,NA,NA,7797,140.269
5324,2593,root,0,NA,NA,2593,140.258
5325,10172,root,0,NA,NA,10172,140.251
5326,5159,root,0,NA,NA,5159,140.222
5327,6020,root,0,NA,NA,6020,140.202
5328,15321,root,0,NA,NA,15321,140.199
5329,5195,root,0,NA,NA,5195,140.197
5330,12174,root,0,NA,NA,12174,140.195
5331,5745,root,0,NA,NA,5745,140.19
5332,2723,root,0,NA,NA,2723,140.174
5333,5710,root,0,NA,NA,5710,140.163
5334,8024,root,0,NA,NA,8024,140.156
5335,706,root,0,NA,NA,706,140.151
5336,5602,root,0,NA,NA,5602,140.124
5337,5259,root,0,NA,NA,5259,140.121
5338,14366,root,0,NA,NA,14366,140.116
5339,3344,root,0,NA,NA,3344,140.112
5340,8462,root,0,NA,NA,8462,140.109
5341,7159,root,0,NA,NA,7159,140.099
5342,4424,root,0,NA,NA,4424,140.092
5343,2762,root,0,NA,NA,2762,140.088
5344,2416,root,0,NA,NA,2416,140.087
5345,9422,root,0,NA,NA,9422,140.087
5346,5627,root,0,NA,NA,5627,140.067
5347,4861,root,0,NA,NA,4861,140.066
5348,2815,root,0,NA,NA,2815,140.057
5349,1779,root,0,NA,NA,1779,140.054
5350,15200,root,0,NA,NA,15200,140.053
5351,3596,root,0,NA,NA,3596,140.053
5352,5606,root,0,NA,NA,5606,140.035
5353,1996,root,0,NA,NA,1996,140.031
5354,2715,root,0,NA,NA,2715,140.022
5355,9843,root,0,NA,NA,9843,140.021
5356,5032,root,0,NA,NA,5032,140.007
5357,1290,root,0,NA,NA,1290,139.993
5358,2582,root,0,NA,NA,2582,139.98
5359,6888,root,0,NA,NA,6888,139.973
5360,12967,root,0,NA,NA,12967,139.965
5361,3713,root,0,NA,NA,3713,139.96
5362,8307,root,0,NA,NA,8307,139.958
5363,15821,root,0,NA,NA,15821,139.948
5364,19264,root,0,NA,NA,19264,139.946
5365,15130,root,0,NA,NA,15130,139.946
5366,170,root,0,NA,NA,170,139.939
5367,4494,root,0,NA,NA,4494,139.926
5368,8715,root,0,NA,NA,8715,139.904
5369,395,root,0,NA,NA,395,139.903
5370,1604,root,0,NA,NA,1604,139.9
5371,445,root,0,NA,NA,445,139.889
5372,361,root,0,NA,NA,361,139.887
5373,13934,root,0,NA,NA,13934,139.881
5374,7380,root,0,NA,NA,7380,139.852
5375,14253,root,0,NA,NA,14253,139.846
5376,17714,root,0,NA,NA,17714,139.846
5377,3272,root,0,NA,NA,3272,139.845
5378,6613,root,0,NA,NA,6613,139.844
5379,6122,root,0,NA,NA,6122,139.843
5380,324,root,0,NA,NA,324,139.839
5381,2293,root,0,NA,NA,2293,139.838
5382,4807,root,0,NA,NA,4807,139.836
5383,19022,root,0,NA,NA,19022,139.83
5384,3179,root,0,NA,NA,3179,139.82
5385,12121,root,0,NA,NA,12121,139.815
5386,6739,root,0,NA,NA,6739,139.806
5387,13106,root,0,NA,NA,13106,139.8
5388,15624,root,0,NA,NA,15624,139.795
5389,13091,root,0,NA,NA,13091,139.785
5390,12698,root,0,NA,NA,12698,139.775
5391,3271,root,0,NA,NA,3271,139.774
5392,8708,root,0,NA,NA,8708,139.772
5393,5046,root,0,NA,NA,5046,139.768
5394,2744,root,0,NA,NA,2744,139.768
5395,672,root,0,NA,NA,672,139.755
5396,8168,root,0,NA,NA,8168,139.749
5397,5090,root,0,NA,NA,5090,139.748
5398,6127,root,0,NA,NA,6127,139.741
5399,17075,root,0,NA,NA,17075,139.739
5400,2017,root,0,NA,NA,2017,139.729
5401,13528,root,0,NA,NA,13528,139.718
5402,1387,root,0,NA,NA,1387,139.71
5403,15938,root,0,NA,NA,15938,139.708
5404,899,root,0,NA,NA,899,139.699
5405,6954,root,0,NA,NA,6954,139.694
5406,12735,root,0,NA,NA,12735,139.69
5407,568,root,0,NA,NA,568,139.681
5408,10350,root,0,NA,NA,10350,139.642
5409,1712,root,0,NA,NA,1712,139.639
5410,5355,root,0,NA,NA,5355,139.636
5411,16920,root,0,NA,NA,16920,139.628
5412,11420,root,0,NA,NA,11420,139.624
5413,10148,root,0,NA,NA,10148,139.618
5414,1788,root,0,NA,NA,1788,139.608
5415,926,root,0,NA,NA,926,139.6
5416,12606,root,0,NA,NA,12606,139.596
5417,4520,root,0,NA,NA,4520,139.593
5418,502,root,0,NA,NA,502,139.59
5419,2820,root,0,NA,NA,2820,139.59
5420,11922,root,0,NA,NA,11922,139.582
5421,14345,root,0,NA,NA,14345,139.579
5422,18247,root,0,NA,NA,18247,139.559
5423,6973,root,0,NA,NA,6973,139.559
5424,3506,root,0,NA,NA,3506,139.555
5425,5414,root,0,NA,NA,5414,139.549
5426,18781,root,0,NA,NA,18781,139.549
5427,7935,root,0,NA,NA,7935,139.548
5428,6220,root,0,NA,NA,6220,139.541
5429,17590,root,0,NA,NA,17590,139.539
5430,4928,root,0,NA,NA,4928,139.533
5431,8067,root,0,NA,NA,8067,139.531
5432,17656,root,0,NA,NA,17656,139.517
5433,3018,root,0,NA,NA,3018,139.506
5434,8640,root,0,NA,NA,8640,139.502
5435,8802,root,0,NA,NA,8802,139.501
5436,9210,root,0,NA,NA,9210,139.501
5437,7352,root,0,NA,NA,7352,139.497
5438,9318,root,0,NA,NA,9318,139.492
5439,8250,root,0,NA,NA,8250,139.482
5440,10022,root,0,NA,NA,10022,139.477
5441,2883,root,0,NA,NA,2883,139.447
5442,6084,root,0,NA,NA,6084,139.424
5443,11389,root,0,NA,NA,11389,139.42
5444,1039,root,0,NA,NA,1039,139.411
5445,1077,root,0,NA,NA,1077,139.409
5446,13425,root,0,NA,NA,13425,139.406
5447,4507,root,0,NA,NA,4507,139.405
5448,6007,root,0,NA,NA,6007,139.395
5449,5164,root,0,NA,NA,5164,139.372
5450,8351,root,0,NA,NA,8351,139.369
5451,19900,root,0,NA,NA,19900,139.368
5452,12329,root,0,NA,NA,12329,139.364
5453,2043,root,0,NA,NA,2043,139.355
5454,6702,root,0,NA,NA,6702,139.351
5455,8976,root,0,NA,NA,8976,139.344
5456,14140,root,0,NA,NA,14140,139.325
5457,1701,root,0,NA,NA,1701,139.325
5458,1621,root,0,NA,NA,1621,139.317
5459,9614,root,0,NA,NA,9614,139.316
5460,19376,root,0,NA,NA,19376,139.315
5461,19039,root,0,NA,NA,19039,139.315
5462,729,root,0,NA,NA,729,139.305
5463,14118,root,0,NA,NA,14118,139.296
5464,6933,root,0,NA,NA,6933,139.275
5465,15127,root,0,NA,NA,15127,139.268
5466,11401,root,0,NA,NA,11401,139.266
5467,10311,root,0,NA,NA,10311,139.258
5468,8352,root,0,NA,NA,8352,139.254
5469,4298,root,0,NA,NA,4298,139.254
5470,18043,root,0,NA,NA,18043,139.253
5471,15049,root,0,NA,NA,15049,139.246
5472,10909,root,0,NA,NA,10909,139.239
5473,10196,root,0,NA,NA,10196,139.218
5474,15883,root,0,NA,NA,15883,139.206
5475,18130,root,0,NA,NA,18130,139.2
5476,10146,root,0,NA,NA,10146,139.185
5477,479,root,0,NA,NA,479,139.184
5478,3263,root,0,NA,NA,3263,139.172
5479,12203,root,0,NA,NA,12203,139.172
5480,4236,root,0,NA,NA,4236,139.151
5481,6999,root,0,NA,NA,6999,139.149
5482,3064,root,0,NA,NA,3064,139.149
5483,13727,root,0,NA,NA,13727,139.134
5484,7723,root,0,NA,NA,7723,139.133
5485,5962,root,0,NA,NA,5962,139.132
5486,16750,root,0,NA,NA,16750,139.11
5487,2838,root,0,NA,NA,2838,139.104
5488,7004,root,0,NA,NA,7004,139.1
5489,15293,root,0,NA,NA,15293,139.091
5490,4838,root,0,NA,NA,4838,139.089
5491,1169,root,0,NA,NA,1169,139.088
5492,4577,root,0,NA,NA,4577,139.084
5493,17009,root,0,NA,NA,17009,139.083
5494,4135,root,0,NA,NA,4135,139.058
5495,2564,root,0,NA,NA,2564,139.048
5496,6582,root,0,NA,NA,6582,139.029
5497,7265,root,0,NA,NA,7265,139.013
5498,10562,root,0,NA,NA,10562,138.998
5499,222,root,0,NA,NA,222,138.994
5500,12637,root,0,NA,NA,12637,138.989
5501,6576,root,0,NA,NA,6576,138.988
5502,16376,root,0,NA,NA,16376,138.985
5503,5653,root,0,NA,NA,5653,138.984
5504,5723,root,0,NA,NA,5723,138.982
5505,1310,root,0,NA,NA,1310,138.978
5506,7216,root,0,NA,NA,7216,138.972
5507,12937,root,0,NA,NA,12937,138.956
5508,6435,root,0,NA,NA,6435,138.954
5509,18802,root,0,NA,NA,18802,138.947
5510,12719,root,0,NA,NA,12719,138.942
5511,517,root,0,NA,NA,517,138.934
5512,6677,root,0,NA,NA,6677,138.934
5513,15179,root,0,NA,NA,15179,138.924
5514,13875,root,0,NA,NA,13875,138.922
5515,15197,root,0,NA,NA,15197,138.914
5516,7617,root,0,NA,NA,7617,138.904
5517,4455,root,0,NA,NA,4455,138.901
5518,11114,root,0,NA,NA,11114,138.898
5519,15853,root,0,NA,NA,15853,138.88
5520,14834,root,0,NA,NA,14834,138.874
5521,4019,root,0,NA,NA,4019,138.874
5522,7981,root,0,NA,NA,7981,138.864
5523,4476,root,0,NA,NA,4476,138.86
5524,9870,root,0,NA,NA,9870,138.859
5525,1514,root,0,NA,NA,1514,138.847
5526,4874,root,0,NA,NA,4874,138.845
5527,9085,root,0,NA,NA,9085,138.842
5528,2802,root,0,NA,NA,2802,138.822
5529,8267,root,0,NA,NA,8267,138.805
5530,5533,root,0,NA,NA,5533,138.792
5531,16225,root,0,NA,NA,16225,138.791
5532,3543,root,0,NA,NA,3543,138.785
5533,5974,root,0,NA,NA,5974,138.783
5534,15203,root,0,NA,NA,15203,138.782
5535,424,root,0,NA,NA,424,138.764
5536,751,root,0,NA,NA,751,138.76
5537,14031,root,0,NA,NA,14031,138.755
5538,16268,root,0,NA,NA,16268,138.752
5539,7491,root,0,NA,NA,7491,138.747
5540,4731,root,0,NA,NA,4731,138.736
5541,13010,root,0,NA,NA,13010,138.728
5542,159,root,0,NA,NA,159,138.724
5543,2657,root,0,NA,NA,2657,138.721
5544,2665,root,0,NA,NA,2665,138.721
5545,2670,root,0,NA,NA,2670,138.721
5546,2678,root,0,NA,NA,2678,138.721
5547,2686,root,0,NA,NA,2686,138.721
5548,2691,root,0,NA,NA,2691,138.721
5549,2699,root,0,NA,NA,2699,138.721
5550,19838,root,0,NA,NA,19838,138.705
5551,712,root,0,NA,NA,712,138.702
5552,14293,root,0,NA,NA,14293,138.692
5553,5547,root,0,NA,NA,5547,138.681
5554,5582,root,0,NA,NA,5582,138.678
5555,5595,root,0,NA,NA,5595,138.678
5556,5603,root,0,NA,NA,5603,138.678
5557,4436,root,0,NA,NA,4436,138.675
5558,12222,root,0,NA,NA,12222,138.665
5559,8770,root,0,NA,NA,8770,138.648
5560,2074,root,0,NA,NA,2074,138.637
5561,1691,root,0,NA,NA,1691,138.631
5562,2327,root,0,NA,NA,2327,138.624
5563,8533,root,0,NA,NA,8533,138.621
5564,4877,root,0,NA,NA,4877,138.612
5565,8839,root,0,NA,NA,8839,138.61
5566,9972,root,0,NA,NA,9972,138.604
5567,3401,root,0,NA,NA,3401,138.603
5568,3166,root,0,NA,NA,3166,138.603
5569,12682,root,0,NA,NA,12682,138.601
5570,783,root,0,NA,NA,783,138.599
5571,5507,root,0,NA,NA,5507,138.582
5572,16418,root,0,NA,NA,16418,138.571
5573,682,root,0,NA,NA,682,138.567
5574,5949,root,0,NA,NA,5949,138.56
5575,17554,root,0,NA,NA,17554,138.557
5576,14923,root,0,NA,NA,14923,138.547
5577,7078,root,0,NA,NA,7078,138.546
5578,14607,root,0,NA,NA,14607,138.536
5579,12886,root,0,NA,NA,12886,138.533
5580,9608,root,0,NA,NA,9608,138.525
5581,13158,root,0,NA,NA,13158,138.523
5582,14894,root,0,NA,NA,14894,138.52
5583,12849,root,0,NA,NA,12849,138.506
5584,3247,root,0,NA,NA,3247,138.481
5585,3462,root,0,NA,NA,3462,138.468
5586,12154,root,0,NA,NA,12154,138.464
5587,5491,root,0,NA,NA,5491,138.463
5588,5528,root,0,NA,NA,5528,138.453
5589,14088,root,0,NA,NA,14088,138.452
5590,4642,root,0,NA,NA,4642,138.443
5591,1904,root,0,NA,NA,1904,138.392
5592,16040,root,0,NA,NA,16040,138.383
5593,2601,root,0,NA,NA,2601,138.382
5594,6628,root,0,NA,NA,6628,138.379
5595,2805,root,0,NA,NA,2805,138.378
5596,12760,root,0,NA,NA,12760,138.369
5597,4322,root,0,NA,NA,4322,138.358
5598,693,root,0,NA,NA,693,138.351
5599,4817,root,0,NA,NA,4817,138.35
5600,4851,root,0,NA,NA,4851,138.332
5601,13693,root,0,NA,NA,13693,138.332
5602,10085,root,0,NA,NA,10085,138.331
5603,11489,root,0,NA,NA,11489,138.324
5604,2188,root,0,NA,NA,2188,138.317
5605,3158,root,0,NA,NA,3158,138.316
5606,8105,root,0,NA,NA,8105,138.312
5607,14104,root,0,NA,NA,14104,138.3
5608,4157,root,0,NA,NA,4157,138.296
5609,5321,root,0,NA,NA,5321,138.294
5610,8227,root,0,NA,NA,8227,138.289
5611,4420,root,0,NA,NA,4420,138.286
5612,7528,root,0,NA,NA,7528,138.279
5613,9431,root,0,NA,NA,9431,138.278
5614,15284,root,0,NA,NA,15284,138.251
5615,13549,root,0,NA,NA,13549,138.249
5616,1385,root,0,NA,NA,1385,138.249
5617,5138,root,0,NA,NA,5138,138.24
5618,1910,root,0,NA,NA,1910,138.233
5619,450,root,0,NA,NA,450,138.222
5620,4528,root,0,NA,NA,4528,138.221
5621,1437,root,0,NA,NA,1437,138.216
5622,11341,root,0,NA,NA,11341,138.196
5623,4765,root,0,NA,NA,4765,138.166
5624,2291,root,0,NA,NA,2291,138.157
5625,19372,root,0,NA,NA,19372,138.153
5626,5494,root,0,NA,NA,5494,138.152
5627,1809,root,0,NA,NA,1809,138.149
5628,2750,root,0,NA,NA,2750,138.138
5629,4758,root,0,NA,NA,4758,138.134
5630,8237,root,0,NA,NA,8237,138.123
5631,6346,root,0,NA,NA,6346,138.116
5632,249,root,0,NA,NA,249,138.108
5633,12172,root,0,NA,NA,12172,138.104
5634,11079,root,0,NA,NA,11079,138.101
5635,18172,root,0,NA,NA,18172,138.097
5636,9878,root,0,NA,NA,9878,138.089
5637,7462,root,0,NA,NA,7462,138.083
5638,10024,root,0,NA,NA,10024,138.079
5639,3221,root,0,NA,NA,3221,138.074
5640,7809,root,0,NA,NA,7809,138.07
5641,1515,root,0,NA,NA,1515,138.047
5642,16379,root,0,NA,NA,16379,138.044
5643,13821,root,0,NA,NA,13821,138.043
5644,3943,root,0,NA,NA,3943,138.041
5645,3299,root,0,NA,NA,3299,138.038
5646,382,root,0,NA,NA,382,138.034
5647,5232,root,0,NA,NA,5232,138.029
5648,633,root,0,NA,NA,633,138.022
5649,8011,root,0,NA,NA,8011,138.01
5650,2037,root,0,NA,NA,2037,138.007
5651,6359,root,0,NA,NA,6359,138.007
5652,366,root,0,NA,NA,366,138.005
5653,835,root,0,NA,NA,835,138.002
5654,6368,root,0,NA,NA,6368,137.974
5655,15924,root,0,NA,NA,15924,137.968
5656,13347,root,0,NA,NA,13347,137.963
5657,18505,root,0,NA,NA,18505,137.959
5658,3292,root,0,NA,NA,3292,137.959
5659,12053,root,0,NA,NA,12053,137.957
5660,7250,root,0,NA,NA,7250,137.952
5661,18924,root,0,NA,NA,18924,137.95
5662,15294,root,0,NA,NA,15294,137.943
5663,4779,root,0,NA,NA,4779,137.941
5664,2140,root,0,NA,NA,2140,137.939
5665,4609,root,0,NA,NA,4609,137.93
5666,14009,root,0,NA,NA,14009,137.926
5667,14820,root,0,NA,NA,14820,137.925
5668,18840,root,0,NA,NA,18840,137.908
5669,7892,root,0,NA,NA,7892,137.902
5670,16492,root,0,NA,NA,16492,137.897
5671,8354,root,0,NA,NA,8354,137.888
5672,10632,root,0,NA,NA,10632,137.886
5673,5251,root,0,NA,NA,5251,137.873
5674,5353,root,0,NA,NA,5353,137.866
5675,11765,root,0,NA,NA,11765,137.832
5676,12977,root,0,NA,NA,12977,137.802
5677,6012,root,0,NA,NA,6012,137.789
5678,5092,root,0,NA,NA,5092,137.778
5679,5387,root,0,NA,NA,5387,137.761
5680,4422,root,0,NA,NA,4422,137.759
5681,13175,root,0,NA,NA,13175,137.748
5682,5459,root,0,NA,NA,5459,137.746
5683,12845,root,0,NA,NA,12845,137.746
5684,5702,root,0,NA,NA,5702,137.738
5685,11407,root,0,NA,NA,11407,137.731
5686,4809,root,0,NA,NA,4809,137.728
5687,18735,root,0,NA,NA,18735,137.724
5688,1223,root,0,NA,NA,1223,137.723
5689,8165,root,0,NA,NA,8165,137.717
5690,16018,root,0,NA,NA,16018,137.702
5691,2716,root,0,NA,NA,2716,137.693
5692,6002,root,0,NA,NA,6002,137.679
5693,12200,root,0,NA,NA,12200,137.671
5694,8229,root,0,NA,NA,8229,137.665
5695,11604,root,0,NA,NA,11604,137.661
5696,14659,root,0,NA,NA,14659,137.659
5697,16425,root,0,NA,NA,16425,137.645
5698,1373,root,0,NA,NA,1373,137.642
5699,14690,root,0,NA,NA,14690,137.64
5700,5941,root,0,NA,NA,5941,137.631
5701,5101,root,0,NA,NA,5101,137.627
5702,19772,root,0,NA,NA,19772,137.6
5703,14326,root,0,NA,NA,14326,137.594
5704,12454,root,0,NA,NA,12454,137.59
5705,4245,root,0,NA,NA,4245,137.578
5706,9425,root,0,NA,NA,9425,137.575
5707,12980,root,0,NA,NA,12980,137.562
5708,12311,root,0,NA,NA,12311,137.534
5709,11261,root,0,NA,NA,11261,137.529
5710,19422,root,0,NA,NA,19422,137.521
5711,19614,root,0,NA,NA,19614,137.517
5712,10576,root,0,NA,NA,10576,137.517
5713,6005,root,0,NA,NA,6005,137.514
5714,4343,root,0,NA,NA,4343,137.51
5715,5234,root,0,NA,NA,5234,137.503
5716,5000,root,0,NA,NA,5000,137.498
5717,13452,root,0,NA,NA,13452,137.479
5718,2706,root,0,NA,NA,2706,137.478
5719,2740,root,0,NA,NA,2740,137.478
5720,5576,root,0,NA,NA,5576,137.474
5721,12030,root,0,NA,NA,12030,137.469
5722,7904,root,0,NA,NA,7904,137.468
5723,8106,root,0,NA,NA,8106,137.448
5724,4512,root,0,NA,NA,4512,137.445
5725,3187,root,0,NA,NA,3187,137.437
5726,8263,root,0,NA,NA,8263,137.419
5727,8496,root,0,NA,NA,8496,137.418
5728,7914,root,0,NA,NA,7914,137.416
5729,2077,root,0,NA,NA,2077,137.411
5730,12786,root,0,NA,NA,12786,137.411
5731,5368,root,0,NA,NA,5368,137.41
5732,17648,root,0,NA,NA,17648,137.408
5733,12624,root,0,NA,NA,12624,137.4
5734,12315,root,0,NA,NA,12315,137.391
5735,4885,root,0,NA,NA,4885,137.385
5736,1600,root,0,NA,NA,1600,137.384
5737,13046,root,0,NA,NA,13046,137.379
5738,19406,root,0,NA,NA,19406,137.369
5739,1008,root,0,NA,NA,1008,137.366
5740,10163,root,0,NA,NA,10163,137.365
5741,10409,root,0,NA,NA,10409,137.338
5742,12764,root,0,NA,NA,12764,137.336
5743,2719,root,0,NA,NA,2719,137.329
5744,7996,root,0,NA,NA,7996,137.318
5745,10470,root,0,NA,NA,10470,137.296
5746,2538,root,0,NA,NA,2538,137.289
5747,4864,root,0,NA,NA,4864,137.276
5748,1912,root,0,NA,NA,1912,137.27
5749,8224,root,0,NA,NA,8224,137.268
5750,6431,root,0,NA,NA,6431,137.262
5751,2689,root,0,NA,NA,2689,137.258
5752,16638,root,0,NA,NA,16638,137.253
5753,9609,root,0,NA,NA,9609,137.251
5754,5851,root,0,NA,NA,5851,137.243
5755,11646,root,0,NA,NA,11646,137.235
5756,5067,root,0,NA,NA,5067,137.234
5757,10167,root,0,NA,NA,10167,137.222
5758,14449,root,0,NA,NA,14449,137.213
5759,2428,root,0,NA,NA,2428,137.185
5760,1330,root,0,NA,NA,1330,137.18
5761,12715,root,0,NA,NA,12715,137.18
5762,19421,root,0,NA,NA,19421,137.153
5763,15776,root,0,NA,NA,15776,137.145
5764,1451,root,0,NA,NA,1451,137.143
5765,13126,root,0,NA,NA,13126,137.142
5766,9774,root,0,NA,NA,9774,137.13
5767,3353,root,0,NA,NA,3353,137.124
5768,9964,root,0,NA,NA,9964,137.117
5769,7638,root,0,NA,NA,7638,137.112
5770,14130,root,0,NA,NA,14130,137.111
5771,6085,root,0,NA,NA,6085,137.109
5772,4515,root,0,NA,NA,4515,137.099
5773,1772,root,0,NA,NA,1772,137.089
5774,10861,root,0,NA,NA,10861,137.073
5775,14093,root,0,NA,NA,14093,137.068
5776,17924,root,0,NA,NA,17924,137.064
5777,13930,root,0,NA,NA,13930,137.059
5778,2728,root,0,NA,NA,2728,137.057
5779,6833,root,0,NA,NA,6833,137.05
5780,7710,root,0,NA,NA,7710,137.035
5781,10423,root,0,NA,NA,10423,137.032
5782,107,root,0,NA,NA,107,137.031
5783,9020,root,0,NA,NA,9020,137.027
5784,4859,root,0,NA,NA,4859,137.025
5785,4944,root,0,NA,NA,4944,137.013
5786,18084,root,0,NA,NA,18084,137.007
5787,18291,root,0,NA,NA,18291,137.006
5788,14412,root,0,NA,NA,14412,137.004
5789,12685,root,0,NA,NA,12685,136.996
5790,9064,root,0,NA,NA,9064,136.993
5791,13546,root,0,NA,NA,13546,136.992
5792,1999,root,0,NA,NA,1999,136.989
5793,4603,root,0,NA,NA,4603,136.982
5794,13636,root,0,NA,NA,13636,136.967
5795,2314,root,0,NA,NA,2314,136.966
5796,11506,root,0,NA,NA,11506,136.965
5797,17658,root,0,NA,NA,17658,136.952
5798,13253,root,0,NA,NA,13253,136.943
5799,15971,root,0,NA,NA,15971,136.942
5800,2910,root,0,NA,NA,2910,136.938
5801,18879,root,0,NA,NA,18879,136.931
5802,7970,root,0,NA,NA,7970,136.93
5803,10381,root,0,NA,NA,10381,136.93
5804,13915,root,0,NA,NA,13915,136.896
5805,12049,root,0,NA,NA,12049,136.881
5806,13931,root,0,NA,NA,13931,136.876
5807,7833,root,0,NA,NA,7833,136.855
5808,7841,root,0,NA,NA,7841,136.855
5809,14313,root,0,NA,NA,14313,136.846
5810,4856,root,0,NA,NA,4856,136.84
5811,9629,root,0,NA,NA,9629,136.834
5812,4822,root,0,NA,NA,4822,136.828
5813,3635,root,0,NA,NA,3635,136.824
5814,15309,root,0,NA,NA,15309,136.81
5815,5443,root,0,NA,NA,5443,136.808
5816,4226,root,0,NA,NA,4226,136.801
5817,13396,root,0,NA,NA,13396,136.801
5818,14182,root,0,NA,NA,14182,136.79
5819,7609,root,0,NA,NA,7609,136.773
5820,1010,root,0,NA,NA,1010,136.771
5821,11200,root,0,NA,NA,11200,136.757
5822,6402,root,0,NA,NA,6402,136.742
5823,5185,root,0,NA,NA,5185,136.735
5824,4801,root,0,NA,NA,4801,136.725
5825,13252,root,0,NA,NA,13252,136.719
5826,7393,root,0,NA,NA,7393,136.711
5827,12916,root,0,NA,NA,12916,136.689
5828,18296,root,0,NA,NA,18296,136.686
5829,5014,root,0,NA,NA,5014,136.681
5830,1551,root,0,NA,NA,1551,136.678
5831,4710,root,0,NA,NA,4710,136.669
5832,4800,root,0,NA,NA,4800,136.662
5833,3526,root,0,NA,NA,3526,136.659
5834,10660,root,0,NA,NA,10660,136.654
5835,14395,root,0,NA,NA,14395,136.64
5836,18135,root,0,NA,NA,18135,136.638
5837,13221,root,0,NA,NA,13221,136.634
5838,1461,root,0,NA,NA,1461,136.633
5839,17591,root,0,NA,NA,17591,136.632
5840,18177,root,0,NA,NA,18177,136.621
5841,12080,root,0,NA,NA,12080,136.601
5842,7458,root,0,NA,NA,7458,136.599
5843,6740,root,0,NA,NA,6740,136.596
5844,17551,root,0,NA,NA,17551,136.591
5845,3979,root,0,NA,NA,3979,136.591
5846,11337,root,0,NA,NA,11337,136.587
5847,400,root,0,NA,NA,400,136.585
5848,6252,root,0,NA,NA,6252,136.585
5849,13172,root,0,NA,NA,13172,136.583
5850,8964,root,0,NA,NA,8964,136.57
5851,791,root,0,NA,NA,791,136.565
5852,7669,root,0,NA,NA,7669,136.564
5853,6187,root,0,NA,NA,6187,136.563
5854,5807,root,0,NA,NA,5807,136.561
5855,14340,root,0,NA,NA,14340,136.56
5856,10197,root,0,NA,NA,10197,136.558
5857,10,root,0,NA,NA,10,136.556
5858,4087,root,0,NA,NA,4087,136.553
5859,1348,root,0,NA,NA,1348,136.551
5860,11442,root,0,NA,NA,11442,136.547
5861,4228,root,0,NA,NA,4228,136.535
5862,4835,root,0,NA,NA,4835,136.517
5863,1269,root,0,NA,NA,1269,136.511
5864,3485,root,0,NA,NA,3485,136.504
5865,360,root,0,NA,NA,360,136.499
5866,15360,root,0,NA,NA,15360,136.492
5867,13486,root,0,NA,NA,13486,136.486
5868,6989,root,0,NA,NA,6989,136.486
5869,5340,root,0,NA,NA,5340,136.484
5870,484,root,0,NA,NA,484,136.47
5871,12774,root,0,NA,NA,12774,136.444
5872,6882,root,0,NA,NA,6882,136.429
5873,4843,root,0,NA,NA,4843,136.417
5874,16328,root,0,NA,NA,16328,136.415
5875,11901,root,0,NA,NA,11901,136.41
5876,8388,root,0,NA,NA,8388,136.41
5877,17066,root,0,NA,NA,17066,136.409
5878,6844,root,0,NA,NA,6844,136.408
5879,3697,root,0,NA,NA,3697,136.397
5880,5394,root,0,NA,NA,5394,136.393
5881,824,root,0,NA,NA,824,136.381
5882,8212,root,0,NA,NA,8212,136.378
5883,8045,root,0,NA,NA,8045,136.373
5884,12413,root,0,NA,NA,12413,136.37
5885,5141,root,0,NA,NA,5141,136.368
5886,1165,root,0,NA,NA,1165,136.364
5887,18776,root,0,NA,NA,18776,136.359
5888,1482,root,0,NA,NA,1482,136.356
5889,7739,root,0,NA,NA,7739,136.355
5890,11812,root,0,NA,NA,11812,136.347
5891,3791,root,0,NA,NA,3791,136.341
5892,16370,root,0,NA,NA,16370,136.337
5893,1925,root,0,NA,NA,1925,136.317
5894,13894,root,0,NA,NA,13894,136.312
5895,2653,root,0,NA,NA,2653,136.31
5896,2685,root,0,NA,NA,2685,136.293
5897,15455,root,0,NA,NA,15455,136.289
5898,11462,root,0,NA,NA,11462,136.285
5899,905,root,0,NA,NA,905,136.278
5900,4837,root,0,NA,NA,4837,136.268
5901,3255,root,0,NA,NA,3255,136.262
5902,6186,root,0,NA,NA,6186,136.252
5903,2737,root,0,NA,NA,2737,136.251
5904,14423,root,0,NA,NA,14423,136.243
5905,14106,root,0,NA,NA,14106,136.229
5906,4448,root,0,NA,NA,4448,136.225
5907,6249,root,0,NA,NA,6249,136.22
5908,6257,root,0,NA,NA,6257,136.22
5909,10787,root,0,NA,NA,10787,136.219
5910,11829,root,0,NA,NA,11829,136.218
5911,7328,root,0,NA,NA,7328,136.209
5912,13412,root,0,NA,NA,13412,136.202
5913,1500,root,0,NA,NA,1500,136.199
5914,11752,root,0,NA,NA,11752,136.196
5915,937,root,0,NA,NA,937,136.193
5916,8786,root,0,NA,NA,8786,136.191
5917,8049,root,0,NA,NA,8049,136.185
5918,5250,root,0,NA,NA,5250,136.183
5919,14606,root,0,NA,NA,14606,136.174
5920,1303,root,0,NA,NA,1303,136.174
5921,10237,root,0,NA,NA,10237,136.173
5922,331,root,0,NA,NA,331,136.157
5923,8240,root,0,NA,NA,8240,136.139
5924,13832,root,0,NA,NA,13832,136.119
5925,864,root,0,NA,NA,864,136.115
5926,7089,root,0,NA,NA,7089,136.103
5927,8617,root,0,NA,NA,8617,136.1
5928,5347,root,0,NA,NA,5347,136.09
5929,4916,root,0,NA,NA,4916,136.087
5930,9477,root,0,NA,NA,9477,136.078
5931,8016,root,0,NA,NA,8016,136.059
5932,5246,root,0,NA,NA,5246,136.054
5933,6143,root,0,NA,NA,6143,136.052
5934,15463,root,0,NA,NA,15463,136.037
5935,16646,root,0,NA,NA,16646,136.029
5936,6014,root,0,NA,NA,6014,136.023
5937,4275,root,0,NA,NA,4275,136.009
5938,1043,root,0,NA,NA,1043,136.002
5939,598,root,0,NA,NA,598,135.987
5940,4924,root,0,NA,NA,4924,135.987
5941,12218,root,0,NA,NA,12218,135.984
5942,1521,root,0,NA,NA,1521,135.971
5943,8253,root,0,NA,NA,8253,135.967
5944,19453,root,0,NA,NA,19453,135.963
5945,10281,root,0,NA,NA,10281,135.959
5946,6250,root,0,NA,NA,6250,135.956
5947,6589,root,0,NA,NA,6589,135.952
5948,3380,root,0,NA,NA,3380,135.952
5949,8114,root,0,NA,NA,8114,135.951
5950,17187,root,0,NA,NA,17187,135.938
5951,16721,root,0,NA,NA,16721,135.914
5952,8703,root,0,NA,NA,8703,135.911
5953,4848,root,0,NA,NA,4848,135.91
5954,19382,root,0,NA,NA,19382,135.905
5955,1487,root,0,NA,NA,1487,135.897
5956,9506,root,0,NA,NA,9506,135.893
5957,6747,root,0,NA,NA,6747,135.881
5958,14301,root,0,NA,NA,14301,135.868
5959,2543,root,0,NA,NA,2543,135.861
5960,18041,root,0,NA,NA,18041,135.855
5961,11087,root,0,NA,NA,11087,135.851
5962,1288,root,0,NA,NA,1288,135.846
5963,6967,root,0,NA,NA,6967,135.837
5964,15307,root,0,NA,NA,15307,135.835
5965,2612,root,0,NA,NA,2612,135.833
5966,13394,root,0,NA,NA,13394,135.829
5967,6931,root,0,NA,NA,6931,135.822
5968,6615,root,0,NA,NA,6615,135.822
5969,8597,root,0,NA,NA,8597,135.815
5970,4113,root,0,NA,NA,4113,135.811
5971,3281,root,0,NA,NA,3281,135.808
5972,12478,root,0,NA,NA,12478,135.802
5973,2732,root,0,NA,NA,2732,135.8
5974,2917,root,0,NA,NA,2917,135.793
5975,1746,root,0,NA,NA,1746,135.791
5976,17001,root,0,NA,NA,17001,135.787
5977,313,root,0,NA,NA,313,135.776
5978,11896,root,0,NA,NA,11896,135.773
5979,16138,root,0,NA,NA,16138,135.773
5980,12638,root,0,NA,NA,12638,135.76
5981,7046,root,0,NA,NA,7046,135.759
5982,19465,root,0,NA,NA,19465,135.748
5983,6354,root,0,NA,NA,6354,135.748
5984,9349,root,0,NA,NA,9349,135.744
5985,5401,root,0,NA,NA,5401,135.722
5986,3183,root,0,NA,NA,3183,135.718
5987,9883,root,0,NA,NA,9883,135.718
5988,11649,root,0,NA,NA,11649,135.716
5989,19423,root,0,NA,NA,19423,135.714
5990,17383,root,0,NA,NA,17383,135.712
5991,4910,root,0,NA,NA,4910,135.704
5992,4647,root,0,NA,NA,4647,135.679
5993,1583,root,0,NA,NA,1583,135.676
5994,16357,root,0,NA,NA,16357,135.657
5995,5664,root,0,NA,NA,5664,135.637
5996,17549,root,0,NA,NA,17549,135.637
5997,7906,root,0,NA,NA,7906,135.626
5998,12604,root,0,NA,NA,12604,135.621
5999,7125,root,0,NA,NA,7125,135.618
6000,7368,root,0,NA,NA,7368,135.608
6001,15132,root,0,NA,NA,15132,135.607
6002,12158,root,0,NA,NA,12158,135.597
6003,1813,root,0,NA,NA,1813,135.593
6004,2989,root,0,NA,NA,2989,135.593
6005,2632,root,0,NA,NA,2632,135.585
6006,13127,root,0,NA,NA,13127,135.582
6007,3176,root,0,NA,NA,3176,135.567
6008,5208,root,0,NA,NA,5208,135.555
6009,9208,root,0,NA,NA,9208,135.552
6010,12054,root,0,NA,NA,12054,135.546
6011,6953,root,0,NA,NA,6953,135.544
6012,10545,root,0,NA,NA,10545,135.542
6013,15289,root,0,NA,NA,15289,135.531
6014,8442,root,0,NA,NA,8442,135.524
6015,4525,root,0,NA,NA,4525,135.498
6016,2993,root,0,NA,NA,2993,135.494
6017,12136,root,0,NA,NA,12136,135.49
6018,7758,root,0,NA,NA,7758,135.489
6019,8981,root,0,NA,NA,8981,135.486
6020,5687,root,0,NA,NA,5687,135.483
6021,18233,root,0,NA,NA,18233,135.482
6022,1132,root,0,NA,NA,1132,135.476
6023,12039,root,0,NA,NA,12039,135.472
6024,1513,root,0,NA,NA,1513,135.469
6025,12621,root,0,NA,NA,12621,135.469
6026,2893,root,0,NA,NA,2893,135.448
6027,3815,root,0,NA,NA,3815,135.448
6028,9133,root,0,NA,NA,9133,135.437
6029,4262,root,0,NA,NA,4262,135.424
6030,5071,root,0,NA,NA,5071,135.422
6031,11538,root,0,NA,NA,11538,135.421
6032,4668,root,0,NA,NA,4668,135.398
6033,8728,root,0,NA,NA,8728,135.395
6034,5373,root,0,NA,NA,5373,135.381
6035,7255,root,0,NA,NA,7255,135.377
6036,12554,root,0,NA,NA,12554,135.369
6037,6560,root,0,NA,NA,6560,135.369
6038,1440,root,0,NA,NA,1440,135.348
6039,11245,root,0,NA,NA,11245,135.344
6040,3517,root,0,NA,NA,3517,135.333
6041,7580,root,0,NA,NA,7580,135.32
6042,7118,root,0,NA,NA,7118,135.307
6043,4655,root,0,NA,NA,4655,135.306
6044,2463,root,0,NA,NA,2463,135.299
6045,1317,root,0,NA,NA,1317,135.294
6046,1325,root,0,NA,NA,1325,135.294
6047,1338,root,0,NA,NA,1338,135.294
6048,1346,root,0,NA,NA,1346,135.294
6049,4433,root,0,NA,NA,4433,135.286
6050,4442,root,0,NA,NA,4442,135.281
6051,6409,root,0,NA,NA,6409,135.277
6052,72,root,0,NA,NA,72,135.273
6053,4660,root,0,NA,NA,4660,135.266
6054,4673,root,0,NA,NA,4673,135.266
6055,5894,root,0,NA,NA,5894,135.261
6056,4676,root,0,NA,NA,4676,135.257
6057,5361,root,0,NA,NA,5361,135.249
6058,19843,root,0,NA,NA,19843,135.244
6059,9022,root,0,NA,NA,9022,135.242
6060,1017,root,0,NA,NA,1017,135.24
6061,330,root,0,NA,NA,330,135.236
6062,16306,root,0,NA,NA,16306,135.233
6063,3242,root,0,NA,NA,3242,135.222
6064,138,root,0,NA,NA,138,135.207
6065,1891,root,0,NA,NA,1891,135.202
6066,8299,root,0,NA,NA,8299,135.201
6067,5449,root,0,NA,NA,5449,135.195
6068,19455,root,0,NA,NA,19455,135.184
6069,6863,root,0,NA,NA,6863,135.178
6070,13918,root,0,NA,NA,13918,135.16
6071,1351,root,0,NA,NA,1351,135.157
6072,19912,root,0,NA,NA,19912,135.145
6073,5270,root,0,NA,NA,5270,135.133
6074,1453,root,0,NA,NA,1453,135.127
6075,4144,root,0,NA,NA,4144,135.123
6076,13746,root,0,NA,NA,13746,135.12
6077,14012,root,0,NA,NA,14012,135.113
6078,8939,root,0,NA,NA,8939,135.108
6079,10506,root,0,NA,NA,10506,135.106
6080,1474,root,0,NA,NA,1474,135.099
6081,3174,root,0,NA,NA,3174,135.087
6082,1095,root,0,NA,NA,1095,135.081
6083,5372,root,0,NA,NA,5372,135.081
6084,5380,root,0,NA,NA,5380,135.081
6085,5388,root,0,NA,NA,5388,135.081
6086,5393,root,0,NA,NA,5393,135.081
6087,2203,root,0,NA,NA,2203,135.08
6088,1721,root,0,NA,NA,1721,135.075
6089,6208,root,0,NA,NA,6208,135.071
6090,7429,root,0,NA,NA,7429,135.07
6091,8520,root,0,NA,NA,8520,135.062
6092,6405,root,0,NA,NA,6405,135.046
6093,8015,root,0,NA,NA,8015,135.046
6094,6466,root,0,NA,NA,6466,135.042
6095,5399,root,0,NA,NA,5399,135.042
6096,2468,root,0,NA,NA,2468,135.039
6097,4037,root,0,NA,NA,4037,135.037
6098,6808,root,0,NA,NA,6808,135.036
6099,4469,root,0,NA,NA,4469,135.027
6100,7009,root,0,NA,NA,7009,135.027
6101,4594,root,0,NA,NA,4594,135.026
6102,12745,root,0,NA,NA,12745,135.012
6103,6567,root,0,NA,NA,6567,135.01
6104,7889,root,0,NA,NA,7889,135.002
6105,5288,root,0,NA,NA,5288,135.001
6106,11964,root,0,NA,NA,11964,134.988
6107,3276,root,0,NA,NA,3276,134.986
6108,7271,root,0,NA,NA,7271,134.975
6109,939,root,0,NA,NA,939,134.966
6110,3601,root,0,NA,NA,3601,134.948
6111,8033,root,0,NA,NA,8033,134.941
6112,3121,root,0,NA,NA,3121,134.932
6113,657,root,0,NA,NA,657,134.932
6114,9920,root,0,NA,NA,9920,134.924
6115,2764,root,0,NA,NA,2764,134.912
6116,6634,root,0,NA,NA,6634,134.905
6117,4249,root,0,NA,NA,4249,134.894
6118,213,root,0,NA,NA,213,134.89
6119,9294,root,0,NA,NA,9294,134.888
6120,18571,root,0,NA,NA,18571,134.883
6121,5066,root,0,NA,NA,5066,134.881
6122,13724,root,0,NA,NA,13724,134.871
6123,7012,root,0,NA,NA,7012,134.849
6124,5011,root,0,NA,NA,5011,134.844
6125,19770,root,0,NA,NA,19770,134.832
6126,678,root,0,NA,NA,678,134.819
6127,8270,root,0,NA,NA,8270,134.816
6128,4770,root,0,NA,NA,4770,134.816
6129,6414,root,0,NA,NA,6414,134.816
6130,785,root,0,NA,NA,785,134.811
6131,9106,root,0,NA,NA,9106,134.808
6132,1108,root,0,NA,NA,1108,134.803
6133,11672,root,0,NA,NA,11672,134.802
6134,17028,root,0,NA,NA,17028,134.792
6135,7144,root,0,NA,NA,7144,134.787
6136,12527,root,0,NA,NA,12527,134.786
6137,9475,root,0,NA,NA,9475,134.783
6138,3125,root,0,NA,NA,3125,134.758
6139,7732,root,0,NA,NA,7732,134.754
6140,6046,root,0,NA,NA,6046,134.753
6141,964,root,0,NA,NA,964,134.742
6142,7821,root,0,NA,NA,7821,134.741
6143,10495,root,0,NA,NA,10495,134.735
6144,4652,root,0,NA,NA,4652,134.717
6145,4723,root,0,NA,NA,4723,134.701
6146,569,root,0,NA,NA,569,134.698
6147,5585,root,0,NA,NA,5585,134.664
6148,5837,root,0,NA,NA,5837,134.661
6149,17781,root,0,NA,NA,17781,134.654
6150,11488,root,0,NA,NA,11488,134.65
6151,5402,root,0,NA,NA,5402,134.635
6152,1125,root,0,NA,NA,1125,134.628
6153,18796,root,0,NA,NA,18796,134.624
6154,3414,root,0,NA,NA,3414,134.613
6155,16681,root,0,NA,NA,16681,134.604
6156,2799,root,0,NA,NA,2799,134.598
6157,13467,root,0,NA,NA,13467,134.594
6158,4867,root,0,NA,NA,4867,134.591
6159,4875,root,0,NA,NA,4875,134.591
6160,4888,root,0,NA,NA,4888,134.591
6161,12219,root,0,NA,NA,12219,134.589
6162,6813,root,0,NA,NA,6813,134.585
6163,7322,root,0,NA,NA,7322,134.585
6164,18203,root,0,NA,NA,18203,134.576
6165,8482,root,0,NA,NA,8482,134.576
6166,9388,root,0,NA,NA,9388,134.555
6167,18825,root,0,NA,NA,18825,134.546
6168,9375,root,0,NA,NA,9375,134.542
6169,482,root,0,NA,NA,482,134.523
6170,4941,root,0,NA,NA,4941,134.523
6171,2395,root,0,NA,NA,2395,134.52
6172,8891,root,0,NA,NA,8891,134.518
6173,2308,root,0,NA,NA,2308,134.51
6174,10655,root,0,NA,NA,10655,134.495
6175,6203,root,0,NA,NA,6203,134.492
6176,3153,root,0,NA,NA,3153,134.49
6177,538,root,0,NA,NA,538,134.475
6178,8292,root,0,NA,NA,8292,134.465
6179,804,root,0,NA,NA,804,134.459
6180,5954,root,0,NA,NA,5954,134.458
6181,9875,root,0,NA,NA,9875,134.458
6182,12834,root,0,NA,NA,12834,134.439
6183,4530,root,0,NA,NA,4530,134.419
6184,1073,root,0,NA,NA,1073,134.405
6185,5726,root,0,NA,NA,5726,134.404
6186,7190,root,0,NA,NA,7190,134.403
6187,12171,root,0,NA,NA,12171,134.387
6188,9833,root,0,NA,NA,9833,134.385
6189,3212,root,0,NA,NA,3212,134.382
6190,6527,root,0,NA,NA,6527,134.361
6191,11910,root,0,NA,NA,11910,134.359
6192,9202,root,0,NA,NA,9202,134.359
6193,1366,root,0,NA,NA,1366,134.352
6194,16323,root,0,NA,NA,16323,134.346
6195,10499,root,0,NA,NA,10499,134.343
6196,17213,root,0,NA,NA,17213,134.329
6197,6370,root,0,NA,NA,6370,134.317
6198,5898,root,0,NA,NA,5898,134.314
6199,13153,root,0,NA,NA,13153,134.307
6200,13137,root,0,NA,NA,13137,134.306
6201,18378,root,0,NA,NA,18378,134.304
6202,3956,root,0,NA,NA,3956,134.299
6203,5200,root,0,NA,NA,5200,134.295
6204,13928,root,0,NA,NA,13928,134.294
6205,7515,root,0,NA,NA,7515,134.291
6206,4126,root,0,NA,NA,4126,134.28
6207,4207,root,0,NA,NA,4207,134.27
6208,10624,root,0,NA,NA,10624,134.265
6209,3987,root,0,NA,NA,3987,134.258
6210,1455,root,0,NA,NA,1455,134.248
6211,2703,root,0,NA,NA,2703,134.247
6212,1445,root,0,NA,NA,1445,134.246
6213,1479,root,0,NA,NA,1479,134.246
6214,1466,root,0,NA,NA,1466,134.24
6215,7181,root,0,NA,NA,7181,134.216
6216,17072,root,0,NA,NA,17072,134.205
6217,4471,root,0,NA,NA,4471,134.2
6218,7621,root,0,NA,NA,7621,134.187
6219,6488,root,0,NA,NA,6488,134.187
6220,4134,root,0,NA,NA,4134,134.187
6221,10375,root,0,NA,NA,10375,134.18
6222,6885,root,0,NA,NA,6885,134.173
6223,13332,root,0,NA,NA,13332,134.164
6224,1257,root,0,NA,NA,1257,134.154
6225,1458,root,0,NA,NA,1458,134.122
6226,3357,root,0,NA,NA,3357,134.107
6227,4626,root,0,NA,NA,4626,134.106
6228,19617,root,0,NA,NA,19617,134.104
6229,13056,root,0,NA,NA,13056,134.102
6230,379,root,0,NA,NA,379,134.092
6231,9433,root,0,NA,NA,9433,134.087
6232,1922,root,0,NA,NA,1922,134.083
6233,2607,root,0,NA,NA,2607,134.08
6234,5381,root,0,NA,NA,5381,134.078
6235,17229,root,0,NA,NA,17229,134.077
6236,9580,root,0,NA,NA,9580,134.075
6237,14675,root,0,NA,NA,14675,134.07
6238,17838,root,0,NA,NA,17838,134.064
6239,4601,root,0,NA,NA,4601,134.049
6240,3867,root,0,NA,NA,3867,134.044
6241,3384,root,0,NA,NA,3384,134.043
6242,14238,root,0,NA,NA,14238,134.02
6243,9596,root,0,NA,NA,9596,134.003
6244,13502,root,0,NA,NA,13502,133.999
6245,2711,root,0,NA,NA,2711,133.998
6246,3465,root,0,NA,NA,3465,133.99
6247,5889,root,0,NA,NA,5889,133.986
6248,4563,root,0,NA,NA,4563,133.981
6249,12017,root,0,NA,NA,12017,133.981
6250,17243,root,0,NA,NA,17243,133.977
6251,8365,root,0,NA,NA,8365,133.974
6252,14438,root,0,NA,NA,14438,133.966
6253,463,root,0,NA,NA,463,133.966
6254,12955,root,0,NA,NA,12955,133.955
6255,14277,root,0,NA,NA,14277,133.954
6256,4453,root,0,NA,NA,4453,133.944
6257,8009,root,0,NA,NA,8009,133.937
6258,4632,root,0,NA,NA,4632,133.935
6259,123,root,0,NA,NA,123,133.93
6260,4681,root,0,NA,NA,4681,133.926
6261,6503,root,0,NA,NA,6503,133.922
6262,6190,root,0,NA,NA,6190,133.919
6263,8564,root,0,NA,NA,8564,133.918
6264,18301,root,0,NA,NA,18301,133.912
6265,3846,root,0,NA,NA,3846,133.903
6266,16093,root,0,NA,NA,16093,133.891
6267,13345,root,0,NA,NA,13345,133.89
6268,14314,root,0,NA,NA,14314,133.879
6269,1555,root,0,NA,NA,1555,133.873
6270,17513,root,0,NA,NA,17513,133.872
6271,14585,root,0,NA,NA,14585,133.858
6272,5924,root,0,NA,NA,5924,133.857
6273,15641,root,0,NA,NA,15641,133.844
6274,15908,root,0,NA,NA,15908,133.825
6275,10036,root,0,NA,NA,10036,133.807
6276,1450,root,0,NA,NA,1450,133.805
6277,1471,root,0,NA,NA,1471,133.805
6278,1484,root,0,NA,NA,1484,133.805
6279,6388,root,0,NA,NA,6388,133.803
6280,8152,root,0,NA,NA,8152,133.783
6281,17301,root,0,NA,NA,17301,133.778
6282,11362,root,0,NA,NA,11362,133.765
6283,1463,root,0,NA,NA,1463,133.753
6284,3940,root,0,NA,NA,3940,133.749
6285,7629,root,0,NA,NA,7629,133.743
6286,17216,root,0,NA,NA,17216,133.731
6287,10859,root,0,NA,NA,10859,133.728
6288,4466,root,0,NA,NA,4466,133.726
6289,15582,root,0,NA,NA,15582,133.725
6290,13907,root,0,NA,NA,13907,133.724
6291,7872,root,0,NA,NA,7872,133.724
6292,4830,root,0,NA,NA,4830,133.723
6293,76,root,0,NA,NA,76,133.718
6294,7195,root,0,NA,NA,7195,133.716
6295,4504,root,0,NA,NA,4504,133.715
6296,15468,root,0,NA,NA,15468,133.715
6297,15645,root,0,NA,NA,15645,133.714
6298,1769,root,0,NA,NA,1769,133.711
6299,5386,root,0,NA,NA,5386,133.709
6300,10180,root,0,NA,NA,10180,133.702
6301,17452,root,0,NA,NA,17452,133.701
6302,918,root,0,NA,NA,918,133.694
6303,6140,root,0,NA,NA,6140,133.693
6304,17475,root,0,NA,NA,17475,133.677
6305,4110,root,0,NA,NA,4110,133.675
6306,78,root,0,NA,NA,78,133.671
6307,14056,root,0,NA,NA,14056,133.657
6308,10465,root,0,NA,NA,10465,133.649
6309,8101,root,0,NA,NA,8101,133.648
6310,8121,root,0,NA,NA,8121,133.646
6311,235,root,0,NA,NA,235,133.644
6312,9358,root,0,NA,NA,9358,133.642
6313,6783,root,0,NA,NA,6783,133.635
6314,15176,root,0,NA,NA,15176,133.628
6315,9423,root,0,NA,NA,9423,133.618
6316,18188,root,0,NA,NA,18188,133.611
6317,5786,root,0,NA,NA,5786,133.605
6318,4569,root,0,NA,NA,4569,133.595
6319,2954,root,0,NA,NA,2954,133.594
6320,3914,root,0,NA,NA,3914,133.589
6321,2544,root,0,NA,NA,2544,133.588
6322,11696,root,0,NA,NA,11696,133.57
6323,13269,root,0,NA,NA,13269,133.562
6324,8422,root,0,NA,NA,8422,133.559
6325,11118,root,0,NA,NA,11118,133.558
6326,1098,root,0,NA,NA,1098,133.546
6327,2707,root,0,NA,NA,2707,133.53
6328,4502,root,0,NA,NA,4502,133.529
6329,4288,root,0,NA,NA,4288,133.527
6330,10697,root,0,NA,NA,10697,133.508
6331,3051,root,0,NA,NA,3051,133.504
6332,14646,root,0,NA,NA,14646,133.492
6333,9176,root,0,NA,NA,9176,133.481
6334,10049,root,0,NA,NA,10049,133.481
6335,6195,root,0,NA,NA,6195,133.478
6336,3009,root,0,NA,NA,3009,133.468
6337,5657,root,0,NA,NA,5657,133.467
6338,6351,root,0,NA,NA,6351,133.467
6339,17410,root,0,NA,NA,17410,133.449
6340,4445,root,0,NA,NA,4445,133.431
6341,4220,root,0,NA,NA,4220,133.417
6342,5348,root,0,NA,NA,5348,133.416
6343,17370,root,0,NA,NA,17370,133.409
6344,1766,root,0,NA,NA,1766,133.405
6345,10398,root,0,NA,NA,10398,133.395
6346,12881,root,0,NA,NA,12881,133.39
6347,10078,root,0,NA,NA,10078,133.388
6348,5422,root,0,NA,NA,5422,133.376
6349,1830,root,0,NA,NA,1830,133.361
6350,4319,root,0,NA,NA,4319,133.357
6351,9027,root,0,NA,NA,9027,133.339
6352,10065,root,0,NA,NA,10065,133.336
6353,10828,root,0,NA,NA,10828,133.319
6354,8261,root,0,NA,NA,8261,133.311
6355,4412,root,0,NA,NA,4412,133.304
6356,3731,root,0,NA,NA,3731,133.292
6357,15400,root,0,NA,NA,15400,133.283
6358,4456,root,0,NA,NA,4456,133.274
6359,5322,root,0,NA,NA,5322,133.272
6360,8110,root,0,NA,NA,8110,133.272
6361,4960,root,0,NA,NA,4960,133.271
6362,2622,root,0,NA,NA,2622,133.271
6363,8737,root,0,NA,NA,8737,133.269
6364,6344,root,0,NA,NA,6344,133.242
6365,4979,root,0,NA,NA,4979,133.225
6366,19025,root,0,NA,NA,19025,133.214
6367,9188,root,0,NA,NA,9188,133.211
6368,4440,root,0,NA,NA,4440,133.203
6369,1442,root,0,NA,NA,1442,133.201
6370,8925,root,0,NA,NA,8925,133.196
6371,19399,root,0,NA,NA,19399,133.183
6372,2724,root,0,NA,NA,2724,133.178
6373,18833,root,0,NA,NA,18833,133.162
6374,9440,root,0,NA,NA,9440,133.152
6375,5651,root,0,NA,NA,5651,133.149
6376,3428,root,0,NA,NA,3428,133.148
6377,4614,root,0,NA,NA,4614,133.147
6378,17322,root,0,NA,NA,17322,133.141
6379,10042,root,0,NA,NA,10042,133.138
6380,11986,root,0,NA,NA,11986,133.127
6381,16530,root,0,NA,NA,16530,133.126
6382,9880,root,0,NA,NA,9880,133.113
6383,18197,root,0,NA,NA,18197,133.092
6384,6155,root,0,NA,NA,6155,133.092
6385,11983,root,0,NA,NA,11983,133.09
6386,17144,root,0,NA,NA,17144,133.075
6387,17446,root,0,NA,NA,17446,133.066
6388,4846,root,0,NA,NA,4846,133.065
6389,8206,root,0,NA,NA,8206,133.058
6390,6033,root,0,NA,NA,6033,133.055
6391,4665,root,0,NA,NA,4665,133.044
6392,5216,root,0,NA,NA,5216,133.042
6393,5666,root,0,NA,NA,5666,133.039
6394,669,root,0,NA,NA,669,133.006
6395,11197,root,0,NA,NA,11197,133.003
6396,4872,root,0,NA,NA,4872,133
6397,12156,root,0,NA,NA,12156,132.992
6398,19605,root,0,NA,NA,19605,132.984
6399,4461,root,0,NA,NA,4461,132.973
6400,10357,root,0,NA,NA,10357,132.973
6401,4213,root,0,NA,NA,4213,132.971
6402,9673,root,0,NA,NA,9673,132.966
6403,1399,root,0,NA,NA,1399,132.964
6404,425,root,0,NA,NA,425,132.963
6405,8148,root,0,NA,NA,8148,132.961
6406,6265,root,0,NA,NA,6265,132.96
6407,2646,root,0,NA,NA,2646,132.956
6408,10950,root,0,NA,NA,10950,132.956
6409,15304,root,0,NA,NA,15304,132.952
6410,10044,root,0,NA,NA,10044,132.947
6411,8938,root,0,NA,NA,8938,132.946
6412,14175,root,0,NA,NA,14175,132.94
6413,9490,root,0,NA,NA,9490,132.94
6414,5810,root,0,NA,NA,5810,132.914
6415,1468,root,0,NA,NA,1468,132.887
6416,18244,root,0,NA,NA,18244,132.877
6417,4443,root,0,NA,NA,4443,132.876
6418,5815,root,0,NA,NA,5815,132.872
6419,14001,root,0,NA,NA,14001,132.867
6420,5515,root,0,NA,NA,5515,132.863
6421,4451,root,0,NA,NA,4451,132.854
6422,4351,root,0,NA,NA,4351,132.843
6423,5797,root,0,NA,NA,5797,132.841
6424,2044,root,0,NA,NA,2044,132.829
6425,10439,root,0,NA,NA,10439,132.82
6426,5360,root,0,NA,NA,5360,132.811
6427,6182,root,0,NA,NA,6182,132.8
6428,2896,root,0,NA,NA,2896,132.794
6429,5378,root,0,NA,NA,5378,132.794
6430,6804,root,0,NA,NA,6804,132.761
6431,38,root,0,NA,NA,38,132.756
6432,15201,root,0,NA,NA,15201,132.754
6433,4887,root,0,NA,NA,4887,132.753
6434,10583,root,0,NA,NA,10583,132.733
6435,15243,root,0,NA,NA,15243,132.726
6436,3948,root,0,NA,NA,3948,132.721
6437,19496,root,0,NA,NA,19496,132.709
6438,12274,root,0,NA,NA,12274,132.705
6439,5369,root,0,NA,NA,5369,132.697
6440,6996,root,0,NA,NA,6996,132.695
6441,201,root,0,NA,NA,201,132.683
6442,3725,root,0,NA,NA,3725,132.679
6443,6642,root,0,NA,NA,6642,132.679
6444,10114,root,0,NA,NA,10114,132.676
6445,358,root,0,NA,NA,358,132.669
6446,19024,root,0,NA,NA,19024,132.667
6447,954,root,0,NA,NA,954,132.663
6448,5635,root,0,NA,NA,5635,132.653
6449,7748,root,0,NA,NA,7748,132.652
6450,1508,root,0,NA,NA,1508,132.646
6451,4464,root,0,NA,NA,4464,132.636
6452,2120,root,0,NA,NA,2120,132.627
6453,8255,root,0,NA,NA,8255,132.62
6454,9802,root,0,NA,NA,9802,132.616
6455,15100,root,0,NA,NA,15100,132.611
6456,13036,root,0,NA,NA,13036,132.61
6457,3927,root,0,NA,NA,3927,132.605
6458,6448,root,0,NA,NA,6448,132.604
6459,3091,root,0,NA,NA,3091,132.603
6460,12761,root,0,NA,NA,12761,132.599
6461,16633,root,0,NA,NA,16633,132.598
6462,1617,root,0,NA,NA,1617,132.575
6463,4948,root,0,NA,NA,4948,132.573
6464,4181,root,0,NA,NA,4181,132.558
6465,13382,root,0,NA,NA,13382,132.557
6466,13455,root,0,NA,NA,13455,132.55
6467,13533,root,0,NA,NA,13533,132.546
6468,14111,root,0,NA,NA,14111,132.544
6469,4663,root,0,NA,NA,4663,132.539
6470,4151,root,0,NA,NA,4151,132.528
6471,7677,root,0,NA,NA,7677,132.495
6472,1476,root,0,NA,NA,1476,132.494
6473,6976,root,0,NA,NA,6976,132.494
6474,5750,root,0,NA,NA,5750,132.481
6475,13695,root,0,NA,NA,13695,132.47
6476,17059,root,0,NA,NA,17059,132.465
6477,7490,root,0,NA,NA,7490,132.456
6478,4458,root,0,NA,NA,4458,132.453
6479,2611,root,0,NA,NA,2611,132.444
6480,8681,root,0,NA,NA,8681,132.438
6481,4295,root,0,NA,NA,4295,132.438
6482,4131,root,0,NA,NA,4131,132.433
6483,8256,root,0,NA,NA,8256,132.433
6484,10252,root,0,NA,NA,10252,132.427
6485,4393,root,0,NA,NA,4393,132.424
6486,7114,root,0,NA,NA,7114,132.416
6487,16374,root,0,NA,NA,16374,132.416
6488,3783,root,0,NA,NA,3783,132.405
6489,12802,root,0,NA,NA,12802,132.405
6490,19662,root,0,NA,NA,19662,132.404
6491,12763,root,0,NA,NA,12763,132.394
6492,16559,root,0,NA,NA,16559,132.387
6493,5614,root,0,NA,NA,5614,132.383
6494,13496,root,0,NA,NA,13496,132.37
6495,16474,root,0,NA,NA,16474,132.365
6496,7782,root,0,NA,NA,7782,132.363
6497,5438,root,0,NA,NA,5438,132.357
6498,18683,root,0,NA,NA,18683,132.353
6499,11923,root,0,NA,NA,11923,132.349
6500,9867,root,0,NA,NA,9867,132.347
6501,3155,root,0,NA,NA,3155,132.336
6502,6568,root,0,NA,NA,6568,132.336
6503,1710,root,0,NA,NA,1710,132.334
6504,7407,root,0,NA,NA,7407,132.306
6505,1493,root,0,NA,NA,1493,132.274
6506,1527,root,0,NA,NA,1527,132.274
6507,6828,root,0,NA,NA,6828,132.259
6508,9533,root,0,NA,NA,9533,132.253
6509,9872,root,0,NA,NA,9872,132.242
6510,1552,root,0,NA,NA,1552,132.238
6511,9536,root,0,NA,NA,9536,132.236
6512,12768,root,0,NA,NA,12768,132.226
6513,6651,root,0,NA,NA,6651,132.221
6514,2394,root,0,NA,NA,2394,132.216
6515,8491,root,0,NA,NA,8491,132.194
6516,7919,root,0,NA,NA,7919,132.194
6517,3966,root,0,NA,NA,3966,132.191
6518,6960,root,0,NA,NA,6960,132.175
6519,7402,root,0,NA,NA,7402,132.166
6520,19418,root,0,NA,NA,19418,132.165
6521,2567,root,0,NA,NA,2567,132.151
6522,7600,root,0,NA,NA,7600,132.147
6523,8665,root,0,NA,NA,8665,132.14
6524,6170,root,0,NA,NA,6170,132.132
6525,1893,root,0,NA,NA,1893,132.125
6526,1906,root,0,NA,NA,1906,132.125
6527,1927,root,0,NA,NA,1927,132.125
6528,6443,root,0,NA,NA,6443,132.121
6529,4964,root,0,NA,NA,4964,132.105
6530,770,root,0,NA,NA,770,132.1
6531,12707,root,0,NA,NA,12707,132.092
6532,5194,root,0,NA,NA,5194,132.074
6533,4260,root,0,NA,NA,4260,132.058
6534,13397,root,0,NA,NA,13397,132.019
6535,1665,root,0,NA,NA,1665,132.019
6536,9261,root,0,NA,NA,9261,132.014
6537,5967,root,0,NA,NA,5967,132.005
6538,3971,root,0,NA,NA,3971,131.999
6539,10273,root,0,NA,NA,10273,131.989
6540,11124,root,0,NA,NA,11124,131.975
6541,10370,root,0,NA,NA,10370,131.975
6542,10690,root,0,NA,NA,10690,131.97
6543,10345,root,0,NA,NA,10345,131.967
6544,4423,root,0,NA,NA,4423,131.957
6545,3540,root,0,NA,NA,3540,131.955
6546,6846,root,0,NA,NA,6846,131.952
6547,2377,root,0,NA,NA,2377,131.943
6548,1472,root,0,NA,NA,1472,131.941
6549,3098,root,0,NA,NA,3098,131.926
6550,12124,root,0,NA,NA,12124,131.926
6551,5466,root,0,NA,NA,5466,131.922
6552,5356,root,0,NA,NA,5356,131.92
6553,15111,root,0,NA,NA,15111,131.92
6554,5679,root,0,NA,NA,5679,131.913
6555,9371,root,0,NA,NA,9371,131.907
6556,13350,root,0,NA,NA,13350,131.897
6557,19017,root,0,NA,NA,19017,131.895
6558,16845,root,0,NA,NA,16845,131.891
6559,9743,root,0,NA,NA,9743,131.89
6560,4840,root,0,NA,NA,4840,131.89
6561,17844,root,0,NA,NA,17844,131.888
6562,10401,root,0,NA,NA,10401,131.883
6563,14950,root,0,NA,NA,14950,131.874
6564,2064,root,0,NA,NA,2064,131.871
6565,5645,root,0,NA,NA,5645,131.866
6566,4499,root,0,NA,NA,4499,131.837
6567,15369,root,0,NA,NA,15369,131.826
6568,536,root,0,NA,NA,536,131.802
6569,11084,root,0,NA,NA,11084,131.791
6570,11384,root,0,NA,NA,11384,131.781
6571,4463,root,0,NA,NA,4463,131.768
6572,8198,root,0,NA,NA,8198,131.765
6573,12169,root,0,NA,NA,12169,131.754
6574,4987,root,0,NA,NA,4987,131.719
6575,14979,root,0,NA,NA,14979,131.716
6576,16043,root,0,NA,NA,16043,131.716
6577,1271,root,0,NA,NA,1271,131.708
6578,16955,root,0,NA,NA,16955,131.697
6579,4667,root,0,NA,NA,4667,131.688
6580,3917,root,0,NA,NA,3917,131.683
6581,18050,root,0,NA,NA,18050,131.679
6582,3797,root,0,NA,NA,3797,131.667
6583,18898,root,0,NA,NA,18898,131.666
6584,17026,root,0,NA,NA,17026,131.665
6585,5580,root,0,NA,NA,5580,131.661
6586,10491,root,0,NA,NA,10491,131.66
6587,16787,root,0,NA,NA,16787,131.649
6588,5732,root,0,NA,NA,5732,131.64
6589,6660,root,0,NA,NA,6660,131.638
6590,17647,root,0,NA,NA,17647,131.638
6591,5551,root,0,NA,NA,5551,131.634
6592,9769,root,0,NA,NA,9769,131.628
6593,120,root,0,NA,NA,120,131.61
6594,15324,root,0,NA,NA,15324,131.601
6595,7789,root,0,NA,NA,7789,131.592
6596,6320,root,0,NA,NA,6320,131.59
6597,19377,root,0,NA,NA,19377,131.588
6598,17483,root,0,NA,NA,17483,131.587
6599,18871,root,0,NA,NA,18871,131.575
6600,16260,root,0,NA,NA,16260,131.567
6601,17936,root,0,NA,NA,17936,131.542
6602,12299,root,0,NA,NA,12299,131.532
6603,13904,root,0,NA,NA,13904,131.527
6604,10070,root,0,NA,NA,10070,131.475
6605,15694,root,0,NA,NA,15694,131.465
6606,11086,root,0,NA,NA,11086,131.461
6607,7339,root,0,NA,NA,7339,131.46
6608,4450,root,0,NA,NA,4450,131.434
6609,4212,root,0,NA,NA,4212,131.43
6610,4517,root,0,NA,NA,4517,131.404
6611,18591,root,0,NA,NA,18591,131.4
6612,5716,root,0,NA,NA,5716,131.391
6613,14968,root,0,NA,NA,14968,131.389
6614,5054,root,0,NA,NA,5054,131.386
6615,8501,root,0,NA,NA,8501,131.38
6616,11601,root,0,NA,NA,11601,131.378
6617,13933,root,0,NA,NA,13933,131.376
6618,8930,root,0,NA,NA,8930,131.37
6619,15198,root,0,NA,NA,15198,131.367
6620,6377,root,0,NA,NA,6377,131.358
6621,19194,root,0,NA,NA,19194,131.357
6622,504,root,0,NA,NA,504,131.354
6623,5671,root,0,NA,NA,5671,131.353
6624,8109,root,0,NA,NA,8109,131.349
6625,5659,root,0,NA,NA,5659,131.327
6626,5085,root,0,NA,NA,5085,131.322
6627,6407,root,0,NA,NA,6407,131.314
6628,6415,root,0,NA,NA,6415,131.314
6629,2241,root,0,NA,NA,2241,131.312
6630,7537,root,0,NA,NA,7537,131.302
6631,16975,root,0,NA,NA,16975,131.301
6632,8551,root,0,NA,NA,8551,131.301
6633,18597,root,0,NA,NA,18597,131.293
6634,10502,root,0,NA,NA,10502,131.287
6635,6132,root,0,NA,NA,6132,131.281
6636,3438,root,0,NA,NA,3438,131.272
6637,2433,root,0,NA,NA,2433,131.271
6638,3708,root,0,NA,NA,3708,131.255
6639,4354,root,0,NA,NA,4354,131.25
6640,2095,root,0,NA,NA,2095,131.25
6641,8287,root,0,NA,NA,8287,131.223
6642,8749,root,0,NA,NA,8749,131.203
6643,11560,root,0,NA,NA,11560,131.201
6644,7838,root,0,NA,NA,7838,131.199
6645,10960,root,0,NA,NA,10960,131.196
6646,18329,root,0,NA,NA,18329,131.194
6647,3906,root,0,NA,NA,3906,131.176
6648,16679,root,0,NA,NA,16679,131.172
6649,14839,root,0,NA,NA,14839,131.167
6650,6600,root,0,NA,NA,6600,131.167
6651,8129,root,0,NA,NA,8129,131.163
6652,6825,root,0,NA,NA,6825,131.156
6653,5829,root,0,NA,NA,5829,131.154
6654,4238,root,0,NA,NA,4238,131.141
6655,13536,root,0,NA,NA,13536,131.139
6656,16532,root,0,NA,NA,16532,131.137
6657,7104,root,0,NA,NA,7104,131.131
6658,9168,root,0,NA,NA,9168,131.124
6659,730,root,0,NA,NA,730,131.105
6660,1087,root,0,NA,NA,1087,131.102
6661,10324,root,0,NA,NA,10324,131.099
6662,6310,root,0,NA,NA,6310,131.095
6663,4092,root,0,NA,NA,4092,131.09
6664,2826,root,0,NA,NA,2826,131.088
6665,2222,root,0,NA,NA,2222,131.064
6666,5115,root,0,NA,NA,5115,131.055
6667,1494,root,0,NA,NA,1494,131.052
6668,2127,root,0,NA,NA,2127,131.04
6669,18470,root,0,NA,NA,18470,131.037
6670,9456,root,0,NA,NA,9456,131.036
6671,4024,root,0,NA,NA,4024,131.03
6672,9935,root,0,NA,NA,9935,131.029
6673,586,root,0,NA,NA,586,131.028
6674,10451,root,0,NA,NA,10451,131.027
6675,9486,root,0,NA,NA,9486,131.006
6676,7781,root,0,NA,NA,7781,130.999
6677,10379,root,0,NA,NA,10379,130.993
6678,4259,root,0,NA,NA,4259,130.991
6679,15848,root,0,NA,NA,15848,130.988
6680,4009,root,0,NA,NA,4009,130.983
6681,11295,root,0,NA,NA,11295,130.981
6682,2006,root,0,NA,NA,2006,130.973
6683,4408,root,0,NA,NA,4408,130.963
6684,5546,root,0,NA,NA,5546,130.96
6685,4697,root,0,NA,NA,4697,130.942
6686,2098,root,0,NA,NA,2098,130.939
6687,2833,root,0,NA,NA,2833,130.922
6688,13329,root,0,NA,NA,13329,130.921
6689,5122,root,0,NA,NA,5122,130.92
6690,9502,root,0,NA,NA,9502,130.911
6691,866,root,0,NA,NA,866,130.905
6692,2792,root,0,NA,NA,2792,130.896
6693,6791,root,0,NA,NA,6791,130.886
6694,4564,root,0,NA,NA,4564,130.877
6695,15257,root,0,NA,NA,15257,130.876
6696,8288,root,0,NA,NA,8288,130.842
6697,10640,root,0,NA,NA,10640,130.841
6698,7674,root,0,NA,NA,7674,130.83
6699,4186,root,0,NA,NA,4186,130.813
6700,3313,root,0,NA,NA,3313,130.805
6701,19462,root,0,NA,NA,19462,130.787
6702,6072,root,0,NA,NA,6072,130.76
6703,4306,root,0,NA,NA,4306,130.733
6704,5148,root,0,NA,NA,5148,130.733
6705,5389,root,0,NA,NA,5389,130.733
6706,8781,root,0,NA,NA,8781,130.729
6707,16341,root,0,NA,NA,16341,130.716
6708,13059,root,0,NA,NA,13059,130.703
6709,18241,root,0,NA,NA,18241,130.696
6710,19414,root,0,NA,NA,19414,130.695
6711,2409,root,0,NA,NA,2409,130.674
6712,12050,root,0,NA,NA,12050,130.673
6713,5598,root,0,NA,NA,5598,130.666
6714,2030,root,0,NA,NA,2030,130.664
6715,6880,root,0,NA,NA,6880,130.634
6716,14436,root,0,NA,NA,14436,130.633
6717,5567,root,0,NA,NA,5567,130.615
6718,8135,root,0,NA,NA,8135,130.601
6719,16051,root,0,NA,NA,16051,130.598
6720,3919,root,0,NA,NA,3919,130.586
6721,17684,root,0,NA,NA,17684,130.585
6722,9447,root,0,NA,NA,9447,130.551
6723,7554,root,0,NA,NA,7554,130.545
6724,7695,root,0,NA,NA,7695,130.544
6725,19991,root,0,NA,NA,19991,130.527
6726,8116,root,0,NA,NA,8116,130.527
6727,16925,root,0,NA,NA,16925,130.525
6728,5008,root,0,NA,NA,5008,130.515
6729,19969,root,0,NA,NA,19969,130.485
6730,7228,root,0,NA,NA,7228,130.474
6731,5172,root,0,NA,NA,5172,130.474
6732,7347,root,0,NA,NA,7347,130.459
6733,9417,root,0,NA,NA,9417,130.456
6734,13499,root,0,NA,NA,13499,130.45
6735,573,root,0,NA,NA,573,130.446
6736,11130,root,0,NA,NA,11130,130.443
6737,10824,root,0,NA,NA,10824,130.433
6738,4958,root,0,NA,NA,4958,130.421
6739,1982,root,0,NA,NA,1982,130.418
6740,1995,root,0,NA,NA,1995,130.418
6741,2003,root,0,NA,NA,2003,130.418
6742,2016,root,0,NA,NA,2016,130.418
6743,5176,root,0,NA,NA,5176,130.411
6744,5502,root,0,NA,NA,5502,130.396
6745,14571,root,0,NA,NA,14571,130.396
6746,4920,root,0,NA,NA,4920,130.39
6747,7383,root,0,NA,NA,7383,130.384
6748,11491,root,0,NA,NA,11491,130.377
6749,6838,root,0,NA,NA,6838,130.363
6750,4478,root,0,NA,NA,4478,130.357
6751,18839,root,0,NA,NA,18839,130.353
6752,10213,root,0,NA,NA,10213,130.349
6753,6879,root,0,NA,NA,6879,130.34
6754,16197,root,0,NA,NA,16197,130.329
6755,7930,root,0,NA,NA,7930,130.324
6756,15195,root,0,NA,NA,15195,130.319
6757,9925,root,0,NA,NA,9925,130.297
6758,12766,root,0,NA,NA,12766,130.291
6759,17695,root,0,NA,NA,17695,130.29
6760,7804,root,0,NA,NA,7804,130.272
6761,8157,root,0,NA,NA,8157,130.269
6762,7503,root,0,NA,NA,7503,130.261
6763,9354,root,0,NA,NA,9354,130.259
6764,6090,root,0,NA,NA,6090,130.257
6765,17720,root,0,NA,NA,17720,130.243
6766,4059,root,0,NA,NA,4059,130.243
6767,10659,root,0,NA,NA,10659,130.243
6768,8341,root,0,NA,NA,8341,130.24
6769,12747,root,0,NA,NA,12747,130.237
6770,14310,root,0,NA,NA,14310,130.237
6771,352,root,0,NA,NA,352,130.231
6772,17593,root,0,NA,NA,17593,130.225
6773,8147,root,0,NA,NA,8147,130.188
6774,9448,root,0,NA,NA,9448,130.186
6775,18819,root,0,NA,NA,18819,130.178
6776,8815,root,0,NA,NA,8815,130.171
6777,13379,root,0,NA,NA,13379,130.169
6778,9135,root,0,NA,NA,9135,130.167
6779,13122,root,0,NA,NA,13122,130.166
6780,14365,root,0,NA,NA,14365,130.163
6781,318,root,0,NA,NA,318,130.162
6782,9897,root,0,NA,NA,9897,130.141
6783,10921,root,0,NA,NA,10921,130.116
6784,4225,root,0,NA,NA,4225,130.103
6785,2335,root,0,NA,NA,2335,130.103
6786,7131,root,0,NA,NA,7131,130.099
6787,4593,root,0,NA,NA,4593,130.096
6788,4165,root,0,NA,NA,4165,130.095
6789,245,root,0,NA,NA,245,130.09
6790,4330,root,0,NA,NA,4330,130.086
6791,5682,root,0,NA,NA,5682,130.085
6792,16378,root,0,NA,NA,16378,130.079
6793,19365,root,0,NA,NA,19365,130.066
6794,6860,root,0,NA,NA,6860,130.055
6795,8202,root,0,NA,NA,8202,130.054
6796,5325,root,0,NA,NA,5325,130.035
6797,12848,root,0,NA,NA,12848,130.028
6798,3017,root,0,NA,NA,3017,130.024
6799,5818,root,0,NA,NA,5818,130.021
6800,4486,root,0,NA,NA,4486,130.015
6801,7840,root,0,NA,NA,7840,130.002
6802,3935,root,0,NA,NA,3935,129.993
6803,5878,root,0,NA,NA,5878,129.98
6804,10404,root,0,NA,NA,10404,129.979
6805,2169,root,0,NA,NA,2169,129.971
6806,7708,root,0,NA,NA,7708,129.967
6807,3756,root,0,NA,NA,3756,129.961
6808,6555,root,0,NA,NA,6555,129.96
6809,4657,root,0,NA,NA,4657,129.956
6810,9494,root,0,NA,NA,9494,129.948
6811,6347,root,0,NA,NA,6347,129.929
6812,9420,root,0,NA,NA,9420,129.916
6813,7811,root,0,NA,NA,7811,129.895
6814,16309,root,0,NA,NA,16309,129.894
6815,11880,root,0,NA,NA,11880,129.866
6816,9442,root,0,NA,NA,9442,129.864
6817,5946,root,0,NA,NA,5946,129.853
6818,7457,root,0,NA,NA,7457,129.834
6819,7007,root,0,NA,NA,7007,129.822
6820,11244,root,0,NA,NA,11244,129.815
6821,7305,root,0,NA,NA,7305,129.814
6822,18695,root,0,NA,NA,18695,129.793
6823,15209,root,0,NA,NA,15209,129.791
6824,4118,root,0,NA,NA,4118,129.79
6825,13229,root,0,NA,NA,13229,129.785
6826,9414,root,0,NA,NA,9414,129.779
6827,7546,root,0,NA,NA,7546,129.774
6828,6428,root,0,NA,NA,6428,129.76
6829,13837,root,0,NA,NA,13837,129.76
6830,2972,root,0,NA,NA,2972,129.736
6831,9218,root,0,NA,NA,9218,129.73
6832,9146,root,0,NA,NA,9146,129.727
6833,7520,root,0,NA,NA,7520,129.724
6834,4678,root,0,NA,NA,4678,129.711
6835,8248,root,0,NA,NA,8248,129.701
6836,8423,root,0,NA,NA,8423,129.68
6837,15119,root,0,NA,NA,15119,129.677
6838,14353,root,0,NA,NA,14353,129.677
6839,18834,root,0,NA,NA,18834,129.676
6840,6770,root,0,NA,NA,6770,129.671
6841,18136,root,0,NA,NA,18136,129.667
6842,19270,root,0,NA,NA,19270,129.662
6843,6417,root,0,NA,NA,6417,129.655
6844,9522,root,0,NA,NA,9522,129.643
6845,3332,root,0,NA,NA,3332,129.617
6846,9334,root,0,NA,NA,9334,129.604
6847,9046,root,0,NA,NA,9046,129.594
6848,16147,root,0,NA,NA,16147,129.59
6849,5860,root,0,NA,NA,5860,129.587
6850,9184,root,0,NA,NA,9184,129.586
6851,10334,root,0,NA,NA,10334,129.578
6852,16480,root,0,NA,NA,16480,129.566
6853,3603,root,0,NA,NA,3603,129.556
6854,8470,root,0,NA,NA,8470,129.543
6855,11907,root,0,NA,NA,11907,129.542
6856,5832,root,0,NA,NA,5832,129.533
6857,13674,root,0,NA,NA,13674,129.493
6858,822,root,0,NA,NA,822,129.492
6859,8019,root,0,NA,NA,8019,129.487
6860,8239,root,0,NA,NA,8239,129.486
6861,9600,root,0,NA,NA,9600,129.481
6862,9540,root,0,NA,NA,9540,129.48
6863,2741,root,0,NA,NA,2741,129.477
6864,3886,root,0,NA,NA,3886,129.47
6865,8985,root,0,NA,NA,8985,129.456
6866,6145,root,0,NA,NA,6145,129.439
6867,10410,root,0,NA,NA,10410,129.43
6868,3974,root,0,NA,NA,3974,129.422
6869,5865,root,0,NA,NA,5865,129.411
6870,1372,root,0,NA,NA,1372,129.41
6871,4492,root,0,NA,NA,4492,129.407
6872,5646,root,0,NA,NA,5646,129.388
6873,18037,root,0,NA,NA,18037,129.388
6874,4189,root,0,NA,NA,4189,129.377
6875,3591,root,0,NA,NA,3591,129.376
6876,6025,root,0,NA,NA,6025,129.369
6877,4173,root,0,NA,NA,4173,129.365
6878,1416,root,0,NA,NA,1416,129.361
6879,8260,root,0,NA,NA,8260,129.359
6880,11342,root,0,NA,NA,11342,129.356
6881,6501,root,0,NA,NA,6501,129.348
6882,6244,root,0,NA,NA,6244,129.333
6883,5695,root,0,NA,NA,5695,129.332
6884,5852,root,0,NA,NA,5852,129.324
6885,15479,root,0,NA,NA,15479,129.319
6886,14046,root,0,NA,NA,14046,129.3
6887,10116,root,0,NA,NA,10116,129.297
6888,7101,root,0,NA,NA,7101,129.292
6889,5572,root,0,NA,NA,5572,129.285
6890,4123,root,0,NA,NA,4123,129.282
6891,7182,root,0,NA,NA,7182,129.281
6892,3260,root,0,NA,NA,3260,129.266
6893,6278,root,0,NA,NA,6278,129.25
6894,14120,root,0,NA,NA,14120,129.235
6895,8800,root,0,NA,NA,8800,129.234
6896,6111,root,0,NA,NA,6111,129.234
6897,6537,root,0,NA,NA,6537,129.232
6898,4204,root,0,NA,NA,4204,129.227
6899,8014,root,0,NA,NA,8014,129.211
6900,5404,root,0,NA,NA,5404,129.21
6901,17530,root,0,NA,NA,17530,129.209
6902,7909,root,0,NA,NA,7909,129.206
6903,6054,root,0,NA,NA,6054,129.199
6904,2771,root,0,NA,NA,2771,129.197
6905,12086,root,0,NA,NA,12086,129.193
6906,7703,root,0,NA,NA,7703,129.188
6907,12588,root,0,NA,NA,12588,129.187
6908,7592,root,0,NA,NA,7592,129.175
6909,15187,root,0,NA,NA,15187,129.171
6910,17457,root,0,NA,NA,17457,129.165
6911,8402,root,0,NA,NA,8402,129.165
6912,8102,root,0,NA,NA,8102,129.154
6913,16412,root,0,NA,NA,16412,129.151
6914,7866,root,0,NA,NA,7866,129.141
6915,19381,root,0,NA,NA,19381,129.138
6916,5623,root,0,NA,NA,5623,129.13
6917,11184,root,0,NA,NA,11184,129.12
6918,11849,root,0,NA,NA,11849,129.119
6919,6205,root,0,NA,NA,6205,129.11
6920,10030,root,0,NA,NA,10030,129.099
6921,12051,root,0,NA,NA,12051,129.094
6922,8514,root,0,NA,NA,8514,129.069
6923,9379,root,0,NA,NA,9379,129.067
6924,15405,root,0,NA,NA,15405,129.055
6925,11570,root,0,NA,NA,11570,129.046
6926,19004,root,0,NA,NA,19004,129.037
6927,7523,root,0,NA,NA,7523,129.027
6928,9457,root,0,NA,NA,9457,129.017
6929,1292,root,0,NA,NA,1292,129.013
6930,8569,root,0,NA,NA,8569,129.013
6931,5601,root,0,NA,NA,5601,129.011
6932,3953,root,0,NA,NA,3953,128.997
6933,8836,root,0,NA,NA,8836,128.997
6934,5472,root,0,NA,NA,5472,128.997
6935,7163,root,0,NA,NA,7163,128.988
6936,14043,root,0,NA,NA,14043,128.986
6937,13428,root,0,NA,NA,13428,128.985
6938,1985,root,0,NA,NA,1985,128.981
6939,13156,root,0,NA,NA,13156,128.975
6940,619,root,0,NA,NA,619,128.968
6941,4139,root,0,NA,NA,4139,128.956
6942,3648,root,0,NA,NA,3648,128.952
6943,15744,root,0,NA,NA,15744,128.949
6944,5423,root,0,NA,NA,5423,128.933
6945,16391,root,0,NA,NA,16391,128.92
6946,4491,root,0,NA,NA,4491,128.885
6947,14074,root,0,NA,NA,14074,128.875
6948,7081,root,0,NA,NA,7081,128.869
6949,4690,root,0,NA,NA,4690,128.866
6950,17708,root,0,NA,NA,17708,128.861
6951,6854,root,0,NA,NA,6854,128.847
6952,10711,root,0,NA,NA,10711,128.843
6953,8414,root,0,NA,NA,8414,128.839
6954,4833,root,0,NA,NA,4833,128.833
6955,11010,root,0,NA,NA,11010,128.833
6956,9253,root,0,NA,NA,9253,128.83
6957,7213,root,0,NA,NA,7213,128.824
6958,18204,root,0,NA,NA,18204,128.814
6959,11367,root,0,NA,NA,11367,128.8
6960,6258,root,0,NA,NA,6258,128.792
6961,9724,root,0,NA,NA,9724,128.79
6962,1486,root,0,NA,NA,1486,128.784
6963,5343,root,0,NA,NA,5343,128.777
6964,19259,root,0,NA,NA,19259,128.774
6965,6744,root,0,NA,NA,6744,128.768
6966,476,root,0,NA,NA,476,128.752
6967,15475,root,0,NA,NA,15475,128.752
6968,11095,root,0,NA,NA,11095,128.746
6969,18157,root,0,NA,NA,18157,128.741
6970,1282,root,0,NA,NA,1282,128.737
6971,9409,root,0,NA,NA,9409,128.732
6972,16209,root,0,NA,NA,16209,128.724
6973,2492,root,0,NA,NA,2492,128.721
6974,12295,root,0,NA,NA,12295,128.719
6975,9525,root,0,NA,NA,9525,128.712
6976,10029,root,0,NA,NA,10029,128.694
6977,14777,root,0,NA,NA,14777,128.686
6978,6982,root,0,NA,NA,6982,128.685
6979,3911,root,0,NA,NA,3911,128.676
6980,784,root,0,NA,NA,784,128.675
6981,8264,root,0,NA,NA,8264,128.675
6982,17196,root,0,NA,NA,17196,128.668
6983,15242,root,0,NA,NA,15242,128.664
6984,7198,root,0,NA,NA,7198,128.645
6985,5079,root,0,NA,NA,5079,128.641
6986,7431,root,0,NA,NA,7431,128.639
6987,7359,root,0,NA,NA,7359,128.629
6988,1609,root,0,NA,NA,1609,128.623
6989,7551,root,0,NA,NA,7551,128.62
6990,372,root,0,NA,NA,372,128.611
6991,15966,root,0,NA,NA,15966,128.608
6992,3189,root,0,NA,NA,3189,128.605
6993,4481,root,0,NA,NA,4481,128.598
6994,14454,root,0,NA,NA,14454,128.582
6995,13855,root,0,NA,NA,13855,128.581
6996,2958,root,0,NA,NA,2958,128.581
6997,4029,root,0,NA,NA,4029,128.581
6998,6535,root,0,NA,NA,6535,128.577
6999,6130,root,0,NA,NA,6130,128.577
7000,4736,root,0,NA,NA,4736,128.565
7001,9595,root,0,NA,NA,9595,128.548
7002,4182,root,0,NA,NA,4182,128.546
7003,10720,root,0,NA,NA,10720,128.543
7004,2081,root,0,NA,NA,2081,128.526
7005,4194,root,0,NA,NA,4194,128.524
7006,15378,root,0,NA,NA,15378,128.512
7007,17114,root,0,NA,NA,17114,128.506
7008,13658,root,0,NA,NA,13658,128.491
7009,13159,root,0,NA,NA,13159,128.489
7010,12363,root,0,NA,NA,12363,128.488
7011,9928,root,0,NA,NA,9928,128.484
7012,8778,root,0,NA,NA,8778,128.482
7013,6664,root,0,NA,NA,6664,128.463
7014,5765,root,0,NA,NA,5765,128.461
7015,7763,root,0,NA,NA,7763,128.456
7016,14109,root,0,NA,NA,14109,128.451
7017,4105,root,0,NA,NA,4105,128.446
7018,7148,root,0,NA,NA,7148,128.444
7019,6876,root,0,NA,NA,6876,128.437
7020,11446,root,0,NA,NA,11446,128.425
7021,5674,root,0,NA,NA,5674,128.424
7022,4707,root,0,NA,NA,4707,128.42
7023,15789,root,0,NA,NA,15789,128.418
7024,8795,root,0,NA,NA,8795,128.367
7025,8472,root,0,NA,NA,8472,128.367
7026,1775,root,0,NA,NA,1775,128.364
7027,1796,root,0,NA,NA,1796,128.364
7028,14322,root,0,NA,NA,14322,128.341
7029,4728,root,0,NA,NA,4728,128.339
7030,5564,root,0,NA,NA,5564,128.339
7031,13981,root,0,NA,NA,13981,128.33
7032,3168,root,0,NA,NA,3168,128.322
7033,4720,root,0,NA,NA,4720,128.303
7034,11811,root,0,NA,NA,11811,128.297
7035,4470,root,0,NA,NA,4470,128.297
7036,12789,root,0,NA,NA,12789,128.29
7037,13760,root,0,NA,NA,13760,128.29
7038,4650,root,0,NA,NA,4650,128.283
7039,5264,root,0,NA,NA,5264,128.275
7040,4267,root,0,NA,NA,4267,128.267
7041,5518,root,0,NA,NA,5518,128.261
7042,6822,root,0,NA,NA,6822,128.253
7043,11493,root,0,NA,NA,11493,128.245
7044,17064,root,0,NA,NA,17064,128.243
7045,10918,root,0,NA,NA,10918,128.242
7046,18743,root,0,NA,NA,18743,128.218
7047,7372,root,0,NA,NA,7372,128.216
7048,8104,root,0,NA,NA,8104,128.21
7049,8112,root,0,NA,NA,8112,128.21
7050,11074,root,0,NA,NA,11074,128.21
7051,16482,root,0,NA,NA,16482,128.209
7052,8434,root,0,NA,NA,8434,128.207
7053,13654,root,0,NA,NA,13654,128.181
7054,11315,root,0,NA,NA,11315,128.173
7055,4694,root,0,NA,NA,4694,128.166
7056,2284,root,0,NA,NA,2284,128.166
7057,11808,root,0,NA,NA,11808,128.162
7058,12261,root,0,NA,NA,12261,128.152
7059,9694,root,0,NA,NA,9694,128.151
7060,5376,root,0,NA,NA,5376,128.141
7061,5917,root,0,NA,NA,5917,128.122
7062,5922,root,0,NA,NA,5922,128.122
7063,5930,root,0,NA,NA,5930,128.122
7064,5938,root,0,NA,NA,5938,128.122
7065,8407,root,0,NA,NA,8407,128.085
7066,41,root,0,NA,NA,41,128.079
7067,10449,root,0,NA,NA,10449,128.067
7068,975,root,0,NA,NA,975,128.04
7069,12732,root,0,NA,NA,12732,128.016
7070,10844,root,0,NA,NA,10844,128.01
7071,12585,root,0,NA,NA,12585,127.997
7072,7399,root,0,NA,NA,7399,127.979
7073,3052,root,0,NA,NA,3052,127.963
7074,4654,root,0,NA,NA,4654,127.957
7075,4459,root,0,NA,NA,4459,127.95
7076,10831,root,0,NA,NA,10831,127.95
7077,12007,root,0,NA,NA,12007,127.948
7078,7224,root,0,NA,NA,7224,127.943
7079,5309,root,0,NA,NA,5309,127.938
7080,5440,root,0,NA,NA,5440,127.934
7081,8155,root,0,NA,NA,8155,127.933
7082,5559,root,0,NA,NA,5559,127.918
7083,3002,root,0,NA,NA,3002,127.913
7084,4937,root,0,NA,NA,4937,127.912
7085,13663,root,0,NA,NA,13663,127.91
7086,7849,root,0,NA,NA,7849,127.904
7087,7979,root,0,NA,NA,7979,127.897
7088,9364,root,0,NA,NA,9364,127.891
7089,12347,root,0,NA,NA,12347,127.886
7090,12608,root,0,NA,NA,12608,127.884
7091,4794,root,0,NA,NA,4794,127.876
7092,16262,root,0,NA,NA,16262,127.876
7093,12932,root,0,NA,NA,12932,127.869
7094,5823,root,0,NA,NA,5823,127.798
7095,5831,root,0,NA,NA,5831,127.798
7096,5839,root,0,NA,NA,5839,127.798
7097,5844,root,0,NA,NA,5844,127.798
7098,8252,root,0,NA,NA,8252,127.795
7099,6245,root,0,NA,NA,6245,127.783
7100,5622,root,0,NA,NA,5622,127.782
7101,8506,root,0,NA,NA,8506,127.779
7102,11727,root,0,NA,NA,11727,127.779
7103,14869,root,0,NA,NA,14869,127.766
7104,11736,root,0,NA,NA,11736,127.762
7105,8844,root,0,NA,NA,8844,127.745
7106,5247,root,0,NA,NA,5247,127.739
7107,11763,root,0,NA,NA,11763,127.737
7108,5736,root,0,NA,NA,5736,127.732
7109,339,root,0,NA,NA,339,127.728
7110,3904,root,0,NA,NA,3904,127.724
7111,8643,root,0,NA,NA,8643,127.719
7112,8646,root,0,NA,NA,8646,127.719
7113,8648,root,0,NA,NA,8648,127.719
7114,8651,root,0,NA,NA,8651,127.719
7115,4718,root,0,NA,NA,4718,127.718
7116,8278,root,0,NA,NA,8278,127.718
7117,1572,root,0,NA,NA,1572,127.708
7118,7588,root,0,NA,NA,7588,127.705
7119,6817,root,0,NA,NA,6817,127.704
7120,10878,root,0,NA,NA,10878,127.695
7121,15527,root,0,NA,NA,15527,127.675
7122,14193,root,0,NA,NA,14193,127.674
7123,6236,root,0,NA,NA,6236,127.664
7124,9732,root,0,NA,NA,9732,127.657
7125,4108,root,0,NA,NA,4108,127.645
7126,6868,root,0,NA,NA,6868,127.643
7127,987,root,0,NA,NA,987,127.643
7128,16914,root,0,NA,NA,16914,127.642
7129,9372,root,0,NA,NA,9372,127.639
7130,3422,root,0,NA,NA,3422,127.622
7131,7918,root,0,NA,NA,7918,127.614
7132,8124,root,0,NA,NA,8124,127.614
7133,4662,root,0,NA,NA,4662,127.611
7134,13913,root,0,NA,NA,13913,127.61
7135,976,root,0,NA,NA,976,127.607
7136,5957,root,0,NA,NA,5957,127.591
7137,3932,root,0,NA,NA,3932,127.591
7138,3077,root,0,NA,NA,3077,127.582
7139,4585,root,0,NA,NA,4585,127.577
7140,17022,root,0,NA,NA,17022,127.576
7141,12475,root,0,NA,NA,12475,127.566
7142,13376,root,0,NA,NA,13376,127.56
7143,4084,root,0,NA,NA,4084,127.558
7144,7033,root,0,NA,NA,7033,127.554
7145,13765,root,0,NA,NA,13765,127.538
7146,13481,root,0,NA,NA,13481,127.537
7147,17894,root,0,NA,NA,17894,127.524
7148,9822,root,0,NA,NA,9822,127.524
7149,6563,root,0,NA,NA,6563,127.519
7150,13070,root,0,NA,NA,13070,127.51
7151,2983,root,0,NA,NA,2983,127.505
7152,14874,root,0,NA,NA,14874,127.503
7153,4437,root,0,NA,NA,4437,127.493
7154,7614,root,0,NA,NA,7614,127.469
7155,199,root,0,NA,NA,199,127.469
7156,11405,root,0,NA,NA,11405,127.469
7157,7262,root,0,NA,NA,7262,127.461
7158,4780,root,0,NA,NA,4780,127.459
7159,7273,root,0,NA,NA,7273,127.45
7160,18230,root,0,NA,NA,18230,127.449
7161,7876,root,0,NA,NA,7876,127.444
7162,19020,root,0,NA,NA,19020,127.433
7163,8721,root,0,NA,NA,8721,127.429
7164,18288,root,0,NA,NA,18288,127.426
7165,9245,root,0,NA,NA,9245,127.412
7166,1236,root,0,NA,NA,1236,127.412
7167,8707,root,0,NA,NA,8707,127.411
7168,16305,root,0,NA,NA,16305,127.386
7169,4199,root,0,NA,NA,4199,127.386
7170,585,root,0,NA,NA,585,127.377
7171,3208,root,0,NA,NA,3208,127.371
7172,19750,root,0,NA,NA,19750,127.357
7173,12378,root,0,NA,NA,12378,127.354
7174,2051,root,0,NA,NA,2051,127.349
7175,17455,root,0,NA,NA,17455,127.343
7176,7978,root,0,NA,NA,7978,127.341
7177,10613,root,0,NA,NA,10613,127.337
7178,9048,root,0,NA,NA,9048,127.326
7179,10454,root,0,NA,NA,10454,127.321
7180,9095,root,0,NA,NA,9095,127.321
7181,6004,root,0,NA,NA,6004,127.298
7182,10937,root,0,NA,NA,10937,127.295
7183,4675,root,0,NA,NA,4675,127.289
7184,11520,root,0,NA,NA,11520,127.283
7185,12083,root,0,NA,NA,12083,127.275
7186,5842,root,0,NA,NA,5842,127.27
7187,11456,root,0,NA,NA,11456,127.254
7188,16415,root,0,NA,NA,16415,127.252
7189,15450,root,0,NA,NA,15450,127.244
7190,8973,root,0,NA,NA,8973,127.234
7191,16980,root,0,NA,NA,16980,127.227
7192,4217,root,0,NA,NA,4217,127.216
7193,12498,root,0,NA,NA,12498,127.192
7194,2777,root,0,NA,NA,2777,127.179
7195,6271,root,0,NA,NA,6271,127.139
7196,1327,root,0,NA,NA,1327,127.135
7197,6519,root,0,NA,NA,6519,127.124
7198,3930,root,0,NA,NA,3930,127.104
7199,17687,root,0,NA,NA,17687,127.103
7200,1166,root,0,NA,NA,1166,127.095
7201,9265,root,0,NA,NA,9265,127.091
7202,11176,root,0,NA,NA,11176,127.086
7203,10422,root,0,NA,NA,10422,127.074
7204,8525,root,0,NA,NA,8525,127.065
7205,14730,root,0,NA,NA,14730,127.055
7206,17496,root,0,NA,NA,17496,127.053
7207,12599,root,0,NA,NA,12599,127.052
7208,6610,root,0,NA,NA,6610,127.046
7209,15899,root,0,NA,NA,15899,127.046
7210,12942,root,0,NA,NA,12942,127.043
7211,764,root,0,NA,NA,764,127.014
7212,10007,root,0,NA,NA,10007,126.995
7213,10302,root,0,NA,NA,10302,126.987
7214,15245,root,0,NA,NA,15245,126.971
7215,2235,root,0,NA,NA,2235,126.962
7216,3538,root,0,NA,NA,3538,126.946
7217,11934,root,0,NA,NA,11934,126.942
7218,6321,root,0,NA,NA,6321,126.941
7219,4045,root,0,NA,NA,4045,126.933
7220,2415,root,0,NA,NA,2415,126.932
7221,3161,root,0,NA,NA,3161,126.923
7222,7040,root,0,NA,NA,7040,126.903
7223,4931,root,0,NA,NA,4931,126.901
7224,9553,root,0,NA,NA,9553,126.891
7225,7778,root,0,NA,NA,7778,126.891
7226,8829,root,0,NA,NA,8829,126.869
7227,778,root,0,NA,NA,778,126.86
7228,303,root,0,NA,NA,303,126.857
7229,3251,root,0,NA,NA,3251,126.854
7230,13009,root,0,NA,NA,13009,126.839
7231,14010,root,0,NA,NA,14010,126.821
7232,3889,root,0,NA,NA,3889,126.813
7233,8221,root,0,NA,NA,8221,126.793
7234,865,root,0,NA,NA,865,126.777
7235,15638,root,0,NA,NA,15638,126.774
7236,7846,root,0,NA,NA,7846,126.766
7237,2207,root,0,NA,NA,2207,126.757
7238,12417,root,0,NA,NA,12417,126.737
7239,7575,root,0,NA,NA,7575,126.736
7240,11072,root,0,NA,NA,11072,126.733
7241,7893,root,0,NA,NA,7893,126.726
7242,3796,root,0,NA,NA,3796,126.724
7243,13977,root,0,NA,NA,13977,126.718
7244,6266,root,0,NA,NA,6266,126.716
7245,4670,root,0,NA,NA,4670,126.708
7246,1023,root,0,NA,NA,1023,126.706
7247,3758,root,0,NA,NA,3758,126.706
7248,6124,root,0,NA,NA,6124,126.702
7249,19733,root,0,NA,NA,19733,126.695
7250,4410,root,0,NA,NA,4410,126.693
7251,8867,root,0,NA,NA,8867,126.691
7252,6906,root,0,NA,NA,6906,126.678
7253,17546,root,0,NA,NA,17546,126.672
7254,2154,root,0,NA,NA,2154,126.662
7255,18213,root,0,NA,NA,18213,126.661
7256,7905,root,0,NA,NA,7905,126.631
7257,635,root,0,NA,NA,635,126.619
7258,6623,root,0,NA,NA,6623,126.606
7259,17926,root,0,NA,NA,17926,126.602
7260,9240,root,0,NA,NA,9240,126.581
7261,17025,root,0,NA,NA,17025,126.568
7262,14782,root,0,NA,NA,14782,126.532
7263,9101,root,0,NA,NA,9101,126.532
7264,18326,root,0,NA,NA,18326,126.53
7265,7288,root,0,NA,NA,7288,126.529
7266,8093,root,0,NA,NA,8093,126.529
7267,5907,root,0,NA,NA,5907,126.518
7268,6956,root,0,NA,NA,6956,126.517
7269,8170,root,0,NA,NA,8170,126.516
7270,18278,root,0,NA,NA,18278,126.515
7271,4854,root,0,NA,NA,4854,126.508
7272,8053,root,0,NA,NA,8053,126.505
7273,18659,root,0,NA,NA,18659,126.484
7274,9917,root,0,NA,NA,9917,126.476
7275,10096,root,0,NA,NA,10096,126.465
7276,10101,root,0,NA,NA,10101,126.465
7277,11634,root,0,NA,NA,11634,126.452
7278,6479,root,0,NA,NA,6479,126.45
7279,6211,root,0,NA,NA,6211,126.449
7280,16424,root,0,NA,NA,16424,126.444
7281,1531,root,0,NA,NA,1531,126.44
7282,17227,root,0,NA,NA,17227,126.434
7283,17522,root,0,NA,NA,17522,126.43
7284,4016,root,0,NA,NA,4016,126.421
7285,11664,root,0,NA,NA,11664,126.407
7286,5257,root,0,NA,NA,5257,126.403
7287,6226,root,0,NA,NA,6226,126.386
7288,9766,root,0,NA,NA,9766,126.383
7289,18140,root,0,NA,NA,18140,126.376
7290,9849,root,0,NA,NA,9849,126.375
7291,15850,root,0,NA,NA,15850,126.372
7292,14655,root,0,NA,NA,14655,126.356
7293,12750,root,0,NA,NA,12750,126.351
7294,10498,root,0,NA,NA,10498,126.334
7295,9677,root,0,NA,NA,9677,126.328
7296,9685,root,0,NA,NA,9685,126.328
7297,3851,root,0,NA,NA,3851,126.326
7298,7426,root,0,NA,NA,7426,126.323
7299,19156,root,0,NA,NA,19156,126.313
7300,525,root,0,NA,NA,525,126.301
7301,8393,root,0,NA,NA,8393,126.299
7302,8134,root,0,NA,NA,8134,126.288
7303,6213,root,0,NA,NA,6213,126.284
7304,16191,root,0,NA,NA,16191,126.282
7305,4293,root,0,NA,NA,4293,126.28
7306,10656,root,0,NA,NA,10656,126.269
7307,13820,root,0,NA,NA,13820,126.267
7308,11718,root,0,NA,NA,11718,126.257
7309,4671,root,0,NA,NA,4671,126.255
7310,9017,root,0,NA,NA,9017,126.253
7311,5987,root,0,NA,NA,5987,126.253
7312,6682,root,0,NA,NA,6682,126.25
7313,10087,root,0,NA,NA,10087,126.247
7314,13067,root,0,NA,NA,13067,126.235
7315,13447,root,0,NA,NA,13447,126.209
7316,16416,root,0,NA,NA,16416,126.206
7317,11262,root,0,NA,NA,11262,126.202
7318,6971,root,0,NA,NA,6971,126.2
7319,9383,root,0,NA,NA,9383,126.192
7320,7585,root,0,NA,NA,7585,126.175
7321,5944,root,0,NA,NA,5944,126.171
7322,10008,root,0,NA,NA,10008,126.166
7323,6574,root,0,NA,NA,6574,126.163
7324,4387,root,0,NA,NA,4387,126.162
7325,12697,root,0,NA,NA,12697,126.124
7326,4509,root,0,NA,NA,4509,126.117
7327,8771,root,0,NA,NA,8771,126.117
7328,7787,root,0,NA,NA,7787,126.113
7329,4380,root,0,NA,NA,4380,126.108
7330,5715,root,0,NA,NA,5715,126.104
7331,10603,root,0,NA,NA,10603,126.104
7332,10307,root,0,NA,NA,10307,126.098
7333,19389,root,0,NA,NA,19389,126.085
7334,7645,root,0,NA,NA,7645,126.076
7335,4,root,0,NA,NA,4,126.073
7336,11423,root,0,NA,NA,11423,126.072
7337,9497,root,0,NA,NA,9497,126.067
7338,18843,root,0,NA,NA,18843,126.06
7339,11064,root,0,NA,NA,11064,126.053
7340,10453,root,0,NA,NA,10453,126.042
7341,9357,root,0,NA,NA,9357,126.041
7342,15571,root,0,NA,NA,15571,126.036
7343,7167,root,0,NA,NA,7167,126.034
7344,16749,root,0,NA,NA,16749,126.03
7345,12839,root,0,NA,NA,12839,126.029
7346,14884,root,0,NA,NA,14884,126.027
7347,12784,root,0,NA,NA,12784,126.025
7348,6224,root,0,NA,NA,6224,126.021
7349,7817,root,0,NA,NA,7817,126.018
7350,12708,root,0,NA,NA,12708,126.017
7351,15247,root,0,NA,NA,15247,126.001
7352,10446,root,0,NA,NA,10446,126
7353,10862,root,0,NA,NA,10862,125.997
7354,11580,root,0,NA,NA,11580,125.986
7355,9012,root,0,NA,NA,9012,125.981
7356,6469,root,0,NA,NA,6469,125.966
7357,5873,root,0,NA,NA,5873,125.959
7358,7258,root,0,NA,NA,7258,125.952
7359,10989,root,0,NA,NA,10989,125.93
7360,9065,root,0,NA,NA,9065,125.928
7361,4791,root,0,NA,NA,4791,125.924
7362,9693,root,0,NA,NA,9693,125.918
7363,6690,root,0,NA,NA,6690,125.912
7364,12488,root,0,NA,NA,12488,125.902
7365,5588,root,0,NA,NA,5588,125.899
7366,6841,root,0,NA,NA,6841,125.896
7367,7048,root,0,NA,NA,7048,125.862
7368,15903,root,0,NA,NA,15903,125.86
7369,14306,root,0,NA,NA,14306,125.858
7370,12235,root,0,NA,NA,12235,125.851
7371,15813,root,0,NA,NA,15813,125.849
7372,16205,root,0,NA,NA,16205,125.845
7373,10012,root,0,NA,NA,10012,125.833
7374,106,root,0,NA,NA,106,125.829
7375,4715,root,0,NA,NA,4715,125.817
7376,269,root,0,NA,NA,269,125.815
7377,13449,root,0,NA,NA,13449,125.793
7378,12947,root,0,NA,NA,12947,125.791
7379,11713,root,0,NA,NA,11713,125.79
7380,8074,root,0,NA,NA,8074,125.781
7381,3038,root,0,NA,NA,3038,125.777
7382,19868,root,0,NA,NA,19868,125.777
7383,7140,root,0,NA,NA,7140,125.773
7384,4995,root,0,NA,NA,4995,125.753
7385,9215,root,0,NA,NA,9215,125.734
7386,16997,root,0,NA,NA,16997,125.725
7387,4582,root,0,NA,NA,4582,125.693
7388,9406,root,0,NA,NA,9406,125.687
7389,3936,root,0,NA,NA,3936,125.687
7390,7692,root,0,NA,NA,7692,125.676
7391,16542,root,0,NA,NA,16542,125.674
7392,6069,root,0,NA,NA,6069,125.673
7393,4479,root,0,NA,NA,4479,125.668
7394,18921,root,0,NA,NA,18921,125.664
7395,11991,root,0,NA,NA,11991,125.662
7396,10702,root,0,NA,NA,10702,125.659
7397,7020,root,0,NA,NA,7020,125.659
7398,5525,root,0,NA,NA,5525,125.652
7399,7965,root,0,NA,NA,7965,125.649
7400,9860,root,0,NA,NA,9860,125.648
7401,7060,root,0,NA,NA,7060,125.646
7402,8896,root,0,NA,NA,8896,125.641
7403,6773,root,0,NA,NA,6773,125.637
7404,9654,root,0,NA,NA,9654,125.637
7405,2370,root,0,NA,NA,2370,125.637
7406,12004,root,0,NA,NA,12004,125.631
7407,1029,root,0,NA,NA,1029,125.625
7408,9748,root,0,NA,NA,9748,125.621
7409,10075,root,0,NA,NA,10075,125.615
7410,6232,root,0,NA,NA,6232,125.614
7411,7106,root,0,NA,NA,7106,125.606
7412,14057,root,0,NA,NA,14057,125.606
7413,5554,root,0,NA,NA,5554,125.594
7414,8389,root,0,NA,NA,8389,125.587
7415,6198,root,0,NA,NA,6198,125.573
7416,11813,root,0,NA,NA,11813,125.561
7417,2522,root,0,NA,NA,2522,125.557
7418,508,root,0,NA,NA,508,125.552
7419,521,root,0,NA,NA,521,125.552
7420,6716,root,0,NA,NA,6716,125.547
7421,10436,root,0,NA,NA,10436,125.544
7422,14256,root,0,NA,NA,14256,125.54
7423,10434,root,0,NA,NA,10434,125.537
7424,17641,root,0,NA,NA,17641,125.536
7425,2909,root,0,NA,NA,2909,125.526
7426,3784,root,0,NA,NA,3784,125.52
7427,9473,root,0,NA,NA,9473,125.516
7428,7127,root,0,NA,NA,7127,125.511
7429,6898,root,0,NA,NA,6898,125.51
7430,5794,root,0,NA,NA,5794,125.508
7431,13993,root,0,NA,NA,13993,125.507
7432,2813,root,0,NA,NA,2813,125.489
7433,9367,root,0,NA,NA,9367,125.489
7434,7277,root,0,NA,NA,7277,125.487
7435,11224,root,0,NA,NA,11224,125.476
7436,18856,root,0,NA,NA,18856,125.476
7437,3366,root,0,NA,NA,3366,125.47
7438,8140,root,0,NA,NA,8140,125.467
7439,7035,root,0,NA,NA,7035,125.463
7440,288,root,0,NA,NA,288,125.454
7441,3225,root,0,NA,NA,3225,125.45
7442,18546,root,0,NA,NA,18546,125.448
7443,6406,root,0,NA,NA,6406,125.443
7444,12183,root,0,NA,NA,12183,125.413
7445,13023,root,0,NA,NA,13023,125.408
7446,7467,root,0,NA,NA,7467,125.405
7447,6703,root,0,NA,NA,6703,125.403
7448,8355,root,0,NA,NA,8355,125.395
7449,8909,root,0,NA,NA,8909,125.394
7450,9362,root,0,NA,NA,9362,125.373
7451,9565,root,0,NA,NA,9565,125.372
7452,3924,root,0,NA,NA,3924,125.34
7453,9740,root,0,NA,NA,9740,125.331
7454,1215,root,0,NA,NA,1215,125.328
7455,16079,root,0,NA,NA,16079,125.315
7456,5910,root,0,NA,NA,5910,125.31
7457,11357,root,0,NA,NA,11357,125.308
7458,57,root,0,NA,NA,57,125.299
7459,2645,root,0,NA,NA,2645,125.291
7460,4606,root,0,NA,NA,4606,125.291
7461,7205,root,0,NA,NA,7205,125.286
7462,1529,root,0,NA,NA,1529,125.283
7463,8207,root,0,NA,NA,8207,125.283
7464,18160,root,0,NA,NA,18160,125.269
7465,5504,root,0,NA,NA,5504,125.265
7466,5364,root,0,NA,NA,5364,125.257
7467,13442,root,0,NA,NA,13442,125.25
7468,9978,root,0,NA,NA,9978,125.247
7469,5742,root,0,NA,NA,5742,125.246
7470,7718,root,0,NA,NA,7718,125.245
7471,18208,root,0,NA,NA,18208,125.23
7472,5923,root,0,NA,NA,5923,125.227
7473,3729,root,0,NA,NA,3729,125.216
7474,13109,root,0,NA,NA,13109,125.194
7475,12633,root,0,NA,NA,12633,125.19
7476,8524,root,0,NA,NA,8524,125.177
7477,6897,root,0,NA,NA,6897,125.175
7478,13751,root,0,NA,NA,13751,125.165
7479,6419,root,0,NA,NA,6419,125.159
7480,14116,root,0,NA,NA,14116,125.148
7481,1053,root,0,NA,NA,1053,125.137
7482,8171,root,0,NA,NA,8171,125.13
7483,13611,root,0,NA,NA,13611,125.12
7484,6349,root,0,NA,NA,6349,125.1
7485,10991,root,0,NA,NA,10991,125.094
7486,837,root,0,NA,NA,837,125.093
7487,4745,root,0,NA,NA,4745,125.082
7488,6711,root,0,NA,NA,6711,125.079
7489,12251,root,0,NA,NA,12251,125.079
7490,1633,root,0,NA,NA,1633,125.079
7491,3854,root,0,NA,NA,3854,125.075
7492,7185,root,0,NA,NA,7185,125.074
7493,6103,root,0,NA,NA,6103,125.069
7494,9481,root,0,NA,NA,9481,125.053
7495,10956,root,0,NA,NA,10956,125.031
7496,12426,root,0,NA,NA,12426,125.02
7497,3740,root,0,NA,NA,3740,125.018
7498,3774,root,0,NA,NA,3774,125.018
7499,10298,root,0,NA,NA,10298,125.014
7500,1528,root,0,NA,NA,1528,124.998
7501,2167,root,0,NA,NA,2167,124.99
7502,18805,root,0,NA,NA,18805,124.975
7503,8993,root,0,NA,NA,8993,124.952
7504,10418,root,0,NA,NA,10418,124.939
7505,9735,root,0,NA,NA,9735,124.933
7506,7715,root,0,NA,NA,7715,124.928
7507,8904,root,0,NA,NA,8904,124.926
7508,10524,root,0,NA,NA,10524,124.887
7509,11612,root,0,NA,NA,11612,124.878
7510,4178,root,0,NA,NA,4178,124.866
7511,5931,root,0,NA,NA,5931,124.865
7512,12551,root,0,NA,NA,12551,124.864
7513,7934,root,0,NA,NA,7934,124.863
7514,15240,root,0,NA,NA,15240,124.853
7515,12358,root,0,NA,NA,12358,124.851
7516,6910,root,0,NA,NA,6910,124.842
7517,5821,root,0,NA,NA,5821,124.837
7518,5577,root,0,NA,NA,5577,124.837
7519,9323,root,0,NA,NA,9323,124.835
7520,8884,root,0,NA,NA,8884,124.824
7521,9412,root,0,NA,NA,9412,124.811
7522,4446,root,0,NA,NA,4446,124.808
7523,12572,root,0,NA,NA,12572,124.803
7524,6106,root,0,NA,NA,6106,124.802
7525,1495,root,0,NA,NA,1495,124.801
7526,12111,root,0,NA,NA,12111,124.799
7527,5609,root,0,NA,NA,5609,124.792
7528,13779,root,0,NA,NA,13779,124.791
7529,7985,root,0,NA,NA,7985,124.773
7530,148,root,0,NA,NA,148,124.77
7531,18806,root,0,NA,NA,18806,124.769
7532,9574,root,0,NA,NA,9574,124.766
7533,19643,root,0,NA,NA,19643,124.743
7534,14780,root,0,NA,NA,14780,124.742
7535,7068,root,0,NA,NA,7068,124.719
7536,5555,root,0,NA,NA,5555,124.718
7537,11229,root,0,NA,NA,11229,124.704
7538,4895,root,0,NA,NA,4895,124.701
7539,19023,root,0,NA,NA,19023,124.698
7540,15778,root,0,NA,NA,15778,124.697
7541,12344,root,0,NA,NA,12344,124.696
7542,4097,root,0,NA,NA,4097,124.665
7543,7530,root,0,NA,NA,7530,124.665
7544,14674,root,0,NA,NA,14674,124.661
7545,16865,root,0,NA,NA,16865,124.66
7546,6672,root,0,NA,NA,6672,124.638
7547,3449,root,0,NA,NA,3449,124.612
7548,5805,root,0,NA,NA,5805,124.591
7549,15696,root,0,NA,NA,15696,124.584
7550,13917,root,0,NA,NA,13917,124.582
7551,6591,root,0,NA,NA,6591,124.578
7552,18077,root,0,NA,NA,18077,124.576
7553,3753,root,0,NA,NA,3753,124.566
7554,5918,root,0,NA,NA,5918,124.563
7555,2588,root,0,NA,NA,2588,124.549
7556,9538,root,0,NA,NA,9538,124.535
7557,19169,root,0,NA,NA,19169,124.531
7558,9260,root,0,NA,NA,9260,124.526
7559,8075,root,0,NA,NA,8075,124.523
7560,5619,root,0,NA,NA,5619,124.52
7561,6736,root,0,NA,NA,6736,124.517
7562,15512,root,0,NA,NA,15512,124.512
7563,11739,root,0,NA,NA,11739,124.498
7564,12335,root,0,NA,NA,12335,124.495
7565,3083,root,0,NA,NA,3083,124.477
7566,6495,root,0,NA,NA,6495,124.473
7567,9708,root,0,NA,NA,9708,124.462
7568,6080,root,0,NA,NA,6080,124.451
7569,15927,root,0,NA,NA,15927,124.431
7570,7207,root,0,NA,NA,7207,124.425
7571,15852,root,0,NA,NA,15852,124.397
7572,11948,root,0,NA,NA,11948,124.378
7573,8792,root,0,NA,NA,8792,124.376
7574,8304,root,0,NA,NA,8304,124.374
7575,9606,root,0,NA,NA,9606,124.353
7576,5041,root,0,NA,NA,5041,124.352
7577,8284,root,0,NA,NA,8284,124.35
7578,14975,root,0,NA,NA,14975,124.337
7579,17439,root,0,NA,NA,17439,124.333
7580,3833,root,0,NA,NA,3833,124.329
7581,3130,root,0,NA,NA,3130,124.327
7582,3812,root,0,NA,NA,3812,124.322
7583,14677,root,0,NA,NA,14677,124.314
7584,14015,root,0,NA,NA,14015,124.313
7585,9290,root,0,NA,NA,9290,124.305
7586,16792,root,0,NA,NA,16792,124.296
7587,3766,root,0,NA,NA,3766,124.292
7588,10394,root,0,NA,NA,10394,124.278
7589,10150,root,0,NA,NA,10150,124.274
7590,11441,root,0,NA,NA,11441,124.27
7591,6549,root,0,NA,NA,6549,124.267
7592,5411,root,0,NA,NA,5411,124.266
7593,3842,root,0,NA,NA,3842,124.25
7594,14269,root,0,NA,NA,14269,124.223
7595,11155,root,0,NA,NA,11155,124.223
7596,9688,root,0,NA,NA,9688,124.206
7597,11615,root,0,NA,NA,11615,124.198
7598,6411,root,0,NA,NA,6411,124.196
7599,5778,root,0,NA,NA,5778,124.179
7600,9720,root,0,NA,NA,9720,124.165
7601,16590,root,0,NA,NA,16590,124.16
7602,12381,root,0,NA,NA,12381,124.155
7603,7799,root,0,NA,NA,7799,124.145
7604,8396,root,0,NA,NA,8396,124.136
7605,9462,root,0,NA,NA,9462,124.127
7606,8359,root,0,NA,NA,8359,124.121
7607,9505,root,0,NA,NA,9505,124.118
7608,6119,root,0,NA,NA,6119,124.118
7609,11556,root,0,NA,NA,11556,124.109
7610,11430,root,0,NA,NA,11430,124.107
7611,12987,root,0,NA,NA,12987,124.1
7612,6851,root,0,NA,NA,6851,124.095
7613,9915,root,0,NA,NA,9915,124.066
7614,7025,root,0,NA,NA,7025,124.065
7615,7242,root,0,NA,NA,7242,124.065
7616,12449,root,0,NA,NA,12449,124.061
7617,19848,root,0,NA,NA,19848,124.057
7618,17484,root,0,NA,NA,17484,124.055
7619,16852,root,0,NA,NA,16852,124.036
7620,18237,root,0,NA,NA,18237,124.021
7621,3745,root,0,NA,NA,3745,124.016
7622,3779,root,0,NA,NA,3779,124.016
7623,9548,root,0,NA,NA,9548,124.014
7624,11509,root,0,NA,NA,11509,124.01
7625,248,root,0,NA,NA,248,124.005
7626,437,root,0,NA,NA,437,124
7627,6234,root,0,NA,NA,6234,123.995
7628,6380,root,0,NA,NA,6380,123.981
7629,3903,root,0,NA,NA,3903,123.976
7630,16382,root,0,NA,NA,16382,123.967
7631,11231,root,0,NA,NA,11231,123.965
7632,15437,root,0,NA,NA,15437,123.963
7633,8167,root,0,NA,NA,8167,123.95
7634,7434,root,0,NA,NA,7434,123.938
7635,6292,root,0,NA,NA,6292,123.934
7636,6063,root,0,NA,NA,6063,123.932
7637,651,root,0,NA,NA,651,123.929
7638,12127,root,0,NA,NA,12127,123.908
7639,1565,root,0,NA,NA,1565,123.904
7640,4008,root,0,NA,NA,4008,123.904
7641,16868,root,0,NA,NA,16868,123.891
7642,8265,root,0,NA,NA,8265,123.889
7643,5590,root,0,NA,NA,5590,123.879
7644,1145,root,0,NA,NA,1145,123.875
7645,5478,root,0,NA,NA,5478,123.869
7646,4821,root,0,NA,NA,4821,123.869
7647,10103,root,0,NA,NA,10103,123.869
7648,17602,root,0,NA,NA,17602,123.862
7649,10494,root,0,NA,NA,10494,123.836
7650,6972,root,0,NA,NA,6972,123.831
7651,2257,root,0,NA,NA,2257,123.788
7652,10832,root,0,NA,NA,10832,123.787
7653,9277,root,0,NA,NA,9277,123.777
7654,6253,root,0,NA,NA,6253,123.763
7655,282,root,0,NA,NA,282,123.76
7656,2444,root,0,NA,NA,2444,123.727
7657,556,root,0,NA,NA,556,123.722
7658,9137,root,0,NA,NA,9137,123.72
7659,10881,root,0,NA,NA,10881,123.713
7660,7982,root,0,NA,NA,7982,123.698
7661,18771,root,0,NA,NA,18771,123.69
7662,18803,root,0,NA,NA,18803,123.683
7663,14035,root,0,NA,NA,14035,123.678
7664,2301,root,0,NA,NA,2301,123.676
7665,8336,root,0,NA,NA,8336,123.644
7666,5116,root,0,NA,NA,5116,123.628
7667,7076,root,0,NA,NA,7076,123.621
7668,3695,root,0,NA,NA,3695,123.614
7669,10887,root,0,NA,NA,10887,123.613
7670,6843,root,0,NA,NA,6843,123.605
7671,14420,root,0,NA,NA,14420,123.597
7672,18340,root,0,NA,NA,18340,123.585
7673,7801,root,0,NA,NA,7801,123.581
7674,3669,root,0,NA,NA,3669,123.577
7675,8519,root,0,NA,NA,8519,123.573
7676,6325,root,0,NA,NA,6325,123.548
7677,1064,root,0,NA,NA,1064,123.543
7678,9949,root,0,NA,NA,9949,123.523
7679,9877,root,0,NA,NA,9877,123.515
7680,18196,root,0,NA,NA,18196,123.513
7681,15620,root,0,NA,NA,15620,123.508
7682,18650,root,0,NA,NA,18650,123.506
7683,8899,root,0,NA,NA,8899,123.498
7684,3336,root,0,NA,NA,3336,123.498
7685,6671,root,0,NA,NA,6671,123.493
7686,1004,root,0,NA,NA,1004,123.492
7687,17552,root,0,NA,NA,17552,123.49
7688,4639,root,0,NA,NA,4639,123.49
7689,18727,root,0,NA,NA,18727,123.482
7690,11502,root,0,NA,NA,11502,123.477
7691,2148,root,0,NA,NA,2148,123.463
7692,6328,root,0,NA,NA,6328,123.461
7693,7599,root,0,NA,NA,7599,123.454
7694,4200,root,0,NA,NA,4200,123.453
7695,798,root,0,NA,NA,798,123.451
7696,19240,root,0,NA,NA,19240,123.447
7697,7247,root,0,NA,NA,7247,123.439
7698,953,root,0,NA,NA,953,123.438
7699,12433,root,0,NA,NA,12433,123.432
7700,9051,root,0,NA,NA,9051,123.429
7701,9056,root,0,NA,NA,9056,123.429
7702,9059,root,0,NA,NA,9059,123.429
7703,9435,root,0,NA,NA,9435,123.421
7704,9103,root,0,NA,NA,9103,123.401
7705,9126,root,0,NA,NA,9126,123.389
7706,12210,root,0,NA,NA,12210,123.373
7707,3864,root,0,NA,NA,3864,123.367
7708,7465,root,0,NA,NA,7465,123.359
7709,15896,root,0,NA,NA,15896,123.337
7710,13043,root,0,NA,NA,13043,123.331
7711,6059,root,0,NA,NA,6059,123.318
7712,326,root,0,NA,NA,326,123.311
7713,10681,root,0,NA,NA,10681,123.286
7714,14672,root,0,NA,NA,14672,123.269
7715,7292,root,0,NA,NA,7292,123.267
7716,12787,root,0,NA,NA,12787,123.258
7717,14143,root,0,NA,NA,14143,123.255
7718,9093,root,0,NA,NA,9093,123.25
7719,6529,root,0,NA,NA,6529,123.23
7720,5315,root,0,NA,NA,5315,123.223
7721,17328,root,0,NA,NA,17328,123.212
7722,17849,root,0,NA,NA,17849,123.21
7723,6836,root,0,NA,NA,6836,123.205
7724,5857,root,0,NA,NA,5857,123.201
7725,8711,root,0,NA,NA,8711,123.194
7726,3843,root,0,NA,NA,3843,123.193
7727,7898,root,0,NA,NA,7898,123.19
7728,13834,root,0,NA,NA,13834,123.176
7729,4360,root,0,NA,NA,4360,123.165
7730,6199,root,0,NA,NA,6199,123.162
7731,5397,root,0,NA,NA,5397,123.159
7732,7290,root,0,NA,NA,7290,123.156
7733,7088,root,0,NA,NA,7088,123.15
7734,4522,root,0,NA,NA,4522,123.133
7735,15643,root,0,NA,NA,15643,123.128
7736,12153,root,0,NA,NA,12153,123.12
7737,14735,root,0,NA,NA,14735,123.12
7738,7303,root,0,NA,NA,7303,123.102
7739,13483,root,0,NA,NA,13483,123.09
7740,5436,root,0,NA,NA,5436,123.086
7741,393,root,0,NA,NA,393,123.053
7742,11697,root,0,NA,NA,11697,123.051
7743,17594,root,0,NA,NA,17594,123.048
7744,9439,root,0,NA,NA,9439,123.032
7745,6812,root,0,NA,NA,6812,123.032
7746,7143,root,0,NA,NA,7143,123.025
7747,3880,root,0,NA,NA,3880,123.022
7748,4487,root,0,NA,NA,4487,123.02
7749,8279,root,0,NA,NA,8279,123.019
7750,8269,root,0,NA,NA,8269,123
7751,3519,root,0,NA,NA,3519,122.999
7752,4251,root,0,NA,NA,4251,122.992
7753,17107,root,0,NA,NA,17107,122.991
7754,4971,root,0,NA,NA,4971,122.988
7755,8219,root,0,NA,NA,8219,122.954
7756,19829,root,0,NA,NA,19829,122.938
7757,11065,root,0,NA,NA,11065,122.922
7758,11666,root,0,NA,NA,11666,122.922
7759,8415,root,0,NA,NA,8415,122.906
7760,10041,root,0,NA,NA,10041,122.902
7761,6297,root,0,NA,NA,6297,122.9
7762,8901,root,0,NA,NA,8901,122.898
7763,5965,root,0,NA,NA,5965,122.892
7764,16538,root,0,NA,NA,16538,122.885
7765,8757,root,0,NA,NA,8757,122.875
7766,8589,root,0,NA,NA,8589,122.869
7767,11582,root,0,NA,NA,11582,122.85
7768,8368,root,0,NA,NA,8368,122.843
7769,11035,root,0,NA,NA,11035,122.831
7770,4121,root,0,NA,NA,4121,122.827
7771,18427,root,0,NA,NA,18427,122.824
7772,18175,root,0,NA,NA,18175,122.806
7773,15114,root,0,NA,NA,15114,122.8
7774,10209,root,0,NA,NA,10209,122.8
7775,15955,root,0,NA,NA,15955,122.786
7776,12669,root,0,NA,NA,12669,122.78
7777,13362,root,0,NA,NA,13362,122.776
7778,10444,root,0,NA,NA,10444,122.773
7779,8454,root,0,NA,NA,8454,122.769
7780,392,root,0,NA,NA,392,122.769
7781,7342,root,0,NA,NA,7342,122.765
7782,13242,root,0,NA,NA,13242,122.754
7783,7200,root,0,NA,NA,7200,122.74
7784,4686,root,0,NA,NA,4686,122.736
7785,7043,root,0,NA,NA,7043,122.731
7786,10323,root,0,NA,NA,10323,122.717
7787,8591,root,0,NA,NA,8591,122.715
7788,5952,root,0,NA,NA,5952,122.708
7789,11083,root,0,NA,NA,11083,122.703
7790,7174,root,0,NA,NA,7174,122.698
7791,11641,root,0,NA,NA,11641,122.692
7792,8234,root,0,NA,NA,8234,122.689
7793,16116,root,0,NA,NA,16116,122.685
7794,18643,root,0,NA,NA,18643,122.678
7795,19612,root,0,NA,NA,19612,122.674
7796,9834,root,0,NA,NA,9834,122.658
7797,2475,root,0,NA,NA,2475,122.658
7798,19436,root,0,NA,NA,19436,122.656
7799,5278,root,0,NA,NA,5278,122.638
7800,9346,root,0,NA,NA,9346,122.624
7801,13181,root,0,NA,NA,13181,122.617
7802,9148,root,0,NA,NA,9148,122.612
7803,3405,root,0,NA,NA,3405,122.607
7804,19402,root,0,NA,NA,19402,122.602
7805,7055,root,0,NA,NA,7055,122.589
7806,821,root,0,NA,NA,821,122.585
7807,3622,root,0,NA,NA,3622,122.58
7808,11621,root,0,NA,NA,11621,122.579
7809,9120,root,0,NA,NA,9120,122.575
7810,9100,root,0,NA,NA,9100,122.558
7811,6786,root,0,NA,NA,6786,122.552
7812,7193,root,0,NA,NA,7193,122.543
7813,10722,root,0,NA,NA,10722,122.534
7814,12616,root,0,NA,NA,12616,122.523
7815,12334,root,0,NA,NA,12334,122.522
7816,6356,root,0,NA,NA,6356,122.497
7817,19344,root,0,NA,NA,19344,122.49
7818,8907,root,0,NA,NA,8907,122.489
7819,18343,root,0,NA,NA,18343,122.473
7820,4951,root,0,NA,NA,4951,122.461
7821,4959,root,0,NA,NA,4959,122.461
7822,4967,root,0,NA,NA,4967,122.461
7823,4972,root,0,NA,NA,4972,122.461
7824,11700,root,0,NA,NA,11700,122.46
7825,6412,root,0,NA,NA,6412,122.436
7826,3182,root,0,NA,NA,3182,122.429
7827,1249,root,0,NA,NA,1249,122.427
7828,7666,root,0,NA,NA,7666,122.425
7829,14527,root,0,NA,NA,14527,122.418
7830,5019,root,0,NA,NA,5019,122.418
7831,515,root,0,NA,NA,515,122.405
7832,17706,root,0,NA,NA,17706,122.399
7833,6918,root,0,NA,NA,6918,122.393
7834,6708,root,0,NA,NA,6708,122.389
7835,5351,root,0,NA,NA,5351,122.385
7836,13996,root,0,NA,NA,13996,122.38
7837,18877,root,0,NA,NA,18877,122.373
7838,13415,root,0,NA,NA,13415,122.372
7839,17670,root,0,NA,NA,17670,122.367
7840,17799,root,0,NA,NA,17799,122.359
7841,8754,root,0,NA,NA,8754,122.357
7842,9637,root,0,NA,NA,9637,122.353
7843,15878,root,0,NA,NA,15878,122.34
7844,10781,root,0,NA,NA,10781,122.331
7845,8163,root,0,NA,NA,8163,122.331
7846,8277,root,0,NA,NA,8277,122.33
7847,16553,root,0,NA,NA,16553,122.321
7848,11494,root,0,NA,NA,11494,122.312
7849,7475,root,0,NA,NA,7475,122.306
7850,19036,root,0,NA,NA,19036,122.287
7851,6219,root,0,NA,NA,6219,122.266
7852,8092,root,0,NA,NA,8092,122.261
7853,6357,root,0,NA,NA,6357,122.248
7854,3486,root,0,NA,NA,3486,122.237
7855,12505,root,0,NA,NA,12505,122.235
7856,14048,root,0,NA,NA,14048,122.213
7857,7559,root,0,NA,NA,7559,122.206
7858,12996,root,0,NA,NA,12996,122.198
7859,10826,root,0,NA,NA,10826,122.196
7860,5936,root,0,NA,NA,5936,122.18
7861,10694,root,0,NA,NA,10694,122.172
7862,8622,root,0,NA,NA,8622,122.172
7863,1063,root,0,NA,NA,1063,122.167
7864,6673,root,0,NA,NA,6673,122.16
7865,9181,root,0,NA,NA,9181,122.134
7866,656,root,0,NA,NA,656,122.13
7867,5753,root,0,NA,NA,5753,122.13
7868,7987,root,0,NA,NA,7987,122.1
7869,6685,root,0,NA,NA,6685,122.088
7870,1871,root,0,NA,NA,1871,122.071
7871,14391,root,0,NA,NA,14391,122.069
7872,8540,root,0,NA,NA,8540,122.059
7873,15542,root,0,NA,NA,15542,122.058
7874,455,root,0,NA,NA,455,122.046
7875,19311,root,0,NA,NA,19311,122.045
7876,4814,root,0,NA,NA,4814,122.039
7877,133,root,0,NA,NA,133,122.033
7878,1184,root,0,NA,NA,1184,122.03
7879,7314,root,0,NA,NA,7314,122.027
7880,15515,root,0,NA,NA,15515,122.018
7881,7187,root,0,NA,NA,7187,122.015
7882,14167,root,0,NA,NA,14167,122.015
7883,8096,root,0,NA,NA,8096,122.014
7884,99,root,0,NA,NA,99,122.001
7885,5915,root,0,NA,NA,5915,121.973
7886,4543,root,0,NA,NA,4543,121.973
7887,6830,root,0,NA,NA,6830,121.945
7888,7208,root,0,NA,NA,7208,121.926
7889,11854,root,0,NA,NA,11854,121.923
7890,11210,root,0,NA,NA,11210,121.895
7891,3925,root,0,NA,NA,3925,121.886
7892,13661,root,0,NA,NA,13661,121.878
7893,9380,root,0,NA,NA,9380,121.874
7894,19066,root,0,NA,NA,19066,121.852
7895,11655,root,0,NA,NA,11655,121.852
7896,14027,root,0,NA,NA,14027,121.852
7897,13410,root,0,NA,NA,13410,121.829
7898,12106,root,0,NA,NA,12106,121.828
7899,7595,root,0,NA,NA,7595,121.823
7900,12308,root,0,NA,NA,12308,121.82
7901,12087,root,0,NA,NA,12087,121.816
7902,7459,root,0,NA,NA,7459,121.791
7903,6829,root,0,NA,NA,6829,121.79
7904,7913,root,0,NA,NA,7913,121.777
7905,6018,root,0,NA,NA,6018,121.774
7906,19609,root,0,NA,NA,19609,121.769
7907,18954,root,0,NA,NA,18954,121.755
7908,6669,root,0,NA,NA,6669,121.75
7909,6237,root,0,NA,NA,6237,121.748
7910,14062,root,0,NA,NA,14062,121.74
7911,17661,root,0,NA,NA,17661,121.738
7912,11365,root,0,NA,NA,11365,121.738
7913,7297,root,0,NA,NA,7297,121.729
7914,2586,root,0,NA,NA,2586,121.727
7915,14059,root,0,NA,NA,14059,121.718
7916,6508,root,0,NA,NA,6508,121.713
7917,6372,root,0,NA,NA,6372,121.704
7918,11396,root,0,NA,NA,11396,121.697
7919,3893,root,0,NA,NA,3893,121.693
7920,9066,root,0,NA,NA,9066,121.687
7921,9019,root,0,NA,NA,9019,121.67
7922,17472,root,0,NA,NA,17472,121.665
7923,10840,root,0,NA,NA,10840,121.665
7924,12306,root,0,NA,NA,12306,121.659
7925,4767,root,0,NA,NA,4767,121.653
7926,4093,root,0,NA,NA,4093,121.65
7927,5556,root,0,NA,NA,5556,121.646
7928,8021,root,0,NA,NA,8021,121.641
7929,11553,root,0,NA,NA,11553,121.64
7930,1931,root,0,NA,NA,1931,121.639
7931,6137,root,0,NA,NA,6137,121.636
7932,17081,root,0,NA,NA,17081,121.633
7933,703,root,0,NA,NA,703,121.622
7934,8465,root,0,NA,NA,8465,121.614
7935,6749,root,0,NA,NA,6749,121.613
7936,15637,root,0,NA,NA,15637,121.61
7937,7867,root,0,NA,NA,7867,121.609
7938,7453,root,0,NA,NA,7453,121.607
7939,17008,root,0,NA,NA,17008,121.605
7940,6363,root,0,NA,NA,6363,121.593
7941,4209,root,0,NA,NA,4209,121.591
7942,18808,root,0,NA,NA,18808,121.589
7943,1725,root,0,NA,NA,1725,121.584
7944,7911,root,0,NA,NA,7911,121.581
7945,3006,root,0,NA,NA,3006,121.55
7946,9087,root,0,NA,NA,9087,121.537
7947,17643,root,0,NA,NA,17643,121.535
7948,4658,root,0,NA,NA,4658,121.533
7949,12451,root,0,NA,NA,12451,121.53
7950,10443,root,0,NA,NA,10443,121.517
7951,8032,root,0,NA,NA,8032,121.517
7952,1002,root,0,NA,NA,1002,121.508
7953,8242,root,0,NA,NA,8242,121.481
7954,8789,root,0,NA,NA,8789,121.479
7955,3059,root,0,NA,NA,3059,121.474
7956,17401,root,0,NA,NA,17401,121.448
7957,11069,root,0,NA,NA,11069,121.447
7958,5538,root,0,NA,NA,5538,121.44
7959,9116,root,0,NA,NA,9116,121.432
7960,2228,root,0,NA,NA,2228,121.424
7961,743,root,0,NA,NA,743,121.404
7962,4773,root,0,NA,NA,4773,121.402
7963,8824,root,0,NA,NA,8824,121.398
7964,8933,root,0,NA,NA,8933,121.387
7965,9519,root,0,NA,NA,9519,121.378
7966,7634,root,0,NA,NA,7634,121.377
7967,13014,root,0,NA,NA,13014,121.376
7968,9228,root,0,NA,NA,9228,121.369
7969,3229,root,0,NA,NA,3229,121.353
7970,1052,root,0,NA,NA,1052,121.34
7971,5703,root,0,NA,NA,5703,121.326
7972,10216,root,0,NA,NA,10216,121.321
7973,13573,root,0,NA,NA,13573,121.315
7974,9169,root,0,NA,NA,9169,121.302
7975,8335,root,0,NA,NA,8335,121.301
7976,14569,root,0,NA,NA,14569,121.294
7977,6098,root,0,NA,NA,6098,121.29
7978,19269,root,0,NA,NA,19269,121.287
7979,6017,root,0,NA,NA,6017,121.281
7980,10274,root,0,NA,NA,10274,121.272
7981,279,root,0,NA,NA,279,121.268
7982,10067,root,0,NA,NA,10067,121.265
7983,2824,root,0,NA,NA,2824,121.256
7984,7525,root,0,NA,NA,7525,121.242
7985,1627,root,0,NA,NA,1627,121.229
7986,4003,root,0,NA,NA,4003,121.225
7987,7300,root,0,NA,NA,7300,121.223
7988,12871,root,0,NA,NA,12871,121.222
7989,12425,root,0,NA,NA,12425,121.216
7990,7376,root,0,NA,NA,7376,121.208
7991,9180,root,0,NA,NA,9180,121.204
7992,6216,root,0,NA,NA,6216,121.201
7993,7684,root,0,NA,NA,7684,121.197
7994,8998,root,0,NA,NA,8998,121.196
7995,4561,root,0,NA,NA,4561,121.192
7996,16345,root,0,NA,NA,16345,121.184
7997,13976,root,0,NA,NA,13976,121.18
7998,16383,root,0,NA,NA,16383,121.161
7999,4501,root,0,NA,NA,4501,121.141
8000,12651,root,0,NA,NA,12651,121.13
8001,2429,root,0,NA,NA,2429,121.127
8002,10355,root,0,NA,NA,10355,121.125
8003,7295,root,0,NA,NA,7295,121.113
8004,16734,root,0,NA,NA,16734,121.11
8005,1135,root,0,NA,NA,1135,121.105
8006,4076,root,0,NA,NA,4076,121.091
8007,12949,root,0,NA,NA,12949,121.091
8008,19140,root,0,NA,NA,19140,121.089
8009,5970,root,0,NA,NA,5970,121.068
8010,6041,root,0,NA,NA,6041,121.061
8011,226,root,0,NA,NA,226,121.06
8012,231,root,0,NA,NA,231,121.06
8013,236,root,0,NA,NA,236,121.06
8014,239,root,0,NA,NA,239,121.06
8015,244,root,0,NA,NA,244,121.06
8016,252,root,0,NA,NA,252,121.06
8017,257,root,0,NA,NA,257,121.06
8018,260,root,0,NA,NA,260,121.06
8019,265,root,0,NA,NA,265,121.06
8020,172,root,0,NA,NA,172,121.05
8021,11063,root,0,NA,NA,11063,121.043
8022,7139,root,0,NA,NA,7139,121.042
8023,4425,root,0,NA,NA,4425,121.033
8024,12405,root,0,NA,NA,12405,121.031
8025,14887,root,0,NA,NA,14887,121.018
8026,1261,root,0,NA,NA,1261,121.016
8027,9452,root,0,NA,NA,9452,121.013
8028,8720,root,0,NA,NA,8720,121.005
8029,8947,root,0,NA,NA,8947,120.998
8030,2250,root,0,NA,NA,2250,120.995
8031,13594,root,0,NA,NA,13594,120.985
8032,1295,root,0,NA,NA,1295,120.977
8033,3370,root,0,NA,NA,3370,120.958
8034,4950,root,0,NA,NA,4950,120.949
8035,10407,root,0,NA,NA,10407,120.932
8036,8274,root,0,NA,NA,8274,120.916
8037,5335,root,0,NA,NA,5335,120.906
8038,16506,root,0,NA,NA,16506,120.902
8039,4467,root,0,NA,NA,4467,120.882
8040,16044,root,0,NA,NA,16044,120.877
8041,8428,root,0,NA,NA,8428,120.858
8042,3817,root,0,NA,NA,3817,120.857
8043,9171,root,0,NA,NA,9171,120.794
8044,8225,root,0,NA,NA,8225,120.781
8045,9177,root,0,NA,NA,9177,120.779
8046,6787,root,0,NA,NA,6787,120.778
8047,8478,root,0,NA,NA,8478,120.767
8048,6174,root,0,NA,NA,6174,120.753
8049,4042,root,0,NA,NA,4042,120.748
8050,15767,root,0,NA,NA,15767,120.742
8051,11544,root,0,NA,NA,11544,120.735
8052,1395,root,0,NA,NA,1395,120.711
8053,10699,root,0,NA,NA,10699,120.699
8054,14800,root,0,NA,NA,14800,120.695
8055,6364,root,0,NA,NA,6364,120.677
8056,11650,root,0,NA,NA,11650,120.669
8057,18646,root,0,NA,NA,18646,120.668
8058,12983,root,0,NA,NA,12983,120.664
8059,11402,root,0,NA,NA,11402,120.656
8060,12814,root,0,NA,NA,12814,120.652
8061,10452,root,0,NA,NA,10452,120.644
8062,16904,root,0,NA,NA,16904,120.636
8063,12832,root,0,NA,NA,12832,120.628
8064,4474,root,0,NA,NA,4474,120.623
8065,555,root,0,NA,NA,555,120.617
8066,10242,root,0,NA,NA,10242,120.615
8067,1420,root,0,NA,NA,1420,120.606
8068,4230,root,0,NA,NA,4230,120.606
8069,7859,root,0,NA,NA,7859,120.605
8070,3805,root,0,NA,NA,3805,120.591
8071,3004,root,0,NA,NA,3004,120.59
8072,10463,root,0,NA,NA,10463,120.588
8073,9404,root,0,NA,NA,9404,120.587
8074,18165,root,0,NA,NA,18165,120.584
8075,17030,root,0,NA,NA,17030,120.582
8076,9716,root,0,NA,NA,9716,120.58
8077,7098,root,0,NA,NA,7098,120.572
8078,15654,root,0,NA,NA,15654,120.57
8079,9512,root,0,NA,NA,9512,120.569
8080,8559,root,0,NA,NA,8559,120.551
8081,3885,root,0,NA,NA,3885,120.534
8082,7499,root,0,NA,NA,7499,120.534
8083,11476,root,0,NA,NA,11476,120.528
8084,136,root,0,NA,NA,136,120.528
8085,750,root,0,NA,NA,750,120.526
8086,381,root,0,NA,NA,381,120.51
8087,11669,root,0,NA,NA,11669,120.505
8088,4416,root,0,NA,NA,4416,120.505
8089,5868,root,0,NA,NA,5868,120.501
8090,1680,root,0,NA,NA,1680,120.5
8091,7921,root,0,NA,NA,7921,120.494
8092,3916,root,0,NA,NA,3916,120.493
8093,3704,root,0,NA,NA,3704,120.483
8094,12099,root,0,NA,NA,12099,120.483
8095,14616,root,0,NA,NA,14616,120.481
8096,9096,root,0,NA,NA,9096,120.463
8097,8298,root,0,NA,NA,8298,120.447
8098,8486,root,0,NA,NA,8486,120.443
8099,7385,root,0,NA,NA,7385,120.437
8100,15336,root,0,NA,NA,15336,120.428
8101,16257,root,0,NA,NA,16257,120.428
8102,489,root,0,NA,NA,489,120.423
8103,7590,root,0,NA,NA,7590,120.406
8104,3856,root,0,NA,NA,3856,120.406
8105,3300,root,0,NA,NA,3300,120.397
8106,17703,root,0,NA,NA,17703,120.397
8107,5109,root,0,NA,NA,5109,120.394
8108,12765,root,0,NA,NA,12765,120.377
8109,620,root,0,NA,NA,620,120.354
8110,8810,root,0,NA,NA,8810,120.338
8111,19368,root,0,NA,NA,19368,120.332
8112,15183,root,0,NA,NA,15183,120.326
8113,11324,root,0,NA,NA,11324,120.317
8114,7990,root,0,NA,NA,7990,120.315
8115,4619,root,0,NA,NA,4619,120.314
8116,15093,root,0,NA,NA,15093,120.313
8117,2201,root,0,NA,NA,2201,120.313
8118,19021,root,0,NA,NA,19021,120.312
8119,16789,root,0,NA,NA,16789,120.301
8120,9134,root,0,NA,NA,9134,120.3
8121,6105,root,0,NA,NA,6105,120.286
8122,9587,root,0,NA,NA,9587,120.281
8123,8567,root,0,NA,NA,8567,120.276
8124,169,root,0,NA,NA,169,120.273
8125,12582,root,0,NA,NA,12582,120.271
8126,10082,root,0,NA,NA,10082,120.262
8127,19840,root,0,NA,NA,19840,120.259
8128,15895,root,0,NA,NA,15895,120.251
8129,2556,root,0,NA,NA,2556,120.24
8130,10810,root,0,NA,NA,10810,120.239
8131,12798,root,0,NA,NA,12798,120.223
8132,18641,root,0,NA,NA,18641,120.198
8133,13839,root,0,NA,NA,13839,120.192
8134,6500,root,0,NA,NA,6500,120.183
8135,4739,root,0,NA,NA,4739,120.176
8136,8345,root,0,NA,NA,8345,120.171
8137,8027,root,0,NA,NA,8027,120.167
8138,10145,root,0,NA,NA,10145,120.146
8139,5928,root,0,NA,NA,5928,120.143
8140,3995,root,0,NA,NA,3995,120.138
8141,5213,root,0,NA,NA,5213,120.124
8142,15402,root,0,NA,NA,15402,120.113
8143,9045,root,0,NA,NA,9045,120.106
8144,3675,root,0,NA,NA,3675,120.105
8145,8556,root,0,NA,NA,8556,120.099
8146,13325,root,0,NA,NA,13325,120.086
8147,9889,root,0,NA,NA,9889,120.084
8148,8855,root,0,NA,NA,8855,120.084
8149,10239,root,0,NA,NA,10239,120.081
8150,6919,root,0,NA,NA,6919,120.078
8151,12040,root,0,NA,NA,12040,120.059
8152,8095,root,0,NA,NA,8095,120.055
8153,8959,root,0,NA,NA,8959,120.053
8154,5738,root,0,NA,NA,5738,120.052
8155,9894,root,0,NA,NA,9894,120.044
8156,3945,root,0,NA,NA,3945,120.044
8157,18762,root,0,NA,NA,18762,120.041
8158,227,root,0,NA,NA,227,120.036
8159,4401,root,0,NA,NA,4401,120.029
8160,10372,root,0,NA,NA,10372,120.019
8161,15362,root,0,NA,NA,15362,120.019
8162,9891,root,0,NA,NA,9891,120.008
8163,1516,root,0,NA,NA,1516,120
8164,5937,root,0,NA,NA,5937,119.995
8165,4246,root,0,NA,NA,4246,119.988
8166,8821,root,0,NA,NA,8821,119.981
8167,7234,root,0,NA,NA,7234,119.98
8168,7113,root,0,NA,NA,7113,119.966
8169,1331,root,0,NA,NA,1331,119.959
8170,16802,root,0,NA,NA,16802,119.958
8171,10765,root,0,NA,NA,10765,119.954
8172,7203,root,0,NA,NA,7203,119.953
8173,7449,root,0,NA,NA,7449,119.952
8174,9556,root,0,NA,NA,9556,119.93
8175,10814,root,0,NA,NA,10814,119.928
8176,18183,root,0,NA,NA,18183,119.907
8177,4841,root,0,NA,NA,4841,119.906
8178,12331,root,0,NA,NA,12331,119.897
8179,5933,root,0,NA,NA,5933,119.876
8180,3450,root,0,NA,NA,3450,119.873
8181,13530,root,0,NA,NA,13530,119.868
8182,9378,root,0,NA,NA,9378,119.865
8183,11218,root,0,NA,NA,11218,119.864
8184,9698,root,0,NA,NA,9698,119.863
8185,12383,root,0,NA,NA,12383,119.859
8186,1787,root,0,NA,NA,1787,119.851
8187,12878,root,0,NA,NA,12878,119.843
8188,543,root,0,NA,NA,543,119.842
8189,4853,root,0,NA,NA,4853,119.838
8190,6229,root,0,NA,NA,6229,119.822
8191,12899,root,0,NA,NA,12899,119.807
8192,19030,root,0,NA,NA,19030,119.785
8193,19360,root,0,NA,NA,19360,119.778
8194,13758,root,0,NA,NA,13758,119.765
8195,4287,root,0,NA,NA,4287,119.764
8196,1742,root,0,NA,NA,1742,119.76
8197,6438,root,0,NA,NA,6438,119.75
8198,7812,root,0,NA,NA,7812,119.741
8199,18060,root,0,NA,NA,18060,119.74
8200,14943,root,0,NA,NA,14943,119.74
8201,1119,root,0,NA,NA,1119,119.732
8202,15117,root,0,NA,NA,15117,119.727
8203,16636,root,0,NA,NA,16636,119.725
8204,7926,root,0,NA,NA,7926,119.722
8205,15674,root,0,NA,NA,15674,119.718
8206,16421,root,0,NA,NA,16421,119.717
8207,9873,root,0,NA,NA,9873,119.697
8208,13553,root,0,NA,NA,13553,119.695
8209,18367,root,0,NA,NA,18367,119.685
8210,13929,root,0,NA,NA,13929,119.681
8211,10159,root,0,NA,NA,10159,119.674
8212,12225,root,0,NA,NA,12225,119.668
8213,19653,root,0,NA,NA,19653,119.65
8214,8481,root,0,NA,NA,8481,119.643
8215,13450,root,0,NA,NA,13450,119.638
8216,16949,root,0,NA,NA,16949,119.636
8217,7153,root,0,NA,NA,7153,119.629
8218,9363,root,0,NA,NA,9363,119.622
8219,17454,root,0,NA,NA,17454,119.598
8220,14274,root,0,NA,NA,14274,119.595
8221,5391,root,0,NA,NA,5391,119.585
8222,6317,root,0,NA,NA,6317,119.574
8223,4607,root,0,NA,NA,4607,119.568
8224,7698,root,0,NA,NA,7698,119.562
8225,15229,root,0,NA,NA,15229,119.558
8226,7321,root,0,NA,NA,7321,119.553
8227,10208,root,0,NA,NA,10208,119.545
8228,18129,root,0,NA,NA,18129,119.545
8229,8281,root,0,NA,NA,8281,119.532
8230,8286,root,0,NA,NA,8286,119.532
8231,8289,root,0,NA,NA,8289,119.532
8232,8294,root,0,NA,NA,8294,119.532
8233,11226,root,0,NA,NA,11226,119.531
8234,577,root,0,NA,NA,577,119.53
8235,6185,root,0,NA,NA,6185,119.51
8236,6946,root,0,NA,NA,6946,119.496
8237,13044,root,0,NA,NA,13044,119.495
8238,9675,root,0,NA,NA,9675,119.487
8239,14666,root,0,NA,NA,14666,119.481
8240,1158,root,0,NA,NA,1158,119.466
8241,6731,root,0,NA,NA,6731,119.459
8242,13916,root,0,NA,NA,13916,119.459
8243,6156,root,0,NA,NA,6156,119.459
8244,17186,root,0,NA,NA,17186,119.447
8245,9139,root,0,NA,NA,9139,119.446
8246,5084,root,0,NA,NA,5084,119.439
8247,17465,root,0,NA,NA,17465,119.438
8248,19602,root,0,NA,NA,19602,119.433
8249,3761,root,0,NA,NA,3761,119.43
8250,17971,root,0,NA,NA,17971,119.426
8251,10571,root,0,NA,NA,10571,119.42
8252,6240,root,0,NA,NA,6240,119.4
8253,12731,root,0,NA,NA,12731,119.39
8254,10329,root,0,NA,NA,10329,119.39
8255,3162,root,0,NA,NA,3162,119.386
8256,11312,root,0,NA,NA,11312,119.386
8257,4055,root,0,NA,NA,4055,119.359
8258,8151,root,0,NA,NA,8151,119.335
8259,11001,root,0,NA,NA,11001,119.32
8260,19659,root,0,NA,NA,19659,119.309
8261,10695,root,0,NA,NA,10695,119.308
8262,8875,root,0,NA,NA,8875,119.283
8263,10475,root,0,NA,NA,10475,119.277
8264,6994,root,0,NA,NA,6994,119.272
8265,6138,root,0,NA,NA,6138,119.268
8266,10760,root,0,NA,NA,10760,119.25
8267,8410,root,0,NA,NA,8410,119.243
8268,12104,root,0,NA,NA,12104,119.24
8269,5920,root,0,NA,NA,5920,119.228
8270,8375,root,0,NA,NA,8375,119.222
8271,3195,root,0,NA,NA,3195,119.221
8272,13169,root,0,NA,NA,13169,119.215
8273,17673,root,0,NA,NA,17673,119.208
8274,16571,root,0,NA,NA,16571,119.208
8275,8675,root,0,NA,NA,8675,119.205
8276,4152,root,0,NA,NA,4152,119.202
8277,9131,root,0,NA,NA,9131,119.197
8278,9342,root,0,NA,NA,9342,119.19
8279,19396,root,0,NA,NA,19396,119.186
8280,9396,root,0,NA,NA,9396,119.182
8281,6926,root,0,NA,NA,6926,119.166
8282,4021,root,0,NA,NA,4021,119.158
8283,11781,root,0,NA,NA,11781,119.155
8284,7084,root,0,NA,NA,7084,119.143
8285,15053,root,0,NA,NA,15053,119.143
8286,15611,root,0,NA,NA,15611,119.11
8287,8680,root,0,NA,NA,8680,119.107
8288,261,root,0,NA,NA,261,119.061
8289,8955,root,0,NA,NA,8955,119.056
8290,15318,root,0,NA,NA,15318,119.047
8291,5912,root,0,NA,NA,5912,119.017
8292,4897,root,0,NA,NA,4897,119.017
8293,11429,root,0,NA,NA,11429,119.007
8294,12067,root,0,NA,NA,12067,119.005
8295,14577,root,0,NA,NA,14577,118.989
8296,13315,root,0,NA,NA,13315,118.982
8297,19601,root,0,NA,NA,19601,118.979
8298,14463,root,0,NA,NA,14463,118.95
8299,17751,root,0,NA,NA,17751,118.948
8300,2272,root,0,NA,NA,2272,118.944
8301,6821,root,0,NA,NA,6821,118.944
8302,4068,root,0,NA,NA,4068,118.943
8303,6177,root,0,NA,NA,6177,118.939
8304,6221,root,0,NA,NA,6221,118.938
8305,8448,root,0,NA,NA,8448,118.938
8306,9090,root,0,NA,NA,9090,118.93
8307,7260,root,0,NA,NA,7260,118.913
8308,3570,root,0,NA,NA,3570,118.909
8309,9286,root,0,NA,NA,9286,118.909
8310,4314,root,0,NA,NA,4314,118.897
8311,8849,root,0,NA,NA,8849,118.879
8312,5724,root,0,NA,NA,5724,118.877
8313,12575,root,0,NA,NA,12575,118.873
8314,8532,root,0,NA,NA,8532,118.87
8315,7518,root,0,NA,NA,7518,118.862
8316,9454,root,0,NA,NA,9454,118.851
8317,7441,root,0,NA,NA,7441,118.845
8318,14530,root,0,NA,NA,14530,118.839
8319,70,root,0,NA,NA,70,118.811
8320,7722,root,0,NA,NA,7722,118.809
8321,7302,root,0,NA,NA,7302,118.8
8322,5978,root,0,NA,NA,5978,118.797
8323,9868,root,0,NA,NA,9868,118.77
8324,10815,root,0,NA,NA,10815,118.764
8325,6153,root,0,NA,NA,6153,118.75
8326,4162,root,0,NA,NA,4162,118.744
8327,9923,root,0,NA,NA,9923,118.735
8328,9427,root,0,NA,NA,9427,118.735
8329,10948,root,0,NA,NA,10948,118.724
8330,4316,root,0,NA,NA,4316,118.715
8331,18253,root,0,NA,NA,18253,118.714
8332,10279,root,0,NA,NA,10279,118.698
8333,5991,root,0,NA,NA,5991,118.683
8334,18738,root,0,NA,NA,18738,118.681
8335,18552,root,0,NA,NA,18552,118.672
8336,15963,root,0,NA,NA,15963,118.667
8337,9552,root,0,NA,NA,9552,118.666
8338,6464,root,0,NA,NA,6464,118.656
8339,15703,root,0,NA,NA,15703,118.652
8340,6947,root,0,NA,NA,6947,118.64
8341,14867,root,0,NA,NA,14867,118.63
8342,8473,root,0,NA,NA,8473,118.622
8343,18034,root,0,NA,NA,18034,118.608
8344,14684,root,0,NA,NA,14684,118.605
8345,10098,root,0,NA,NA,10098,118.602
8346,3890,root,0,NA,NA,3890,118.601
8347,6604,root,0,NA,NA,6604,118.596
8348,5575,root,0,NA,NA,5575,118.58
8349,1945,root,0,NA,NA,1945,118.579
8350,15913,root,0,NA,NA,15913,118.578
8351,11422,root,0,NA,NA,11422,118.572
8352,5497,root,0,NA,NA,5497,118.562
8353,17052,root,0,NA,NA,17052,118.559
8354,3869,root,0,NA,NA,3869,118.549
8355,18394,root,0,NA,NA,18394,118.545
8356,11861,root,0,NA,NA,11861,118.544
8357,6482,root,0,NA,NA,6482,118.537
8358,17289,root,0,NA,NA,17289,118.528
8359,10799,root,0,NA,NA,10799,118.52
8360,3848,root,0,NA,NA,3848,118.504
8361,12771,root,0,NA,NA,12771,118.497
8362,9303,root,0,NA,NA,9303,118.488
8363,10201,root,0,NA,NA,10201,118.486
8364,11136,root,0,NA,NA,11136,118.48
8365,8774,root,0,NA,NA,8774,118.478
8366,9954,root,0,NA,NA,9954,118.47
8367,6712,root,0,NA,NA,6712,118.46
8368,8583,root,0,NA,NA,8583,118.455
8369,16940,root,0,NA,NA,16940,118.453
8370,11888,root,0,NA,NA,11888,118.446
8371,6550,root,0,NA,NA,6550,118.435
8372,9613,root,0,NA,NA,9613,118.434
8373,12318,root,0,NA,NA,12318,118.426
8374,1121,root,0,NA,NA,1121,118.42
8375,11265,root,0,NA,NA,11265,118.415
8376,13143,root,0,NA,NA,13143,118.415
8377,3898,root,0,NA,NA,3898,118.411
8378,4514,root,0,NA,NA,4514,118.407
8379,12714,root,0,NA,NA,12714,118.403
8380,4073,root,0,NA,NA,4073,118.396
8381,11899,root,0,NA,NA,11899,118.39
8382,10776,root,0,NA,NA,10776,118.388
8383,3607,root,0,NA,NA,3607,118.383
8384,6125,root,0,NA,NA,6125,118.38
8385,1107,root,0,NA,NA,1107,118.377
8386,9469,root,0,NA,NA,9469,118.371
8387,606,root,0,NA,NA,606,118.367
8388,15763,root,0,NA,NA,15763,118.358
8389,19480,root,0,NA,NA,19480,118.354
8390,6524,root,0,NA,NA,6524,118.348
8391,15891,root,0,NA,NA,15891,118.348
8392,5834,root,0,NA,NA,5834,118.333
8393,7952,root,0,NA,NA,7952,118.292
8394,7713,root,0,NA,NA,7713,118.289
8395,9796,root,0,NA,NA,9796,118.288
8396,10643,root,0,NA,NA,10643,118.286
8397,14717,root,0,NA,NA,14717,118.253
8398,7765,root,0,NA,NA,7765,118.253
8399,6509,root,0,NA,NA,6509,118.252
8400,10234,root,0,NA,NA,10234,118.243
8401,18408,root,0,NA,NA,18408,118.238
8402,10367,root,0,NA,NA,10367,118.232
8403,9892,root,0,NA,NA,9892,118.229
8404,3877,root,0,NA,NA,3877,118.223
8405,18816,root,0,NA,NA,18816,118.217
8406,6727,root,0,NA,NA,6727,118.21
8407,12982,root,0,NA,NA,12982,118.209
8408,5352,root,0,NA,NA,5352,118.205
8409,2190,root,0,NA,NA,2190,118.189
8410,15281,root,0,NA,NA,15281,118.188
8411,19751,root,0,NA,NA,19751,118.184
8412,8222,root,0,NA,NA,8222,118.159
8413,3818,root,0,NA,NA,3818,118.158
8414,6284,root,0,NA,NA,6284,118.151
8415,8902,root,0,NA,NA,8902,118.125
8416,10414,root,0,NA,NA,10414,118.115
8417,13087,root,0,NA,NA,13087,118.105
8418,5072,root,0,NA,NA,5072,118.105
8419,7460,root,0,NA,NA,7460,118.098
8420,18736,root,0,NA,NA,18736,118.097
8421,7947,root,0,NA,NA,7947,118.093
8422,777,root,0,NA,NA,777,118.08
8423,10001,root,0,NA,NA,10001,118.064
8424,9652,root,0,NA,NA,9652,118.059
8425,1538,root,0,NA,NA,1538,118.056
8426,10046,root,0,NA,NA,10046,118.054
8427,13841,root,0,NA,NA,13841,118.051
8428,4038,root,0,NA,NA,4038,118.049
8429,16911,root,0,NA,NA,16911,118.041
8430,12048,root,0,NA,NA,12048,118.041
8431,6762,root,0,NA,NA,6762,118.024
8432,11459,root,0,NA,NA,11459,118.003
8433,7122,root,0,NA,NA,7122,117.979
8434,4060,root,0,NA,NA,4060,117.966
8435,7062,root,0,NA,NA,7062,117.953
8436,12664,root,0,NA,NA,12664,117.949
8437,16823,root,0,NA,NA,16823,117.933
8438,8439,root,0,NA,NA,8439,117.93
8439,11048,root,0,NA,NA,11048,117.92
8440,3830,root,0,NA,NA,3830,117.912
8441,19607,root,0,NA,NA,19607,117.907
8442,25,root,0,NA,NA,25,117.904
8443,5384,root,0,NA,NA,5384,117.902
8444,6511,root,0,NA,NA,6511,117.89
8445,17711,root,0,NA,NA,17711,117.888
8446,7211,root,0,NA,NA,7211,117.887
8447,12399,root,0,NA,NA,12399,117.879
8448,59,root,0,NA,NA,59,117.876
8449,19306,root,0,NA,NA,19306,117.862
8450,4089,root,0,NA,NA,4089,117.846
8451,4679,root,0,NA,NA,4679,117.837
8452,15773,root,0,NA,NA,15773,117.834
8453,9733,root,0,NA,NA,9733,117.828
8454,12777,root,0,NA,NA,12777,117.808
8455,5453,root,0,NA,NA,5453,117.768
8456,8766,root,0,NA,NA,8766,117.761
8457,14439,root,0,NA,NA,14439,117.757
8458,9206,root,0,NA,NA,9206,117.752
8459,6161,root,0,NA,NA,6161,117.751
8460,14335,root,0,NA,NA,14335,117.747
8461,6440,root,0,NA,NA,6440,117.735
8462,462,root,0,NA,NA,462,117.728
8463,17311,root,0,NA,NA,17311,117.705
8464,10455,root,0,NA,NA,10455,117.681
8465,1279,root,0,NA,NA,1279,117.662
8466,17691,root,0,NA,NA,17691,117.649
8467,11352,root,0,NA,NA,11352,117.639
8468,11375,root,0,NA,NA,11375,117.636
8469,7418,root,0,NA,NA,7418,117.626
8470,4982,root,0,NA,NA,4982,117.621
8471,4990,root,0,NA,NA,4990,117.621
8472,5003,root,0,NA,NA,5003,117.621
8473,18733,root,0,NA,NA,18733,117.616
8474,8575,root,0,NA,NA,8575,117.614
8475,4063,root,0,NA,NA,4063,117.611
8476,16335,root,0,NA,NA,16335,117.603
8477,8266,root,0,NA,NA,8266,117.586
8478,8166,root,0,NA,NA,8166,117.58
8479,3216,root,0,NA,NA,3216,117.577
8480,2951,root,0,NA,NA,2951,117.575
8481,8892,root,0,NA,NA,8892,117.57
8482,3436,root,0,NA,NA,3436,117.568
8483,15994,root,0,NA,NA,15994,117.567
8484,7571,root,0,NA,NA,7571,117.565
8485,9727,root,0,NA,NA,9727,117.53
8486,16761,root,0,NA,NA,16761,117.506
8487,11101,root,0,NA,NA,11101,117.498
8488,10119,root,0,NA,NA,10119,117.491
8489,7405,root,0,NA,NA,7405,117.488
8490,5999,root,0,NA,NA,5999,117.488
8491,19851,root,0,NA,NA,19851,117.487
8492,15466,root,0,NA,NA,15466,117.465
8493,8343,root,0,NA,NA,8343,117.455
8494,1575,root,0,NA,NA,1575,117.45
8495,3838,root,0,NA,NA,3838,117.45
8496,9121,root,0,NA,NA,9121,117.448
8497,9983,root,0,NA,NA,9983,117.447
8498,10595,root,0,NA,NA,10595,117.436
8499,8632,root,0,NA,NA,8632,117.432
8500,2322,root,0,NA,NA,2322,117.408
8501,8126,root,0,NA,NA,8126,117.395
8502,7240,root,0,NA,NA,7240,117.394
8503,6698,root,0,NA,NA,6698,117.386
8504,4136,root,0,NA,NA,4136,117.378
8505,6924,root,0,NA,NA,6924,117.378
8506,6728,root,0,NA,NA,6728,117.376
8507,13031,root,0,NA,NA,13031,117.364
8508,12400,root,0,NA,NA,12400,117.361
8509,19316,root,0,NA,NA,19316,117.357
8510,10203,root,0,NA,NA,10203,117.352
8511,8087,root,0,NA,NA,8087,117.346
8512,13323,root,0,NA,NA,13323,117.344
8513,9520,root,0,NA,NA,9520,117.333
8514,7245,root,0,NA,NA,7245,117.329
8515,14426,root,0,NA,NA,14426,117.32
8516,5312,root,0,NA,NA,5312,117.315
8517,18475,root,0,NA,NA,18475,117.31
8518,12180,root,0,NA,NA,12180,117.308
8519,11141,root,0,NA,NA,11141,117.295
8520,13365,root,0,NA,NA,13365,117.293
8521,11355,root,0,NA,NA,11355,117.293
8522,1429,root,0,NA,NA,1429,117.281
8523,17784,root,0,NA,NA,17784,117.271
8524,8464,root,0,NA,NA,8464,117.269
8525,10387,root,0,NA,NA,10387,117.268
8526,9214,root,0,NA,NA,9214,117.26
8527,2038,root,0,NA,NA,2038,117.255
8528,7444,root,0,NA,NA,7444,117.254
8529,7566,root,0,NA,NA,7566,117.248
8530,4454,root,0,NA,NA,4454,117.247
8531,4280,root,0,NA,NA,4280,117.24
8532,5690,root,0,NA,NA,5690,117.23
8533,11340,root,0,NA,NA,11340,117.23
8534,6416,root,0,NA,NA,6416,117.215
8535,9445,root,0,NA,NA,9445,117.21
8536,6875,root,0,NA,NA,6875,117.201
8537,10947,root,0,NA,NA,10947,117.195
8538,8251,root,0,NA,NA,8251,117.194
8539,19265,root,0,NA,NA,19265,117.175
8540,6093,root,0,NA,NA,6093,117.173
8541,17252,root,0,NA,NA,17252,117.165
8542,7063,root,0,NA,NA,7063,117.163
8543,9359,root,0,NA,NA,9359,117.163
8544,3204,root,0,NA,NA,3204,117.163
8545,10247,root,0,NA,NA,10247,117.147
8546,19633,root,0,NA,NA,19633,117.134
8547,7825,root,0,NA,NA,7825,117.132
8548,19507,root,0,NA,NA,19507,117.123
8549,8489,root,0,NA,NA,8489,117.113
8550,14980,root,0,NA,NA,14980,117.109
8551,5649,root,0,NA,NA,5649,117.1
8552,14151,root,0,NA,NA,14151,117.097
8553,12430,root,0,NA,NA,12430,117.094
8554,7411,root,0,NA,NA,7411,117.082
8555,12112,root,0,NA,NA,12112,117.07
8556,4311,root,0,NA,NA,4311,117.055
8557,11702,root,0,NA,NA,11702,117.047
8558,9428,root,0,NA,NA,9428,117.047
8559,7094,root,0,NA,NA,7094,117.038
8560,17109,root,0,NA,NA,17109,117.026
8561,8672,root,0,NA,NA,8672,117.023
8562,9079,root,0,NA,NA,9079,117.023
8563,12120,root,0,NA,NA,12120,117.023
8564,19357,root,0,NA,NA,19357,117.022
8565,18357,root,0,NA,NA,18357,117.006
8566,6968,root,0,NA,NA,6968,117.003
8567,8736,root,0,NA,NA,8736,116.989
8568,9701,root,0,NA,NA,9701,116.979
8569,13506,root,0,NA,NA,13506,116.964
8570,11227,root,0,NA,NA,11227,116.948
8571,9713,root,0,NA,NA,9713,116.926
8572,17597,root,0,NA,NA,17597,116.924
8573,14954,root,0,NA,NA,14954,116.91
8574,17616,root,0,NA,NA,17616,116.904
8575,10740,root,0,NA,NA,10740,116.897
8576,3961,root,0,NA,NA,3961,116.89
8577,10286,root,0,NA,NA,10286,116.887
8578,11189,root,0,NA,NA,11189,116.88
8579,6814,root,0,NA,NA,6814,116.876
8580,7413,root,0,NA,NA,7413,116.873
8581,2057,root,0,NA,NA,2057,116.867
8582,10388,root,0,NA,NA,10388,116.861
8583,6559,root,0,NA,NA,6559,116.855
8584,16933,root,0,NA,NA,16933,116.854
8585,6426,root,0,NA,NA,6426,116.846
8586,11858,root,0,NA,NA,11858,116.846
8587,10727,root,0,NA,NA,10727,116.84
8588,10306,root,0,NA,NA,10306,116.836
8589,5207,root,0,NA,NA,5207,116.826
8590,11045,root,0,NA,NA,11045,116.814
8591,15793,root,0,NA,NA,15793,116.802
8592,12968,root,0,NA,NA,12968,116.802
8593,14472,root,0,NA,NA,14472,116.801
8594,12408,root,0,NA,NA,12408,116.799
8595,13675,root,0,NA,NA,13675,116.792
8596,9914,root,0,NA,NA,9914,116.788
8597,13247,root,0,NA,NA,13247,116.774
8598,14041,root,0,NA,NA,14041,116.769
8599,12290,root,0,NA,NA,12290,116.767
8600,630,root,0,NA,NA,630,116.756
8601,14965,root,0,NA,NA,14965,116.748
8602,3716,root,0,NA,NA,3716,116.739
8603,16578,root,0,NA,NA,16578,116.737
8604,7030,root,0,NA,NA,7030,116.728
8605,7232,root,0,NA,NA,7232,116.726
8606,10442,root,0,NA,NA,10442,116.714
8607,19347,root,0,NA,NA,19347,116.689
8608,1824,root,0,NA,NA,1824,116.674
8609,17644,root,0,NA,NA,17644,116.674
8610,805,root,0,NA,NA,805,116.669
8611,18822,root,0,NA,NA,18822,116.623
8612,3861,root,0,NA,NA,3861,116.592
8613,6164,root,0,NA,NA,6164,116.59
8614,19249,root,0,NA,NA,19249,116.581
8615,15185,root,0,NA,NA,15185,116.577
8616,3025,root,0,NA,NA,3025,116.572
8617,5569,root,0,NA,NA,5569,116.571
8618,4052,root,0,NA,NA,4052,116.57
8619,6348,root,0,NA,NA,6348,116.557
8620,13862,root,0,NA,NA,13862,116.548
8621,4550,root,0,NA,NA,4550,116.546
8622,7237,root,0,NA,NA,7237,116.544
8623,6625,root,0,NA,NA,6625,116.54
8624,1306,root,0,NA,NA,1306,116.537
8625,12126,root,0,NA,NA,12126,116.526
8626,8906,root,0,NA,NA,8906,116.522
8627,10217,root,0,NA,NA,10217,116.519
8628,18131,root,0,NA,NA,18131,116.507
8629,2937,root,0,NA,NA,2937,116.506
8630,16513,root,0,NA,NA,16513,116.481
8631,1715,root,0,NA,NA,1715,116.473
8632,5630,root,0,NA,NA,5630,116.445
8633,15470,root,0,NA,NA,15470,116.443
8634,3929,root,0,NA,NA,3929,116.437
8635,3258,root,0,NA,NA,3258,116.42
8636,483,root,0,NA,NA,483,116.415
8637,12137,root,0,NA,NA,12137,116.411
8638,3290,root,0,NA,NA,3290,116.406
8639,11599,root,0,NA,NA,11599,116.403
8640,17316,root,0,NA,NA,17316,116.4
8641,9339,root,0,NA,NA,9339,116.398
8642,19660,root,0,NA,NA,19660,116.392
8643,6718,root,0,NA,NA,6718,116.374
8644,8978,root,0,NA,NA,8978,116.368
8645,9370,root,0,NA,NA,9370,116.359
8646,12187,root,0,NA,NA,12187,116.354
8647,7050,root,0,NA,NA,7050,116.352
8648,11677,root,0,NA,NA,11677,116.351
8649,11490,root,0,NA,NA,11490,116.344
8650,15847,root,0,NA,NA,15847,116.343
8651,14229,root,0,NA,NA,14229,116.326
8652,14479,root,0,NA,NA,14479,116.326
8653,6047,root,0,NA,NA,6047,116.314
8654,10249,root,0,NA,NA,10249,116.3
8655,6713,root,0,NA,NA,6713,116.298
8656,9906,root,0,NA,NA,9906,116.293
8657,9235,root,0,NA,NA,9235,116.274
8658,9665,root,0,NA,NA,9665,116.27
8659,7058,root,0,NA,NA,7058,116.269
8660,1441,root,0,NA,NA,1441,116.239
8661,16062,root,0,NA,NA,16062,116.234
8662,19363,root,0,NA,NA,19363,116.209
8663,5082,root,0,NA,NA,5082,116.208
8664,3957,root,0,NA,NA,3957,116.199
8665,11156,root,0,NA,NA,11156,116.195
8666,14532,root,0,NA,NA,14532,116.192
8667,6169,root,0,NA,NA,6169,116.191
8668,2624,root,0,NA,NA,2624,116.191
8669,8660,root,0,NA,NA,8660,116.178
8670,3825,root,0,NA,NA,3825,116.173
8671,8694,root,0,NA,NA,8694,116.173
8672,19456,root,0,NA,NA,19456,116.164
8673,10574,root,0,NA,NA,10574,116.156
8674,6536,root,0,NA,NA,6536,116.137
8675,19826,root,0,NA,NA,19826,116.135
8676,4598,root,0,NA,NA,4598,116.124
8677,6741,root,0,NA,NA,6741,116.124
8678,16467,root,0,NA,NA,16467,116.117
8679,9899,root,0,NA,NA,9899,116.112
8680,4232,root,0,NA,NA,4232,116.096
8681,6352,root,0,NA,NA,6352,116.077
8682,12279,root,0,NA,NA,12279,116.067
8683,12157,root,0,NA,NA,12157,116.066
8684,6505,root,0,NA,NA,6505,116.053
8685,18836,root,0,NA,NA,18836,116.041
8686,8066,root,0,NA,NA,8066,116.037
8687,19954,root,0,NA,NA,19954,116.032
8688,9545,root,0,NA,NA,9545,116.005
8689,5296,root,0,NA,NA,5296,115.964
8690,5432,root,0,NA,NA,5432,115.963
8691,8834,root,0,NA,NA,8834,115.959
8692,6723,root,0,NA,NA,6723,115.955
8693,18561,root,0,NA,NA,18561,115.945
8694,11051,root,0,NA,NA,11051,115.933
8695,8186,root,0,NA,NA,8186,115.918
8696,8807,root,0,NA,NA,8807,115.917
8697,5265,root,0,NA,NA,5265,115.91
8698,7110,root,0,NA,NA,7110,115.889
8699,8610,root,0,NA,NA,8610,115.888
8700,7900,root,0,NA,NA,7900,115.871
8701,10441,root,0,NA,NA,10441,115.87
8702,2720,root,0,NA,NA,2720,115.864
8703,10450,root,0,NA,NA,10450,115.861
8704,7757,root,0,NA,NA,7757,115.857
8705,11425,root,0,NA,NA,11425,115.854
8706,12422,root,0,NA,NA,12422,115.853
8707,8418,root,0,NA,NA,8418,115.835
8708,4918,root,0,NA,NA,4918,115.834
8709,18331,root,0,NA,NA,18331,115.827
8710,14283,root,0,NA,NA,14283,115.826
8711,6653,root,0,NA,NA,6653,115.821
8712,9865,root,0,NA,NA,9865,115.818
8713,4963,root,0,NA,NA,4963,115.81
8714,7603,root,0,NA,NA,7603,115.804
8715,8920,root,0,NA,NA,8920,115.784
8716,15629,root,0,NA,NA,15629,115.782
8717,6923,root,0,NA,NA,6923,115.777
8718,18242,root,0,NA,NA,18242,115.767
8719,4067,root,0,NA,NA,4067,115.76
8720,1946,root,0,NA,NA,1946,115.754
8721,14476,root,0,NA,NA,14476,115.753
8722,6369,root,0,NA,NA,6369,115.751
8723,14557,root,0,NA,NA,14557,115.749
8724,6635,root,0,NA,NA,6635,115.743
8725,7770,root,0,NA,NA,7770,115.719
8726,11499,root,0,NA,NA,11499,115.693
8727,8363,root,0,NA,NA,8363,115.69
8728,11044,root,0,NA,NA,11044,115.68
8729,14447,root,0,NA,NA,14447,115.674
8730,14779,root,0,NA,NA,14779,115.669
8731,3882,root,0,NA,NA,3882,115.66
8732,1834,root,0,NA,NA,1834,115.656
8733,18730,root,0,NA,NA,18730,115.639
8734,15518,root,0,NA,NA,15518,115.6
8735,8994,root,0,NA,NA,8994,115.584
8736,19647,root,0,NA,NA,19647,115.573
8737,13239,root,0,NA,NA,13239,115.567
8738,5980,root,0,NA,NA,5980,115.565
8739,886,root,0,NA,NA,886,115.551
8740,17168,root,0,NA,NA,17168,115.551
8741,8761,root,0,NA,NA,8761,115.548
8742,6516,root,0,NA,NA,6516,115.544
8743,9798,root,0,NA,NA,9798,115.538
8744,16010,root,0,NA,NA,16010,115.5
8745,17271,root,0,NA,NA,17271,115.494
8746,17816,root,0,NA,NA,17816,115.477
8747,9517,root,0,NA,NA,9517,115.456
8748,9918,root,0,NA,NA,9918,115.449
8749,12926,root,0,NA,NA,12926,115.441
8750,13734,root,0,NA,NA,13734,115.432
8751,3650,root,0,NA,NA,3650,115.432
8752,3655,root,0,NA,NA,3655,115.432
8753,3663,root,0,NA,NA,3663,115.432
8754,3671,root,0,NA,NA,3671,115.432
8755,3676,root,0,NA,NA,3676,115.432
8756,3684,root,0,NA,NA,3684,115.432
8757,3689,root,0,NA,NA,3689,115.432
8758,10397,root,0,NA,NA,10397,115.429
8759,9491,root,0,NA,NA,9491,115.425
8760,3951,root,0,NA,NA,3951,115.418
8761,7755,root,0,NA,NA,7755,115.405
8762,8952,root,0,NA,NA,8952,115.402
8763,7263,root,0,NA,NA,7263,115.399
8764,7795,root,0,NA,NA,7795,115.395
8765,18592,root,0,NA,NA,18592,115.391
8766,11380,root,0,NA,NA,11380,115.377
8767,13857,root,0,NA,NA,13857,115.375
8768,6945,root,0,NA,NA,6945,115.33
8769,16842,root,0,NA,NA,16842,115.318
8770,564,root,0,NA,NA,564,115.316
8771,3090,root,0,NA,NA,3090,115.309
8772,446,root,0,NA,NA,446,115.298
8773,1394,root,0,NA,NA,1394,115.282
8774,7814,root,0,NA,NA,7814,115.281
8775,11082,root,0,NA,NA,11082,115.281
8776,5581,root,0,NA,NA,5581,115.28
8777,10763,root,0,NA,NA,10763,115.279
8778,10798,root,0,NA,NA,10798,115.266
8779,2756,root,0,NA,NA,2756,115.257
8780,2981,root,0,NA,NA,2981,115.255
8781,7512,root,0,NA,NA,7512,115.244
8782,9632,root,0,NA,NA,9632,115.223
8783,3895,root,0,NA,NA,3895,115.218
8784,8449,root,0,NA,NA,8449,115.205
8785,9219,root,0,NA,NA,9219,115.2
8786,6927,root,0,NA,NA,6927,115.199
8787,7021,root,0,NA,NA,7021,115.198
8788,240,root,0,NA,NA,240,115.197
8789,3345,root,0,NA,NA,3345,115.192
8790,13480,root,0,NA,NA,13480,115.191
8791,8457,root,0,NA,NA,8457,115.183
8792,16978,root,0,NA,NA,16978,115.175
8793,468,root,0,NA,NA,468,115.174
8794,10519,root,0,NA,NA,10519,115.169
8795,16224,root,0,NA,NA,16224,115.164
8796,10955,root,0,NA,NA,10955,115.161
8797,3874,root,0,NA,NA,3874,115.134
8798,13763,root,0,NA,NA,13763,115.134
8799,11989,root,0,NA,NA,11989,115.131
8800,6146,root,0,NA,NA,6146,115.128
8801,5983,root,0,NA,NA,5983,115.121
8802,6261,root,0,NA,NA,6261,115.119
8803,13451,root,0,NA,NA,13451,115.115
8804,6939,root,0,NA,NA,6939,115.112
8805,5705,root,0,NA,NA,5705,115.105
8806,8312,root,0,NA,NA,8312,115.103
8807,6239,root,0,NA,NA,6239,115.1
8808,8528,root,0,NA,NA,8528,115.096
8809,18174,root,0,NA,NA,18174,115.08
8810,8529,root,0,NA,NA,8529,115.079
8811,5517,root,0,NA,NA,5517,115.078
8812,9714,root,0,NA,NA,9714,115.068
8813,12184,root,0,NA,NA,12184,115.059
8814,3872,root,0,NA,NA,3872,115.042
8815,10244,root,0,NA,NA,10244,115.041
8816,4857,root,0,NA,NA,4857,115.039
8817,8863,root,0,NA,NA,8863,115.028
8818,11058,root,0,NA,NA,11058,115.025
8819,4400,root,0,NA,NA,4400,115.022
8820,19060,root,0,NA,NA,19060,115.004
8821,7700,root,0,NA,NA,7700,114.989
8822,8990,root,0,NA,NA,8990,114.982
8823,15188,root,0,NA,NA,15188,114.978
8824,7822,root,0,NA,NA,7822,114.961
8825,13994,root,0,NA,NA,13994,114.954
8826,9444,root,0,NA,NA,9444,114.952
8827,10341,root,0,NA,NA,10341,114.941
8828,2329,root,0,NA,NA,2329,114.933
8829,18686,root,0,NA,NA,18686,114.927
8830,6855,root,0,NA,NA,6855,114.917
8831,5359,root,0,NA,NA,5359,114.904
8832,13595,root,0,NA,NA,13595,114.891
8833,14889,root,0,NA,NA,14889,114.888
8834,18383,root,0,NA,NA,18383,114.888
8835,12921,root,0,NA,NA,12921,114.886
8836,9472,root,0,NA,NA,9472,114.879
8837,5728,root,0,NA,NA,5728,114.854
8838,9338,root,0,NA,NA,9338,114.844
8839,11639,root,0,NA,NA,11639,114.839
8840,3237,root,0,NA,NA,3237,114.837
8841,16289,root,0,NA,NA,16289,114.816
8842,18447,root,0,NA,NA,18447,114.807
8843,6757,root,0,NA,NA,6757,114.804
8844,13360,root,0,NA,NA,13360,114.798
8845,8511,root,0,NA,NA,8511,114.779
8846,5686,root,0,NA,NA,5686,114.778
8847,6398,root,0,NA,NA,6398,114.764
8848,6439,root,0,NA,NA,6439,114.749
8849,18831,root,0,NA,NA,18831,114.748
8850,6639,root,0,NA,NA,6639,114.743
8851,6752,root,0,NA,NA,6752,114.741
8852,14343,root,0,NA,NA,14343,114.7
8853,10277,root,0,NA,NA,10277,114.687
8854,4572,root,0,NA,NA,4572,114.678
8855,737,root,0,NA,NA,737,114.674
8856,16294,root,0,NA,NA,16294,114.674
8857,10304,root,0,NA,NA,10304,114.667
8858,4939,root,0,NA,NA,4939,114.658
8859,17966,root,0,NA,NA,17966,114.653
8860,18256,root,0,NA,NA,18256,114.65
8861,16962,root,0,NA,NA,16962,114.647
8862,7652,root,0,NA,NA,7652,114.637
8863,9886,root,0,NA,NA,9886,114.635
8864,8062,root,0,NA,NA,8062,114.635
8865,18821,root,0,NA,NA,18821,114.628
8866,9569,root,0,NA,NA,9569,114.607
8867,13297,root,0,NA,NA,13297,114.592
8868,7468,root,0,NA,NA,7468,114.584
8869,10596,root,0,NA,NA,10596,114.578
8870,11053,root,0,NA,NA,11053,114.575
8871,7451,root,0,NA,NA,7451,114.571
8872,9640,root,0,NA,NA,9640,114.563
8873,11305,root,0,NA,NA,11305,114.533
8874,1085,root,0,NA,NA,1085,114.526
8875,7294,root,0,NA,NA,7294,114.52
8876,6427,root,0,NA,NA,6427,114.52
8877,17480,root,0,NA,NA,17480,114.52
8878,17836,root,0,NA,NA,17836,114.513
8879,3363,root,0,NA,NA,3363,114.51
8880,10756,root,0,NA,NA,10756,114.505
8881,8215,root,0,NA,NA,8215,114.499
8882,17786,root,0,NA,NA,17786,114.495
8883,16793,root,0,NA,NA,16793,114.486
8884,8079,root,0,NA,NA,8079,114.482
8885,1876,root,0,NA,NA,1876,114.481
8886,12958,root,0,NA,NA,12958,114.471
8887,17525,root,0,NA,NA,17525,114.458
8888,6705,root,0,NA,NA,6705,114.452
8889,12313,root,0,NA,NA,12313,114.449
8890,13125,root,0,NA,NA,13125,114.446
8891,9706,root,0,NA,NA,9706,114.439
8892,6206,root,0,NA,NA,6206,114.434
8893,1051,root,0,NA,NA,1051,114.411
8894,8850,root,0,NA,NA,8850,114.41
8895,15213,root,0,NA,NA,15213,114.399
8896,15686,root,0,NA,NA,15686,114.395
8897,14602,root,0,NA,NA,14602,114.386
8898,19302,root,0,NA,NA,19302,114.384
8899,17153,root,0,NA,NA,17153,114.384
8900,10268,root,0,NA,NA,10268,114.372
8901,17067,root,0,NA,NA,17067,114.371
8902,10734,root,0,NA,NA,10734,114.369
8903,6608,root,0,NA,NA,6608,114.368
8904,6637,root,0,NA,NA,6637,114.36
8905,16863,root,0,NA,NA,16863,114.359
8906,11993,root,0,NA,NA,11993,114.355
8907,8317,root,0,NA,NA,8317,114.311
8908,15227,root,0,NA,NA,15227,114.292
8909,10686,root,0,NA,NA,10686,114.281
8910,7162,root,0,NA,NA,7162,114.279
8911,10553,root,0,NA,NA,10553,114.279
8912,6512,root,0,NA,NA,6512,114.267
8913,12473,root,0,NA,NA,12473,114.258
8914,10088,root,0,NA,NA,10088,114.229
8915,16314,root,0,NA,NA,16314,114.222
8916,18769,root,0,NA,NA,18769,114.22
8917,17470,root,0,NA,NA,17470,114.211
8918,19355,root,0,NA,NA,19355,114.207
8919,3958,root,0,NA,NA,3958,114.199
8920,14514,root,0,NA,NA,14514,114.197
8921,135,root,0,NA,NA,135,114.196
8922,6486,root,0,NA,NA,6486,114.179
8923,12819,root,0,NA,NA,12819,114.169
8924,9719,root,0,NA,NA,9719,114.163
8925,8226,root,0,NA,NA,8226,114.162
8926,2447,root,0,NA,NA,2447,114.148
8927,8677,root,0,NA,NA,8677,114.147
8928,18345,root,0,NA,NA,18345,114.136
8929,11066,root,0,NA,NA,11066,114.129
8930,7939,root,0,NA,NA,7939,114.125
8931,3525,root,0,NA,NA,3525,114.118
8932,9275,root,0,NA,NA,9275,114.106
8933,7410,root,0,NA,NA,7410,114.1
8934,7973,root,0,NA,NA,7973,114.087
8935,2135,root,0,NA,NA,2135,114.08
8936,10700,root,0,NA,NA,10700,114.075
8937,9692,root,0,NA,NA,9692,114.07
8938,15457,root,0,NA,NA,15457,114.053
8939,8178,root,0,NA,NA,8178,114.05
8940,8913,root,0,NA,NA,8913,114.044
8941,10316,root,0,NA,NA,10316,114.044
8942,337,root,0,NA,NA,337,114.035
8943,16053,root,0,NA,NA,16053,114.034
8944,15601,root,0,NA,NA,15601,114.028
8945,18444,root,0,NA,NA,18444,114.026
8946,2999,root,0,NA,NA,2999,114.022
8947,11106,root,0,NA,NA,11106,114.009
8948,4441,root,0,NA,NA,4441,113.983
8949,200,root,0,NA,NA,200,113.979
8950,2978,root,0,NA,NA,2978,113.979
8951,18653,root,0,NA,NA,18653,113.976
8952,8420,root,0,NA,NA,8420,113.971
8953,6964,root,0,NA,NA,6964,113.968
8954,15175,root,0,NA,NA,15175,113.961
8955,12566,root,0,NA,NA,12566,113.949
8956,15977,root,0,NA,NA,15977,113.93
8957,7155,root,0,NA,NA,7155,113.919
8958,6820,root,0,NA,NA,6820,113.915
8959,6490,root,0,NA,NA,6490,113.912
8960,7624,root,0,NA,NA,7624,113.903
8961,9967,root,0,NA,NA,9967,113.888
8962,9315,root,0,NA,NA,9315,113.888
8963,2970,root,0,NA,NA,2970,113.884
8964,17538,root,0,NA,NA,17538,113.88
8965,15888,root,0,NA,NA,15888,113.872
8966,6315,root,0,NA,NA,6315,113.869
8967,8273,root,0,NA,NA,8273,113.857
8968,2991,root,0,NA,NA,2991,113.849
8969,3012,root,0,NA,NA,3012,113.849
8970,6276,root,0,NA,NA,6276,113.841
8971,9232,root,0,NA,NA,9232,113.837
8972,17219,root,0,NA,NA,17219,113.832
8973,7660,root,0,NA,NA,7660,113.825
8974,722,root,0,NA,NA,722,113.814
8975,13696,root,0,NA,NA,13696,113.802
8976,402,root,0,NA,NA,402,113.798
8977,2758,root,0,NA,NA,2758,113.783
8978,13395,root,0,NA,NA,13395,113.769
8979,15496,root,0,NA,NA,15496,113.764
8980,8797,root,0,NA,NA,8797,113.763
8981,17207,root,0,NA,NA,17207,113.753
8982,8050,root,0,NA,NA,8050,113.738
8983,10794,root,0,NA,NA,10794,113.736
8984,19411,root,0,NA,NA,19411,113.719
8985,7334,root,0,NA,NA,7334,113.718
8986,9855,root,0,NA,NA,9855,113.711
8987,13082,root,0,NA,NA,13082,113.703
8988,10528,root,0,NA,NA,10528,113.689
8989,12663,root,0,NA,NA,12663,113.662
8990,13679,root,0,NA,NA,13679,113.654
8991,9345,root,0,NA,NA,9345,113.651
8992,7583,root,0,NA,NA,7583,113.649
8993,2941,root,0,NA,NA,2941,113.639
8994,5960,root,0,NA,NA,5960,113.616
8995,9198,root,0,NA,NA,9198,113.609
8996,6842,root,0,NA,NA,6842,113.605
8997,3809,root,0,NA,NA,3809,113.589
8998,4000,root,0,NA,NA,4000,113.588
8999,10297,root,0,NA,NA,10297,113.573
9000,3321,root,0,NA,NA,3321,113.564
9001,2888,root,0,NA,NA,2888,113.563
9002,3820,root,0,NA,NA,3820,113.54
9003,6775,root,0,NA,NA,6775,113.535
9004,4431,root,0,NA,NA,4431,113.526
9005,8460,root,0,NA,NA,8460,113.491
9006,9333,root,0,NA,NA,9333,113.489
9007,3507,root,0,NA,NA,3507,113.468
9008,2523,root,0,NA,NA,2523,113.464
9009,8143,root,0,NA,NA,8143,113.464
9010,17262,root,0,NA,NA,17262,113.455
9011,9760,root,0,NA,NA,9760,113.454
9012,10456,root,0,NA,NA,10456,113.45
9013,11093,root,0,NA,NA,11093,113.45
9014,9092,root,0,NA,NA,9092,113.443
9015,7901,root,0,NA,NA,7901,113.439
9016,19742,root,0,NA,NA,19742,113.437
9017,16813,root,0,NA,NA,16813,113.434
9018,1086,root,0,NA,NA,1086,113.422
9019,19341,root,0,NA,NA,19341,113.414
9020,7864,root,0,NA,NA,7864,113.412
9021,13785,root,0,NA,NA,13785,113.396
9022,18239,root,0,NA,NA,18239,113.396
9023,9227,root,0,NA,NA,9227,113.362
9024,6151,root,0,NA,NA,6151,113.35
9025,2501,root,0,NA,NA,2501,113.348
9026,7486,root,0,NA,NA,7486,113.345
9027,10447,root,0,NA,NA,10447,113.343
9028,13061,root,0,NA,NA,13061,113.318
9029,6659,root,0,NA,NA,6659,113.304
9030,9299,root,0,NA,NA,9299,113.304
9031,18459,root,0,NA,NA,18459,113.297
9032,9443,root,0,NA,NA,9443,113.289
9033,8476,root,0,NA,NA,8476,113.264
9034,10383,root,0,NA,NA,10383,113.26
9035,7191,root,0,NA,NA,7191,113.257
9036,5225,root,0,NA,NA,5225,113.255
9037,6371,root,0,NA,NA,6371,113.241
9038,3457,root,0,NA,NA,3457,113.24
9039,11625,root,0,NA,NA,11625,113.232
9040,11590,root,0,NA,NA,11590,113.231
9041,10143,root,0,NA,NA,10143,113.228
9042,8058,root,0,NA,NA,8058,113.226
9043,7282,root,0,NA,NA,7282,113.218
9044,13155,root,0,NA,NA,13155,113.204
9045,5526,root,0,NA,NA,5526,113.198
9046,14040,root,0,NA,NA,14040,113.191
9047,3031,root,0,NA,NA,3031,113.181
9048,19599,root,0,NA,NA,19599,113.172
9049,12285,root,0,NA,NA,12285,113.168
9050,13341,root,0,NA,NA,13341,113.167
9051,7626,root,0,NA,NA,7626,113.167
9052,6038,root,0,NA,NA,6038,113.155
9053,180,root,0,NA,NA,180,113.149
9054,8858,root,0,NA,NA,8858,113.143
9055,3070,root,0,NA,NA,3070,113.142
9056,8282,root,0,NA,NA,8282,113.134
9057,955,root,0,NA,NA,955,113.13
9058,6720,root,0,NA,NA,6720,113.124
9059,10362,root,0,NA,NA,10362,113.119
9060,5457,root,0,NA,NA,5457,113.091
9061,4483,root,0,NA,NA,4483,113.077
9062,19604,root,0,NA,NA,19604,113.057
9063,8507,root,0,NA,NA,8507,113.051
9064,15280,root,0,NA,NA,15280,113.049
9065,5817,root,0,NA,NA,5817,113.039
9066,16014,root,0,NA,NA,16014,113.038
9067,6754,root,0,NA,NA,6754,113.037
9068,9829,root,0,NA,NA,9829,113.026
9069,17811,root,0,NA,NA,17811,113.018
9070,16397,root,0,NA,NA,16397,113.005
9071,19416,root,0,NA,NA,19416,112.993
9072,14469,root,0,NA,NA,14469,112.99
9073,5870,root,0,NA,NA,5870,112.959
9074,6456,root,0,NA,NA,6456,112.956
9075,4233,root,0,NA,NA,4233,112.948
9076,10896,root,0,NA,NA,10896,112.945
9077,12833,root,0,NA,NA,12833,112.925
9078,7976,root,0,NA,NA,7976,112.923
9079,5062,root,0,NA,NA,5062,112.917
9080,816,root,0,NA,NA,816,112.907
9081,9032,root,0,NA,NA,9032,112.892
9082,11747,root,0,NA,NA,11747,112.892
9083,17632,root,0,NA,NA,17632,112.891
9084,6451,root,0,NA,NA,6451,112.864
9085,10347,root,0,NA,NA,10347,112.852
9086,11710,root,0,NA,NA,11710,112.852
9087,9993,root,0,NA,NA,9993,112.851
9088,7355,root,0,NA,NA,7355,112.828
9089,8003,root,0,NA,NA,8003,112.824
9090,4527,root,0,NA,NA,4527,112.813
9091,14511,root,0,NA,NA,14511,112.79
9092,18648,root,0,NA,NA,18648,112.782
9093,14807,root,0,NA,NA,14807,112.782
9094,9040,root,0,NA,NA,9040,112.773
9095,6849,root,0,NA,NA,6849,112.752
9096,15351,root,0,NA,NA,15351,112.747
9097,11104,root,0,NA,NA,11104,112.732
9098,10477,root,0,NA,NA,10477,112.731
9099,16403,root,0,NA,NA,16403,112.713
9100,4909,root,0,NA,NA,4909,112.659
9101,7351,root,0,NA,NA,7351,112.655
9102,13617,root,0,NA,NA,13617,112.643
9103,13336,root,0,NA,NA,13336,112.623
9104,11302,root,0,NA,NA,11302,112.622
9105,9529,root,0,NA,NA,9529,112.607
9106,7428,root,0,NA,NA,7428,112.591
9107,7436,root,0,NA,NA,7436,112.591
9108,19434,root,0,NA,NA,19434,112.589
9109,10138,root,0,NA,NA,10138,112.585
9110,15349,root,0,NA,NA,15349,112.576
9111,9825,root,0,NA,NA,9825,112.551
9112,1137,root,0,NA,NA,1137,112.539
9113,1738,root,0,NA,NA,1738,112.507
9114,5154,root,0,NA,NA,5154,112.497
9115,8499,root,0,NA,NA,8499,112.491
9116,6114,root,0,NA,NA,6114,112.482
9117,7657,root,0,NA,NA,7657,112.472
9118,9711,root,0,NA,NA,9711,112.472
9119,1159,root,0,NA,NA,1159,112.465
9120,9558,root,0,NA,NA,9558,112.463
9121,18166,root,0,NA,NA,18166,112.439
9122,18332,root,0,NA,NA,18332,112.433
9123,6179,root,0,NA,NA,6179,112.422
9124,2565,root,0,NA,NA,2565,112.419
9125,9104,root,0,NA,NA,9104,112.405
9126,8125,root,0,NA,NA,8125,112.384
9127,7001,root,0,NA,NA,7001,112.365
9128,17682,root,0,NA,NA,17682,112.363
9129,7728,root,0,NA,NA,7728,112.359
9130,8119,root,0,NA,NA,8119,112.358
9131,5097,root,0,NA,NA,5097,112.357
9132,5755,root,0,NA,NA,5755,112.351
9133,2897,root,0,NA,NA,2897,112.345
9134,2625,root,0,NA,NA,2625,112.344
9135,17170,root,0,NA,NA,17170,112.343
9136,18053,root,0,NA,NA,18053,112.336
9137,8320,root,0,NA,NA,8320,112.333
9138,7455,root,0,NA,NA,7455,112.321
9139,33,root,0,NA,NA,33,112.317
9140,4506,root,0,NA,NA,4506,112.316
9141,13575,root,0,NA,NA,13575,112.314
9142,5847,root,0,NA,NA,5847,112.313
9143,10384,root,0,NA,NA,10384,112.307
9144,5632,root,0,NA,NA,5632,112.292
9145,12,root,0,NA,NA,12,112.279
9146,9283,root,0,NA,NA,9283,112.266
9147,14611,root,0,NA,NA,14611,112.266
9148,10425,root,0,NA,NA,10425,112.257
9149,6291,root,0,NA,NA,6291,112.249
9150,11492,root,0,NA,NA,11492,112.219
9151,17668,root,0,NA,NA,17668,112.215
9152,10290,root,0,NA,NA,10290,112.213
9153,9192,root,0,NA,NA,9192,112.212
9154,5024,root,0,NA,NA,5024,112.184
9155,7995,root,0,NA,NA,7995,112.175
9156,12507,root,0,NA,NA,12507,112.173
9157,6166,root,0,NA,NA,6166,112.155
9158,11817,root,0,NA,NA,11817,112.152
9159,4386,root,0,NA,NA,4386,112.137
9160,9193,root,0,NA,NA,9193,112.128
9161,4160,root,0,NA,NA,4160,112.113
9162,3969,root,0,NA,NA,3969,112.111
9163,3982,root,0,NA,NA,3982,112.111
9164,4243,root,0,NA,NA,4243,112.101
9165,18170,root,0,NA,NA,18170,112.093
9166,16402,root,0,NA,NA,16402,112.07
9167,8452,root,0,NA,NA,8452,112.069
9168,9857,root,0,NA,NA,9857,112.055
9169,7151,root,0,NA,NA,7151,112.033
9170,1646,root,0,NA,NA,1646,112.025
9171,2834,root,0,NA,NA,2834,112.023
9172,14300,root,0,NA,NA,14300,112.019
9173,4666,root,0,NA,NA,4666,112.015
9174,19846,root,0,NA,NA,19846,112.014
9175,13649,root,0,NA,NA,13649,112.004
9176,11042,root,0,NA,NA,11042,111.975
9177,11731,root,0,NA,NA,11731,111.946
9178,3990,root,0,NA,NA,3990,111.925
9179,6408,root,0,NA,NA,6408,111.923
9180,4462,root,0,NA,NA,4462,111.914
9181,7298,root,0,NA,NA,7298,111.904
9182,10340,root,0,NA,NA,10340,111.888
9183,19842,root,0,NA,NA,19842,111.875
9184,10812,root,0,NA,NA,10812,111.864
9185,12361,root,0,NA,NA,12361,111.858
9186,9667,root,0,NA,NA,9667,111.838
9187,7396,root,0,NA,NA,7396,111.832
9188,7401,root,0,NA,NA,7401,111.832
9189,7404,root,0,NA,NA,7404,111.832
9190,7409,root,0,NA,NA,7409,111.832
9191,8181,root,0,NA,NA,8181,111.828
9192,6695,root,0,NA,NA,6695,111.823
9193,9946,root,0,NA,NA,9946,111.821
9194,771,root,0,NA,NA,771,111.817
9195,18450,root,0,NA,NA,18450,111.814
9196,7381,root,0,NA,NA,7381,111.799
9197,11682,root,0,NA,NA,11682,111.795
9198,3046,root,0,NA,NA,3046,111.785
9199,18143,root,0,NA,NA,18143,111.767
9200,5792,root,0,NA,NA,5792,111.767
9201,10614,root,0,NA,NA,10614,111.766
9202,10053,root,0,NA,NA,10053,111.735
9203,11512,root,0,NA,NA,11512,111.733
9204,2059,root,0,NA,NA,2059,111.732
9205,8061,root,0,NA,NA,8061,111.727
9206,13950,root,0,NA,NA,13950,111.714
9207,18251,root,0,NA,NA,18251,111.71
9208,8550,root,0,NA,NA,8550,111.684
9209,5890,root,0,NA,NA,5890,111.657
9210,8431,root,0,NA,NA,8431,111.612
9211,18907,root,0,NA,NA,18907,111.609
9212,7685,root,0,NA,NA,7685,111.596
9213,15730,root,0,NA,NA,15730,111.584
9214,7504,root,0,NA,NA,7504,111.579
9215,7783,root,0,NA,NA,7783,111.564
9216,2922,root,0,NA,NA,2922,111.558
9217,5530,root,0,NA,NA,5530,111.548
9218,1360,root,0,NA,NA,1360,111.546
9219,799,root,0,NA,NA,799,111.543
9220,5939,root,0,NA,NA,5939,111.543
9221,11497,root,0,NA,NA,11497,111.509
9222,16405,root,0,NA,NA,16405,111.503
9223,14459,root,0,NA,NA,14459,111.485
9224,10478,root,0,NA,NA,10478,111.477
9225,6987,root,0,NA,NA,6987,111.465
9226,8360,root,0,NA,NA,8360,111.463
9227,13197,root,0,NA,NA,13197,111.46
9228,7655,root,0,NA,NA,7655,111.457
9229,8860,root,0,NA,NA,8860,111.438
9230,4364,root,0,NA,NA,4364,111.437
9231,7943,root,0,NA,NA,7943,111.421
9232,8662,root,0,NA,NA,8662,111.417
9233,8483,root,0,NA,NA,8483,111.405
9234,7473,root,0,NA,NA,7473,111.344
9235,9172,root,0,NA,NA,9172,111.337
9236,12807,root,0,NA,NA,12807,111.332
9237,13560,root,0,NA,NA,13560,111.33
9238,6309,root,0,NA,NA,6309,111.326
9239,15018,root,0,NA,NA,15018,111.325
9240,1979,root,0,NA,NA,1979,111.308
9241,11608,root,0,NA,NA,11608,111.287
9242,8313,root,0,NA,NA,8313,111.275
9243,6890,root,0,NA,NA,6890,111.264
9244,15221,root,0,NA,NA,15221,111.22
9245,6881,root,0,NA,NA,6881,111.213
9246,16111,root,0,NA,NA,16111,111.211
9247,9207,root,0,NA,NA,9207,111.207
9248,9482,root,0,NA,NA,9482,111.199
9249,13426,root,0,NA,NA,13426,111.196
9250,10406,root,0,NA,NA,10406,111.191
9251,11467,root,0,NA,NA,11467,111.18
9252,9969,root,0,NA,NA,9969,111.163
9253,9623,root,0,NA,NA,9623,111.148
9254,7080,root,0,NA,NA,7080,111.141
9255,7329,root,0,NA,NA,7329,111.132
9256,9211,root,0,NA,NA,9211,111.129
9257,13346,root,0,NA,NA,13346,111.122
9258,19894,root,0,NA,NA,19894,111.121
9259,18764,root,0,NA,NA,18764,111.117
9260,9229,root,0,NA,NA,9229,111.091
9261,3703,root,0,NA,NA,3703,111.081
9262,10611,root,0,NA,NA,10611,111.077
9263,12676,root,0,NA,NA,12676,111.074
9264,4849,root,0,NA,NA,4849,111.066
9265,7791,root,0,NA,NA,7791,111.059
9266,12952,root,0,NA,NA,12952,111.036
9267,15202,root,0,NA,NA,15202,111.034
9268,13865,root,0,NA,NA,13865,111.021
9269,2408,root,0,NA,NA,2408,111.015
9270,14492,root,0,NA,NA,14492,111.009
9271,4574,root,0,NA,NA,4574,111.002
9272,11190,root,0,NA,NA,11190,111
9273,9041,root,0,NA,NA,9041,110.956
9274,7344,root,0,NA,NA,7344,110.946
9275,5128,root,0,NA,NA,5128,110.946
9276,18182,root,0,NA,NA,18182,110.945
9277,16747,root,0,NA,NA,16747,110.945
9278,5916,root,0,NA,NA,5916,110.939
9279,8626,root,0,NA,NA,8626,110.936
9280,10634,root,0,NA,NA,10634,110.936
9281,8515,root,0,NA,NA,8515,110.927
9282,12930,root,0,NA,NA,12930,110.92
9283,7220,root,0,NA,NA,7220,110.917
9284,10230,root,0,NA,NA,10230,110.911
9285,80,root,0,NA,NA,80,110.908
9286,12920,root,0,NA,NA,12920,110.894
9287,16420,root,0,NA,NA,16420,110.889
9288,7896,root,0,NA,NA,7896,110.881
9289,12423,root,0,NA,NA,12423,110.876
9290,8023,root,0,NA,NA,8023,110.855
9291,790,root,0,NA,NA,790,110.853
9292,4766,root,0,NA,NA,4766,110.85
9293,13146,root,0,NA,NA,13146,110.846
9294,18081,root,0,NA,NA,18081,110.845
9295,17847,root,0,NA,NA,17847,110.843
9296,19973,root,0,NA,NA,19973,110.842
9297,2231,root,0,NA,NA,2231,110.841
9298,12140,root,0,NA,NA,12140,110.841
9299,8667,root,0,NA,NA,8667,110.831
9300,18191,root,0,NA,NA,18191,110.829
9301,880,root,0,NA,NA,880,110.823
9302,15056,root,0,NA,NA,15056,110.818
9303,16913,root,0,NA,NA,16913,110.815
9304,7019,root,0,NA,NA,7019,110.809
9305,16693,root,0,NA,NA,16693,110.8
9306,5958,root,0,NA,NA,5958,110.79
9307,7464,root,0,NA,NA,7464,110.788
9308,11735,root,0,NA,NA,11735,110.785
9309,9926,root,0,NA,NA,9926,110.777
9310,8394,root,0,NA,NA,8394,110.772
9311,10940,root,0,NA,NA,10940,110.768
9312,16365,root,0,NA,NA,16365,110.764
9313,10421,root,0,NA,NA,10421,110.763
9314,8898,root,0,NA,NA,8898,110.754
9315,15357,root,0,NA,NA,15357,110.751
9316,5370,root,0,NA,NA,5370,110.745
9317,4253,root,0,NA,NA,4253,110.744
9318,2913,root,0,NA,NA,2913,110.736
9319,8897,root,0,NA,NA,8897,110.718
9320,18725,root,0,NA,NA,18725,110.713
9321,962,root,0,NA,NA,962,110.71
9322,18298,root,0,NA,NA,18298,110.702
9323,9625,root,0,NA,NA,9625,110.691
9324,17519,root,0,NA,NA,17519,110.685
9325,2177,root,0,NA,NA,2177,110.675
9326,3203,root,0,NA,NA,3203,110.675
9327,2020,root,0,NA,NA,2020,110.674
9328,4129,root,0,NA,NA,4129,110.659
9329,12340,root,0,NA,NA,12340,110.644
9330,11071,root,0,NA,NA,11071,110.643
9331,3978,root,0,NA,NA,3978,110.641
9332,9282,root,0,NA,NA,9282,110.631
9333,6076,root,0,NA,NA,6076,110.627
9334,8762,root,0,NA,NA,8762,110.621
9335,16024,root,0,NA,NA,16024,110.599
9336,7394,root,0,NA,NA,7394,110.59
9337,3287,root,0,NA,NA,3287,110.582
9338,10901,root,0,NA,NA,10901,110.57
9339,2371,root,0,NA,NA,2371,110.567
9340,6333,root,0,NA,NA,6333,110.543
9341,4793,root,0,NA,NA,4793,110.506
9342,5826,root,0,NA,NA,5826,110.492
9343,18008,root,0,NA,NA,18008,110.485
9344,13206,root,0,NA,NA,13206,110.484
9345,7006,root,0,NA,NA,7006,110.484
9346,7014,root,0,NA,NA,7014,110.484
9347,7766,root,0,NA,NA,7766,110.466
9348,7880,root,0,NA,NA,7880,110.464
9349,13030,root,0,NA,NA,13030,110.449
9350,16407,root,0,NA,NA,16407,110.428
9351,17806,root,0,NA,NA,17806,110.428
9352,17212,root,0,NA,NA,17212,110.424
9353,10393,root,0,NA,NA,10393,110.419
9354,4733,root,0,NA,NA,4733,110.409
9355,5035,root,0,NA,NA,5035,110.407
9356,347,root,0,NA,NA,347,110.407
9357,6158,root,0,NA,NA,6158,110.39
9358,7318,root,0,NA,NA,7318,110.371
9359,6691,root,0,NA,NA,6691,110.359
9360,15348,root,0,NA,NA,15348,110.356
9361,11744,root,0,NA,NA,11744,110.352
9362,5864,root,0,NA,NA,5864,110.348
9363,7423,root,0,NA,NA,7423,110.321
9364,6172,root,0,NA,NA,6172,110.32
9365,8668,root,0,NA,NA,8668,110.29
9366,15634,root,0,NA,NA,15634,110.288
9367,18263,root,0,NA,NA,18263,110.281
9368,6218,root,0,NA,NA,6218,110.278
9369,17061,root,0,NA,NA,17061,110.277
9370,11027,root,0,NA,NA,11027,110.249
9371,7392,root,0,NA,NA,7392,110.248
9372,18665,root,0,NA,NA,18665,110.246
9373,16212,root,0,NA,NA,16212,110.243
9374,49,root,0,NA,NA,49,110.241
9375,435,root,0,NA,NA,435,110.231
9376,11785,root,0,NA,NA,11785,110.222
9377,10480,root,0,NA,NA,10480,110.214
9378,11803,root,0,NA,NA,11803,110.209
9379,7496,root,0,NA,NA,7496,110.187
9380,1072,root,0,NA,NA,1072,110.183
9381,19246,root,0,NA,NA,19246,110.182
9382,19648,root,0,NA,NA,19648,110.181
9383,11628,root,0,NA,NA,11628,110.178
9384,4576,root,0,NA,NA,4576,110.177
9385,18254,root,0,NA,NA,18254,110.15
9386,9566,root,0,NA,NA,9566,110.14
9387,9758,root,0,NA,NA,9758,110.139
9388,8706,root,0,NA,NA,8706,110.118
9389,14746,root,0,NA,NA,14746,110.069
9390,10503,root,0,NA,NA,10503,110.059
9391,12066,root,0,NA,NA,12066,110.056
9392,14764,root,0,NA,NA,14764,110.05
9393,7851,root,0,NA,NA,7851,110.047
9394,8732,root,0,NA,NA,8732,110.035
9395,11308,root,0,NA,NA,11308,110.029
9396,10223,root,0,NA,NA,10223,110.004
9397,14845,root,0,NA,NA,14845,110
9398,11609,root,0,NA,NA,11609,109.988
9399,10599,root,0,NA,NA,10599,109.982
9400,1183,root,0,NA,NA,1183,109.973
9401,1204,root,0,NA,NA,1204,109.973
9402,3641,root,0,NA,NA,3641,109.957
9403,6301,root,0,NA,NA,6301,109.954
9404,8318,root,0,NA,NA,8318,109.942
9405,16774,root,0,NA,NA,16774,109.934
9406,1544,root,0,NA,NA,1544,109.917
9407,12084,root,0,NA,NA,12084,109.914
9408,15607,root,0,NA,NA,15607,109.886
9409,10769,root,0,NA,NA,10769,109.874
9410,7541,root,0,NA,NA,7541,109.837
9411,9686,root,0,NA,NA,9686,109.836
9412,14006,root,0,NA,NA,14006,109.826
9413,18662,root,0,NA,NA,18662,109.803
9414,4301,root,0,NA,NA,4301,109.775
9415,17244,root,0,NA,NA,17244,109.773
9416,11766,root,0,NA,NA,11766,109.758
9417,9001,root,0,NA,NA,9001,109.743
9418,17803,root,0,NA,NA,17803,109.723
9419,7384,root,0,NA,NA,7384,109.702
9420,5252,root,0,NA,NA,5252,109.698
9421,5255,root,0,NA,NA,5255,109.698
9422,5260,root,0,NA,NA,5260,109.698
9423,5263,root,0,NA,NA,5263,109.698
9424,5268,root,0,NA,NA,5268,109.698
9425,5273,root,0,NA,NA,5273,109.698
9426,5276,root,0,NA,NA,5276,109.698
9427,7482,root,0,NA,NA,7482,109.697
9428,9249,root,0,NA,NA,9249,109.696
9429,5740,root,0,NA,NA,5740,109.693
9430,6334,root,0,NA,NA,6334,109.684
9431,112,root,0,NA,NA,112,109.683
9432,552,root,0,NA,NA,552,109.672
9433,3069,root,0,NA,NA,3069,109.668
9434,12418,root,0,NA,NA,12418,109.667
9435,13999,root,0,NA,NA,13999,109.661
9436,14337,root,0,NA,NA,14337,109.66
9437,9073,root,0,NA,NA,9073,109.638
9438,5203,root,0,NA,NA,5203,109.619
9439,186,root,0,NA,NA,186,109.619
9440,220,root,0,NA,NA,220,109.619
9441,5293,root,0,NA,NA,5293,109.618
9442,368,root,0,NA,NA,368,109.604
9443,5543,root,0,NA,NA,5543,109.598
9444,11757,root,0,NA,NA,11757,109.586
9445,4556,root,0,NA,NA,4556,109.581
9446,5314,root,0,NA,NA,5314,109.574
9447,7654,root,0,NA,NA,7654,109.571
9448,7663,root,0,NA,NA,7663,109.569
9449,9312,root,0,NA,NA,9312,109.556
9450,2085,root,0,NA,NA,2085,109.556
9451,18258,root,0,NA,NA,18258,109.537
9452,16654,root,0,NA,NA,16654,109.525
9453,9408,root,0,NA,NA,9408,109.52
9454,11040,root,0,NA,NA,11040,109.508
9455,4828,root,0,NA,NA,4828,109.504
9456,15395,root,0,NA,NA,15395,109.497
9457,10994,root,0,NA,NA,10994,109.482
9458,14696,root,0,NA,NA,14696,109.482
9459,12484,root,0,NA,NA,12484,109.481
9460,13358,root,0,NA,NA,13358,109.476
9461,15912,root,0,NA,NA,15912,109.462
9462,599,root,0,NA,NA,599,109.446
9463,9156,root,0,NA,NA,9156,109.443
9464,16071,root,0,NA,NA,16071,109.441
9465,2388,root,0,NA,NA,2388,109.433
9466,2401,root,0,NA,NA,2401,109.433
9467,2414,root,0,NA,NA,2414,109.433
9468,2422,root,0,NA,NA,2422,109.433
9469,9549,root,0,NA,NA,9549,109.415
9470,3643,root,0,NA,NA,3643,109.413
9471,8682,root,0,NA,NA,8682,109.412
9472,17664,root,0,NA,NA,17664,109.411
9473,10777,root,0,NA,NA,10777,109.4
9474,627,root,0,NA,NA,627,109.393
9475,15650,root,0,NA,NA,15650,109.392
9476,9028,root,0,NA,NA,9028,109.388
9477,8090,root,0,NA,NA,8090,109.386
9478,18594,root,0,NA,NA,18594,109.385
9479,12540,root,0,NA,NA,12540,109.38
9480,8956,root,0,NA,NA,8956,109.377
9481,18949,root,0,NA,NA,18949,109.344
9482,7679,root,0,NA,NA,7679,109.337
9483,9982,root,0,NA,NA,9982,109.328
9484,4495,root,0,NA,NA,4495,109.327
9485,8746,root,0,NA,NA,8746,109.319
9486,10609,root,0,NA,NA,10609,109.316
9487,6461,root,0,NA,NA,6461,109.299
9488,6116,root,0,NA,NA,6116,109.288
9489,19644,root,0,NA,NA,19644,109.284
9490,18338,root,0,NA,NA,18338,109.281
9491,8818,root,0,NA,NA,8818,109.265
9492,7053,root,0,NA,NA,7053,109.262
9493,18249,root,0,NA,NA,18249,109.258
9494,11840,root,0,NA,NA,11840,109.243
9495,14360,root,0,NA,NA,14360,109.239
9496,7857,root,0,NA,NA,7857,109.239
9497,8570,root,0,NA,NA,8570,109.233
9498,14862,root,0,NA,NA,14862,109.228
9499,9195,root,0,NA,NA,9195,109.197
9500,850,root,0,NA,NA,850,109.19
9501,1850,root,0,NA,NA,1850,109.186
9502,3656,root,0,NA,NA,3656,109.167
9503,1897,root,0,NA,NA,1897,109.166
9504,15500,root,0,NA,NA,15500,109.163
9505,1870,root,0,NA,NA,1870,109.163
9506,3609,root,0,NA,NA,3609,109.147
9507,10975,root,0,NA,NA,10975,109.146
9508,7452,root,0,NA,NA,7452,109.138
9509,1717,root,0,NA,NA,1717,109.136
9510,4716,root,0,NA,NA,4716,109.136
9511,3937,root,0,NA,NA,3937,109.135
9512,9074,root,0,NA,NA,9074,109.126
9513,9901,root,0,NA,NA,9901,109.125
9514,10511,root,0,NA,NA,10511,109.123
9515,18322,root,0,NA,NA,18322,109.119
9516,7945,root,0,NA,NA,7945,109.116
9517,17314,root,0,NA,NA,17314,109.105
9518,18740,root,0,NA,NA,18740,109.094
9519,1401,root,0,NA,NA,1401,109.089
9520,1414,root,0,NA,NA,1414,109.089
9521,1435,root,0,NA,NA,1435,109.089
9522,2025,root,0,NA,NA,2025,109.087
9523,9270,root,0,NA,NA,9270,109.082
9524,5677,root,0,NA,NA,5677,109.076
9525,9036,root,0,NA,NA,9036,109.074
9526,13466,root,0,NA,NA,13466,109.071
9527,15844,root,0,NA,NA,15844,109.07
9528,12223,root,0,NA,NA,12223,109.069
9529,2930,root,0,NA,NA,2930,109.055
9530,8150,root,0,NA,NA,8150,109.031
9531,16573,root,0,NA,NA,16573,109.029
9532,10104,root,0,NA,NA,10104,109.022
9533,17304,root,0,NA,NA,17304,109.014
9534,15488,root,0,NA,NA,15488,109.011
9535,17478,root,0,NA,NA,17478,108.999
9536,9278,root,0,NA,NA,9278,108.999
9537,17193,root,0,NA,NA,17193,108.97
9538,9460,root,0,NA,NA,9460,108.967
9539,15916,root,0,NA,NA,15916,108.965
9540,7071,root,0,NA,NA,7071,108.96
9541,12748,root,0,NA,NA,12748,108.956
9542,7608,root,0,NA,NA,7608,108.953
9543,1340,root,0,NA,NA,1340,108.944
9544,4926,root,0,NA,NA,4926,108.944
9545,481,root,0,NA,NA,481,108.942
9546,1106,root,0,NA,NA,1106,108.942
9547,9108,root,0,NA,NA,9108,108.935
9548,127,root,0,NA,NA,127,108.916
9549,12428,root,0,NA,NA,12428,108.909
9550,18482,root,0,NA,NA,18482,108.909
9551,19839,root,0,NA,NA,19839,108.894
9552,7275,root,0,NA,NA,7275,108.893
9553,11322,root,0,NA,NA,11322,108.889
9554,1320,root,0,NA,NA,1320,108.881
9555,10468,root,0,NA,NA,10468,108.88
9556,5707,root,0,NA,NA,5707,108.872
9557,18011,root,0,NA,NA,18011,108.837
9558,5636,root,0,NA,NA,5636,108.834
9559,9257,root,0,NA,NA,9257,108.83
9560,9543,root,0,NA,NA,9543,108.828
9561,7015,root,0,NA,NA,7015,108.822
9562,18236,root,0,NA,NA,18236,108.817
9563,6432,root,0,NA,NA,6432,108.797
9564,8328,root,0,NA,NA,8328,108.795
9565,6397,root,0,NA,NA,6397,108.794
9566,2349,root,0,NA,NA,2349,108.782
9567,16286,root,0,NA,NA,16286,108.774
9568,5283,root,0,NA,NA,5283,108.77
9569,5291,root,0,NA,NA,5291,108.77
9570,5304,root,0,NA,NA,5304,108.77
9571,7478,root,0,NA,NA,7478,108.756
9572,8803,root,0,NA,NA,8803,108.739
9573,9365,root,0,NA,NA,9365,108.735
9574,9803,root,0,NA,NA,9803,108.73
9575,9244,root,0,NA,NA,9244,108.73
9576,8301,root,0,NA,NA,8301,108.721
9577,8905,root,0,NA,NA,8905,108.716
9578,11349,root,0,NA,NA,11349,108.713
9579,10678,root,0,NA,NA,10678,108.708
9580,15917,root,0,NA,NA,15917,108.705
9581,8944,root,0,NA,NA,8944,108.695
9582,7960,root,0,NA,NA,7960,108.685
9583,3908,root,0,NA,NA,3908,108.676
9584,2133,root,0,NA,NA,2133,108.638
9585,12079,root,0,NA,NA,12079,108.635
9586,11400,root,0,NA,NA,11400,108.634
9587,7744,root,0,NA,NA,7744,108.632
9588,8412,root,0,NA,NA,8412,108.628
9589,9337,root,0,NA,NA,9337,108.602
9590,10313,root,0,NA,NA,10313,108.597
9591,4746,root,0,NA,NA,4746,108.592
9592,11171,root,0,NA,NA,11171,108.578
9593,7533,root,0,NA,NA,7533,108.577
9594,19350,root,0,NA,NA,19350,108.566
9595,11259,root,0,NA,NA,11259,108.558
9596,18381,root,0,NA,NA,18381,108.558
9597,13277,root,0,NA,NA,13277,108.55
9598,7749,root,0,NA,NA,7749,108.541
9599,15980,root,0,NA,NA,15980,108.523
9600,8659,root,0,NA,NA,8659,108.521
9601,3840,root,0,NA,NA,3840,108.516
9602,14625,root,0,NA,NA,14625,108.516
9603,19975,root,0,NA,NA,19975,108.51
9604,9007,root,0,NA,NA,9007,108.488
9605,19323,root,0,NA,NA,19323,108.476
9606,17203,root,0,NA,NA,17203,108.47
9607,19491,root,0,NA,NA,19491,108.464
9608,18793,root,0,NA,NA,18793,108.448
9609,9082,root,0,NA,NA,9082,108.444
9610,11816,root,0,NA,NA,11816,108.432
9611,9887,root,0,NA,NA,9887,108.429
9612,974,root,0,NA,NA,974,108.413
9613,4549,root,0,NA,NA,4549,108.406
9614,10338,root,0,NA,NA,10338,108.396
9615,7099,root,0,NA,NA,7099,108.383
9616,9838,root,0,NA,NA,9838,108.345
9617,2296,root,0,NA,NA,2296,108.344
9618,2309,root,0,NA,NA,2309,108.344
9619,2317,root,0,NA,NA,2317,108.344
9620,2330,root,0,NA,NA,2330,108.344
9621,2338,root,0,NA,NA,2338,108.344
9622,10285,root,0,NA,NA,10285,108.329
9623,12501,root,0,NA,NA,12501,108.328
9624,16867,root,0,NA,NA,16867,108.281
9625,6379,root,0,NA,NA,6379,108.28
9626,11902,root,0,NA,NA,11902,108.266
9627,14737,root,0,NA,NA,14737,108.235
9628,6534,root,0,NA,NA,6534,108.235
9629,7762,root,0,NA,NA,7762,108.226
9630,9996,root,0,NA,NA,9996,108.209
9631,15046,root,0,NA,NA,15046,108.201
9632,2557,root,0,NA,NA,2557,108.195
9633,3324,root,0,NA,NA,3324,108.192
9634,989,root,0,NA,NA,989,108.191
9635,5093,root,0,NA,NA,5093,108.183
9636,7616,root,0,NA,NA,7616,108.174
9637,14145,root,0,NA,NA,14145,108.167
9638,13093,root,0,NA,NA,13093,108.162
9639,11894,root,0,NA,NA,11894,108.161
9640,6330,root,0,NA,NA,6330,108.161
9641,11318,root,0,NA,NA,11318,108.147
9642,19063,root,0,NA,NA,19063,108.14
9643,14245,root,0,NA,NA,14245,108.138
9644,16958,root,0,NA,NA,16958,108.116
9645,16284,root,0,NA,NA,16284,108.113
9646,2465,root,0,NA,NA,2465,108.106
9647,15210,root,0,NA,NA,15210,108.104
9648,8001,root,0,NA,NA,8001,108.104
9649,253,root,0,NA,NA,253,108.098
9650,17722,root,0,NA,NA,17722,108.092
9651,11837,root,0,NA,NA,11837,108.09
9652,14342,root,0,NA,NA,14342,108.084
9653,17772,root,0,NA,NA,17772,108.083
9654,11346,root,0,NA,NA,11346,108.081
9655,8241,root,0,NA,NA,8241,108.079
9656,11133,root,0,NA,NA,11133,108.078
9657,7454,root,0,NA,NA,7454,108.077
9658,13951,root,0,NA,NA,13951,108.074
9659,18729,root,0,NA,NA,18729,108.043
9660,4254,root,0,NA,NA,4254,108.04
9661,10460,root,0,NA,NA,10460,108.034
9662,10100,root,0,NA,NA,10100,108.027
9663,9881,root,0,NA,NA,9881,108.008
9664,3888,root,0,NA,NA,3888,108.005
9665,18872,root,0,NA,NA,18872,108.003
9666,16521,root,0,NA,NA,16521,107.993
9667,1503,root,0,NA,NA,1503,107.985
9668,2094,root,0,NA,NA,2094,107.984
9669,6393,root,0,NA,NA,6393,107.973
9670,5925,root,0,NA,NA,5925,107.969
9671,13817,root,0,NA,NA,13817,107.968
9672,11996,root,0,NA,NA,11996,107.911
9673,6617,root,0,NA,NA,6617,107.897
9674,19824,root,0,NA,NA,19824,107.88
9675,8385,root,0,NA,NA,8385,107.877
9676,7786,root,0,NA,NA,7786,107.864
9677,7337,root,0,NA,NA,7337,107.861
9678,10988,root,0,NA,NA,10988,107.839
9679,9373,root,0,NA,NA,9373,107.814
9680,6338,root,0,NA,NA,6338,107.732
9681,17577,root,0,NA,NA,17577,107.724
9682,13065,root,0,NA,NA,13065,107.724
9683,7650,root,0,NA,NA,7650,107.714
9684,2450,root,0,NA,NA,2450,107.711
9685,8903,root,0,NA,NA,8903,107.709
9686,15352,root,0,NA,NA,15352,107.706
9687,16141,root,0,NA,NA,16141,107.706
9688,19319,root,0,NA,NA,19319,107.686
9689,7241,root,0,NA,NA,7241,107.684
9690,15150,root,0,NA,NA,15150,107.683
9691,15786,root,0,NA,NA,15786,107.679
9692,18445,root,0,NA,NA,18445,107.673
9693,10538,root,0,NA,NA,10538,107.666
9694,15423,root,0,NA,NA,15423,107.665
9695,10693,root,0,NA,NA,10693,107.64
9696,15564,root,0,NA,NA,15564,107.627
9697,13274,root,0,NA,NA,13274,107.625
9698,1751,root,0,NA,NA,1751,107.609
9699,11167,root,0,NA,NA,11167,107.607
9700,4976,root,0,NA,NA,4976,107.599
9701,18720,root,0,NA,NA,18720,107.586
9702,5410,root,0,NA,NA,5410,107.586
9703,18243,root,0,NA,NA,18243,107.584
9704,19064,root,0,NA,NA,19064,107.583
9705,10569,root,0,NA,NA,10569,107.582
9706,15676,root,0,NA,NA,15676,107.55
9707,19581,root,0,NA,NA,19581,107.54
9708,13822,root,0,NA,NA,13822,107.521
9709,7689,root,0,NA,NA,7689,107.51
9710,10185,root,0,NA,NA,10185,107.504
9711,3238,root,0,NA,NA,3238,107.5
9712,14394,root,0,NA,NA,14394,107.495
9713,15596,root,0,NA,NA,15596,107.469
9714,8509,root,0,NA,NA,8509,107.468
9715,15473,root,0,NA,NA,15473,107.461
9716,9129,root,0,NA,NA,9129,107.444
9717,4929,root,0,NA,NA,4929,107.44
9718,7192,root,0,NA,NA,7192,107.438
9719,11624,root,0,NA,NA,11624,107.435
9720,19001,root,0,NA,NA,19001,107.432
9721,19322,root,0,NA,NA,19322,107.43
9722,9809,root,0,NA,NA,9809,107.415
9723,11784,root,0,NA,NA,11784,107.41
9724,17047,root,0,NA,NA,17047,107.406
9725,9582,root,0,NA,NA,9582,107.378
9726,19173,root,0,NA,NA,19173,107.375
9727,15780,root,0,NA,NA,15780,107.374
9728,10363,root,0,NA,NA,10363,107.367
9729,14064,root,0,NA,NA,14064,107.362
9730,4519,root,0,NA,NA,4519,107.324
9731,15934,root,0,NA,NA,15934,107.319
9732,13622,root,0,NA,NA,13622,107.31
9733,18845,root,0,NA,NA,18845,107.308
9734,11434,root,0,NA,NA,11434,107.306
9735,13888,root,0,NA,NA,13888,107.298
9736,15329,root,0,NA,NA,15329,107.295
9737,1611,root,0,NA,NA,1611,107.294
9738,6649,root,0,NA,NA,6649,107.293
9739,12868,root,0,NA,NA,12868,107.284
9740,16123,root,0,NA,NA,16123,107.277
9741,12224,root,0,NA,NA,12224,107.275
9742,10902,root,0,NA,NA,10902,107.271
9743,5711,root,0,NA,NA,5711,107.26
9744,10892,root,0,NA,NA,10892,107.254
9745,17962,root,0,NA,NA,17962,107.224
9746,14509,root,0,NA,NA,14509,107.223
9747,12289,root,0,NA,NA,12289,107.213
9748,3717,root,0,NA,NA,3717,107.207
9749,13201,root,0,NA,NA,13201,107.181
9750,18539,root,0,NA,NA,18539,107.179
9751,8280,root,0,NA,NA,8280,107.168
9752,18656,root,0,NA,NA,18656,107.16
9753,13602,root,0,NA,NA,13602,107.158
9754,12102,root,0,NA,NA,12102,107.15
9755,1138,root,0,NA,NA,1138,107.14
9756,15129,root,0,NA,NA,15129,107.134
9757,19324,root,0,NA,NA,19324,107.103
9758,7720,root,0,NA,NA,7720,107.096
9759,7998,root,0,NA,NA,7998,107.093
9760,5076,root,0,NA,NA,5076,107.057
9761,2609,root,0,NA,NA,2609,107.052
9762,8466,root,0,NA,NA,8466,107.03
9763,14250,root,0,NA,NA,14250,107.03
9764,10533,root,0,NA,NA,10533,107.022
9765,13142,root,0,NA,NA,13142,107.015
9766,8627,root,0,NA,NA,8627,107.012
9767,8475,root,0,NA,NA,8475,107.009
9768,7639,root,0,NA,NA,7639,107.002
9769,873,root,0,NA,NA,873,106.996
9770,13853,root,0,NA,NA,13853,106.994
9771,4115,root,0,NA,NA,4115,106.989
9772,14802,root,0,NA,NA,14802,106.98
9773,1065,root,0,NA,NA,1065,106.978
9774,221,root,0,NA,NA,221,106.967
9775,4050,root,0,NA,NA,4050,106.962
9776,9033,root,0,NA,NA,9033,106.956
9777,5996,root,0,NA,NA,5996,106.945
9778,11239,root,0,NA,NA,11239,106.941
9779,4080,root,0,NA,NA,4080,106.934
9780,11730,root,0,NA,NA,11730,106.901
9781,5365,root,0,NA,NA,5365,106.894
9782,7266,root,0,NA,NA,7266,106.879
9783,11957,root,0,NA,NA,11957,106.815
9784,11722,root,0,NA,NA,11722,106.802
9785,9483,root,0,NA,NA,9483,106.8
9786,7360,root,0,NA,NA,7360,106.792
9787,7463,root,0,NA,NA,7463,106.784
9788,7850,root,0,NA,NA,7850,106.767
9789,10541,root,0,NA,NA,10541,106.766
9790,12015,root,0,NA,NA,12015,106.765
9791,14451,root,0,NA,NA,14451,106.762
9792,12282,root,0,NA,NA,12282,106.735
9793,14019,root,0,NA,NA,14019,106.731
9794,9646,root,0,NA,NA,9646,106.725
9795,14838,root,0,NA,NA,14838,106.718
9796,6680,root,0,NA,NA,6680,106.71
9797,18945,root,0,NA,NA,18945,106.707
9798,7415,root,0,NA,NA,7415,106.696
9799,1379,root,0,NA,NA,1379,106.689
9800,9252,root,0,NA,NA,9252,106.688
9801,18711,root,0,NA,NA,18711,106.676
9802,11495,root,0,NA,NA,11495,106.66
9803,3423,root,0,NA,NA,3423,106.65
9804,6067,root,0,NA,NA,6067,106.638
9805,8037,root,0,NA,NA,8037,106.615
9806,9617,root,0,NA,NA,9617,106.613
9807,11978,root,0,NA,NA,11978,106.604
9808,16292,root,0,NA,NA,16292,106.595
9809,19313,root,0,NA,NA,19313,106.582
9810,13188,root,0,NA,NA,13188,106.566
9811,2986,root,0,NA,NA,2986,106.559
9812,7707,root,0,NA,NA,7707,106.55
9813,1817,root,0,NA,NA,1817,106.542
9814,3996,root,0,NA,NA,3996,106.541
9815,14217,root,0,NA,NA,14217,106.529
9816,17133,root,0,NA,NA,17133,106.529
9817,10432,root,0,NA,NA,10432,106.529
9818,6915,root,0,NA,NA,6915,106.523
9819,9957,root,0,NA,NA,9957,106.512
9820,4772,root,0,NA,NA,4772,106.51
9821,8690,root,0,NA,NA,8690,106.509
9822,7910,root,0,NA,NA,7910,106.508
9823,13607,root,0,NA,NA,13607,106.491
9824,10210,root,0,NA,NA,10210,106.481
9825,9247,root,0,NA,NA,9247,106.474
9826,8572,root,0,NA,NA,8572,106.473
9827,9541,root,0,NA,NA,9541,106.468
9828,14740,root,0,NA,NA,14740,106.466
9829,1986,root,0,NA,NA,1986,106.465
9830,17950,root,0,NA,NA,17950,106.464
9831,12978,root,0,NA,NA,12978,106.463
9832,10897,root,0,NA,NA,10897,106.457
9833,6311,root,0,NA,NA,6311,106.452
9834,7073,root,0,NA,NA,7073,106.435
9835,10741,root,0,NA,NA,10741,106.432
9836,4699,root,0,NA,NA,4699,106.419
9837,6795,root,0,NA,NA,6795,106.412
9838,16278,root,0,NA,NA,16278,106.404
9839,6184,root,0,NA,NA,6184,106.4
9840,6197,root,0,NA,NA,6197,106.4
9841,5240,root,0,NA,NA,5240,106.393
9842,4880,root,0,NA,NA,4880,106.385
9843,19238,root,0,NA,NA,19238,106.381
9844,9863,root,0,NA,NA,9863,106.374
9845,8790,root,0,NA,NA,8790,106.373
9846,11782,root,0,NA,NA,11782,106.366
9847,16488,root,0,NA,NA,16488,106.363
9848,3169,root,0,NA,NA,3169,106.354
9849,17907,root,0,NA,NA,17907,106.343
9850,12660,root,0,NA,NA,12660,106.329
9851,8446,root,0,NA,NA,8446,106.32
9852,11240,root,0,NA,NA,11240,106.319
9853,4489,root,0,NA,NA,4489,106.318
9854,4544,root,0,NA,NA,4544,106.314
9855,9237,root,0,NA,NA,9237,106.311
9856,6424,root,0,NA,NA,6424,106.302
9857,5409,root,0,NA,NA,5409,106.295
9858,4325,root,0,NA,NA,4325,106.269
9859,4338,root,0,NA,NA,4338,106.269
9860,5424,root,0,NA,NA,5424,106.243
9861,4787,root,0,NA,NA,4787,106.226
9862,11876,root,0,NA,NA,11876,106.174
9863,9351,root,0,NA,NA,9351,106.168
9864,17325,root,0,NA,NA,17325,106.168
9865,16311,root,0,NA,NA,16311,106.16
9866,6191,root,0,NA,NA,6191,106.157
9867,19358,root,0,NA,NA,19358,106.151
9868,10086,root,0,NA,NA,10086,106.14
9869,17580,root,0,NA,NA,17580,106.139
9870,4011,root,0,NA,NA,4011,106.132
9871,10967,root,0,NA,NA,10967,106.118
9872,18327,root,0,NA,NA,18327,106.112
9873,6314,root,0,NA,NA,6314,106.105
9874,7481,root,0,NA,NA,7481,106.103
9875,14544,root,0,NA,NA,14544,106.094
9876,11790,root,0,NA,NA,11790,106.083
9877,8638,root,0,NA,NA,8638,106.083
9878,5650,root,0,NA,NA,5650,106.081
9879,5658,root,0,NA,NA,5658,106.081
9880,6753,root,0,NA,NA,6753,106.07
9881,7034,root,0,NA,NA,7034,106.065
9882,11052,root,0,NA,NA,11052,106.064
9883,6171,root,0,NA,NA,6171,106.043
9884,7389,root,0,NA,NA,7389,106.037
9885,5855,root,0,NA,NA,5855,106.025
9886,8654,root,0,NA,NA,8654,106.025
9887,6341,root,0,NA,NA,6341,106.003
9888,5226,root,0,NA,NA,5226,105.997
9889,17801,root,0,NA,NA,17801,105.987
9890,19845,root,0,NA,NA,19845,105.984
9891,9544,root,0,NA,NA,9544,105.979
9892,14371,root,0,NA,NA,14371,105.958
9893,8444,root,0,NA,NA,8444,105.947
9894,12404,root,0,NA,NA,12404,105.947
9895,3429,root,0,NA,NA,3429,105.936
9896,4905,root,0,NA,NA,4905,105.931
9897,3473,root,0,NA,NA,3473,105.924
9898,14971,root,0,NA,NA,14971,105.92
9899,6471,root,0,NA,NA,6471,105.908
9900,7028,root,0,NA,NA,7028,105.899
9901,16839,root,0,NA,NA,16839,105.897
9902,8679,root,0,NA,NA,8679,105.877
9903,8656,root,0,NA,NA,8656,105.865
9904,12389,root,0,NA,NA,12389,105.854
9905,17560,root,0,NA,NA,17560,105.853
9906,15710,root,0,NA,NA,15710,105.849
9907,9097,root,0,NA,NA,9097,105.849
9908,5979,root,0,NA,NA,5979,105.848
9909,151,root,0,NA,NA,151,105.846
9910,15218,root,0,NA,NA,15218,105.826
9911,12384,root,0,NA,NA,12384,105.82
9912,9037,root,0,NA,NA,9037,105.819
9913,8349,root,0,NA,NA,8349,105.815
9914,13925,root,0,NA,NA,13925,105.807
9915,14774,root,0,NA,NA,14774,105.801
9916,17991,root,0,NA,NA,17991,105.798
9917,756,root,0,NA,NA,756,105.793
9918,18245,root,0,NA,NA,18245,105.791
9919,15547,root,0,NA,NA,15547,105.79
9920,2214,root,0,NA,NA,2214,105.787
9921,8674,root,0,NA,NA,8674,105.787
9922,2046,root,0,NA,NA,2046,105.777
9923,8879,root,0,NA,NA,8879,105.756
9924,16589,root,0,NA,NA,16589,105.751
9925,9722,root,0,NA,NA,9722,105.744
9926,15517,root,0,NA,NA,15517,105.734
9927,3264,root,0,NA,NA,3264,105.732
9928,1729,root,0,NA,NA,1729,105.731
9929,8748,root,0,NA,NA,8748,105.719
9930,3788,root,0,NA,NA,3788,105.712
9931,19014,root,0,NA,NA,19014,105.707
9932,13748,root,0,NA,NA,13748,105.702
9933,6719,root,0,NA,NA,6719,105.683
9934,4444,root,0,NA,NA,4444,105.67
9935,4449,root,0,NA,NA,4449,105.67
9936,4452,root,0,NA,NA,4452,105.67
9937,4457,root,0,NA,NA,4457,105.67
9938,4465,root,0,NA,NA,4465,105.67
9939,17953,root,0,NA,NA,17953,105.668
9940,9201,root,0,NA,NA,9201,105.656
9941,10917,root,0,NA,NA,10917,105.646
9942,11998,root,0,NA,NA,11998,105.64
9943,9091,root,0,NA,NA,9091,105.638
9944,983,root,0,NA,NA,983,105.63
9945,17000,root,0,NA,NA,17000,105.614
9946,4802,root,0,NA,NA,4802,105.602
9947,4815,root,0,NA,NA,4815,105.602
9948,9729,root,0,NA,NA,9729,105.594
9949,46,root,0,NA,NA,46,105.578
9950,7874,root,0,NA,NA,7874,105.576
9951,11587,root,0,NA,NA,11587,105.575
9952,15513,root,0,NA,NA,15513,105.569
9953,10169,root,0,NA,NA,10169,105.556
9954,83,root,0,NA,NA,83,105.551
9955,8657,root,0,NA,NA,8657,105.548
9956,8852,root,0,NA,NA,8852,105.529
9957,3735,root,0,NA,NA,3735,105.519
9958,3279,root,0,NA,NA,3279,105.513
9959,8655,root,0,NA,NA,8655,105.504
9960,3249,root,0,NA,NA,3249,105.495
9961,3270,root,0,NA,NA,3270,105.495
9962,3283,root,0,NA,NA,3283,105.495
9963,12808,root,0,NA,NA,12808,105.495
9964,14061,root,0,NA,NA,14061,105.469
9965,9561,root,0,NA,NA,9561,105.468
9966,11548,root,0,NA,NA,11548,105.447
9967,300,root,0,NA,NA,300,105.439
9968,15042,root,0,NA,NA,15042,105.429
9969,9058,root,0,NA,NA,9058,105.417
9970,11148,root,0,NA,NA,11148,105.402
9971,13458,root,0,NA,NA,13458,105.397
9972,5617,root,0,NA,NA,5617,105.388
9973,8180,root,0,NA,NA,8180,105.382
9974,11198,root,0,NA,NA,11198,105.382
9975,8425,root,0,NA,NA,8425,105.373
9976,10563,root,0,NA,NA,10563,105.328
9977,16455,root,0,NA,NA,16455,105.293
9978,17048,root,0,NA,NA,17048,105.265
9979,13542,root,0,NA,NA,13542,105.256
9980,19972,root,0,NA,NA,19972,105.249
9981,12860,root,0,NA,NA,12860,105.236
9982,14261,root,0,NA,NA,14261,105.2
9983,10504,root,0,NA,NA,10504,105.198
9984,13769,root,0,NA,NA,13769,105.192
9985,14258,root,0,NA,NA,14258,105.187
9986,8779,root,0,NA,NA,8779,105.184
9987,8488,root,0,NA,NA,8488,105.182
9988,11635,root,0,NA,NA,11635,105.172
9989,9579,root,0,NA,NA,9579,105.167
9990,13174,root,0,NA,NA,13174,105.162
9991,12557,root,0,NA,NA,12557,105.15
9992,13670,root,0,NA,NA,13670,105.142
9993,17756,root,0,NA,NA,17756,105.142
9994,15957,root,0,NA,NA,15957,105.133
9995,12302,root,0,NA,NA,12302,105.128
9996,18222,root,0,NA,NA,18222,105.119
9997,6343,root,0,NA,NA,6343,105.114
9998,12892,root,0,NA,NA,12892,105.096
9999,11927,root,0,NA,NA,11927,105.093
10000,11821,root,0,NA,NA,11821,105.087
10001,9391,root,0,NA,NA,9391,105.084
10002,14929,root,0,NA,NA,14929,105.077
10003,8468,root,0,NA,NA,8468,105.07
10004,13688,root,0,NA,NA,13688,105.055
10005,9761,root,0,NA,NA,9761,105.049
10006,9307,root,0,NA,NA,9307,105.03
10007,2599,root,0,NA,NA,2599,105.024
10008,7606,root,0,NA,NA,7606,105.02
10009,19631,root,0,NA,NA,19631,105.01
10010,10968,root,0,NA,NA,10968,105.004
10011,13422,root,0,NA,NA,13422,104.999
10012,12058,root,0,NA,NA,12058,104.954
10013,5479,root,0,NA,NA,5479,104.953
10014,8512,root,0,NA,NA,8512,104.943
10015,9360,root,0,NA,NA,9360,104.935
10016,8322,root,0,NA,NA,8322,104.933
10017,18758,root,0,NA,NA,18758,104.914
10018,4208,root,0,NA,NA,4208,104.907
10019,4216,root,0,NA,NA,4216,104.907
10020,4221,root,0,NA,NA,4221,104.907
10021,4229,root,0,NA,NA,4229,104.907
10022,8671,root,0,NA,NA,8671,104.899
10023,8676,root,0,NA,NA,8676,104.899
10024,8684,root,0,NA,NA,8684,104.899
10025,7390,root,0,NA,NA,7390,104.897
10026,13370,root,0,NA,NA,13370,104.88
10027,1407,root,0,NA,NA,1407,104.878
10028,16676,root,0,NA,NA,16676,104.87
10029,5734,root,0,NA,NA,5734,104.868
10030,416,root,0,NA,NA,416,104.859
10031,17489,root,0,NA,NA,17489,104.835
10032,10015,root,0,NA,NA,10015,104.803
10033,15598,root,0,NA,NA,15598,104.792
10034,13300,root,0,NA,NA,13300,104.786
10035,11772,root,0,NA,NA,11772,104.783
10036,11115,root,0,NA,NA,11115,104.753
10037,7647,root,0,NA,NA,7647,104.746
10038,17405,root,0,NA,NA,17405,104.74
10039,19505,root,0,NA,NA,19505,104.716
10040,16152,root,0,NA,NA,16152,104.706
10041,12739,root,0,NA,NA,12739,104.702
10042,18266,root,0,NA,NA,18266,104.697
10043,16396,root,0,NA,NA,16396,104.696
10044,7343,root,0,NA,NA,7343,104.695
10045,8769,root,0,NA,NA,8769,104.694
10046,6457,root,0,NA,NA,6457,104.668
10047,2800,root,0,NA,NA,2800,104.667
10048,5692,root,0,NA,NA,5692,104.657
10049,4303,root,0,NA,NA,4303,104.645
10050,4054,root,0,NA,NA,4054,104.644
10051,11751,root,0,NA,NA,11751,104.634
10052,17726,root,0,NA,NA,17726,104.629
10053,10591,root,0,NA,NA,10591,104.602
10054,9123,root,0,NA,NA,9123,104.582
10055,2779,root,0,NA,NA,2779,104.577
10056,11846,root,0,NA,NA,11846,104.57
10057,769,root,0,NA,NA,769,104.564
10058,6922,root,0,NA,NA,6922,104.563
10059,8841,root,0,NA,NA,8841,104.552
10060,8097,root,0,NA,NA,8097,104.551
10061,19976,root,0,NA,NA,19976,104.547
10062,5813,root,0,NA,NA,5813,104.545
10063,6779,root,0,NA,NA,6779,104.527
10064,16987,root,0,NA,NA,16987,104.526
10065,17257,root,0,NA,NA,17257,104.511
10066,3910,root,0,NA,NA,3910,104.503
10067,12492,root,0,NA,NA,12492,104.502
10068,3724,root,0,NA,NA,3724,104.487
10069,8517,root,0,NA,NA,8517,104.485
10070,4190,root,0,NA,NA,4190,104.468
10071,11025,root,0,NA,NA,11025,104.458
10072,7364,root,0,NA,NA,7364,104.452
10073,15950,root,0,NA,NA,15950,104.449
10074,18200,root,0,NA,NA,18200,104.421
10075,792,root,0,NA,NA,792,104.421
10076,12578,root,0,NA,NA,12578,104.42
10077,9222,root,0,NA,NA,9222,104.407
10078,11109,root,0,NA,NA,11109,104.383
10079,10784,root,0,NA,NA,10784,104.362
10080,9616,root,0,NA,NA,9616,104.357
10081,9619,root,0,NA,NA,9619,104.357
10082,9624,root,0,NA,NA,9624,104.357
10083,9627,root,0,NA,NA,9627,104.357
10084,11214,root,0,NA,NA,11214,104.337
10085,7542,root,0,NA,NA,7542,104.303
10086,17313,root,0,NA,NA,17313,104.302
10087,7699,root,0,NA,NA,7699,104.298
10088,19530,root,0,NA,NA,19530,104.288
10089,9230,root,0,NA,NA,9230,104.251
10090,7145,root,0,NA,NA,7145,104.248
10091,17152,root,0,NA,NA,17152,104.24
10092,7173,root,0,NA,NA,7173,104.227
10093,12372,root,0,NA,NA,12372,104.223
10094,16360,root,0,NA,NA,16360,104.208
10095,8625,root,0,NA,NA,8625,104.207
10096,13975,root,0,NA,NA,13975,104.206
10097,4908,root,0,NA,NA,4908,104.193
10098,19502,root,0,NA,NA,19502,104.176
10099,7061,root,0,NA,NA,7061,104.17
10100,18232,root,0,NA,NA,18232,104.165
10101,9647,root,0,NA,NA,9647,104.148
10102,8969,root,0,NA,NA,8969,104.124
10103,5562,root,0,NA,NA,5562,104.113
10104,8310,root,0,NA,NA,8310,104.092
10105,13721,root,0,NA,NA,13721,104.083
10106,11163,root,0,NA,NA,11163,104.081
10107,16810,root,0,NA,NA,16810,104.08
10108,7056,root,0,NA,NA,7056,104.073
10109,18137,root,0,NA,NA,18137,104.072
10110,13304,root,0,NA,NA,13304,104.046
10111,6661,root,0,NA,NA,6661,104.038
10112,6958,root,0,NA,NA,6958,104.037
10113,16847,root,0,NA,NA,16847,104.031
10114,6665,root,0,NA,NA,6665,104.023
10115,9986,root,0,NA,NA,9986,104.021
10116,7363,root,0,NA,NA,7363,104.005
10117,17939,root,0,NA,NA,17939,104.002
10118,18753,root,0,NA,NA,18753,104.001
10119,12450,root,0,NA,NA,12450,103.999
10120,11439,root,0,NA,NA,11439,103.992
10121,15687,root,0,NA,NA,15687,103.981
10122,11275,root,0,NA,NA,11275,103.98
10123,14757,root,0,NA,NA,14757,103.978
10124,3841,root,0,NA,NA,3841,103.971
10125,3844,root,0,NA,NA,3844,103.971
10126,3849,root,0,NA,NA,3849,103.971
10127,3857,root,0,NA,NA,3857,103.971
10128,3862,root,0,NA,NA,3862,103.971
10129,3865,root,0,NA,NA,3865,103.971
10130,6883,root,0,NA,NA,6883,103.952
10131,9242,root,0,NA,NA,9242,103.95
10132,6916,root,0,NA,NA,6916,103.94
10133,14898,root,0,NA,NA,14898,103.915
10134,13633,root,0,NA,NA,13633,103.889
10135,8664,root,0,NA,NA,8664,103.884
10136,1038,root,0,NA,NA,1038,103.882
10137,18014,root,0,NA,NA,18014,103.871
10138,10412,root,0,NA,NA,10412,103.869
10139,6485,root,0,NA,NA,6485,103.851
10140,7971,root,0,NA,NA,7971,103.844
10141,11938,root,0,NA,NA,11938,103.837
10142,9098,root,0,NA,NA,9098,103.828
10143,4032,root,0,NA,NA,4032,103.823
10144,13713,root,0,NA,NA,13713,103.818
10145,3117,root,0,NA,NA,3117,103.811
10146,15799,root,0,NA,NA,15799,103.809
10147,7676,root,0,NA,NA,7676,103.8
10148,10837,root,0,NA,NA,10837,103.786
10149,19924,root,0,NA,NA,19924,103.786
10150,3950,root,0,NA,NA,3950,103.784
10151,16361,root,0,NA,NA,16361,103.78
10152,14683,root,0,NA,NA,14683,103.774
10153,8426,root,0,NA,NA,8426,103.772
10154,9397,root,0,NA,NA,9397,103.771
10155,6322,root,0,NA,NA,6322,103.764
10156,949,root,0,NA,NA,949,103.758
10157,9837,root,0,NA,NA,9837,103.755
10158,8669,root,0,NA,NA,8669,103.741
10159,14442,root,0,NA,NA,14442,103.726
10160,10883,root,0,NA,NA,10883,103.722
10161,11088,root,0,NA,NA,11088,103.718
10162,4102,root,0,NA,NA,4102,103.716
10163,15260,root,0,NA,NA,15260,103.716
10164,14247,root,0,NA,NA,14247,103.715
10165,19326,root,0,NA,NA,19326,103.693
10166,10348,root,0,NA,NA,10348,103.676
10167,4071,root,0,NA,NA,4071,103.663
10168,14759,root,0,NA,NA,14759,103.654
10169,11770,root,0,NA,NA,11770,103.653
10170,12577,root,0,NA,NA,12577,103.646
10171,8271,root,0,NA,NA,8271,103.637
10172,14425,root,0,NA,NA,14425,103.635
10173,7820,root,0,NA,NA,7820,103.634
10174,10875,root,0,NA,NA,10875,103.63
10175,15331,root,0,NA,NA,15331,103.625
10176,9124,root,0,NA,NA,9124,103.622
10177,18153,root,0,NA,NA,18153,103.617
10178,5333,root,0,NA,NA,5333,103.612
10179,6367,root,0,NA,NA,6367,103.609
10180,16363,root,0,NA,NA,16363,103.601
10181,14523,root,0,NA,NA,14523,103.598
10182,9328,root,0,NA,NA,9328,103.597
10183,6602,root,0,NA,NA,6602,103.587
10184,3690,root,0,NA,NA,3690,103.573
10185,12780,root,0,NA,NA,12780,103.566
10186,18651,root,0,NA,NA,18651,103.564
10187,17827,root,0,NA,NA,17827,103.556
10188,7424,root,0,NA,NA,7424,103.541
10189,11032,root,0,NA,NA,11032,103.514
10190,13048,root,0,NA,NA,13048,103.512
10191,10461,root,0,NA,NA,10461,103.501
10192,8756,root,0,NA,NA,8756,103.499
10193,14244,root,0,NA,NA,14244,103.494
10194,17574,root,0,NA,NA,17574,103.491
10195,15756,root,0,NA,NA,15756,103.48
10196,15561,root,0,NA,NA,15561,103.471
10197,6497,root,0,NA,NA,6497,103.458
10198,5897,root,0,NA,NA,5897,103.458
10199,11060,root,0,NA,NA,11060,103.457
10200,17666,root,0,NA,NA,17666,103.447
10201,10200,root,0,NA,NA,10200,103.442
10202,8935,root,0,NA,NA,8935,103.441
10203,7661,root,0,NA,NA,7661,103.439
10204,11826,root,0,NA,NA,11826,103.406
10205,8189,root,0,NA,NA,8189,103.387
10206,10309,root,0,NA,NA,10309,103.387
10207,9071,root,0,NA,NA,9071,103.377
10208,19366,root,0,NA,NA,19366,103.367
10209,18250,root,0,NA,NA,18250,103.354
10210,12723,root,0,NA,NA,12723,103.347
10211,11393,root,0,NA,NA,11393,103.343
10212,9816,root,0,NA,NA,9816,103.337
10213,8596,root,0,NA,NA,8596,103.333
10214,18435,root,0,NA,NA,18435,103.321
10215,10378,root,0,NA,NA,10378,103.302
10216,8782,root,0,NA,NA,8782,103.296
10217,8685,root,0,NA,NA,8685,103.275
10218,9341,root,0,NA,NA,9341,103.252
10219,15690,root,0,NA,NA,15690,103.251
10220,4034,root,0,NA,NA,4034,103.238
10221,9042,root,0,NA,NA,9042,103.235
10222,412,root,0,NA,NA,412,103.234
10223,12702,root,0,NA,NA,12702,103.192
10224,1408,root,0,NA,NA,1408,103.19
10225,7673,root,0,NA,NA,7673,103.187
10226,19040,root,0,NA,NA,19040,103.185
10227,11883,root,0,NA,NA,11883,103.156
10228,9024,root,0,NA,NA,9024,103.149
10229,3786,root,0,NA,NA,3786,103.137
10230,3794,root,0,NA,NA,3794,103.137
10231,3799,root,0,NA,NA,3799,103.137
10232,3807,root,0,NA,NA,3807,103.137
10233,7668,root,0,NA,NA,7668,103.123
10234,19321,root,0,NA,NA,19321,103.119
10235,5445,root,0,NA,NA,5445,103.119
10236,16849,root,0,NA,NA,16849,103.117
10237,9330,root,0,NA,NA,9330,103.109
10238,8727,root,0,NA,NA,8727,103.108
10239,12470,root,0,NA,NA,12470,103.105
10240,3224,root,0,NA,NA,3224,103.082
10241,7884,root,0,NA,NA,7884,103.079
10242,7555,root,0,NA,NA,7555,103.064
10243,295,root,0,NA,NA,295,103.063
10244,4191,root,0,NA,NA,4191,103.063
10245,10623,root,0,NA,NA,10623,103.043
10246,13417,root,0,NA,NA,13417,103.043
10247,8211,root,0,NA,NA,8211,103.04
10248,6904,root,0,NA,NA,6904,103.035
10249,12074,root,0,NA,NA,12074,103.026
10250,4640,root,0,NA,NA,4640,103.023
10251,18667,root,0,NA,NA,18667,103.019
10252,10543,root,0,NA,NA,10543,103.019
10253,14725,root,0,NA,NA,14725,103.017
10254,16798,root,0,NA,NA,16798,103.014
10255,16089,root,0,NA,NA,16089,103.012
10256,13260,root,0,NA,NA,13260,103.002
10257,5344,root,0,NA,NA,5344,103.001
10258,9859,root,0,NA,NA,9859,102.975
10259,13608,root,0,NA,NA,13608,102.964
10260,15239,root,0,NA,NA,15239,102.958
10261,10459,root,0,NA,NA,10459,102.953
10262,16201,root,0,NA,NA,16201,102.953
10263,7665,root,0,NA,NA,7665,102.942
10264,4101,root,0,NA,NA,4101,102.888
10265,6118,root,0,NA,NA,6118,102.87
10266,19442,root,0,NA,NA,19442,102.865
10267,17034,root,0,NA,NA,17034,102.86
10268,17819,root,0,NA,NA,17819,102.856
10269,9269,root,0,NA,NA,9269,102.843
10270,1120,root,0,NA,NA,1120,102.841
10271,16304,root,0,NA,NA,16304,102.835
10272,9753,root,0,NA,NA,9753,102.833
10273,14575,root,0,NA,NA,14575,102.829
10274,8686,root,0,NA,NA,8686,102.828
10275,2431,root,0,NA,NA,2431,102.823
10276,13404,root,0,NA,NA,13404,102.815
10277,13620,root,0,NA,NA,13620,102.805
10278,10866,root,0,NA,NA,10866,102.791
10279,10550,root,0,NA,NA,10550,102.787
10280,7064,root,0,NA,NA,7064,102.779
10281,7079,root,0,NA,NA,7079,102.776
10282,19895,root,0,NA,NA,19895,102.748
10283,18657,root,0,NA,NA,18657,102.733
10284,11549,root,0,NA,NA,11549,102.73
10285,6760,root,0,NA,NA,6760,102.722
10286,10743,root,0,NA,NA,10743,102.67
10287,16533,root,0,NA,NA,16533,102.665
10288,8813,root,0,NA,NA,8813,102.661
10289,7508,root,0,NA,NA,7508,102.653
10290,11277,root,0,NA,NA,11277,102.647
10291,9728,root,0,NA,NA,9728,102.642
10292,19028,root,0,NA,NA,19028,102.637
10293,3308,root,0,NA,NA,3308,102.635
10294,8185,root,0,NA,NA,8185,102.624
10295,10058,root,0,NA,NA,10058,102.621
10296,10317,root,0,NA,NA,10317,102.619
10297,11914,root,0,NA,NA,11914,102.609
10298,317,root,0,NA,NA,317,102.606
10299,338,root,0,NA,NA,338,102.606
10300,351,root,0,NA,NA,351,102.606
10301,11327,root,0,NA,NA,11327,102.584
10302,16597,root,0,NA,NA,16597,102.584
10303,12420,root,0,NA,NA,12420,102.579
10304,11789,root,0,NA,NA,11789,102.577
10305,4955,root,0,NA,NA,4955,102.574
10306,8787,root,0,NA,NA,8787,102.568
10307,18209,root,0,NA,NA,18209,102.566
10308,16411,root,0,NA,NA,16411,102.565
10309,6159,root,0,NA,NA,6159,102.555
10310,15915,root,0,NA,NA,15915,102.547
10311,9274,root,0,NA,NA,9274,102.543
10312,7045,root,0,NA,NA,7045,102.541
10313,12386,root,0,NA,NA,12386,102.519
10314,10997,root,0,NA,NA,10997,102.504
10315,7658,root,0,NA,NA,7658,102.495
10316,12611,root,0,NA,NA,12611,102.493
10317,7989,root,0,NA,NA,7989,102.485
10318,7287,root,0,NA,NA,7287,102.484
10319,9622,root,0,NA,NA,9622,102.473
10320,19155,root,0,NA,NA,19155,102.461
10321,16295,root,0,NA,NA,16295,102.456
10322,8609,root,0,NA,NA,8609,102.454
10323,10549,root,0,NA,NA,10549,102.432
10324,12061,root,0,NA,NA,12061,102.417
10325,15116,root,0,NA,NA,15116,102.413
10326,18850,root,0,NA,NA,18850,102.407
10327,17776,root,0,NA,NA,17776,102.406
10328,17766,root,0,NA,NA,17766,102.398
10329,7299,root,0,NA,NA,7299,102.37
10330,14125,root,0,NA,NA,14125,102.36
10331,93,root,0,NA,NA,93,102.356
10332,4141,root,0,NA,NA,4141,102.35
10333,6049,root,0,NA,NA,6049,102.331
10334,4631,root,0,NA,NA,4631,102.328
10335,7092,root,0,NA,NA,7092,102.32
10336,12950,root,0,NA,NA,12950,102.315
10337,7736,root,0,NA,NA,7736,102.312
10338,12247,root,0,NA,NA,12247,102.278
10339,17734,root,0,NA,NA,17734,102.272
10340,16242,root,0,NA,NA,16242,102.272
10341,17492,root,0,NA,NA,17492,102.271
10342,1198,root,0,NA,NA,1198,102.26
10343,3463,root,0,NA,NA,3463,102.249
10344,13558,root,0,NA,NA,13558,102.241
10345,8578,root,0,NA,NA,8578,102.235
10346,5663,root,0,NA,NA,5663,102.231
10347,17748,root,0,NA,NA,17748,102.222
10348,12286,root,0,NA,NA,12286,102.21
10349,7587,root,0,NA,NA,7587,102.207
10350,10113,root,0,NA,NA,10113,102.2
10351,12214,root,0,NA,NA,12214,102.198
10352,11726,root,0,NA,NA,11726,102.198
10353,13640,root,0,NA,NA,13640,102.154
10354,3630,root,0,NA,NA,3630,102.149
10355,12375,root,0,NA,NA,12375,102.11
10356,15069,root,0,NA,NA,15069,102.096
10357,11076,root,0,NA,NA,11076,102.091
10358,9368,root,0,NA,NA,9368,102.083
10359,15062,root,0,NA,NA,15062,102.07
10360,9821,root,0,NA,NA,9821,102.067
10361,13535,root,0,NA,NA,13535,102.062
10362,11761,root,0,NA,NA,11761,102.061
10363,8808,root,0,NA,NA,8808,102.039
10364,18942,root,0,NA,NA,18942,102.03
10365,8942,root,0,NA,NA,8942,102.025
10366,18261,root,0,NA,NA,18261,102.017
10367,2402,root,0,NA,NA,2402,102.004
10368,9402,root,0,NA,NA,9402,101.998
10369,17364,root,0,NA,NA,17364,101.972
10370,13409,root,0,NA,NA,13409,101.966
10371,10380,root,0,NA,NA,10380,101.966
10372,7999,root,0,NA,NA,7999,101.965
10373,18290,root,0,NA,NA,18290,101.95
10374,7796,root,0,NA,NA,7796,101.943
10375,10489,root,0,NA,NA,10489,101.929
10376,6542,root,0,NA,NA,6542,101.926
10377,15120,root,0,NA,NA,15120,101.924
10378,7878,root,0,NA,NA,7878,101.921
10379,187,root,0,NA,NA,187,101.899
10380,8753,root,0,NA,NA,8753,101.891
10381,15246,root,0,NA,NA,15246,101.889
10382,9707,root,0,NA,NA,9707,101.884
10383,8970,root,0,NA,NA,8970,101.883
10384,11399,root,0,NA,NA,11399,101.876
10385,15273,root,0,NA,NA,15273,101.874
10386,17716,root,0,NA,NA,17716,101.872
10387,13797,root,0,NA,NA,13797,101.866
10388,9721,root,0,NA,NA,9721,101.865
10389,10670,root,0,NA,NA,10670,101.855
10390,8698,root,0,NA,NA,8698,101.847
10391,13683,root,0,NA,NA,13683,101.844
10392,7613,root,0,NA,NA,7613,101.842
10393,10912,root,0,NA,NA,10912,101.836
10394,6746,root,0,NA,NA,6746,101.835
10395,16509,root,0,NA,NA,16509,101.831
10396,12373,root,0,NA,NA,12373,101.83
10397,16054,root,0,NA,NA,16054,101.83
10398,11096,root,0,NA,NA,11096,101.826
10399,15632,root,0,NA,NA,15632,101.822
10400,4383,root,0,NA,NA,4383,101.817
10401,4388,root,0,NA,NA,4388,101.817
10402,4391,root,0,NA,NA,4391,101.817
10403,4396,root,0,NA,NA,4396,101.817
10404,4399,root,0,NA,NA,4399,101.817
10405,4404,root,0,NA,NA,4404,101.817
10406,4409,root,0,NA,NA,4409,101.817
10407,18663,root,0,NA,NA,18663,101.816
10408,8740,root,0,NA,NA,8740,101.801
10409,12493,root,0,NA,NA,12493,101.794
10410,4947,root,0,NA,NA,4947,101.779
10411,11358,root,0,NA,NA,11358,101.767
10412,14506,root,0,NA,NA,14506,101.764
10413,9782,root,0,NA,NA,9782,101.759
10414,10482,root,0,NA,NA,10482,101.756
10415,10667,root,0,NA,NA,10667,101.752
10416,8235,root,0,NA,NA,8235,101.749
10417,18817,root,0,NA,NA,18817,101.745
10418,14504,root,0,NA,NA,14504,101.737
10419,7059,root,0,NA,NA,7059,101.735
10420,11717,root,0,NA,NA,11717,101.735
10421,10731,root,0,NA,NA,10731,101.733
10422,6816,root,0,NA,NA,6816,101.729
10423,7136,root,0,NA,NA,7136,101.696
10424,11577,root,0,NA,NA,11577,101.686
10425,7051,root,0,NA,NA,7051,101.683
10426,9298,root,0,NA,NA,9298,101.683
10427,17523,root,0,NA,NA,17523,101.661
10428,6794,root,0,NA,NA,6794,101.643
10429,8635,root,0,NA,NA,8635,101.624
10430,9436,root,0,NA,NA,9436,101.621
10431,7126,root,0,NA,NA,7126,101.618
10432,17275,root,0,NA,NA,17275,101.608
10433,10061,root,0,NA,NA,10061,101.6
10434,18376,root,0,NA,NA,18376,101.595
10435,7618,root,0,NA,NA,7618,101.586
10436,8145,root,0,NA,NA,8145,101.586
10437,8153,root,0,NA,NA,8153,101.586
10438,8158,root,0,NA,NA,8158,101.586
10439,17967,root,0,NA,NA,17967,101.569
10440,11705,root,0,NA,NA,11705,101.556
10441,18792,root,0,NA,NA,18792,101.555
10442,3839,root,0,NA,NA,3839,101.502
10443,5959,root,0,NA,NA,5959,101.501
10444,18334,root,0,NA,NA,18334,101.5
10445,8630,root,0,NA,NA,8630,101.496
10446,8013,root,0,NA,NA,8013,101.456
10447,6788,root,0,NA,NA,6788,101.453
10448,9900,root,0,NA,NA,9900,101.452
10449,8315,root,0,NA,NA,8315,101.442
10450,10282,root,0,NA,NA,10282,101.434
10451,12801,root,0,NA,NA,12801,101.43
10452,10135,root,0,NA,NA,10135,101.411
10453,7605,root,0,NA,NA,7605,101.401
10454,7386,root,0,NA,NA,7386,101.394
10455,3190,root,0,NA,NA,3190,101.387
10456,5662,root,0,NA,NA,5662,101.357
10457,9858,root,0,NA,NA,9858,101.355
10458,10413,root,0,NA,NA,10413,101.347
10459,4309,root,0,NA,NA,4309,101.33
10460,17102,root,0,NA,NA,17102,101.322
10461,6468,root,0,NA,NA,6468,101.306
10462,8035,root,0,NA,NA,8035,101.3
10463,15115,root,0,NA,NA,15115,101.287
10464,2950,root,0,NA,NA,2950,101.281
10465,10184,root,0,NA,NA,10184,101.257
10466,6801,root,0,NA,NA,6801,101.249
10467,15205,root,0,NA,NA,15205,101.247
10468,8447,root,0,NA,NA,8447,101.244
10469,758,root,0,NA,NA,758,101.244
10470,5107,root,0,NA,NA,5107,101.235
10471,9921,root,0,NA,NA,9921,101.218
10472,17555,root,0,NA,NA,17555,101.211
10473,9810,root,0,NA,NA,9810,101.202
10474,1524,root,0,NA,NA,1524,101.195
10475,14983,root,0,NA,NA,14983,101.187
10476,4511,root,0,NA,NA,4511,101.178
10477,15160,root,0,NA,NA,15160,101.162
10478,17627,root,0,NA,NA,17627,101.153
10479,2423,root,0,NA,NA,2423,101.15
10480,2745,root,0,NA,NA,2745,101.107
10481,8424,root,0,NA,NA,8424,101.071
10482,2672,root,0,NA,NA,2672,101.067
10483,10931,root,0,NA,NA,10931,101.061
10484,19147,root,0,NA,NA,19147,101.054
10485,8010,root,0,NA,NA,8010,101.024
10486,9369,root,0,NA,NA,9369,101.011
10487,9250,root,0,NA,NA,9250,101.002
10488,10774,root,0,NA,NA,10774,100.999
10489,10147,root,0,NA,NA,10147,100.981
10490,7267,root,0,NA,NA,7267,100.968
10491,7253,root,0,NA,NA,7253,100.951
10492,7562,root,0,NA,NA,7562,100.947
10493,12866,root,0,NA,NA,12866,100.946
10494,13074,root,0,NA,NA,13074,100.942
10495,16881,root,0,NA,NA,16881,100.941
10496,7121,root,0,NA,NA,7121,100.933
10497,13887,root,0,NA,NA,13887,100.914
10498,4684,root,0,NA,NA,4684,100.913
10499,2073,root,0,NA,NA,2073,100.91
10500,10431,root,0,NA,NA,10431,100.909
10501,3546,root,0,NA,NA,3546,100.896
10502,470,root,0,NA,NA,470,100.893
10503,6603,root,0,NA,NA,6603,100.884
10504,11418,root,0,NA,NA,11418,100.878
10505,15623,root,0,NA,NA,15623,100.877
10506,5522,root,0,NA,NA,5522,100.873
10507,13484,root,0,NA,NA,13484,100.864
10508,6233,root,0,NA,NA,6233,100.837
10509,12390,root,0,NA,NA,12390,100.835
10510,18867,root,0,NA,NA,18867,100.829
10511,15440,root,0,NA,NA,15440,100.814
10512,8098,root,0,NA,NA,8098,100.804
10513,16551,root,0,NA,NA,16551,100.801
10514,9845,root,0,NA,NA,9845,100.801
10515,14580,root,0,NA,NA,14580,100.785
10516,16580,root,0,NA,NA,16580,100.781
10517,9163,root,0,NA,NA,9163,100.78
10518,8188,root,0,NA,NA,8188,100.78
10519,9787,root,0,NA,NA,9787,100.769
10520,7954,root,0,NA,NA,7954,100.767
10521,8417,root,0,NA,NA,8417,100.757
10522,6227,root,0,NA,NA,6227,100.731
10523,12487,root,0,NA,NA,12487,100.726
10524,9016,root,0,NA,NA,9016,100.725
10525,1044,root,0,NA,NA,1044,100.704
10526,7123,root,0,NA,NA,7123,100.691
10527,16158,root,0,NA,NA,16158,100.656
10528,1668,root,0,NA,NA,1668,100.653
10529,1673,root,0,NA,NA,1673,100.653
10530,1676,root,0,NA,NA,1676,100.653
10531,1681,root,0,NA,NA,1681,100.653
10532,1686,root,0,NA,NA,1686,100.653
10533,1689,root,0,NA,NA,1689,100.653
10534,1694,root,0,NA,NA,1694,100.653
10535,1697,root,0,NA,NA,1697,100.653
10536,1702,root,0,NA,NA,1702,100.653
10537,1707,root,0,NA,NA,1707,100.653
10538,8383,root,0,NA,NA,8383,100.651
10539,5403,root,0,NA,NA,5403,100.647
10540,14352,root,0,NA,NA,14352,100.644
10541,5175,root,0,NA,NA,5175,100.644
10542,11834,root,0,NA,NA,11834,100.629
10543,3266,root,0,NA,NA,3266,100.626
10544,12503,root,0,NA,NA,12503,100.602
10545,3245,root,0,NA,NA,3245,100.586
10546,17238,root,0,NA,NA,17238,100.576
10547,9750,root,0,NA,NA,9750,100.572
10548,10976,root,0,NA,NA,10976,100.559
10549,11943,root,0,NA,NA,11943,100.551
10550,8977,root,0,NA,NA,8977,100.544
10551,12545,root,0,NA,NA,12545,100.531
10552,10190,root,0,NA,NA,10190,100.525
10553,13204,root,0,NA,NA,13204,100.522
10554,7644,root,0,NA,NA,7644,100.509
10555,16711,root,0,NA,NA,16711,100.492
10556,1156,root,0,NA,NA,1156,100.468
10557,7653,root,0,NA,NA,7653,100.467
10558,7727,root,0,NA,NA,7727,100.464
10559,17662,root,0,NA,NA,17662,100.451
10560,11219,root,0,NA,NA,11219,100.449
10561,4827,root,0,NA,NA,4827,100.443
10562,5239,root,0,NA,NA,5239,100.443
10563,12772,root,0,NA,NA,12772,100.439
10564,18152,root,0,NA,NA,18152,100.431
10565,17649,root,0,NA,NA,17649,100.429
10566,11020,root,0,NA,NA,11020,100.413
10567,5052,root,0,NA,NA,5052,100.404
10568,10973,root,0,NA,NA,10973,100.399
10569,2962,root,0,NA,NA,2962,100.371
10570,4025,root,0,NA,NA,4025,100.351
10571,7681,root,0,NA,NA,7681,100.348
10572,16690,root,0,NA,NA,16690,100.316
10573,214,root,0,NA,NA,214,100.312
10574,14179,root,0,NA,NA,14179,100.307
10575,8177,root,0,NA,NA,8177,100.289
10576,829,root,0,NA,NA,829,100.278
10577,6710,root,0,NA,NA,6710,100.278
10578,685,root,0,NA,NA,685,100.258
10579,15403,root,0,NA,NA,15403,100.258
10580,7962,root,0,NA,NA,7962,100.254
10581,19219,root,0,NA,NA,19219,100.241
10582,12212,root,0,NA,NA,12212,100.232
10583,9795,root,0,NA,NA,9795,100.211
10584,9998,root,0,NA,NA,9998,100.195
10585,17317,root,0,NA,NA,17317,100.192
10586,15014,root,0,NA,NA,15014,100.17
10587,11671,root,0,NA,NA,11671,100.158
10588,11383,root,0,NA,NA,11383,100.158
10589,14691,root,0,NA,NA,14691,100.157
10590,2541,root,0,NA,NA,2541,100.156
10591,13656,root,0,NA,NA,13656,100.145
10592,12387,root,0,NA,NA,12387,100.141
10593,4752,root,0,NA,NA,4752,100.139
10594,4760,root,0,NA,NA,4760,100.139
10595,19971,root,0,NA,NA,19971,100.137
10596,18303,root,0,NA,NA,18303,100.123
10597,10627,root,0,NA,NA,10627,100.119
10598,13701,root,0,NA,NA,13701,100.117
10599,7549,root,0,NA,NA,7549,100.113
10600,17415,root,0,NA,NA,17415,100.107
10601,4778,root,0,NA,NA,4778,100.082
10602,11592,root,0,NA,NA,11592,100.079
10603,3033,root,0,NA,NA,3033,100.07
10604,7944,root,0,NA,NA,7944,100.069
10605,11859,root,0,NA,NA,11859,100.064
10606,15092,root,0,NA,NA,15092,100.054
10607,18714,root,0,NA,NA,18714,100.046
10608,13178,root,0,NA,NA,13178,100.016
10609,19832,root,0,NA,NA,19832,100.015
10610,11125,root,0,NA,NA,11125,99.9924
10611,11077,root,0,NA,NA,11077,99.9871
10612,9150,root,0,NA,NA,9150,99.9865
10613,8719,root,0,NA,NA,8719,99.9797
10614,3494,root,0,NA,NA,3494,99.9712
10615,8783,root,0,NA,NA,8783,99.9691
10616,6514,root,0,NA,NA,6514,99.9676
10617,19387,root,0,NA,NA,19387,99.9542
10618,8604,root,0,NA,NA,8604,99.9517
10619,1025,root,0,NA,NA,1025,99.943
10620,9943,root,0,NA,NA,9943,99.9399
10621,1750,root,0,NA,NA,1750,99.9043
10622,4222,root,0,NA,NA,4222,99.8847
10623,3876,root,0,NA,NA,3876,99.8829
10624,4659,root,0,NA,NA,4659,99.8792
10625,11230,root,0,NA,NA,11230,99.8763
10626,12045,root,0,NA,NA,12045,99.8665
10627,4296,root,0,NA,NA,4296,99.8582
10628,19967,root,0,NA,NA,19967,99.8521
10629,6650,root,0,NA,NA,6650,99.8499
10630,10753,root,0,NA,NA,10753,99.7933
10631,2389,root,0,NA,NA,2389,99.7696
10632,673,root,0,NA,NA,673,99.7693
10633,2387,root,0,NA,NA,2387,99.7575
10634,2643,root,0,NA,NA,2643,99.7444
10635,1265,root,0,NA,NA,1265,99.7314
10636,1278,root,0,NA,NA,1278,99.7314
10637,1299,root,0,NA,NA,1299,99.7314
10638,9029,root,0,NA,NA,9029,99.7234
10639,9730,root,0,NA,NA,9730,99.7224
10640,15535,root,0,NA,NA,15535,99.711
10641,3944,root,0,NA,NA,3944,99.7039
10642,2575,root,0,NA,NA,2575,99.7021
10643,8323,root,0,NA,NA,8323,99.702
10644,7957,root,0,NA,NA,7957,99.7005
10645,18127,root,0,NA,NA,18127,99.6984
10646,19583,root,0,NA,NA,19583,99.696
10647,17667,root,0,NA,NA,17667,99.6867
10648,4962,root,0,NA,NA,4962,99.684
10649,4975,root,0,NA,NA,4975,99.684
10650,15590,root,0,NA,NA,15590,99.6577
10651,1093,root,0,NA,NA,1093,99.6466
10652,16302,root,0,NA,NA,16302,99.6354
10653,8296,root,0,NA,NA,8296,99.6243
10654,13582,root,0,NA,NA,13582,99.6161
10655,15082,root,0,NA,NA,15082,99.6127
10656,16433,root,0,NA,NA,16433,99.6127
10657,18268,root,0,NA,NA,18268,99.6075
10658,6279,root,0,NA,NA,6279,99.6033
10659,8247,root,0,NA,NA,8247,99.5952
10660,12828,root,0,NA,NA,12828,99.5931
10661,13792,root,0,NA,NA,13792,99.568
10662,9515,root,0,NA,NA,9515,99.5633
10663,7584,root,0,NA,NA,7584,99.5608
10664,3822,root,0,NA,NA,3822,99.5561
10665,1381,root,0,NA,NA,1381,99.5452
10666,13078,root,0,NA,NA,13078,99.5431
10667,17131,root,0,NA,NA,17131,99.5381
10668,11169,root,0,NA,NA,11169,99.5346
10669,18895,root,0,NA,NA,18895,99.5291
10670,593,root,0,NA,NA,593,99.5096
10671,18016,root,0,NA,NA,18016,99.5007
10672,12539,root,0,NA,NA,12539,99.4962
10673,14951,root,0,NA,NA,14951,99.4873
10674,10835,root,0,NA,NA,10835,99.4598
10675,16031,root,0,NA,NA,16031,99.4503
10676,18756,root,0,NA,NA,18756,99.4451
10677,10744,root,0,NA,NA,10744,99.4388
10678,10490,root,0,NA,NA,10490,99.4384
10679,10295,root,0,NA,NA,10295,99.4312
10680,8581,root,0,NA,NA,8581,99.4293
10681,7054,root,0,NA,NA,7054,99.4267
10682,8812,root,0,NA,NA,8812,99.4256
10683,15277,root,0,NA,NA,15277,99.4245
10684,12337,root,0,NA,NA,12337,99.4023
10685,19318,root,0,NA,NA,19318,99.4018
10686,5465,root,0,NA,NA,5465,99.3976
10687,16258,root,0,NA,NA,16258,99.3565
10688,91,root,0,NA,NA,91,99.3541
10689,1730,root,0,NA,NA,1730,99.3099
10690,19198,root,0,NA,NA,19198,99.3034
10691,10251,root,0,NA,NA,10251,99.2879
10692,12043,root,0,NA,NA,12043,99.2719
10693,19011,root,0,NA,NA,19011,99.2578
10694,3853,root,0,NA,NA,3853,99.235
10695,9913,root,0,NA,NA,9913,99.2339
10696,12370,root,0,NA,NA,12370,99.2261
10697,14374,root,0,NA,NA,14374,99.2225
10698,13921,root,0,NA,NA,13921,99.22
10699,10328,root,0,NA,NA,10328,99.1963
10700,7577,root,0,NA,NA,7577,99.1902
10701,16046,root,0,NA,NA,16046,99.1791
10702,8397,root,0,NA,NA,8397,99.156
10703,3921,root,0,NA,NA,3921,99.1525
10704,11328,root,0,NA,NA,11328,99.1504
10705,16856,root,0,NA,NA,16856,99.1392
10706,16650,root,0,NA,NA,16650,99.1331
10707,9511,root,0,NA,NA,9511,99.1314
10708,10557,root,0,NA,NA,10557,99.1132
10709,2180,root,0,NA,NA,2180,99.1097
10710,13060,root,0,NA,NA,13060,99.0948
10711,11845,root,0,NA,NA,11845,99.0846
10712,19548,root,0,NA,NA,19548,99.0776
10713,17449,root,0,NA,NA,17449,99.0534
10714,15251,root,0,NA,NA,15251,99.051
10715,14823,root,0,NA,NA,14823,99.0476
10716,7235,root,0,NA,NA,7235,99.0452
10717,7742,root,0,NA,NA,7742,99.0436
10718,7750,root,0,NA,NA,7750,99.0436
10719,8601,root,0,NA,NA,8601,99.034
10720,12249,root,0,NA,NA,12249,99.0287
10721,10176,root,0,NA,NA,10176,99.0276
10722,10853,root,0,NA,NA,10853,99.0186
10723,18186,root,0,NA,NA,18186,99.0149
10724,13759,root,0,NA,NA,13759,99.0078
10725,17583,root,0,NA,NA,17583,99.0018
10726,17063,root,0,NA,NA,17063,98.9946
10727,6487,root,0,NA,NA,6487,98.9919
10728,11039,root,0,NA,NA,11039,98.9892
10729,10575,root,0,NA,NA,10575,98.9548
10730,13270,root,0,NA,NA,13270,98.9495
10731,4075,root,0,NA,NA,4075,98.9382
10732,14225,root,0,NA,NA,14225,98.9231
10733,18441,root,0,NA,NA,18441,98.9123
10734,8130,root,0,NA,NA,8130,98.9106
10735,10320,root,0,NA,NA,10320,98.9079
10736,17099,root,0,NA,NA,17099,98.8781
10737,15751,root,0,NA,NA,15751,98.8742
10738,5596,root,0,NA,NA,5596,98.8704
10739,8926,root,0,NA,NA,8926,98.8686
10740,14920,root,0,NA,NA,14920,98.8686
10741,10073,root,0,NA,NA,10073,98.8478
10742,17230,root,0,NA,NA,17230,98.8378
10743,12396,root,0,NA,NA,12396,98.8301
10744,16602,root,0,NA,NA,16602,98.8229
10745,18746,root,0,NA,NA,18746,98.8136
10746,11707,root,0,NA,NA,11707,98.8118
10747,7678,root,0,NA,NA,7678,98.8118
10748,8480,root,0,NA,NA,8480,98.7966
10749,6618,root,0,NA,NA,6618,98.7846
10750,16299,root,0,NA,NA,16299,98.7812
10751,14505,root,0,NA,NA,14505,98.7744
10752,17510,root,0,NA,NA,17510,98.7682
10753,18914,root,0,NA,NA,18914,98.7677
10754,15192,root,0,NA,NA,15192,98.7664
10755,18572,root,0,NA,NA,18572,98.7448
10756,18947,root,0,NA,NA,18947,98.7432
10757,12964,root,0,NA,NA,12964,98.7402
10758,11629,root,0,NA,NA,11629,98.7239
10759,3875,root,0,NA,NA,3875,98.7103
10760,7790,root,0,NA,NA,7790,98.7057
10761,6270,root,0,NA,NA,6270,98.7055
10762,12895,root,0,NA,NA,12895,98.7047
10763,10189,root,0,NA,NA,10189,98.7003
10764,14679,root,0,NA,NA,14679,98.6677
10765,6434,root,0,NA,NA,6434,98.6559
10766,6782,root,0,NA,NA,6782,98.6541
10767,7576,root,0,NA,NA,7576,98.6407
10768,10333,root,0,NA,NA,10333,98.6392
10769,18300,root,0,NA,NA,18300,98.6335
10770,7610,root,0,NA,NA,7610,98.6246
10771,18563,root,0,NA,NA,18563,98.6026
10772,6193,root,0,NA,NA,6193,98.5857
10773,17263,root,0,NA,NA,17263,98.5714
10774,6928,root,0,NA,NA,6928,98.5604
10775,8588,root,0,NA,NA,8588,98.5483
10776,5903,root,0,NA,NA,5903,98.5254
10777,18154,root,0,NA,NA,18154,98.5223
10778,10399,root,0,NA,NA,10399,98.52
10779,690,root,0,NA,NA,690,98.5163
10780,4535,root,0,NA,NA,4535,98.5014
10781,8159,root,0,NA,NA,8159,98.4907
10782,14676,root,0,NA,NA,14676,98.4829
10783,892,root,0,NA,NA,892,98.4728
10784,17541,root,0,NA,NA,17541,98.4714
10785,15265,root,0,NA,NA,15265,98.4656
10786,4122,root,0,NA,NA,4122,98.4562
10787,5371,root,0,NA,NA,5371,98.4551
10788,18180,root,0,NA,NA,18180,98.4396
10789,13924,root,0,NA,NA,13924,98.4305
10790,13420,root,0,NA,NA,13420,98.4282
10791,11103,root,0,NA,NA,11103,98.4255
10792,9183,root,0,NA,NA,9183,98.4221
10793,14162,root,0,NA,NA,14162,98.3969
10794,12436,root,0,NA,NA,12436,98.3869
10795,10970,root,0,NA,NA,10970,98.3781
10796,8176,root,0,NA,NA,8176,98.3711
10797,6231,root,0,NA,NA,6231,98.361
10798,9302,root,0,NA,NA,9302,98.3605
10799,858,root,0,NA,NA,858,98.3498
10800,8972,root,0,NA,NA,8972,98.3498
10801,968,root,0,NA,NA,968,98.3389
10802,15508,root,0,NA,NA,15508,98.3378
10803,6726,root,0,NA,NA,6726,98.3365
10804,9775,root,0,NA,NA,9775,98.3316
10805,7890,root,0,NA,NA,7890,98.3248
10806,11150,root,0,NA,NA,11150,98.3016
10807,879,root,0,NA,NA,879,98.2863
10808,14510,root,0,NA,NA,14510,98.286
10809,9734,root,0,NA,NA,9734,98.2825
10810,2918,root,0,NA,NA,2918,98.2812
10811,7917,root,0,NA,NA,7917,98.2708
10812,17562,root,0,NA,NA,17562,98.2573
10813,15191,root,0,NA,NA,15191,98.2441
10814,5346,root,0,NA,NA,5346,98.2399
10815,8309,root,0,NA,NA,8309,98.2339
10816,10396,root,0,NA,NA,10396,98.2236
10817,14560,root,0,NA,NA,14560,98.2219
10818,12813,root,0,NA,NA,12813,98.2208
10819,14133,root,0,NA,NA,14133,98.2185
10820,7579,root,0,NA,NA,7579,98.2164
10821,19216,root,0,NA,NA,19216,98.2131
10822,11138,root,0,NA,NA,11138,98.2131
10823,11187,root,0,NA,NA,11187,98.195
10824,15039,root,0,NA,NA,15039,98.1903
10825,13388,root,0,NA,NA,13388,98.1879
10826,803,root,0,NA,NA,803,98.1858
10827,9128,root,0,NA,NA,9128,98.1848
10828,12312,root,0,NA,NA,12312,98.1667
10829,4240,root,0,NA,NA,4240,98.1481
10830,12407,root,0,NA,NA,12407,98.1445
10831,17390,root,0,NA,NA,17390,98.1353
10832,18666,root,0,NA,NA,18666,98.1293
10833,4737,root,0,NA,NA,4737,98.105
10834,16641,root,0,NA,NA,16641,98.1042
10835,9981,root,0,NA,NA,9981,98.0998
10836,7254,root,0,NA,NA,7254,98.0963
10837,18818,root,0,NA,NA,18818,98.082
10838,2067,root,0,NA,NA,2067,98.0579
10839,7775,root,0,NA,NA,7775,98.0571
10840,67,root,0,NA,NA,67,98.052
10841,3736,root,0,NA,NA,3736,98.0439
10842,3739,root,0,NA,NA,3739,98.0439
10843,3741,root,0,NA,NA,3741,98.0439
10844,3744,root,0,NA,NA,3744,98.0439
10845,3746,root,0,NA,NA,3746,98.0439
10846,3749,root,0,NA,NA,3749,98.0439
10847,3752,root,0,NA,NA,3752,98.0439
10848,3754,root,0,NA,NA,3754,98.0439
10849,3757,root,0,NA,NA,3757,98.0439
10850,3760,root,0,NA,NA,3760,98.0439
10851,3762,root,0,NA,NA,3762,98.0439
10852,3765,root,0,NA,NA,3765,98.0439
10853,3767,root,0,NA,NA,3767,98.0439
10854,3770,root,0,NA,NA,3770,98.0439
10855,3773,root,0,NA,NA,3773,98.0439
10856,3775,root,0,NA,NA,3775,98.0439
10857,3778,root,0,NA,NA,3778,98.0439
10858,6706,root,0,NA,NA,6706,98.0352
10859,3912,root,0,NA,NA,3912,98.0314
10860,16688,root,0,NA,NA,16688,98.0183
10861,11868,root,0,NA,NA,11868,97.9909
10862,11881,root,0,NA,NA,11881,97.9869
10863,10592,root,0,NA,NA,10592,97.9852
10864,5986,root,0,NA,NA,5986,97.9641
10865,1143,root,0,NA,NA,1143,97.9617
10866,13133,root,0,NA,NA,13133,97.9565
10867,7563,root,0,NA,NA,7563,97.9548
10868,19974,root,0,NA,NA,19974,97.9462
10869,17952,root,0,NA,NA,17952,97.9355
10870,19289,root,0,NA,NA,19289,97.9268
10871,3217,root,0,NA,NA,3217,97.9208
10872,460,root,0,NA,NA,460,97.9001
10873,15657,root,0,NA,NA,15657,97.8977
10874,11016,root,0,NA,NA,11016,97.8922
10875,11838,root,0,NA,NA,11838,97.8811
10876,12923,root,0,NA,NA,12923,97.8783
10877,1078,root,0,NA,NA,1078,97.8559
10878,2872,root,0,NA,NA,2872,97.8532
10879,10023,root,0,NA,NA,10023,97.845
10880,10031,root,0,NA,NA,10031,97.8421
10881,17821,root,0,NA,NA,17821,97.8394
10882,1648,root,0,NA,NA,1648,97.838
10883,7066,root,0,NA,NA,7066,97.8333
10884,11619,root,0,NA,NA,11619,97.8332
10885,612,root,0,NA,NA,612,97.8307
10886,16489,root,0,NA,NA,16489,97.8307
10887,18330,root,0,NA,NA,18330,97.8173
10888,12827,root,0,NA,NA,12827,97.7806
10889,8436,root,0,NA,NA,8436,97.7788
10890,10612,root,0,NA,NA,10612,97.7698
10891,2536,root,0,NA,NA,2536,97.7406
10892,9965,root,0,NA,NA,9965,97.7143
10893,6429,root,0,NA,NA,6429,97.6994
10894,14613,root,0,NA,NA,14613,97.6902
10895,13629,root,0,NA,NA,13629,97.6839
10896,14640,root,0,NA,NA,14640,97.6534
10897,9194,root,0,NA,NA,9194,97.6454
10898,13208,root,0,NA,NA,13208,97.6292
10899,12692,root,0,NA,NA,12692,97.6212
10900,10998,root,0,NA,NA,10998,97.6166
10901,4317,root,0,NA,NA,4317,97.6123
10902,17796,root,0,NA,NA,17796,97.6029
10903,13176,root,0,NA,NA,13176,97.5969
10904,7794,root,0,NA,NA,7794,97.5696
10905,17672,root,0,NA,NA,17672,97.5623
10906,4879,root,0,NA,NA,4879,97.5577
10907,2198,root,0,NA,NA,2198,97.5522
10908,15163,root,0,NA,NA,15163,97.5448
10909,15373,root,0,NA,NA,15373,97.5169
10910,7942,root,0,NA,NA,7942,97.5078
10911,15946,root,0,NA,NA,15946,97.4948
10912,11145,root,0,NA,NA,11145,97.4853
10913,13219,root,0,NA,NA,13219,97.4781
10914,12455,root,0,NA,NA,12455,97.478
10915,9874,root,0,NA,NA,9874,97.464
10916,8593,root,0,NA,NA,8593,97.4504
10917,18132,root,0,NA,NA,18132,97.4475
10918,8118,root,0,NA,NA,8118,97.4474
10919,18984,root,0,NA,NA,18984,97.4242
10920,14004,root,0,NA,NA,14004,97.4156
10921,11252,root,0,NA,NA,11252,97.4138
10922,9700,root,0,NA,NA,9700,97.4108
10923,10300,root,0,NA,NA,10300,97.4008
10924,10084,root,0,NA,NA,10084,97.4001
10925,9327,root,0,NA,NA,9327,97.3968
10926,11755,root,0,NA,NA,11755,97.3939
10927,12199,root,0,NA,NA,12199,97.3876
10928,8752,root,0,NA,NA,8752,97.3847
10929,2505,root,0,NA,NA,2505,97.3826
10930,13624,root,0,NA,NA,13624,97.3662
10931,4808,root,0,NA,NA,4808,97.3487
10932,6959,root,0,NA,NA,6959,97.3352
10933,14671,root,0,NA,NA,14671,97.3249
10934,5568,root,0,NA,NA,5568,97.3107
10935,10630,root,0,NA,NA,10630,97.3057
10936,7326,root,0,NA,NA,7326,97.2759
10937,15476,root,0,NA,NA,15476,97.2614
10938,15259,root,0,NA,NA,15259,97.2509
10939,12324,root,0,NA,NA,12324,97.2459
10940,18449,root,0,NA,NA,18449,97.2356
10941,7074,root,0,NA,NA,7074,97.2322
10942,9179,root,0,NA,NA,9179,97.2302
10943,12328,root,0,NA,NA,12328,97.2244
10944,10985,root,0,NA,NA,10985,97.2232
10945,17130,root,0,NA,NA,17130,97.2137
10946,9173,root,0,NA,NA,9173,97.2003
10947,11518,root,0,NA,NA,11518,97.1898
10948,1803,root,0,NA,NA,1803,97.1793
10949,7931,root,0,NA,NA,7931,97.1648
10950,13577,root,0,NA,NA,13577,97.1374
10951,17948,root,0,NA,NA,17948,97.1365
10952,14578,root,0,NA,NA,14578,97.1305
10953,9304,root,0,NA,NA,9304,97.1264
10954,11558,root,0,NA,NA,11558,97.1216
10955,9554,root,0,NA,NA,9554,97.1153
10956,11687,root,0,NA,NA,11687,97.1088
10957,1800,root,0,NA,NA,1800,97.0947
10958,9343,root,0,NA,NA,9343,97.0754
10959,17848,root,0,NA,NA,17848,97.073
10960,4304,root,0,NA,NA,4304,97.0729
10961,10057,root,0,NA,NA,10057,97.0526
10962,2219,root,0,NA,NA,2219,97.0501
10963,11511,root,0,NA,NA,11511,97.0468
10964,3444,root,0,NA,NA,3444,97.0272
10965,12429,root,0,NA,NA,12429,97.0116
10966,18894,root,0,NA,NA,18894,97.0112
10967,7642,root,0,NA,NA,7642,97.0104
10968,8832,root,0,NA,NA,8832,97.0034
10969,8069,root,0,NA,NA,8069,96.9891
10970,8580,root,0,NA,NA,8580,96.9738
10971,15315,root,0,NA,NA,15315,96.9681
10972,10472,root,0,NA,NA,10472,96.9572
10973,2821,root,0,NA,NA,2821,96.9451
10974,6799,root,0,NA,NA,6799,96.9352
10975,12063,root,0,NA,NA,12063,96.9261
10976,6302,root,0,NA,NA,6302,96.9255
10977,6307,root,0,NA,NA,6307,96.9255
10978,6312,root,0,NA,NA,6312,96.9255
10979,5535,root,0,NA,NA,5535,96.9196
10980,9853,root,0,NA,NA,9853,96.9051
10981,17420,root,0,NA,NA,17420,96.8953
10982,6101,root,0,NA,NA,6101,96.8889
10983,18342,root,0,NA,NA,18342,96.8821
10984,9755,root,0,NA,NA,9755,96.8648
10985,6700,root,0,NA,NA,6700,96.8597
10986,8042,root,0,NA,NA,8042,96.8484
10987,18772,root,0,NA,NA,18772,96.8454
10988,9620,root,0,NA,NA,9620,96.8336
10989,17582,root,0,NA,NA,17582,96.8258
10990,11787,root,0,NA,NA,11787,96.825
10991,8085,root,0,NA,NA,8085,96.8224
10992,10714,root,0,NA,NA,10714,96.807
10993,9948,root,0,NA,NA,9948,96.8061
10994,15933,root,0,NA,NA,15933,96.8028
10995,16631,root,0,NA,NA,16631,96.7955
10996,14221,root,0,NA,NA,14221,96.787
10997,17473,root,0,NA,NA,17473,96.7699
10998,18285,root,0,NA,NA,18285,96.7681
10999,12052,root,0,NA,NA,12052,96.7677
11000,11715,root,0,NA,NA,11715,96.7514
11001,7702,root,0,NA,NA,7702,96.7503
11002,14938,root,0,NA,NA,14938,96.7288
11003,11290,root,0,NA,NA,11290,96.6804
11004,13400,root,0,NA,NA,13400,96.6653
11005,11251,root,0,NA,NA,11251,96.6533
11006,6693,root,0,NA,NA,6693,96.6429
11007,2496,root,0,NA,NA,2496,96.6388
11008,11886,root,0,NA,NA,11886,96.6362
11009,11942,root,0,NA,NA,11942,96.6297
11010,10870,root,0,NA,NA,10870,96.621
11011,12024,root,0,NA,NA,12024,96.6149
11012,11333,root,0,NA,NA,11333,96.6096
11013,1490,root,0,NA,NA,1490,96.5823
11014,15861,root,0,NA,NA,15861,96.5775
11015,6558,root,0,NA,NA,6558,96.574
11016,4712,root,0,NA,NA,4712,96.5641
11017,10156,root,0,NA,NA,10156,96.5516
11018,6733,root,0,NA,NA,6733,96.5385
11019,17651,root,0,NA,NA,17651,96.534
11020,7507,root,0,NA,NA,7507,96.527
11021,18989,root,0,NA,NA,18989,96.5204
11022,9777,root,0,NA,NA,9777,96.5085
11023,19353,root,0,NA,NA,19353,96.4969
11024,12298,root,0,NA,NA,12298,96.4893
11025,3104,root,0,NA,NA,3104,96.4734
11026,7093,root,0,NA,NA,7093,96.4643
11027,17550,root,0,NA,NA,17550,96.4626
11028,10977,root,0,NA,NA,10977,96.4594
11029,12856,root,0,NA,NA,12856,96.4341
11030,10346,root,0,NA,NA,10346,96.4249
11031,14840,root,0,NA,NA,14840,96.4117
11032,7470,root,0,NA,NA,7470,96.41
11033,13310,root,0,NA,NA,13310,96.4085
11034,8577,root,0,NA,NA,8577,96.3965
11035,9311,root,0,NA,NA,9311,96.3949
11036,14248,root,0,NA,NA,14248,96.3934
11037,8853,root,0,NA,NA,8853,96.393
11038,2545,root,0,NA,NA,2545,96.366
11039,3443,root,0,NA,NA,3443,96.3547
11040,3464,root,0,NA,NA,3464,96.3547
11041,9604,root,0,NA,NA,9604,96.3536
11042,13120,root,0,NA,NA,13120,96.3479
11043,5975,root,0,NA,NA,5975,96.3416
11044,5988,root,0,NA,NA,5988,96.3416
11045,11371,root,0,NA,NA,11371,96.3324
11046,9248,root,0,NA,NA,9248,96.3053
11047,1150,root,0,NA,NA,1150,96.2971
11048,14882,root,0,NA,NA,14882,96.2961
11049,13531,root,0,NA,NA,13531,96.2695
11050,9908,root,0,NA,NA,9908,96.2477
11051,11121,root,0,NA,NA,11121,96.2425
11052,16204,root,0,NA,NA,16204,96.237
11053,10318,root,0,NA,NA,10318,96.2344
11054,10999,root,0,NA,NA,10999,96.2301
11055,2251,root,0,NA,NA,2251,96.2269
11056,11338,root,0,NA,NA,11338,96.2199
11057,19308,root,0,NA,NA,19308,96.2179
11058,11879,root,0,NA,NA,11879,96.2174
11059,3156,root,0,NA,NA,3156,96.2041
11060,5357,root,0,NA,NA,5357,96.1941
11061,5992,root,0,NA,NA,5992,96.1928
11062,17949,root,0,NA,NA,17949,96.1881
11063,18255,root,0,NA,NA,18255,96.1871
11064,9575,root,0,NA,NA,9575,96.1636
11065,19331,root,0,NA,NA,19331,96.1324
11066,15356,root,0,NA,NA,15356,96.1212
11067,6766,root,0,NA,NA,6766,96.1162
11068,10520,root,0,NA,NA,10520,96.1092
11069,18986,root,0,NA,NA,18986,96.1001
11070,13747,root,0,NA,NA,13747,96.0965
11071,9291,root,0,NA,NA,9291,96.0763
11072,13333,root,0,NA,NA,13333,96.0681
11073,10650,root,0,NA,NA,10650,96.0647
11074,10982,root,0,NA,NA,10982,96.0614
11075,2432,root,0,NA,NA,2432,96.0599
11076,2437,root,0,NA,NA,2437,96.0599
11077,2440,root,0,NA,NA,2440,96.0599
11078,2445,root,0,NA,NA,2445,96.0599
11079,2448,root,0,NA,NA,2448,96.0599
11080,2453,root,0,NA,NA,2453,96.0599
11081,2458,root,0,NA,NA,2458,96.0599
11082,2461,root,0,NA,NA,2461,96.0599
11083,2466,root,0,NA,NA,2466,96.0599
11084,2471,root,0,NA,NA,2471,96.0599
11085,2474,root,0,NA,NA,2474,96.0599
11086,9871,root,0,NA,NA,9871,96.0565
11087,7597,root,0,NA,NA,7597,96.047
11088,16161,root,0,NA,NA,16161,96.0347
11089,8527,root,0,NA,NA,8527,96.0185
11090,9140,root,0,NA,NA,9140,96.0144
11091,11852,root,0,NA,NA,11852,96.0138
11092,15754,root,0,NA,NA,15754,96.012
11093,14357,root,0,NA,NA,14357,96.0057
11094,11723,root,0,NA,NA,11723,96.0046
11095,8149,root,0,NA,NA,8149,95.9984
11096,16471,root,0,NA,NA,16471,95.9758
11097,8745,root,0,NA,NA,8745,95.9758
11098,18857,root,0,NA,NA,18857,95.9698
11099,11232,root,0,NA,NA,11232,95.9671
11100,11749,root,0,NA,NA,11749,95.9508
11101,7356,root,0,NA,NA,7356,95.9298
11102,11786,root,0,NA,NA,11786,95.9108
11103,9015,root,0,NA,NA,9015,95.9074
11104,8276,root,0,NA,NA,8276,95.9063
11105,17599,root,0,NA,NA,17599,95.9
11106,11832,root,0,NA,NA,11832,95.8986
11107,7646,root,0,NA,NA,7646,95.8827
11108,18260,root,0,NA,NA,18260,95.851
11109,157,root,0,NA,NA,157,95.8509
11110,10899,root,0,NA,NA,10899,95.8503
11111,11091,root,0,NA,NA,11091,95.8443
11112,17749,root,0,NA,NA,17749,95.8399
11113,10206,root,0,NA,NA,10206,95.839
11114,10707,root,0,NA,NA,10707,95.8265
11115,4088,root,0,NA,NA,4088,95.8151
11116,9174,root,0,NA,NA,9174,95.8124
11117,14184,root,0,NA,NA,14184,95.806
11118,7706,root,0,NA,NA,7706,95.7946
11119,10675,root,0,NA,NA,10675,95.7762
11120,9224,root,0,NA,NA,9224,95.7714
11121,19452,root,0,NA,NA,19452,95.769
11122,8602,root,0,NA,NA,8602,95.7545
11123,4377,root,0,NA,NA,4377,95.7393
11124,9061,root,0,NA,NA,9061,95.7391
11125,12672,root,0,NA,NA,12672,95.7366
11126,13489,root,0,NA,NA,13489,95.733
11127,11898,root,0,NA,NA,11898,95.7216
11128,4418,root,0,NA,NA,4418,95.7142
11129,12447,root,0,NA,NA,12447,95.6956
11130,9546,root,0,NA,NA,9546,95.6763
11131,8586,root,0,NA,NA,8586,95.6616
11132,812,root,0,NA,NA,812,95.6609
11133,820,root,0,NA,NA,820,95.6609
11134,825,root,0,NA,NA,825,95.6609
11135,833,root,0,NA,NA,833,95.6609
11136,846,root,0,NA,NA,846,95.6609
11137,854,root,0,NA,NA,854,95.6609
11138,13920,root,0,NA,NA,13920,95.6484
11139,643,root,0,NA,NA,643,95.6433
11140,8006,root,0,NA,NA,8006,95.6119
11141,1849,root,0,NA,NA,1849,95.6029
11142,15439,root,0,NA,NA,15439,95.5838
11143,5720,root,0,NA,NA,5720,95.5749
11144,4291,root,0,NA,NA,4291,95.5721
11145,11692,root,0,NA,NA,11692,95.5701
11146,6540,root,0,NA,NA,6540,95.5693
11147,6543,root,0,NA,NA,6543,95.5693
11148,6545,root,0,NA,NA,6545,95.5693
11149,6548,root,0,NA,NA,6548,95.5693
11150,6551,root,0,NA,NA,6551,95.5693
11151,6553,root,0,NA,NA,6553,95.5693
11152,1716,root,0,NA,NA,1716,95.5679
11153,18952,root,0,NA,NA,18952,95.5661
11154,10570,root,0,NA,NA,10570,95.5554
11155,10129,root,0,NA,NA,10129,95.5377
11156,19449,root,0,NA,NA,19449,95.5263
11157,2036,root,0,NA,NA,2036,95.5221
11158,17419,root,0,NA,NA,17419,95.5169
11159,4482,root,0,NA,NA,4482,95.5065
11160,15945,root,0,NA,NA,15945,95.5015
11161,18040,root,0,NA,NA,18040,95.4882
11162,16496,root,0,NA,NA,16496,95.4731
11163,970,root,0,NA,NA,970,95.4574
11164,6150,root,0,NA,NA,6150,95.4403
11165,6163,root,0,NA,NA,6163,95.4403
11166,6176,root,0,NA,NA,6176,95.4403
11167,10554,root,0,NA,NA,10554,95.4375
11168,10556,root,0,NA,NA,10556,95.4375
11169,10559,root,0,NA,NA,10559,95.4375
11170,16966,root,0,NA,NA,16966,95.4358
11171,3965,root,0,NA,NA,3965,95.4313
11172,15770,root,0,NA,NA,15770,95.4129
11173,19384,root,0,NA,NA,19384,95.4059
11174,2452,root,0,NA,NA,2452,95.3922
11175,15206,root,0,NA,NA,15206,95.379
11176,15640,root,0,NA,NA,15640,95.3638
11177,4753,root,0,NA,NA,4753,95.3512
11178,10816,root,0,NA,NA,10816,95.3483
11179,10415,root,0,NA,NA,10415,95.3466
11180,7955,root,0,NA,NA,7955,95.3132
11181,371,root,0,NA,NA,371,95.3034
11182,3469,root,0,NA,NA,3469,95.2979
11183,3477,root,0,NA,NA,3477,95.2979
11184,3482,root,0,NA,NA,3482,95.2979
11185,3490,root,0,NA,NA,3490,95.2979
11186,3495,root,0,NA,NA,3495,95.2979
11187,3498,root,0,NA,NA,3498,95.2979
11188,3503,root,0,NA,NA,3503,95.2979
11189,17536,root,0,NA,NA,17536,95.2871
11190,8459,root,0,NA,NA,8459,95.2795
11191,6761,root,0,NA,NA,6761,95.2718
11192,12782,root,0,NA,NA,12782,95.2696
11193,18899,root,0,NA,NA,18899,95.2578
11194,10706,root,0,NA,NA,10706,95.2514
11195,3984,root,0,NA,NA,3984,95.2407
11196,16518,root,0,NA,NA,16518,95.2312
11197,18579,root,0,NA,NA,18579,95.2251
11198,1059,root,0,NA,NA,1059,95.1805
11199,14635,root,0,NA,NA,14635,95.1568
11200,18955,root,0,NA,NA,18955,95.1502
11201,15434,root,0,NA,NA,15434,95.1417
11202,15429,root,0,NA,NA,15429,95.1276
11203,19221,root,0,NA,NA,19221,95.1262
11204,9850,root,0,NA,NA,9850,95.1201
11205,18248,root,0,NA,NA,18248,95.0991
11206,9034,root,0,NA,NA,9034,95.0845
11207,12391,root,0,NA,NA,12391,95.0813
11208,6692,root,0,NA,NA,6692,95.0804
11209,19988,root,0,NA,NA,19988,95.0749
11210,19508,root,0,NA,NA,19508,95.0639
11211,15550,root,0,NA,NA,15550,95.0432
11212,11574,root,0,NA,NA,11574,95.0402
11213,5641,root,0,NA,NA,5641,95.0314
11214,1217,root,0,NA,NA,1217,95.0163
11215,1225,root,0,NA,NA,1225,95.0163
11216,1238,root,0,NA,NA,1238,95.0163
11217,1259,root,0,NA,NA,1259,95.0163
11218,6646,root,0,NA,NA,6646,95.0155
11219,16441,root,0,NA,NA,16441,95.0146
11220,19927,root,0,NA,NA,19927,95.0019
11221,19291,root,0,NA,NA,19291,94.9975
11222,13794,root,0,NA,NA,13794,94.9885
11223,19413,root,0,NA,NA,19413,94.9835
11224,6097,root,0,NA,NA,6097,94.9783
11225,17753,root,0,NA,NA,17753,94.9614
11226,18948,root,0,NA,NA,18948,94.9471
11227,2964,root,0,NA,NA,2964,94.9376
11228,16866,root,0,NA,NA,16866,94.9267
11229,12591,root,0,NA,NA,12591,94.9229
11230,10587,root,0,NA,NA,10587,94.9182
11231,15975,root,0,NA,NA,15975,94.9062
11232,11041,root,0,NA,NA,11041,94.905
11233,18178,root,0,NA,NA,18178,94.9001
11234,4058,root,0,NA,NA,4058,94.8945
11235,4066,root,0,NA,NA,4066,94.8945
11236,4079,root,0,NA,NA,4079,94.8945
11237,10262,root,0,NA,NA,10262,94.8718
11238,19153,root,0,NA,NA,19153,94.8613
11239,9726,root,0,NA,NA,9726,94.8519
11240,5638,root,0,NA,NA,5638,94.8461
11241,1300,root,0,NA,NA,1300,94.8406
11242,10546,root,0,NA,NA,10546,94.8402
11243,6422,root,0,NA,NA,6422,94.8018
11244,16556,root,0,NA,NA,16556,94.8014
11245,9642,root,0,NA,NA,9642,94.7969
11246,19877,root,0,NA,NA,19877,94.7899
11247,8521,root,0,NA,NA,8521,94.7814
11248,8826,root,0,NA,NA,8826,94.7599
11249,10002,root,0,NA,NA,10002,94.7543
11250,5117,root,0,NA,NA,5117,94.7532
11251,15954,root,0,NA,NA,15954,94.7447
11252,4806,root,0,NA,NA,4806,94.7424
11253,2106,root,0,NA,NA,2106,94.7036
11254,12071,root,0,NA,NA,12071,94.6987
11255,8344,root,0,NA,NA,8344,94.6952
11256,11640,root,0,NA,NA,11640,94.6942
11257,15397,root,0,NA,NA,15397,94.69
11258,14272,root,0,NA,NA,14272,94.6725
11259,10218,root,0,NA,NA,10218,94.6561
11260,10257,root,0,NA,NA,10257,94.6458
11261,19961,root,0,NA,NA,19961,94.6404
11262,13744,root,0,NA,NA,13744,94.6345
11263,2007,root,0,NA,NA,2007,94.634
11264,9788,root,0,NA,NA,9788,94.6329
11265,11360,root,0,NA,NA,11360,94.6251
11266,10241,root,0,NA,NA,10241,94.6224
11267,9866,root,0,NA,NA,9866,94.6073
11268,10162,root,0,NA,NA,10162,94.5756
11269,13401,root,0,NA,NA,13401,94.5649
11270,4933,root,0,NA,NA,4933,94.55
11271,19610,root,0,NA,NA,19610,94.5336
11272,11583,root,0,NA,NA,11583,94.524
11273,19646,root,0,NA,NA,19646,94.5236
11274,17417,root,0,NA,NA,17417,94.5197
11275,14434,root,0,NA,NA,14434,94.5144
11276,10263,root,0,NA,NA,10263,94.5115
11277,18044,root,0,NA,NA,18044,94.5035
11278,13998,root,0,NA,NA,13998,94.4904
11279,5133,root,0,NA,NA,5133,94.4699
11280,12409,root,0,NA,NA,12409,94.4517
11281,10617,root,0,NA,NA,10617,94.4366
11282,11018,root,0,NA,NA,11018,94.4233
11283,19043,root,0,NA,NA,19043,94.3964
11284,9310,root,0,NA,NA,9310,94.391
11285,7741,root,0,NA,NA,7741,94.379
11286,13706,root,0,NA,NA,13706,94.3734
11287,4272,root,0,NA,NA,4272,94.373
11288,6459,root,0,NA,NA,6459,94.3605
11289,15051,root,0,NA,NA,15051,94.3388
11290,13218,root,0,NA,NA,13218,94.3354
11291,1421,root,0,NA,NA,1421,94.335
11292,16649,root,0,NA,NA,16649,94.3149
11293,11043,root,0,NA,NA,11043,94.3126
11294,12647,root,0,NA,NA,12647,94.3073
11295,8948,root,0,NA,NA,8948,94.3051
11296,10028,root,0,NA,NA,10028,94.298
11297,512,root,0,NA,NA,512,94.2962
11298,8984,root,0,NA,NA,8984,94.2795
11299,12619,root,0,NA,NA,12619,94.2791
11300,13117,root,0,NA,NA,13117,94.2712
11301,8585,root,0,NA,NA,8585,94.27
11302,9672,root,0,NA,NA,9672,94.2695
11303,11764,root,0,NA,NA,11764,94.2581
11304,9213,root,0,NA,NA,9213,94.2536
11305,389,root,0,NA,NA,389,94.2479
11306,8063,root,0,NA,NA,8063,94.2324
11307,10749,root,0,NA,NA,10749,94.2142
11308,8714,root,0,NA,NA,8714,94.2037
11309,10891,root,0,NA,NA,10891,94.1997
11310,5168,root,0,NA,NA,5168,94.1851
11311,5181,root,0,NA,NA,5181,94.1851
11312,5189,root,0,NA,NA,5189,94.1851
11313,15771,root,0,NA,NA,15771,94.1837
11314,17996,root,0,NA,NA,17996,94.181
11315,2928,root,0,NA,NA,2928,94.1761
11316,11742,root,0,NA,NA,11742,94.1599
11317,5796,root,0,NA,NA,5796,94.156
11318,17585,root,0,NA,NA,17585,94.1538
11319,9271,root,0,NA,NA,9271,94.1495
11320,9276,root,0,NA,NA,9276,94.1495
11321,9279,root,0,NA,NA,9279,94.1495
11322,9284,root,0,NA,NA,9284,94.1495
11323,1358,root,0,NA,NA,1358,94.1492
11324,10205,root,0,NA,NA,10205,94.1453
11325,18102,root,0,NA,NA,18102,94.1184
11326,19450,root,0,NA,NA,19450,94.1043
11327,8699,root,0,NA,NA,8699,94.0905
11328,6687,root,0,NA,NA,6687,94.0872
11329,62,root,0,NA,NA,62,94.0868
11330,13073,root,0,NA,NA,13073,94.0806
11331,7752,root,0,NA,NA,7752,94.0749
11332,13116,root,0,NA,NA,13116,94.0675
11333,11424,root,0,NA,NA,11424,94.0623
11334,18269,root,0,NA,NA,18269,94.0437
11335,10867,root,0,NA,NA,10867,94.0103
11336,565,root,0,NA,NA,565,93.9975
11337,17251,root,0,NA,NA,17251,93.995
11338,16021,root,0,NA,NA,16021,93.9767
11339,17954,root,0,NA,NA,17954,93.9707
11340,12679,root,0,NA,NA,12679,93.9678
11341,491,root,0,NA,NA,491,93.9641
11342,19844,root,0,NA,NA,19844,93.9485
11343,14065,root,0,NA,NA,14065,93.9394
11344,12259,root,0,NA,NA,12259,93.9287
11345,12281,root,0,NA,NA,12281,93.9037
11346,14233,root,0,NA,NA,14233,93.8974
11347,19285,root,0,NA,NA,19285,93.8801
11348,13130,root,0,NA,NA,13130,93.8531
11349,5539,root,0,NA,NA,5539,93.8462
11350,4774,root,0,NA,NA,4774,93.8433
11351,5950,root,0,NA,NA,5950,93.8373
11352,9069,root,0,NA,NA,9069,93.8249
11353,11532,root,0,NA,NA,11532,93.8216
11354,13552,root,0,NA,NA,13552,93.7946
11355,5080,root,0,NA,NA,5080,93.7904
11356,14259,root,0,NA,NA,14259,93.7763
11357,4429,root,0,NA,NA,4429,93.7756
11358,19656,root,0,NA,NA,19656,93.7717
11359,13267,root,0,NA,NA,13267,93.7654
11360,12514,root,0,NA,NA,12514,93.7503
11361,6674,root,0,NA,NA,6674,93.7465
11362,11952,root,0,NA,NA,11952,93.7435
11363,18723,root,0,NA,NA,18723,93.7277
11364,18056,root,0,NA,NA,18056,93.7234
11365,5877,root,0,NA,NA,5877,93.7013
11366,4430,root,0,NA,NA,4430,93.6988
11367,3711,root,0,NA,NA,3711,93.688
11368,8974,root,0,NA,NA,8974,93.6771
11369,551,root,0,NA,NA,551,93.657
11370,14251,root,0,NA,NA,14251,93.6544
11371,13184,root,0,NA,NA,13184,93.6509
11372,11753,root,0,NA,NA,11753,93.6478
11373,9824,root,0,NA,NA,9824,93.637
11374,19300,root,0,NA,NA,19300,93.6362
11375,5926,root,0,NA,NA,5926,93.6221
11376,7239,root,0,NA,NA,7239,93.6164
11377,9942,root,0,NA,NA,9942,93.616
11378,12003,root,0,NA,NA,12003,93.6141
11379,14417,root,0,NA,NA,14417,93.6055
11380,15005,root,0,NA,NA,15005,93.6023
11381,9813,root,0,NA,NA,9813,93.6006
11382,7631,root,0,NA,NA,7631,93.5955
11383,10292,root,0,NA,NA,10292,93.5829
11384,1625,root,0,NA,NA,1625,93.5806
11385,1821,root,0,NA,NA,1821,93.5778
11386,18306,root,0,NA,NA,18306,93.5736
11387,17640,root,0,NA,NA,17640,93.5565
11388,9790,root,0,NA,NA,9790,93.5565
11389,10142,root,0,NA,NA,10142,93.5527
11390,17392,root,0,NA,NA,17392,93.5368
11391,16438,root,0,NA,NA,16438,93.5069
11392,14799,root,0,NA,NA,14799,93.4911
11393,16945,root,0,NA,NA,16945,93.4826
11394,16199,root,0,NA,NA,16199,93.4777
11395,14044,root,0,NA,NA,14044,93.4731
11396,19572,root,0,NA,NA,19572,93.4669
11397,19348,root,0,NA,NA,19348,93.4585
11398,12355,root,0,NA,NA,12355,93.4476
11399,19072,root,0,NA,NA,19072,93.4412
11400,18677,root,0,NA,NA,18677,93.4337
11401,15976,root,0,NA,NA,15976,93.4327
11402,4496,root,0,NA,NA,4496,93.4045
11403,11283,root,0,NA,NA,11283,93.3988
11404,1587,root,0,NA,NA,1587,93.397
11405,1595,root,0,NA,NA,1595,93.397
11406,1608,root,0,NA,NA,1608,93.397
11407,10473,root,0,NA,NA,10473,93.3931
11408,19375,root,0,NA,NA,19375,93.3866
11409,10299,root,0,NA,NA,10299,93.3793
11410,7069,root,0,NA,NA,7069,93.3527
11411,7327,root,0,NA,NA,7327,93.3473
11412,11143,root,0,NA,NA,11143,93.3389
11413,11756,root,0,NA,NA,11756,93.3353
11414,9590,root,0,NA,NA,9590,93.3322
11415,7420,root,0,NA,NA,7420,93.33
11416,5615,root,0,NA,NA,5615,93.3168
11417,19457,root,0,NA,NA,19457,93.2983
11418,11709,root,0,NA,NA,11709,93.2888
11419,15398,root,0,NA,NA,15398,93.2664
11420,9699,root,0,NA,NA,9699,93.2655
11421,10179,root,0,NA,NA,10179,93.2594
11422,6401,root,0,NA,NA,6401,93.2588
11423,4836,root,0,NA,NA,4836,93.2223
11424,8510,root,0,NA,NA,8510,93.202
11425,2578,root,0,NA,NA,2578,93.1996
11426,18264,root,0,NA,NA,18264,93.1975
11427,9902,root,0,NA,NA,9902,93.1937
11428,18424,root,0,NA,NA,18424,93.1931
11429,7625,root,0,NA,NA,7625,93.185
11430,12452,root,0,NA,NA,12452,93.1717
11431,12070,root,0,NA,NA,12070,93.1705
11432,10601,root,0,NA,NA,10601,93.1516
11433,13234,root,0,NA,NA,13234,93.1425
11434,18664,root,0,NA,NA,18664,93.1322
11435,9994,root,0,NA,NA,9994,93.1188
11436,14103,root,0,NA,NA,14103,93.1151
11437,4357,root,0,NA,NA,4357,93.1141
11438,4362,root,0,NA,NA,4362,93.1141
11439,4370,root,0,NA,NA,4370,93.1141
11440,4375,root,0,NA,NA,4375,93.1141
11441,4378,root,0,NA,NA,4378,93.1141
11442,19234,root,0,NA,NA,19234,93.1116
11443,735,root,0,NA,NA,735,93.1043
11444,2156,root,0,NA,NA,2156,93.0925
11445,11471,root,0,NA,NA,11471,93.0923
11446,4942,root,0,NA,NA,4942,93.0915
11447,18198,root,0,NA,NA,18198,93.0811
11448,2033,root,0,NA,NA,2033,93.0554
11449,10485,root,0,NA,NA,10485,93.0538
11450,9099,root,0,NA,NA,9099,93.037
11451,16671,root,0,NA,NA,16671,93.0098
11452,4017,root,0,NA,NA,4017,93.0017
11453,8917,root,0,NA,NA,8917,93.0004
11454,15184,root,0,NA,NA,15184,92.9968
11455,8380,root,0,NA,NA,8380,92.9919
11456,13413,root,0,NA,NA,13413,92.9891
11457,13224,root,0,NA,NA,13224,92.9858
11458,9657,root,0,NA,NA,9657,92.9838
11459,8949,root,0,NA,NA,8949,92.9814
11460,12301,root,0,NA,NA,12301,92.9727
11461,13353,root,0,NA,NA,13353,92.9683
11462,16836,root,0,NA,NA,16836,92.9599
11463,11203,root,0,NA,NA,11203,92.9573
11464,12020,root,0,NA,NA,12020,92.9014
11465,11825,root,0,NA,NA,11825,92.8931
11466,10228,root,0,NA,NA,10228,92.8733
11467,19970,root,0,NA,NA,19970,92.8616
11468,16001,root,0,NA,NA,16001,92.8511
11469,5367,root,0,NA,NA,5367,92.8487
11470,16932,root,0,NA,NA,16932,92.825
11471,9973,root,0,NA,NA,9973,92.8148
11472,11006,root,0,NA,NA,11006,92.8068
11473,11788,root,0,NA,NA,11788,92.8015
11474,12393,root,0,NA,NA,12393,92.7819
11475,11234,root,0,NA,NA,11234,92.7784
11476,12167,root,0,NA,NA,12167,92.764
11477,16898,root,0,NA,NA,16898,92.7549
11478,11856,root,0,NA,NA,11856,92.7548
11479,11443,root,0,NA,NA,11443,92.7401
11480,6748,root,0,NA,NA,6748,92.7376
11481,10664,root,0,NA,NA,10664,92.7142
11482,17096,root,0,NA,NA,17096,92.699
11483,5762,root,0,NA,NA,5762,92.6976
11484,5767,root,0,NA,NA,5767,92.6976
11485,5770,root,0,NA,NA,5770,92.6976
11486,5775,root,0,NA,NA,5775,92.6976
11487,5783,root,0,NA,NA,5783,92.6976
11488,5788,root,0,NA,NA,5788,92.6976
11489,15238,root,0,NA,NA,15238,92.6858
11490,6581,root,0,NA,NA,6581,92.6827
11491,8983,root,0,NA,NA,8983,92.6667
11492,13730,root,0,NA,NA,13730,92.6466
11493,12456,root,0,NA,NA,12456,92.6457
11494,9752,root,0,NA,NA,9752,92.6389
11495,18151,root,0,NA,NA,18151,92.6359
11496,19056,root,0,NA,NA,19056,92.618
11497,13132,root,0,NA,NA,13132,92.5929
11498,10497,root,0,NA,NA,10497,92.5806
11499,11721,root,0,NA,NA,11721,92.5545
11500,4627,root,0,NA,NA,4627,92.5459
11501,6430,root,0,NA,NA,6430,92.5389
11502,17690,root,0,NA,NA,17690,92.5352
11503,12242,root,0,NA,NA,12242,92.5335
11504,13114,root,0,NA,NA,13114,92.5333
11505,7547,root,0,NA,NA,7547,92.5225
11506,10139,root,0,NA,NA,10139,92.5219
11507,5416,root,0,NA,NA,5416,92.5209
11508,15072,root,0,NA,NA,15072,92.5136
11509,724,root,0,NA,NA,724,92.5021
11510,11008,root,0,NA,NA,11008,92.5009
11511,10457,root,0,NA,NA,10457,92.4968
11512,4599,root,0,NA,NA,4599,92.486
11513,8484,root,0,NA,NA,8484,92.4811
11514,10266,root,0,NA,NA,10266,92.4727
11515,4998,root,0,NA,NA,4998,92.4705
11516,14876,root,0,NA,NA,14876,92.4695
11517,6447,root,0,NA,NA,6447,92.4277
11518,18503,root,0,NA,NA,18503,92.4238
11519,11122,root,0,NA,NA,11122,92.4145
11520,11662,root,0,NA,NA,11662,92.4069
11521,16554,root,0,NA,NA,16554,92.386
11522,11142,root,0,NA,NA,11142,92.3811
11523,3393,root,0,NA,NA,3393,92.3629
11524,8554,root,0,NA,NA,8554,92.3415
11525,12209,root,0,NA,NA,12209,92.3373
11526,18311,root,0,NA,NA,18311,92.336
11527,19178,root,0,NA,NA,19178,92.3345
11528,15454,root,0,NA,NA,15454,92.3266
11529,7279,root,0,NA,NA,7279,92.3261
11530,10926,root,0,NA,NA,10926,92.321
11531,12552,root,0,NA,NA,12552,92.3158
11532,12529,root,0,NA,NA,12529,92.3149
11533,8290,root,0,NA,NA,8290,92.3034
11534,10962,root,0,NA,NA,10962,92.2882
11535,17777,root,0,NA,NA,17777,92.285
11536,11871,root,0,NA,NA,11871,92.2847
11537,5486,root,0,NA,NA,5486,92.2842
11538,8028,root,0,NA,NA,8028,92.2802
11539,2668,root,0,NA,NA,2668,92.2701
11540,6088,root,0,NA,NA,6088,92.2612
11541,2271,root,0,NA,NA,2271,92.261
11542,3539,root,0,NA,NA,3539,92.2399
11543,13445,root,0,NA,NA,13445,92.2357
11544,9929,root,0,NA,NA,9929,92.2257
11545,17124,root,0,NA,NA,17124,92.2113
11546,7284,root,0,NA,NA,7284,92.1821
11547,13859,root,0,NA,NA,13859,92.1594
11548,16599,root,0,NA,NA,16599,92.1475
11549,14339,root,0,NA,NA,14339,92.1448
11550,12525,root,0,NA,NA,12525,92.1364
11551,1428,root,0,NA,NA,1428,92.1353
11552,19123,root,0,NA,NA,19123,92.1328
11553,9669,root,0,NA,NA,9669,92.1311
11554,7760,root,0,NA,NA,7760,92.1167
11555,10052,root,0,NA,NA,10052,92.1106
11556,17468,root,0,NA,NA,17468,92.1046
11557,5747,root,0,NA,NA,5747,92.0789
11558,2421,root,0,NA,NA,2421,92.0555
11559,9035,root,0,NA,NA,9035,92.0363
11560,5699,root,0,NA,NA,5699,92.0345
11561,16963,root,0,NA,NA,16963,92.0327
11562,8516,root,0,NA,NA,8516,92.0302
11563,19361,root,0,NA,NA,19361,92.0193
11564,13790,root,0,NA,NA,13790,92.0142
11565,11317,root,0,NA,NA,11317,92.0139
11566,10586,root,0,NA,NA,10586,92.0014
11567,10638,root,0,NA,NA,10638,91.9787
11568,14481,root,0,NA,NA,14481,91.9731
11569,6382,root,0,NA,NA,6382,91.9729
11570,10392,root,0,NA,NA,10392,91.9638
11571,15753,root,0,NA,NA,15753,91.9548
11572,10990,root,0,NA,NA,10990,91.9502
11573,11645,root,0,NA,NA,11645,91.9412
11574,15226,root,0,NA,NA,15226,91.9345
11575,8820,root,0,NA,NA,8820,91.9228
11576,13739,root,0,NA,NA,13739,91.9178
11577,15394,root,0,NA,NA,15394,91.9053
11578,15894,root,0,NA,NA,15894,91.9023
11579,9840,root,0,NA,NA,9840,91.8799
11580,18388,root,0,NA,NA,18388,91.8702
11581,15136,root,0,NA,NA,15136,91.8652
11582,8194,root,0,NA,NA,8194,91.8506
11583,10428,root,0,NA,NA,10428,91.8291
11584,12441,root,0,NA,NA,12441,91.8271
11585,782,root,0,NA,NA,782,91.8129
11586,3654,root,0,NA,NA,3654,91.7994
11587,15482,root,0,NA,NA,15482,91.781
11588,16830,root,0,NA,NA,16830,91.7746
11589,5594,root,0,NA,NA,5594,91.765
11590,10682,root,0,NA,NA,10682,91.7477
11591,8612,root,0,NA,NA,8612,91.7353
11592,10965,root,0,NA,NA,10965,91.7214
11593,14574,root,0,NA,NA,14574,91.7057
11594,15497,root,0,NA,NA,15497,91.7039
11595,5509,root,0,NA,NA,5509,91.6922
11596,12168,root,0,NA,NA,12168,91.6912
11597,9489,root,0,NA,NA,9489,91.6826
11598,7735,root,0,NA,NA,7735,91.6715
11599,9811,root,0,NA,NA,9811,91.6653
11600,18462,root,0,NA,NA,18462,91.6629
11601,4046,root,0,NA,NA,4046,91.6239
11602,7611,root,0,NA,NA,7611,91.5921
11603,9879,root,0,NA,NA,9879,91.5844
11604,10748,root,0,NA,NA,10748,91.5809
11605,12465,root,0,NA,NA,12465,91.576
11606,14142,root,0,NA,NA,14142,91.5734
11607,8989,root,0,NA,NA,8989,91.5612
11608,4799,root,0,NA,NA,4799,91.5245
11609,17122,root,0,NA,NA,17122,91.4874
11610,13939,root,0,NA,NA,13939,91.482
11611,8922,root,0,NA,NA,8922,91.4792
11612,13464,root,0,NA,NA,13464,91.4761
11613,10365,root,0,NA,NA,10365,91.4638
11614,6023,root,0,NA,NA,6023,91.4291
11615,9241,root,0,NA,NA,9241,91.4207
11616,14912,root,0,NA,NA,14912,91.4186
11617,8693,root,0,NA,NA,8693,91.3973
11618,17578,root,0,NA,NA,17578,91.3854
11619,10951,root,0,NA,NA,10951,91.3815
11620,14222,root,0,NA,NA,14222,91.3805
11621,17377,root,0,NA,NA,17377,91.3712
11622,12945,root,0,NA,NA,12945,91.3674
11623,15157,root,0,NA,NA,15157,91.366
11624,10635,root,0,NA,NA,10635,91.3633
11625,19356,root,0,NA,NA,19356,91.3609
11626,3887,root,0,NA,NA,3887,91.3536
11627,7474,root,0,NA,NA,7474,91.3525
11628,11192,root,0,NA,NA,11192,91.3333
11629,11172,root,0,NA,NA,11172,91.3302
11630,2107,root,0,NA,NA,2107,91.3276
11631,12586,root,0,NA,NA,12586,91.32
11632,4896,root,0,NA,NA,4896,91.2823
11633,3175,root,0,NA,NA,3175,91.2717
11634,13519,root,0,NA,NA,13519,91.2696
11635,16807,root,0,NA,NA,16807,91.2693
11636,6837,root,0,NA,NA,6837,91.2581
11637,17557,root,0,NA,NA,17557,91.2556
11638,18105,root,0,NA,NA,18105,91.2556
11639,10202,root,0,NA,NA,10202,91.2224
11640,10534,root,0,NA,NA,10534,91.2193
11641,14263,root,0,NA,NA,14263,91.2119
11642,6546,root,0,NA,NA,6546,91.2114
11643,2383,root,0,NA,NA,2383,91.2042
11644,16047,root,0,NA,NA,16047,91.193
11645,12824,root,0,NA,NA,12824,91.1857
11646,5089,root,0,NA,NA,5089,91.185
11647,16237,root,0,NA,NA,16237,91.1817
11648,16570,root,0,NA,NA,16570,91.1752
11649,208,root,0,NA,NA,208,91.1477
11650,1837,root,0,NA,NA,1837,91.139
11651,16627,root,0,NA,NA,16627,91.1287
11652,17214,root,0,NA,NA,17214,91.1166
11653,12002,root,0,NA,NA,12002,91.1115
11654,6390,root,0,NA,NA,6390,91.0991
11655,8724,root,0,NA,NA,8724,91.088
11656,17729,root,0,NA,NA,17729,91.0873
11657,12342,root,0,NA,NA,12342,91.0835
11658,9449,root,0,NA,NA,9449,91.081
11659,12257,root,0,NA,NA,12257,91.0803
11660,14328,root,0,NA,NA,14328,91.0695
11661,10312,root,0,NA,NA,10312,91.0656
11662,5751,root,0,NA,NA,5751,91.054
11663,19965,root,0,NA,NA,19965,91.0453
11664,1918,root,0,NA,NA,1918,91.0453
11665,15286,root,0,NA,NA,15286,91.0319
11666,19343,root,0,NA,NA,19343,90.9995
11667,18555,root,0,NA,NA,18555,90.9979
11668,14615,root,0,NA,NA,14615,90.9974
11669,17267,root,0,NA,NA,17267,90.9821
11670,3677,root,0,NA,NA,3677,90.9817
11671,9876,root,0,NA,NA,9876,90.9803
11672,14180,root,0,NA,NA,14180,90.9799
11673,3196,root,0,NA,NA,3196,90.9787
11674,10778,root,0,NA,NA,10778,90.9756
11675,10646,root,0,NA,NA,10646,90.9745
11676,19958,root,0,NA,NA,19958,90.9731
11677,14565,root,0,NA,NA,14565,90.969
11678,13005,root,0,NA,NA,13005,90.9685
11679,12189,root,0,NA,NA,12189,90.9652
11680,14066,root,0,NA,NA,14066,90.9643
11681,1532,root,0,NA,NA,1532,90.956
11682,1540,root,0,NA,NA,1540,90.956
11683,1545,root,0,NA,NA,1545,90.956
11684,1553,root,0,NA,NA,1553,90.956
11685,1561,root,0,NA,NA,1561,90.956
11686,1566,root,0,NA,NA,1566,90.956
11687,1574,root,0,NA,NA,1574,90.956
11688,10331,root,0,NA,NA,10331,90.9514
11689,9934,root,0,NA,NA,9934,90.9472
11690,8543,root,0,NA,NA,8543,90.943
11691,11630,root,0,NA,NA,11630,90.9176
11692,13505,root,0,NA,NA,13505,90.9089
11693,8314,root,0,NA,NA,8314,90.8814
11694,16764,root,0,NA,NA,16764,90.8798
11695,2517,root,0,NA,NA,2517,90.8517
11696,11916,root,0,NA,NA,11916,90.8513
11697,11969,root,0,NA,NA,11969,90.8388
11698,10685,root,0,NA,NA,10685,90.8364
11699,572,root,0,NA,NA,572,90.8257
11700,13052,root,0,NA,NA,13052,90.8223
11701,13128,root,0,NA,NA,13128,90.8165
11702,8599,root,0,NA,NA,8599,90.8154
11703,5876,root,0,NA,NA,5876,90.8049
11704,17451,root,0,NA,NA,17451,90.797
11705,17779,root,0,NA,NA,17779,90.797
11706,17094,root,0,NA,NA,17094,90.7756
11707,9910,root,0,NA,NA,9910,90.7672
11708,1958,root,0,NA,NA,1958,90.7499
11709,14667,root,0,NA,NA,14667,90.7489
11710,15009,root,0,NA,NA,15009,90.7444
11711,11379,root,0,NA,NA,11379,90.7388
11712,17091,root,0,NA,NA,17091,90.7224
11713,8477,root,0,NA,NA,8477,90.7191
11714,8485,root,0,NA,NA,8485,90.7191
11715,9078,root,0,NA,NA,9078,90.7167
11716,9387,root,0,NA,NA,9387,90.7141
11717,7509,root,0,NA,NA,7509,90.7074
11718,13510,root,0,NA,NA,13510,90.7072
11719,12925,root,0,NA,NA,12925,90.7055
11720,12403,root,0,NA,NA,12403,90.6832
11721,14315,root,0,NA,NA,14315,90.6786
11722,11028,root,0,NA,NA,11028,90.6696
11723,16529,root,0,NA,NA,16529,90.6646
11724,10004,root,0,NA,NA,10004,90.6533
11725,10544,root,0,NA,NA,10544,90.6506
11726,9830,root,0,NA,NA,9830,90.6473
11727,13053,root,0,NA,NA,13053,90.6419
11728,13807,root,0,NA,NA,13807,90.6101
11729,14662,root,0,NA,NA,14662,90.6068
11730,3897,root,0,NA,NA,3897,90.5988
11731,10515,root,0,NA,NA,10515,90.5942
11732,15075,root,0,NA,NA,15075,90.593
11733,10134,root,0,NA,NA,10134,90.5706
11734,18911,root,0,NA,NA,18911,90.5419
11735,13830,root,0,NA,NA,13830,90.5414
11736,17090,root,0,NA,NA,17090,90.5023
11737,10803,root,0,NA,NA,10803,90.5014
11738,14023,root,0,NA,NA,14023,90.483
11739,16290,root,0,NA,NA,16290,90.4782
11740,14129,root,0,NA,NA,14129,90.4685
11741,7495,root,0,NA,NA,7495,90.466
11742,6566,root,0,NA,NA,6566,90.4588
11743,11193,root,0,NA,NA,11193,90.4587
11744,18603,root,0,NA,NA,18603,90.4511
11745,5037,root,0,NA,NA,5037,90.4474
11746,8606,root,0,NA,NA,8606,90.4453
11747,15802,root,0,NA,NA,15802,90.4413
11748,10841,root,0,NA,NA,10841,90.4274
11749,15471,root,0,NA,NA,15471,90.4261
11750,18926,root,0,NA,NA,18926,90.406
11751,5800,root,0,NA,NA,5800,90.3902
11752,15431,root,0,NA,NA,15431,90.3823
11753,8421,root,0,NA,NA,8421,90.3816
11754,8230,root,0,NA,NA,8230,90.3766
11755,16132,root,0,NA,NA,16132,90.3475
11756,8856,root,0,NA,NA,8856,90.3297
11757,11806,root,0,NA,NA,11806,90.3257
11758,14468,root,0,NA,NA,14468,90.3175
11759,9374,root,0,NA,NA,9374,90.3087
11760,12822,root,0,NA,NA,12822,90.299
11761,15764,root,0,NA,NA,15764,90.2964
11762,10385,root,0,NA,NA,10385,90.2924
11763,12333,root,0,NA,NA,12333,90.2922
11764,12280,root,0,NA,NA,12280,90.2819
11765,11414,root,0,NA,NA,11414,90.2634
11766,11566,root,0,NA,NA,11566,90.2538
11767,3177,root,0,NA,NA,3177,90.2525
11768,11127,root,0,NA,NA,11127,90.2354
11769,7856,root,0,NA,NA,7856,90.2254
11770,11704,root,0,NA,NA,11704,90.2246
11771,14166,root,0,NA,NA,14166,90.1602
11772,13170,root,0,NA,NA,13170,90.1571
11773,18211,root,0,NA,NA,18211,90.153
11774,13585,root,0,NA,NA,13585,90.1424
11775,19118,root,0,NA,NA,19118,90.1414
11776,12499,root,0,NA,NA,12499,90.1377
11777,9401,root,0,NA,NA,9401,90.1337
11778,14953,root,0,NA,NA,14953,90.1305
11779,9158,root,0,NA,NA,9158,90.1093
11780,8598,root,0,NA,NA,8598,90.0881
11781,7936,root,0,NA,NA,7936,90.0599
11782,8833,root,0,NA,NA,8833,90.045
11783,11225,root,0,NA,NA,11225,90.0383
11784,10039,root,0,NA,NA,10039,90.0325
11785,9905,root,0,NA,NA,9905,90.0281
11786,4109,root,0,NA,NA,4109,90.0249
11787,1057,root,0,NA,NA,1057,90.0181
11788,19286,root,0,NA,NA,19286,90.002
11789,19588,root,0,NA,NA,19588,90.0013
11790,18481,root,0,NA,NA,18481,89.9956
11791,8008,root,0,NA,NA,8008,89.9846
11792,12240,root,0,NA,NA,12240,89.9793
11793,10272,root,0,NA,NA,10272,89.9731
11794,17733,root,0,NA,NA,17733,89.9686
11795,7395,root,0,NA,NA,7395,89.9654
11796,13183,root,0,NA,NA,13183,89.9464
11797,11019,root,0,NA,NA,11019,89.9444
11798,19309,root,0,NA,NA,19309,89.9348
11799,16984,root,0,NA,NA,16984,89.9305
11800,19850,root,0,NA,NA,19850,89.9304
11801,12245,root,0,NA,NA,12245,89.9266
11802,494,root,0,NA,NA,494,89.9218
11803,11011,root,0,NA,NA,11011,89.9133
11804,947,root,0,NA,NA,947,89.9088
11805,13256,root,0,NA,NA,13256,89.8874
11806,8091,root,0,NA,NA,8091,89.8803
11807,12287,root,0,NA,NA,12287,89.8509
11808,13590,root,0,NA,NA,13590,89.8501
11809,6667,root,0,NA,NA,6667,89.844
11810,9044,root,0,NA,NA,9044,89.834
11811,12446,root,0,NA,NA,12446,89.8268
11812,12584,root,0,NA,NA,12584,89.8145
11813,10759,root,0,NA,NA,10759,89.8135
11814,10187,root,0,NA,NA,10187,89.7735
11815,11378,root,0,NA,NA,11378,89.7729
11816,13084,root,0,NA,NA,13084,89.7728
11817,14319,root,0,NA,NA,14319,89.755
11818,7968,root,0,NA,NA,7968,89.7527
11819,13827,root,0,NA,NA,13827,89.752
11820,13811,root,0,NA,NA,13811,89.7395
11821,8830,root,0,NA,NA,8830,89.7241
11822,6643,root,0,NA,NA,6643,89.7146
11823,16038,root,0,NA,NA,16038,89.708
11824,12959,root,0,NA,NA,12959,89.6987
11825,8828,root,0,NA,NA,8828,89.6933
11826,614,root,0,NA,NA,614,89.6909
11827,9952,root,0,NA,NA,9952,89.6732
11828,6911,root,0,NA,NA,6911,89.6663
11829,16226,root,0,NA,NA,16226,89.6515
11830,15125,root,0,NA,NA,15125,89.6427
11831,19580,root,0,NA,NA,19580,89.6378
11832,2146,root,0,NA,NA,2146,89.6374
11833,9605,root,0,NA,NA,9605,89.626
11834,10662,root,0,NA,NA,10662,89.6145
11835,16728,root,0,NA,NA,16728,89.6055
11836,13872,root,0,NA,NA,13872,89.6024
11837,15426,root,0,NA,NA,15426,89.6004
11838,9256,root,0,NA,NA,9256,89.5999
11839,13338,root,0,NA,NA,13338,89.5982
11840,5327,root,0,NA,NA,5327,89.5809
11841,14632,root,0,NA,NA,14632,89.5675
11842,15532,root,0,NA,NA,15532,89.565
11843,8851,root,0,NA,NA,8851,89.5474
11844,16929,root,0,NA,NA,16929,89.5381
11845,16883,root,0,NA,NA,16883,89.5355
11846,8825,root,0,NA,NA,8825,89.5129
11847,10626,root,0,NA,NA,10626,89.5035
11848,18745,root,0,NA,NA,18745,89.4981
11849,5132,root,0,NA,NA,5132,89.4895
11850,5140,root,0,NA,NA,5140,89.4895
11851,5145,root,0,NA,NA,5145,89.4895
11852,5153,root,0,NA,NA,5153,89.4895
11853,12512,root,0,NA,NA,12512,89.4744
11854,11037,root,0,NA,NA,11037,89.4676
11855,13485,root,0,NA,NA,13485,89.4309
11856,12269,root,0,NA,NA,12269,89.4179
11857,11740,root,0,NA,NA,11740,89.4148
11858,11684,root,0,NA,NA,11684,89.4094
11859,6030,root,0,NA,NA,6030,89.395
11860,6043,root,0,NA,NA,6043,89.395
11861,6051,root,0,NA,NA,6051,89.395
11862,9006,root,0,NA,NA,9006,89.3778
11863,11185,root,0,NA,NA,11185,89.3746
11864,19125,root,0,NA,NA,19125,89.3729
11865,12984,root,0,NA,NA,12984,89.3423
11866,6850,root,0,NA,NA,6850,89.3203
11867,8982,root,0,NA,NA,8982,89.3145
11868,11917,root,0,NA,NA,11917,89.2886
11869,9842,root,0,NA,NA,9842,89.2798
11870,19130,root,0,NA,NA,19130,89.2765
11871,10250,root,0,NA,NA,10250,89.2753
11872,11206,root,0,NA,NA,11206,89.2698
11873,17462,root,0,NA,NA,17462,89.263
11874,8872,root,0,NA,NA,8872,89.2621
11875,14945,root,0,NA,NA,14945,89.2469
11876,19728,root,0,NA,NA,19728,89.2383
11877,10389,root,0,NA,NA,10389,89.2317
11878,11929,root,0,NA,NA,11929,89.2263
11879,10718,root,0,NA,NA,10718,89.2262
11880,14517,root,0,NA,NA,14517,89.1973
11881,9185,root,0,NA,NA,9185,89.1847
11882,8951,root,0,NA,NA,8951,89.1805
11883,10927,root,0,NA,NA,10927,89.1801
11884,14525,root,0,NA,NA,14525,89.1629
11885,17215,root,0,NA,NA,17215,89.1599
11886,19128,root,0,NA,NA,19128,89.1528
11887,11617,root,0,NA,NA,11617,89.1469
11888,10849,root,0,NA,NA,10849,89.1462
11889,7206,root,0,NA,NA,7206,89.1438
11890,13203,root,0,NA,NA,13203,89.143
11891,14413,root,0,NA,NA,14413,89.1389
11892,15012,root,0,NA,NA,15012,89.1316
11893,4170,root,0,NA,NA,4170,89.1047
11894,13281,root,0,NA,NA,13281,89.098
11895,13305,root,0,NA,NA,13305,89.0907
11896,7747,root,0,NA,NA,7747,89.0493
11897,4589,root,0,NA,NA,4589,89.0469
11898,15566,root,0,NA,NA,15566,89.0411
11899,13339,root,0,NA,NA,13339,89.0347
11900,8888,root,0,NA,NA,8888,89.0303
11901,15661,root,0,NA,NA,15661,89.0279
11902,1737,root,0,NA,NA,1737,89.009
11903,10303,root,0,NA,NA,10303,89.0045
11904,12191,root,0,NA,NA,12191,88.999
11905,8943,root,0,NA,NA,8943,88.995
11906,11046,root,0,NA,NA,11046,88.9867
11907,14246,root,0,NA,NA,14246,88.9849
11908,4201,root,0,NA,NA,4201,88.9541
11909,10625,root,0,NA,NA,10625,88.953
11910,11839,root,0,NA,NA,11839,88.952
11911,12655,root,0,NA,NA,12655,88.9518
11912,16838,root,0,NA,NA,16838,88.9394
11913,12972,root,0,NA,NA,12972,88.9332
11914,10093,root,0,NA,NA,10093,88.9283
11915,13080,root,0,NA,NA,13080,88.9266
11916,15428,root,0,NA,NA,15428,88.9178
11917,11366,root,0,NA,NA,11366,88.8996
11918,11970,root,0,NA,NA,11970,88.8962
11919,11975,root,0,NA,NA,11975,88.8962
11920,6870,root,0,NA,NA,6870,88.8886
11921,9884,root,0,NA,NA,9884,88.8864
11922,16386,root,0,NA,NA,16386,88.874
11923,16878,root,0,NA,NA,16878,88.8612
11924,10160,root,0,NA,NA,10160,88.8529
11925,13096,root,0,NA,NA,13096,88.8495
11926,4274,root,0,NA,NA,4274,88.8405
11927,8268,root,0,NA,NA,8268,88.8378
11928,12726,root,0,NA,NA,12726,88.8147
11929,9801,root,0,NA,NA,9801,88.8109
11930,15906,root,0,NA,NA,15906,88.8043
11931,9468,root,0,NA,NA,9468,88.7936
11932,2835,root,0,NA,NA,2835,88.7897
11933,2843,root,0,NA,NA,2843,88.7897
11934,2848,root,0,NA,NA,2848,88.7897
11935,2851,root,0,NA,NA,2851,88.7897
11936,2856,root,0,NA,NA,2856,88.7897
11937,2861,root,0,NA,NA,2861,88.7897
11938,2864,root,0,NA,NA,2864,88.7897
11939,2869,root,0,NA,NA,2869,88.7897
11940,2877,root,0,NA,NA,2877,88.7897
11941,12773,root,0,NA,NA,12773,88.773
11942,15692,root,0,NA,NA,15692,88.7673
11943,7754,root,0,NA,NA,7754,88.7556
11944,18534,root,0,NA,NA,18534,88.7483
11945,9322,root,0,NA,NA,9322,88.7474
11946,11528,root,0,NA,NA,11528,88.7423
11947,9084,root,0,NA,NA,9084,88.7406
11948,17572,root,0,NA,NA,17572,88.7314
11949,14865,root,0,NA,NA,14865,88.7268
11950,17453,root,0,NA,NA,17453,88.7261
11951,7382,root,0,NA,NA,7382,88.7081
11952,5392,root,0,NA,NA,5392,88.6901
11953,10020,root,0,NA,NA,10020,88.6873
11954,3358,root,0,NA,NA,3358,88.6828
11955,12268,root,0,NA,NA,12268,88.6753
11956,1114,root,0,NA,NA,1114,88.6547
11957,8661,root,0,NA,NA,8661,88.6544
11958,12258,root,0,NA,NA,12258,88.6487
11959,10669,root,0,NA,NA,10669,88.6461
11960,16782,root,0,NA,NA,16782,88.639
11961,16967,root,0,NA,NA,16967,88.6345
11962,19445,root,0,NA,NA,19445,88.6301
11963,12202,root,0,NA,NA,12202,88.6237
11964,13083,root,0,NA,NA,13083,88.6106
11965,7022,root,0,NA,NA,7022,88.5994
11966,7027,root,0,NA,NA,7027,88.5994
11967,13135,root,0,NA,NA,13135,88.5983
11968,19477,root,0,NA,NA,19477,88.5957
11969,11820,root,0,NA,NA,11820,88.5888
11970,9990,root,0,NA,NA,9990,88.581
11971,4829,root,0,NA,NA,4829,88.5798
11972,8758,root,0,NA,NA,8758,88.5665
11973,10745,root,0,NA,NA,10745,88.5632
11974,13303,root,0,NA,NA,13303,88.5617
11975,17135,root,0,NA,NA,17135,88.5607
11976,14107,root,0,NA,NA,14107,88.5572
11977,10683,root,0,NA,NA,10683,88.5352
11978,9907,root,0,NA,NA,9907,88.5236
11979,14329,root,0,NA,NA,14329,88.5232
11980,16428,root,0,NA,NA,16428,88.519
11981,1392,root,0,NA,NA,1392,88.5177
11982,8846,root,0,NA,NA,8846,88.5078
11983,9696,root,0,NA,NA,9696,88.5022
11984,2248,root,0,NA,NA,2248,88.5013
11985,9598,root,0,NA,NA,9598,88.4995
11986,17501,root,0,NA,NA,17501,88.4947
11987,4759,root,0,NA,NA,4759,88.494
11988,8210,root,0,NA,NA,8210,88.4605
11989,8633,root,0,NA,NA,8633,88.4599
11990,3556,root,0,NA,NA,3556,88.4437
11991,3561,root,0,NA,NA,3561,88.4437
11992,3569,root,0,NA,NA,3569,88.4437
11993,3582,root,0,NA,NA,3582,88.4437
11994,3590,root,0,NA,NA,3590,88.4437
11995,3595,root,0,NA,NA,3595,88.4437
11996,19288,root,0,NA,NA,19288,88.4331
11997,12162,root,0,NA,NA,12162,88.4244
11998,12903,root,0,NA,NA,12903,88.4206
11999,4312,root,0,NA,NA,4312,88.3996
12000,4832,root,0,NA,NA,4832,88.389
12001,19827,root,0,NA,NA,19827,88.382
12002,12757,root,0,NA,NA,12757,88.3791
12003,11147,root,0,NA,NA,11147,88.3585
12004,18913,root,0,NA,NA,18913,88.3418
12005,10056,root,0,NA,NA,10056,88.3333
12006,3942,root,0,NA,NA,3942,88.3277
12007,3211,root,0,NA,NA,3211,88.2996
12008,17476,root,0,NA,NA,17476,88.2924
12009,1743,root,0,NA,NA,1743,88.2914
12010,5748,root,0,NA,NA,5748,88.2735
12011,9909,root,0,NA,NA,9909,88.2733
12012,4081,root,0,NA,NA,4081,88.2723
12013,15430,root,0,NA,NA,15430,88.2578
12014,18107,root,0,NA,NA,18107,88.2499
12015,19503,root,0,NA,NA,19503,88.2299
12016,13909,root,0,NA,NA,13909,88.1923
12017,11272,root,0,NA,NA,11272,88.1865
12018,13192,root,0,NA,NA,13192,88.1854
12019,11353,root,0,NA,NA,11353,88.1804
12020,15485,root,0,NA,NA,15485,88.1643
12021,10701,root,0,NA,NA,10701,88.1625
12022,8857,root,0,NA,NA,8857,88.1462
12023,6133,root,0,NA,NA,6133,88.14
12024,7350,root,0,NA,NA,7350,88.1368
12025,10696,root,0,NA,NA,10696,88.1197
12026,13709,root,0,NA,NA,13709,88.1175
12027,13868,root,0,NA,NA,13868,88.1171
12028,6056,root,0,NA,NA,6056,88.1167
12029,11297,root,0,NA,NA,11297,88.1051
12030,4954,root,0,NA,NA,4954,88.1024
12031,3658,root,0,NA,NA,3658,88.0804
12032,19027,root,0,NA,NA,19027,88.0653
12033,18682,root,0,NA,NA,18682,88.0471
12034,18786,root,0,NA,NA,18786,88.0464
12035,10186,root,0,NA,NA,10186,88.0462
12036,6329,root,0,NA,NA,6329,88.014
12037,17174,root,0,NA,NA,17174,87.9967
12038,11282,root,0,NA,NA,11282,87.9952
12039,12467,root,0,NA,NA,12467,87.9801
12040,10680,root,0,NA,NA,10680,87.9689
12041,11436,root,0,NA,NA,11436,87.9688
12042,14356,root,0,NA,NA,14356,87.9679
12043,12589,root,0,NA,NA,12589,87.9562
12044,18759,root,0,NA,NA,18759,87.9273
12045,9808,root,0,NA,NA,9808,87.9177
12046,17527,root,0,NA,NA,17527,87.9173
12047,13138,root,0,NA,NA,13138,87.9116
12048,652,root,0,NA,NA,652,87.9053
12049,4062,root,0,NA,NA,4062,87.9052
12050,17210,root,0,NA,NA,17210,87.8885
12051,8029,root,0,NA,NA,8029,87.8822
12052,12018,root,0,NA,NA,12018,87.8799
12053,1693,root,0,NA,NA,1693,87.8573
12054,15827,root,0,NA,NA,15827,87.8541
12055,19619,root,0,NA,NA,19619,87.8442
12056,11540,root,0,NA,NA,11540,87.8405
12057,12145,root,0,NA,NA,12145,87.8394
12058,9209,root,0,NA,NA,9209,87.8388
12059,12701,root,0,NA,NA,12701,87.8286
12060,4725,root,0,NA,NA,4725,87.8213
12061,15460,root,0,NA,NA,15460,87.8159
12062,4740,root,0,NA,NA,4740,87.8139
12063,6039,root,0,NA,NA,6039,87.7938
12064,12444,root,0,NA,NA,12444,87.7768
12065,4111,root,0,NA,NA,4111,87.7573
12066,4116,root,0,NA,NA,4116,87.7573
12067,4124,root,0,NA,NA,4124,87.7573
12068,4132,root,0,NA,NA,4132,87.7573
12069,4137,root,0,NA,NA,4137,87.7573
12070,7116,root,0,NA,NA,7116,87.7519
12071,9002,root,0,NA,NA,9002,87.751
12072,15263,root,0,NA,NA,15263,87.7476
12073,8406,root,0,NA,NA,8406,87.7463
12074,6342,root,0,NA,NA,6342,87.7442
12075,11531,root,0,NA,NA,11531,87.7221
12076,2126,root,0,NA,NA,2126,87.7125
12077,19642,root,0,NA,NA,19642,87.6958
12078,5049,root,0,NA,NA,5049,87.6898
12079,12875,root,0,NA,NA,12875,87.6845
12080,9331,root,0,NA,NA,9331,87.6667
12081,9344,root,0,NA,NA,9344,87.6667
12082,8453,root,0,NA,NA,8453,87.6637
12083,8455,root,0,NA,NA,8455,87.6626
12084,14154,root,0,NA,NA,14154,87.6577
12085,11159,root,0,NA,NA,11159,87.6544
12086,5862,root,0,NA,NA,5862,87.6528
12087,16310,root,0,NA,NA,16310,87.6469
12088,9113,root,0,NA,NA,9113,87.6393
12089,9690,root,0,NA,NA,9690,87.6335
12090,5485,root,0,NA,NA,5485,87.6314
12091,1559,root,0,NA,NA,1559,87.6284
12092,12362,root,0,NA,NA,12362,87.6255
12093,9659,root,0,NA,NA,9659,87.6221
12094,681,root,0,NA,NA,681,87.5818
12095,686,root,0,NA,NA,686,87.5818
12096,694,root,0,NA,NA,694,87.5818
12097,699,root,0,NA,NA,699,87.5818
12098,702,root,0,NA,NA,702,87.5818
12099,707,root,0,NA,NA,707,87.5818
12100,715,root,0,NA,NA,715,87.5818
12101,18716,root,0,NA,NA,18716,87.5789
12102,15298,root,0,NA,NA,15298,87.5593
12103,17526,root,0,NA,NA,17526,87.5515
12104,13604,root,0,NA,NA,13604,87.5477
12105,8089,root,0,NA,NA,8089,87.5446
12106,16512,root,0,NA,NA,16512,87.5381
12107,14202,root,0,NA,NA,14202,87.5142
12108,17774,root,0,NA,NA,17774,87.4853
12109,13766,root,0,NA,NA,13766,87.4845
12110,1015,root,0,NA,NA,1015,87.4589
12111,17586,root,0,NA,NA,17586,87.4547
12112,11181,root,0,NA,NA,11181,87.4288
12113,11802,root,0,NA,NA,11802,87.4172
12114,15595,root,0,NA,NA,15595,87.4143
12115,13704,root,0,NA,NA,13704,87.4069
12116,16131,root,0,NA,NA,16131,87.3806
12117,15811,root,0,NA,NA,15811,87.3718
12118,16874,root,0,NA,NA,16874,87.3642
12119,15652,root,0,NA,NA,15652,87.3613
12120,8370,root,0,NA,NA,8370,87.3272
12121,7276,root,0,NA,NA,7276,87.3171
12122,7233,root,0,NA,NA,7233,87.3134
12123,6336,root,0,NA,NA,6336,87.3113
12124,11498,root,0,NA,NA,11498,87.3097
12125,8859,root,0,NA,NA,8859,87.3006
12126,2484,root,0,NA,NA,2484,87.2836
12127,18092,root,0,NA,NA,18092,87.2832
12128,16549,root,0,NA,NA,16549,87.2825
12129,11872,root,0,NA,NA,11872,87.2753
12130,10572,root,0,NA,NA,10572,87.2739
12131,12055,root,0,NA,NA,12055,87.2711
12132,10573,root,0,NA,NA,10573,87.2707
12133,5719,root,0,NA,NA,5719,87.2703
12134,18389,root,0,NA,NA,18389,87.257
12135,9023,root,0,NA,NA,9023,87.2566
12136,12504,root,0,NA,NA,12504,87.2524
12137,9563,root,0,NA,NA,9563,87.2513
12138,10168,root,0,NA,NA,10168,87.2452
12139,13870,root,0,NA,NA,13870,87.245
12140,14362,root,0,NA,NA,14362,87.2295
12141,12023,root,0,NA,NA,12023,87.2265
12142,10207,root,0,NA,NA,10207,87.2259
12143,859,root,0,NA,NA,859,87.2187
12144,872,root,0,NA,NA,872,87.2187
12145,885,root,0,NA,NA,885,87.2187
12146,893,root,0,NA,NA,893,87.2187
12147,18908,root,0,NA,NA,18908,87.207
12148,14507,root,0,NA,NA,14507,87.1712
12149,528,root,0,NA,NA,528,87.1203
12150,5963,root,0,NA,NA,5963,87.115
12151,10993,root,0,NA,NA,10993,87.1012
12152,8441,root,0,NA,NA,8441,87.096
12153,4356,root,0,NA,NA,4356,87.0846
12154,16297,root,0,NA,NA,16297,87.0823
12155,10155,root,0,NA,NA,10155,87.0626
12156,11223,root,0,NA,NA,11223,87.0352
12157,4438,root,0,NA,NA,4438,87.0266
12158,18767,root,0,NA,NA,18767,87.0066
12159,11725,root,0,NA,NA,11725,87.0009
12160,13154,root,0,NA,NA,13154,86.9967
12161,13698,root,0,NA,NA,13698,86.9937
12162,13568,root,0,NA,NA,13568,86.9903
12163,10821,root,0,NA,NA,10821,86.9872
12164,10173,root,0,NA,NA,10173,86.9848
12165,7483,root,0,NA,NA,7483,86.9652
12166,12840,root,0,NA,NA,12840,86.9577
12167,618,root,0,NA,NA,618,86.9523
12168,17254,root,0,NA,NA,17254,86.9482
12169,13018,root,0,NA,NA,13018,86.9329
12170,15404,root,0,NA,NA,15404,86.931
12171,16592,root,0,NA,NA,16592,86.9308
12172,8946,root,0,NA,NA,8946,86.9248
12173,10809,root,0,NA,NA,10809,86.9157
12174,11003,root,0,NA,NA,11003,86.8977
12175,9551,root,0,NA,NA,9551,86.8966
12176,414,root,0,NA,NA,414,86.8674
12177,427,root,0,NA,NA,427,86.8674
12178,448,root,0,NA,NA,448,86.8674
12179,2410,root,0,NA,NA,2410,86.8604
12180,7637,root,0,NA,NA,7637,86.8534
12181,14045,root,0,NA,NA,14045,86.851
12182,16776,root,0,NA,NA,16776,86.8476
12183,9043,root,0,NA,NA,9043,86.8471
12184,14052,root,0,NA,NA,14052,86.8423
12185,14633,root,0,NA,NA,14633,86.838
12186,13963,root,0,NA,NA,13963,86.8161
12187,1046,root,0,NA,NA,1046,86.8155
12188,16575,root,0,NA,NA,16575,86.815
12189,13761,root,0,NA,NA,13761,86.8101
12190,1842,root,0,NA,NA,1842,86.8095
12191,6599,root,0,NA,NA,6599,86.8087
12192,8767,root,0,NA,NA,8767,86.8026
12193,8398,root,0,NA,NA,8398,86.792
12194,9141,root,0,NA,NA,9141,86.7788
12195,50,root,0,NA,NA,50,86.7717
12196,63,root,0,NA,NA,63,86.7717
12197,84,root,0,NA,NA,84,86.7717
12198,6283,root,0,NA,NA,6283,86.771
12199,4785,root,0,NA,NA,4785,86.7668
12200,15433,root,0,NA,NA,15433,86.7635
12201,5947,root,0,NA,NA,5947,86.7613
12202,3826,root,0,NA,NA,3826,86.7486
12203,11139,root,0,NA,NA,11139,86.7458
12204,12667,root,0,NA,NA,12667,86.7453
12205,10588,root,0,NA,NA,10588,86.7325
12206,18156,root,0,NA,NA,18156,86.7267
12207,10738,root,0,NA,NA,10738,86.724
12208,19417,root,0,NA,NA,19417,86.7203
12209,14445,root,0,NA,NA,14445,86.708
12210,16362,root,0,NA,NA,16362,86.7068
12211,10050,root,0,NA,NA,10050,86.6903
12212,9916,root,0,NA,NA,9916,86.6466
12213,9523,root,0,NA,NA,9523,86.6276
12214,19317,root,0,NA,NA,19317,86.6268
12215,12096,root,0,NA,NA,12096,86.6201
12216,8083,root,0,NA,NA,8083,86.6161
12217,13209,root,0,NA,NA,13209,86.6133
12218,9664,root,0,NA,NA,9664,86.5842
12219,8961,root,0,NA,NA,8961,86.584
12220,4241,root,0,NA,NA,4241,86.5802
12221,17983,root,0,NA,NA,17983,86.5624
12222,4580,root,0,NA,NA,4580,86.5617
12223,8914,root,0,NA,NA,8914,86.5603
12224,10880,root,0,NA,NA,10880,86.5434
12225,18858,root,0,NA,NA,18858,86.542
12226,3442,root,0,NA,NA,3442,86.534
12227,17218,root,0,NA,NA,17218,86.5277
12228,500,root,0,NA,NA,500,86.5242
12229,513,root,0,NA,NA,513,86.5242
12230,526,root,0,NA,NA,526,86.5242
12231,534,root,0,NA,NA,534,86.5242
12232,13718,root,0,NA,NA,13718,86.5145
12233,15808,root,0,NA,NA,15808,86.5063
12234,16072,root,0,NA,NA,16072,86.4868
12235,8353,root,0,NA,NA,8353,86.4689
12236,4653,root,0,NA,NA,4653,86.4683
12237,4656,root,0,NA,NA,4656,86.4683
12238,4661,root,0,NA,NA,4661,86.4683
12239,4669,root,0,NA,NA,4669,86.4683
12240,4674,root,0,NA,NA,4674,86.4683
12241,8057,root,0,NA,NA,8057,86.4652
12242,2285,root,0,NA,NA,2285,86.4533
12243,14518,root,0,NA,NA,14518,86.4513
12244,12742,root,0,NA,NA,12742,86.4413
12245,13808,root,0,NA,NA,13808,86.4337
12246,10981,root,0,NA,NA,10981,86.4283
12247,14158,root,0,NA,NA,14158,86.4267
12248,13716,root,0,NA,NA,13716,86.4185
12249,18500,root,0,NA,NA,18500,86.4067
12250,19752,root,0,NA,NA,19752,86.404
12251,12474,root,0,NA,NA,12474,86.3823
12252,9050,root,0,NA,NA,9050,86.3629
12253,7557,root,0,NA,NA,7557,86.3621
12254,10846,root,0,NA,NA,10846,86.36
12255,12277,root,0,NA,NA,12277,86.3552
12256,9939,root,0,NA,NA,9939,86.3546
12257,4935,root,0,NA,NA,4935,86.3545
12258,11372,root,0,NA,NA,11372,86.3533
12259,11243,root,0,NA,NA,11243,86.3037
12260,7671,root,0,NA,NA,7671,86.2938
12261,10590,root,0,NA,NA,10590,86.2928
12262,8798,root,0,NA,NA,8798,86.2923
12263,18309,root,0,NA,NA,18309,86.2881
12264,14159,root,0,NA,NA,14159,86.2638
12265,11330,root,0,NA,NA,11330,86.26
12266,18728,root,0,NA,NA,18728,86.2597
12267,17692,root,0,NA,NA,17692,86.2579
12268,9280,root,0,NA,NA,9280,86.2528
12269,10462,root,0,NA,NA,10462,86.2453
12270,19837,root,0,NA,NA,19837,86.2427
12271,16036,root,0,NA,NA,16036,86.2235
12272,11331,root,0,NA,NA,11331,86.2072
12273,9763,root,0,NA,NA,9763,86.1672
12274,19124,root,0,NA,NA,19124,86.1661
12275,7377,root,0,NA,NA,7377,86.1551
12276,14974,root,0,NA,NA,14974,86.1541
12277,5654,root,0,NA,NA,5654,86.143
12278,2929,root,0,NA,NA,2929,86.1269
12279,8044,root,0,NA,NA,8044,86.1241
12280,11030,root,0,NA,NA,11030,86.1198
12281,12204,root,0,NA,NA,12204,86.0911
12282,14714,root,0,NA,NA,14714,86.0899
12283,9438,root,0,NA,NA,9438,86.0711
12284,11613,root,0,NA,NA,11613,86.0535
12285,15128,root,0,NA,NA,15128,86.053
12286,17843,root,0,NA,NA,17843,86.0528
12287,13069,root,0,NA,NA,13069,86.038
12288,17694,root,0,NA,NA,17694,86.0297
12289,2079,root,0,NA,NA,2079,86.0219
12290,15693,root,0,NA,NA,15693,86.0205
12291,13380,root,0,NA,NA,13380,86.0084
12292,13578,root,0,NA,NA,13578,85.9848
12293,5192,root,0,NA,NA,5192,85.9779
12294,5205,root,0,NA,NA,5205,85.9779
12295,10651,root,0,NA,NA,10651,85.9598
12296,7731,root,0,NA,NA,7731,85.9581
12297,5698,root,0,NA,NA,5698,85.9461
12298,10732,root,0,NA,NA,10732,85.9377
12299,11480,root,0,NA,NA,11480,85.9365
12300,5458,root,0,NA,NA,5458,85.9306
12301,19378,root,0,NA,NA,19378,85.9219
12302,469,root,0,NA,NA,469,85.9146
12303,10260,root,0,NA,NA,10260,85.9091
12304,2783,root,0,NA,NA,2783,85.905
12305,11546,root,0,NA,NA,11546,85.9005
12306,6304,root,0,NA,NA,6304,85.8996
12307,3210,root,0,NA,NA,3210,85.894
12308,11387,root,0,NA,NA,11387,85.8845
12309,3863,root,0,NA,NA,3863,85.8833
12310,8940,root,0,NA,NA,8940,85.8811
12311,8175,root,0,NA,NA,8175,85.8803
12312,8861,root,0,NA,NA,8861,85.8755
12313,17724,root,0,NA,NA,17724,85.8624
12314,11579,root,0,NA,NA,11579,85.8376
12315,9167,root,0,NA,NA,9167,85.8215
12316,17182,root,0,NA,NA,17182,85.817
12317,6493,root,0,NA,NA,6493,85.813
12318,12025,root,0,NA,NA,12025,85.7935
12319,3466,root,0,NA,NA,3466,85.7713
12320,3474,root,0,NA,NA,3474,85.7713
12321,3479,root,0,NA,NA,3479,85.7713
12322,3487,root,0,NA,NA,3487,85.7713
12323,3500,root,0,NA,NA,3500,85.7713
12324,3508,root,0,NA,NA,3508,85.7713
12325,11897,root,0,NA,NA,11897,85.7432
12326,14431,root,0,NA,NA,14431,85.7362
12327,13164,root,0,NA,NA,13164,85.707
12328,15769,root,0,NA,NA,15769,85.7062
12329,17127,root,0,NA,NA,17127,85.6938
12330,12531,root,0,NA,NA,12531,85.6873
12331,7694,root,0,NA,NA,7694,85.6771
12332,11392,root,0,NA,NA,11392,85.6628
12333,2072,root,0,NA,NA,2072,85.6533
12334,7828,root,0,NA,NA,7828,85.6507
12335,11249,root,0,NA,NA,11249,85.6444
12336,6212,root,0,NA,NA,6212,85.6383
12337,18583,root,0,NA,NA,18583,85.6351
12338,10283,root,0,NA,NA,10283,85.6344
12339,5510,root,0,NA,NA,5510,85.6261
12340,433,root,0,NA,NA,433,85.614
12341,6149,root,0,NA,NA,6149,85.6062
12342,13272,root,0,NA,NA,13272,85.5862
12343,11663,root,0,NA,NA,11663,85.5767
12344,13735,root,0,NA,NA,13735,85.5723
12345,10132,root,0,NA,NA,10132,85.5623
12346,14796,root,0,NA,NA,14796,85.5559
12347,19490,root,0,NA,NA,19490,85.5308
12348,6445,root,0,NA,NA,6445,85.53
12349,1816,root,0,NA,NA,1816,85.5291
12350,10510,root,0,NA,NA,10510,85.5051
12351,3512,root,0,NA,NA,3512,85.5048
12352,10622,root,0,NA,NA,10622,85.4863
12353,12349,root,0,NA,NA,12349,85.4822
12354,7311,root,0,NA,NA,7311,85.4653
12355,8741,root,0,NA,NA,8741,85.4611
12356,11274,root,0,NA,NA,11274,85.4603
12357,17506,root,0,NA,NA,17506,85.4473
12358,14165,root,0,NA,NA,14165,85.4463
12359,18452,root,0,NA,NA,18452,85.4343
12360,17539,root,0,NA,NA,17539,85.4196
12361,8534,root,0,NA,NA,8534,85.4013
12362,15705,root,0,NA,NA,15705,85.3956
12363,4795,root,0,NA,NA,4795,85.394
12364,13430,root,0,NA,NA,13430,85.3787
12365,11241,root,0,NA,NA,11241,85.371
12366,6362,root,0,NA,NA,6362,85.3671
12367,15937,root,0,NA,NA,15937,85.3638
12368,9336,root,0,NA,NA,9336,85.3623
12369,5929,root,0,NA,NA,5929,85.3554
12370,8775,root,0,NA,NA,8775,85.3457
12371,19176,root,0,NA,NA,19176,85.3443
12372,13846,root,0,NA,NA,13846,85.3308
12373,11912,root,0,NA,NA,11912,85.3287
12374,11915,root,0,NA,NA,11915,85.3287
12375,12844,root,0,NA,NA,12844,85.3165
12376,4724,root,0,NA,NA,4724,85.3131
12377,957,root,0,NA,NA,957,85.3017
12378,13026,root,0,NA,NA,13026,85.2991
12379,9931,root,0,NA,NA,9931,85.2966
12380,15757,root,0,NA,NA,15757,85.2953
12381,19397,root,0,NA,NA,19397,85.2926
12382,11679,root,0,NA,NA,11679,85.2712
12383,13623,root,0,NA,NA,13623,85.2701
12384,12709,root,0,NA,NA,12709,85.2475
12385,13798,root,0,NA,NA,13798,85.231
12386,12570,root,0,NA,NA,12570,85.2304
12387,15616,root,0,NA,NA,15616,85.211
12388,11867,root,0,NA,NA,11867,85.2091
12389,19963,root,0,NA,NA,19963,85.1793
12390,1371,root,0,NA,NA,1371,85.1792
12391,11831,root,0,NA,NA,11831,85.1426
12392,16869,root,0,NA,NA,16869,85.1372
12393,19564,root,0,NA,NA,19564,85.126
12394,9273,root,0,NA,NA,9273,85.1119
12395,11485,root,0,NA,NA,11485,85.1074
12396,18419,root,0,NA,NA,18419,85.0936
12397,12081,root,0,NA,NA,12081,85.0774
12398,11828,root,0,NA,NA,11828,85.0728
12399,17292,root,0,NA,NA,17292,85.0544
12400,12260,root,0,NA,NA,12260,85.053
12401,9281,root,0,NA,NA,9281,85.0461
12402,11690,root,0,NA,NA,11690,85.0452
12403,11913,root,0,NA,NA,11913,85.0319
12404,4612,root,0,NA,NA,4612,85.0212
12405,13408,root,0,NA,NA,13408,85.0187
12406,4147,root,0,NA,NA,4147,85.0173
12407,4128,root,0,NA,NA,4128,85.0161
12408,17870,root,0,NA,NA,17870,85.0121
12409,12380,root,0,NA,NA,12380,84.992
12410,8639,root,0,NA,NA,8639,84.9895
12411,19031,root,0,NA,NA,19031,84.9866
12412,13222,root,0,NA,NA,13222,84.9831
12413,17402,root,0,NA,NA,17402,84.982
12414,8777,root,0,NA,NA,8777,84.9784
12415,7214,root,0,NA,NA,7214,84.9772
12416,12354,root,0,NA,NA,12354,84.9762
12417,15186,root,0,NA,NA,15186,84.9715
12418,12561,root,0,NA,NA,12561,84.9697
12419,18123,root,0,NA,NA,18123,84.9322
12420,4691,root,0,NA,NA,4691,84.9233
12421,4142,root,0,NA,NA,4142,84.9203
12422,4145,root,0,NA,NA,4145,84.9203
12423,4150,root,0,NA,NA,4150,84.9203
12424,4155,root,0,NA,NA,4155,84.9203
12425,4158,root,0,NA,NA,4158,84.9203
12426,4163,root,0,NA,NA,4163,84.9203
12427,4166,root,0,NA,NA,4166,84.9203
12428,4168,root,0,NA,NA,4168,84.9203
12429,12869,root,0,NA,NA,12869,84.9133
12430,13651,root,0,NA,NA,13651,84.9095
12431,7023,root,0,NA,NA,7023,84.8808
12432,16615,root,0,NA,NA,16615,84.8621
12433,11737,root,0,NA,NA,11737,84.8321
12434,9731,root,0,NA,NA,9731,84.8202
12435,16315,root,0,NA,NA,16315,84.8159
12436,12065,root,0,NA,NA,12065,84.8044
12437,12791,root,0,NA,NA,12791,84.8036
12438,14590,root,0,NA,NA,14590,84.8034
12439,2210,root,0,NA,NA,2210,84.7953
12440,2054,root,0,NA,NA,2054,84.7843
12441,13474,root,0,NA,NA,13474,84.779
12442,14630,root,0,NA,NA,14630,84.7712
12443,18193,root,0,NA,NA,18193,84.7619
12444,16136,root,0,NA,NA,16136,84.7525
12445,8980,root,0,NA,NA,8980,84.7404
12446,10332,root,0,NA,NA,10332,84.7214
12447,10969,root,0,NA,NA,10969,84.7161
12448,17775,root,0,NA,NA,17775,84.7022
12449,10181,root,0,NA,NA,10181,84.6975
12450,8007,root,0,NA,NA,8007,84.6871
12451,711,root,0,NA,NA,711,84.6819
12452,6917,root,0,NA,NA,6917,84.6723
12453,13363,root,0,NA,NA,13363,84.6572
12454,3303,root,0,NA,NA,3303,84.6548
12455,10542,root,0,NA,NA,10542,84.6458
12456,18173,root,0,NA,NA,18173,84.5895
12457,7984,root,0,NA,NA,7984,84.5813
12458,15841,root,0,NA,NA,15841,84.5797
12459,12431,root,0,NA,NA,12431,84.5642
12460,16300,root,0,NA,NA,16300,84.547
12461,18392,root,0,NA,NA,18392,84.5333
12462,5496,root,0,NA,NA,5496,84.5297
12463,15979,root,0,NA,NA,15979,84.5286
12464,18943,root,0,NA,NA,18943,84.5277
12465,8666,root,0,NA,NA,8666,84.5229
12466,11395,root,0,NA,NA,11395,84.5228
12467,8364,root,0,NA,NA,8364,84.5049
12468,15507,root,0,NA,NA,15507,84.5034
12469,5190,root,0,NA,NA,5190,84.4949
12470,16785,root,0,NA,NA,16785,84.4899
12471,11100,root,0,NA,NA,11100,84.483
12472,16645,root,0,NA,NA,16645,84.4657
12473,10319,root,0,NA,NA,10319,84.4525
12474,9524,root,0,NA,NA,9524,84.4437
12475,12078,root,0,NA,NA,12078,84.4185
12476,7446,root,0,NA,NA,7446,84.4169
12477,10366,root,0,NA,NA,10366,84.4161
12478,12537,root,0,NA,NA,12537,84.4119
12479,14804,root,0,NA,NA,14804,84.4022
12480,7013,root,0,NA,NA,7013,84.3998
12481,11458,root,0,NA,NA,11458,84.3982
12482,19922,root,0,NA,NA,19922,84.3945
12483,6921,root,0,NA,NA,6921,84.388
12484,7037,root,0,NA,NA,7037,84.3696
12485,11830,root,0,NA,NA,11830,84.3662
12486,6204,root,0,NA,NA,6204,84.3589
12487,13377,root,0,NA,NA,13377,84.3517
12488,17517,root,0,NA,NA,17517,84.3429
12489,17088,root,0,NA,NA,17088,84.3403
12490,15230,root,0,NA,NA,15230,84.3288
12491,9709,root,0,NA,NA,9709,84.3206
12492,5269,root,0,NA,NA,5269,84.3204
12493,3007,root,0,NA,NA,3007,84.3187
12494,14790,root,0,NA,NA,14790,84.3177
12495,7949,root,0,NA,NA,7949,84.296
12496,5856,root,0,NA,NA,5856,84.2951
12497,5429,root,0,NA,NA,5429,84.2915
12498,7570,root,0,NA,NA,7570,84.2763
12499,16581,root,0,NA,NA,16581,84.2746
12500,19500,root,0,NA,NA,19500,84.2697
12501,7697,root,0,NA,NA,7697,84.2611
12502,11676,root,0,NA,NA,11676,84.2562
12503,2483,root,0,NA,NA,2483,84.2544
12504,9723,root,0,NA,NA,9723,84.2303
12505,9592,root,0,NA,NA,9592,84.2251
12506,12320,root,0,NA,NA,12320,84.2229
12507,12303,root,0,NA,NA,12303,84.2224
12508,17027,root,0,NA,NA,17027,84.2075
12509,11236,root,0,NA,NA,11236,84.1922
12510,16025,root,0,NA,NA,16025,84.1783
12511,17156,root,0,NA,NA,17156,84.1382
12512,17312,root,0,NA,NA,17312,84.1306
12513,164,root,0,NA,NA,164,84.1284
12514,2384,root,0,NA,NA,2384,84.1226
12515,10496,root,0,NA,NA,10496,84.0847
12516,14002,root,0,NA,NA,14002,84.0754
12517,6480,root,0,NA,NA,6480,84.0263
12518,6248,root,0,NA,NA,6248,84.0239
12519,16516,root,0,NA,NA,16516,84.0045
12520,4004,root,0,NA,NA,4004,84.0023
12521,92,root,0,NA,NA,92,83.9936
12522,97,root,0,NA,NA,97,83.9936
12523,105,root,0,NA,NA,105,83.9936
12524,110,root,0,NA,NA,110,83.9936
12525,118,root,0,NA,NA,118,83.9936
12526,126,root,0,NA,NA,126,83.9936
12527,131,root,0,NA,NA,131,83.9936
12528,1333,root,0,NA,NA,1333,83.9914
12529,7201,root,0,NA,NA,7201,83.9808
12530,8433,root,0,NA,NA,8433,83.9465
12531,12434,root,0,NA,NA,12434,83.9455
12532,10124,root,0,NA,NA,10124,83.9313
12533,10889,root,0,NA,NA,10889,83.9289
12534,6425,root,0,NA,NA,6425,83.9041
12535,9199,root,0,NA,NA,9199,83.8937
12536,11482,root,0,NA,NA,11482,83.8926
12537,19120,root,0,NA,NA,19120,83.8916
12538,12327,root,0,NA,NA,12327,83.8779
12539,14783,root,0,NA,NA,14783,83.8721
12540,8712,root,0,NA,NA,8712,83.8714
12541,16236,root,0,NA,NA,16236,83.8531
12542,17393,root,0,NA,NA,17393,83.812
12543,19351,root,0,NA,NA,19351,83.8097
12544,18726,root,0,NA,NA,18726,83.8068
12545,10865,root,0,NA,NA,10865,83.7853
12546,14471,root,0,NA,NA,14471,83.7749
12547,12659,root,0,NA,NA,12659,83.7663
12548,16332,root,0,NA,NA,16332,83.754
12549,1312,root,0,NA,NA,1312,83.7387
12550,6494,root,0,NA,NA,6494,83.7333
12551,19067,root,0,NA,NA,19067,83.7
12552,8330,root,0,NA,NA,8330,83.6922
12553,9165,root,0,NA,NA,9165,83.6798
12554,17057,root,0,NA,NA,17057,83.6768
12555,17356,root,0,NA,NA,17356,83.6622
12556,12060,root,0,NA,NA,12060,83.6539
12557,18429,root,0,NA,NA,18429,83.6532
12558,9970,root,0,NA,NA,9970,83.651
12559,18085,root,0,NA,NA,18085,83.6481
12560,19127,root,0,NA,NA,19127,83.6376
12561,12117,root,0,NA,NA,12117,83.6324
12562,12166,root,0,NA,NA,12166,83.6283
12563,19828,root,0,NA,NA,19828,83.6273
12564,14219,root,0,NA,NA,14219,83.6174
12565,17231,root,0,NA,NA,17231,83.5946
12566,4256,root,0,NA,NA,4256,83.5683
12567,6520,root,0,NA,NA,6520,83.5674
12568,12294,root,0,NA,NA,12294,83.5479
12569,8658,root,0,NA,NA,8658,83.533
12570,18669,root,0,NA,NA,18669,83.5295
12571,14598,root,0,NA,NA,14598,83.5234
12572,7929,root,0,NA,NA,7929,83.5103
12573,8995,root,0,NA,NA,8995,83.5074
12574,5418,root,0,NA,NA,5418,83.4975
12575,10836,root,0,NA,NA,10836,83.4961
12576,12388,root,0,NA,NA,12388,83.4871
12577,10280,root,0,NA,NA,10280,83.4764
12578,9792,root,0,NA,NA,9792,83.4744
12579,13687,root,0,NA,NA,13687,83.4333
12580,10121,root,0,NA,NA,10121,83.4125
12581,13997,root,0,NA,NA,13997,83.4
12582,10062,root,0,NA,NA,10062,83.399
12583,16926,root,0,NA,NA,16926,83.3773
12584,11287,root,0,NA,NA,11287,83.3767
12585,12263,root,0,NA,NA,12263,83.3718
12586,13189,root,0,NA,NA,13189,83.3652
12587,16086,root,0,NA,NA,16086,83.3548
12588,12173,root,0,NA,NA,12173,83.3544
12589,12343,root,0,NA,NA,12343,83.3505
12590,12607,root,0,NA,NA,12607,83.3425
12591,10276,root,0,NA,NA,10276,83.3328
12592,9217,root,0,NA,NA,9217,83.332
12593,4475,root,0,NA,NA,4475,83.3289
12594,7768,root,0,NA,NA,7768,83.2917
12595,18580,root,0,NA,NA,18580,83.2914
12596,13498,root,0,NA,NA,13498,83.2897
12597,19613,root,0,NA,NA,19613,83.2865
12598,473,root,0,NA,NA,473,83.2786
12599,14483,root,0,NA,NA,14483,83.2775
12600,19454,root,0,NA,NA,19454,83.2663
12601,9944,root,0,NA,NA,9944,83.2638
12602,9895,root,0,NA,NA,9895,83.2482
12603,12091,root,0,NA,NA,12091,83.2477
12604,12935,root,0,NA,NA,12935,83.2247
12605,14892,root,0,NA,NA,14892,83.2089
12606,8864,root,0,NA,NA,8864,83.2045
12607,981,root,0,NA,NA,981,83.2024
12608,13167,root,0,NA,NA,13167,83.1985
12609,10758,root,0,NA,NA,10758,83.1899
12610,14705,root,0,NA,NA,14705,83.1856
12611,13285,root,0,NA,NA,13285,83.1743
12612,2949,root,0,NA,NA,2949,83.1626
12613,10886,root,0,NA,NA,10886,83.15
12614,11311,root,0,NA,NA,11311,83.1355
12615,16731,root,0,NA,NA,16731,83.1321
12616,19126,root,0,NA,NA,19126,83.1164
12617,18486,root,0,NA,NA,18486,83.1114
12618,16057,root,0,NA,NA,16057,83.1039
12619,3054,root,0,NA,NA,3054,83.074
12620,14418,root,0,NA,NA,14418,83.0687
12621,2803,root,0,NA,NA,2803,83.0669
12622,18068,root,0,NA,NA,18068,83.0623
12623,17822,root,0,NA,NA,17822,83.0585
12624,12439,root,0,NA,NA,12439,83.0583
12625,11209,root,0,NA,NA,11209,83.039
12626,19314,root,0,NA,NA,19314,83.0373
12627,16307,root,0,NA,NA,16307,83.0358
12628,3118,root,0,NA,NA,3118,83.0302
12629,3131,root,0,NA,NA,3131,83.0302
12630,8716,root,0,NA,NA,8716,83.0289
12631,10984,root,0,NA,NA,10984,83.0194
12632,17309,root,0,NA,NA,17309,83.0143
12633,10108,root,0,NA,NA,10108,83.0142
12634,14693,root,0,NA,NA,14693,83.0002
12635,18950,root,0,NA,NA,18950,82.996
12636,18661,root,0,NA,NA,18661,82.9898
12637,11706,root,0,NA,NA,11706,82.9872
12638,1808,root,0,NA,NA,1808,82.9846
12639,14474,root,0,NA,NA,14474,82.9784
12640,3377,root,0,NA,NA,3377,82.9757
12641,3385,root,0,NA,NA,3385,82.9757
12642,3390,root,0,NA,NA,3390,82.9757
12643,3398,root,0,NA,NA,3398,82.9757
12644,3406,root,0,NA,NA,3406,82.9757
12645,3411,root,0,NA,NA,3411,82.9757
12646,3419,root,0,NA,NA,3419,82.9757
12647,16835,root,0,NA,NA,16835,82.9544
12648,4285,root,0,NA,NA,4285,82.9446
12649,12816,root,0,NA,NA,12816,82.9405
12650,12323,root,0,NA,NA,12323,82.937
12651,18095,root,0,NA,NA,18095,82.9351
12652,16369,root,0,NA,NA,16369,82.9213
12653,12115,root,0,NA,NA,12115,82.9157
12654,12316,root,0,NA,NA,12316,82.9101
12655,4548,root,0,NA,NA,4548,82.8913
12656,2292,root,0,NA,NA,2292,82.885
12657,13064,root,0,NA,NA,13064,82.8816
12658,11578,root,0,NA,NA,11578,82.8774
12659,12232,root,0,NA,NA,12232,82.8753
12660,14209,root,0,NA,NA,14209,82.8594
12661,19736,root,0,NA,NA,19736,82.8528
12662,9818,root,0,NA,NA,9818,82.8471
12663,7289,root,0,NA,NA,7289,82.8439
12664,3138,root,0,NA,NA,3138,82.8289
12665,11313,root,0,NA,NA,11313,82.8276
12666,12497,root,0,NA,NA,12497,82.809
12667,14653,root,0,NA,NA,14653,82.8081
12668,15809,root,0,NA,NA,15809,82.8003
12669,8816,root,0,NA,NA,8816,82.7924
12670,14156,root,0,NA,NA,14156,82.7872
12671,9221,root,0,NA,NA,9221,82.7861
12672,17741,root,0,NA,NA,17741,82.7695
12673,15750,root,0,NA,NA,15750,82.7638
12674,17278,root,0,NA,NA,17278,82.7478
12675,3230,root,0,NA,NA,3230,82.7463
12676,15334,root,0,NA,NA,15334,82.7377
12677,17685,root,0,NA,NA,17685,82.7365
12678,13711,root,0,NA,NA,13711,82.7363
12679,17604,root,0,NA,NA,17604,82.7306
12680,5444,root,0,NA,NA,5444,82.7096
12681,14157,root,0,NA,NA,14157,82.7035
12682,11487,root,0,NA,NA,11487,82.6992
12683,8750,root,0,NA,NA,8750,82.6932
12684,17205,root,0,NA,NA,17205,82.6828
12685,2660,root,0,NA,NA,2660,82.6748
12686,2673,root,0,NA,NA,2673,82.6748
12687,2694,root,0,NA,NA,2694,82.6748
12688,10010,root,0,NA,NA,10010,82.6518
12689,13434,root,0,NA,NA,13434,82.6344
12690,10747,root,0,NA,NA,10747,82.6329
12691,12891,root,0,NA,NA,12891,82.6271
12692,247,root,0,NA,NA,247,82.619
12693,12993,root,0,NA,NA,12993,82.5903
12694,6561,root,0,NA,NA,6561,82.5869
12695,5282,root,0,NA,NA,5282,82.5844
12696,2125,root,0,NA,NA,2125,82.5812
12697,17758,root,0,NA,NA,17758,82.5802
12698,10964,root,0,NA,NA,10964,82.5697
12699,10236,root,0,NA,NA,10236,82.5689
12700,9030,root,0,NA,NA,9030,82.5504
12701,779,root,0,NA,NA,779,82.544
12702,14801,root,0,NA,NA,14801,82.5414
12703,13659,root,0,NA,NA,13659,82.5347
12704,7923,root,0,NA,NA,7923,82.5155
12705,13908,root,0,NA,NA,13908,82.513
12706,11660,root,0,NA,NA,11660,82.5104
12707,13556,root,0,NA,NA,13556,82.5103
12708,9063,root,0,NA,NA,9063,82.504
12709,7933,root,0,NA,NA,7933,82.4964
12710,8866,root,0,NA,NA,8866,82.4911
12711,10315,root,0,NA,NA,10315,82.4872
12712,12623,root,0,NA,NA,12623,82.4725
12713,11350,root,0,NA,NA,11350,82.4406
12714,13774,root,0,NA,NA,13774,82.4244
12715,991,root,0,NA,NA,991,82.4146
12716,16491,root,0,NA,NA,16491,82.3946
12717,6714,root,0,NA,NA,6714,82.3929
12718,15663,root,0,NA,NA,15663,82.3842
12719,14416,root,0,NA,NA,14416,82.3738
12720,18234,root,0,NA,NA,18234,82.3695
12721,13494,root,0,NA,NA,13494,82.3584
12722,16768,root,0,NA,NA,16768,82.3447
12723,10791,root,0,NA,NA,10791,82.3421
12724,8358,root,0,NA,NA,8358,82.3131
12725,19494,root,0,NA,NA,19494,82.2823
12726,14767,root,0,NA,NA,14767,82.2807
12727,9285,root,0,NA,NA,9285,82.2795
12728,4013,root,0,NA,NA,4013,82.2716
12729,18101,root,0,NA,NA,18101,82.2706
12730,11658,root,0,NA,NA,11658,82.2692
12731,13914,root,0,NA,NA,13914,82.2549
12732,18624,root,0,NA,NA,18624,82.25
12733,12973,root,0,NA,NA,12973,82.2448
12734,3931,root,0,NA,NA,3931,82.2434
12735,9550,root,0,NA,NA,9550,82.2418
12736,18495,root,0,NA,NA,18495,82.2364
12737,18374,root,0,NA,NA,18374,82.2311
12738,17319,root,0,NA,NA,17319,82.2294
12739,13776,root,0,NA,NA,13776,82.2208
12740,6001,root,0,NA,NA,6001,82.1933
12741,6009,root,0,NA,NA,6009,82.1933
12742,6022,root,0,NA,NA,6022,82.1933
12743,13840,root,0,NA,NA,13840,82.1774
12744,11427,root,0,NA,NA,11427,82.1762
12745,11968,root,0,NA,NA,11968,82.174
12746,12500,root,0,NA,NA,12500,82.1721
12747,9011,root,0,NA,NA,9011,82.1543
12748,18588,root,0,NA,NA,18588,82.1175
12749,8927,root,0,NA,NA,8927,82.1159
12750,16561,root,0,NA,NA,16561,82.1116
12751,1582,root,0,NA,NA,1582,82.0986
12752,1590,root,0,NA,NA,1590,82.0986
12753,1603,root,0,NA,NA,1603,82.0986
12754,1616,root,0,NA,NA,1616,82.0986
12755,18308,root,0,NA,NA,18308,82.0833
12756,11237,root,0,NA,NA,11237,82.0767
12757,19218,root,0,NA,NA,19218,82.0744
12758,3620,root,0,NA,NA,3620,82.0681
12759,16342,root,0,NA,NA,16342,82.0677
12760,19712,root,0,NA,NA,19712,82.0641
12761,15066,root,0,NA,NA,15066,82.0596
12762,16861,root,0,NA,NA,16861,82.0497
12763,11472,root,0,NA,NA,11472,82.0393
12764,15877,root,0,NA,NA,15877,82.0357
12765,544,root,0,NA,NA,544,82.0266
12766,11409,root,0,NA,NA,11409,82.0175
12767,11814,root,0,NA,NA,11814,82.0077
12768,7602,root,0,NA,NA,7602,81.9967
12769,11633,root,0,NA,NA,11633,81.9818
12770,11248,root,0,NA,NA,11248,81.9739
12771,7920,root,0,NA,NA,7920,81.9524
12772,11734,root,0,NA,NA,11734,81.9492
12773,10536,root,0,NA,NA,10536,81.9435
12774,10095,root,0,NA,NA,10095,81.9397
12775,16942,root,0,NA,NA,16942,81.9286
12776,16427,root,0,NA,NA,16427,81.9244
12777,17802,root,0,NA,NA,17802,81.9216
12778,10996,root,0,NA,NA,10996,81.8982
12779,1901,root,0,NA,NA,1901,81.8951
12780,1914,root,0,NA,NA,1914,81.8951
12781,17360,root,0,NA,NA,17360,81.8745
12782,3696,root,0,NA,NA,3696,81.8667
12783,19577,root,0,NA,NA,19577,81.8545
12784,11643,root,0,NA,NA,11643,81.8285
12785,990,root,0,NA,NA,990,81.8241
12786,995,root,0,NA,NA,995,81.8241
12787,1003,root,0,NA,NA,1003,81.8241
12788,1016,root,0,NA,NA,1016,81.8241
12789,1024,root,0,NA,NA,1024,81.8241
12790,12163,root,0,NA,NA,12163,81.8144
12791,14540,root,0,NA,NA,14540,81.8065
12792,10430,root,0,NA,NA,10430,81.7986
12793,11413,root,0,NA,NA,11413,81.7921
12794,6521,root,0,NA,NA,6521,81.7758
12795,11967,root,0,NA,NA,11967,81.7706
12796,18047,root,0,NA,NA,18047,81.768
12797,19960,root,0,NA,NA,19960,81.7607
12798,15464,root,0,NA,NA,15464,81.7519
12799,7335,root,0,NA,NA,7335,81.7264
12800,19749,root,0,NA,NA,19749,81.7238
12801,11833,root,0,NA,NA,11833,81.7231
12802,6666,root,0,NA,NA,6666,81.7205
12803,16142,root,0,NA,NA,16142,81.7064
12804,13967,root,0,NA,NA,13967,81.7006
12805,3243,root,0,NA,NA,3243,81.7005
12806,18364,root,0,NA,NA,18364,81.6955
12807,19364,root,0,NA,NA,19364,81.6911
12808,13634,root,0,NA,NA,13634,81.6487
12809,10437,root,0,NA,NA,10437,81.6252
12810,15738,root,0,NA,NA,15738,81.6036
12811,9783,root,0,NA,NA,9783,81.6001
12812,16375,root,0,NA,NA,16375,81.5917
12813,7041,root,0,NA,NA,7041,81.5834
12814,7777,root,0,NA,NA,7777,81.5638
12815,3835,root,0,NA,NA,3835,81.5428
12816,14378,root,0,NA,NA,14378,81.5423
12817,15023,root,0,NA,NA,15023,81.5333
12818,13032,root,0,NA,NA,13032,81.5283
12819,13354,root,0,NA,NA,13354,81.4935
12820,18598,root,0,NA,NA,18598,81.4919
12821,17361,root,0,NA,NA,17361,81.4826
12822,1319,root,0,NA,NA,1319,81.4691
12823,16864,root,0,NA,NA,16864,81.4658
12824,16076,root,0,NA,NA,16076,81.4634
12825,13085,root,0,NA,NA,13085,81.4594
12826,6790,root,0,NA,NA,6790,81.453
12827,2704,root,0,NA,NA,2704,81.4477
12828,2712,root,0,NA,NA,2712,81.4477
12829,2717,root,0,NA,NA,2717,81.4477
12830,2725,root,0,NA,NA,2725,81.4477
12831,2733,root,0,NA,NA,2733,81.4477
12832,2738,root,0,NA,NA,2738,81.4477
12833,14409,root,0,NA,NA,14409,81.4373
12834,16815,root,0,NA,NA,16815,81.4362
12835,14739,root,0,NA,NA,14739,81.4359
12836,15758,root,0,NA,NA,15758,81.4315
12837,125,root,0,NA,NA,125,81.3946
12838,14899,root,0,NA,NA,14899,81.3852
12839,9105,root,0,NA,NA,9105,81.3721
12840,1151,root,0,NA,NA,1151,81.3675
12841,19263,root,0,NA,NA,19263,81.3626
12842,16961,root,0,NA,NA,16961,81.3596
12843,14858,root,0,NA,NA,14858,81.3491
12844,14361,root,0,NA,NA,14361,81.3396
12845,14629,root,0,NA,NA,14629,81.3324
12846,18768,root,0,NA,NA,18768,81.3276
12847,13263,root,0,NA,NA,13263,81.3245
12848,14099,root,0,NA,NA,14099,81.3176
12849,11182,root,0,NA,NA,11182,81.3106
12850,11014,root,0,NA,NA,11014,81.3057
12851,13557,root,0,NA,NA,13557,81.269
12852,1099,root,0,NA,NA,1099,81.2676
12853,13923,root,0,NA,NA,13923,81.2468
12854,9936,root,0,NA,NA,9936,81.2464
12855,16699,root,0,NA,NA,16699,81.2389
12856,10288,root,0,NA,NA,10288,81.222
12857,15077,root,0,NA,NA,15077,81.2132
12858,3016,root,0,NA,NA,3016,81.2055
12859,3024,root,0,NA,NA,3024,81.2055
12860,3037,root,0,NA,NA,3037,81.2055
12861,3045,root,0,NA,NA,3045,81.2055
12862,3058,root,0,NA,NA,3058,81.2055
12863,10360,root,0,NA,NA,10360,81.2039
12864,6210,root,0,NA,NA,6210,81.1958
12865,6223,root,0,NA,NA,6223,81.1958
12866,7928,root,0,NA,NA,7928,81.1924
12867,17093,root,0,NA,NA,17093,81.18
12868,14429,root,0,NA,NA,14429,81.173
12869,18045,root,0,NA,NA,18045,81.17
12870,591,root,0,NA,NA,591,81.1509
12871,2244,root,0,NA,NA,2244,81.1408
12872,12010,root,0,NA,NA,12010,81.1374
12873,13703,root,0,NA,NA,13703,81.1354
12874,16435,root,0,NA,NA,16435,81.1295
12875,11304,root,0,NA,NA,11304,81.1233
12876,6289,root,0,NA,NA,6289,81.1087
12877,11437,root,0,NA,NA,11437,81.1048
12878,5180,root,0,NA,NA,5180,81.0935
12879,16454,root,0,NA,NA,16454,81.0774
12880,17865,root,0,NA,NA,17865,81.0701
12881,2160,root,0,NA,NA,2160,81.0229
12882,2163,root,0,NA,NA,2163,81.0229
12883,2168,root,0,NA,NA,2168,81.0229
12884,2176,root,0,NA,NA,2176,81.0229
12885,2181,root,0,NA,NA,2181,81.0229
12886,2184,root,0,NA,NA,2184,81.0229
12887,2189,root,0,NA,NA,2189,81.0229
12888,2197,root,0,NA,NA,2197,81.0229
12889,2202,root,0,NA,NA,2202,81.0229
12890,13066,root,0,NA,NA,13066,81.007
12891,14967,root,0,NA,NA,14967,81.0013
12892,13459,root,0,NA,NA,13459,80.9971
12893,10271,root,0,NA,NA,10271,80.9816
12894,15122,root,0,NA,NA,15122,80.9787
12895,7133,root,0,NA,NA,7133,80.9751
12896,12580,root,0,NA,NA,12580,80.9701
12897,11711,root,0,NA,NA,11711,80.9646
12898,16020,root,0,NA,NA,16020,80.9641
12899,7589,root,0,NA,NA,7589,80.961
12900,19292,root,0,NA,NA,19292,80.9544
12901,15393,root,0,NA,NA,15393,80.9479
12902,11800,root,0,NA,NA,11800,80.9411
12903,18974,root,0,NA,NA,18974,80.9375
12904,12641,root,0,NA,NA,12641,80.9311
12905,10620,root,0,NA,NA,10620,80.931
12906,911,root,0,NA,NA,911,80.9254
12907,919,root,0,NA,NA,919,80.9254
12908,924,root,0,NA,NA,924,80.9254
12909,932,root,0,NA,NA,932,80.9254
12910,940,root,0,NA,NA,940,80.9254
12911,12264,root,0,NA,NA,12264,80.9236
12912,12476,root,0,NA,NA,12476,80.9092
12913,14386,root,0,NA,NA,14386,80.9086
12914,195,root,0,NA,NA,195,80.902
12915,6631,root,0,NA,NA,6631,80.892
12916,19241,root,0,NA,NA,19241,80.878
12917,13149,root,0,NA,NA,13149,80.8762
12918,2400,root,0,NA,NA,2400,80.8667
12919,12894,root,0,NA,NA,12894,80.8653
12920,17581,root,0,NA,NA,17581,80.8615
12921,14349,root,0,NA,NA,14349,80.849
12922,13858,root,0,NA,NA,13858,80.8459
12923,17136,root,0,NA,NA,17136,80.7953
12924,7487,root,0,NA,NA,7487,80.7817
12925,6296,root,0,NA,NA,6296,80.7685
12926,11794,root,0,NA,NA,11794,80.7619
12927,14234,root,0,NA,NA,14234,80.7558
12928,6526,root,0,NA,NA,6526,80.7473
12929,13151,root,0,NA,NA,13151,80.7415
12930,10126,root,0,NA,NA,10126,80.7356
12931,11153,root,0,NA,NA,11153,80.726
12932,13438,root,0,NA,NA,13438,80.7198
12933,7065,root,0,NA,NA,7065,80.7094
12934,16368,root,0,NA,NA,16368,80.7036
12935,9419,root,0,NA,NA,9419,80.6888
12936,11298,root,0,NA,NA,11298,80.6836
12937,14303,root,0,NA,NA,14303,80.6767
12938,19426,root,0,NA,NA,19426,80.6592
12939,10900,root,0,NA,NA,10900,80.6585
12940,10003,root,0,NA,NA,10003,80.6539
12941,10107,root,0,NA,NA,10107,80.648
12942,3955,root,0,NA,NA,3955,80.6439
12943,7177,root,0,NA,NA,7177,80.6315
12944,18654,root,0,NA,NA,18654,80.5955
12945,3828,root,0,NA,NA,3828,80.58
12946,12307,root,0,NA,NA,12307,80.5764
12947,6327,root,0,NA,NA,6327,80.5717
12948,9577,root,0,NA,NA,9577,80.5687
12949,13671,root,0,NA,NA,13671,80.5656
12950,18542,root,0,NA,NA,18542,80.5529
12951,3732,root,0,NA,NA,3732,80.5522
12952,13161,root,0,NA,NA,13161,80.5485
12953,10817,root,0,NA,NA,10817,80.5346
12954,1036,root,0,NA,NA,1036,80.5181
12955,1266,root,0,NA,NA,1266,80.5049
12956,11316,root,0,NA,NA,11316,80.4943
12957,18162,root,0,NA,NA,18162,80.4929
12958,9385,root,0,NA,NA,9385,80.4849
12959,15091,root,0,NA,NA,15091,80.4788
12960,10118,root,0,NA,NA,10118,80.4675
12961,11931,root,0,NA,NA,11931,80.4596
12962,5712,root,0,NA,NA,5712,80.4348
12963,4921,root,0,NA,NA,4921,80.4346
12964,5678,root,0,NA,NA,5678,80.4196
12965,677,root,0,NA,NA,677,80.4114
12966,19645,root,0,NA,NA,19645,80.4051
12967,2791,root,0,NA,NA,2791,80.385
12968,2793,root,0,NA,NA,2793,80.385
12969,2796,root,0,NA,NA,2796,80.385
12970,2801,root,0,NA,NA,2801,80.385
12971,2804,root,0,NA,NA,2804,80.385
12972,2809,root,0,NA,NA,2809,80.385
12973,2812,root,0,NA,NA,2812,80.385
12974,2814,root,0,NA,NA,2814,80.385
12975,2817,root,0,NA,NA,2817,80.385
12976,2822,root,0,NA,NA,2822,80.385
12977,2825,root,0,NA,NA,2825,80.385
12978,2827,root,0,NA,NA,2827,80.385
12979,2830,root,0,NA,NA,2830,80.385
12980,19078,root,0,NA,NA,19078,80.3778
12981,2343,root,0,NA,NA,2343,80.3735
12982,2364,root,0,NA,NA,2364,80.3735
12983,19215,root,0,NA,NA,19215,80.3595
12984,17077,root,0,NA,NA,17077,80.3439
12985,5549,root,0,NA,NA,5549,80.3412
12986,4047,root,0,NA,NA,4047,80.334
12987,10688,root,0,NA,NA,10688,80.3337
12988,13337,root,0,NA,NA,13337,80.3271
12989,14316,root,0,NA,NA,14316,80.3264
12990,15467,root,0,NA,NA,15467,80.3259
12991,16186,root,0,NA,NA,16186,80.3229
12992,10804,root,0,NA,NA,10804,80.317
12993,7582,root,0,NA,NA,7582,80.317
12994,10834,root,0,NA,NA,10834,80.3112
12995,13298,root,0,NA,NA,13298,80.3003
12996,16229,root,0,NA,NA,16229,80.2971
12997,15932,root,0,NA,NA,15932,80.2832
12998,9196,root,0,NA,NA,9196,80.2729
12999,334,root,0,NA,NA,334,80.2715
13000,18484,root,0,NA,NA,18484,80.2713
13001,8912,root,0,NA,NA,8912,80.2599
13002,14803,root,0,NA,NA,14803,80.2557
13003,12073,root,0,NA,NA,12073,80.2545
13004,2638,root,0,NA,NA,2638,80.2508
13005,10819,root,0,NA,NA,10819,80.2463
13006,11514,root,0,NA,NA,11514,80.228
13007,12943,root,0,NA,NA,12943,80.2244
13008,13878,root,0,NA,NA,13878,80.2158
13009,4177,root,0,NA,NA,4177,80.2073
13010,10995,root,0,NA,NA,10995,80.1991
13011,11699,root,0,NA,NA,11699,80.1784
13012,8182,root,0,NA,NA,8182,80.1703
13013,3524,root,0,NA,NA,3524,80.1692
13014,15453,root,0,NA,NA,15453,80.1555
13015,2086,root,0,NA,NA,2086,80.1317
13016,8184,root,0,NA,NA,8184,80.1227
13017,16446,root,0,NA,NA,16446,80.1224
13018,11140,root,0,NA,NA,11140,80.1118
13019,6759,root,0,NA,NA,6759,80.1038
13020,9912,root,0,NA,NA,9912,80.0997
13021,13033,root,0,NA,NA,13033,80.0957
13022,14883,root,0,NA,NA,14883,80.0858
13023,11455,root,0,NA,NA,11455,80.0814
13024,11137,root,0,NA,NA,11137,80.051
13025,19220,root,0,NA,NA,19220,80.0323
13026,3688,root,0,NA,NA,3688,79.9993
13027,8565,root,0,NA,NA,8565,79.999
13028,1722,root,0,NA,NA,1722,79.9915
13029,14205,root,0,NA,NA,14205,79.9719
13030,3430,root,0,NA,NA,3430,79.9715
13031,3451,root,0,NA,NA,3451,79.9715
13032,6807,root,0,NA,NA,6807,79.9679
13033,10137,root,0,NA,NA,10137,79.9541
13034,18897,root,0,NA,NA,18897,79.9467
13035,3998,root,0,NA,NA,3998,79.9293
13036,13423,root,0,NA,NA,13423,79.9063
13037,10942,root,0,NA,NA,10942,79.8914
13038,17615,root,0,NA,NA,17615,79.8864
13039,14190,root,0,NA,NA,14190,79.8858
13040,8376,root,0,NA,NA,8376,79.8779
13041,17598,root,0,NA,NA,17598,79.8738
13042,11284,root,0,NA,NA,11284,79.8731
13043,2963,root,0,NA,NA,2963,79.8709
13044,9216,root,0,NA,NA,9216,79.8603
13045,1672,root,0,NA,NA,1672,79.8257
13046,13249,root,0,NA,NA,13249,79.8181
13047,8729,root,0,NA,NA,8729,79.8139
13048,2193,root,0,NA,NA,2193,79.7897
13049,8663,root,0,NA,NA,8663,79.7808
13050,2591,root,0,NA,NA,2591,79.7702
13051,1724,root,0,NA,NA,1724,79.7663
13052,3870,root,0,NA,NA,3870,79.7524
13053,3878,root,0,NA,NA,3878,79.7524
13054,3883,root,0,NA,NA,3883,79.7524
13055,3891,root,0,NA,NA,3891,79.7524
13056,3896,root,0,NA,NA,3896,79.7524
13057,3899,root,0,NA,NA,3899,79.7524
13058,15474,root,0,NA,NA,15474,79.7495
13059,16442,root,0,NA,NA,16442,79.7486
13060,11477,root,0,NA,NA,11477,79.7429
13061,1967,root,0,NA,NA,1967,79.7278
13062,19148,root,0,NA,NA,19148,79.6825
13063,817,root,0,NA,NA,817,79.6814
13064,830,root,0,NA,NA,830,79.6814
13065,838,root,0,NA,NA,838,79.6814
13066,843,root,0,NA,NA,843,79.6814
13067,851,root,0,NA,NA,851,79.6814
13068,12829,root,0,NA,NA,12829,79.6784
13069,10501,root,0,NA,NA,10501,79.673
13070,7323,root,0,NA,NA,7323,79.6523
13071,7331,root,0,NA,NA,7331,79.6523
13072,12662,root,0,NA,NA,12662,79.6511
13073,12838,root,0,NA,NA,12838,79.6472
13074,12924,root,0,NA,NA,12924,79.6267
13075,19412,root,0,NA,NA,19412,79.6071
13076,16528,root,0,NA,NA,16528,79.594
13077,19501,root,0,NA,NA,19501,79.5931
13078,11180,root,0,NA,NA,11180,79.5844
13079,18568,root,0,NA,NA,18568,79.5697
13080,18848,root,0,NA,NA,18848,79.5654
13081,13511,root,0,NA,NA,13511,79.5301
13082,10090,root,0,NA,NA,10090,79.5256
13083,10715,root,0,NA,NA,10715,79.5205
13084,11235,root,0,NA,NA,11235,79.5145
13085,12646,root,0,NA,NA,12646,79.5132
13086,16184,root,0,NA,NA,16184,79.5106
13087,13962,root,0,NA,NA,13962,79.5046
13088,5882,root,0,NA,NA,5882,79.4907
13089,8921,root,0,NA,NA,8921,79.4819
13090,12544,root,0,NA,NA,12544,79.4794
13091,10033,root,0,NA,NA,10033,79.4746
13092,10064,root,0,NA,NA,10064,79.4696
13093,18688,root,0,NA,NA,18688,79.4558
13094,11620,root,0,NA,NA,11620,79.4541
13095,16625,root,0,NA,NA,16625,79.4532
13096,4439,root,0,NA,NA,4439,79.4208
13097,11533,root,0,NA,NA,11533,79.42
13098,1393,root,0,NA,NA,1393,79.3874
13099,19145,root,0,NA,NA,19145,79.3742
13100,9991,root,0,NA,NA,9991,79.3702
13101,18017,root,0,NA,NA,18017,79.3501
13102,9474,root,0,NA,NA,9474,79.3304
13103,10807,root,0,NA,NA,10807,79.3284
13104,9937,root,0,NA,NA,9937,79.3196
13105,16608,root,0,NA,NA,16608,79.3179
13106,15107,root,0,NA,NA,15107,79.315
13107,19304,root,0,NA,NA,19304,79.3106
13108,13202,root,0,NA,NA,13202,79.307
13109,4183,root,0,NA,NA,4183,79.3014
13110,19429,root,0,NA,NA,19429,79.2979
13111,3813,root,0,NA,NA,3813,79.2914
13112,6453,root,0,NA,NA,6453,79.281
13113,8817,root,0,NA,NA,8817,79.2596
13114,11884,root,0,NA,NA,11884,79.2535
13115,17487,root,0,NA,NA,17487,79.2457
13116,15718,root,0,NA,NA,15718,79.2415
13117,17885,root,0,NA,NA,17885,79.2298
13118,6835,root,0,NA,NA,6835,79.2289
13119,19187,root,0,NA,NA,19187,79.2253
13120,17888,root,0,NA,NA,17888,79.215
13121,12502,root,0,NA,NA,12502,79.2126
13122,11918,root,0,NA,NA,11918,79.2111
13123,12369,root,0,NA,NA,12369,79.2053
13124,17680,root,0,NA,NA,17680,79.2018
13125,10871,root,0,NA,NA,10871,79.1865
13126,11527,root,0,NA,NA,11527,79.1842
13127,12338,root,0,NA,NA,12338,79.1829
13128,11345,root,0,NA,NA,11345,79.1822
13129,16167,root,0,NA,NA,16167,79.1809
13130,12818,root,0,NA,NA,12818,79.1655
13131,14522,root,0,NA,NA,14522,79.143
13132,11728,root,0,NA,NA,11728,79.137
13133,14344,root,0,NA,NA,14344,79.1336
13134,4892,root,0,NA,NA,4892,79.1206
13135,18644,root,0,NA,NA,18644,79.1136
13136,457,root,0,NA,NA,457,79.1116
13137,193,root,0,NA,NA,193,79.0999
13138,17645,root,0,NA,NA,17645,79.0735
13139,6259,root,0,NA,NA,6259,79.0717
13140,3244,root,0,NA,NA,3244,79.0699
13141,3252,root,0,NA,NA,3252,79.0699
13142,3257,root,0,NA,NA,3257,79.0699
13143,3265,root,0,NA,NA,3265,79.0699
13144,3278,root,0,NA,NA,3278,79.0699
13145,13226,root,0,NA,NA,13226,79.0087
13146,11596,root,0,NA,NA,11596,79.0005
13147,11807,root,0,NA,NA,11807,78.9939
13148,11303,root,0,NA,NA,11303,78.9914
13149,14911,root,0,NA,NA,14911,78.9903
13150,3209,root,0,NA,NA,3209,78.9887
13151,11614,root,0,NA,NA,11614,78.9858
13152,15375,root,0,NA,NA,15375,78.9716
13153,429,root,0,NA,NA,429,78.9702
13154,18863,root,0,NA,NA,18863,78.9606
13155,12468,root,0,NA,NA,12468,78.9559
13156,10913,root,0,NA,NA,10913,78.9542
13157,13942,root,0,NA,NA,13942,78.9488
13158,6547,root,0,NA,NA,6547,78.9322
13159,18385,root,0,NA,NA,18385,78.9266
13160,16652,root,0,NA,NA,16652,78.919
13161,20,root,0,NA,NA,20,78.896
13162,9254,root,0,NA,NA,9254,78.8911
13163,3710,root,0,NA,NA,3710,78.8752
13164,13027,root,0,NA,NA,13027,78.8692
13165,8325,root,0,NA,NA,8325,78.8688
13166,3986,root,0,NA,NA,3986,78.8642
13167,8438,root,0,NA,NA,8438,78.862
13168,12793,root,0,NA,NA,12793,78.8407
13169,10852,root,0,NA,NA,10852,78.8394
13170,13453,root,0,NA,NA,13453,78.8375
13171,13597,root,0,NA,NA,13597,78.8288
13172,19258,root,0,NA,NA,19258,78.8266
13173,3511,root,0,NA,NA,3511,78.8231
13174,3532,root,0,NA,NA,3532,78.8231
13175,3545,root,0,NA,NA,3545,78.8231
13176,3553,root,0,NA,NA,3553,78.8231
13177,13020,root,0,NA,NA,13020,78.8122
13178,18032,root,0,NA,NA,18032,78.8029
13179,11973,root,0,NA,NA,11973,78.7995
13180,16128,root,0,NA,NA,16128,78.798
13181,3273,root,0,NA,NA,3273,78.7937
13182,15118,root,0,NA,NA,15118,78.7899
13183,11885,root,0,NA,NA,11885,78.7895
13184,12374,root,0,NA,NA,12374,78.7893
13185,9819,root,0,NA,NA,9819,78.7876
13186,17958,root,0,NA,NA,17958,78.7831
13187,11791,root,0,NA,NA,11791,78.7745
13188,5238,root,0,NA,NA,5238,78.774
13189,12821,root,0,NA,NA,12821,78.7714
13190,11947,root,0,NA,NA,11947,78.7537
13191,17767,root,0,NA,NA,17767,78.7511
13192,15382,root,0,NA,NA,15382,78.7399
13193,12088,root,0,NA,NA,12088,78.7334
13194,14320,root,0,NA,NA,14320,78.7329
13195,13650,root,0,NA,NA,13650,78.7249
13196,12751,root,0,NA,NA,12751,78.7122
13197,14626,root,0,NA,NA,14626,78.7063
13198,11908,root,0,NA,NA,11908,78.7017
13199,19046,root,0,NA,NA,19046,78.6931
13200,19009,root,0,NA,NA,19009,78.682
13201,18104,root,0,NA,NA,18104,78.6816
13202,7212,root,0,NA,NA,7212,78.6604
13203,13845,root,0,NA,NA,13845,78.6552
13204,17782,root,0,NA,NA,17782,78.6201
13205,11120,root,0,NA,NA,11120,78.6089
13206,3801,root,0,NA,NA,3801,78.6032
13207,7391,root,0,NA,NA,7391,78.6031
13208,7941,root,0,NA,NA,7941,78.5458
13209,3600,root,0,NA,NA,3600,78.5419
13210,3608,root,0,NA,NA,3608,78.5419
13211,3613,root,0,NA,NA,3613,78.5419
13212,3621,root,0,NA,NA,3621,78.5419
13213,3629,root,0,NA,NA,3629,78.5419
13214,3634,root,0,NA,NA,3634,78.5419
13215,3642,root,0,NA,NA,3642,78.5419
13216,12674,root,0,NA,NA,12674,78.5357
13217,19431,root,0,NA,NA,19431,78.5323
13218,14582,root,0,NA,NA,14582,78.5278
13219,9864,root,0,NA,NA,9864,78.5263
13220,7248,root,0,NA,NA,7248,78.5236
13221,14260,root,0,NA,NA,14260,78.5231
13222,12437,root,0,NA,NA,12437,78.5187
13223,10820,root,0,NA,NA,10820,78.516
13224,8563,root,0,NA,NA,8563,78.5117
13225,2752,root,0,NA,NA,2752,78.5099
13226,2757,root,0,NA,NA,2757,78.5099
13227,2765,root,0,NA,NA,2765,78.5099
13228,2770,root,0,NA,NA,2770,78.5099
13229,2773,root,0,NA,NA,2773,78.5099
13230,2778,root,0,NA,NA,2778,78.5099
13231,2786,root,0,NA,NA,2786,78.5099
13232,17139,root,0,NA,NA,17139,78.5093
13233,17425,root,0,NA,NA,17425,78.5045
13234,15444,root,0,NA,NA,15444,78.5037
13235,7672,root,0,NA,NA,7672,78.4894
13236,15432,root,0,NA,NA,15432,78.4808
13237,2227,root,0,NA,NA,2227,78.4785
13238,18892,root,0,NA,NA,18892,78.4613
13239,15959,root,0,NA,NA,15959,78.4493
13240,11266,root,0,NA,NA,11266,78.4478
13241,978,root,0,NA,NA,978,78.4405
13242,8823,root,0,NA,NA,8823,78.4396
13243,12028,root,0,NA,NA,12028,78.4228
13244,14488,root,0,NA,NA,14488,78.4157
13245,6892,root,0,NA,NA,6892,78.4129
13246,16097,root,0,NA,NA,16097,78.4108
13247,13810,root,0,NA,NA,13810,78.4101
13248,5471,root,0,NA,NA,5471,78.3822
13249,9060,root,0,NA,NA,9060,78.3778
13250,13090,root,0,NA,NA,13090,78.3674
13251,16485,root,0,NA,NA,16485,78.3571
13252,12730,root,0,NA,NA,12730,78.3523
13253,1557,root,0,NA,NA,1557,78.3335
13254,17151,root,0,NA,NA,17151,78.3321
13255,14576,root,0,NA,NA,14576,78.3232
13256,18953,root,0,NA,NA,18953,78.3213
13257,17660,root,0,NA,NA,17660,78.3143
13258,15212,root,0,NA,NA,15212,78.3096
13259,17086,root,0,NA,NA,17086,78.3085
13260,17869,root,0,NA,NA,17869,78.2946
13261,18115,root,0,NA,NA,18115,78.2942
13262,19415,root,0,NA,NA,19415,78.2917
13263,14369,root,0,NA,NA,14369,78.2826
13264,13680,root,0,NA,NA,13680,78.281
13265,2093,root,0,NA,NA,2093,78.2801
13266,12490,root,0,NA,NA,12490,78.2754
13267,17087,root,0,NA,NA,17087,78.2729
13268,3698,root,0,NA,NA,3698,78.2658
13269,16927,root,0,NA,NA,16927,78.2632
13270,10171,root,0,NA,NA,10171,78.2532
13271,14330,root,0,NA,NA,14330,78.2416
13272,12543,root,0,NA,NA,12543,78.2377
13273,14642,root,0,NA,NA,14642,78.2303
13274,5277,root,0,NA,NA,5277,78.2221
13275,1318,root,0,NA,NA,1318,78.2074
13276,11385,root,0,NA,NA,11385,78.1995
13277,7387,root,0,NA,NA,7387,78.1944
13278,14484,root,0,NA,NA,14484,78.1855
13279,10597,root,0,NA,NA,10597,78.1822
13280,17003,root,0,NA,NA,17003,78.1631
13281,8518,root,0,NA,NA,8518,78.1389
13282,10752,root,0,NA,NA,10752,78.1213
13283,16381,root,0,NA,NA,16381,78.1036
13284,17890,root,0,NA,NA,17890,78.0965
13285,19149,root,0,NA,NA,19149,78.0955
13286,11255,root,0,NA,NA,11255,78.0714
13287,13040,root,0,NA,NA,13040,78.0696
13288,2518,root,0,NA,NA,2518,78.0681
13289,4094,root,0,NA,NA,4094,78.0572
13290,13628,root,0,NA,NA,13628,78.0543
13291,156,root,0,NA,NA,156,78.0476
13292,5430,root,0,NA,NA,5430,78.0469
13293,18318,root,0,NA,NA,18318,78.0462
13294,13214,root,0,NA,NA,13214,78.0443
13295,9703,root,0,NA,NA,9703,78.0442
13296,11674,root,0,NA,NA,11674,78.0412
13297,4096,root,0,NA,NA,4096,78.0399
13298,12904,root,0,NA,NA,12904,78.0275
13299,2808,root,0,NA,NA,2808,78.0129
13300,17132,root,0,NA,NA,17132,78.0088
13301,19746,root,0,NA,NA,19746,78.0071
13302,14201,root,0,NA,NA,14201,78.0062
13303,19191,root,0,NA,NA,19191,78.0034
13304,1400,root,0,NA,NA,1400,77.9973
13305,14404,root,0,NA,NA,14404,77.9927
13306,6569,root,0,NA,NA,6569,77.9813
13307,16952,root,0,NA,NA,16952,77.9723
13308,10531,root,0,NA,NA,10531,77.9712
13309,13414,root,0,NA,NA,13414,77.9684
13310,6756,root,0,NA,NA,6756,77.9603
13311,6683,root,0,NA,NA,6683,77.9565
13312,8338,root,0,NA,NA,8338,77.9558
13313,12583,root,0,NA,NA,12583,77.9546
13314,12956,root,0,NA,NA,12956,77.9532
13315,2749,root,0,NA,NA,2749,77.9526
13316,10764,root,0,NA,NA,10764,77.9452
13317,13284,root,0,NA,NA,13284,77.9405
13318,8018,root,0,NA,NA,8018,77.9256
13319,19250,root,0,NA,NA,19250,77.9235
13320,8146,root,0,NA,NA,8146,77.9137
13321,14200,root,0,NA,NA,14200,77.9081
13322,9118,root,0,NA,NA,9118,77.9078
13323,3792,root,0,NA,NA,3792,77.8959
13324,2769,root,0,NA,NA,2769,77.8857
13325,14547,root,0,NA,NA,14547,77.8831
13326,7002,root,0,NA,NA,7002,77.8563
13327,17031,root,0,NA,NA,17031,77.8513
13328,17814,root,0,NA,NA,17814,77.8444
13329,13943,root,0,NA,NA,13943,77.8422
13330,11269,root,0,NA,NA,11269,77.8316
13331,13162,root,0,NA,NA,13162,77.8157
13332,9233,root,0,NA,NA,9233,77.8045
13333,14781,root,0,NA,NA,14781,77.8044
13334,18959,root,0,NA,NA,18959,77.7932
13335,17235,root,0,NA,NA,17235,77.7913
13336,15262,root,0,NA,NA,15262,77.7821
13337,12740,root,0,NA,NA,12740,77.7697
13338,14196,root,0,NA,NA,14196,77.7609
13339,15991,root,0,NA,NA,15991,77.7559
13340,19217,root,0,NA,NA,19217,77.754
13341,18446,root,0,NA,NA,18446,77.7538
13342,2892,root,0,NA,NA,2892,77.7533
13343,17713,root,0,NA,NA,17713,77.7497
13344,11733,root,0,NA,NA,11733,77.7465
13345,1080,root,0,NA,NA,1080,77.7368
13346,16779,root,0,NA,NA,16779,77.7327
13347,8751,root,0,NA,NA,8751,77.7273
13348,12909,root,0,NA,NA,12909,77.7272
13349,11461,root,0,NA,NA,11461,77.7267
13350,10668,root,0,NA,NA,10668,77.7258
13351,15421,root,0,NA,NA,15421,77.7225
13352,19439,root,0,NA,NA,19439,77.7032
13353,14701,root,0,NA,NA,14701,77.6751
13354,12823,root,0,NA,NA,12823,77.6448
13355,13429,root,0,NA,NA,13429,77.6175
13356,19062,root,0,NA,NA,19062,77.5948
13357,16422,root,0,NA,NA,16422,77.5903
13358,12421,root,0,NA,NA,12421,77.5809
13359,18910,root,0,NA,NA,18910,77.5705
13360,960,root,0,NA,NA,960,77.5471
13361,9603,root,0,NA,NA,9603,77.5387
13362,1070,root,0,NA,NA,1070,77.5257
13363,17934,root,0,NA,NA,17934,77.5247
13364,17846,root,0,NA,NA,17846,77.5008
13365,17736,root,0,NA,NA,17736,77.4872
13366,8056,root,0,NA,NA,8056,77.4812
13367,5942,root,0,NA,NA,5942,77.4699
13368,12704,root,0,NA,NA,12704,77.4645
13369,12573,root,0,NA,NA,12573,77.4613
13370,6110,root,0,NA,NA,6110,77.4572
13371,13006,root,0,NA,NA,13006,77.4519
13372,12727,root,0,NA,NA,12727,77.441
13373,15556,root,0,NA,NA,15556,77.4364
13374,6920,root,0,NA,NA,6920,77.4237
13375,19521,root,0,NA,NA,19521,77.4147
13376,5065,root,0,NA,NA,5065,77.4145
13377,19957,root,0,NA,NA,19957,77.3972
13378,8070,root,0,NA,NA,8070,77.3888
13379,11394,root,0,NA,NA,11394,77.3881
13380,9187,root,0,NA,NA,9187,77.3795
13381,8954,root,0,NA,NA,8954,77.3773
13382,7818,root,0,NA,NA,7818,77.3498
13383,7826,root,0,NA,NA,7826,77.3498
13384,8139,root,0,NA,NA,8139,77.348
13385,14276,root,0,NA,NA,14276,77.3474
13386,13836,root,0,NA,NA,13836,77.3459
13387,4648,root,0,NA,NA,4648,77.3389
13388,14100,root,0,NA,NA,14100,77.3021
13389,11421,root,0,NA,NA,11421,77.295
13390,11128,root,0,NA,NA,11128,77.2731
13391,14720,root,0,NA,NA,14720,77.2696
13392,19119,root,0,NA,NA,19119,77.2601
13393,14198,root,0,NA,NA,14198,77.2556
13394,16126,root,0,NA,NA,16126,77.2551
13395,9392,root,0,NA,NA,9392,77.2379
13396,8887,root,0,NA,NA,8887,77.2305
13397,8975,root,0,NA,NA,8975,77.2257
13398,12357,root,0,NA,NA,12357,77.2246
13399,16826,root,0,NA,NA,16826,77.1938
13400,19190,root,0,NA,NA,19190,77.1751
13401,17678,root,0,NA,NA,17678,77.1598
13402,16640,root,0,NA,NA,16640,77.1572
13403,456,root,0,NA,NA,456,77.1561
13404,464,root,0,NA,NA,464,77.1561
13405,477,root,0,NA,NA,477,77.1561
13406,485,root,0,NA,NA,485,77.1561
13407,490,root,0,NA,NA,490,77.1561
13408,4786,root,0,NA,NA,4786,77.1521
13409,16922,root,0,NA,NA,16922,77.152
13410,7883,root,0,NA,NA,7883,77.1465
13411,10600,root,0,NA,NA,10600,77.1313
13412,14996,root,0,NA,NA,14996,77.127
13413,8755,root,0,NA,NA,8755,77.1193
13414,13815,root,0,NA,NA,13815,77.1115
13415,15723,root,0,NA,NA,15723,77.1058
13416,14888,root,0,NA,NA,14888,77.0836
13417,19516,root,0,NA,NA,19516,77.0771
13418,19337,root,0,NA,NA,19337,77.0752
13419,15026,root,0,NA,NA,15026,77.0669
13420,13019,root,0,NA,NA,13019,77.059
13421,15702,root,0,NA,NA,15702,77.0524
13422,4761,root,0,NA,NA,4761,77.0478
13423,12319,root,0,NA,NA,12319,77.0367
13424,748,root,0,NA,NA,748,77.0302
13425,795,root,0,NA,NA,795,77.0056
13426,13196,root,0,NA,NA,13196,76.9933
13427,8838,root,0,NA,NA,8838,76.9827
13428,18226,root,0,NA,NA,18226,76.9672
13429,2258,root,0,NA,NA,2258,76.9612
13430,11535,root,0,NA,NA,11535,76.9533
13431,15587,root,0,NA,NA,15587,76.9352
13432,19212,root,0,NA,NA,19212,76.935
13433,18885,root,0,NA,NA,18885,76.9324
13434,19898,root,0,NA,NA,19898,76.9283
13435,19026,root,0,NA,NA,19026,76.9109
13436,13863,root,0,NA,NA,13863,76.9065
13437,18086,root,0,NA,NA,18086,76.8978
13438,15052,root,0,NA,NA,15052,76.8822
13439,3232,root,0,NA,NA,3232,76.8708
13440,14290,root,0,NA,NA,14290,76.8651
13441,16953,root,0,NA,NA,16953,76.8602
13442,5022,root,0,NA,NA,5022,76.8547
13443,15204,root,0,NA,NA,15204,76.8532
13444,10182,root,0,NA,NA,10182,76.8523
13445,19229,root,0,NA,NA,19229,76.8462
13446,4264,root,0,NA,NA,4264,76.8229
13447,12339,root,0,NA,NA,12339,76.8195
13448,10127,root,0,NA,NA,10127,76.8173
13449,14942,root,0,NA,NA,14942,76.8103
13450,10343,root,0,NA,NA,10343,76.7923
13451,11987,root,0,NA,NA,11987,76.7704
13452,12549,root,0,NA,NA,12549,76.7659
13453,903,root,0,NA,NA,903,76.7553
13454,6556,root,0,NA,NA,6556,76.753
13455,16388,root,0,NA,NA,16388,76.7521
13456,9999,root,0,NA,NA,9999,76.7487
13457,15806,root,0,NA,NA,15806,76.7296
13458,10269,root,0,NA,NA,10269,76.7227
13459,8722,root,0,NA,NA,8722,76.7113
13460,15108,root,0,NA,NA,15108,76.7096
13461,2092,root,0,NA,NA,2092,76.7092
13462,2113,root,0,NA,NA,2113,76.7092
13463,12598,root,0,NA,NA,12598,76.698
13464,8895,root,0,NA,NA,8895,76.6949
13465,11995,root,0,NA,NA,11995,76.6945
13466,5349,root,0,NA,NA,5349,76.6693
13467,16101,root,0,NA,NA,16101,76.665
13468,12215,root,0,NA,NA,12215,76.6611
13469,7712,root,0,NA,NA,7712,76.6589
13470,12368,root,0,NA,NA,12368,76.6469
13471,2264,root,0,NA,NA,2264,76.6408
13472,11522,root,0,NA,NA,11522,76.6405
13473,11893,root,0,NA,NA,11893,76.6326
13474,15013,root,0,NA,NA,15013,76.6065
13475,7746,root,0,NA,NA,7746,76.5989
13476,3350,root,0,NA,NA,3350,76.5908
13477,18042,root,0,NA,NA,18042,76.5898
13478,12155,root,0,NA,NA,12155,76.5861
13479,14279,root,0,NA,NA,14279,76.585
13480,14197,root,0,NA,NA,14197,76.5759
13481,6774,root,0,NA,NA,6774,76.5595
13482,4590,root,0,NA,NA,4590,76.5542
13483,4611,root,0,NA,NA,4611,76.5542
13484,631,root,0,NA,NA,631,76.5538
13485,644,root,0,NA,NA,644,76.5538
13486,665,root,0,NA,NA,665,76.5538
13487,355,root,0,NA,NA,355,76.5508
13488,13166,root,0,NA,NA,13166,76.5475
13489,15124,root,0,NA,NA,15124,76.5328
13490,4248,root,0,NA,NA,4248,76.53
13491,19425,root,0,NA,NA,19425,76.525
13492,5884,root,0,NA,NA,5884,76.5203
13493,14594,root,0,NA,NA,14594,76.5163
13494,11819,root,0,NA,NA,11819,76.5154
13495,6578,root,0,NA,NA,6578,76.5107
13496,15381,root,0,NA,NA,15381,76.5098
13497,736,root,0,NA,NA,736,76.5094
13498,1659,root,0,NA,NA,1659,76.4977
13499,18305,root,0,NA,NA,18305,76.4932
13500,7146,root,0,NA,NA,7146,76.485
13501,3139,root,0,NA,NA,3139,76.4713
13502,18442,root,0,NA,NA,18442,76.4684
13503,9941,root,0,NA,NA,9941,76.4605
13504,17198,root,0,NA,NA,17198,76.4492
13505,15892,root,0,NA,NA,15892,76.436
13506,6089,root,0,NA,NA,6089,76.429
13507,9591,root,0,NA,NA,9591,76.4215
13508,5016,root,0,NA,NA,5016,76.3972
13509,10235,root,0,NA,NA,10235,76.3818
13510,11606,root,0,NA,NA,11606,76.3749
13511,15534,root,0,NA,NA,15534,76.374
13512,18550,root,0,NA,NA,18550,76.3611
13513,11347,root,0,NA,NA,11347,76.3609
13514,12229,root,0,NA,NA,12229,76.3473
13515,8953,root,0,NA,NA,8953,76.3437
13516,3020,root,0,NA,NA,3020,76.3363
13517,19651,root,0,NA,NA,19651,76.3229
13518,19261,root,0,NA,NA,19261,76.3175
13519,12463,root,0,NA,NA,12463,76.3045
13520,18887,root,0,NA,NA,18887,76.2907
13521,17592,root,0,NA,NA,17592,76.2741
13522,9555,root,0,NA,NA,9555,76.2706
13523,5628,root,0,NA,NA,5628,76.2556
13524,8979,root,0,NA,NA,8979,76.2422
13525,13104,root,0,NA,NA,13104,76.2399
13526,6452,root,0,NA,NA,6452,76.2326
13527,578,root,0,NA,NA,578,76.224
13528,15112,root,0,NA,NA,15112,76.2196
13529,13002,root,0,NA,NA,13002,76.2186
13530,15735,root,0,NA,NA,15735,76.2125
13531,16601,root,0,NA,NA,16601,76.2116
13532,14241,root,0,NA,NA,14241,76.2096
13533,2159,root,0,NA,NA,2159,76.1922
13534,12076,root,0,NA,NA,12076,76.1785
13535,17158,root,0,NA,NA,17158,76.173
13536,11397,root,0,NA,NA,11397,76.1643
13537,18074,root,0,NA,NA,18074,76.153
13538,12239,root,0,NA,NA,12239,76.1453
13539,8784,root,0,NA,NA,8784,76.1366
13540,18369,root,0,NA,NA,18369,76.127
13541,5968,root,0,NA,NA,5968,76.0854
13542,15383,root,0,NA,NA,15383,76.0816
13543,11319,root,0,NA,NA,11319,76.0813
13544,6392,root,0,NA,NA,6392,76.0789
13545,3730,root,0,NA,NA,3730,76.072
13546,18098,root,0,NA,NA,18098,76.0499
13547,11636,root,0,NA,NA,11636,76.0392
13548,13732,root,0,NA,NA,13732,76.011
13549,13257,root,0,NA,NA,13257,76.0056
13550,15278,root,0,NA,NA,15278,75.9935
13551,7619,root,0,NA,NA,7619,75.9923
13552,14051,root,0,NA,NA,14051,75.9922
13553,13351,root,0,NA,NA,13351,75.976
13554,18073,root,0,NA,NA,18073,75.9758
13555,4536,root,0,NA,NA,4536,75.9715
13556,17105,root,0,NA,NA,17105,75.9713
13557,16293,root,0,NA,NA,16293,75.9618
13558,12044,root,0,NA,NA,12044,75.9521
13559,2884,root,0,NA,NA,2884,75.926
13560,11186,root,0,NA,NA,11186,75.9097
13561,17727,root,0,NA,NA,17727,75.8758
13562,11013,root,0,NA,NA,11013,75.8741
13563,0,root,0,NA,NA,0,75.8724
13564,5,root,0,NA,NA,5,75.8724
13565,8,root,0,NA,NA,8,75.8724
13566,13,root,0,NA,NA,13,75.8724
13567,18,root,0,NA,NA,18,75.8724
13568,21,root,0,NA,NA,21,75.8724
13569,26,root,0,NA,NA,26,75.8724
13570,29,root,0,NA,NA,29,75.8724
13571,31,root,0,NA,NA,31,75.8724
13572,34,root,0,NA,NA,34,75.8724
13573,39,root,0,NA,NA,39,75.8724
13574,42,root,0,NA,NA,42,75.8724
13575,19535,root,0,NA,NA,19535,75.8721
13576,16586,root,0,NA,NA,16586,75.8662
13577,18052,root,0,NA,NA,18052,75.8483
13578,11818,root,0,NA,NA,11818,75.8431
13579,16060,root,0,NA,NA,16060,75.8245
13580,11895,root,0,NA,NA,11895,75.8216
13581,9655,root,0,NA,NA,9655,75.8182
13582,12031,root,0,NA,NA,12031,75.8164
13583,12592,root,0,NA,NA,12592,75.8134
13584,9399,root,0,NA,NA,9399,75.811
13585,10220,root,0,NA,NA,10220,75.7966
13586,11661,root,0,NA,NA,11661,75.7955
13587,12244,root,0,NA,NA,12244,75.792
13588,11356,root,0,NA,NA,11356,75.7826
13589,19591,root,0,NA,NA,19591,75.7798
13590,8701,root,0,NA,NA,8701,75.7712
13591,14985,root,0,NA,NA,14985,75.7417
13592,6335,root,0,NA,NA,6335,75.7362
13593,15588,root,0,NA,NA,15588,75.7203
13594,3431,root,0,NA,NA,3431,75.7155
13595,10606,root,0,NA,NA,10606,75.7125
13596,12874,root,0,NA,NA,12874,75.7095
13597,5913,root,0,NA,NA,5913,75.7055
13598,12265,root,0,NA,NA,12265,75.6989
13599,8759,root,0,NA,NA,8759,75.6968
13600,8437,root,0,NA,NA,8437,75.696
13601,18310,root,0,NA,NA,18310,75.692
13602,8562,root,0,NA,NA,8562,75.683
13603,14428,root,0,NA,NA,14428,75.6806
13604,11777,root,0,NA,NA,11777,75.6698
13605,6697,root,0,NA,NA,6697,75.6646
13606,11675,root,0,NA,NA,11675,75.6108
13607,16417,root,0,NA,NA,16417,75.5995
13608,10687,root,0,NA,NA,10687,75.5945
13609,8919,root,0,NA,NA,8919,75.5935
13610,5199,root,0,NA,NA,5199,75.5746
13611,11638,root,0,NA,NA,11638,75.5694
13612,13295,root,0,NA,NA,13295,75.5597
13613,12597,root,0,NA,NA,12597,75.5564
13614,12401,root,0,NA,NA,12401,75.5458
13615,12352,root,0,NA,NA,12352,75.5435
13616,10215,root,0,NA,NA,10215,75.5403
13617,17365,root,0,NA,NA,17365,75.5354
13618,13813,root,0,NA,NA,13813,75.5245
13619,7925,root,0,NA,NA,7925,75.518
13620,9144,root,0,NA,NA,9144,75.5145
13621,16266,root,0,NA,NA,16266,75.5111
13622,11900,root,0,NA,NA,11900,75.51
13623,17016,root,0,NA,NA,17016,75.506
13624,13588,root,0,NA,NA,13588,75.5059
13625,8430,root,0,NA,NA,8430,75.5033
13626,12448,root,0,NA,NA,12448,75.4947
13627,9847,root,0,NA,NA,9847,75.4746
13628,11567,root,0,NA,NA,11567,75.4737
13629,4819,root,0,NA,NA,4819,75.4724
13630,1262,root,0,NA,NA,1262,75.4637
13631,1270,root,0,NA,NA,1270,75.4637
13632,1275,root,0,NA,NA,1275,75.4637
13633,1283,root,0,NA,NA,1283,75.4637
13634,1291,root,0,NA,NA,1291,75.4637
13635,1296,root,0,NA,NA,1296,75.4637
13636,1304,root,0,NA,NA,1304,75.4637
13637,17866,root,0,NA,NA,17866,75.452
13638,8523,root,0,NA,NA,8523,75.4465
13639,19428,root,0,NA,NA,19428,75.4177
13640,13697,root,0,NA,NA,13697,75.4139
13641,533,root,0,NA,NA,533,75.3986
13642,15078,root,0,NA,NA,15078,75.3879
13643,113,root,0,NA,NA,113,75.3852
13644,17601,root,0,NA,NA,17601,75.3765
13645,15925,root,0,NA,NA,15925,75.3741
13646,17868,root,0,NA,NA,17868,75.3653
13647,14512,root,0,NA,NA,14512,75.3347
13648,11332,root,0,NA,NA,11332,75.3284
13649,18645,root,0,NA,NA,18645,75.3275
13650,13684,root,0,NA,NA,13684,75.3188
13651,12975,root,0,NA,NA,12975,75.3155
13652,1629,root,0,NA,NA,1629,75.3092
13653,1637,root,0,NA,NA,1637,75.3092
13654,1642,root,0,NA,NA,1642,75.3092
13655,1650,root,0,NA,NA,1650,75.3092
13656,1663,root,0,NA,NA,1663,75.3092
13657,10833,root,0,NA,NA,10833,75.3025
13658,367,root,0,NA,NA,367,75.297
13659,380,root,0,NA,NA,380,75.297
13660,401,root,0,NA,NA,401,75.297
13661,12752,root,0,NA,NA,12752,75.2949
13662,19129,root,0,NA,NA,19129,75.2752
13663,7117,root,0,NA,NA,7117,75.2657
13664,14748,root,0,NA,NA,14748,75.2483
13665,12889,root,0,NA,NA,12889,75.2115
13666,19244,root,0,NA,NA,19244,75.1988
13667,16659,root,0,NA,NA,16659,75.1925
13668,10476,root,0,NA,NA,10476,75.1918
13669,3105,root,0,NA,NA,3105,75.1673
13670,3113,root,0,NA,NA,3113,75.1673
13671,3126,root,0,NA,NA,3126,75.1673
13672,3134,root,0,NA,NA,3134,75.1673
13673,3147,root,0,NA,NA,3147,75.1673
13674,13586,root,0,NA,NA,13586,75.1649
13675,17544,root,0,NA,NA,17544,75.1283
13676,5730,root,0,NA,NA,5730,75.1169
13677,9634,root,0,NA,NA,9634,75.1146
13678,8099,root,0,NA,NA,8099,75.1122
13679,10838,root,0,NA,NA,10838,75.0994
13680,19757,root,0,NA,NA,19757,75.0842
13681,18036,root,0,NA,NA,18036,75.063
13682,1359,root,0,NA,NA,1359,75.0553
13683,1380,root,0,NA,NA,1380,75.0553
13684,17754,root,0,NA,NA,17754,75.0484
13685,17721,root,0,NA,NA,17721,75.0321
13686,14489,root,0,NA,NA,14489,75.0157
13687,14591,root,0,NA,NA,14591,75.0059
13688,12595,root,0,NA,NA,12595,75.0055
13689,17693,root,0,NA,NA,17693,74.9766
13690,16670,root,0,NA,NA,16670,74.9703
13691,7219,root,0,NA,NA,7219,74.9402
13692,16931,root,0,NA,NA,16931,74.8973
13693,7274,root,0,NA,NA,7274,74.8907
13694,5375,root,0,NA,NA,5375,74.8852
13695,5396,root,0,NA,NA,5396,74.8852
13696,10698,root,0,NA,NA,10698,74.8706
13697,9933,root,0,NA,NA,9933,74.8482
13698,16156,root,0,NA,NA,16156,74.821
13699,6626,root,0,NA,NA,6626,74.816
13700,10174,root,0,NA,NA,10174,74.801
13701,12195,root,0,NA,NA,12195,74.7919
13702,12095,root,0,NA,NA,12095,74.7911
13703,13286,root,0,NA,NA,13286,74.7883
13704,6180,root,0,NA,NA,6180,74.7671
13705,316,root,0,NA,NA,316,74.7634
13706,14178,root,0,NA,NA,14178,74.7221
13707,13729,root,0,NA,NA,13729,74.7187
13708,11545,root,0,NA,NA,11545,74.7031
13709,14593,root,0,NA,NA,14593,74.685
13710,19033,root,0,NA,NA,19033,74.6724
13711,16050,root,0,NA,NA,16050,74.671
13712,2681,root,0,NA,NA,2681,74.6645
13713,15874,root,0,NA,NA,15874,74.6621
13714,9264,root,0,NA,NA,9264,74.6559
13715,10521,root,0,NA,NA,10521,74.6172
13716,14999,root,0,NA,NA,14999,74.6084
13717,12077,root,0,NA,NA,12077,74.6002
13718,14486,root,0,NA,NA,14486,74.5965
13719,19297,root,0,NA,NA,19297,74.5754
13720,3900,root,0,NA,NA,3900,74.564
13721,9038,root,0,NA,NA,9038,74.5638
13722,14252,root,0,NA,NA,14252,74.5406
13723,10054,root,0,NA,NA,10054,74.5373
13724,19448,root,0,NA,NA,19448,74.5306
13725,420,root,0,NA,NA,420,74.5237
13726,14026,root,0,NA,NA,14026,74.5028
13727,15291,root,0,NA,NA,15291,74.5013
13728,12681,root,0,NA,NA,12681,74.4947
13729,17488,root,0,NA,NA,17488,74.4772
13730,12825,root,0,NA,NA,12825,74.4745
13731,11561,root,0,NA,NA,11561,74.4716
13732,14018,root,0,NA,NA,14018,74.4695
13733,5437,root,0,NA,NA,5437,74.4691
13734,14309,root,0,NA,NA,14309,74.467
13735,12743,root,0,NA,NA,12743,74.4587
13736,6679,root,0,NA,NA,6679,74.4496
13737,6824,root,0,NA,NA,6824,74.445
13738,15068,root,0,NA,NA,15068,74.4352
13739,14614,root,0,NA,NA,14614,74.4226
13740,11708,root,0,NA,NA,11708,74.4203
13741,10978,root,0,NA,NA,10978,74.4043
13742,14022,root,0,NA,NA,14022,74.3963
13743,19590,root,0,NA,NA,19590,74.3782
13744,12914,root,0,NA,NA,12914,74.3695
13745,17960,root,0,NA,NA,17960,74.3559
13746,18889,root,0,NA,NA,18889,74.3369
13747,14383,root,0,NA,NA,14383,74.3247
13748,16406,root,0,NA,NA,16406,74.3079
13749,7819,root,0,NA,NA,7819,74.3062
13750,7026,root,0,NA,NA,7026,74.3047
13751,19295,root,0,NA,NA,19295,74.297
13752,1446,root,0,NA,NA,1446,74.2919
13753,1454,root,0,NA,NA,1454,74.2919
13754,1459,root,0,NA,NA,1459,74.2919
13755,1467,root,0,NA,NA,1467,74.2919
13756,1475,root,0,NA,NA,1475,74.2919
13757,1480,root,0,NA,NA,1480,74.2919
13758,4107,root,0,NA,NA,4107,74.2866
13759,18313,root,0,NA,NA,18313,74.2653
13760,11668,root,0,NA,NA,11668,74.2637
13761,16759,root,0,NA,NA,16759,74.2508
13762,14289,root,0,NA,NA,14289,74.2469
13763,9930,root,0,NA,NA,9930,74.2442
13764,14024,root,0,NA,NA,14024,74.2378
13765,14465,root,0,NA,NA,14465,74.2242
13766,1350,root,0,NA,NA,1350,74.2163
13767,2122,root,0,NA,NA,2122,74.201
13768,7281,root,0,NA,NA,7281,74.2006
13769,14788,root,0,NA,NA,14788,74.1987
13770,10097,root,0,NA,NA,10097,74.1727
13771,2596,root,0,NA,NA,2596,74.1354
13772,2460,root,0,NA,NA,2460,74.1073
13773,9186,root,0,NA,NA,9186,74.1061
13774,13079,root,0,NA,NA,13079,74.0933
13775,7077,root,0,NA,NA,7077,74.0892
13776,7416,root,0,NA,NA,7416,74.0839
13777,17491,root,0,NA,NA,17491,74.0765
13778,17589,root,0,NA,NA,17589,74.0686
13779,10140,root,0,NA,NA,10140,74.0576
13780,9960,root,0,NA,NA,9960,74.0551
13781,4644,root,0,NA,NA,4644,74.0498
13782,18356,root,0,NA,NA,18356,74.0494
13783,5088,root,0,NA,NA,5088,74.0491
13784,7903,root,0,NA,NA,7903,74.0369
13785,11874,root,0,NA,NA,11874,74.0188
13786,1537,root,0,NA,NA,1537,73.9961
13787,1542,root,0,NA,NA,1542,73.9961
13788,1550,root,0,NA,NA,1550,73.9961
13789,1558,root,0,NA,NA,1558,73.9961
13790,1563,root,0,NA,NA,1563,73.9961
13791,1571,root,0,NA,NA,1571,73.9961
13792,18359,root,0,NA,NA,18359,73.9754
13793,18379,root,0,NA,NA,18379,73.9573
13794,6420,root,0,NA,NA,6420,73.9491
13795,6433,root,0,NA,NA,6433,73.9491
13796,19006,root,0,NA,NA,19006,73.9362
13797,15501,root,0,NA,NA,15501,73.9337
13798,14958,root,0,NA,NA,14958,73.9212
13799,11216,root,0,NA,NA,11216,73.9209
13800,13456,root,0,NA,NA,13456,73.9166
13801,1990,root,0,NA,NA,1990,73.9155
13802,1998,root,0,NA,NA,1998,73.9155
13803,2011,root,0,NA,NA,2011,73.9155
13804,2019,root,0,NA,NA,2019,73.9155
13805,2024,root,0,NA,NA,2024,73.9155
13806,10703,root,0,NA,NA,10703,73.9136
13807,10713,root,0,NA,NA,10713,73.9046
13808,15297,root,0,NA,NA,15297,73.8971
13809,19962,root,0,NA,NA,19962,73.8963
13810,8443,root,0,NA,NA,8443,73.883
13811,16052,root,0,NA,NA,16052,73.8715
13812,12820,root,0,NA,NA,12820,73.8697
13813,13185,root,0,NA,NA,13185,73.8655
13814,12722,root,0,NA,NA,12722,73.8346
13815,12675,root,0,NA,NA,12675,73.8283
13816,16895,root,0,NA,NA,16895,73.8121
13817,14070,root,0,NA,NA,14070,73.7844
13818,16584,root,0,NA,NA,16584,73.777
13819,9938,root,0,NA,NA,9938,73.7698
13820,10122,root,0,NA,NA,10122,73.7664
13821,6075,root,0,NA,NA,6075,73.728
13822,8429,root,0,NA,NA,8429,73.7264
13823,11092,root,0,NA,NA,11092,73.7229
13824,15766,root,0,NA,NA,15766,73.7205
13825,5306,root,0,NA,NA,5306,73.7111
13826,8837,root,0,NA,NA,8837,73.6942
13827,6780,root,0,NA,NA,6780,73.6798
13828,8649,root,0,NA,NA,8649,73.6422
13829,3952,root,0,NA,NA,3952,73.6201
13830,18934,root,0,NA,NA,18934,73.6055
13831,11496,root,0,NA,NA,11496,73.6003
13832,14738,root,0,NA,NA,14738,73.5796
13833,4711,root,0,NA,NA,4711,73.5729
13834,14336,root,0,NA,NA,14336,73.568
13835,10854,root,0,NA,NA,10854,73.5594
13836,8805,root,0,NA,NA,8805,73.5486
13837,7000,root,0,NA,NA,7000,73.5351
13838,13258,root,0,NA,NA,13258,73.5346
13839,6937,root,0,NA,NA,6937,73.5317
13840,5408,root,0,NA,NA,5408,73.5297
13841,15492,root,0,NA,NA,15492,73.5157
13842,6353,root,0,NA,NA,6353,73.5123
13843,15493,root,0,NA,NA,15493,73.5001
13844,12272,root,0,NA,NA,12272,73.4911
13845,15682,root,0,NA,NA,15682,73.4632
13846,13513,root,0,NA,NA,13513,73.4618
13847,625,root,0,NA,NA,625,73.4531
13848,13387,root,0,NA,NA,13387,73.4491
13849,8071,root,0,NA,NA,8071,73.4304
13850,19768,root,0,NA,NA,19768,73.4
13851,15870,root,0,NA,NA,15870,73.3964
13852,1339,root,0,NA,NA,1339,73.3818
13853,11870,root,0,NA,NA,11870,73.3782
13854,15683,root,0,NA,NA,15683,73.3635
13855,16220,root,0,NA,NA,16220,73.3515
13856,8747,root,0,NA,NA,8747,73.3507
13857,13240,root,0,NA,NA,13240,73.3402
13858,13313,root,0,NA,NA,13313,73.3349
13859,12628,root,0,NA,NA,12628,73.332
13860,6594,root,0,NA,NA,6594,73.3285
13861,17233,root,0,NA,NA,17233,73.3274
13862,9332,root,0,NA,NA,9332,73.3172
13863,10770,root,0,NA,NA,10770,73.3092
13864,15849,root,0,NA,NA,15849,73.3078
13865,18622,root,0,NA,NA,18622,73.2951
13866,15231,root,0,NA,NA,15231,73.2909
13867,7798,root,0,NA,NA,7798,73.2797
13868,13180,root,0,NA,NA,13180,73.264
13869,16644,root,0,NA,NA,16644,73.2427
13870,7915,root,0,NA,NA,7915,73.2355
13871,15956,root,0,NA,NA,15956,73.2081
13872,15235,root,0,NA,NA,15235,73.2072
13873,19444,root,0,NA,NA,19444,73.1986
13874,7538,root,0,NA,NA,7538,73.1981
13875,10684,root,0,NA,NA,10684,73.1937
13876,11863,root,0,NA,NA,11863,73.1909
13877,17407,root,0,NA,NA,17407,73.1878
13878,15605,root,0,NA,NA,15605,73.1871
13879,7171,root,0,NA,NA,7171,73.1823
13880,7179,root,0,NA,NA,7179,73.1823
13881,12879,root,0,NA,NA,12879,73.1238
13882,1706,root,0,NA,NA,1706,73.1087
13883,14957,root,0,NA,NA,14957,73.0791
13884,18138,root,0,NA,NA,18138,73.076
13885,12142,root,0,NA,NA,12142,73.0661
13886,13406,root,0,NA,NA,13406,73.0543
13887,17154,root,0,NA,NA,17154,73.0172
13888,5869,root,0,NA,NA,5869,73.01
13889,1415,root,0,NA,NA,1415,73.0023
13890,17486,root,0,NA,NA,17486,72.9947
13891,16918,root,0,NA,NA,16918,72.9834
13892,7761,root,0,NA,NA,7761,72.9794
13893,15890,root,0,NA,NA,15890,72.9788
13894,12517,root,0,NA,NA,12517,72.9685
13895,18005,root,0,NA,NA,18005,72.9606
13896,7494,root,0,NA,NA,7494,72.9603
13897,14204,root,0,NA,NA,14204,72.9601
13898,14829,root,0,NA,NA,14829,72.947
13899,993,root,0,NA,NA,993,72.9457
13900,998,root,0,NA,NA,998,72.9457
13901,1006,root,0,NA,NA,1006,72.9457
13902,1011,root,0,NA,NA,1011,72.9457
13903,1019,root,0,NA,NA,1019,72.9457
13904,1027,root,0,NA,NA,1027,72.9457
13905,1032,root,0,NA,NA,1032,72.9457
13906,15594,root,0,NA,NA,15594,72.9354
13907,13662,root,0,NA,NA,13662,72.916
13908,18159,root,0,NA,NA,18159,72.9083
13909,14831,root,0,NA,NA,14831,72.9031
13910,9612,root,0,NA,NA,9612,72.9017
13911,6701,root,0,NA,NA,6701,72.9016
13912,13068,root,0,NA,NA,13068,72.8956
13913,9335,root,0,NA,NA,9335,72.8867
13914,12658,root,0,NA,NA,12658,72.8822
13915,7633,root,0,NA,NA,7633,72.8664
13916,13129,root,0,NA,NA,13129,72.8609
13917,10025,root,0,NA,NA,10025,72.8579
13918,11962,root,0,NA,NA,11962,72.8437
13919,11823,root,0,NA,NA,11823,72.843
13920,12130,root,0,NA,NA,12130,72.8295
13921,16544,root,0,NA,NA,16544,72.8277
13922,17752,root,0,NA,NA,17752,72.8252
13923,14207,root,0,NA,NA,14207,72.8146
13924,17246,root,0,NA,NA,17246,72.808
13925,14255,root,0,NA,NA,14255,72.8062
13926,452,root,0,NA,NA,452,72.8046
13927,15406,root,0,NA,NA,15406,72.7921
13928,12877,root,0,NA,NA,12877,72.7856
13929,12841,root,0,NA,NA,12841,72.748
13930,5227,root,0,NA,NA,5227,72.748
13931,13049,root,0,NA,NA,13049,72.6942
13932,7225,root,0,NA,NA,7225,72.6928
13933,8883,root,0,NA,NA,8883,72.6752
13934,10924,root,0,NA,NA,10924,72.673
13935,11841,root,0,NA,NA,11841,72.6679
13936,11551,root,0,NA,NA,11551,72.6604
13937,19916,root,0,NA,NA,19916,72.6589
13938,10598,root,0,NA,NA,10598,72.6392
13939,10665,root,0,NA,NA,10665,72.6289
13940,8065,root,0,NA,NA,8065,72.6207
13941,4704,root,0,NA,NA,4704,72.6197
13942,10757,root,0,NA,NA,10757,72.6048
13943,19945,root,0,NA,NA,19945,72.6042
13944,12481,root,0,NA,NA,12481,72.5839
13945,12113,root,0,NA,NA,12113,72.5502
13946,6109,root,0,NA,NA,6109,72.5428
13947,14904,root,0,NA,NA,14904,72.5276
13948,12486,root,0,NA,NA,12486,72.5148
13949,13795,root,0,NA,NA,13795,72.5091
13950,9516,root,0,NA,NA,9516,72.5051
13951,14826,root,0,NA,NA,14826,72.5046
13952,14634,root,0,NA,NA,14634,72.487
13953,11253,root,0,NA,NA,11253,72.483
13954,17249,root,0,NA,NA,17249,72.4726
13955,15649,root,0,NA,NA,15649,72.4663
13956,16004,root,0,NA,NA,16004,72.4563
13957,13707,root,0,NA,NA,13707,72.4461
13958,18466,root,0,NA,NA,18466,72.4397
13959,7815,root,0,NA,NA,7815,72.4309
13960,11603,root,0,NA,NA,11603,72.4175
13961,5685,root,0,NA,NA,5685,72.4151
13962,18439,root,0,NA,NA,18439,72.4081
13963,5809,root,0,NA,NA,5809,72.4058
13964,7958,root,0,NA,NA,7958,72.3959
13965,10105,root,0,NA,NA,10105,72.3914
13966,16979,root,0,NA,NA,16979,72.3805
13967,12310,root,0,NA,NA,12310,72.366
13968,12696,root,0,NA,NA,12696,72.3551
13969,19146,root,0,NA,NA,19146,72.3424
13970,13793,root,0,NA,NA,13793,72.3375
13971,10954,root,0,NA,NA,10954,72.304
13972,10957,root,0,NA,NA,10957,72.304
13973,10959,root,0,NA,NA,10959,72.304
13974,8788,root,0,NA,NA,8788,72.2616
13975,11057,root,0,NA,NA,11057,72.2471
13976,14520,root,0,NA,NA,14520,72.2335
13977,13919,root,0,NA,NA,13919,72.2213
13978,13318,root,0,NA,NA,13318,72.1871
13979,14873,root,0,NA,NA,14873,72.1661
13980,18347,root,0,NA,NA,18347,72.1646
13981,3814,root,0,NA,NA,3814,72.1637
13982,1745,root,0,NA,NA,1745,72.151
13983,16888,root,0,NA,NA,16888,72.1456
13984,7246,root,0,NA,NA,7246,72.1355
13985,16437,root,0,NA,NA,16437,72.0932
13986,9890,root,0,NA,NA,9890,72.0892
13987,15685,root,0,NA,NA,15685,72.0885
13988,18770,root,0,NA,NA,18770,72.0852
13989,4198,root,0,NA,NA,4198,72.0768
13990,3253,root,0,NA,NA,3253,72.068
13991,12896,root,0,NA,NA,12896,72.036
13992,3719,root,0,NA,NA,3719,72.0278
13993,8508,root,0,NA,NA,8508,72.0169
13994,18091,root,0,NA,NA,18091,72.0085
13995,12612,root,0,NA,NA,12612,71.9965
13996,14161,root,0,NA,NA,14161,71.9895
13997,11930,root,0,NA,NA,11930,71.9691
13998,9962,root,0,NA,NA,9962,71.9618
13999,14079,root,0,NA,NA,14079,71.9614
14000,698,root,0,NA,NA,698,71.9589
14001,15552,root,0,NA,NA,15552,71.9582
14002,13361,root,0,NA,NA,13361,71.9493
14003,3154,root,0,NA,NA,3154,71.9417
14004,11732,root,0,NA,NA,11732,71.9397
14005,559,root,0,NA,NA,559,71.9125
14006,18504,root,0,NA,NA,18504,71.8974
14007,18352,root,0,NA,NA,18352,71.891
14008,14997,root,0,NA,NA,14997,71.89
14009,13301,root,0,NA,NA,13301,71.8873
14010,19016,root,0,NA,NA,19016,71.8751
14011,13522,root,0,NA,NA,13522,71.8642
14012,15882,root,0,NA,NA,15882,71.8598
14013,13095,root,0,NA,NA,13095,71.8538
14014,10952,root,0,NA,NA,10952,71.8454
14015,17903,root,0,NA,NA,17903,71.8336
14016,12890,root,0,NA,NA,12890,71.8249
14017,10648,root,0,NA,NA,10648,71.8181
14018,7421,root,0,NA,NA,7421,71.8149
14019,14589,root,0,NA,NA,14589,71.8141
14020,17669,root,0,NA,NA,17669,71.7915
14021,17493,root,0,NA,NA,17493,71.7909
14022,5211,root,0,NA,NA,5211,71.7757
14023,8776,root,0,NA,NA,8776,71.7747
14024,16248,root,0,NA,NA,16248,71.7627
14025,727,root,0,NA,NA,727,71.756
14026,12988,root,0,NA,NA,12988,71.7512
14027,10802,root,0,NA,NA,10802,71.7462
14028,12367,root,0,NA,NA,12367,71.7435
14029,16364,root,0,NA,NA,16364,71.7167
14030,17730,root,0,NA,NA,17730,71.7152
14031,16133,root,0,NA,NA,16133,71.6956
14032,17955,root,0,NA,NA,17955,71.6935
14033,17773,root,0,NA,NA,17773,71.6917
14034,3664,root,0,NA,NA,3664,71.6881
14035,745,root,0,NA,NA,745,71.6824
14036,13580,root,0,NA,NA,13580,71.6566
14037,12721,root,0,NA,NA,12721,71.6488
14038,7031,root,0,NA,NA,7031,71.6465
14039,10750,root,0,NA,NA,10750,71.6452
14040,14388,root,0,NA,NA,14388,71.6392
14041,11743,root,0,NA,NA,11743,71.6362
14042,13290,root,0,NA,NA,13290,71.6337
14043,18543,root,0,NA,NA,18543,71.6335
14044,15099,root,0,NA,NA,15099,71.6333
14045,16277,root,0,NA,NA,16277,71.6311
14046,18355,root,0,NA,NA,18355,71.6098
14047,17529,root,0,NA,NA,17529,71.6088
14048,7788,root,0,NA,NA,7788,71.6037
14049,8218,root,0,NA,NA,8218,71.5969
14050,18734,root,0,NA,NA,18734,71.5866
14051,18110,root,0,NA,NA,18110,71.5837
14052,11892,root,0,NA,NA,11892,71.5836
14053,14500,root,0,NA,NA,14500,71.5831
14054,17110,root,0,NA,NA,17110,71.5624
14055,13235,root,0,NA,NA,13235,71.5407
14056,14786,root,0,NA,NA,14786,71.5139
14057,17433,root,0,NA,NA,17433,71.51
14058,8941,root,0,NA,NA,8941,71.5083
14059,12998,root,0,NA,NA,12998,71.5041
14060,17085,root,0,NA,NA,17085,71.4893
14061,9904,root,0,NA,NA,9904,71.4771
14062,10265,root,0,NA,NA,10265,71.4578
14063,17183,root,0,NA,NA,17183,71.4365
14064,6670,root,0,NA,NA,6670,71.4337
14065,13710,root,0,NA,NA,13710,71.4197
14066,8055,root,0,NA,NA,8055,71.4007
14067,7400,root,0,NA,NA,7400,71.3738
14068,11381,root,0,NA,NA,11381,71.3648
14069,12511,root,0,NA,NA,12511,71.359
14070,11642,root,0,NA,NA,11642,71.3434
14071,12243,root,0,NA,NA,12243,71.3419
14072,13366,root,0,NA,NA,13366,71.3261
14073,15452,root,0,NA,NA,15452,71.3208
14074,3780,root,0,NA,NA,3780,71.3117
14075,13543,root,0,NA,NA,13543,71.2929
14076,6492,root,0,NA,NA,6492,71.292
14077,19926,root,0,NA,NA,19926,71.2821
14078,19518,root,0,NA,NA,19518,71.2767
14079,10158,root,0,NA,NA,10158,71.2666
14080,12922,root,0,NA,NA,12922,71.2651
14081,14376,root,0,NA,NA,14376,71.2588
14082,9989,root,0,NA,NA,9989,71.2429
14083,11853,root,0,NA,NA,11853,71.2387
14084,12271,root,0,NA,NA,12271,71.2076
14085,15376,root,0,NA,NA,15376,71.2062
14086,7858,root,0,NA,NA,7858,71.2012
14087,14952,root,0,NA,NA,14952,71.1909
14088,18302,root,0,NA,NA,18302,71.1857
14089,14886,root,0,NA,NA,14886,71.1822
14090,16313,root,0,NA,NA,16313,71.1749
14091,17471,root,0,NA,NA,17471,71.1696
14092,14220,root,0,NA,NA,14220,71.1559
14093,16986,root,0,NA,NA,16986,71.1465
14094,15717,root,0,NA,NA,15717,71.1398
14095,11805,root,0,NA,NA,11805,71.1362
14096,11965,root,0,NA,NA,11965,71.1353
14097,14885,root,0,NA,NA,14885,71.1345
14098,18360,root,0,NA,NA,18360,71.1063
14099,11994,root,0,NA,NA,11994,71.1032
14100,15777,root,0,NA,NA,15777,71.09
14101,13165,root,0,NA,NA,13165,71.0817
14102,10221,root,0,NA,NA,10221,71.0769
14103,12179,root,0,NA,NA,12179,71.076
14104,12908,root,0,NA,NA,12908,71.0634
14105,19151,root,0,NA,NA,19151,71.0557
14106,15447,root,0,NA,NA,15447,71.0498
14107,16707,root,0,NA,NA,16707,71.0444
14108,3198,root,0,NA,NA,3198,71.0242
14109,5691,root,0,NA,NA,5691,71.0016
14110,5725,root,0,NA,NA,5725,70.9966
14111,216,root,0,NA,NA,216,70.9919
14112,17345,root,0,NA,NA,17345,70.9895
14113,10944,root,0,NA,NA,10944,70.9889
14114,18988,root,0,NA,NA,18988,70.984
14115,8880,root,0,NA,NA,8880,70.9719
14116,12645,root,0,NA,NA,12645,70.971
14117,18944,root,0,NA,NA,18944,70.9644
14118,11795,root,0,NA,NA,11795,70.9491
14119,16316,root,0,NA,NA,16316,70.9348
14120,14955,root,0,NA,NA,14955,70.9043
14121,13384,root,0,NA,NA,13384,70.8967
14122,12654,root,0,NA,NA,12654,70.8922
14123,8193,root,0,NA,NA,8193,70.8866
14124,17279,root,0,NA,NA,17279,70.8733
14125,17323,root,0,NA,NA,17323,70.8719
14126,17399,root,0,NA,NA,17399,70.8677
14127,10719,root,0,NA,NA,10719,70.8559
14128,13626,root,0,NA,NA,13626,70.8558
14129,14970,root,0,NA,NA,14970,70.8509
14130,2164,root,0,NA,NA,2164,70.8391
14131,18852,root,0,NA,NA,18852,70.8242
14132,9094,root,0,NA,NA,9094,70.8079
14133,15208,root,0,NA,NA,15208,70.8016
14134,7705,root,0,NA,NA,7705,70.7961
14135,7701,root,0,NA,NA,7701,70.7835
14136,8123,root,0,NA,NA,8123,70.777
14137,6738,root,0,NA,NA,6738,70.7581
14138,17408,root,0,NA,NA,17408,70.7489
14139,16404,root,0,NA,NA,16404,70.7393
14140,10666,root,0,NA,NA,10666,70.7346
14141,16476,root,0,NA,NA,16476,70.7332
14142,5081,root,0,NA,NA,5081,70.733
14143,12238,root,0,NA,NA,12238,70.7317
14144,2766,root,0,NA,NA,2766,70.7237
14145,16982,root,0,NA,NA,16982,70.7168
14146,11519,root,0,NA,NA,11519,70.708
14147,10594,root,0,NA,NA,10594,70.7005
14148,15137,root,0,NA,NA,15137,70.7
14149,18262,root,0,NA,NA,18262,70.6982
14150,14704,root,0,NA,NA,14704,70.6899
14151,19334,root,0,NA,NA,19334,70.688
14152,9220,root,0,NA,NA,9220,70.6725
14153,15189,root,0,NA,NA,15189,70.6676
14154,16858,root,0,NA,NA,16858,70.6604
14155,15681,root,0,NA,NA,15681,70.6566
14156,10408,root,0,NA,NA,10408,70.6086
14157,9852,root,0,NA,NA,9852,70.6051
14158,18426,root,0,NA,NA,18426,70.5975
14159,1762,root,0,NA,NA,1762,70.595
14160,1783,root,0,NA,NA,1783,70.595
14161,12873,root,0,NA,NA,12873,70.5935
14162,15538,root,0,NA,NA,15538,70.5927
14163,17725,root,0,NA,NA,17725,70.565
14164,7500,root,0,NA,NA,7500,70.5393
14165,10474,root,0,NA,NA,10474,70.537
14166,13157,root,0,NA,NA,13157,70.5238
14167,14450,root,0,NA,NA,14450,70.519
14168,15982,root,0,NA,NA,15982,70.508
14169,10523,root,0,NA,NA,10523,70.496
14170,17070,root,0,NA,NA,17070,70.4952
14171,3633,root,0,NA,NA,3633,70.4883
14172,11919,root,0,NA,NA,11919,70.4864
14173,6316,root,0,NA,NA,6316,70.476
14174,18565,root,0,NA,NA,18565,70.4728
14175,14226,root,0,NA,NA,14226,70.4642
14176,11525,root,0,NA,NA,11525,70.4626
14177,9353,root,0,NA,NA,9353,70.4477
14178,10639,root,0,NA,NA,10639,70.4418
14179,17467,root,0,NA,NA,17467,70.4387
14180,11158,root,0,NA,NA,11158,70.4286
14181,12755,root,0,NA,NA,12755,70.4144
14182,6183,root,0,NA,NA,6183,70.4133
14183,5583,root,0,NA,NA,5583,70.4098
14184,17957,root,0,NA,NA,17957,70.3869
14185,3616,root,0,NA,NA,3616,70.3847
14186,3637,root,0,NA,NA,3637,70.3847
14187,18307,root,0,NA,NA,18307,70.3797
14188,4816,root,0,NA,NA,4816,70.3768
14189,12634,root,0,NA,NA,12634,70.3648
14190,12555,root,0,NA,NA,12555,70.3646
14191,14433,root,0,NA,NA,14433,70.3497
14192,15680,root,0,NA,NA,15680,70.3492
14193,4568,root,0,NA,NA,4568,70.3458
14194,15567,root,0,NA,NA,15567,70.3366
14195,3963,root,0,NA,NA,3963,70.3355
14196,1711,root,0,NA,NA,1711,70.3317
14197,17477,root,0,NA,NA,17477,70.3214
14198,12817,root,0,NA,NA,12817,70.3185
14199,13782,root,0,NA,NA,13782,70.3015
14200,12738,root,0,NA,NA,12738,70.2963
14201,19560,root,0,NA,NA,19560,70.2959
14202,14568,root,0,NA,NA,14568,70.2944
14203,11215,root,0,NA,NA,11215,70.2897
14204,18847,root,0,NA,NA,18847,70.2786
14205,16077,root,0,NA,NA,16077,70.276
14206,6905,root,0,NA,NA,6905,70.2741
14207,6622,root,0,NA,NA,6622,70.2625
14208,3164,root,0,NA,NA,3164,70.2618
14209,14421,root,0,NA,NA,14421,70.2391
14210,4196,root,0,NA,NA,4196,70.2339
14211,19193,root,0,NA,NA,19193,70.2161
14212,17858,root,0,NA,NA,17858,70.2141
14213,1735,root,0,NA,NA,1735,70.2107
14214,19949,root,0,NA,NA,19949,70.1994
14215,17266,root,0,NA,NA,17266,70.199
14216,13848,root,0,NA,NA,13848,70.1981
14217,7345,root,0,NA,NA,7345,70.1917
14218,17877,root,0,NA,NA,17877,70.1596
14219,18221,root,0,NA,NA,18221,70.1558
14220,11656,root,0,NA,NA,11656,70.1497
14221,7733,root,0,NA,NA,7733,70.1221
14222,7662,root,0,NA,NA,7662,70.0992
14223,16669,root,0,NA,NA,16669,70.0944
14224,15288,root,0,NA,NA,15288,70.0722
14225,19661,root,0,NA,NA,19661,70.0715
14226,12938,root,0,NA,NA,12938,70.0678
14227,13799,root,0,NA,NA,13799,70.0633
14228,13107,root,0,NA,NA,13107,70.0484
14229,15196,root,0,NA,NA,15196,70.0333
14230,15516,root,0,NA,NA,15516,70.0292
14231,7686,root,0,NA,NA,7686,70.0282
14232,12197,root,0,NA,NA,12197,70.0243
14233,11166,root,0,NA,NA,11166,70.007
14234,11778,root,0,NA,NA,11778,70.0062
14235,15553,root,0,NA,NA,15553,70.0055
14236,14032,root,0,NA,NA,14032,70.004
14237,13171,root,0,NA,NA,13171,69.9826
14238,10628,root,0,NA,NA,10628,69.9681
14239,18962,root,0,NA,NA,18962,69.9615
14240,11597,root,0,NA,NA,11597,69.957
14241,9175,root,0,NA,NA,9175,69.9422
14242,13193,root,0,NA,NA,13193,69.9109
14243,4858,root,0,NA,NA,4858,69.9026
14244,12483,root,0,NA,NA,12483,69.9001
14245,19044,root,0,NA,NA,19044,69.8978
14246,12778,root,0,NA,NA,12778,69.8798
14247,12056,root,0,NA,NA,12056,69.8624
14248,11939,root,0,NA,NA,11939,69.8441
14249,13476,root,0,NA,NA,13476,69.8366
14250,19470,root,0,NA,NA,19470,69.8276
14251,16030,root,0,NA,NA,16030,69.8069
14252,3934,root,0,NA,NA,3934,69.8027
14253,5104,root,0,NA,NA,5104,69.7867
14254,4683,root,0,NA,NA,4683,69.7774
14255,16499,root,0,NA,NA,16499,69.7757
14256,13367,root,0,NA,NA,13367,69.7736
14257,14121,root,0,NA,NA,14121,69.7662
14258,18039,root,0,NA,NA,18039,69.7427
14259,12528,root,0,NA,NA,12528,69.7298
14260,13463,root,0,NA,NA,13463,69.7209
14261,13982,root,0,NA,NA,13982,69.7198
14262,11050,root,0,NA,NA,11050,69.7094
14263,5027,root,0,NA,NA,5027,69.6986
14264,15688,root,0,NA,NA,15688,69.6941
14265,10395,root,0,NA,NA,10395,69.6849
14266,12103,root,0,NA,NA,12103,69.6718
14267,9021,root,0,NA,NA,9021,69.6523
14268,12519,root,0,NA,NA,12519,69.6511
14269,8934,root,0,NA,NA,8934,69.6203
14270,14126,root,0,NA,NA,14126,69.6168
14271,12870,root,0,NA,NA,12870,69.6124
14272,1536,root,0,NA,NA,1536,69.6088
14273,16291,root,0,NA,NA,16291,69.6042
14274,17576,root,0,NA,NA,17576,69.5787
14275,14155,root,0,NA,NA,14155,69.5725
14276,8631,root,0,NA,NA,8631,69.5591
14277,11177,root,0,NA,NA,11177,69.5484
14278,11903,root,0,NA,NA,11903,69.5432
14279,6275,root,0,NA,NA,6275,69.5423
14280,13926,root,0,NA,NA,13926,69.5374
14281,16786,root,0,NA,NA,16786,69.5114
14282,17018,root,0,NA,NA,17018,69.5005
14283,11202,root,0,NA,NA,11202,69.4947
14284,12546,root,0,NA,NA,12546,69.4937
14285,17745,root,0,NA,NA,17745,69.4758
14286,10018,root,0,NA,NA,10018,69.4685
14287,14389,root,0,NA,NA,14389,69.4635
14288,19726,root,0,NA,NA,19726,69.4589
14289,16765,root,0,NA,NA,16765,69.4565
14290,15816,root,0,NA,NA,15816,69.4521
14291,15113,root,0,NA,NA,15113,69.4208
14292,5971,root,0,NA,NA,5971,69.4144
14293,10131,root,0,NA,NA,10131,69.4114
14294,16825,root,0,NA,NA,16825,69.4019
14295,13461,root,0,NA,NA,13461,69.4002
14296,12779,root,0,NA,NA,12779,69.398
14297,17688,root,0,NA,NA,17688,69.3717
14298,14868,root,0,NA,NA,14868,69.3599
14299,19328,root,0,NA,NA,19328,69.3557
14300,12520,root,0,NA,NA,12520,69.3519
14301,2974,root,0,NA,NA,2974,69.3141
14302,2977,root,0,NA,NA,2977,69.3141
14303,2982,root,0,NA,NA,2982,69.3141
14304,2985,root,0,NA,NA,2985,69.3141
14305,2990,root,0,NA,NA,2990,69.3141
14306,2995,root,0,NA,NA,2995,69.3141
14307,2998,root,0,NA,NA,2998,69.3141
14308,3003,root,0,NA,NA,3003,69.3141
14309,3011,root,0,NA,NA,3011,69.3141
14310,18593,root,0,NA,NA,18593,69.3024
14311,11657,root,0,NA,NA,11657,69.2922
14312,10507,root,0,NA,NA,10507,69.2695
14313,9800,root,0,NA,NA,9800,69.2525
14314,13874,root,0,NA,NA,13874,69.2509
14315,2114,root,0,NA,NA,2114,69.2493
14316,15326,root,0,NA,NA,15326,69.2353
14317,9467,root,0,NA,NA,9467,69.2339
14318,17035,root,0,NA,NA,17035,69.2262
14319,11689,root,0,NA,NA,11689,69.2191
14320,12273,root,0,NA,NA,12273,69.216
14321,10773,root,0,NA,NA,10773,69.2148
14322,11271,root,0,NA,NA,11271,69.1992
14323,12883,root,0,NA,NA,12883,69.1612
14324,16217,root,0,NA,NA,16217,69.1604
14325,11078,root,0,NA,NA,11078,69.1488
14326,4782,root,0,NA,NA,4782,69.1432
14327,17217,root,0,NA,NA,17217,69.132
14328,16243,root,0,NA,NA,16243,69.1143
14329,4738,root,0,NA,NA,4738,69.1034
14330,13205,root,0,NA,NA,13205,69.0975
14331,3041,root,0,NA,NA,3041,69.0778
14332,1173,root,0,NA,NA,1173,69.0736
14333,1176,root,0,NA,NA,1176,69.0736
14334,1181,root,0,NA,NA,1181,69.0736
14335,1189,root,0,NA,NA,1189,69.0736
14336,1194,root,0,NA,NA,1194,69.0736
14337,1197,root,0,NA,NA,1197,69.0736
14338,1202,root,0,NA,NA,1202,69.0736
14339,1210,root,0,NA,NA,1210,69.0736
14340,9112,root,0,NA,NA,9112,69.0629
14341,14537,root,0,NA,NA,14537,69.0602
14342,15618,root,0,NA,NA,15618,69.0563
14343,12057,root,0,NA,NA,12057,69.0515
14344,14919,root,0,NA,NA,14919,69.0126
14345,4698,root,0,NA,NA,4698,68.9983
14346,18179,root,0,NA,NA,18179,68.9176
14347,16187,root,0,NA,NA,16187,68.9164
14348,13938,root,0,NA,NA,13938,68.903
14349,14011,root,0,NA,NA,14011,68.9029
14350,19841,root,0,NA,NA,19841,68.9022
14351,12550,root,0,NA,NA,12550,68.8933
14352,13618,root,0,NA,NA,13618,68.8904
14353,16543,root,0,NA,NA,16543,68.8901
14354,8801,root,0,NA,NA,8801,68.8858
14355,14373,root,0,NA,NA,14373,68.8849
14356,2936,root,0,NA,NA,2936,68.8836
14357,9361,root,0,NA,NA,9361,68.8778
14358,19041,root,0,NA,NA,19041,68.8767
14359,15490,root,0,NA,NA,15490,68.8681
14360,9377,root,0,NA,NA,9377,68.8539
14361,18951,root,0,NA,NA,18951,68.8483
14362,13843,root,0,NA,NA,13843,68.8468
14363,18529,root,0,NA,NA,18529,68.8393
14364,15678,root,0,NA,NA,15678,68.8316
14365,14526,root,0,NA,NA,14526,68.8251
14366,14497,root,0,NA,NA,14497,68.8244
14367,8285,root,0,NA,NA,8285,68.8201
14368,6573,root,0,NA,NA,6573,68.7923
14369,14832,root,0,NA,NA,14832,68.788
14370,12694,root,0,NA,NA,12694,68.7755
14371,16936,root,0,NA,NA,16936,68.7731
14372,11162,root,0,NA,NA,11162,68.7717
14373,16410,root,0,NA,NA,16410,68.7488
14374,10021,root,0,NA,NA,10021,68.7423
14375,19299,root,0,NA,NA,19299,68.7282
14376,16189,root,0,NA,NA,16189,68.7193
14377,19488,root,0,NA,NA,19488,68.7191
14378,13441,root,0,NA,NA,13441,68.7162
14379,12865,root,0,NA,NA,12865,68.7104
14380,14638,root,0,NA,NA,14638,68.7097
14381,18361,root,0,NA,NA,18361,68.7064
14382,8494,root,0,NA,NA,8494,68.6995
14383,15055,root,0,NA,NA,15055,68.6869
14384,13591,root,0,NA,NA,13591,68.6867
14385,11334,root,0,NA,NA,11334,68.6675
14386,13327,root,0,NA,NA,13327,68.6603
14387,8831,root,0,NA,NA,8831,68.6573
14388,17815,root,0,NA,NA,17815,68.6562
14389,14087,root,0,NA,NA,14087,68.6455
14390,15604,root,0,NA,NA,15604,68.6423
14391,12297,root,0,NA,NA,12297,68.5971
14392,8333,root,0,NA,NA,8333,68.5966
14393,16436,root,0,NA,NA,16436,68.5941
14394,9832,root,0,NA,NA,9832,68.5936
14395,11997,root,0,NA,NA,11997,68.5789
14396,601,root,0,NA,NA,601,68.5717
14397,10868,root,0,NA,NA,10868,68.5704
14398,12688,root,0,NA,NA,12688,68.5699
14399,15491,root,0,NA,NA,15491,68.544
14400,16577,root,0,NA,NA,16577,68.5429
14401,9086,root,0,NA,NA,9086,68.5309
14402,18346,root,0,NA,NA,18346,68.5307
14403,18059,root,0,NA,NA,18059,68.5241
14404,16005,root,0,NA,NA,16005,68.513
14405,13145,root,0,NA,NA,13145,68.5094
14406,15772,root,0,NA,NA,15772,68.5087
14407,15810,root,0,NA,NA,15810,68.503
14408,11935,root,0,NA,NA,11935,68.4956
14409,182,root,0,NA,NA,182,68.4896
14410,13625,root,0,NA,NA,13625,68.4667
14411,2143,root,0,NA,NA,2143,68.4494
14412,14458,root,0,NA,NA,14458,68.449
14413,6269,root,0,NA,NA,6269,68.4465
14414,14896,root,0,NA,NA,14896,68.4394
14415,18927,root,0,NA,NA,18927,68.4329
14416,12618,root,0,NA,NA,12618,68.4106
14417,13876,root,0,NA,NA,13876,68.4086
14418,6564,root,0,NA,NA,6564,68.3939
14419,104,root,0,NA,NA,104,68.3714
14420,8405,root,0,NA,NA,8405,68.3672
14421,10839,root,0,NA,NA,10839,68.3391
14422,9262,root,0,NA,NA,9262,68.3078
14423,8386,root,0,NA,NA,8386,68.3043
14424,12657,root,0,NA,NA,12657,68.2723
14425,18164,root,0,NA,NA,18164,68.2626
14426,114,root,0,NA,NA,114,68.2566
14427,11000,root,0,NA,NA,11000,68.228
14428,15911,root,0,NA,NA,15911,68.2264
14429,17817,root,0,NA,NA,17817,68.2175
14430,10154,root,0,NA,NA,10154,68.2075
14431,9628,root,0,NA,NA,9628,68.1968
14432,16013,root,0,NA,NA,16013,68.1788
14433,11517,root,0,NA,NA,11517,68.1707
14434,15665,root,0,NA,NA,15665,68.1683
14435,18121,root,0,NA,NA,18121,68.1491
14436,3992,root,0,NA,NA,3992,68.1459
14437,5808,root,0,NA,NA,5808,68.143
14438,1287,root,0,NA,NA,1287,68.1364
14439,16231,root,0,NA,NA,16231,68.1118
14440,13731,root,0,NA,NA,13731,68.0716
14441,177,root,0,NA,NA,177,68.0448
14442,12728,root,0,NA,NA,12728,68.0383
14443,17755,root,0,NA,NA,17755,68.0373
14444,13374,root,0,NA,NA,13374,68.031
14445,15142,root,0,NA,NA,15142,68.0199
14446,17033,root,0,NA,NA,17033,68.0151
14447,11099,root,0,NA,NA,11099,68.0059
14448,10565,root,0,NA,NA,10565,68.0027
14449,12164,root,0,NA,NA,12164,67.9783
14450,18929,root,0,NA,NA,18929,67.977
14451,15985,root,0,NA,NA,15985,67.9749
14452,18647,root,0,NA,NA,18647,67.9747
14453,34597,delta,2,0,0,19603,204.001
14454,33864,delta,2,0,0,18870,172.835
14455,32647,delta,2,0,0,17653,172.58
14456,32047,delta,2,0,0,17053,166.301
14457,33201,delta,2,0,0,18207,165.924
14458,42614,delta,2,0,1,12626,163.71
14459,33223,delta,2,0,0,18229,163.598
14460,48446,delta,2,0,1,18458,161.743
14461,41274,delta,2,0,1,11286,160.52
14462,48751,delta,2,0,1,18763,160.51
14463,49593,delta,2,0,1,19605,159.355
14464,39805,delta,2,0,1,9817,159.113
14465,42137,delta,2,0,1,12149,158.69
14466,40596,delta,2,0,1,10608,156.257
14467,42132,delta,2,0,1,12144,155.404
14468,34382,delta,2,0,0,19388,154.03
14469,38397,delta,2,0,1,8409,154.022
14470,33772,delta,2,0,0,18778,153.257
14471,39810,delta,2,0,1,9822,152.354
14472,32050,delta,2,0,0,17056,151.93
14473,31469,delta,2,0,0,16475,150.906
14474,20767,delta,2,0,0,5773,150.887
14475,38389,delta,2,0,1,8401,148.612
14476,40601,delta,2,0,1,10613,147.813
14477,20780,delta,2,0,0,5786,147.535
14478,47575,delta,2,0,1,17587,147.329
14479,28438,delta,2,0,0,13444,146.457
14480,39661,delta,2,0,1,9673,146.003
14481,49588,delta,2,0,1,19600,145.857
14482,20466,delta,2,0,0,5472,145.73
14483,40113,delta,2,0,1,10125,145.078
14484,38896,delta,2,0,1,8908,144.95
14485,20754,delta,2,0,0,5760,144.855
14486,47268,delta,2,0,1,17280,144.491
14487,40517,delta,2,0,1,10529,144.049
14488,32594,delta,2,0,0,17600,143.02
14489,33859,delta,2,0,0,18865,143.009
14490,38402,delta,2,0,1,8414,142.732
14491,39648,delta,2,0,1,9660,142.426
14492,38546,delta,2,0,1,8558,142.392
14493,20998,delta,2,0,0,6004,141.938
14494,21019,delta,2,0,0,6025,141.922
14495,20828,delta,2,0,0,5834,141.781
14496,34600,delta,2,0,0,19606,141.773
14497,43282,delta,2,0,1,13294,141.727
14498,38987,delta,2,0,1,8999,141.3
14499,20775,delta,2,0,0,5781,141.195
14500,42184,delta,2,0,1,12196,141.184
14501,40838,delta,2,0,1,10850,140.907
14502,20815,delta,2,0,0,5821,140.407
14503,38906,delta,2,0,1,8918,140.387
14504,47111,delta,2,0,1,17123,140.265
14505,20759,delta,2,0,0,5765,139.854
14506,39800,delta,2,0,1,9812,139.784
14507,33206,delta,2,0,0,18212,139.732
14508,40158,delta,2,0,1,10170,138.902
14509,39653,delta,2,0,1,9665,138.245
14510,20474,delta,2,0,0,5480,138.178
14511,46488,delta,2,0,1,16500,138.156
14512,43277,delta,2,0,1,13289,138.058
14513,20762,delta,2,0,0,5768,137.989
14514,21011,delta,2,0,0,6017,137.983
14515,20841,delta,2,0,0,5847,137.752
14516,20364,delta,2,0,0,5370,137.373
14517,20783,delta,2,0,0,5789,137.134
14518,48767,delta,2,0,1,18779,137.04
14519,44179,delta,2,0,1,14191,136.959
14520,20385,delta,2,0,0,5391,136.594
14521,48857,delta,2,0,1,18869,136.43
14522,29045,delta,2,0,0,14051,136.286
14523,47576,delta,2,0,1,17588,136.177
14524,41936,delta,2,0,1,11948,136.159
14525,42849,delta,2,0,1,12861,136.067
14526,20770,delta,2,0,0,5776,135.936
14527,20178,delta,2,0,0,5184,135.585
14528,22100,delta,2,0,0,7106,135.367
14529,27770,delta,2,0,0,12776,135.329
14530,32031,delta,2,0,0,17037,135.241
14531,20118,delta,2,0,0,5124,135.11
14532,46401,delta,2,0,1,16413,135.018
14533,29679,delta,2,0,0,14685,134.615
14534,38974,delta,2,0,1,8986,134.339
14535,48216,delta,2,0,1,18228,133.982
14536,20772,delta,2,0,0,5778,133.876
14537,41287,delta,2,0,1,11299,133.746
14538,34379,delta,2,0,0,19385,133.704
14539,21006,delta,2,0,0,6012,133.681
14540,30825,delta,2,0,0,15831,133.676
14541,20757,delta,2,0,0,5763,133.669
14542,31404,delta,2,0,0,16410,133.669
14543,32620,delta,2,0,0,17626,133.597
14544,20097,delta,2,0,0,5103,133.519
14545,46396,delta,2,0,1,16408,133.499
14546,38898,delta,2,0,1,8910,133.266
14547,22092,delta,2,0,0,7098,133.25
14548,49940,delta,2,0,1,19952,133.159
14549,20836,delta,2,0,0,5842,133.12
14550,46982,delta,2,0,1,16994,133.012
14551,32642,delta,2,0,0,17648,132.958
14552,29074,delta,2,0,0,14080,132.631
14553,40833,delta,2,0,1,10845,132.428
14554,46535,delta,2,0,1,16547,132.355
14555,49408,delta,2,0,1,19420,132.264
14556,22160,delta,2,0,0,7166,132.111
14557,30875,delta,2,0,0,15881,131.96
14558,21586,delta,2,0,0,6592,131.935
14559,37859,delta,2,0,1,7871,131.922
14560,47045,delta,2,0,1,17057,131.88
14561,28517,delta,2,0,0,13523,131.75
14562,22307,delta,2,0,0,7313,131.727
14563,46493,delta,2,0,1,16505,131.577
14564,21053,delta,2,0,0,6059,131.364
14565,20820,delta,2,0,0,5826,131.219
14566,29650,delta,2,0,0,14656,130.96
14567,23550,delta,2,0,0,8556,130.71
14568,20372,delta,2,0,0,5378,130.564
14569,42134,delta,2,0,1,12146,130.529
14570,42846,delta,2,0,1,12858,130.449
14571,47591,delta,2,0,1,17603,130.439
14572,20165,delta,2,0,0,5171,130.4
14573,30289,delta,2,0,0,15295,130.316
14574,40121,delta,2,0,1,10133,130.311
14575,20157,delta,2,0,0,5163,130.299
14576,46475,delta,2,0,1,16487,130.259
14577,40100,delta,2,0,1,10112,130.226
14578,41939,delta,2,0,1,11951,130.224
14579,41947,delta,2,0,1,11959,130.155
14580,39656,delta,2,0,1,9668,130.091
14581,43527,delta,2,0,1,13539,129.544
14582,30242,delta,2,0,0,15248,129.397
14583,49025,delta,2,0,1,19037,129.183
14584,21032,delta,2,0,0,6038,128.967
14585,38911,delta,2,0,1,8923,128.955
14586,34950,delta,2,0,0,19956,128.949
14587,37854,delta,2,0,1,7866,128.814
14588,24674,delta,2,0,0,9680,128.729
14589,34963,delta,2,0,0,19969,128.674
14590,39792,delta,2,0,1,9804,128.591
14591,39784,delta,2,0,1,9796,128.588
14592,22861,delta,2,0,0,7867,128.547
14593,21110,delta,2,0,0,6116,128.489
14594,29328,delta,2,0,0,14334,128.487
14595,37626,delta,2,0,1,7638,128.406
14596,49536,delta,2,0,1,19548,128.386
14597,20864,delta,2,0,0,5870,128.343
14598,38979,delta,2,0,1,8991,128.315
14599,41676,delta,2,0,1,11688,128.245
14600,29061,delta,2,0,0,14067,127.889
14601,48415,delta,2,0,1,18427,127.852
14602,44137,delta,2,0,1,14149,127.693
14603,20550,delta,2,0,0,5556,127.662
14604,28454,delta,2,0,0,13460,127.541
14605,20613,delta,2,0,0,5619,127.439
14606,30870,delta,2,0,0,15876,127.405
14607,34947,delta,2,0,0,19953,127.398
14608,20778,delta,2,0,0,5784,127.383
14609,21594,delta,2,0,0,6600,127.199
14610,33785,delta,2,0,0,18791,127.151
14611,23047,delta,2,0,0,8053,127.106
14612,36592,delta,2,0,1,6604,127.092
14613,21186,delta,2,0,0,6192,126.911
14614,47056,delta,2,0,1,17068,126.854
14615,20851,delta,2,0,0,5857,126.77
14616,28498,delta,2,0,0,13504,126.733
14617,20906,delta,2,0,0,5912,126.606
14618,48762,delta,2,0,1,18774,126.55
14619,20529,delta,2,0,0,5535,126.549
14620,39797,delta,2,0,1,9809,126.471
14621,20919,delta,2,0,0,5925,126.469
14622,34945,delta,2,0,0,19951,126.424
14623,27841,delta,2,0,0,12847,126.423
14624,41456,delta,2,0,1,11468,126.389
14625,42617,delta,2,0,1,12629,126.371
14626,21379,delta,2,0,0,6385,126.288
14627,31433,delta,2,0,0,16439,126.204
14628,38901,delta,2,0,1,8913,126.122
14629,48441,delta,2,0,1,18453,126.055
14630,43687,delta,2,0,1,13699,126.027
14631,22623,delta,2,0,0,7629,125.855
14632,20626,delta,2,0,0,5632,125.772
14633,33769,delta,2,0,0,18775,125.759
14634,39831,delta,2,0,1,9843,125.72
14635,22425,delta,2,0,0,7431,125.674
14636,34960,delta,2,0,0,19966,125.571
14637,20516,delta,2,0,0,5522,125.542
14638,48795,delta,2,0,1,18807,125.487
14639,27171,delta,2,0,0,12177,125.364
14640,40202,delta,2,0,1,10214,125.284
14641,21212,delta,2,0,0,6218,125.276
14642,20563,delta,2,0,0,5569,125.178
14643,21631,delta,2,0,0,6637,125.158
14644,44559,delta,2,0,1,14571,125.14
14645,20571,delta,2,0,0,5577,125.077
14646,20110,delta,2,0,0,5116,124.964
14647,31447,delta,2,0,0,16453,124.868
14648,20170,delta,2,0,0,5176,124.862
14649,33175,delta,2,0,0,18181,124.862
14650,21568,delta,2,0,0,6574,124.819
14651,20927,delta,2,0,0,5933,124.794
14652,33798,delta,2,0,0,18804,124.721
14653,32596,delta,2,0,0,17602,124.72
14654,29606,delta,2,0,0,14612,124.67
14655,20393,delta,2,0,0,5399,124.425
14656,32625,delta,2,0,0,17631,124.342
14657,40606,delta,2,0,1,10618,124.327
14658,43960,delta,2,0,1,13972,124.312
14659,21097,delta,2,0,0,6103,124.225
14660,22288,delta,2,0,0,7294,124.164
14661,20012,delta,2,0,0,5018,124.149
14662,43363,delta,2,0,1,13375,124.148
14663,48417,delta,2,0,1,18429,124.087
14664,45803,delta,2,0,1,15815,124.075
14665,23474,delta,2,0,0,8480,124.001
14666,20872,delta,2,0,0,5878,123.928
14667,38992,delta,2,0,1,9004,123.853
14668,20485,delta,2,0,0,5491,123.811
14669,22189,delta,2,0,0,7195,123.7
14670,21199,delta,2,0,0,6205,123.424
14671,21270,delta,2,0,0,6276,123.403
14672,37791,delta,2,0,1,7803,123.395
14673,27108,delta,2,0,0,12114,123.359
14674,43022,delta,2,0,1,13034,123.352
14675,34368,delta,2,0,0,19374,123.326
14676,20914,delta,2,0,0,5920,123.083
14677,39000,delta,2,0,1,9012,123.064
14678,49590,delta,2,0,1,19602,123.041
14679,23482,delta,2,0,0,8488,123.004
14680,22152,delta,2,0,0,7158,122.892
14681,21602,delta,2,0,0,6608,122.874
14682,21361,delta,2,0,0,6367,122.859
14683,20788,delta,2,0,0,5794,122.783
14684,39839,delta,2,0,1,9851,122.77
14685,21233,delta,2,0,0,6239,122.759
14686,21374,delta,2,0,0,6380,122.703
14687,46413,delta,2,0,1,16425,122.676
14688,29116,delta,2,0,0,14122,122.647
14689,42630,delta,2,0,1,12642,122.63
14690,21468,delta,2,0,0,6474,122.615
14691,28385,delta,2,0,0,13391,122.598
14692,22333,delta,2,0,0,7339,122.549
14693,37736,delta,2,0,1,7748,122.365
14694,30872,delta,2,0,0,15878,122.342
14695,27652,delta,2,0,0,12658,122.335
14696,22704,delta,2,0,0,7710,122.262
14697,20047,delta,2,0,0,5053,122.161
14698,30890,delta,2,0,0,15896,122.124
14699,32063,delta,2,0,0,17069,122.065
14700,48765,delta,2,0,1,18777,122.036
14701,46462,delta,2,0,1,16474,121.995
14702,31407,delta,2,0,0,16413,121.98
14703,23409,delta,2,0,0,8415,121.947
14704,23469,delta,2,0,0,8475,121.931
14705,23668,delta,2,0,0,8674,121.898
14706,48414,delta,2,0,1,18426,121.852
14707,27095,delta,2,0,0,12101,121.839
14708,21859,delta,2,0,0,6865,121.591
14709,42802,delta,2,0,1,12814,121.504
14710,48221,delta,2,0,1,18233,121.493
14711,27705,delta,2,0,0,12711,121.373
14712,40773,delta,2,0,1,10785,121.359
14713,30184,delta,2,0,0,15190,121.276
14714,20215,delta,2,0,0,5221,121.249
14715,20823,delta,2,0,0,5829,121.205
14716,20537,delta,2,0,0,5543,121.087
14717,33238,delta,2,0,0,18244,121.036
14718,19994,delta,2,0,0,5000,121.008
14719,32060,delta,2,0,0,17066,120.993
14720,20809,delta,2,0,0,5815,120.986
14721,40786,delta,2,0,1,10798,120.946
14722,21165,delta,2,0,0,6171,120.916
14723,27825,delta,2,0,0,12831,120.846
14724,33822,delta,2,0,0,18828,120.817
14725,21071,delta,2,0,0,6077,120.788
14726,37132,delta,2,0,1,7144,120.753
14727,31526,delta,2,0,0,16532,120.685
14728,20922,delta,2,0,0,5928,120.649
14729,21152,delta,2,0,0,6158,120.645
14730,31095,delta,2,0,0,16101,120.629
14731,20765,delta,2,0,0,5771,120.628
14732,30333,delta,2,0,0,15339,120.611
14733,47265,delta,2,0,1,17277,120.576
14734,21463,delta,2,0,0,6469,120.536
14735,20236,delta,2,0,0,5242,120.533
14736,20034,delta,2,0,0,5040,120.381
14737,45315,delta,2,0,1,15327,120.256
14738,34404,delta,2,0,0,19410,120.236
14739,20173,delta,2,0,0,5179,120.226
14740,25335,delta,2,0,0,10341,120.197
14741,27854,delta,2,0,0,12860,120.191
14742,45802,delta,2,0,1,15814,120.095
14743,48764,delta,2,0,1,18776,120.087
14744,38982,delta,2,0,1,8994,119.982
14745,29896,delta,2,0,0,14902,119.911
14746,20909,delta,2,0,0,5915,119.908
14747,30885,delta,2,0,0,15891,119.892
14748,23440,delta,2,0,0,8446,119.852
14749,23611,delta,2,0,0,8617,119.812
14750,48790,delta,2,0,1,18802,119.705
14751,20020,delta,2,0,0,5026,119.703
14752,22503,delta,2,0,0,7509,119.683
14753,21173,delta,2,0,0,6179,119.646
14754,20025,delta,2,0,0,5031,119.643
14755,20990,delta,2,0,0,5996,119.624
14756,42015,delta,2,0,1,12027,119.61
14757,47635,delta,2,0,1,17647,119.6
14758,20506,delta,2,0,0,5512,119.596
14759,20875,delta,2,0,0,5881,119.587
14760,21134,delta,2,0,0,6140,119.527
14761,20558,delta,2,0,0,5564,119.455
14762,34363,delta,2,0,0,19369,119.414
14763,23477,delta,2,0,0,8483,119.392
14764,27718,delta,2,0,0,12724,119.386
14765,44183,delta,2,0,1,14195,119.373
14766,20033,delta,2,0,0,5039,119.363
14767,20888,delta,2,0,0,5894,119.344
14768,21142,delta,2,0,0,6148,119.237
14769,38538,delta,2,0,1,8550,119.181
14770,33863,delta,2,0,0,18869,119.171
14771,33782,delta,2,0,0,18788,119.168
14772,48412,delta,2,0,1,18424,119.103
14773,21254,delta,2,0,0,6260,119.06
14774,20498,delta,2,0,0,5504,119.027
14775,22293,delta,2,0,0,7299,119.021
14776,47586,delta,2,0,1,17598,118.942
14777,48754,delta,2,0,1,18766,118.926
14778,21851,delta,2,0,0,6857,118.918
14779,29700,delta,2,0,0,14706,118.88
14780,23566,delta,2,0,0,8572,118.76
14781,21160,delta,2,0,0,6166,118.692
14782,22354,delta,2,0,0,7360,118.691
14783,21121,delta,2,0,0,6127,118.686
14784,30929,delta,2,0,0,15935,118.654
14785,43480,delta,2,0,1,13492,118.654
14786,40828,delta,2,0,1,10840,118.594
14787,47849,delta,2,0,1,17861,118.546
14788,21348,delta,2,0,0,6354,118.509
14789,20977,delta,2,0,0,5983,118.458
14790,20194,delta,2,0,0,5200,118.448
14791,25647,delta,2,0,0,10653,118.386
14792,20673,delta,2,0,0,5679,118.343
14793,46459,delta,2,0,1,16471,118.341
14794,22605,delta,2,0,0,7611,118.295
14795,37851,delta,2,0,1,7863,118.275
14796,28470,delta,2,0,0,13476,118.272
14797,29697,delta,2,0,0,14703,118.219
14798,23901,delta,2,0,0,8907,118.19
14799,31069,delta,2,0,0,16075,118.149
14800,24105,delta,2,0,0,9111,118.125
14801,28380,delta,2,0,0,13386,118.092
14802,23600,delta,2,0,0,8606,118.049
14803,20600,delta,2,0,0,5606,117.902
14804,23987,delta,2,0,0,8993,117.863
14805,27700,delta,2,0,0,12706,117.854
14806,37642,delta,2,0,1,7654,117.845
14807,20930,delta,2,0,0,5936,117.842
14808,20004,delta,2,0,0,5010,117.735
14809,47589,delta,2,0,1,17601,117.731
14810,39808,delta,2,0,1,9820,117.707
14811,21241,delta,2,0,0,6247,117.699
14812,20060,delta,2,0,0,5066,117.66
14813,49955,delta,2,0,1,19967,117.626
14814,22296,delta,2,0,0,7302,117.524
14815,22843,delta,2,0,0,7849,117.52
14816,21246,delta,2,0,0,6252,117.411
14817,20634,delta,2,0,0,5640,117.392
14818,46355,delta,2,0,1,16367,117.318
14819,24891,delta,2,0,0,9897,117.317
14820,20686,delta,2,0,0,5692,117.296
14821,47640,delta,2,0,1,17652,117.276
14822,23718,delta,2,0,0,8724,117.274
14823,20935,delta,2,0,0,5941,117.189
14824,38572,delta,2,0,1,8584,117.139
14825,38872,delta,2,0,1,8884,117.104
14826,21995,delta,2,0,0,7001,117.081
14827,20207,delta,2,0,0,5213,117.08
14828,34399,delta,2,0,0,19405,117.072
14829,23710,delta,2,0,0,8716,117.039
14830,21262,delta,2,0,0,6268,117.019
14831,28412,delta,2,0,0,13418,117.014
14832,33862,delta,2,0,0,18868,116.939
14833,27731,delta,2,0,0,12737,116.934
14834,20002,delta,2,0,0,5008,116.919
14835,45864,delta,2,0,1,15876,116.9
14836,41503,delta,2,0,1,11515,116.813
14837,23422,delta,2,0,0,8428,116.801
14838,23896,delta,2,0,0,8902,116.737
14839,46398,delta,2,0,1,16410,116.723
14840,21445,delta,2,0,0,6451,116.716
14841,22798,delta,2,0,0,7804,116.708
14842,21291,delta,2,0,0,6297,116.706
14843,48443,delta,2,0,1,18455,116.67
14844,20948,delta,2,0,0,5954,116.644
14845,32015,delta,2,0,0,17021,116.52
14846,32280,delta,2,0,0,17286,116.512
14847,22448,delta,2,0,0,7454,116.479
14848,30294,delta,2,0,0,15300,116.454
14849,20228,delta,2,0,0,5234,116.445
14850,21340,delta,2,0,0,6346,116.425
14851,21298,delta,2,0,0,6304,116.404
14852,21403,delta,2,0,0,6409,116.371
14853,30231,delta,2,0,0,15237,116.323
14854,45357,delta,2,0,1,15369,116.317
14855,39816,delta,2,0,1,9828,116.287
14856,29184,delta,2,0,0,14190,116.266
14857,34595,delta,2,0,0,19601,116.263
14858,23893,delta,2,0,0,8899,116.255
14859,33188,delta,2,0,0,18194,116.241
14860,39787,delta,2,0,1,9799,116.178
14861,27671,delta,2,0,0,12677,116.062
14862,22139,delta,2,0,0,7145,116.049
14863,25642,delta,2,0,0,10648,116.017
14864,33817,delta,2,0,0,18823,115.997
14865,36597,delta,2,0,1,6609,115.937
14866,42116,delta,2,0,1,12128,115.934
14867,21990,delta,2,0,0,6996,115.928
14868,34946,delta,2,0,0,19952,115.914
14869,37140,delta,2,0,1,7152,115.704
14870,23558,delta,2,0,0,8564,115.7
14871,20647,delta,2,0,0,5653,115.672
14872,40783,delta,2,0,1,10795,115.641
14873,39053,delta,2,0,1,9065,115.623
14874,27113,delta,2,0,0,12119,115.602
14875,20524,delta,2,0,0,5530,115.585
14876,30255,delta,2,0,0,15261,115.573
14877,21225,delta,2,0,0,6231,115.554
14878,44773,delta,2,0,1,14785,115.508
14879,23817,delta,2,0,0,8823,115.497
14880,22464,delta,2,0,0,7470,115.495
14881,25027,delta,2,0,0,10033,115.487
14882,24964,delta,2,0,0,9970,115.441
14883,22780,delta,2,0,0,7786,115.437
14884,32048,delta,2,0,0,17054,115.407
14885,46979,delta,2,0,1,16991,115.367
14886,47637,delta,2,0,1,17649,115.293
14887,22652,delta,2,0,0,7658,115.29
14888,20579,delta,2,0,0,5585,115.256
14889,49762,delta,2,0,1,19774,115.184
14890,21801,delta,2,0,0,6807,115.183
14891,28415,delta,2,0,0,13421,115.183
14892,21126,delta,2,0,0,6132,115.168
14893,20655,delta,2,0,0,5661,115.155
14894,22717,delta,2,0,0,7723,115.123
14895,45867,delta,2,0,1,15879,115.1
14896,34401,delta,2,0,0,19407,115.092
14897,21416,delta,2,0,0,6422,115.088
14898,45210,delta,2,0,1,15222,115.086
14899,44731,delta,2,0,1,14743,115.035
14900,40622,delta,2,0,1,10634,114.997
14901,46461,delta,2,0,1,16473,114.967
14902,20461,delta,2,0,0,5467,114.961
14903,43308,delta,2,0,1,13320,114.939
14904,21259,delta,2,0,0,6265,114.835
14905,20956,delta,2,0,0,5962,114.82
14906,31418,delta,2,0,0,16424,114.81
14907,40520,delta,2,0,1,10532,114.787
14908,48416,delta,2,0,1,18428,114.717
14909,48413,delta,2,0,1,18425,114.715
14910,41970,delta,2,0,1,11982,114.71
14911,40197,delta,2,0,1,10209,114.699
14912,21040,delta,2,0,0,6046,114.677
14913,22594,delta,2,0,0,7600,114.662
14914,22380,delta,2,0,0,7386,114.583
14915,33774,delta,2,0,0,18780,114.553
14916,32593,delta,2,0,0,17599,114.533
14917,36372,delta,2,0,1,6384,114.521
14918,23974,delta,2,0,0,8980,114.504
14919,21147,delta,2,0,0,6153,114.368
14920,45222,delta,2,0,1,15234,114.334
14921,22299,delta,2,0,0,7305,114.262
14922,23825,delta,2,0,0,8831,114.224
14923,48854,delta,2,0,1,18866,114.186
14924,25684,delta,2,0,0,10690,114.18
14925,25692,delta,2,0,0,10698,114.136
14926,23676,delta,2,0,0,8682,114.123
14927,20014,delta,2,0,0,5020,114.122
14928,21759,delta,2,0,0,6765,114.105
14929,29323,delta,2,0,0,14329,114.093
14930,36364,delta,2,0,1,6376,114.069
14931,26427,delta,2,0,0,11433,114.058
14932,20303,delta,2,0,0,5309,113.994
14933,23039,delta,2,0,0,8045,113.913
14934,38541,delta,2,0,1,8553,113.887
14935,31511,delta,2,0,0,16517,113.844
14936,47116,delta,2,0,1,17128,113.83
14937,21453,delta,2,0,0,6459,113.819
14938,45936,delta,2,0,1,15948,113.817
14939,25207,delta,2,0,0,10213,113.813
14940,46090,delta,2,0,1,16102,113.805
14941,48183,delta,2,0,1,18195,113.801
14942,27066,delta,2,0,0,12072,113.792
14943,40794,delta,2,0,1,10806,113.776
14944,20142,delta,2,0,0,5148,113.763
14945,26289,delta,2,0,0,11295,113.755
14946,32246,delta,2,0,0,17252,113.713
14947,48431,delta,2,0,1,18443,113.698
14948,24878,delta,2,0,0,9884,113.67
14949,36377,delta,2,0,1,6389,113.667
14950,46977,delta,2,0,1,16989,113.665
14951,26477,delta,2,0,0,11483,113.642
14952,21330,delta,2,0,0,6336,113.625
14953,23966,delta,2,0,0,8972,113.608
14954,38577,delta,2,0,1,8589,113.594
14955,21220,delta,2,0,0,6226,113.583
14956,20105,delta,2,0,0,5111,113.583
14957,27040,delta,2,0,0,12046,113.582
14958,22576,delta,2,0,0,7582,113.495
14959,21139,delta,2,0,0,6145,113.46
14960,37720,delta,2,0,1,7732,113.453
14961,48214,delta,2,0,1,18226,113.441
14962,25014,delta,2,0,0,10020,113.439
14963,39058,delta,2,0,1,9070,113.417
14964,45806,delta,2,0,1,15818,113.397
14965,38995,delta,2,0,1,9007,113.36
14966,23414,delta,2,0,0,8420,113.33
14967,37647,delta,2,0,1,7659,113.328
14968,25019,delta,2,0,0,10025,113.307
14969,49958,delta,2,0,1,19970,113.288
14970,24723,delta,2,0,0,9729,113.271
14971,24715,delta,2,0,0,9721,113.27
14972,39789,delta,2,0,1,9801,113.205
14973,22228,delta,2,0,0,7234,113.169
14974,22181,delta,2,0,0,7187,113.155
14975,47039,delta,2,0,1,17051,113.126
14976,22631,delta,2,0,0,7637,113.082
14977,24377,delta,2,0,0,9383,113.076
14978,20642,delta,2,0,0,5648,113.06
14979,37799,delta,2,0,1,7811,113.044
14980,27124,delta,2,0,0,12130,112.945
14981,25608,delta,2,0,0,10614,112.861
14982,47034,delta,2,0,1,17046,112.837
14983,22147,delta,2,0,0,7153,112.825
14984,21411,delta,2,0,0,6417,112.815
14985,22665,delta,2,0,0,7671,112.801
14986,21793,delta,2,0,0,6799,112.798
14987,23582,delta,2,0,0,8588,112.796
14988,21500,delta,2,0,0,6506,112.774
14989,49009,delta,2,0,1,19021,112.742
14990,45807,delta,2,0,1,15819,112.727
14991,23461,delta,2,0,0,8467,112.694
14992,27786,delta,2,0,0,12792,112.689
14993,45207,delta,2,0,1,15219,112.67
14994,21854,delta,2,0,0,6860,112.67
14995,37862,delta,2,0,1,7874,112.653
14996,48157,delta,2,0,1,18169,112.644
14997,22391,delta,2,0,0,7397,112.581
14998,30810,delta,2,0,0,15816,112.566
14999,23723,delta,2,0,0,8729,112.562
15000,32001,delta,2,0,0,17007,112.513
15001,31679,delta,2,0,0,16685,112.509
15002,22414,delta,2,0,0,7420,112.49
15003,21424,delta,2,0,0,6430,112.477
15004,21508,delta,2,0,0,6514,112.461
15005,38877,delta,2,0,1,8889,112.442
15006,25157,delta,2,0,0,10163,112.389
15007,20511,delta,2,0,0,5517,112.381
15008,25105,delta,2,0,0,10111,112.368
15009,20660,delta,2,0,0,5666,112.368
15010,29595,delta,2,0,0,14601,112.327
15011,21437,delta,2,0,0,6443,112.32
15012,21521,delta,2,0,0,6527,112.308
15013,24993,delta,2,0,0,9999,112.295
15014,39821,delta,2,0,1,9833,112.256
15015,22725,delta,2,0,0,7731,112.232
15016,27802,delta,2,0,0,12808,112.212
15017,23453,delta,2,0,0,8459,112.206
15018,38880,delta,2,0,1,8892,112.156
15019,20663,delta,2,0,0,5669,112.15
15020,35475,delta,2,0,1,5487,112.113
15021,34366,delta,2,0,0,19372,112.107
15022,22456,delta,2,0,0,7462,112.099
15023,22223,delta,2,0,0,7229,112.096
15024,27807,delta,2,0,0,12813,112.095
15025,29011,delta,2,0,0,14017,112.076
15026,24055,delta,2,0,0,9061,112.073
15027,21238,delta,2,0,0,6244,112.055
15028,43313,delta,2,0,1,13325,112.034
15029,28690,delta,2,0,0,13696,111.995
15030,23215,delta,2,0,0,8221,111.933
15031,22514,delta,2,0,0,7520,111.925
15032,21780,delta,2,0,0,6786,111.899
15033,22712,delta,2,0,0,7718,111.885
15034,20961,delta,2,0,0,5967,111.885
15035,40602,delta,2,0,1,10614,111.86
15036,21249,delta,2,0,0,6255,111.846
15037,45870,delta,2,0,1,15882,111.836
15038,41945,delta,2,0,1,11957,111.82
15039,46400,delta,2,0,1,16412,111.759
15040,21958,delta,2,0,0,6964,111.737
15041,24702,delta,2,0,0,9708,111.713
15042,28695,delta,2,0,0,13701,111.712
15043,22696,delta,2,0,0,7702,111.712
15044,30849,delta,2,0,0,15855,111.7
15045,21343,delta,2,0,0,6349,111.687
15046,22461,delta,2,0,0,7467,111.613
15047,29077,delta,2,0,0,14083,111.579
15048,48815,delta,2,0,1,18827,111.568
15049,47040,delta,2,0,1,17052,111.561
15050,42139,delta,2,0,1,12151,111.527
15051,22477,delta,2,0,0,7483,111.525
15052,21966,delta,2,0,0,6972,111.503
15053,21168,delta,2,0,0,6174,111.482
15054,47536,delta,2,0,1,17548,111.478
15055,45732,delta,2,0,1,15744,111.47
15056,36369,delta,2,0,1,6381,111.464
15057,25749,delta,2,0,0,10755,111.463
15058,21856,delta,2,0,0,6862,111.454
15059,43518,delta,2,0,1,13530,111.436
15060,33177,delta,2,0,0,18183,111.425
15061,25561,delta,2,0,0,10567,111.41
15062,23249,delta,2,0,0,8255,111.331
15063,44760,delta,2,0,1,14772,111.32
15064,23223,delta,2,0,0,8229,111.298
15065,20290,delta,2,0,0,5296,111.288
15066,31444,delta,2,0,0,16450,111.255
15067,24728,delta,2,0,0,9734,111.241
15068,23838,delta,2,0,0,8844,111.226
15069,24906,delta,2,0,0,9912,111.145
15070,41271,delta,2,0,1,11283,111.112
15071,20592,delta,2,0,0,5598,111.085
15072,22636,delta,2,0,0,7642,111.066
15073,23571,delta,2,0,0,8577,111.026
15074,24948,delta,2,0,0,9954,111.008
15075,20027,delta,2,0,0,5033,110.973
15076,20639,delta,2,0,0,5645,110.936
15077,24047,delta,2,0,0,9053,110.933
15078,29048,delta,2,0,0,14054,110.912
15079,27035,delta,2,0,0,12041,110.831
15080,48428,delta,2,0,1,18440,110.828
15081,21063,delta,2,0,0,6069,110.792
15082,48196,delta,2,0,1,18208,110.784
15083,22788,delta,2,0,0,7794,110.777
15084,45912,delta,2,0,1,15924,110.761
15085,30813,delta,2,0,0,15819,110.757
15086,38585,delta,2,0,1,8597,110.719
15087,25152,delta,2,0,0,10158,110.656
15088,21129,delta,2,0,0,6135,110.648
15089,31365,delta,2,0,0,16371,110.608
15090,26495,delta,2,0,0,11501,110.595
15091,33770,delta,2,0,0,18776,110.574
15092,20901,delta,2,0,0,5907,110.568
15093,23752,delta,2,0,0,8758,110.567
15094,32579,delta,2,0,0,17585,110.543
15095,32002,delta,2,0,0,17008,110.514
15096,23417,delta,2,0,0,8423,110.481
15097,21741,delta,2,0,0,6747,110.455
15098,23898,delta,2,0,0,8904,110.445
15099,24068,delta,2,0,0,9074,110.412
15100,39834,delta,2,0,1,9846,110.405
15101,25081,delta,2,0,0,10087,110.404
15102,21118,delta,2,0,0,6124,110.383
15103,20940,delta,2,0,0,5946,110.379
15104,45218,delta,2,0,1,15230,110.373
15105,44631,delta,2,0,1,14643,110.359
15106,41949,delta,2,0,1,11961,110.341
15107,23739,delta,2,0,0,8745,110.337
15108,22522,delta,2,0,0,7528,110.308
15109,22691,delta,2,0,0,7697,110.293
15110,22895,delta,2,0,0,7901,110.277
15111,20223,delta,2,0,0,5229,110.229
15112,30543,delta,2,0,0,15549,110.228
15113,32598,delta,2,0,0,17604,110.196
15114,23958,delta,2,0,0,8964,110.185
15115,46530,delta,2,0,1,16542,110.181
15116,38580,delta,2,0,1,8592,110.167
15117,20007,delta,2,0,0,5013,110.162
15118,22837,delta,2,0,0,7843,110.109
15119,28336,delta,2,0,0,13342,110.074
15120,20272,delta,2,0,0,5278,110.033
15121,26480,delta,2,0,0,11486,109.993
15122,31420,delta,2,0,0,16426,109.992
15123,47010,delta,2,0,1,17022,109.964
15124,41193,delta,2,0,1,11205,109.953
15125,25765,delta,2,0,0,10771,109.914
15126,25043,delta,2,0,0,10049,109.856
15127,20160,delta,2,0,0,5166,109.826
15128,23969,delta,2,0,0,8975,109.806
15129,40163,delta,2,0,1,10175,109.804
15130,29113,delta,2,0,0,14119,109.785
15131,21335,delta,2,0,0,6341,109.776
15132,48218,delta,2,0,1,18230,109.74
15133,25076,delta,2,0,0,10082,109.715
15134,35462,delta,2,0,1,5474,109.698
15135,23472,delta,2,0,0,8478,109.691
15136,47615,delta,2,0,1,17627,109.683
15137,27155,delta,2,0,0,12161,109.678
15138,34398,delta,2,0,0,19404,109.674
15139,28255,delta,2,0,0,13261,109.657
15140,22613,delta,2,0,0,7619,109.647
15141,41451,delta,2,0,1,11463,109.602
15142,39795,delta,2,0,1,9807,109.58
15143,24865,delta,2,0,0,9871,109.567
15144,26231,delta,2,0,0,11237,109.566
15145,46559,delta,2,0,1,16571,109.56
15146,27056,delta,2,0,0,12062,109.544
15147,49929,delta,2,0,1,19941,109.536
15148,20009,delta,2,0,0,5015,109.486
15149,29674,delta,2,0,0,14680,109.477
15150,22730,delta,2,0,0,7736,109.452
15151,49012,delta,2,0,1,19024,109.431
15152,25569,delta,2,0,0,10575,109.362
15153,30291,delta,2,0,0,15297,109.351
15154,32689,delta,2,0,0,17695,109.341
15155,22767,delta,2,0,0,7773,109.285
15156,47574,delta,2,0,1,17586,109.273
15157,25030,delta,2,0,0,10036,109.272
15158,49521,delta,2,0,1,19533,109.266
15159,40617,delta,2,0,1,10629,109.266
15160,23877,delta,2,0,0,8883,109.258
15161,20055,delta,2,0,0,5061,109.229
15162,30873,delta,2,0,0,15879,109.221
15163,24029,delta,2,0,0,9035,109.218
15164,44625,delta,2,0,1,14637,109.204
15165,47042,delta,2,0,1,17054,109.174
15166,46414,delta,2,0,1,16426,109.153
15167,31521,delta,2,0,0,16527,109.132
15168,40168,delta,2,0,1,10180,109.121
15169,20241,delta,2,0,0,5247,109.095
15170,27820,delta,2,0,0,12826,109.086
15171,24883,delta,2,0,0,9889,109.046
15172,23919,delta,2,0,0,8925,109.04
15173,25705,delta,2,0,0,10711,109.025
15174,26247,delta,2,0,0,11253,109.004
15175,38593,delta,2,0,1,8605,109.004
15176,21084,delta,2,0,0,6090,108.944
15177,46490,delta,2,0,1,16502,108.943
15178,25681,delta,2,0,0,10687,108.943
15179,22548,delta,2,0,0,7554,108.912
15180,29171,delta,2,0,0,14177,108.911
15181,23511,delta,2,0,0,8517,108.905
15182,43978,delta,2,0,1,13990,108.847
15183,20022,delta,2,0,0,5028,108.811
15184,23018,delta,2,0,0,8024,108.736
15185,20251,delta,2,0,0,5257,108.726
15186,22453,delta,2,0,0,7459,108.718
15187,45220,delta,2,0,1,15232,108.694
15188,23419,delta,2,0,0,8425,108.65
15189,20129,delta,2,0,0,5135,108.643
15190,44734,delta,2,0,1,14746,108.642
15191,23655,delta,2,0,0,8661,108.632
15192,40597,delta,2,0,1,10609,108.607
15193,45801,delta,2,0,1,15813,108.566
15194,37728,delta,2,0,1,7740,108.562
15195,39682,delta,2,0,1,9694,108.532
15196,48209,delta,2,0,1,18221,108.467
15197,21395,delta,2,0,0,6401,108.435
15198,23257,delta,2,0,0,8263,108.423
15199,23561,delta,2,0,0,8567,108.421
15200,23848,delta,2,0,0,8854,108.368
15201,24720,delta,2,0,0,9726,108.344
15202,42851,delta,2,0,1,12863,108.335
15203,38528,delta,2,0,1,8540,108.328
15204,22157,delta,2,0,0,7163,108.298
15205,23744,delta,2,0,0,8750,108.265
15206,47620,delta,2,0,1,17632,108.253
15207,22433,delta,2,0,0,7439,108.248
15208,47836,delta,2,0,1,17848,108.237
15209,30823,delta,2,0,0,15829,108.226
15210,38392,delta,2,0,1,8404,108.219
15211,46464,delta,2,0,1,16476,108.214
15212,24737,delta,2,0,0,9743,108.21
15213,23228,delta,2,0,0,8234,108.189
15214,22793,delta,2,0,0,7799,108.188
15215,20259,delta,2,0,0,5265,108.187
15216,49942,delta,2,0,1,19954,108.178
15217,22207,delta,2,0,0,7213,108.171
15218,49333,delta,2,0,1,19345,108.156
15219,43027,delta,2,0,1,13039,108.119
15220,25859,delta,2,0,0,10865,108.106
15221,41934,delta,2,0,1,11946,108.074
15222,25669,delta,2,0,0,10675,108.07
15223,23765,delta,2,0,0,8771,108.016
15224,26226,delta,2,0,0,11232,108.014
15225,22435,delta,2,0,0,7441,108.002
15226,21474,delta,2,0,0,6480,107.997
15227,48232,delta,2,0,1,18244,107.956
15228,20030,delta,2,0,0,5036,107.904
15229,23830,delta,2,0,0,8836,107.896
15230,27775,delta,2,0,0,12781,107.885
15231,27006,delta,2,0,0,12012,107.878
15232,24898,delta,2,0,0,9904,107.872
15233,31360,delta,2,0,0,16366,107.802
15234,45804,delta,2,0,1,15816,107.8
15235,43523,delta,2,0,1,13535,107.785
15236,27087,delta,2,0,0,12093,107.771
15237,21014,delta,2,0,0,6020,107.724
15238,38569,delta,2,0,1,8581,107.712
15239,37281,delta,2,0,1,7293,107.684
15240,23948,delta,2,0,0,8954,107.676
15241,26529,delta,2,0,0,11535,107.652
15242,23932,delta,2,0,0,8938,107.618
15243,35454,delta,2,0,1,5466,107.608
15244,46387,delta,2,0,1,16399,107.578
15245,29079,delta,2,0,0,14085,107.571
15246,43526,delta,2,0,1,13538,107.554
15247,24744,delta,2,0,0,9750,107.522
15248,24859,delta,2,0,0,9865,107.515
15249,21862,delta,2,0,0,6868,107.495
15250,45922,delta,2,0,1,15934,107.447
15251,38886,delta,2,0,1,8898,107.437
15252,22746,delta,2,0,0,7752,107.431
15253,27655,delta,2,0,0,12661,107.429
15254,31957,delta,2,0,0,16963,107.408
15255,38869,delta,2,0,1,8881,107.392
15256,45865,delta,2,0,1,15877,107.391
15257,42677,delta,2,0,1,12689,107.386
15258,23660,delta,2,0,0,8666,107.342
15259,40155,delta,2,0,1,10167,107.312
15260,20896,delta,2,0,0,5902,107.306
15261,25110,delta,2,0,0,10116,107.304
15262,22754,delta,2,0,0,7760,107.252
15263,26443,delta,2,0,0,11449,107.241
15264,29001,delta,2,0,0,14007,107.229
15265,24037,delta,2,0,0,9043,107.218
15266,21733,delta,2,0,0,6739,107.208
15267,32244,delta,2,0,0,17250,107.202
15268,32641,delta,2,0,0,17647,107.199
15269,25710,delta,2,0,0,10716,107.197
15270,39855,delta,2,0,1,9867,107.189
15271,33174,delta,2,0,0,18180,107.179
15272,20006,delta,2,0,0,5012,107.163
15273,29215,delta,2,0,0,14221,107.158
15274,49374,delta,2,0,1,19386,107.101
15275,21366,delta,2,0,0,6372,107.059
15276,48813,delta,2,0,1,18825,107.054
15277,45909,delta,2,0,1,15921,107.046
15278,38891,delta,2,0,1,8903,107.038
15279,22829,delta,2,0,0,7835,107.032
15280,26912,delta,2,0,0,11918,107.007
15281,21236,delta,2,0,0,6242,106.944
15282,45359,delta,2,0,1,15371,106.889
15283,30852,delta,2,0,0,15858,106.851
15284,30888,delta,2,0,0,15894,106.807
15285,28503,delta,2,0,0,13509,106.8
15286,23794,delta,2,0,0,8800,106.756
15287,45869,delta,2,0,1,15881,106.75
15288,39061,delta,2,0,1,9073,106.743
15289,49411,delta,2,0,1,19423,106.736
15290,41263,delta,2,0,1,11275,106.73
15291,22233,delta,2,0,0,7239,106.722
15292,42845,delta,2,0,1,12857,106.668
15293,25812,delta,2,0,0,10818,106.62
15294,23652,delta,2,0,0,8658,106.544
15295,29765,delta,2,0,0,14771,106.539
15296,20380,delta,2,0,0,5386,106.502
15297,29634,delta,2,0,0,14640,106.496
15298,40830,delta,2,0,1,10842,106.492
15299,44626,delta,2,0,1,14638,106.487
15300,34976,delta,2,0,0,19982,106.464
15301,21607,delta,2,0,0,6613,106.454
15302,29095,delta,2,0,0,14101,106.422
15303,25650,delta,2,0,0,10656,106.399
15304,21353,delta,2,0,0,6359,106.393
15305,29132,delta,2,0,0,14138,106.36
15306,21429,delta,2,0,0,6435,106.354
15307,23254,delta,2,0,0,8260,106.352
15308,26318,delta,2,0,0,11324,106.342
15309,20545,delta,2,0,0,5551,106.287
15310,22890,delta,2,0,0,7896,106.21
15311,26506,delta,2,0,0,11512,106.203
15312,23005,delta,2,0,0,8011,106.189
15313,25048,delta,2,0,0,10054,106.18
15314,22302,delta,2,0,0,7308,106.165
15315,22641,delta,2,0,0,7647,106.137
15316,37640,delta,2,0,1,7652,106.13
15317,23891,delta,2,0,0,8897,106.085
15318,26357,delta,2,0,0,11363,106.066
15319,21979,delta,2,0,0,6985,106.065
15320,22283,delta,2,0,0,7289,106.046
15321,37796,delta,2,0,1,7808,106.036
15322,40875,delta,2,0,1,10887,106.035
15323,29014,delta,2,0,0,14020,106.035
15324,26993,delta,2,0,0,11999,106.001
15325,49953,delta,2,0,1,19965,105.984
15326,37725,delta,2,0,1,7737,105.941
15327,36461,delta,2,0,1,6473,105.937
15328,21822,delta,2,0,0,6828,105.872
15329,42124,delta,2,0,1,12136,105.85
15330,28433,delta,2,0,0,13439,105.806
15331,45735,delta,2,0,1,15747,105.805
15332,22615,delta,2,0,0,7621,105.78
15333,23244,delta,2,0,0,8250,105.716
15334,48586,delta,2,0,1,18598,105.713
15335,23853,delta,2,0,0,8859,105.712
15336,39050,delta,2,0,1,9062,105.639
15337,21194,delta,2,0,0,6200,105.615
15338,23657,delta,2,0,0,8663,105.609
15339,25716,delta,2,0,0,10722,105.606
15340,30346,delta,2,0,0,15352,105.585
15341,39824,delta,2,0,1,9836,105.567
15342,45225,delta,2,0,1,15237,105.543
15343,23979,delta,2,0,0,8985,105.529
15344,48780,delta,2,0,1,18792,105.513
15345,33424,delta,2,0,0,18430,105.511
15346,41300,delta,2,0,1,11312,105.474
15347,23861,delta,2,0,0,8867,105.454
15348,44041,delta,2,0,1,14053,105.447
15349,25713,delta,2,0,0,10719,105.436
15350,26676,delta,2,0,0,11682,105.391
15351,26323,delta,2,0,0,11329,105.377
15352,24718,delta,2,0,0,9724,105.366
15353,26242,delta,2,0,0,11248,105.365
15354,49759,delta,2,0,1,19771,105.351
15355,38894,delta,2,0,1,8906,105.336
15356,25056,delta,2,0,0,10062,105.321
15357,20019,delta,2,0,0,5025,105.286
15358,25862,delta,2,0,0,10868,105.222
15359,43509,delta,2,0,1,13521,105.214
15360,42615,delta,2,0,1,12627,105.176
15361,48345,delta,2,0,1,18357,105.149
15362,24901,delta,2,0,0,9907,105.12
15363,26545,delta,2,0,0,11551,105.058
15364,28410,delta,2,0,0,13416,105.057
15365,22527,delta,2,0,0,7533,105.002
15366,22275,delta,2,0,0,7281,104.986
15367,47036,delta,2,0,1,17048,104.972
15368,23574,delta,2,0,0,8580,104.97
15369,21971,delta,2,0,0,6977,104.871
15370,25131,delta,2,0,0,10137,104.861
15371,41272,delta,2,0,1,11284,104.858
15372,45356,delta,2,0,1,15368,104.835
15373,45223,delta,2,0,1,15235,104.825
15374,40611,delta,2,0,1,10623,104.789
15375,20181,delta,2,0,0,5187,104.788
15376,21814,delta,2,0,0,6820,104.78
15377,37643,delta,2,0,1,7655,104.778
15378,44178,delta,2,0,1,14190,104.768
15379,22824,delta,2,0,0,7830,104.703
15380,39108,delta,2,0,1,9120,104.702
15381,25838,delta,2,0,0,10844,104.575
15382,37648,delta,2,0,1,7660,104.529
15383,45354,delta,2,0,1,15366,104.515
15384,23778,delta,2,0,0,8784,104.491
15385,25100,delta,2,0,0,10106,104.484
15386,23890,delta,2,0,0,8896,104.469
15387,24927,delta,2,0,0,9933,104.466
15388,49387,delta,2,0,1,19399,104.46
15389,27867,delta,2,0,0,12873,104.435
15390,23935,delta,2,0,0,8941,104.434
15391,42799,delta,2,0,1,12811,104.433
15392,25097,delta,2,0,0,10103,104.427
15393,47573,delta,2,0,1,17585,104.417
15394,23749,delta,2,0,0,8755,104.401
15395,46388,delta,2,0,1,16400,104.389
15396,34402,delta,2,0,0,19408,104.365
15397,38903,delta,2,0,1,8915,104.359
15398,21131,delta,2,0,0,6137,104.353
15399,27092,delta,2,0,0,12098,104.348
15400,30260,delta,2,0,0,15266,104.326
15401,49616,delta,2,0,1,19628,104.311
15402,49924,delta,2,0,1,19936,104.294
15403,29118,delta,2,0,0,14124,104.28
15404,45511,delta,2,0,1,15523,104.279
15405,30187,delta,2,0,0,15193,104.21
15406,43019,delta,2,0,1,13031,104.205
15407,32606,delta,2,0,0,17612,104.203
15408,30351,delta,2,0,0,15357,104.119
15409,23498,delta,2,0,0,8504,104.1
15410,25833,delta,2,0,0,10839,104.078
15411,23856,delta,2,0,0,8862,104.05
15412,47578,delta,2,0,1,17590,104.04
15413,49758,delta,2,0,1,19770,104.005
15414,21861,delta,2,0,0,6867,103.962
15415,37631,delta,2,0,1,7643,103.931
15416,41279,delta,2,0,1,11291,103.901
15417,22011,delta,2,0,0,7017,103.897
15418,38394,delta,2,0,1,8406,103.891
15419,25582,delta,2,0,0,10588,103.868
15420,40105,delta,2,0,1,10117,103.83
15421,33193,delta,2,0,0,18199,103.819
15422,21526,delta,2,0,0,6532,103.787
15423,31999,delta,2,0,0,17005,103.725
15424,44021,delta,2,0,1,14033,103.716
15425,25532,delta,2,0,0,10538,103.715
15426,29155,delta,2,0,0,14161,103.708
15427,46963,delta,2,0,1,16975,103.681
15428,24024,delta,2,0,0,9030,103.671
15429,21974,delta,2,0,0,6980,103.651
15430,25006,delta,2,0,0,10012,103.645
15431,24113,delta,2,0,0,9119,103.623
15432,42612,delta,2,0,1,12624,103.619
15433,26349,delta,2,0,0,11355,103.604
15434,40152,delta,2,0,1,10164,103.595
15435,25188,delta,2,0,0,10194,103.592
15436,39116,delta,2,0,1,9128,103.573
15437,28364,delta,2,0,0,13370,103.573
15438,32852,delta,2,0,0,17858,103.534
15439,25660,delta,2,0,0,10666,103.514
15440,28915,delta,2,0,0,13921,103.484
15441,37618,delta,2,0,1,7630,103.451
15442,41258,delta,2,0,1,11270,103.444
15443,32030,delta,2,0,0,17036,103.42
15444,36390,delta,2,0,1,6402,103.413
15445,22270,delta,2,0,0,7276,103.39
15446,23822,delta,2,0,0,8828,103.388
15447,36529,delta,2,0,1,6541,103.37
15448,39944,delta,2,0,1,9956,103.354
15449,22362,delta,2,0,0,7368,103.332
15450,23697,delta,2,0,0,8703,103.318
15451,44331,delta,2,0,1,14343,103.312
15452,38390,delta,2,0,1,8402,103.276
15453,21487,delta,2,0,0,6493,103.237
15454,22644,delta,2,0,0,7650,103.215
15455,29710,delta,2,0,0,14716,103.211
15456,46968,delta,2,0,1,16980,103.145
15457,34598,delta,2,0,0,19604,103.14
15458,36453,delta,2,0,1,6465,103.121
15459,32684,delta,2,0,0,17690,103.112
15460,25181,delta,2,0,0,10187,103.106
15461,40674,delta,2,0,1,10686,103.09
15462,45212,delta,2,0,1,15224,103.079
15463,24288,delta,2,0,0,9294,103.016
15464,24757,delta,2,0,0,9763,102.978
15465,23731,delta,2,0,0,8737,102.965
15466,25723,delta,2,0,0,10729,102.912
15467,42176,delta,2,0,1,12188,102.887
15468,22024,delta,2,0,0,7030,102.871
15469,24063,delta,2,0,0,9069,102.818
15470,38897,delta,2,0,1,8909,102.812
15471,25572,delta,2,0,0,10578,102.806
15472,24932,delta,2,0,0,9938,102.795
15473,25165,delta,2,0,0,10171,102.786
15474,26218,delta,2,0,0,11224,102.757
15475,29752,delta,2,0,0,14758,102.738
15476,44701,delta,2,0,1,14713,102.699
15477,25665,delta,2,0,0,10671,102.688
15478,22291,delta,2,0,0,7297,102.68
15479,38889,delta,2,0,1,8901,102.65
15480,41965,delta,2,0,1,11977,102.641
15481,22976,delta,2,0,0,7982,102.584
15482,22095,delta,2,0,0,7101,102.566
15483,44181,delta,2,0,1,14193,102.478
15484,25744,delta,2,0,0,10750,102.457
15485,31960,delta,2,0,0,16966,102.441
15486,20584,delta,2,0,0,5590,102.434
15487,42171,delta,2,0,1,12183,102.406
15488,22806,delta,2,0,0,7812,102.388
15489,20650,delta,2,0,0,5656,102.38
15490,48418,delta,2,0,1,18430,102.368
15491,22155,delta,2,0,0,7161,102.332
15492,32066,delta,2,0,0,17072,102.328
15493,38395,delta,2,0,1,8407,102.324
15494,37645,delta,2,0,1,7657,102.324
15495,24854,delta,2,0,0,9860,102.323
15496,31547,delta,2,0,0,16553,102.306
15497,25822,delta,2,0,0,10828,102.304
15498,38539,delta,2,0,1,8551,102.292
15499,41295,delta,2,0,1,11307,102.282
15500,22396,delta,2,0,0,7402,102.279
15501,22610,delta,2,0,0,7616,102.255
15502,32273,delta,2,0,0,17279,102.229
15503,24084,delta,2,0,0,9090,102.198
15504,26448,delta,2,0,0,11454,102.193
15505,41506,delta,2,0,1,11518,102.154
15506,48752,delta,2,0,1,18764,102.075
15507,30270,delta,2,0,0,15276,102.072
15508,20587,delta,2,0,0,5593,102.06
15509,23490,delta,2,0,0,8496,102.054
15510,32843,delta,2,0,0,17849,102.054
15511,21754,delta,2,0,0,6760,102.037
15512,44336,delta,2,0,1,14348,102.021
15513,47072,delta,2,0,1,17084,101.998
15514,25653,delta,2,0,0,10659,101.952
15515,21720,delta,2,0,0,6726,101.928
15516,36382,delta,2,0,1,6394,101.864
15517,33773,delta,2,0,0,18779,101.856
15518,24919,delta,2,0,0,9925,101.856
15519,24956,delta,2,0,0,9962,101.855
15520,20859,delta,2,0,0,5865,101.852
15521,20493,delta,2,0,0,5499,101.848
15522,21322,delta,2,0,0,6328,101.833
15523,25168,delta,2,0,0,10174,101.799
15524,41334,delta,2,0,1,11346,101.793
15525,27051,delta,2,0,0,12057,101.787
15526,20621,delta,2,0,0,5627,101.786
15527,30336,delta,2,0,0,15342,101.77
15528,24935,delta,2,0,0,9941,101.757
15529,36466,delta,2,0,1,6478,101.728
15530,25147,delta,2,0,0,10153,101.711
15531,45835,delta,2,0,1,15847,101.71
15532,41940,delta,2,0,1,11952,101.687
15533,33820,delta,2,0,0,18826,101.649
15534,27577,delta,2,0,0,12583,101.646
15535,26925,delta,2,0,0,11931,101.618
15536,44588,delta,2,0,1,14600,101.601
15537,49518,delta,2,0,1,19530,101.538
15538,28349,delta,2,0,0,13355,101.528
15539,38547,delta,2,0,1,8559,101.517
15540,26223,delta,2,0,0,11229,101.496
15541,22003,delta,2,0,0,7009,101.491
15542,21116,delta,2,0,0,6122,101.479
15543,48348,delta,2,0,1,18360,101.45
15544,23406,delta,2,0,0,8412,101.402
15545,22485,delta,2,0,0,7491,101.359
15546,28663,delta,2,0,0,13669,101.339
15547,25880,delta,2,0,0,10886,101.334
15548,42685,delta,2,0,1,12697,101.32
15549,21351,delta,2,0,0,6357,101.316
15550,42841,delta,2,0,1,12853,101.283
15551,23903,delta,2,0,0,8909,101.262
15552,39651,delta,2,0,1,9663,101.262
15553,40522,delta,2,0,1,10534,101.234
15554,30941,delta,2,0,0,15947,101.216
15555,46371,delta,2,0,1,16383,101.198
15556,23013,delta,2,0,0,8019,101.169
15557,40117,delta,2,0,1,10129,101.163
15558,40609,delta,2,0,1,10621,101.156
15559,46382,delta,2,0,1,16394,101.14
15560,34016,delta,2,0,0,19022,101.119
15561,19999,delta,2,0,0,5005,101.113
15562,40599,delta,2,0,1,10611,101.108
15563,43530,delta,2,0,1,13542,101.106
15564,32028,delta,2,0,0,17034,101.075
15565,46669,delta,2,0,1,16681,101.042
15566,37187,delta,2,0,1,7199,101.026
15567,38884,delta,2,0,1,8896,101.024
15568,21257,delta,2,0,0,6263,100.988
15569,25817,delta,2,0,0,10823,100.985
15570,29891,delta,2,0,0,14897,100.98
15571,46416,delta,2,0,1,16428,100.892
15572,41269,delta,2,0,1,11281,100.882
15573,37651,delta,2,0,1,7663,100.844
15574,22280,delta,2,0,0,7286,100.828
15575,27750,delta,2,0,0,12756,100.785
15576,42213,delta,2,0,1,12225,100.757
15577,20917,delta,2,0,0,5923,100.726
15578,28367,delta,2,0,0,13373,100.716
15579,24977,delta,2,0,0,9983,100.691
15580,29755,delta,2,0,0,14761,100.667
15581,42618,delta,2,0,1,12630,100.658
15582,21772,delta,2,0,0,6778,100.653
15583,41461,delta,2,0,1,11473,100.644
15584,38964,delta,2,0,1,8976,100.641
15585,39071,delta,2,0,1,9083,100.62
15586,27033,delta,2,0,0,12039,100.615
15587,48581,delta,2,0,1,18593,100.596
15588,27069,delta,2,0,0,12075,100.591
15589,33419,delta,2,0,0,18425,100.578
15590,29592,delta,2,0,0,14598,100.577
15591,41453,delta,2,0,1,11465,100.554
15592,25038,delta,2,0,0,10044,100.504
15593,26239,delta,2,0,0,11245,100.48
15594,27888,delta,2,0,0,12894,100.457
15595,39813,delta,2,0,1,9825,100.456
15596,47170,delta,2,0,1,17182,100.406
15597,38986,delta,2,0,1,8998,100.383
15598,41464,delta,2,0,1,11476,100.323
15599,20741,delta,2,0,0,5747,100.31
15600,37715,delta,2,0,1,7727,100.257
15601,47292,delta,2,0,1,17304,100.236
15602,23471,delta,2,0,0,8477,100.217
15603,23479,delta,2,0,0,8485,100.217
15604,42695,delta,2,0,1,12707,100.213
15605,28514,delta,2,0,0,13520,100.211
15606,23401,delta,2,0,0,8407,100.204
15607,38892,delta,2,0,1,8904,100.176
15608,48793,delta,2,0,1,18805,100.13
15609,44696,delta,2,0,1,14708,100.123
15610,42698,delta,2,0,1,12710,100.111
15611,40778,delta,2,0,1,10790,100.109
15612,25721,delta,2,0,0,10727,100.048
15613,23924,delta,2,0,0,8930,100.035
15614,24016,delta,2,0,0,9022,99.9207
15615,37634,delta,2,0,1,7646,99.88
15616,45954,delta,2,0,1,15966,99.8741
15617,28320,delta,2,0,0,13326,99.8552
15618,44190,delta,2,0,1,14202,99.8237
15619,26464,delta,2,0,0,11470,99.8233
15620,26975,delta,2,0,0,11981,99.7559
15621,24123,delta,2,0,0,9129,99.7447
15622,39687,delta,2,0,1,9699,99.7333
15623,25537,delta,2,0,0,10543,99.7258
15624,30226,delta,2,0,0,15232,99.7112
15625,36367,delta,2,0,1,6379,99.7073
15626,45353,delta,2,0,1,15365,99.7008
15627,26972,delta,2,0,0,11978,99.7005
15628,33422,delta,2,0,0,18428,99.6806
15629,33179,delta,2,0,0,18185,99.6399
15630,37174,delta,2,0,1,7186,99.626
15631,25121,delta,2,0,0,10127,99.6083
15632,45366,delta,2,0,1,15378,99.6051
15633,29145,delta,2,0,0,14151,99.5671
15634,40841,delta,2,0,1,10853,99.5243
15635,20150,delta,2,0,0,5156,99.5163
15636,30932,delta,2,0,0,15938,99.4882
15637,40998,delta,2,0,1,11010,99.4764
15638,25676,delta,2,0,0,10682,99.4688
15639,38575,delta,2,0,1,8587,99.4399
15640,48356,delta,2,0,1,18368,99.4235
15641,21495,delta,2,0,0,6501,99.4196
15642,36374,delta,2,0,1,6386,99.4144
15643,37639,delta,2,0,1,7651,99.4011
15644,21961,delta,2,0,0,6967,99.401
15645,23105,delta,2,0,0,8111,99.3782
15646,41448,delta,2,0,1,11460,99.371
15647,22762,delta,2,0,0,7768,99.3243
15648,28692,delta,2,0,0,13698,99.3064
15649,41355,delta,2,0,1,11367,99.2948
15650,23100,delta,2,0,0,8106,99.2919
15651,48185,delta,2,0,1,18197,99.282
15652,25113,delta,2,0,0,10119,99.2722
15653,42850,delta,2,0,1,12862,99.2657
15654,38549,delta,2,0,1,8561,99.2287
15655,28239,delta,2,0,0,13245,99.2225
15656,25556,delta,2,0,0,10562,99.2171
15657,38978,delta,2,0,1,8990,99.1803
15658,44769,delta,2,0,1,14781,99.1454
15659,24888,delta,2,0,0,9894,99.1144
15660,25064,delta,2,0,0,10070,99.1139
15661,22686,delta,2,0,0,7692,99.1063
15662,43531,delta,2,0,1,13543,99.1017
15663,24812,delta,2,0,0,9818,99.0548
15664,37788,delta,2,0,1,7800,99.0217
15665,29909,delta,2,0,0,14915,99.002
15666,22249,delta,2,0,0,7255,99.0015
15667,33865,delta,2,0,0,18871,98.9977
15668,33787,delta,2,0,0,18793,98.9823
15669,27003,delta,2,0,0,12009,98.9727
15670,43467,delta,2,0,1,13479,98.9494
15671,32025,delta,2,0,0,17031,98.9298
15672,37638,delta,2,0,1,7650,98.8869
15673,26370,delta,2,0,0,11376,98.855
15674,24914,delta,2,0,0,9920,98.8549
15675,25301,delta,2,0,0,10307,98.8488
15676,22037,delta,2,0,0,7043,98.8388
15677,41681,delta,2,0,1,11693,98.8324
15678,49343,delta,2,0,1,19355,98.822
15679,30114,delta,2,0,0,15120,98.8137
15680,23108,delta,2,0,0,8114,98.8111
15681,25072,delta,2,0,0,10078,98.8043
15682,29645,delta,2,0,0,14651,98.8
15683,21406,delta,2,0,0,6412,98.7978
15684,26388,delta,2,0,0,11394,98.7687
15685,30119,delta,2,0,0,15125,98.7642
15686,26542,delta,2,0,0,11548,98.7611
15687,21058,delta,2,0,0,6064,98.7465
15688,44032,delta,2,0,1,14044,98.7151
15689,26378,delta,2,0,0,11384,98.6594
15690,22633,delta,2,0,0,7639,98.6572
15691,26891,delta,2,0,0,11897,98.6554
15692,29713,delta,2,0,0,14719,98.6459
15693,49346,delta,2,0,1,19358,98.6395
15694,24725,delta,2,0,0,9731,98.6339
15695,30946,delta,2,0,0,15952,98.6335
15696,24092,delta,2,0,0,9098,98.621
15697,28383,delta,2,0,0,13389,98.5918
15698,38552,delta,2,0,1,8564,98.5885
15699,44029,delta,2,0,1,14041,98.5468
15700,25780,delta,2,0,0,10786,98.528
15701,31566,delta,2,0,0,16572,98.499
15702,42836,delta,2,0,1,12848,98.4768
15703,27048,delta,2,0,0,12054,98.4752
15704,38887,delta,2,0,1,8899,98.4509
15705,37717,delta,2,0,1,7729,98.4481
15706,38436,delta,2,0,1,8448,98.4201
15707,30203,delta,2,0,0,15209,98.3963
15708,21492,delta,2,0,0,6498,98.3955
15709,38882,delta,2,0,1,8894,98.3763
15710,25527,delta,2,0,0,10533,98.3709
15711,47765,delta,2,0,1,17777,98.367
15712,21982,delta,2,0,0,6988,98.3641
15713,22540,delta,2,0,0,7546,98.352
15714,33861,delta,2,0,0,18867,98.3493
15715,23684,delta,2,0,0,8690,98.3452
15716,40167,delta,2,0,1,10179,98.3425
15717,20796,delta,2,0,0,5802,98.3336
15718,31509,delta,2,0,0,16515,98.3271
15719,25678,delta,2,0,0,10684,98.2785
15720,41266,delta,2,0,1,11278,98.2782
15721,24943,delta,2,0,0,9949,98.2601
15722,25241,delta,2,0,0,10247,98.1956
15723,42185,delta,2,0,1,12197,98.1952
15724,40832,delta,2,0,1,10844,98.1878
15725,45947,delta,2,0,1,15959,98.1487
15726,41459,delta,2,0,1,11471,98.145
15727,49592,delta,2,0,1,19604,98.1019
15728,32622,delta,2,0,0,17628,98.0921
15729,21843,delta,2,0,0,6849,98.0694
15730,21303,delta,2,0,0,6309,98.0685
15731,23799,delta,2,0,0,8805,98.0495
15732,28553,delta,2,0,0,13559,98.0486
15733,47592,delta,2,0,1,17604,98.0388
15734,32062,delta,2,0,0,17068,98.032
15735,25864,delta,2,0,0,10870,98.0238
15736,22401,delta,2,0,0,7407,98.0099
15737,48234,delta,2,0,1,18246,97.9989
15738,29951,delta,2,0,0,14957,97.9557
15739,38571,delta,2,0,1,8583,97.9545
15740,39826,delta,2,0,1,9838,97.9346
15741,28998,delta,2,0,0,14004,97.8819
15742,33819,delta,2,0,0,18825,97.8792
15743,33207,delta,2,0,0,18213,97.8472
15744,23940,delta,2,0,0,8946,97.8416
15745,49330,delta,2,0,1,19342,97.8115
15746,30309,delta,2,0,0,15315,97.803
15747,27019,delta,2,0,0,12025,97.7967
15748,44136,delta,2,0,1,14148,97.7846
15749,47270,delta,2,0,1,17282,97.7707
15750,25783,delta,2,0,0,10789,97.768
15751,43514,delta,2,0,1,13526,97.7676
15752,22670,delta,2,0,0,7676,97.734
15753,39803,delta,2,0,1,9815,97.7283
15754,42693,delta,2,0,1,12705,97.7153
15755,39121,delta,2,0,1,9133,97.6798
15756,46501,delta,2,0,1,16513,97.6669
15757,48749,delta,2,0,1,18761,97.6491
15758,28399,delta,2,0,0,13405,97.6434
15759,31481,delta,2,0,0,16487,97.5957
15760,38579,delta,2,0,1,8591,97.5782
15761,23113,delta,2,0,0,8119,97.5766
15762,25035,delta,2,0,0,10041,97.5412
15763,21890,delta,2,0,0,6896,97.5331
15764,40615,delta,2,0,1,10627,97.522
15765,43371,delta,2,0,1,13383,97.5184
15766,45967,delta,2,0,1,15979,97.4669
15767,27773,delta,2,0,0,12779,97.4634
15768,42798,delta,2,0,1,12810,97.4581
15769,31405,delta,2,0,0,16411,97.4571
15770,34380,delta,2,0,0,19386,97.4532
15771,24034,delta,2,0,0,9040,97.4272
15772,25202,delta,2,0,0,10208,97.4131
15773,30200,delta,2,0,0,15206,97.4127
15774,45358,delta,2,0,1,15370,97.4117
15775,24726,delta,2,0,0,9732,97.371
15776,26524,delta,2,0,0,11530,97.3653
15777,28014,delta,2,0,0,13020,97.3217
15778,45339,delta,2,0,1,15351,97.3134
15779,21552,delta,2,0,0,6558,97.3034
15780,25788,delta,2,0,0,10794,97.2847
15781,32582,delta,2,0,0,17588,97.2833
15782,36458,delta,2,0,1,6470,97.2673
15783,26331,delta,2,0,0,11337,97.2595
15784,20637,delta,2,0,0,5643,97.2578
15785,29017,delta,2,0,0,14023,97.2392
15786,42533,delta,2,0,1,12545,97.202
15787,21555,delta,2,0,0,6561,97.192
15788,23097,delta,2,0,0,8103,97.1609
15789,43561,delta,2,0,1,13573,97.1566
15790,22278,delta,2,0,0,7284,97.155
15791,29158,delta,2,0,0,14164,97.145
15792,27110,delta,2,0,0,12116,97.143
15793,42601,delta,2,0,1,12613,97.1273
15794,28451,delta,2,0,0,13457,97.1194
15795,21853,delta,2,0,0,6859,97.0192
15796,29064,delta,2,0,0,14070,96.9715
15797,32838,delta,2,0,0,17844,96.9431
15798,37326,delta,2,0,1,7338,96.8982
15799,21969,delta,2,0,0,6975,96.8935
15800,21806,delta,2,0,0,6812,96.8931
15801,41553,delta,2,0,1,11565,96.8772
15802,30781,delta,2,0,0,15787,96.8625
15803,22647,delta,2,0,0,7653,96.8605
15804,44175,delta,2,0,1,14187,96.857
15805,41465,delta,2,0,1,11477,96.8429
15806,29535,delta,2,0,0,14541,96.8277
15807,41493,delta,2,0,1,11505,96.8265
15808,45383,delta,2,0,1,15395,96.8243
15809,23545,delta,2,0,0,8551,96.777
15810,21998,delta,2,0,0,7004,96.775
15811,20028,delta,2,0,0,5034,96.7696
15812,46411,delta,2,0,1,16423,96.7437
15813,24097,delta,2,0,0,9103,96.725
15814,43481,delta,2,0,1,13493,96.7171
15815,29751,delta,2,0,0,14757,96.685
15816,29202,delta,2,0,0,14208,96.6816
15817,39851,delta,2,0,1,9863,96.6559
15818,36385,delta,2,0,1,6397,96.6466
15819,22273,delta,2,0,0,7279,96.6423
15820,21560,delta,2,0,0,6566,96.6388
15821,25695,delta,2,0,0,10701,96.6378
15822,23456,delta,2,0,0,8462,96.6358
15823,26391,delta,2,0,0,11397,96.6352
15824,35467,delta,2,0,1,5479,96.6211
15825,23773,delta,2,0,0,8779,96.5843
15826,42844,delta,2,0,1,12856,96.5508
15827,40325,delta,2,0,1,10337,96.5138
15828,37732,delta,2,0,1,7744,96.4762
15829,26500,delta,2,0,0,11506,96.4685
15830,49760,delta,2,0,1,19772,96.4528
15831,20532,delta,2,0,0,5538,96.4514
15832,45832,delta,2,0,1,15844,96.4474
15833,38977,delta,2,0,1,8989,96.3985
15834,21529,delta,2,0,0,6535,96.375
15835,36537,delta,2,0,1,6549,96.3527
15836,45312,delta,2,0,1,15324,96.3379
15837,40588,delta,2,0,1,10600,96.2771
15838,38895,delta,2,0,1,8907,96.2602
15839,44624,delta,2,0,1,14636,96.2527
15840,27721,delta,2,0,0,12727,96.2405
15841,45942,delta,2,0,1,15954,96.2257
15842,37801,delta,2,0,1,7813,96.2146
15843,26404,delta,2,0,0,11410,96.1936
15844,26406,delta,2,0,0,11412,96.1936
15845,26409,delta,2,0,0,11415,96.1936
15846,24032,delta,2,0,0,9038,96.1583
15847,26970,delta,2,0,0,11976,96.1385
15848,40328,delta,2,0,1,10340,96.1232
15849,47639,delta,2,0,1,17651,96.1186
15850,26399,delta,2,0,0,11405,96.1077
15851,25059,delta,2,0,0,10065,96.0862
15852,20831,delta,2,0,0,5837,96.0806
15853,21408,delta,2,0,0,6414,96.0751
15854,41548,delta,2,0,1,11560,96.0719
15855,22341,delta,2,0,0,7347,96.0654
15856,46674,delta,2,0,1,16686,96.0499
15857,41458,delta,2,0,1,11470,96.0319
15858,22184,delta,2,0,0,7190,96.0004
15859,26450,delta,2,0,0,11456,95.9967
15860,26310,delta,2,0,0,11316,95.9941
15861,48201,delta,2,0,1,18213,95.969
15862,49067,delta,2,0,1,19079,95.9494
15863,27590,delta,2,0,0,12596,95.909
15864,45386,delta,2,0,1,15398,95.8874
15865,32595,delta,2,0,0,17601,95.8846
15866,39703,delta,2,0,1,9715,95.8822
15867,22581,delta,2,0,0,7587,95.8437
15868,30388,delta,2,0,0,15394,95.8422
15869,48942,delta,2,0,1,18954,95.841
15870,20231,delta,2,0,0,5237,95.8279
15871,48343,delta,2,0,1,18355,95.8089
15872,23671,delta,2,0,0,8677,95.807
15873,42638,delta,2,0,1,12650,95.7722
15874,45311,delta,2,0,1,15323,95.7705
15875,20943,delta,2,0,0,5949,95.7663
15876,42794,delta,2,0,1,12806,95.7101
15877,37812,delta,2,0,1,7824,95.6562
15878,39843,delta,2,0,1,9855,95.654
15879,24118,delta,2,0,0,9124,95.606
15880,32609,delta,2,0,0,17615,95.5983
15881,39846,delta,2,0,1,9858,95.5885
15882,41515,delta,2,0,1,11527,95.5775
15883,42121,delta,2,0,1,12133,95.5702
15884,29904,delta,2,0,0,14910,95.5634
15885,28658,delta,2,0,0,13664,95.5507
15886,21563,delta,2,0,0,6569,95.5388
15887,23895,delta,2,0,0,8901,95.536
15888,24846,delta,2,0,0,9852,95.517
15889,24930,delta,2,0,0,9936,95.5099
15890,44802,delta,2,0,1,14814,95.4953
15891,45361,delta,2,0,1,15373,95.487
15892,23095,delta,2,0,0,8101,95.4576
15893,35449,delta,2,0,1,5461,95.4463
15894,49717,delta,2,0,1,19729,95.4448
15895,20264,delta,2,0,0,5270,95.4257
15896,24851,delta,2,0,0,9857,95.4232
15897,44217,delta,2,0,1,14229,95.3926
15898,40835,delta,2,0,1,10847,95.392
15899,42218,delta,2,0,1,12230,95.3733
15900,40122,delta,2,0,1,10134,95.3516
15901,26461,delta,2,0,0,11467,95.3477
15902,30273,delta,2,0,0,15279,95.3372
15903,32580,delta,2,0,0,17586,95.3196
15904,47873,delta,2,0,1,17885,95.3154
15905,34456,delta,2,0,0,19462,95.315
15906,23252,delta,2,0,0,8258,95.3144
15907,40625,delta,2,0,1,10637,95.2957
15908,28548,delta,2,0,0,13554,95.2941
15909,45206,delta,2,0,1,15218,95.291
15910,25144,delta,2,0,0,10150,95.2762
15911,20773,delta,2,0,0,5779,95.269
15912,44026,delta,2,0,1,14038,95.2434
15913,22775,delta,2,0,0,7781,95.2281
15914,45951,delta,2,0,1,15963,95.2272
15915,45164,delta,2,0,1,15176,95.213
15916,23663,delta,2,0,0,8669,95.1947
15917,26511,delta,2,0,0,11517,95.1855
15918,37646,delta,2,0,1,7658,95.1813
15919,40210,delta,2,0,1,10222,95.1809
15920,29695,delta,2,0,0,14701,95.1721
15921,27090,delta,2,0,0,12096,95.1521
15922,39055,delta,2,0,1,9067,95.1517
15923,37297,delta,2,0,1,7309,95.1324
15924,32688,delta,2,0,0,17694,95.1244
15925,37623,delta,2,0,1,7635,95.085
15926,29080,delta,2,0,0,14086,95.0798
15927,23480,delta,2,0,0,8486,95.0772
15928,25828,delta,2,0,0,10834,95.0403
15929,45282,delta,2,0,1,15294,95.01
15930,43556,delta,2,0,1,13568,95.0071
15931,44762,delta,2,0,1,14774,94.9924
15932,22589,delta,2,0,0,7595,94.9661
15933,21314,delta,2,0,0,6320,94.9208
15934,47082,delta,2,0,1,17094,94.9163
15935,43354,delta,2,0,1,13366,94.9011
15936,43292,delta,2,0,1,13304,94.8985
15937,21550,delta,2,0,0,6556,94.8873
15938,28969,delta,2,0,0,13975,94.8671
15939,37289,delta,2,0,1,7301,94.8622
15940,29726,delta,2,0,0,14732,94.857
15941,27650,delta,2,0,0,12656,94.8404
15942,48154,delta,2,0,1,18166,94.8285
15943,46966,delta,2,0,1,16978,94.8221
15944,40829,delta,2,0,1,10841,94.8144
15945,38973,delta,2,0,1,8985,94.8066
15946,26475,delta,2,0,0,11481,94.8059
15947,33801,delta,2,0,0,18807,94.8058
15948,21458,delta,2,0,0,6464,94.7392
15949,45794,delta,2,0,1,15806,94.7253
15950,29754,delta,2,0,0,14760,94.6952
15951,46358,delta,2,0,1,16370,94.6577
15952,37610,delta,2,0,1,7622,94.6312
15953,20327,delta,2,0,0,5333,94.6312
15954,31988,delta,2,0,0,16994,94.6269
15955,42136,delta,2,0,1,12148,94.615
15956,48125,delta,2,0,1,18137,94.5989
15957,35514,delta,2,0,1,5526,94.5855
15958,48155,delta,2,0,1,18167,94.5574
15959,48361,delta,2,0,1,18373,94.537
15960,25775,delta,2,0,0,10781,94.5288
15961,41350,delta,2,0,1,11362,94.5248
15962,31676,delta,2,0,0,16682,94.484
15963,42801,delta,2,0,1,12813,94.4819
15964,30899,delta,2,0,0,15905,94.4419
15965,38990,delta,2,0,1,9002,94.4142
15966,24477,delta,2,0,0,9483,94.4096
15967,48199,delta,2,0,1,18211,94.4056
15968,40205,delta,2,0,1,10217,94.3995
15969,34353,delta,2,0,0,19359,94.3916
15970,26424,delta,2,0,0,11430,94.3865
15971,27747,delta,2,0,0,12753,94.3811
15972,22509,delta,2,0,0,7515,94.3655
15973,26307,delta,2,0,0,11313,94.3627
15974,45314,delta,2,0,1,15326,94.3529
15975,33222,delta,2,0,0,18228,94.3336
15976,30245,delta,2,0,0,15251,94.3172
15977,40677,delta,2,0,1,10689,94.2999
15978,42138,delta,2,0,1,12150,94.2978
15979,46506,delta,2,0,1,16518,94.2974
15980,42848,delta,2,0,1,12860,94.2909
15981,47239,delta,2,0,1,17251,94.275
15982,31402,delta,2,0,0,16408,94.237
15983,45138,delta,2,0,1,15150,94.2275
15984,28697,delta,2,0,0,13703,94.2221
15985,45944,delta,2,0,1,15956,94.2202
15986,26432,delta,2,0,0,11438,94.1919
15987,34019,delta,2,0,0,19025,94.1868
15988,31362,delta,2,0,0,16368,94.1844
15989,31524,delta,2,0,0,16530,94.162
15990,31292,delta,2,0,0,16298,94.1608
15991,46391,delta,2,0,1,16403,94.132
15992,40775,delta,2,0,1,10787,94.1221
15993,21421,delta,2,0,0,6427,94.096
15994,32687,delta,2,0,0,17693,94.0796
15995,46995,delta,2,0,1,17007,94.0711
15996,47878,delta,2,0,1,17890,94.0697
15997,40336,delta,2,0,1,10348,94.0338
15998,29199,delta,2,0,0,14205,94.0286
15999,24304,delta,2,0,0,9310,94.0184
16000,43476,delta,2,0,1,13488,94.0135
16001,39847,delta,2,0,1,9859,93.9917
16002,42796,delta,2,0,1,12808,93.9877
16003,20042,delta,2,0,0,5048,93.9828
16004,42177,delta,2,0,1,12189,93.9824
16005,25616,delta,2,0,0,10622,93.9529
16006,22272,delta,2,0,0,7278,93.9407
16007,30190,delta,2,0,0,15196,93.9382
16008,31542,delta,2,0,0,16548,93.8727
16009,38590,delta,2,0,1,8602,93.8584
16010,41341,delta,2,0,1,11353,93.8421
16011,39854,delta,2,0,1,9866,93.8177
16012,42012,delta,2,0,1,12024,93.7893
16013,48186,delta,2,0,1,18198,93.7785
16014,28299,delta,2,0,0,13305,93.7645
16015,25754,delta,2,0,0,10760,93.7469
16016,32699,delta,2,0,0,17705,93.7318
16017,25825,delta,2,0,0,10831,93.7244
16018,36351,delta,2,0,1,6363,93.7129
16019,31467,delta,2,0,0,16473,93.6936
16020,30501,delta,2,0,0,15507,93.6891
16021,47561,delta,2,0,1,17573,93.6758
16022,45297,delta,2,0,1,15309,93.668
16023,28920,delta,2,0,0,13926,93.6627
16024,40840,delta,2,0,1,10852,93.6298
16025,24972,delta,2,0,0,9978,93.6261
16026,21927,delta,2,0,0,6933,93.6114
16027,44491,delta,2,0,1,14503,93.5728
16028,41455,delta,2,0,1,11467,93.5614
16029,41968,delta,2,0,1,11980,93.5605
16030,40795,delta,2,0,1,10807,93.5108
16031,26244,delta,2,0,0,11250,93.477
16032,49720,delta,2,0,1,19732,93.4461
16033,37334,delta,2,0,1,7346,93.4302
16034,47558,delta,2,0,1,17570,93.4245
16035,37856,delta,2,0,1,7868,93.4204
16036,25197,delta,2,0,0,10203,93.4149
16037,34594,delta,2,0,0,19600,93.4144
16038,20904,delta,2,0,0,5910,93.4026
16039,22519,delta,2,0,0,7525,93.3926
16040,46298,delta,2,0,1,16310,93.3802
16041,41863,delta,2,0,1,11875,93.3558
16042,27838,delta,2,0,0,12844,93.3374
16043,42181,delta,2,0,1,12193,93.3263
16044,42172,delta,2,0,1,12184,93.3232
16045,39865,delta,2,0,1,9877,93.3196
16046,44024,delta,2,0,1,14036,93.2836
16047,23029,delta,2,0,0,8035,93.278
16048,39856,delta,2,0,1,9868,93.271
16049,45883,delta,2,0,1,15895,93.2291
16050,49406,delta,2,0,1,19418,93.2223
16051,32247,delta,2,0,0,17253,93.2006
16052,25116,delta,2,0,0,10122,93.1719
16053,44185,delta,2,0,1,14197,93.1333
16054,27160,delta,2,0,0,12166,93.1221
16055,39920,delta,2,0,1,9932,93.1216
16056,23673,delta,2,0,0,8679,93.1142
16057,21244,delta,2,0,0,6250,93.0973
16058,27043,delta,2,0,0,12049,93.073
16059,41978,delta,2,0,1,11990,93.0537
16060,26485,delta,2,0,0,11491,93.0458
16061,22803,delta,2,0,0,7809,93.0353
16062,23246,delta,2,0,0,8252,93.0343
16063,45302,delta,2,0,1,15314,93.024
16064,48359,delta,2,0,1,18371,93.0047
16065,40787,delta,2,0,1,10799,92.9638
16066,46700,delta,2,0,1,16712,92.96
16067,23616,delta,2,0,0,8622,92.9157
16068,41440,delta,2,0,1,11452,92.9084
16069,42689,delta,2,0,1,12701,92.8673
16070,22393,delta,2,0,0,7399,92.8497
16071,45317,delta,2,0,1,15329,92.8438
16072,42187,delta,2,0,1,12199,92.8108
16073,26899,delta,2,0,0,11905,92.7879
16074,39659,delta,2,0,1,9671,92.7868
16075,40164,delta,2,0,1,10176,92.7667
16076,48941,delta,2,0,1,18953,92.7551
16077,40661,delta,2,0,1,10673,92.7493
16078,36545,delta,2,0,1,6557,92.7446
16079,20566,delta,2,0,0,5572,92.6843
16080,46399,delta,2,0,1,16411,92.6718
16081,23747,delta,2,0,0,8753,92.6697
16082,37741,delta,2,0,1,7753,92.6679
16083,28304,delta,2,0,0,13310,92.6546
16084,44775,delta,2,0,1,14787,92.6326
16085,42180,delta,2,0,1,12192,92.616
16086,26980,delta,2,0,0,11986,92.5685
16087,28980,delta,2,0,0,13986,92.5621
16088,42536,delta,2,0,1,12548,92.5578
16089,21835,delta,2,0,0,6841,92.5329
16090,23102,delta,2,0,0,8108,92.5245
16091,27207,delta,2,0,0,12213,92.523
16092,25831,delta,2,0,0,10837,92.5221
16093,40600,delta,2,0,1,10612,92.5177
16094,22553,delta,2,0,0,7559,92.4994
16095,49715,delta,2,0,1,19727,92.4958
16096,48362,delta,2,0,1,18374,92.4426
16097,28467,delta,2,0,0,13473,92.4388
16098,41668,delta,2,0,1,11680,92.4117
16099,29043,delta,2,0,0,14049,92.3967
16100,39842,delta,2,0,1,9854,92.3958
16101,26988,delta,2,0,0,11994,92.336
16102,40666,delta,2,0,1,10678,92.3136
16103,22657,delta,2,0,0,7663,92.311
16104,21432,delta,2,0,0,6438,92.2816
16105,23899,delta,2,0,0,8905,92.2704
16106,41502,delta,2,0,1,11514,92.2235
16107,26482,delta,2,0,0,11488,92.2177
16108,35535,delta,2,0,1,5547,92.1861
16109,25995,delta,2,0,0,11001,92.1841
16110,21977,delta,2,0,0,6983,92.1829
16111,21573,delta,2,0,0,6579,92.1756
16112,47560,delta,2,0,1,17572,92.1728
16113,23000,delta,2,0,0,8006,92.1556
16114,42690,delta,2,0,1,12702,92.146
16115,27338,delta,2,0,0,12344,92.1369
16116,24658,delta,2,0,0,9664,92.121
16117,41500,delta,2,0,1,11512,92.117
16118,48855,delta,2,0,1,18867,92.1153
16119,27129,delta,2,0,0,12135,92.0921
16120,49022,delta,2,0,1,19034,92.089
16121,21137,delta,2,0,0,6143,92.0889
16122,25103,delta,2,0,0,10109,92.0778
16123,30244,delta,2,0,0,15250,92.047
16124,29042,delta,2,0,0,14048,92.0338
16125,39848,delta,2,0,1,9860,92.0267
16126,28488,delta,2,0,0,13494,92.0057
16127,40160,delta,2,0,1,10172,91.9558
16128,30784,delta,2,0,0,15790,91.9416
16129,29590,delta,2,0,0,14596,91.9314
16130,21207,delta,2,0,0,6213,91.906
16131,22409,delta,2,0,0,7415,91.899
16132,41505,delta,2,0,1,11517,91.8947
16133,45235,delta,2,0,1,15247,91.8541
16134,37789,delta,2,0,1,7801,91.8469
16135,28550,delta,2,0,0,13556,91.8075
16136,47563,delta,2,0,1,17575,91.7833
16137,49371,delta,2,0,1,19383,91.7514
16138,38890,delta,2,0,1,8902,91.751
16139,26547,delta,2,0,0,11553,91.7148
16140,44772,delta,2,0,1,14784,91.6954
16141,33278,delta,2,0,0,18284,91.6805
16142,31446,delta,2,0,0,16452,91.6524
16143,24911,delta,2,0,0,9917,91.6479
16144,35820,delta,2,0,1,5832,91.6279
16145,25689,delta,2,0,0,10695,91.6258
16146,38677,delta,2,0,1,8689,91.6213
16147,49358,delta,2,0,1,19370,91.6207
16148,23008,delta,2,0,0,8014,91.5631
16149,32686,delta,2,0,0,17692,91.5229
16150,30943,delta,2,0,0,15949,91.5153
16151,25762,delta,2,0,0,10768,91.5049
16152,21707,delta,2,0,0,6713,91.5006
16153,29637,delta,2,0,0,14643,91.4824
16154,33435,delta,2,0,0,18441,91.467
16155,27168,delta,2,0,0,12174,91.4596
16156,40516,delta,2,0,1,10528,91.4491
16157,28362,delta,2,0,0,13368,91.4464
16158,47544,delta,2,0,1,17556,91.4427
16159,23448,delta,2,0,0,8454,91.3716
16160,43972,delta,2,0,1,13984,91.3495
16161,45790,delta,2,0,1,15802,91.34
16162,49348,delta,2,0,1,19360,91.3247
16163,32102,delta,2,0,0,17108,91.3205
16164,25579,delta,2,0,0,10585,91.3116
16165,30185,delta,2,0,0,15191,91.2979
16166,31505,delta,2,0,0,16511,91.2801
16167,30258,delta,2,0,0,15264,91.2704
16168,26660,delta,2,0,0,11666,91.2691
16169,21746,delta,2,0,0,6752,91.256
16170,21105,delta,2,0,0,6111,91.2323
16171,37722,delta,2,0,1,7734,91.1992
16172,37135,delta,2,0,1,7147,91.1946
16173,40792,delta,2,0,1,10804,91.1919
16174,31955,delta,2,0,0,16961,91.1875
16175,26487,delta,2,0,0,11493,91.1828
16176,45980,delta,2,0,1,15992,91.1816
16177,22741,delta,2,0,0,7747,91.1777
16178,26338,delta,2,0,0,11344,91.1557
16179,21460,delta,2,0,0,6466,91.1553
16180,46684,delta,2,0,1,16696,91.1543
16181,31436,delta,2,0,0,16442,91.1135
16182,21419,delta,2,0,0,6425,91.0619
16183,44759,delta,2,0,1,14771,91.0325
16184,24060,delta,2,0,0,9066,91.0324
16185,44777,delta,2,0,1,14789,91.031
16186,31959,delta,2,0,0,16965,91.0292
16187,23068,delta,2,0,0,8074,91.0083
16188,27045,delta,2,0,0,12051,90.9991
16189,32538,delta,2,0,0,17544,90.9859
16190,23786,delta,2,0,0,8792,90.984
16191,23010,delta,2,0,0,8016,90.9744
16192,38444,delta,2,0,1,8456,90.9551
16193,43961,delta,2,0,1,13973,90.9547
16194,29365,delta,2,0,0,14371,90.9432
16195,40790,delta,2,0,1,10802,90.9353
16196,35470,delta,2,0,1,5482,90.9336
16197,33283,delta,2,0,0,18289,90.9156
16198,20403,delta,2,0,0,5409,90.9098
16199,36589,delta,2,0,1,6601,90.8892
16200,40591,delta,2,0,1,10603,90.83
16201,28985,delta,2,0,0,13991,90.8071
16202,41296,delta,2,0,1,11308,90.794
16203,48346,delta,2,0,1,18358,90.7929
16204,21767,delta,2,0,0,6773,90.7836
16205,24940,delta,2,0,0,9946,90.775
16206,25225,delta,2,0,0,10231,90.7607
16207,32061,delta,2,0,0,17067,90.753
16208,21858,delta,2,0,0,6864,90.7446
16209,29115,delta,2,0,0,14121,90.7222
16210,25001,delta,2,0,0,10007,90.6881
16211,41346,delta,2,0,1,11358,90.6847
16212,44486,delta,2,0,1,14498,90.6548
16213,44917,delta,2,0,1,14929,90.6512
16214,24828,delta,2,0,0,9834,90.6264
16215,38576,delta,2,0,1,8588,90.6178
16216,20032,delta,2,0,0,5038,90.6024
16217,30876,delta,2,0,0,15882,90.5853
16218,33241,delta,2,0,0,18247,90.5585
16219,26328,delta,2,0,0,11334,90.5509
16220,42625,delta,2,0,1,12637,90.533
16221,24938,delta,2,0,0,9944,90.5194
16222,46993,delta,2,0,1,17005,90.5094
16223,24922,delta,2,0,0,9928,90.4976
16224,40834,delta,2,0,1,10846,90.4899
16225,26440,delta,2,0,0,11446,90.457
16226,43958,delta,2,0,1,13970,90.4514
16227,20925,delta,2,0,0,5931,90.4437
16228,28273,delta,2,0,0,13279,90.4394
16229,27223,delta,2,0,0,12229,90.4122
16230,28456,delta,2,0,0,13462,90.3914
16231,22759,delta,2,0,0,7765,90.388
16232,49606,delta,2,0,1,19618,90.378
16233,25433,delta,2,0,0,10439,90.3396
16234,36593,delta,2,0,1,6605,90.3212
16235,45277,delta,2,0,1,15289,90.3155
16236,37302,delta,2,0,1,7314,90.2197
16237,27639,delta,2,0,0,12645,90.2141
16238,33203,delta,2,0,0,18209,90.2022
16239,23286,delta,2,0,0,8292,90.1975
16240,39850,delta,2,0,1,9862,90.1915
16241,28679,delta,2,0,0,13685,90.1849
16242,29090,delta,2,0,0,14096,90.18
16243,49181,delta,2,0,1,19193,90.1484
16244,23092,delta,2,0,0,8098,90.1162
16245,23650,delta,2,0,0,8656,90.1087
16246,27082,delta,2,0,0,12088,90.0973
16247,47831,delta,2,0,1,17843,90.0926
16248,23587,delta,2,0,0,8593,90.0888
16249,43879,delta,2,0,1,13891,90.0415
16250,42087,delta,2,0,1,12099,90.0343
16251,26474,delta,2,0,0,11480,89.9462
16252,37652,delta,2,0,1,7664,89.9123
16253,38665,delta,2,0,1,8677,89.9003
16254,48736,delta,2,0,1,18748,89.8799
16255,37161,delta,2,0,1,7173,89.8609
16256,46532,delta,2,0,1,16544,89.8242
16257,28569,delta,2,0,0,13575,89.8192
16258,38588,delta,2,0,1,8600,89.8178
16259,47679,delta,2,0,1,17691,89.8162
16260,37793,delta,2,0,1,7805,89.8126
16261,23430,delta,2,0,0,8436,89.78
16262,25228,delta,2,0,0,10234,89.7799
16263,49452,delta,2,0,1,19464,89.7752
16264,49714,delta,2,0,1,19726,89.7745
16265,42186,delta,2,0,1,12198,89.7743
16266,37310,delta,2,0,1,7322,89.7705
16267,23079,delta,2,0,0,8085,89.7656
16268,33219,delta,2,0,0,18225,89.7594
16269,46316,delta,2,0,1,16328,89.7413
16270,42350,delta,2,0,1,12362,89.7303
16271,33226,delta,2,0,0,18232,89.7023
16272,23103,delta,2,0,0,8109,89.6969
16273,29661,delta,2,0,0,14667,89.6602
16274,21024,delta,2,0,0,6030,89.6575
16275,21037,delta,2,0,0,6043,89.6575
16276,21045,delta,2,0,0,6051,89.6575
16277,20519,delta,2,0,0,5525,89.6523
16278,40843,delta,2,0,1,10855,89.6388
16279,21345,delta,2,0,0,6351,89.6359
16280,49345,delta,2,0,1,19357,89.6326
16281,25663,delta,2,0,0,10669,89.6273
16282,40770,delta,2,0,1,10782,89.5906
16283,39860,delta,2,0,1,9872,89.5745
16284,24807,delta,2,0,0,9813,89.566
16285,20011,delta,2,0,0,5017,89.5654
16286,23770,delta,2,0,0,8776,89.543
16287,32555,delta,2,0,0,17561,89.5212
16288,30863,delta,2,0,0,15869,89.5116
16289,27163,delta,2,0,0,12169,89.5074
16290,36598,delta,2,0,1,6610,89.5018
16291,34340,delta,2,0,0,19346,89.4947
16292,40604,delta,2,0,1,10616,89.4846
16293,22722,delta,2,0,0,7728,89.4703
16294,40515,delta,2,0,1,10527,89.4501
16295,30826,delta,2,0,0,15832,89.4084
16296,23495,delta,2,0,0,8501,89.4036
16297,25747,delta,2,0,0,10753,89.3925
16298,44654,delta,2,0,1,14666,89.3905
16299,25752,delta,2,0,0,10758,89.3807
16300,46913,delta,2,0,1,16925,89.3509
16301,23466,delta,2,0,0,8472,89.3388
16302,40682,delta,2,0,1,10694,89.3167
16303,29677,delta,2,0,0,14683,89.3068
16304,28519,delta,2,0,0,13525,89.3024
16305,29129,delta,2,0,0,14135,89.3017
16306,38544,delta,2,0,1,8556,89.2899
16307,46975,delta,2,0,1,16987,89.2709
16308,42635,delta,2,0,1,12647,89.2414
16309,30271,delta,2,0,0,15277,89.2283
16310,40333,delta,2,0,1,10345,89.221
16311,25759,delta,2,0,0,10765,89.2076
16312,49397,delta,2,0,1,19409,89.1894
16313,38668,delta,2,0,1,8680,89.1872
16314,30808,delta,2,0,0,15814,89.1534
16315,40533,delta,2,0,1,10545,89.111
16316,47242,delta,2,0,1,17254,89.1099
16317,24042,delta,2,0,0,9048,89.092
16318,43565,delta,2,0,1,13577,89.09
16319,23869,delta,2,0,0,8875,89.0823
16320,27686,delta,2,0,0,12692,89.0807
16321,27176,delta,2,0,0,12182,89.0688
16322,39811,delta,2,0,1,9823,89.0673
16323,29522,delta,2,0,0,14528,89.066
16324,36359,delta,2,0,1,6371,89.0548
16325,32857,delta,2,0,0,17863,89.0485
16326,48812,delta,2,0,1,18824,89.0435
16327,40104,delta,2,0,1,10116,89.0265
16328,38909,delta,2,0,1,8921,89.0205
16329,37848,delta,2,0,1,7860,89.0186
16330,21371,delta,2,0,0,6377,89.0126
16331,27215,delta,2,0,0,12221,89.0064
16332,37802,delta,2,0,1,7814,88.9933
16333,22388,delta,2,0,0,7394,88.9907
16334,28547,delta,2,0,0,13553,88.9845
16335,25734,delta,2,0,0,10740,88.9611
16336,37636,delta,2,0,1,7648,88.9434
16337,28396,delta,2,0,0,13402,88.9245
16338,37614,delta,2,0,1,7626,88.9089
16339,24343,delta,2,0,0,9349,88.8994
16340,23094,delta,2,0,0,8100,88.8588
16341,45820,delta,2,0,1,15832,88.8538
16342,36356,delta,2,0,1,6368,88.8534
16343,30268,delta,2,0,0,15274,88.8382
16344,40618,delta,2,0,1,10630,88.8369
16345,40326,delta,2,0,1,10338,88.8287
16346,22134,delta,2,0,0,7140,88.8039
16347,24924,delta,2,0,0,9930,88.8029
16348,30779,delta,2,0,0,15785,88.7914
16349,28378,delta,2,0,0,13384,88.7491
16350,28268,delta,2,0,0,13274,88.7454
16351,42858,delta,2,0,1,12870,88.7297
16352,22586,delta,2,0,0,7592,88.7262
16353,31449,delta,2,0,0,16455,88.7212
16354,46997,delta,2,0,1,17009,88.7041
16355,24372,delta,2,0,0,9378,88.6922
16356,47695,delta,2,0,1,17707,88.692
16357,30546,delta,2,0,0,15552,88.6781
16358,38660,delta,2,0,1,8672,88.6642
16359,21976,delta,2,0,0,6982,88.6606
16360,43982,delta,2,0,1,13994,88.6519
16361,30229,delta,2,0,0,15235,88.6419
16362,37723,delta,2,0,1,7735,88.6418
16363,39801,delta,2,0,1,9813,88.6302
16364,23435,delta,2,0,0,8441,88.6206
16365,25644,delta,2,0,0,10650,88.6133
16366,27804,delta,2,0,0,12810,88.6081
16367,45964,delta,2,0,1,15976,88.603
16368,44035,delta,2,0,1,14047,88.5869
16369,24729,delta,2,0,0,9735,88.5728
16370,38685,delta,2,0,1,8697,88.5378
16371,24841,delta,2,0,0,9847,88.5245
16372,44637,delta,2,0,1,14649,88.5224
16373,45166,delta,2,0,1,15178,88.5136
16374,45945,delta,2,0,1,15957,88.5075
16375,44557,delta,2,0,1,14569,88.5071
16376,41275,delta,2,0,1,11287,88.4888
16377,36456,delta,2,0,1,6468,88.4745
16378,48470,delta,2,0,1,18482,88.4607
16379,37179,delta,2,0,1,7191,88.4525
16380,28996,delta,2,0,0,14002,88.4493
16381,27204,delta,2,0,0,12210,88.4114
16382,38997,delta,2,0,1,9009,88.3905
16383,44688,delta,2,0,1,14700,88.3872
16384,32360,delta,2,0,0,17366,88.3836
16385,37702,delta,2,0,1,7714,88.3671
16386,40512,delta,2,0,1,10524,88.3537
16387,22320,delta,2,0,0,7326,88.3365
16388,22443,delta,2,0,0,7449,88.3349
16389,29770,delta,2,0,0,14776,88.3311
16390,33821,delta,2,0,0,18827,88.3267
16391,30768,delta,2,0,0,15774,88.3184
16392,23789,delta,2,0,0,8795,88.2949
16393,37864,delta,2,0,1,7876,88.2873
16394,48212,delta,2,0,1,18224,88.2625
16395,41206,delta,2,0,1,11218,88.2449
16396,42696,delta,2,0,1,12708,88.2448
16397,20168,delta,2,0,0,5174,88.2288
16398,38984,delta,2,0,1,8996,88.2079
16399,43349,delta,2,0,1,13361,88.1883
16400,26045,delta,2,0,0,11051,88.1877
16401,25778,delta,2,0,0,10784,88.1637
16402,26435,delta,2,0,0,11441,88.1622
16403,37872,delta,2,0,1,7884,88.1498
16404,21699,delta,2,0,0,6705,88.1429
16405,44180,delta,2,0,1,14192,88.1323
16406,47531,delta,2,0,1,17543,88.1303
16407,44767,delta,2,0,1,14779,88.1156
16408,43014,delta,2,0,1,13026,88.1062
16409,47250,delta,2,0,1,17262,88.1005
16410,39829,delta,2,0,1,9841,88.0906
16411,24503,delta,2,0,0,9509,88.0826
16412,37740,delta,2,0,1,7752,88.0762
16413,27352,delta,2,0,0,12358,88.0755
16414,47005,delta,2,0,1,17017,88.0588
16415,28317,delta,2,0,0,13323,88.0585
16416,46287,delta,2,0,1,16299,88.0178
16417,23927,delta,2,0,0,8933,87.9837
16418,27729,delta,2,0,0,12735,87.9562
16419,31941,delta,2,0,0,16947,87.9431
16420,46394,delta,2,0,1,16406,87.9047
16421,41253,delta,2,0,1,11265,87.8959
16422,43973,delta,2,0,1,13985,87.8819
16423,23814,delta,2,0,0,8820,87.8766
16424,24752,delta,2,0,0,9758,87.8606
16425,42018,delta,2,0,1,12030,87.8258
16426,47549,delta,2,0,1,17561,87.8115
16427,30927,delta,2,0,0,15933,87.8036
16428,43203,delta,2,0,1,13215,87.7959
16429,49449,delta,2,0,1,19461,87.7824
16430,45344,delta,2,0,1,15356,87.7483
16431,37622,delta,2,0,1,7634,87.7431
16432,36366,delta,2,0,1,6378,87.7419
16433,25872,delta,2,0,0,10878,87.7314
16434,27152,delta,2,0,0,12158,87.7239
16435,48344,delta,2,0,1,18356,87.6867
16436,43430,delta,2,0,1,13442,87.6552
16437,32117,delta,2,0,0,17123,87.6507
16438,29692,delta,2,0,0,14698,87.6503
16439,43876,delta,2,0,1,13888,87.6397
16440,24880,delta,2,0,0,9886,87.6333
16441,39806,delta,2,0,1,9818,87.6108
16442,23084,delta,2,0,0,8090,87.6065
16443,23265,delta,2,0,0,8271,87.602
16444,23427,delta,2,0,0,8433,87.59
16445,27791,delta,2,0,0,12797,87.5822
16446,27320,delta,2,0,0,12326,87.5793
16447,41973,delta,2,0,1,11985,87.5662
16448,20883,delta,2,0,0,5889,87.5425
16449,28660,delta,2,0,0,13666,87.5328
16450,43985,delta,2,0,1,13997,87.5262
16451,44057,delta,2,0,1,14069,87.4721
16452,20282,delta,2,0,0,5288,87.4508
16453,48440,delta,2,0,1,18452,87.4417
16454,40635,delta,2,0,1,10647,87.4403
16455,42129,delta,2,0,1,12141,87.4375
16456,44141,delta,2,0,1,14153,87.4359
16457,45215,delta,2,0,1,15227,87.4225
16458,37737,delta,2,0,1,7749,87.4104
16459,23236,delta,2,0,0,8242,87.4059
16460,45226,delta,2,0,1,15238,87.3892
16461,46384,delta,2,0,1,16396,87.3788
16462,39798,delta,2,0,1,9810,87.3754
16463,49040,delta,2,0,1,19052,87.3207
16464,21079,delta,2,0,0,6085,87.3167
16465,41299,delta,2,0,1,11311,87.3049
16466,47762,delta,2,0,1,17774,87.2992
16467,38682,delta,2,0,1,8694,87.2618
16468,38398,delta,2,0,1,8410,87.2571
16469,25697,delta,2,0,0,10703,87.2313
16470,28428,delta,2,0,0,13434,87.2173
16471,45331,delta,2,0,1,15343,87.208
16472,24490,delta,2,0,0,9496,87.1924
16473,43944,delta,2,0,1,13956,87.1744
16474,22451,delta,2,0,0,7457,87.1706
16475,43280,delta,2,0,1,13292,87.1535
16476,27080,delta,2,0,0,12086,87.1416
16477,32541,delta,2,0,0,17547,87.1216
16478,22281,delta,2,0,0,7287,87.114
16479,30304,delta,2,0,0,15310,87.1139
16480,46094,delta,2,0,1,16106,87.0489
16481,45151,delta,2,0,1,15163,87.0478
16482,38441,delta,2,0,1,8453,87.0467
16483,39655,delta,2,0,1,9667,87.0436
16484,45288,delta,2,0,1,15300,87.0309
16485,44223,delta,2,0,1,14235,87.025
16486,46442,delta,2,0,1,16454,87.0182
16487,38883,delta,2,0,1,8895,87.0077
16488,20681,delta,2,0,0,5687,87.0045
16489,31376,delta,2,0,0,16382,87.0005
16490,42648,delta,2,0,1,12660,86.991
16491,34369,delta,2,0,0,19375,86.9908
16492,40782,delta,2,0,1,10794,86.9595
16493,21712,delta,2,0,0,6718,86.892
16494,25220,delta,2,0,0,10226,86.8834
16495,40664,delta,2,0,1,10676,86.8583
16496,23270,delta,2,0,0,8276,86.8576
16497,42090,delta,2,0,1,12102,86.8306
16498,39790,delta,2,0,1,9802,86.8235
16499,23843,delta,2,0,0,8849,86.7999
16500,40523,delta,2,0,1,10535,86.7806
16501,42179,delta,2,0,1,12191,86.7636
16502,21346,delta,2,0,0,6352,86.7515
16503,38556,delta,2,0,1,8568,86.7405
16504,45285,delta,2,0,1,15297,86.7403
16505,28315,delta,2,0,0,13321,86.7325
16506,37331,delta,2,0,1,7343,86.7281
16507,33202,delta,2,0,0,18208,86.7101
16508,34377,delta,2,0,0,19383,86.7094
16509,32105,delta,2,0,0,17111,86.7072
16510,30930,delta,2,0,0,15936,86.6955
16511,44583,delta,2,0,1,14595,86.6518
16512,25985,delta,2,0,0,10991,86.624
16513,31072,delta,2,0,0,16078,86.6196
16514,37729,delta,2,0,1,7741,86.608
16515,39063,delta,2,0,1,9075,86.6015
16516,26649,delta,2,0,0,11655,86.5979
16517,26459,delta,2,0,0,11465,86.587
16518,45938,delta,2,0,1,15950,86.563
16519,33159,delta,2,0,0,18165,86.5442
16520,39809,delta,2,0,1,9821,86.5425
16521,37644,delta,2,0,1,7656,86.5358
16522,27053,delta,2,0,0,12059,86.5317
16523,37169,delta,2,0,1,7181,86.5037
16524,42006,delta,2,0,1,12018,86.492
16525,45286,delta,2,0,1,15298,86.482
16526,37877,delta,2,0,1,7889,86.4794
16527,21848,delta,2,0,0,6854,86.4661
16528,28535,delta,2,0,0,13541,86.4001
16529,48442,delta,2,0,1,18454,86.3915
16530,45787,delta,2,0,1,15799,86.3915
16531,47767,delta,2,0,1,17779,86.3655
16532,44628,delta,2,0,1,14640,86.362
16533,22699,delta,2,0,0,7705,86.3412
16534,43479,delta,2,0,1,13491,86.3221
16535,25443,delta,2,0,0,10449,86.3186
16536,26956,delta,2,0,0,11962,86.3054
16537,27689,delta,2,0,0,12695,86.2886
16538,41942,delta,2,0,1,11954,86.2818
16539,27851,delta,2,0,0,12857,86.2624
16540,42025,delta,2,0,1,12037,86.2582
16541,32108,delta,2,0,0,17114,86.2492
16542,28483,delta,2,0,0,13489,86.2437
16543,21681,delta,2,0,0,6687,86.2435
16544,29694,delta,2,0,0,14700,86.2397
16545,46374,delta,2,0,1,16386,86.2356
16546,23906,delta,2,0,0,8912,86.235
16547,41282,delta,2,0,1,11294,86.2343
16548,27658,delta,2,0,0,12664,86.2239
16549,26354,delta,2,0,0,11360,86.1878
16550,38551,delta,2,0,1,8563,86.1865
16551,48445,delta,2,0,1,18457,86.1864
16552,20846,delta,2,0,0,5852,86.169
16553,25853,delta,2,0,0,10859,86.1263
16554,31666,delta,2,0,0,16672,86.1239
16555,27739,delta,2,0,0,12745,86.0917
16556,27666,delta,2,0,0,12672,86.0732
16557,30695,delta,2,0,0,15701,86.0488
16558,21442,delta,2,0,0,6448,86.0468
16559,23107,delta,2,0,0,8113,86.0459
16560,25793,delta,2,0,0,10799,86.016
16561,28566,delta,2,0,0,13572,85.991
16562,36600,delta,2,0,1,6612,85.9694
16563,49335,delta,2,0,1,19347,85.9678
16564,38536,delta,2,0,1,8548,85.9246
16565,26417,delta,2,0,0,11423,85.92
16566,22866,delta,2,0,0,7872,85.8837
16567,41971,delta,2,0,1,11983,85.8821
16568,24838,delta,2,0,0,9844,85.8435
16569,31066,delta,2,0,0,16072,85.8239
16570,38905,delta,2,0,1,8917,85.8066
16571,41466,delta,2,0,1,11478,85.7976
16572,24495,delta,2,0,0,9501,85.791
16573,45871,delta,2,0,1,15883,85.7665
16574,47569,delta,2,0,1,17581,85.7469
16575,45817,delta,2,0,1,15829,85.7443
16576,27618,delta,2,0,0,12624,85.7251
16577,38570,delta,2,0,1,8582,85.7221
16578,21972,delta,2,0,0,6978,85.6887
16579,41672,delta,2,0,1,11684,85.6857
16580,33421,delta,2,0,0,18427,85.6826
16581,27703,delta,2,0,0,12709,85.6803
16582,41003,delta,2,0,1,11015,85.6762
16583,27836,delta,2,0,0,12842,85.6672
16584,33281,delta,2,0,0,18287,85.6617
16585,29032,delta,2,0,0,14038,85.6573
16586,39819,delta,2,0,1,9831,85.6524
16587,44042,delta,2,0,1,14054,85.6149
16588,38981,delta,2,0,1,8993,85.6122
16589,32103,delta,2,0,0,17109,85.602
16590,26715,delta,2,0,0,11721,85.5973
16591,40169,delta,2,0,1,10181,85.5668
16592,39868,delta,2,0,1,9880,85.56
16593,33122,delta,2,0,0,18128,85.5542
16594,24522,delta,2,0,0,9528,85.5509
16595,24296,delta,2,0,0,9302,85.5456
16596,45328,delta,2,0,1,15340,85.5448
16597,46455,delta,2,0,1,16467,85.5335
16598,24254,delta,2,0,0,9260,85.5305
16599,42684,delta,2,0,1,12696,85.4939
16600,30940,delta,2,0,0,15946,85.4705
16601,20306,delta,2,0,0,5312,85.4659
16602,40159,delta,2,0,1,10171,85.4339
16603,41956,delta,2,0,1,11968,85.4254
16604,46908,delta,2,0,1,16920,85.4224
16605,24267,delta,2,0,0,9273,85.4212
16606,38885,delta,2,0,1,8897,85.3936
16607,32041,delta,2,0,0,17047,85.3875
16608,32116,delta,2,0,0,17122,85.3844
16609,25658,delta,2,0,0,10664,85.3835
16610,41344,delta,2,0,1,11356,85.3635
16611,39113,delta,2,0,1,9125,85.3507
16612,42175,delta,2,0,1,12187,85.3421
16613,38888,delta,2,0,1,8900,85.3417
16614,25739,delta,2,0,0,10745,85.3402
16615,25781,delta,2,0,0,10787,85.3401
16616,44691,delta,2,0,1,14703,85.3293
16617,45141,delta,2,0,1,15153,85.3286
16618,41675,delta,2,0,1,11687,85.3276
16619,36365,delta,2,0,1,6377,85.3207
16620,30360,delta,2,0,0,15366,85.3199
16621,39957,delta,2,0,1,9969,85.3043
16622,40820,delta,2,0,1,10832,85.2976
16623,27653,delta,2,0,0,12659,85.2879
16624,33756,delta,2,0,0,18762,85.2621
16625,47887,delta,2,0,1,17899,85.2495
16626,22029,delta,2,0,0,7035,85.229
16627,38874,delta,2,0,1,8886,85.2158
16628,36387,delta,2,0,1,6399,85.2087
16629,42853,delta,2,0,1,12865,85.2022
16630,28933,delta,2,0,0,13939,85.1942
16631,25611,delta,2,0,0,10617,85.1928
16632,41860,delta,2,0,1,11872,85.1888
16633,39945,delta,2,0,1,9957,85.1536
16634,22709,delta,2,0,0,7715,85.0943
16635,44764,delta,2,0,1,14776,85.0913
16636,22241,delta,2,0,0,7247,85.0906
16637,36474,delta,2,0,1,6486,85.0454
16638,24689,delta,2,0,0,9695,85.0139
16639,47087,delta,2,0,1,17099,85.0035
16640,37136,delta,2,0,1,7148,84.9994
16641,45381,delta,2,0,1,15393,84.9635
16642,23021,delta,2,0,0,8027,84.9345
16643,23992,delta,2,0,0,8998,84.9305
16644,47567,delta,2,0,1,17579,84.9251
16645,47021,delta,2,0,1,17033,84.8983
16646,40115,delta,2,0,1,10127,84.8698
16647,27998,delta,2,0,0,13004,84.8671
16648,29676,delta,2,0,0,14682,84.8661
16649,39702,delta,2,0,1,9714,84.8504
16650,33784,delta,2,0,0,18790,84.8458
16651,44632,delta,2,0,1,14644,84.8403
16652,30904,delta,2,0,0,15910,84.8059
16653,32584,delta,2,0,0,17590,84.8043
16654,27037,delta,2,0,0,12043,84.788
16655,42028,delta,2,0,1,12040,84.787
16656,47492,delta,2,0,1,17504,84.7688
16657,25577,delta,2,0,0,10583,84.7685
16658,46504,delta,2,0,1,16516,84.7273
16659,24909,delta,2,0,0,9915,84.7052
16660,44036,delta,2,0,1,14048,84.6943
16661,38983,delta,2,0,1,8995,84.6789
16662,27174,delta,2,0,0,12180,84.667
16663,40663,delta,2,0,1,10675,84.6546
16664,46503,delta,2,0,1,16515,84.6489
16665,43529,delta,2,0,1,13541,84.6423
16666,31363,delta,2,0,0,16369,84.6314
16667,28500,delta,2,0,0,13506,84.6267
16668,44693,delta,2,0,1,14705,84.6193
16669,22602,delta,2,0,0,7608,84.6123
16670,27347,delta,2,0,0,12353,84.59
16671,37182,delta,2,0,1,7194,84.5837
16672,47562,delta,2,0,1,17574,84.5574
16673,32080,delta,2,0,0,17086,84.5524
16674,45325,delta,2,0,1,15337,84.5293
16675,36463,delta,2,0,1,6475,84.509
16676,30393,delta,2,0,0,15399,84.4913
16677,25139,delta,2,0,0,10145,84.4692
16678,40330,delta,2,0,1,10342,84.4667
16679,29187,delta,2,0,0,14193,84.4645
16680,43956,delta,2,0,1,13968,84.4468
16681,38972,delta,2,0,1,8984,84.4152
16682,39818,delta,2,0,1,9830,84.4047
16683,41511,delta,2,0,1,11523,84.3873
16684,26375,delta,2,0,0,11381,84.3829
16685,26492,delta,2,0,0,11498,84.3764
16686,23432,delta,2,0,0,8438,84.3756
16687,28365,delta,2,0,0,13371,84.3336
16688,49332,delta,2,0,1,19344,84.3238
16689,41498,delta,2,0,1,11510,84.2998
16690,39707,delta,2,0,1,9719,84.2974
16691,43989,delta,2,0,1,14001,84.2714
16692,38674,delta,2,0,1,8686,84.2539
16693,40780,delta,2,0,1,10792,84.2513
16694,22236,delta,2,0,0,7242,84.2456
16695,39694,delta,2,0,1,9706,84.2411
16696,44104,delta,2,0,1,14116,84.2405
16697,48584,delta,2,0,1,18596,84.2222
16698,25022,delta,2,0,0,10028,84.2179
16699,44643,delta,2,0,1,14655,84.2146
16700,48170,delta,2,0,1,18182,84.2034
16701,45154,delta,2,0,1,15166,84.1913
16702,31998,delta,2,0,0,17004,84.1862
16703,30349,delta,2,0,0,15355,84.1856
16704,30307,delta,2,0,0,15313,84.1817
16705,25707,delta,2,0,0,10713,84.1581
16706,40101,delta,2,0,1,10113,84.1547
16707,24925,delta,2,0,0,9931,84.1537
16708,37797,delta,2,0,1,7809,84.1535
16709,42681,delta,2,0,1,12693,84.148
16710,47708,delta,2,0,1,17720,84.1466
16711,21673,delta,2,0,0,6679,84.1443
16712,45761,delta,2,0,1,15773,84.1414
16713,43359,delta,2,0,1,13371,84.1349
16714,44778,delta,2,0,1,14790,84.1339
16715,49589,delta,2,0,1,19601,84.1322
16716,49035,delta,2,0,1,19047,84.1178
16717,40521,delta,2,0,1,10533,84.1113
16718,47236,delta,2,0,1,17248,84.0931
16719,21513,delta,2,0,0,6519,84.0843
16720,33164,delta,2,0,0,18170,84.0663
16721,47682,delta,2,0,1,17694,84.0119
16722,21027,delta,2,0,0,6033,84.0085
16723,45283,delta,2,0,1,15295,83.9989
16724,44579,delta,2,0,1,14591,83.9881
16725,43435,delta,2,0,1,13447,83.9871
16726,43358,delta,2,0,1,13370,83.9789
16727,25351,delta,2,0,0,10357,83.9674
16728,38893,delta,2,0,1,8905,83.9615
16729,24498,delta,2,0,0,9504,83.9579
16730,40793,delta,2,0,1,10805,83.9492
16731,26490,delta,2,0,0,11496,83.9377
16732,47604,delta,2,0,1,17616,83.9363
16733,44803,delta,2,0,1,14815,83.9362
16734,49745,delta,2,0,1,19757,83.931
16735,40118,delta,2,0,1,10130,83.9259
16736,20063,delta,2,0,0,5069,83.8997
16737,24021,delta,2,0,0,9027,83.8646
16738,26961,delta,2,0,0,11967,83.8324
16739,32257,delta,2,0,0,17263,83.8137
16740,46385,delta,2,0,1,16397,83.8118
16741,41417,delta,2,0,1,11429,83.7939
16742,42643,delta,2,0,1,12655,83.7817
16743,34335,delta,2,0,0,19341,83.7804
16744,37609,delta,2,0,1,7621,83.7727
16745,44621,delta,2,0,1,14633,83.7292
16746,39939,delta,2,0,1,9951,83.6989
16747,37150,delta,2,0,1,7162,83.6415
16748,22984,delta,2,0,0,7990,83.6269
16749,39699,delta,2,0,1,9711,83.6018
16750,21228,delta,2,0,0,6234,83.5857
16751,37733,delta,2,0,1,7745,83.5722
16752,23438,delta,2,0,0,8444,83.5713
16753,43947,delta,2,0,1,13959,83.5603
16754,31985,delta,2,0,0,16991,83.4886
16755,26221,delta,2,0,0,11227,83.4861
16756,46716,delta,2,0,1,16728,83.4764
16757,36348,delta,2,0,1,6360,83.469
16758,40110,delta,2,0,1,10122,83.4601
16759,42838,delta,2,0,1,12850,83.4347
16760,21155,delta,2,0,0,6161,83.4321
16761,46383,delta,2,0,1,16395,83.4263
16762,39704,delta,2,0,1,9716,83.4083
16763,49826,delta,2,0,1,19838,83.3861
16764,42033,delta,2,0,1,12045,83.3857
16765,42596,delta,2,0,1,12608,83.3855
16766,37613,delta,2,0,1,7625,83.3769
16767,27330,delta,2,0,0,12336,83.3674
16768,29920,delta,2,0,0,14926,83.3561
16769,47587,delta,2,0,1,17599,83.3554
16770,49165,delta,2,0,1,19177,83.3499
16771,38400,delta,2,0,1,8412,83.3381
16772,43516,delta,2,0,1,13528,83.3288
16773,40744,delta,2,0,1,10756,83.3185
16774,27139,delta,2,0,0,12145,83.3088
16775,28394,delta,2,0,0,13400,83.2847
16776,47876,delta,2,0,1,17888,83.278
16777,32645,delta,2,0,0,17651,83.258
16778,22992,delta,2,0,0,7998,83.2288
16779,40823,delta,2,0,1,10835,83.2226
16780,48357,delta,2,0,1,18369,83.2203
16781,34400,delta,2,0,0,19406,83.2175
16782,25448,delta,2,0,0,10454,83.2108
16783,39776,delta,2,0,1,9788,83.1853
16784,24862,delta,2,0,0,9868,83.1819
16785,39937,delta,2,0,1,9949,83.1457
16786,46671,delta,2,0,1,16683,83.1362
16787,46529,delta,2,0,1,16541,83.1336
16788,31944,delta,2,0,0,16950,83.1315
16789,41510,delta,2,0,1,11522,83.1183
16790,44323,delta,2,0,1,14335,83.0961
16791,33530,delta,2,0,0,18536,83.0933
16792,25369,delta,2,0,0,10375,83.074
16793,47834,delta,2,0,1,17846,83.0733
16794,37425,delta,2,0,1,7437,83.0456
16795,33228,delta,2,0,0,18234,83.044
16796,20728,delta,2,0,0,5734,83.0316
16797,45174,delta,2,0,1,15186,83.0284
16798,41303,delta,2,0,1,11315,83.0046
16799,24089,delta,2,0,0,9095,82.9951
16800,24008,delta,2,0,0,9014,82.988
16801,41270,delta,2,0,1,11282,82.9726
16802,29370,delta,2,0,0,14376,82.9637
16803,37861,delta,2,0,1,7873,82.9613
16804,49176,delta,2,0,1,19188,82.9577
16805,44214,delta,2,0,1,14226,82.953
16806,34948,delta,2,0,0,19954,82.9437
16807,39796,delta,2,0,1,9808,82.9328
16808,39690,delta,2,0,1,9702,82.9285
16809,41932,delta,2,0,1,11944,82.9136
16810,20017,delta,2,0,0,5023,82.9094
16811,35993,delta,2,0,1,6005,82.9021
16812,24707,delta,2,0,0,9713,82.8981
16813,27645,delta,2,0,0,12651,82.8968
16814,41499,delta,2,0,1,11511,82.8808
16815,30711,delta,2,0,0,15717,82.8737
16816,23485,delta,2,0,0,8491,82.8647
16817,37417,delta,2,0,1,7429,82.8483
16818,44558,delta,2,0,1,14570,82.7925
16819,46487,delta,2,0,1,16499,82.7609
16820,20343,delta,2,0,0,5349,82.7596
16821,24663,delta,2,0,0,9669,82.7545
16822,31718,delta,2,0,0,16724,82.7443
16823,26875,delta,2,0,0,11881,82.7268
16824,45925,delta,2,0,1,15937,82.7152
16825,39660,delta,2,0,1,9672,82.7134
16826,38859,delta,2,0,1,8871,82.6792
16827,44163,delta,2,0,1,14175,82.6743
16828,49956,delta,2,0,1,19968,82.6729
16829,23144,delta,2,0,0,8150,82.6674
16830,46517,delta,2,0,1,16529,82.6534
16831,31983,delta,2,0,0,16989,82.6521
16832,30821,delta,2,0,0,15827,82.6284
16833,48276,delta,2,0,1,18288,82.6245
16834,47763,delta,2,0,1,17775,82.5466
16835,42355,delta,2,0,1,12367,82.5138
16836,23900,delta,2,0,0,8906,82.4396
16837,45905,delta,2,0,1,15917,82.432
16838,22817,delta,2,0,0,7823,82.4271
16839,37315,delta,2,0,1,7327,82.4202
16840,38425,delta,2,0,1,8437,82.4201
16841,22286,delta,2,0,0,7292,82.4136
16842,37619,delta,2,0,1,7631,82.3807
16843,43524,delta,2,0,1,13536,82.3627
16844,26008,delta,2,0,0,11014,82.3524
16845,22707,delta,2,0,0,7713,82.3468
16846,26663,delta,2,0,0,11669,82.3387
16847,40613,delta,2,0,1,10625,82.334
16848,45316,delta,2,0,1,15328,82.3075
16849,31082,delta,2,0,0,16088,82.3003
16850,37710,delta,2,0,1,7722,82.2989
16851,33740,delta,2,0,0,18746,82.2905
16852,35457,delta,2,0,1,5469,82.2893
16853,25309,delta,2,0,0,10315,82.2787
16854,31527,delta,2,0,0,16533,82.2608
16855,43024,delta,2,0,1,13036,82.242
16856,36014,delta,2,0,1,6026,82.2146
16857,38908,delta,2,0,1,8920,82.2136
16858,39804,delta,2,0,1,9816,82.2027
16859,27189,delta,2,0,0,12195,82.1608
16860,41261,delta,2,0,1,11273,82.1277
16861,27883,delta,2,0,0,12889,82.1209
16862,38574,delta,2,0,1,8586,82.1171
16863,27077,delta,2,0,0,12083,82.1009
16864,27118,delta,2,0,0,12124,82.0947
16865,22517,delta,2,0,0,7523,82.0637
16866,21850,delta,2,0,0,6856,82.0553
16867,44689,delta,2,0,1,14701,82.0514
16868,29213,delta,2,0,0,14219,82.0201
16869,40157,delta,2,0,1,10169,81.9906
16870,40510,delta,2,0,1,10522,81.9855
16871,27335,delta,2,0,0,12341,81.9802
16872,27001,delta,2,0,0,12007,81.9701
16873,24275,delta,2,0,0,9281,81.9579
16874,41540,delta,2,0,1,11552,81.9577
16875,27632,delta,2,0,0,12638,81.9556
16876,20351,delta,2,0,0,5357,81.9528
16877,20760,delta,2,0,0,5766,81.9336
16878,38670,delta,2,0,1,8682,81.9268
16879,24351,delta,2,0,0,9357,81.921
16880,37641,delta,2,0,1,7653,81.8975
16881,38373,delta,2,0,1,8385,81.8902
16882,28918,delta,2,0,0,13924,81.8887
16883,28352,delta,2,0,0,13358,81.8783
16884,29603,delta,2,0,0,14609,81.8764
16885,24485,delta,2,0,0,9491,81.8682
16886,43520,delta,2,0,1,13532,81.866
16887,39783,delta,2,0,1,9795,81.8383
16888,48347,delta,2,0,1,18359,81.8242
16889,47297,delta,2,0,1,17309,81.7993
16890,29687,delta,2,0,0,14693,81.7934
16891,25535,delta,2,0,0,10541,81.7919
16892,42020,delta,2,0,1,12032,81.7906
16893,40162,delta,2,0,1,10174,81.7851
16894,46539,delta,2,0,1,16551,81.7788
16895,44139,delta,2,0,1,14151,81.7774
16896,30839,delta,2,0,0,15845,81.7686
16897,45171,delta,2,0,1,15183,81.7604
16898,48585,delta,2,0,1,18597,81.7549
16899,27165,delta,2,0,0,12171,81.7475
16900,48128,delta,2,0,1,18140,81.6538
16901,46534,delta,2,0,1,16546,81.6513
16902,35450,delta,2,0,1,5462,81.6271
16903,28472,delta,2,0,0,13478,81.6227
16904,45168,delta,2,0,1,15180,81.622
16905,34934,delta,2,0,0,19940,81.6206
16906,24548,delta,2,0,0,9554,81.6174
16907,39076,delta,2,0,1,9088,81.616
16908,45900,delta,2,0,1,15912,81.6077
16909,36479,delta,2,0,1,6491,81.5749
16910,35527,delta,2,0,1,5539,81.544
16911,41444,delta,2,0,1,11456,81.5317
16912,20338,delta,2,0,0,5344,81.5148
16913,40788,delta,2,0,1,10800,81.5134
16914,37742,delta,2,0,1,7754,81.5083
16915,44733,delta,2,0,1,14745,81.4966
16916,24259,delta,2,0,0,9265,81.4964
16917,41494,delta,2,0,1,11506,81.493
16918,34417,delta,2,0,0,19423,81.473
16919,44045,delta,2,0,1,14057,81.4695
16920,40785,delta,2,0,1,10797,81.4634
16921,49757,delta,2,0,1,19769,81.4605
16922,45239,delta,2,0,1,15251,81.46
16923,29689,delta,2,0,0,14695,81.4459
16924,37628,delta,2,0,1,7640,81.4343
16925,49619,delta,2,0,1,19631,81.4257
16926,43356,delta,2,0,1,13368,81.4001
16927,45330,delta,2,0,1,15342,81.3822
16928,34350,delta,2,0,0,19356,81.3699
16929,37615,delta,2,0,1,7627,81.3506
16930,42113,delta,2,0,1,12125,81.3464
16931,43291,delta,2,0,1,13303,81.3403
16932,44694,delta,2,0,1,14706,81.3306
16933,37305,delta,2,0,1,7317,81.3176
16934,22832,delta,2,0,0,7838,81.3174
16935,49377,delta,2,0,1,19389,81.3013
16936,26294,delta,2,0,0,11300,81.3001
16937,43011,delta,2,0,1,13023,81.2977
16938,29699,delta,2,0,0,14705,81.2907
16939,24540,delta,2,0,0,9546,81.2656
16940,45880,delta,2,0,1,15892,81.2212
16941,21001,delta,2,0,0,6007,81.2017
16942,25176,delta,2,0,0,10182,81.1862
16943,38037,delta,2,0,1,8049,81.1829
16944,43288,delta,2,0,1,13300,81.1748
16945,45231,delta,2,0,1,15243,81.1415
16946,22655,delta,2,0,0,7661,81.1286
16947,44222,delta,2,0,1,14234,81.1219
16948,25662,delta,2,0,0,10668,81.1219
16949,22244,delta,2,0,0,7250,81.0974
16950,27017,delta,2,0,0,12023,81.0944
16951,40107,delta,2,0,1,10119,81.094
16952,40667,delta,2,0,1,10679,81.0749
16953,39654,delta,2,0,1,9666,81.0688
16954,21827,delta,2,0,0,6833,81.0679
16955,43519,delta,2,0,1,13531,81.0677
16956,38663,delta,2,0,1,8675,81.0665
16957,35988,delta,2,0,1,6000,81.0539
16958,39291,delta,2,0,1,9303,81.0507
16959,27126,delta,2,0,0,12132,81.0393
16960,37128,delta,2,0,1,7140,81.0358
16961,39645,delta,2,0,1,9657,81.0248
16962,38596,delta,2,0,1,8608,81.0154
16963,25605,delta,2,0,0,10611,80.9958
16964,38900,delta,2,0,1,8912,80.9847
16965,47764,delta,2,0,1,17776,80.9631
16966,27822,delta,2,0,0,12828,80.9337
16967,20482,delta,2,0,0,5488,80.9275
16968,36001,delta,2,0,1,6013,80.9258
16969,27872,delta,2,0,0,12878,80.9251
16970,25325,delta,2,0,0,10331,80.9116
16971,23424,delta,2,0,0,8430,80.9069
16972,41292,delta,2,0,1,11304,80.9052
16973,30854,delta,2,0,0,15860,80.8796
16974,26430,delta,2,0,0,11436,80.8573
16975,44582,delta,2,0,1,14594,80.8412
16976,23464,delta,2,0,0,8470,80.8378
16977,40580,delta,2,0,1,10592,80.8358
16978,36361,delta,2,0,1,6373,80.8323
16979,26393,delta,2,0,0,11399,80.823
16980,26977,delta,2,0,0,11983,80.8196
16981,27848,delta,2,0,0,12854,80.7837
16982,21327,delta,2,0,0,6333,80.7568
16983,24666,delta,2,0,0,9672,80.7529
16984,20367,delta,2,0,0,5373,80.7316
16985,32701,delta,2,0,0,17707,80.7246
16986,42803,delta,2,0,1,12815,80.7188
16987,32626,delta,2,0,0,17632,80.7038
16988,44561,delta,2,0,1,14573,80.7014
16989,43361,delta,2,0,1,13373,80.6977
16990,42786,delta,2,0,1,12798,80.6938
16991,44555,delta,2,0,1,14567,80.6901
16992,42133,delta,2,0,1,12145,80.6594
16993,25794,delta,2,0,0,10800,80.6556
16994,44034,delta,2,0,1,14046,80.6359
16995,21497,delta,2,0,0,6503,80.5982
16996,27210,delta,2,0,0,12216,80.5925
16997,41277,delta,2,0,1,11289,80.5844
16998,46992,delta,2,0,1,17004,80.5826
16999,34397,delta,2,0,0,19403,80.5751
17000,38029,delta,2,0,1,8041,80.5633
17001,24682,delta,2,0,0,9688,80.5449
17002,35471,delta,2,0,1,5483,80.5348
17003,44560,delta,2,0,1,14572,80.5342
17004,38578,delta,2,0,1,8590,80.5274
17005,42676,delta,2,0,1,12688,80.5248
17006,25974,delta,2,0,0,10980,80.5234
17007,33190,delta,2,0,0,18196,80.5175
17008,37420,delta,2,0,1,7432,80.5152
17009,32121,delta,2,0,0,17127,80.5048
17010,42183,delta,2,0,1,12195,80.4998
17011,37869,delta,2,0,1,7881,80.4871
17012,47489,delta,2,0,1,17501,80.4678
17013,22053,delta,2,0,0,7059,80.4624
17014,43942,delta,2,0,1,13954,80.4623
17015,41452,delta,2,0,1,11464,80.452
17016,25626,delta,2,0,0,10632,80.4399
17017,25893,delta,2,0,0,10899,80.4248
17018,40687,delta,2,0,1,10699,80.4162
17019,33758,delta,2,0,0,18764,80.4137
17020,28011,delta,2,0,0,13017,80.3998
17021,34381,delta,2,0,0,19387,80.3973
17022,47241,delta,2,0,1,17253,80.3952
17023,34227,delta,2,0,0,19233,80.3795
17024,26116,delta,2,0,0,11122,80.3769
17025,27684,delta,2,0,0,12690,80.3675
17026,27097,delta,2,0,0,12103,80.3639
17027,37130,delta,2,0,1,7142,80.347
17028,49178,delta,2,0,1,19190,80.3403
17029,40614,delta,2,0,1,10626,80.3197
17030,22628,delta,2,0,0,7634,80.3149
17031,39791,delta,2,0,1,9803,80.3101
17032,47140,delta,2,0,1,17152,80.3083
17033,44129,delta,2,0,1,14141,80.3073
17034,34412,delta,2,0,0,19418,80.3055
17035,42631,delta,2,0,1,12643,80.3053
17036,43442,delta,2,0,1,13454,80.2892
17037,24896,delta,2,0,0,9902,80.2692
17038,44023,delta,2,0,1,14035,80.2674
17039,45830,delta,2,0,1,15842,80.2594
17040,39788,delta,2,0,1,9800,80.211
17041,39299,delta,2,0,1,9311,80.2004
17042,26951,delta,2,0,0,11957,80.1983
17043,31563,delta,2,0,0,16569,80.1759
17044,42688,delta,2,0,1,12700,80.1734
17045,37265,delta,2,0,1,7277,80.1578
17046,43977,delta,2,0,1,13989,80.1478
17047,26880,delta,2,0,0,11886,80.1253
17048,25166,delta,2,0,0,10172,80.1218
17049,30765,delta,2,0,0,15771,80.1089
17050,33698,delta,2,0,0,18704,80.0937
17051,23118,delta,2,0,0,8124,80.0905
17052,42125,delta,2,0,1,12137,80.0401
17053,46697,delta,2,0,1,16709,80.0389
17054,27708,delta,2,0,0,12714,80.0232
17055,27071,delta,2,0,0,12077,80.0122
17056,47862,delta,2,0,1,17874,80.0104
17057,26336,delta,2,0,0,11342,79.976
17058,48173,delta,2,0,1,18185,79.9727
17059,36454,delta,2,0,1,6466,79.9656
17060,31084,delta,2,0,0,16090,79.9458
17061,24364,delta,2,0,0,9370,79.9378
17062,27627,delta,2,0,0,12633,79.9359
17063,36467,delta,2,0,1,6479,79.933
17064,43557,delta,2,0,1,13569,79.9299
17065,42678,delta,2,0,1,12690,79.9279
17066,25629,delta,2,0,0,10635,79.907
17067,25069,delta,2,0,0,10075,79.8981
17068,25694,delta,2,0,0,10700,79.8942
17069,49161,delta,2,0,1,19173,79.8659
17070,37735,delta,2,0,1,7747,79.8632
17071,26653,delta,2,0,0,11659,79.8573
17072,24359,delta,2,0,0,9365,79.8563
17073,46937,delta,2,0,1,16949,79.8529
17074,38867,delta,2,0,1,8879,79.8315
17075,30944,delta,2,0,0,15950,79.8313
17076,45812,delta,2,0,1,15824,79.8266
17077,26537,delta,2,0,0,11543,79.8031
17078,36373,delta,2,0,1,6385,79.8023
17079,41343,delta,2,0,1,11355,79.7592
17080,47281,delta,2,0,1,17293,79.7585
17081,23425,delta,2,0,0,8431,79.75
17082,27574,delta,2,0,0,12580,79.7279
17083,35726,delta,2,0,1,5738,79.7183
17084,29312,delta,2,0,0,14318,79.6832
17085,43469,delta,2,0,1,13481,79.6746
17086,42642,delta,2,0,1,12654,79.657
17087,20781,delta,2,0,0,5787,79.6432
17088,40546,delta,2,0,1,10558,79.6294
17089,37798,delta,2,0,1,7810,79.6194
17090,31480,delta,2,0,0,16486,79.5712
17091,23231,delta,2,0,0,8237,79.5701
17092,33295,delta,2,0,0,18301,79.5695
17093,27995,delta,2,0,0,13001,79.5671
17094,36602,delta,2,0,1,6614,79.5625
17095,20359,delta,2,0,0,5365,79.5595
17096,40338,delta,2,0,1,10350,79.5506
17097,41004,delta,2,0,1,11016,79.5503
17098,39662,delta,2,0,1,9674,79.5439
17099,24335,delta,2,0,0,9341,79.5373
17100,40681,delta,2,0,1,10693,79.529
17101,42789,delta,2,0,1,12801,79.5225
17102,43015,delta,2,0,1,13027,79.5067
17103,23569,delta,2,0,0,8575,79.502
17104,25087,delta,2,0,0,10093,79.5018
17105,28485,delta,2,0,0,13491,79.5015
17106,41670,delta,2,0,1,11682,79.4956
17107,33154,delta,2,0,0,18160,79.4865
17108,40112,delta,2,0,1,10124,79.485
17109,21985,delta,2,0,0,6991,79.4834
17110,41291,delta,2,0,1,11303,79.4764
17111,22809,delta,2,0,0,7815,79.4754
17112,35476,delta,2,0,1,5488,79.4686
17113,35463,delta,2,0,1,5475,79.4478
17114,44587,delta,2,0,1,14599,79.4436
17115,26906,delta,2,0,0,11912,79.4099
17116,26909,delta,2,0,0,11915,79.4099
17117,25098,delta,2,0,0,10104,79.3982
17118,44037,delta,2,0,1,14049,79.3605
17119,43316,delta,2,0,1,13328,79.3425
17120,25806,delta,2,0,0,10812,79.3318
17121,28342,delta,2,0,0,13348,79.3187
17122,32864,delta,2,0,0,17870,79.3029
17123,31126,delta,2,0,0,16132,79.3014
17124,39695,delta,2,0,1,9707,79.298
17125,37649,delta,2,0,1,7661,79.2926
17126,27762,delta,2,0,0,12768,79.2889
17127,37330,delta,2,0,1,7342,79.285
17128,24330,delta,2,0,0,9336,79.2826
17129,27857,delta,2,0,0,12863,79.2736
17130,21534,delta,2,0,0,6540,79.2689
17131,21537,delta,2,0,0,6543,79.2689
17132,21539,delta,2,0,0,6545,79.2689
17133,21542,delta,2,0,0,6548,79.2689
17134,21545,delta,2,0,0,6551,79.2689
17135,21547,delta,2,0,0,6553,79.2689
17136,28250,delta,2,0,0,13256,79.2498
17137,40583,delta,2,0,1,10595,79.2286
17138,20015,delta,2,0,0,5021,79.2248
17139,39936,delta,2,0,1,9948,79.214
17140,27657,delta,2,0,0,12663,79.2098
17141,24367,delta,2,0,0,9373,79.197
17142,24115,delta,2,0,0,9121,79.1831
17143,41986,delta,2,0,1,11998,79.1692
17144,44736,delta,2,0,1,14748,79.1678
17145,43370,delta,2,0,1,13382,79.1664
17146,27024,delta,2,0,0,12030,79.1477
17147,46340,delta,2,0,1,16352,79.1391
17148,44039,delta,2,0,1,14051,79.1375
17149,48002,delta,2,0,1,18014,79.1227
17150,31295,delta,2,0,0,16301,79.122
17151,42783,delta,2,0,1,12795,79.1054
17152,35747,delta,2,0,1,5759,79.0863
17153,24354,delta,2,0,0,9360,79.0746
17154,48582,delta,2,0,1,18594,79.0491
17155,42118,delta,2,0,1,12130,79.0482
17156,27105,delta,2,0,0,12111,79.0444
17157,44774,delta,2,0,1,14786,79.031
17158,43439,delta,2,0,1,13451,79.0288
17159,39066,delta,2,0,1,9078,79.0247
17160,43472,delta,2,0,1,13484,79.0237
17161,24763,delta,2,0,0,9769,79.022
17162,30274,delta,2,0,0,15280,79.0205
17163,29807,delta,2,0,0,14813,79.0067
17164,38542,delta,2,0,1,8554,79.0036
17165,43994,delta,2,0,1,14006,78.9968
17166,37415,delta,2,0,1,7427,78.9862
17167,35828,delta,2,0,1,5840,78.9857
17168,22163,delta,2,0,0,7169,78.984
17169,43892,delta,2,0,1,13904,78.9805
17170,24893,delta,2,0,0,9899,78.975
17171,23827,delta,2,0,0,8833,78.9582
17172,40791,delta,2,0,1,10803,78.9515
17173,38568,delta,2,0,1,8580,78.95
17174,39830,delta,2,0,1,9842,78.9451
17175,21178,delta,2,0,0,6184,78.9181
17176,21191,delta,2,0,0,6197,78.9181
17177,33240,delta,2,0,0,18246,78.9124
17178,38427,delta,2,0,1,8439,78.8843
17179,47653,delta,2,0,1,17665,78.8823
17180,46410,delta,2,0,1,16422,78.8575
17181,42639,delta,2,0,1,12651,78.855
17182,47008,delta,2,0,1,17020,78.8265
17183,31421,delta,2,0,0,16427,78.8089
17184,34392,delta,2,0,0,19398,78.7935
17185,38042,delta,2,0,1,8054,78.7916
17186,28676,delta,2,0,0,13682,78.786
17187,22194,delta,2,0,0,7200,78.7558
17188,20964,delta,2,0,0,5970,78.7407
17189,38430,delta,2,0,1,8442,78.7309
17190,33731,delta,2,0,0,18737,78.728
17191,41001,delta,2,0,1,11013,78.701
17192,36601,delta,2,0,1,6613,78.6631
17193,39669,delta,2,0,1,9681,78.6568
17194,25877,delta,2,0,0,10883,78.6539
17195,23945,delta,2,0,0,8951,78.6527
17196,45829,delta,2,0,1,15841,78.6519
17197,27115,delta,2,0,0,12121,78.6228
17198,48937,delta,2,0,1,18949,78.6224
17199,43235,delta,2,0,1,13247,78.6202
17200,21980,delta,2,0,0,6986,78.6037
17201,40837,delta,2,0,1,10849,78.5734
17202,49603,delta,2,0,1,19615,78.5721
17203,44171,delta,2,0,1,14183,78.5707
17204,36590,delta,2,0,1,6602,78.5482
17205,36548,delta,2,0,1,6560,78.504
17206,28386,delta,2,0,0,13392,78.5008
17207,41889,delta,2,0,1,11901,78.4953
17208,29173,delta,2,0,0,14179,78.49
17209,43368,delta,2,0,1,13380,78.4786
17210,43568,delta,2,0,1,13580,78.476
17211,38994,delta,2,0,1,9006,78.4594
17212,25585,delta,2,0,0,10591,78.4584
17213,37714,delta,2,0,1,7726,78.4575
17214,35752,delta,2,0,1,5764,78.4486
17215,42599,delta,2,0,1,12611,78.4238
17216,43521,delta,2,0,1,13533,78.4228
17217,25051,delta,2,0,0,10057,78.4181
17218,30752,delta,2,0,0,15758,78.4126
17219,37407,delta,2,0,1,7419,78.4083
17220,41298,delta,2,0,1,11310,78.4006
17221,41305,delta,2,0,1,11317,78.3815
17222,40231,delta,2,0,1,10243,78.3678
17223,44172,delta,2,0,1,14184,78.3672
17224,32570,delta,2,0,0,17576,78.3604
17225,41191,delta,2,0,1,11203,78.3212
17226,37804,delta,2,0,1,7816,78.317
17227,40072,delta,2,0,1,10084,78.3088
17228,38381,delta,2,0,1,8393,78.295
17229,27734,delta,2,0,0,12740,78.2895
17230,40120,delta,2,0,1,10132,78.2884
17231,34355,delta,2,0,0,19361,78.278
17232,39649,delta,2,0,1,9661,78.2779
17233,47237,delta,2,0,1,17249,78.2694
17234,22565,delta,2,0,0,7571,78.2669
17235,47861,delta,2,0,1,17873,78.2575
17236,26484,delta,2,0,0,11490,78.2494
17237,38614,delta,2,0,1,8626,78.2344
17238,28024,delta,2,0,0,13030,78.2329
17239,45370,delta,2,0,1,15382,78.2289
17240,22597,delta,2,0,0,7603,78.2222
17241,27315,delta,2,0,0,12321,78.2152
17242,40662,delta,2,0,1,10674,78.2052
17243,24886,delta,2,0,0,9892,78.189
17244,37707,delta,2,0,1,7719,78.1645
17245,41190,delta,2,0,1,11202,78.1631
17246,43987,delta,2,0,1,13999,78.156
17247,46314,delta,2,0,1,16326,78.1452
17248,27736,delta,2,0,0,12742,78.1375
17249,39853,delta,2,0,1,9865,78.1217
17250,23099,delta,2,0,0,8105,78.1131
17251,31479,delta,2,0,0,16485,78.0915
17252,38422,delta,2,0,1,8434,78.0745
17253,38976,delta,2,0,1,8988,78.0724
17254,38419,delta,2,0,1,8431,78.0611
17255,43963,delta,2,0,1,13975,78.0552
17256,36006,delta,2,0,1,6018,78.0402
17257,45348,delta,2,0,1,15360,78.0394
17258,26911,delta,2,0,0,11917,77.9979
17259,28331,delta,2,0,0,13337,77.9889
17260,40772,delta,2,0,1,10784,77.9849
17261,44155,delta,2,0,1,14167,77.9812
17262,25878,delta,2,0,0,10884,77.9759
17263,26302,delta,2,0,0,11308,77.9699
17264,25134,delta,2,0,0,10140,77.9568
17265,27758,delta,2,0,0,12764,77.9447
17266,30871,delta,2,0,0,15877,77.9305
17267,44052,delta,2,0,1,14064,77.9187
17268,21935,delta,2,0,0,6941,77.9062
17269,24768,delta,2,0,0,9774,77.8955
17270,44332,delta,2,0,1,14344,77.8946
17271,40765,delta,2,0,1,10777,77.8822
17272,44576,delta,2,0,1,14588,77.8798
17273,23437,delta,2,0,0,8443,77.8739
17274,36380,delta,2,0,1,6392,77.8737
17275,40630,delta,2,0,1,10642,77.8657
17276,39940,delta,2,0,1,9952,77.8633
17277,48984,delta,2,0,1,18996,77.8478
17278,35458,delta,2,0,1,5470,77.8406
17279,36009,delta,2,0,1,6021,77.8379
17280,27715,delta,2,0,0,12721,77.8288
17281,26250,delta,2,0,0,11256,77.8265
17282,37270,delta,2,0,1,7282,77.8251
17283,40170,delta,2,0,1,10182,77.8229
17284,45266,delta,2,0,1,15278,77.7873
17285,25236,delta,2,0,0,10242,77.7865
17286,39652,delta,2,0,1,9664,77.7767
17287,43468,delta,2,0,1,13480,77.7663
17288,25675,delta,2,0,0,10681,77.7441
17289,23953,delta,2,0,0,8959,77.7435
17290,41446,delta,2,0,1,11458,77.7108
17291,20346,delta,2,0,0,5352,77.7107
17292,45176,delta,2,0,1,15188,77.7053
17293,35455,delta,2,0,1,5467,77.6983
17294,39965,delta,2,0,1,9977,77.6955
17295,49166,delta,2,0,1,19178,77.6593
17296,41368,delta,2,0,1,11380,77.6578
17297,29548,delta,2,0,0,14554,77.6471
17298,44208,delta,2,0,1,14220,77.6341
17299,29938,delta,2,0,0,14944,77.6338
17300,46713,delta,2,0,1,16725,77.6317
17301,38606,delta,2,0,1,8618,77.6311
17302,44489,delta,2,0,1,14501,77.6222
17303,37131,delta,2,0,1,7143,77.6017
17304,33800,delta,2,0,0,18806,77.5948
17305,45764,delta,2,0,1,15776,77.5858
17306,33253,delta,2,0,0,18259,77.5801
17307,42168,delta,2,0,1,12180,77.5794
17308,40106,delta,2,0,1,10118,77.5662
17309,49163,delta,2,0,1,19175,77.561
17310,40151,delta,2,0,1,10163,77.5449
17311,44170,delta,2,0,1,14182,77.5367
17312,45183,delta,2,0,1,15195,77.5234
17313,49911,delta,2,0,1,19923,77.4967
17314,38687,delta,2,0,1,8699,77.4785
17315,42007,delta,2,0,1,12019,77.4728
17316,35466,delta,2,0,1,5478,77.4668
17317,27349,delta,2,0,0,12355,77.4539
17318,35459,delta,2,0,1,5471,77.4537
17319,47833,delta,2,0,1,17845,77.4497
17320,41937,delta,2,0,1,11949,77.4405
17321,41211,delta,2,0,1,11223,77.428
17322,43362,delta,2,0,1,13374,77.4098
17323,31930,delta,2,0,0,16936,77.4054
17324,29794,delta,2,0,0,14800,77.3993
17325,32550,delta,2,0,0,17556,77.3964
17326,33818,delta,2,0,0,18824,77.3901
17327,20540,delta,2,0,0,5546,77.3789
17328,37275,delta,2,0,1,7287,77.3723
17329,33250,delta,2,0,0,18256,77.3464
17330,36556,delta,2,0,1,6568,77.3336
17331,38662,delta,2,0,1,8674,77.3217
17332,45894,delta,2,0,1,15906,77.3057
17333,36379,delta,2,0,1,6391,77.2984
17334,45399,delta,2,0,1,15411,77.2982
17335,44766,delta,2,0,1,14778,77.2908
17336,27634,delta,2,0,0,12640,77.2862
17337,43433,delta,2,0,1,13445,77.2787
17338,20658,delta,2,0,0,5664,77.2786
17339,39886,delta,2,0,1,9898,77.278
17340,43513,delta,2,0,1,13525,77.2676
17341,26312,delta,2,0,0,11318,77.2548
17342,32012,delta,2,0,0,17018,77.2402
17343,41460,delta,2,0,1,11472,77.238
17344,20553,delta,2,0,0,5559,77.2312
17345,37423,delta,2,0,1,7435,77.2224
17346,20574,delta,2,0,0,5580,77.2129
17347,41290,delta,2,0,1,11302,77.2079
17348,33493,delta,2,0,0,18499,77.2036
17349,27212,delta,2,0,0,12218,77.1694
17350,40165,delta,2,0,1,10177,77.1639
17351,49175,delta,2,0,1,19187,77.1522
17352,37399,delta,2,0,1,7411,77.1466
17353,21181,delta,2,0,0,6187,77.1423
17354,45238,delta,2,0,1,15250,77.1366
17355,39875,delta,2,0,1,9887,77.1343
17356,38864,delta,2,0,1,8876,77.1133
17357,44647,delta,2,0,1,14659,77.1042
17358,35815,delta,2,0,1,5827,77.0994
17359,32592,delta,2,0,0,17598,77.0936
17360,42651,delta,2,0,1,12663,77.0893
17361,47266,delta,2,0,1,17278,77.0768
17362,30176,delta,2,0,0,15182,77.0529
17363,37853,delta,2,0,1,7865,77.0474
17364,47846,delta,2,0,1,17858,76.9972
17365,36455,delta,2,0,1,6467,76.9958
17366,39817,delta,2,0,1,9829,76.9818
17367,40585,delta,2,0,1,10597,76.9778
17368,44638,delta,2,0,1,14650,76.9703
17369,41507,delta,2,0,1,11519,76.9669
17370,42027,delta,2,0,1,12039,76.946
17371,48667,delta,2,0,1,18679,76.9368
17372,25451,delta,2,0,0,10457,76.9227
17373,20768,delta,2,0,0,5774,76.9199
17374,43462,delta,2,0,1,13474,76.9174
17375,30485,delta,2,0,0,15491,76.9169
17376,44028,delta,2,0,1,14040,76.9146
17377,26959,delta,2,0,0,11965,76.9083
17378,49027,delta,2,0,1,19039,76.9066
17379,24535,delta,2,0,0,9541,76.9035
17380,21702,delta,2,0,0,6708,76.9003
17381,40150,delta,2,0,1,10162,76.8954
17382,25826,delta,2,0,0,10832,76.8874
17383,24026,delta,2,0,0,9032,76.883
17384,44146,delta,2,0,1,14158,76.883
17385,48158,delta,2,0,1,18170,76.8724
17386,27780,delta,2,0,0,12786,76.872
17387,30928,delta,2,0,0,15934,76.8666
17388,24697,delta,2,0,0,9703,76.858
17389,25809,delta,2,0,0,10815,76.8535
17390,46404,delta,2,0,1,16416,76.8477
17391,37318,delta,2,0,1,7330,76.8273
17392,22472,delta,2,0,0,7478,76.8224
17393,38412,delta,2,0,1,8424,76.8151
17394,42634,delta,2,0,1,12646,76.8142
17395,38695,delta,2,0,1,8707,76.7865
17396,42613,delta,2,0,1,12625,76.7783
17397,44584,delta,2,0,1,14596,76.7389
17398,41278,delta,2,0,1,11290,76.7387
17399,22738,delta,2,0,0,7744,76.7332
17400,26655,delta,2,0,0,11661,76.7183
17401,46092,delta,2,0,1,16104,76.7175
17402,45667,delta,2,0,1,15679,76.7169
17403,46345,delta,2,0,1,16357,76.7099
17404,43508,delta,2,0,1,13520,76.6894
17405,26650,delta,2,0,0,11656,76.6859
17406,38432,delta,2,0,1,8444,76.665
17407,41886,delta,2,0,1,11898,76.6603
17408,43570,delta,2,0,1,13582,76.6304
17409,40102,delta,2,0,1,10114,76.6283
17410,38910,delta,2,0,1,8922,76.6239
17411,24933,delta,2,0,0,9939,76.62
17412,45935,delta,2,0,1,15947,76.6165
17413,44789,delta,2,0,1,14801,76.615
17414,43311,delta,2,0,1,13323,76.6085
17415,44806,delta,2,0,1,14818,76.596
17416,23971,delta,2,0,0,8977,76.5903
17417,37860,delta,2,0,1,7872,76.5894
17418,38812,delta,2,0,1,8824,76.5862
17419,27805,delta,2,0,0,12811,76.5815
17420,39786,delta,2,0,1,9798,76.5562
17421,25799,delta,2,0,0,10805,76.5421
17422,44176,delta,2,0,1,14188,76.531
17423,27830,delta,2,0,0,12836,76.5253
17424,27569,delta,2,0,0,12575,76.5111
17425,29935,delta,2,0,0,14941,76.4558
17426,30320,delta,2,0,0,15326,76.4525
17427,34763,delta,2,0,0,19769,76.4419
17428,40207,delta,2,0,1,10219,76.4229
17429,45799,delta,2,0,1,15811,76.4202
17430,41490,delta,2,0,1,11502,76.3979
17431,42837,delta,2,0,1,12849,76.3969
17432,45845,delta,2,0,1,15857,76.3856
17433,37632,delta,2,0,1,7644,76.3725
17434,23658,delta,2,0,0,8664,76.3682
17435,39048,delta,2,0,1,9060,76.3668
17436,42011,delta,2,0,1,12023,76.3569
17437,39952,delta,2,0,1,9964,76.3502
17438,42023,delta,2,0,1,12035,76.3118
17439,35836,delta,2,0,1,5848,76.3018
17440,30218,delta,2,0,0,15224,76.2851
17441,43321,delta,2,0,1,13333,76.2723
17442,31681,delta,2,0,0,16687,76.2621
17443,40789,delta,2,0,1,10801,76.243
17444,37272,delta,2,0,1,7284,76.2242
17445,40119,delta,2,0,1,10131,76.2171
17446,37605,delta,2,0,1,7617,76.2164
17447,46369,delta,2,0,1,16381,76.2144
17448,49454,delta,2,0,1,19466,76.1944
17449,37267,delta,2,0,1,7279,76.1854
17450,40109,delta,2,0,1,10121,76.1659
17451,31522,delta,2,0,0,16528,76.1564
17452,29076,delta,2,0,0,14082,76.1531
17453,22678,delta,2,0,0,7684,76.1339
17454,43329,delta,2,0,1,13341,76.1338
17455,42805,delta,2,0,1,12817,76.1105
17456,44738,delta,2,0,1,14750,76.0935
17457,35839,delta,2,0,1,5851,76.0928
17458,41415,delta,2,0,1,11427,76.0878
17459,47494,delta,2,0,1,17506,76.0831
17460,22751,delta,2,0,0,7757,76.0681
17461,38666,delta,2,0,1,8678,76.0591
17462,25746,delta,2,0,0,10752,76.0531
17463,33236,delta,2,0,0,18242,76.0442
17464,36542,delta,2,0,1,6554,76.0428
17465,20113,delta,2,0,0,5119,76.0416
17466,31417,delta,2,0,0,16423,76.0225
17467,27202,delta,2,0,0,12208,76.0179
17468,37141,delta,2,0,1,7153,75.994
17469,39068,delta,2,0,1,9080,75.9933
17470,34416,delta,2,0,0,19422,75.96
17471,44113,delta,2,0,1,14125,75.959
17472,46303,delta,2,0,1,16315,75.9395
17473,39863,delta,2,0,1,9875,75.9364
17474,39837,delta,2,0,1,9849,75.9359
17475,45306,delta,2,0,1,15318,75.9298
17476,34458,delta,2,0,0,19464,75.9238
17477,42892,delta,2,0,1,12904,75.9214
17478,20951,delta,2,0,0,5957,75.9174
17479,44128,delta,2,0,1,14140,75.9022
17480,43198,delta,2,0,1,13210,75.888
17481,46658,delta,2,0,1,16670,75.8817
17482,35805,delta,2,0,1,5817,75.8738
17483,44727,delta,2,0,1,14739,75.8656
17484,44667,delta,2,0,1,14679,75.8596
17485,42842,delta,2,0,1,12854,75.8553
17486,45662,delta,2,0,1,15674,75.855
17487,43365,delta,2,0,1,13377,75.8441
17488,40598,delta,2,0,1,10610,75.8295
17489,42333,delta,2,0,1,12345,75.8258
17490,40198,delta,2,0,1,10210,75.817
17491,38989,delta,2,0,1,9001,75.8117
17492,31538,delta,2,0,0,16544,75.8112
17493,36584,delta,2,0,1,6596,75.8109
17494,41359,delta,2,0,1,11371,75.8109
17495,44741,delta,2,0,1,14753,75.8019
17496,49409,delta,2,0,1,19421,75.7999
17497,45896,delta,2,0,1,15908,75.7969
17498,30365,delta,2,0,0,15371,75.7891
17499,43283,delta,2,0,1,13295,75.7873
17500,26275,delta,2,0,0,11281,75.7782
17501,22045,delta,2,0,0,7051,75.7781
17502,47851,delta,2,0,1,17863,75.7701
17503,44556,delta,2,0,1,14568,75.7463
17504,38598,delta,2,0,1,8610,75.7344
17505,37807,delta,2,0,1,7819,75.7154
17506,37418,delta,2,0,1,7430,75.7146
17507,43528,delta,2,0,1,13540,75.683
17508,22662,delta,2,0,0,7668,75.6531
17509,46586,delta,2,0,1,16598,75.6528
17510,47663,delta,2,0,1,17675,75.6445
17511,29619,delta,2,0,0,14625,75.637
17512,26508,delta,2,0,0,11514,75.6354
17513,37555,delta,2,0,1,7567,75.629
17514,42683,delta,2,0,1,12695,75.6124
17515,33163,delta,2,0,0,18169,75.6087
17516,24917,delta,2,0,0,9923,75.6084
17517,22649,delta,2,0,0,7655,75.6007
17518,28425,delta,2,0,0,13431,75.5933
17519,46683,delta,2,0,1,16695,75.5856
17520,26540,delta,2,0,0,11546,75.5855
17521,49533,delta,2,0,1,19545,75.5818
17522,45319,delta,2,0,1,15331,75.5789
17523,28218,delta,2,0,0,13224,75.5784
17524,42173,delta,2,0,1,12185,75.5777
17525,31378,delta,2,0,0,16384,75.572
17526,29768,delta,2,0,0,14774,75.5716
17527,32536,delta,2,0,0,17542,75.5676
17528,25178,delta,2,0,0,10184,75.5571
17529,28302,delta,2,0,0,13308,75.5298
17530,42843,delta,2,0,1,12855,75.5297
17531,31873,delta,2,0,0,16879,75.5264
17532,35773,delta,2,0,1,5785,75.474
17533,21652,delta,2,0,0,6658,75.4632
17534,41981,delta,2,0,1,11993,75.4585
17535,41335,delta,2,0,1,11347,75.4421
17536,21738,delta,2,0,0,6744,75.431
17537,34351,delta,2,0,0,19357,75.4195
17538,46980,delta,2,0,1,16992,75.4119
17539,27199,delta,2,0,0,12205,75.4102
17540,34622,delta,2,0,0,19628,75.4008
17541,45719,delta,2,0,1,15731,75.3952
17542,35996,delta,2,0,1,6008,75.3915
17543,47892,delta,2,0,1,17904,75.3883
17544,21358,delta,2,0,0,6364,75.3817
17545,39827,delta,2,0,1,9839,75.3726
17546,48938,delta,2,0,1,18950,75.3675
17547,30771,delta,2,0,0,15777,75.362
17548,25094,delta,2,0,0,10100,75.353
17549,40071,delta,2,0,1,10083,75.3488
17550,19997,delta,2,0,0,5003,75.3308
17551,26904,delta,2,0,0,11910,75.328
17552,48454,delta,2,0,1,18466,75.3266
17553,25708,delta,2,0,0,10714,75.323
17554,39793,delta,2,0,1,9805,75.3107
17555,25136,delta,2,0,0,10142,75.308
17556,44108,delta,2,0,1,14120,75.289
17557,41006,delta,2,0,1,11018,75.2854
17558,41966,delta,2,0,1,11978,75.2784
17559,43309,delta,2,0,1,13321,75.2783
17560,45977,delta,2,0,1,15989,75.2757
17561,47705,delta,2,0,1,17717,75.2685
17562,41976,delta,2,0,1,11988,75.2602
17563,24244,delta,2,0,0,9250,75.2599
17564,42760,delta,2,0,1,12772,75.2546
17565,49524,delta,2,0,1,19536,75.2543
17566,21975,delta,2,0,0,6981,75.2535
17567,40620,delta,2,0,1,10632,75.2477
17568,31981,delta,2,0,0,16987,75.2463
17569,26205,delta,2,0,0,11211,75.244
17570,45136,delta,2,0,1,15148,75.2235
17571,38564,delta,2,0,1,8576,75.1841
17572,22822,delta,2,0,0,7828,75.1638
17573,43477,delta,2,0,1,13489,75.1551
17574,44634,delta,2,0,1,14646,75.1465
17575,44050,delta,2,0,1,14062,75.1384
17576,46702,delta,2,0,1,16714,75.1384
17577,23354,delta,2,0,0,8360,75.1283
17578,26920,delta,2,0,0,11926,75.1093
17579,23967,delta,2,0,0,8973,75.1085
17580,41265,delta,2,0,1,11277,75.0936
17581,42791,delta,2,0,1,12803,75.0936
17582,37329,delta,2,0,1,7341,75.0932
17583,49538,delta,2,0,1,19550,75.0927
17584,43986,delta,2,0,1,13998,75.0768
17585,39974,delta,2,0,1,9986,75.0712
17586,36370,delta,2,0,1,6382,75.0657
17587,29357,delta,2,0,0,14363,75.0618
17588,26373,delta,2,0,0,11379,75.0571
17589,26359,delta,2,0,0,11365,75.0496
17590,46717,delta,2,0,1,16729,75.0401
17591,32118,delta,2,0,0,17124,75.0339
17592,28234,delta,2,0,0,13240,75.0331
17593,44318,delta,2,0,1,14330,75.0181
17594,45920,delta,2,0,1,15932,75.0126
17595,42808,delta,2,0,1,12820,75.0078
17596,35465,delta,2,0,1,5477,75.0058
17597,29907,delta,2,0,0,14913,74.9954
17598,39307,delta,2,0,1,9319,74.9936
17599,41216,delta,2,0,1,11228,74.9923
17600,47129,delta,2,0,1,17141,74.974
17601,36459,delta,2,0,1,6471,74.9665
17602,45198,delta,2,0,1,15210,74.9656
17603,45165,delta,2,0,1,15177,74.9502
17604,34014,delta,2,0,0,19020,74.9374
17605,40747,delta,2,0,1,10759,74.9129
17606,27572,delta,2,0,0,12578,74.9101
17607,36594,delta,2,0,1,6606,74.9074
17608,25169,delta,2,0,0,10175,74.9003
17609,38386,delta,2,0,1,8398,74.895
17610,43482,delta,2,0,1,13494,74.8849
17611,35792,delta,2,0,1,5804,74.8703
17612,44914,delta,2,0,1,14926,74.8532
17613,22981,delta,2,0,0,7987,74.8432
17614,45209,delta,2,0,1,15221,74.84
17615,44033,delta,2,0,1,14045,74.8382
17616,43364,delta,2,0,1,13376,74.8327
17617,39838,delta,2,0,1,9850,74.8324
17618,36462,delta,2,0,1,6474,74.8283
17619,37355,delta,2,0,1,7367,74.8058
17620,40149,delta,2,0,1,10161,74.7999
17621,46950,delta,2,0,1,16962,74.7885
17622,36543,delta,2,0,1,6555,74.7694
17623,39118,delta,2,0,1,9130,74.7642
17624,37139,delta,2,0,1,7151,74.7632
17625,39835,delta,2,0,1,9847,74.7523
17626,43287,delta,2,0,1,13299,74.7415
17627,43369,delta,2,0,1,13381,74.7324
17628,31997,delta,2,0,0,17003,74.7069
17629,32468,delta,2,0,0,17474,74.6915
17630,41977,delta,2,0,1,11989,74.6662
17631,41353,delta,2,0,1,11365,74.6264
17632,44629,delta,2,0,1,14641,74.6167
17633,34931,delta,2,0,0,19937,74.6036
17634,39833,delta,2,0,1,9845,74.5926
17635,31482,delta,2,0,0,16488,74.5908
17636,29797,delta,2,0,0,14803,74.5883
17637,21252,delta,2,0,0,6258,74.5849
17638,22848,delta,2,0,0,7854,74.5589
17639,24742,delta,2,0,0,9748,74.5533
17640,31394,delta,2,0,0,16400,74.54
17641,31510,delta,2,0,0,16516,74.5354
17642,26419,delta,2,0,0,11425,74.5354
17643,27218,delta,2,0,0,12224,74.5185
17644,40201,delta,2,0,1,10213,74.5157
17645,38690,delta,2,0,1,8702,74.5129
17646,22701,delta,2,0,0,7707,74.5035
17647,38875,delta,2,0,1,8887,74.4863
17648,32355,delta,2,0,0,17361,74.4815
17649,26334,delta,2,0,0,11340,74.4802
17650,47294,delta,2,0,1,17306,74.48
17651,39657,delta,2,0,1,9669,74.4588
17652,37790,delta,2,0,1,7802,74.4496
17653,43367,delta,2,0,1,13379,74.4211
17654,38581,delta,2,0,1,8593,74.4006
17655,22006,delta,2,0,0,7012,74.3846
17656,37560,delta,2,0,1,7572,74.3804
17657,37617,delta,2,0,1,7629,74.3762
17658,20155,delta,2,0,0,5161,74.3752
17659,34295,delta,2,0,0,19301,74.3684
17660,49394,delta,2,0,1,19406,74.3676
17661,23854,delta,2,0,0,8860,74.3623
17662,24362,delta,2,0,0,9368,74.3617
17663,21591,delta,2,0,0,6597,74.3341
17664,47618,delta,2,0,1,17630,74.3302
17665,41283,delta,2,0,1,11295,74.328
17666,30305,delta,2,0,0,15311,74.3217
17667,31485,delta,2,0,0,16491,74.313
17668,36551,delta,2,0,1,6563,74.3102
17669,27181,delta,2,0,0,12187,74.2803
17670,25298,delta,2,0,0,10304,74.2776
17671,43981,delta,2,0,1,13993,74.2746
17672,38034,delta,2,0,1,8046,74.2721
17673,49968,delta,2,0,1,19980,74.2695
17674,26893,delta,2,0,0,11899,74.266
17675,44630,delta,2,0,1,14642,74.2572
17676,37268,delta,2,0,1,7280,74.2548
17677,44718,delta,2,0,1,14730,74.2084
17678,37627,delta,2,0,1,7639,74.1889
17679,45874,delta,2,0,1,15886,74.1743
17680,37325,delta,2,0,1,7337,74.1684
17681,27593,delta,2,0,0,12599,74.1588
17682,32583,delta,2,0,0,17589,74.1587
17683,45664,delta,2,0,1,15676,74.135
17684,46458,delta,2,0,1,16470,74.1334
17685,32106,delta,2,0,0,17112,74.1126
17686,25977,delta,2,0,0,10983,74.1071
17687,45236,delta,2,0,1,15248,74.0886
17688,45513,delta,2,0,1,15525,74.0692
17689,40148,delta,2,0,1,10160,74.0661
17690,33488,delta,2,0,0,18494,74.0477
17691,44040,delta,2,0,1,14052,74.032
17692,46091,delta,2,0,1,16103,74.0045
17693,43312,delta,2,0,1,13324,73.9987
17694,43437,delta,2,0,1,13449,73.9978
17695,49901,delta,2,0,1,19913,73.9873
17696,49742,delta,2,0,1,19754,73.9813
17697,39969,delta,2,0,1,9981,73.9466
17698,47183,delta,2,0,1,17195,73.9435
17699,39677,delta,2,0,1,9689,73.9312
17700,25613,delta,2,0,0,10619,73.9239
17701,30545,delta,2,0,0,15551,73.9194
17702,36482,delta,2,0,1,6494,73.9165
17703,22058,delta,2,0,0,7064,73.9158
17704,44047,delta,2,0,1,14059,73.9151
17705,25126,delta,2,0,0,10132,73.9088
17706,41288,delta,2,0,1,11300,73.903
17707,37699,delta,2,0,1,7711,73.8928
17708,25464,delta,2,0,0,10470,73.8904
17709,28435,delta,2,0,0,13441,73.8801
17710,37181,delta,2,0,1,7193,73.8631
17711,24316,delta,2,0,0,9322,73.8553
17712,45103,delta,2,0,1,15115,73.8477
17713,42620,delta,2,0,1,12632,73.8396
17714,42215,delta,2,0,1,12227,73.829
17715,31553,delta,2,0,0,16559,73.82
17716,45733,delta,2,0,1,15745,73.8188
17717,32567,delta,2,0,0,17573,73.8083
17718,26543,delta,2,0,0,11549,73.8025
17719,47124,delta,2,0,1,17136,73.7735
17720,33714,delta,2,0,0,18720,73.762
17721,37186,delta,2,0,1,7198,73.747
17722,40690,delta,2,0,1,10702,73.7442
17723,46703,delta,2,0,1,16715,73.7069
17724,49306,delta,2,0,1,19318,73.679
17725,25359,delta,2,0,0,10365,73.6763
17726,38424,delta,2,0,1,8436,73.6753
17727,36392,delta,2,0,1,6404,73.6732
17728,43473,delta,2,0,1,13485,73.6585
17729,42128,delta,2,0,1,12140,73.6308
17730,36550,delta,2,0,1,6562,73.6279
17731,47903,delta,2,0,1,17915,73.6261
17732,46301,delta,2,0,1,16313,73.6257
17733,24356,delta,2,0,0,9362,73.6237
17734,27236,delta,2,0,0,12242,73.6104
17735,41294,delta,2,0,1,11306,73.6096
17736,35522,delta,2,0,1,5534,73.6027
17737,21686,delta,2,0,0,6692,73.6008
17738,30323,delta,2,0,0,15329,73.5799
17739,39674,delta,2,0,1,9686,73.5727
17740,30232,delta,2,0,0,15238,73.5699
17741,33834,delta,2,0,0,18840,73.5626
17742,47564,delta,2,0,1,17576,73.5554
17743,42130,delta,2,0,1,12142,73.5542
17744,39825,delta,2,0,1,9837,73.5479
17745,47864,delta,2,0,1,17876,73.5417
17746,47890,delta,2,0,1,17902,73.5368
17747,40329,delta,2,0,1,10341,73.5193
17748,30331,delta,2,0,0,15337,73.5097
17749,27178,delta,2,0,0,12184,73.5072
17750,20220,delta,2,0,0,5226,73.5049
17751,22420,delta,2,0,0,7426,73.4967
17752,39067,delta,2,0,1,9079,73.4889
17753,41866,delta,2,0,1,11878,73.451
17754,47859,delta,2,0,1,17871,73.4239
17755,49831,delta,2,0,1,19843,73.4224
17756,41957,delta,2,0,1,11969,73.4003
17757,37635,delta,2,0,1,7647,73.3998
17758,33051,delta,2,0,0,18057,73.3852
17759,47238,delta,2,0,1,17250,73.3772
17760,42811,delta,2,0,1,12823,73.3725
17761,38523,delta,2,0,1,8535,73.3683
17762,40612,delta,2,0,1,10624,73.3668
17763,43314,delta,2,0,1,13326,73.3536
17764,37412,delta,2,0,1,7424,73.3424
17765,25785,delta,2,0,0,10791,73.3391
17766,32042,delta,2,0,0,17048,73.3323
17767,30532,delta,2,0,0,15538,73.3309
17768,29551,delta,2,0,0,14557,73.3171
17769,25092,delta,2,0,0,10098,73.317
17770,45940,delta,2,0,1,15952,73.3133
17771,41412,delta,2,0,1,11424,73.2842
17772,44725,delta,2,0,1,14737,73.2833
17773,25784,delta,2,0,0,10790,73.2813
17774,35011,delta,2,0,1,5023,73.2803
17775,40777,delta,2,0,1,10789,73.2682
17776,26668,delta,2,0,0,11674,73.2634
17777,49535,delta,2,0,1,19547,73.2593
17778,20277,delta,2,0,0,5283,73.2583
17779,20285,delta,2,0,0,5291,73.2583
17780,20298,delta,2,0,0,5304,73.2583
17781,37178,delta,2,0,1,7190,73.2546
17782,41414,delta,2,0,1,11426,73.2254
17783,37173,delta,2,0,1,7185,73.2204
17784,39315,delta,2,0,1,9327,73.2036
17785,44916,delta,2,0,1,14928,73.1745
17786,37264,delta,2,0,1,7276,73.1738
17787,41007,delta,2,0,1,11019,73.167
17788,32859,delta,2,0,0,17865,73.1473
17789,39664,delta,2,0,1,9676,73.11
17790,37138,delta,2,0,1,7150,73.1018
17791,39812,delta,2,0,1,9824,73.1001
17792,29724,delta,2,0,0,14730,73.0752
17793,46412,delta,2,0,1,16424,73.0625
17794,31098,delta,2,0,0,16104,73.0623
17795,22276,delta,2,0,0,7282,73.0506
17796,42833,delta,2,0,1,12845,73.0313
17797,33191,delta,2,0,0,18197,73.0297
17798,39814,delta,2,0,1,9826,73.0248
17799,23433,delta,2,0,0,8439,73.0146
17800,37304,delta,2,0,1,7316,73.0114
17801,26343,delta,2,0,0,11349,73.0111
17802,32841,delta,2,0,0,17847,73.0097
17803,34455,delta,2,0,0,19461,73.0022
17804,30375,delta,2,0,0,15381,72.9896
17805,44699,delta,2,0,1,14711,72.9891
17806,44761,delta,2,0,1,14773,72.9682
17807,35852,delta,2,0,1,5864,72.9363
17808,26396,delta,2,0,0,11402,72.9181
17809,44776,delta,2,0,1,14788,72.9137
17810,40680,delta,2,0,1,10692,72.902
17811,31663,delta,2,0,0,16669,72.8994
17812,37347,delta,2,0,1,7359,72.8994
17813,47113,delta,2,0,1,17125,72.8992
17814,44188,delta,2,0,1,14200,72.8834
17815,46985,delta,2,0,1,16997,72.8632
17816,39871,delta,2,0,1,9883,72.8525
17817,35860,delta,2,0,1,5872,72.8432
17818,26103,delta,2,0,0,11109,72.8327
17819,43304,delta,2,0,1,13316,72.8307
17820,34018,delta,2,0,0,19024,72.8256
17821,43490,delta,2,0,1,13502,72.8247
17822,40518,delta,2,0,1,10530,72.8222
17823,45898,delta,2,0,1,15910,72.7867
17824,23621,delta,2,0,0,8627,72.7752
17825,40538,delta,2,0,1,10550,72.7715
17826,42840,delta,2,0,1,12852,72.7494
17827,21400,delta,2,0,0,6406,72.74
17828,33284,delta,2,0,0,18290,72.7351
17829,20137,delta,2,0,0,5143,72.7305
17830,31569,delta,2,0,0,16575,72.7218
17831,40116,delta,2,0,1,10128,72.7206
17832,45341,delta,2,0,1,15353,72.7178
17833,48376,delta,2,0,1,18388,72.7137
17834,38420,delta,2,0,1,8432,72.7025
17835,33701,delta,2,0,0,18707,72.6917
17836,36017,delta,2,0,1,6029,72.6902
17837,45392,delta,2,0,1,15404,72.6681
17838,26974,delta,2,0,0,11980,72.6631
17839,30240,delta,2,0,0,15246,72.6548
17840,37792,delta,2,0,1,7804,72.6468
17841,37335,delta,2,0,1,7347,72.6446
17842,45866,delta,2,0,1,15878,72.6351
17843,41952,delta,2,0,1,11964,72.6184
17844,40627,delta,2,0,1,10639,72.6173
17845,44048,delta,2,0,1,14060,72.6019
17846,32299,delta,2,0,0,17305,72.5937
17847,47460,delta,2,0,1,17472,72.5522
17848,37284,delta,2,0,1,7296,72.5229
17849,24710,delta,2,0,0,9716,72.5154
17850,34414,delta,2,0,0,19420,72.5106
17851,24527,delta,2,0,0,9533,72.5015
17852,37164,delta,2,0,1,7176,72.4954
17853,27121,delta,2,0,0,12127,72.4846
17854,23846,delta,2,0,0,8852,72.4733
17855,45848,delta,2,0,1,15860,72.4373
17856,34045,delta,2,0,0,19051,72.4324
17857,39799,delta,2,0,1,9811,72.4301
17858,42810,delta,2,0,1,12822,72.425
17859,48430,delta,2,0,1,18442,72.3951
17860,37703,delta,2,0,1,7715,72.3933
17861,38517,delta,2,0,1,8529,72.3887
17862,38998,delta,2,0,1,9010,72.3787
17863,39880,delta,2,0,1,9892,72.3724
17864,38038,delta,2,0,1,8050,72.3723
17865,45797,delta,2,0,1,15809,72.3702
17866,27390,delta,2,0,0,12396,72.3589
17867,43366,delta,2,0,1,13378,72.3544
17868,39785,delta,2,0,1,9797,72.348
17869,40757,delta,2,0,1,10769,72.3281
17870,34298,delta,2,0,0,19304,72.3258
17871,41969,delta,2,0,1,11981,72.3251
17872,47875,delta,2,0,1,17887,72.318
17873,26922,delta,2,0,0,11928,72.2923
17874,32896,delta,2,0,0,17902,72.2876
17875,24100,delta,2,0,0,9106,72.2849
17876,42727,delta,2,0,1,12739,72.2834
17877,23713,delta,2,0,0,8719,72.2744
17878,40123,delta,2,0,1,10135,72.2612
17879,44801,delta,2,0,1,14813,72.2602
17880,30865,delta,2,0,0,15871,72.2365
17881,39075,delta,2,0,1,9087,72.2353
17882,42629,delta,2,0,1,12641,72.2318
17883,46687,delta,2,0,1,16699,72.2211
17884,36371,delta,2,0,1,6383,72.2176
17885,49523,delta,2,0,1,19535,72.2146
17886,44577,delta,2,0,1,14589,72.2072
17887,30503,delta,2,0,0,15509,72.2065
17888,37712,delta,2,0,1,7724,72.1961
17889,22422,delta,2,0,0,7428,72.192
17890,22430,delta,2,0,0,7436,72.192
17891,23880,delta,2,0,0,8886,72.1894
17892,44717,delta,2,0,1,14729,72.1877
17893,37817,delta,2,0,1,7829,72.1699
17894,43023,delta,2,0,1,13035,72.1649
17895,26291,delta,2,0,0,11297,72.1631
17896,44730,delta,2,0,1,14742,72.1563
17897,35823,delta,2,0,1,5835,72.1525
17898,27702,delta,2,0,0,12708,72.1437
17899,49943,delta,2,0,1,19955,72.1087
17900,48670,delta,2,0,1,18682,72.1024
17901,24311,delta,2,0,0,9317,72.1009
17902,43006,delta,2,0,1,13018,72.0943
17903,26296,delta,2,0,0,11302,72.0938
17904,41293,delta,2,0,1,11305,72.0904
17905,37708,delta,2,0,1,7720,72.0896
17906,42891,delta,2,0,1,12903,72.0837
17907,42038,delta,2,0,1,12050,72.0694
17908,41337,delta,2,0,1,11349,72.0607
17909,34916,delta,2,0,0,19922,72.0514
17910,26958,delta,2,0,0,11964,72.0512
17911,31067,delta,2,0,0,16073,72.0511
17912,30851,delta,2,0,0,15857,72.036
17913,44743,delta,2,0,1,14755,72.0335
17914,34224,delta,2,0,0,19230,72.0331
17915,48005,delta,2,0,1,18017,72.0222
17916,20645,delta,2,0,0,5651,72.022
17917,42756,delta,2,0,1,12768,72.0193
17918,48750,delta,2,0,1,18762,72.0119
17919,22375,delta,2,0,0,7381,72.0089
17920,38583,delta,2,0,1,8595,71.978
17921,40594,delta,2,0,1,10606,71.9594
17922,41445,delta,2,0,1,11457,71.9499
17923,37280,delta,2,0,1,7292,71.9457
17924,36579,delta,2,0,1,6591,71.9437
17925,30889,delta,2,0,0,15895,71.9426
17926,45876,delta,2,0,1,15888,71.9282
17927,31665,delta,2,0,0,16671,71.922
17928,42628,delta,2,0,1,12640,71.9212
17929,37630,delta,2,0,1,7642,71.9202
17930,48153,delta,2,0,1,18165,71.9194
17931,32865,delta,2,0,0,17871,71.9192
17932,29608,delta,2,0,0,14614,71.9181
17933,44333,delta,2,0,1,14345,71.9179
17934,45152,delta,2,0,1,15164,71.9129
17935,44672,delta,2,0,1,14684,71.895
17936,38533,delta,2,0,1,8545,71.8847
17937,48725,delta,2,0,1,18737,71.8778
17938,34365,delta,2,0,0,19371,71.8766
17939,38879,delta,2,0,1,8891,71.8711
17940,38855,delta,2,0,1,8867,71.8697
17941,45893,delta,2,0,1,15905,71.8686
17942,35468,delta,2,0,1,5480,71.8647
17943,42765,delta,2,0,1,12777,71.8624
17944,28404,delta,2,0,0,13410,71.8306
17945,27843,delta,2,0,0,12849,71.8285
17946,42621,delta,2,0,1,12633,71.8283
17947,47255,delta,2,0,1,17267,71.814
17948,40199,delta,2,0,1,10211,71.8097
17949,30363,delta,2,0,0,15369,71.8025
17950,26394,delta,2,0,0,11400,71.7952
17951,41000,delta,2,0,1,11012,71.7895
17952,39973,delta,2,0,1,9985,71.7887
17953,40074,delta,2,0,1,10086,71.7838
17954,22573,delta,2,0,0,7579,71.7505
17955,35749,delta,2,0,1,5761,71.7463
17956,33161,delta,2,0,0,18167,71.7362
17957,41422,delta,2,0,1,11434,71.7319
17958,41447,delta,2,0,1,11459,71.7282
17959,41332,delta,2,0,1,11344,71.7271
17960,45193,delta,2,0,1,15205,71.7241
17961,26121,delta,2,0,0,11127,71.7173
17962,38393,delta,2,0,1,8405,71.7155
17963,38550,delta,2,0,1,8562,71.7137
17964,38661,delta,2,0,1,8673,71.7133
17965,41485,delta,2,0,1,11497,71.7037
17966,38902,delta,2,0,1,8914,71.6888
17967,41450,delta,2,0,1,11462,71.688
17968,37339,delta,2,0,1,7351,71.6838
17969,24406,delta,2,0,0,9412,71.6777
17970,29197,delta,2,0,0,14203,71.6693
17971,23828,delta,2,0,0,8834,71.6653
17972,45906,delta,2,0,1,15918,71.6638
17973,32283,delta,2,0,0,17289,71.6577
17974,43429,delta,2,0,1,13441,71.6517
17975,29127,delta,2,0,0,14133,71.6146
17976,23807,delta,2,0,0,8813,71.6137
17977,21863,delta,2,0,0,6869,71.6132
17978,32554,delta,2,0,0,17560,71.6112
17979,38601,delta,2,0,1,8613,71.6072
17980,45350,delta,2,0,1,15362,71.6011
17981,32077,delta,2,0,0,17083,71.5981
17982,21215,delta,2,0,0,6221,71.5932
17983,37363,delta,2,0,1,7375,71.593
17984,40665,delta,2,0,1,10677,71.591
17985,21725,delta,2,0,0,6731,71.5898
17986,46089,delta,2,0,1,16101,71.5855
17987,37446,delta,2,0,1,7458,71.5676
17988,41262,delta,2,0,1,11274,71.5645
17989,23815,delta,2,0,0,8821,71.5511
17990,40616,delta,2,0,1,10628,71.5402
17991,23975,delta,2,0,0,8981,71.5268
17992,40147,delta,2,0,1,10159,71.5259
17993,24849,delta,2,0,0,9855,71.5182
17994,39845,delta,2,0,1,9857,71.475
17995,38680,delta,2,0,1,8692,71.4736
17996,25150,delta,2,0,0,10156,71.4595
17997,23972,delta,2,0,0,8978,71.4526
17998,40872,delta,2,0,1,10884,71.4431
17999,27393,delta,2,0,0,12399,71.4358
18000,37288,delta,2,0,1,7300,71.4249
18001,37426,delta,2,0,1,7438,71.419
18002,37277,delta,2,0,1,7289,71.3911
18003,27582,delta,2,0,0,12588,71.3897
18004,26386,delta,2,0,0,11392,71.3835
18005,42108,delta,2,0,1,12120,71.364
18006,27012,delta,2,0,0,12018,71.3637
18007,41463,delta,2,0,1,11475,71.3574
18008,44589,delta,2,0,1,14601,71.3504
18009,28252,delta,2,0,0,13258,71.3456
18010,36460,delta,2,0,1,6472,71.3306
18011,47566,delta,2,0,1,17578,71.3284
18012,35784,delta,2,0,1,5796,71.3247
18013,44105,delta,2,0,1,14117,71.3167
18014,37352,delta,2,0,1,7364,71.2812
18015,43976,delta,2,0,1,13988,71.2735
18016,44747,delta,2,0,1,14759,71.2607
18017,48943,delta,2,0,1,18955,71.2538
18018,23189,delta,2,0,0,8195,71.2469
18019,33255,delta,2,0,0,18261,71.2306
18020,42761,delta,2,0,1,12773,71.2099
18021,25372,delta,2,0,0,10378,71.1993
18022,28552,delta,2,0,0,13558,71.1843
18023,33117,delta,2,0,0,18123,71.1795
18024,27346,delta,2,0,0,12352,71.1778
18025,40075,delta,2,0,1,10087,71.173
18026,45815,delta,2,0,1,15827,71.1674
18027,22772,delta,2,0,0,7778,71.164
18028,45313,delta,2,0,1,15325,71.1633
18029,40156,delta,2,0,1,10168,71.1446
18030,42790,delta,2,0,1,12802,71.1361
18031,29946,delta,2,0,0,14952,71.1265
18032,38429,delta,2,0,1,8441,71.1196
18033,36445,delta,2,0,1,6457,71.1192
18034,32658,delta,2,0,0,17664,71.1149
18035,48979,delta,2,0,1,18991,71.1093
18036,35453,delta,2,0,1,5465,71.0847
18037,45755,delta,2,0,1,15767,71.0774
18038,36588,delta,2,0,1,6600,71.0594
18039,45948,delta,2,0,1,15960,71.0566
18040,26037,delta,2,0,0,11043,71.0483
18041,21124,delta,2,0,0,6130,71.0471
18042,41550,delta,2,0,1,11562,71.0431
18043,33768,delta,2,0,0,18774,71.0426
18044,31100,delta,2,0,0,16106,71.0366
18045,38439,delta,2,0,1,8451,71.0309
18046,44636,delta,2,0,1,14648,71.0285
18047,37730,delta,2,0,1,7742,71.0247
18048,37738,delta,2,0,1,7750,71.0247
18049,33239,delta,2,0,0,18245,71.0234
18050,29609,delta,2,0,0,14615,71.019
18051,49896,delta,2,0,1,19908,71.0153
18052,37137,delta,2,0,1,7149,71.014
18053,36381,delta,2,0,1,6393,70.9897
18054,47084,delta,2,0,1,17096,70.9833
18055,37402,delta,2,0,1,7414,70.9811
18056,43904,delta,2,0,1,13916,70.9697
18057,28983,delta,2,0,0,13989,70.9485
18058,42026,delta,2,0,1,12038,70.9425
18059,42637,delta,2,0,1,12649,70.9378
18060,47186,delta,2,0,1,17198,70.9328
18061,41680,delta,2,0,1,11692,70.9278
18062,41964,delta,2,0,1,11976,70.9274
18063,25815,delta,2,0,0,10821,70.9214
18064,37290,delta,2,0,1,7302,70.9201
18065,46591,delta,2,0,1,16603,70.9196
18066,29519,delta,2,0,0,14525,70.9186
18067,39927,delta,2,0,1,9939,70.902
18068,37422,delta,2,0,1,7434,70.9018
18069,24684,delta,2,0,0,9690,70.896
18070,39970,delta,2,0,1,9982,70.8652
18071,29690,delta,2,0,0,14696,70.8574
18072,47692,delta,2,0,1,17704,70.8467
18073,35543,delta,2,0,1,5555,70.8369
18074,33224,delta,2,0,0,18230,70.8321
18075,27221,delta,2,0,0,12227,70.8309
18076,41338,delta,2,0,1,11350,70.8296
18077,24013,delta,2,0,0,9019,70.824
18078,43350,delta,2,0,1,13362,70.8177
18079,26985,delta,2,0,0,11991,70.8088
18080,41427,delta,2,0,1,11439,70.8017
18081,40678,delta,2,0,1,10690,70.798
18082,37858,delta,2,0,1,7870,70.789
18083,28333,delta,2,0,0,13339,70.7738
18084,26915,delta,2,0,0,11921,70.75
18085,32017,delta,2,0,0,17023,70.72
18086,39698,delta,2,0,1,9710,70.7198
18087,37360,delta,2,0,1,7372,70.7073
18088,21202,delta,2,0,0,6208,70.6871
18089,23885,delta,2,0,0,8891,70.6829
18090,32542,delta,2,0,0,17548,70.6762
18091,48940,delta,2,0,1,18952,70.6704
18092,27755,delta,2,0,0,12761,70.6703
18093,25163,delta,2,0,0,10169,70.6694
18094,28236,delta,2,0,0,13242,70.6689
18095,39858,delta,2,0,1,9870,70.6626
18096,41545,delta,2,0,1,11557,70.6605
18097,39685,delta,2,0,1,9697,70.6565
18098,49037,delta,2,0,1,19049,70.6507
18099,40607,delta,2,0,1,10619,70.6507
18100,24794,delta,2,0,0,9800,70.6503
18101,42341,delta,2,0,1,12353,70.6493
18102,45805,delta,2,0,1,15817,70.6424
18103,35734,delta,2,0,1,5746,70.6391
18104,45736,delta,2,0,1,15748,70.6367
18105,23705,delta,2,0,0,8711,70.6359
18106,39849,delta,2,0,1,9861,70.6355
18107,45538,delta,2,0,1,15550,70.621
18108,37323,delta,2,0,1,7335,70.6181
18109,41285,delta,2,0,1,11297,70.6097
18110,37855,delta,2,0,1,7867,70.5889
18111,24895,delta,2,0,0,9901,70.586
18112,41363,delta,2,0,1,11375,70.5849
18113,35770,delta,2,0,1,5782,70.5847
18114,42806,delta,2,0,1,12818,70.5836
18115,35506,delta,2,0,1,5518,70.5703
18116,36471,delta,2,0,1,6483,70.5655
18117,22063,delta,2,0,0,7069,70.5486
18118,41449,delta,2,0,1,11461,70.5378
18119,39928,delta,2,0,1,9940,70.5361
18120,39919,delta,2,0,1,9931,70.5189
18121,34808,delta,2,0,0,19814,70.5121
18122,37551,delta,2,0,1,7563,70.5115
18123,37867,delta,2,0,1,7879,70.5009
18124,30770,delta,2,0,0,15776,70.4953
18125,36599,delta,2,0,1,6611,70.4917
18126,38421,delta,2,0,1,8433,70.4792
18127,41313,delta,2,0,1,11325,70.4788
18128,24721,delta,2,0,0,9727,70.4617
18129,38698,delta,2,0,1,8710,70.4539
18130,35762,delta,2,0,1,5774,70.4485
18131,29538,delta,2,0,0,14544,70.4341
18132,20021,delta,2,0,0,5027,70.4301
18133,47311,delta,2,0,1,17323,70.4296
18134,37587,delta,2,0,1,7599,70.4292
18135,34944,delta,2,0,0,19950,70.4272
18136,36546,delta,2,0,1,6558,70.4264
18137,39002,delta,2,0,1,9014,70.4233
18138,49235,delta,2,0,1,19247,70.4226
18139,27674,delta,2,0,0,12680,70.404
18140,26896,delta,2,0,0,11902,70.3978
18141,44225,delta,2,0,1,14237,70.3969
18142,25306,delta,2,0,0,10312,70.3919
18143,40108,delta,2,0,1,10120,70.3778
18144,37559,delta,2,0,1,7571,70.3719
18145,40327,delta,2,0,1,10339,70.365
18146,33757,delta,2,0,0,18763,70.3597
18147,43351,delta,2,0,1,13363,70.3591
18148,40634,delta,2,0,1,10646,70.358
18149,31876,delta,2,0,0,16882,70.3496
18150,27621,delta,2,0,0,12627,70.3461
18151,41280,delta,2,0,1,11292,70.3411
18152,37285,delta,2,0,1,7297,70.3362
18153,29081,delta,2,0,0,14087,70.3356
18154,30868,delta,2,0,0,15874,70.3284
18155,35564,delta,2,0,1,5576,70.3086
18156,37633,delta,2,0,1,7645,70.3075
18157,42388,delta,2,0,1,12400,70.3043
18158,20218,delta,2,0,0,5224,70.2967
18159,23278,delta,2,0,0,8284,70.2923
18160,32611,delta,2,0,0,17617,70.2909
18161,20699,delta,2,0,0,5705,70.2813
18162,35474,delta,2,0,1,5486,70.2715
18163,21903,delta,2,0,0,6909,70.2671
18164,38829,delta,2,0,1,8841,70.2635
18165,25402,delta,2,0,0,10408,70.2547
18166,25568,delta,2,0,0,10574,70.247
18167,31500,delta,2,0,0,16506,70.243
18168,23892,delta,2,0,0,8898,70.2396
18169,29932,delta,2,0,0,14938,70.2316
18170,40774,delta,2,0,1,10786,70.2295
18171,26998,delta,2,0,0,12004,70.2245
18172,29632,delta,2,0,0,14638,70.2139
18173,45180,delta,2,0,1,15192,70.2129
18174,43461,delta,2,0,1,13473,70.194
18175,42178,delta,2,0,1,12190,70.1903
18176,39840,delta,2,0,1,9852,70.1734
18177,42123,delta,2,0,1,12135,70.1641
18178,40633,delta,2,0,1,10645,70.1608
18179,44722,delta,2,0,1,14734,70.1483
18180,35452,delta,2,0,1,5464,70.1415
18181,38846,delta,2,0,1,8858,70.1254
18182,38820,delta,2,0,1,8832,70.1237
18183,30334,delta,2,0,0,15340,70.102
18184,28457,delta,2,0,0,13463,70.1015
18185,33437,delta,2,0,0,18443,70.0941
18186,37276,delta,2,0,1,7288,70.0911
18187,42021,delta,2,0,1,12033,70.0746
18188,44720,delta,2,0,1,14732,70.0666
18189,45992,delta,2,0,1,16004,70.0647
18190,48342,delta,2,0,1,18354,70.059
18191,49899,delta,2,0,1,19911,70.0344
18192,23247,delta,2,0,0,8253,69.9998
18193,26228,delta,2,0,0,11234,69.9933
18194,48831,delta,2,0,1,18843,69.974
18195,43295,delta,2,0,1,13307,69.9675
18196,33451,delta,2,0,0,18457,69.967
18197,43984,delta,2,0,1,13996,69.9421
18198,41944,delta,2,0,1,11956,69.9209
18199,40660,delta,2,0,1,10672,69.8824
18200,24616,delta,2,0,0,9622,69.8696
18201,42016,delta,2,0,1,12028,69.8635
18202,41501,delta,2,0,1,11513,69.8609
18203,26466,delta,2,0,0,11472,69.8573
18204,44586,delta,2,0,1,14598,69.8569
18205,25566,delta,2,0,0,10572,69.851
18206,31352,delta,2,0,0,16358,69.8401
18207,33420,delta,2,0,0,18426,69.8239
18208,34973,delta,2,0,0,19979,69.8071
18209,42084,delta,2,0,1,12096,69.8022
18210,32043,delta,2,0,0,17049,69.7988
18211,44337,delta,2,0,1,14349,69.7746
18212,41497,delta,2,0,1,11509,69.7721
18213,23937,delta,2,0,0,8943,69.772
18214,38860,delta,2,0,1,8872,69.7668
18215,42344,delta,2,0,1,12356,69.7653
18216,42686,delta,2,0,1,12698,69.7538
18217,35530,delta,2,0,1,5542,69.7476
18218,41011,delta,2,0,1,11023,69.7464
18219,35775,delta,2,0,1,5787,69.7432
18220,26352,delta,2,0,0,11358,69.7333
18221,42691,delta,2,0,1,12703,69.7059
18222,39852,delta,2,0,1,9864,69.6951
18223,25631,delta,2,0,0,10637,69.6941
18224,29647,delta,2,0,0,14653,69.6842
18225,26870,delta,2,0,0,11876,69.6775
18226,47264,delta,2,0,1,17276,69.6755
18227,37283,delta,2,0,1,7295,69.6752
18228,38445,delta,2,0,1,8457,69.6719
18229,43319,delta,2,0,1,13331,69.6678
18230,40993,delta,2,0,1,11005,69.6615
18231,40643,delta,2,0,1,10655,69.6556
18232,38609,delta,2,0,1,8621,69.6482
18233,27870,delta,2,0,0,12876,69.6472
18234,42606,delta,2,0,1,12618,69.6423
18235,21319,delta,2,0,0,6325,69.6408
18236,45213,delta,2,0,1,15225,69.6339
18237,20867,delta,2,0,0,5873,69.6321
18238,43466,delta,2,0,1,13478,69.615
18239,25084,delta,2,0,0,10090,69.6114
18240,39296,delta,2,0,1,9308,69.5959
18241,41358,delta,2,0,1,11370,69.5806
18242,32368,delta,2,0,0,17374,69.5804
18243,40536,delta,2,0,1,10548,69.5625
18244,44173,delta,2,0,1,14185,69.5526
18245,41660,delta,2,0,1,11672,69.5504
18246,39822,delta,2,0,1,9834,69.547
18247,28000,delta,2,0,0,13006,69.5404
18248,46409,delta,2,0,1,16421,69.5337
18249,24128,delta,2,0,0,9134,69.5334
18250,23058,delta,2,0,0,8064,69.5286
18251,48115,delta,2,0,1,18127,69.5278
18252,43560,delta,2,0,1,13572,69.5145
18253,48567,delta,2,0,1,18579,69.4945
18254,39697,delta,2,0,1,9709,69.4938
18255,37625,delta,2,0,1,7637,69.4788
18256,42768,delta,2,0,1,12780,69.4762
18257,35509,delta,2,0,1,5521,69.472
18258,45327,delta,2,0,1,15339,69.4553
18259,46492,delta,2,0,1,16504,69.4534
18260,27158,delta,2,0,0,12164,69.4437
18261,44118,delta,2,0,1,14130,69.4358
18262,42609,delta,2,0,1,12621,69.4318
18263,42762,delta,2,0,1,12774,69.4291
18264,41306,delta,2,0,1,11318,69.4218
18265,37413,delta,2,0,1,7425,69.4216
18266,41673,delta,2,0,1,11685,69.4162
18267,42680,delta,2,0,1,12692,69.4159
18268,44100,delta,2,0,1,14112,69.4147
18269,32051,delta,2,0,0,17057,69.399
18270,34030,delta,2,0,0,19036,69.3982
18271,45179,delta,2,0,1,15191,69.3951
18272,30318,delta,2,0,0,15324,69.3928
18273,38834,delta,2,0,1,8846,69.3924
18274,38509,delta,2,0,1,8521,69.3913
18275,45903,delta,2,0,1,15915,69.38
18276,30855,delta,2,0,0,15861,69.3735
18277,45522,delta,2,0,1,15534,69.3703
18278,29189,delta,2,0,0,14195,69.3641
18279,42126,delta,2,0,1,12138,69.3611
18280,45665,delta,2,0,1,15677,69.3582
18281,40161,delta,2,0,1,10173,69.3568
18282,28391,delta,2,0,0,13397,69.3495
18283,26652,delta,2,0,0,11658,69.339
18284,27796,delta,2,0,0,12802,69.3362
18285,22498,delta,2,0,0,7504,69.3232
18286,23845,delta,2,0,0,8851,69.3219
18287,28917,delta,2,0,0,13923,69.3197
18288,37704,delta,2,0,1,7716,69.3147
18289,29812,delta,2,0,0,14818,69.2751
18290,37727,delta,2,0,1,7739,69.2571
18291,40623,delta,2,0,1,10635,69.2445
18292,42349,delta,2,0,1,12361,69.2221
18293,36516,delta,2,0,1,6528,69.2186
18294,27131,delta,2,0,0,12137,69.2168
18295,35485,delta,2,0,1,5497,69.2116
18296,43489,delta,2,0,1,13501,69.199
18297,37263,delta,2,0,1,7275,69.171
18298,39832,delta,2,0,1,9844,69.1663
18299,32528,delta,2,0,0,17534,69.1486
18300,44335,delta,2,0,1,14347,69.1323
18301,35847,delta,2,0,1,5859,69.1267
18302,44659,delta,2,0,1,14671,69.1183
18303,37650,delta,2,0,1,7662,69.1145
18304,27192,delta,2,0,0,12198,69.1103
18305,43020,delta,2,0,1,13032,69.1056
18306,47098,delta,2,0,1,17110,69.1024
18307,46497,delta,2,0,1,16509,69.0842
18308,22192,delta,2,0,0,7198,69.0835
18309,37734,delta,2,0,1,7746,69.0511
18310,40095,delta,2,0,1,10107,69.0481
18311,24867,delta,2,0,0,9873,69.0475
18312,26702,delta,2,0,0,11708,69.0284
18313,28713,delta,2,0,0,13719,69.0145
18314,20644,delta,2,0,0,5650,69.0063
18315,20652,delta,2,0,0,5658,69.0063
18316,42024,delta,2,0,1,12036,69.0051
18317,24543,delta,2,0,0,9549,69.0019
18318,29216,delta,2,0,0,14222,68.9877
18319,38622,delta,2,0,1,8634,68.9738
18320,31182,delta,2,0,0,16188,68.9735
18321,44133,delta,2,0,1,14145,68.9648
18322,46688,delta,2,0,1,16700,68.964
18323,42705,delta,2,0,1,12717,68.9624
18324,42854,delta,2,0,1,12866,68.9582
18325,44617,delta,2,0,1,14629,68.9555
18326,37852,delta,2,0,1,7864,68.9554
18327,47041,delta,2,0,1,17053,68.9544
18328,23760,delta,2,0,0,8766,68.9514
18329,36555,delta,2,0,1,6567,68.9411
18330,43676,delta,2,0,1,13688,68.9355
18331,42759,delta,2,0,1,12771,68.9322
18332,37800,delta,2,0,1,7812,68.923
18333,27885,delta,2,0,0,12891,68.9065
18334,44652,delta,2,0,1,14664,68.9044
18335,42711,delta,2,0,1,12723,68.895
18336,43945,delta,2,0,1,13957,68.8649
18337,22068,delta,2,0,0,7074,68.8618
18338,39932,delta,2,0,1,9944,68.8558
18339,39841,delta,2,0,1,9853,68.8475
18340,22150,delta,2,0,0,7156,68.8412
18341,34668,delta,2,0,0,19674,68.8407
18342,33630,delta,2,0,0,18636,68.8372
18343,30982,delta,2,0,0,15988,68.8163
18344,48112,delta,2,0,1,18124,68.7989
18345,40825,delta,2,0,1,10837,68.7968
18346,39924,delta,2,0,1,9936,68.7905
18347,36473,delta,2,0,1,6485,68.777
18348,23317,delta,2,0,0,8323,68.7696
18349,41960,delta,2,0,1,11972,68.7661
18350,35881,delta,2,0,1,5893,68.7592
18351,21413,delta,2,0,0,6419,68.7474
18352,35754,delta,2,0,1,5766,68.7456
18353,37579,delta,2,0,1,7591,68.7401
18354,32302,delta,2,0,0,17308,68.7391
18355,39922,delta,2,0,1,9934,68.7315
18356,41495,delta,2,0,1,11507,68.7237
18357,49718,delta,2,0,1,19730,68.7189
18358,40114,delta,2,0,1,10126,68.717
18359,46248,delta,2,0,1,16260,68.7075
18360,29142,delta,2,0,0,14148,68.7005
18361,31889,delta,2,0,0,16895,68.6889
18362,33133,delta,2,0,0,18139,68.674
18363,36389,delta,2,0,1,6401,68.6726
18364,38437,delta,2,0,1,8449,68.6723
18365,36576,delta,2,0,1,6588,68.6714
18366,21022,delta,2,0,0,6028,68.624
18367,42641,delta,2,0,1,12653,68.6148
18368,43376,delta,2,0,1,13388,68.6126
18369,47681,delta,2,0,1,17693,68.6041
18370,47011,delta,2,0,1,17023,68.5961
18371,30202,delta,2,0,0,15208,68.5933
18372,44639,delta,2,0,1,14651,68.582
18373,44633,delta,2,0,1,14645,68.5804
18374,20388,delta,2,0,0,5394,68.5743
18375,37282,delta,2,0,1,7294,68.5711
18376,37795,delta,2,0,1,7807,68.5627
18377,41419,delta,2,0,1,11431,68.5527
18378,37133,delta,2,0,1,7145,68.5408
18379,32744,delta,2,0,0,17750,68.5276
18380,33745,delta,2,0,0,18751,68.5267
18381,34403,delta,2,0,0,19409,68.5158
18382,28326,delta,2,0,0,13332,68.5128
18383,43201,delta,2,0,1,13213,68.4977
18384,46589,delta,2,0,1,16601,68.4902
18385,33860,delta,2,0,0,18866,68.486
18386,27990,delta,2,0,0,12996,68.4778
18387,26576,delta,2,0,0,11582,68.4776
18388,31692,delta,2,0,0,16698,68.4657
18389,37134,delta,2,0,1,7146,68.4647
18390,30797,delta,2,0,0,15803,68.4583
18391,37291,delta,2,0,1,7303,68.4355
18392,46386,delta,2,0,1,16398,68.4164
18393,49164,delta,2,0,1,19176,68.4063
18394,37552,delta,2,0,1,7564,68.3965
18395,46542,delta,2,0,1,16554,68.3934
18396,44091,delta,2,0,1,14103,68.3923
18397,42895,delta,2,0,1,12907,68.3695
18398,30527,delta,2,0,0,15533,68.3683
18399,39721,delta,2,0,1,9733,68.3681
18400,48953,delta,2,0,1,18965,68.3658
18401,28516,delta,2,0,0,13522,68.3568
18402,22079,delta,2,0,0,7085,68.3532
18403,40626,delta,2,0,1,10638,68.3511
18404,37611,delta,2,0,1,7623,68.3286
18405,38627,delta,2,0,1,8639,68.3279
18406,42699,delta,2,0,1,12711,68.3267
18407,20755,delta,2,0,0,5761,68.3249
18408,20608,delta,2,0,0,5614,68.323
18409,38694,delta,2,0,1,8706,68.317
18410,45731,delta,2,0,1,15743,68.3144
18411,23309,delta,2,0,0,8315,68.3143
18412,26134,delta,2,0,0,11140,68.2924
18413,22050,delta,2,0,0,7056,68.2896
18414,49747,delta,2,0,1,19759,68.2833
18415,41864,delta,2,0,1,11876,68.2684
18416,32578,delta,2,0,0,17584,68.263
18417,27362,delta,2,0,0,12368,68.2597
18418,36775,delta,2,0,1,6787,68.2596
18419,33119,delta,2,0,0,18125,68.2585
18420,22459,delta,2,0,0,7465,68.2556
18421,42120,delta,2,0,1,12132,68.2555
18422,32242,delta,2,0,0,17248,68.2525
18423,28501,delta,2,0,0,13507,68.2517
18424,23573,delta,2,0,0,8579,68.2497
18425,36554,delta,2,0,1,6566,68.2492
18426,46895,delta,2,0,1,16907,68.2429
18427,46077,delta,2,0,1,16089,68.2388
18428,36336,delta,2,0,1,6348,68.2366
18429,33292,delta,2,0,0,18298,68.2317
18430,43384,delta,2,0,1,13396,68.2231
18431,46135,delta,2,0,1,16147,68.2143
18432,32466,delta,2,0,0,17472,68.2124
18433,42165,delta,2,0,1,12177,68.2095
18434,25045,delta,2,0,0,10051,68.2013
18435,25053,delta,2,0,0,10059,68.2013
18436,20024,delta,2,0,0,5030,68.198
18437,23964,delta,2,0,0,8970,68.1946
18438,44168,delta,2,0,1,14180,68.1945
18439,23823,delta,2,0,0,8829,68.1838
18440,26003,delta,2,0,0,11009,68.1826
18441,27742,delta,2,0,0,12748,68.1694
18442,41260,delta,2,0,1,11272,68.1687
18443,44138,delta,2,0,1,14150,68.1586
18444,44109,delta,2,0,1,14121,68.1558
18445,43511,delta,2,0,1,13523,68.154
18446,35493,delta,2,0,1,5505,68.141
18447,47547,delta,2,0,1,17559,68.1283
18448,35757,delta,2,0,1,5769,68.1078
18449,26372,delta,2,0,0,11378,68.1033
18450,38669,delta,2,0,1,8681,68.0882
18451,49233,delta,2,0,1,19245,68.0847
18452,49532,delta,2,0,1,19544,68.0834
18453,35739,delta,2,0,1,5751,68.0756
18454,41513,delta,2,0,1,11525,68.0606
18455,39966,delta,2,0,1,9978,68.0434
18456,23218,delta,2,0,0,8224,68.0429
18457,43324,delta,2,0,1,13336,68.041
18458,42013,delta,2,0,1,12025,68.0396
18459,41492,delta,2,0,1,11504,68.0238
18460,42626,delta,2,0,1,12638,68.0228
18461,20176,delta,2,0,0,5182,68.0088
18462,35865,delta,2,0,1,5877,68.0026
18463,46871,delta,2,0,1,16883,67.9888
18464,44120,delta,2,0,1,14132,67.9736
18465,109371,delta,4,1,3,19407,172.006
18466,109368,delta,4,1,3,19404,158.361
18467,62628,delta,4,0,0,17646,155.274
18468,78401,delta,4,0,1,18425,144.576
18469,63444,delta,4,0,0,18462,141.604
18470,78404,delta,4,0,1,18428,136.57
18471,76449,delta,4,0,1,16473,135.828
18472,75276,delta,4,0,1,15300,133.312
18473,109374,delta,4,1,3,19410,133.189
18474,75271,delta,4,0,1,15295,131.008
18475,108193,delta,4,1,3,18229,127.871
18476,75273,delta,4,0,1,15297,126.922
18477,61491,delta,4,0,0,16509,125.303
18478,108755,delta,4,1,3,18791,124.421
18479,62625,delta,4,0,0,17643,122.564
18480,77627,delta,4,0,1,17651,122.061
18481,77012,delta,4,0,1,17036,121.223
18482,62669,delta,4,0,0,17687,120.895
18483,62666,delta,4,0,0,17684,118.693
18484,63741,delta,4,0,0,18759,118.642
18485,109708,delta,4,1,3,19744,118.399
18486,78406,delta,4,0,1,18430,118.345
18487,109369,delta,4,1,3,19405,118.213
18488,75857,delta,4,0,1,15881,117.744
18489,76402,delta,4,0,1,16426,117.697
18490,108171,delta,4,1,3,18207,117.061
18491,61494,delta,4,0,0,16512,115.818
18492,77577,delta,4,0,1,17601,115.005
18493,107617,delta,4,1,3,17653,114.829
18494,77007,delta,4,0,1,17031,113.658
18495,78183,delta,4,0,1,18207,113.528
18496,62072,delta,4,0,0,17090,113.329
18497,77578,delta,4,0,1,17602,113.252
18498,78766,delta,4,0,1,18790,113.053
18499,76981,delta,4,0,1,17005,112.88
18500,77576,delta,4,0,1,17600,112.604
18501,63738,delta,4,0,0,18756,110.798
18502,79580,delta,4,0,1,19604,110.092
18503,60894,delta,4,0,0,15912,109.632
18504,78769,delta,4,0,1,18793,109.468
18505,78161,delta,4,0,1,18185,108.977
18506,78156,delta,4,0,1,18180,108.64
18507,77575,delta,4,0,1,17599,108.464
18508,77226,delta,4,0,1,17250,107.747
18509,63697,delta,4,0,0,18715,107.701
18510,94374,delta,4,1,2,19404,107.429
18511,61452,delta,4,0,0,16470,107.059
18512,77580,delta,4,0,1,17604,106.669
18513,63694,delta,4,0,0,18712,106.144
18514,75914,delta,4,0,1,15938,106.058
18515,77591,delta,4,0,1,17615,105.725
18516,76431,delta,4,0,1,16455,105.095
18517,107656,delta,4,1,3,17692,104.923
18518,75852,delta,4,0,1,15876,104.719
18519,75870,delta,4,0,1,15894,104.646
18520,60897,delta,4,0,0,15915,104.579
18521,77010,delta,4,0,1,17034,104.555
18522,77030,delta,4,0,1,17054,104.109
18523,62075,delta,4,0,0,17093,104.051
18524,78209,delta,4,0,1,18233,103.347
18525,76984,delta,4,0,1,17008,103.07
18526,79577,delta,4,0,1,19601,103.008
18527,94377,delta,4,1,2,19407,102.938
18528,60899,delta,4,0,0,15917,102.754
18529,63668,delta,4,0,0,18686,102.237
18530,76485,delta,4,0,1,16509,102.1
18531,78159,delta,4,0,1,18183,102.088
18532,61488,delta,4,0,0,16506,101.647
18533,75909,delta,4,0,1,15933,101.538
18534,77033,delta,4,0,1,17057,100.669
18535,84010,delta,4,1,2,9040,100.651
18536,75315,delta,4,0,1,15339,100.344
18537,62651,delta,4,0,0,17669,100.133
18538,105899,delta,4,1,3,15935,99.8346
18539,77822,delta,4,0,1,17846,99.7837
18540,107030,delta,4,1,3,17066,99.3917
18541,77604,delta,4,0,1,17628,99.2104
18542,77046,delta,4,0,1,17070,99.1701
18543,63447,delta,4,0,0,18465,99.1528
18544,62654,delta,4,0,0,17672,98.6284
18545,76983,delta,4,0,1,17007,98.6228
18546,63699,delta,4,0,0,18717,98.4547
18547,106439,delta,4,1,3,16475,98.0879
18548,85840,delta,4,1,2,10870,97.8526
18549,62664,delta,4,0,0,17682,97.8229
18550,109930,delta,4,1,3,19966,97.7086
18551,62562,delta,4,0,0,17580,97.0379
18552,86450,delta,4,1,2,11480,97.012
18553,79942,delta,4,0,1,19966,96.9492
18554,77624,delta,4,0,1,17648,96.5797
18555,84699,delta,4,1,2,9729,96.5564
18556,84005,delta,4,1,2,9035,96.5279
18557,77028,delta,4,0,1,17052,96.4088
18558,98915,delta,4,1,3,8951,96.1963
18559,62521,delta,4,0,0,17539,96.1952
18560,85715,delta,4,1,2,10745,96.1713
18561,75867,delta,4,0,1,15891,96.1662
18562,99688,delta,4,1,3,9724,95.7268
18563,62633,delta,4,0,0,17651,95.7106
18564,77043,delta,4,0,1,17067,95.4589
18565,75855,delta,4,0,1,15879,95.2847
18566,84694,delta,4,1,2,9724,95.261
18567,89141,delta,4,1,2,14171,94.634
18568,98910,delta,4,1,3,8946,94.5011
18569,100167,delta,4,1,3,10203,94.3042
18570,85157,delta,4,1,2,10187,94.2944
18571,84691,delta,4,1,2,9721,94.1495
18572,85027,delta,4,1,2,10057,94.1036
18573,78206,delta,4,0,1,18230,94.0594
18574,99004,delta,4,1,3,9040,93.7949
18575,76426,delta,4,0,1,16450,93.7939
18576,82204,delta,4,1,2,7234,93.7557
18577,85639,delta,4,1,2,10669,93.6917
18578,84702,delta,4,1,2,9732,93.6369
18579,78188,delta,4,0,1,18212,93.4263
18580,109352,delta,4,1,3,19388,93.4244
18581,62565,delta,4,0,0,17583,93.3728
18582,85173,delta,4,1,2,10203,93.3309
18583,99696,delta,4,1,3,9732,93.1676
18584,85720,delta,4,1,2,10750,93.1002
18585,63084,delta,4,0,0,18102,93.0195
18586,87058,delta,4,1,2,12088,93.015
18587,76418,delta,4,0,1,16442,93.0033
18588,83916,delta,4,1,2,8946,92.9933
18589,82646,delta,4,1,2,7676,92.9827
18590,82183,delta,4,1,2,7213,92.914
18591,99693,delta,4,1,3,9729,92.8789
18592,78185,delta,4,0,1,18209,92.7469
18593,75872,delta,4,0,1,15896,92.5047
18594,99714,delta,4,1,3,9750,92.3802
18595,78764,delta,4,0,1,18788,92.3546
18596,97763,delta,4,1,3,7799,92.2848
18597,85835,delta,4,1,2,10865,92.1455
18598,76493,delta,4,0,1,16517,92.0744
18599,100709,delta,4,1,3,10745,92.0142
18600,86678,delta,4,1,2,11708,91.9729
18601,74734,delta,4,0,1,14758,91.8399
18602,88404,delta,4,1,2,13434,91.7824
18603,86013,delta,4,1,2,11043,91.6525
18604,84728,delta,4,1,2,9758,91.5822
18605,85032,delta,4,1,2,10062,91.5764
18606,82735,delta,4,1,2,7765,91.5491
18607,83723,delta,4,1,2,8753,91.5226
18608,85558,delta,4,1,2,10588,91.4634
18609,79536,delta,4,0,1,19560,91.4583
18610,82557,delta,4,1,2,7587,91.3888
18611,85689,delta,4,1,2,10719,91.3785
18612,85684,delta,4,1,2,10714,91.3205
18613,86367,delta,4,1,2,11397,91.283
18614,89653,delta,4,1,2,14683,91.274
18615,101343,delta,4,1,3,11379,91.144
18616,85634,delta,4,1,2,10664,91.1004
18617,100158,delta,4,1,3,10194,91.0567
18618,84720,delta,4,1,2,9750,91.0328
18619,85414,delta,4,1,2,10444,90.9822
18620,61966,delta,4,0,0,16984,90.8502
18621,89663,delta,4,1,2,14693,90.8257
18622,79364,delta,4,0,1,19388,90.686
18623,85060,delta,4,1,2,10090,90.6802
18624,62036,delta,4,0,0,17054,90.6717
18625,63441,delta,4,0,0,18459,90.5686
18626,101356,delta,4,1,3,11392,90.5162
18627,60939,delta,4,0,0,15957,90.4748
18628,60313,delta,4,0,0,15331,90.4675
18629,97640,delta,4,1,3,7676,90.4657
18630,81397,delta,4,1,2,6427,90.335
18631,85112,delta,4,1,2,10142,90.3188
18632,82769,delta,4,1,2,7799,90.2987
18633,89908,delta,4,1,2,14938,90.283
18634,76429,delta,4,0,1,16453,90.2188
18635,106481,delta,4,1,3,16517,90.1609
18636,84704,delta,4,1,2,9734,90.1446
18637,85636,delta,4,1,2,10666,90.1254
18638,76400,delta,4,0,1,16424,90.113
18639,84998,delta,4,1,2,10028,90.0246
18640,87705,delta,4,1,2,12735,90.0093
18641,87027,delta,4,1,2,12057,89.9904
18642,85107,delta,4,1,2,10137,89.9747
18643,75834,delta,4,0,1,15858,89.8894
18644,74692,delta,4,0,1,14716,89.8836
18645,87045,delta,4,1,2,12075,89.804
18646,102042,delta,4,1,3,12078,89.6962
18647,61489,delta,4,0,0,16507,89.6648
18648,100151,delta,4,1,3,10187,89.5469
18649,62057,delta,4,0,0,17075,89.5272
18650,83749,delta,4,1,2,8779,89.4508
18651,82672,delta,4,1,2,7702,89.4324
18652,87338,delta,4,1,2,12368,89.3299
18653,77666,delta,4,0,1,17690,89.3194
18654,104677,delta,4,1,3,14713,89.163
18655,108834,delta,4,1,3,18870,89.1551
18656,84013,delta,4,1,2,9043,89.1433
18657,61343,delta,4,0,0,16361,89.0791
18658,89683,delta,4,1,2,14713,89.0432
18659,83924,delta,4,1,2,8954,89.0179
18660,98907,delta,4,1,3,8943,89.0137
18661,79578,delta,4,0,1,19602,89.0111
18662,101196,delta,4,1,3,11232,88.9435
18663,84872,delta,4,1,2,9902,88.9395
18664,61493,delta,4,0,0,16511,88.938
18665,85128,delta,4,1,2,10158,88.9312
18666,83715,delta,4,1,2,8745,88.7849
18667,98743,delta,4,1,3,8779,88.7378
18668,87293,delta,4,1,2,12323,88.6617
18669,108461,delta,4,1,3,18497,88.6324
18670,98999,delta,4,1,3,9035,88.627
18671,83921,delta,4,1,2,8951,88.62
18672,87976,delta,4,1,2,13006,88.5833
18673,104647,delta,4,1,3,14683,88.5454
18674,85963,delta,4,1,2,10993,88.5128
18675,99722,delta,4,1,3,9758,88.5018
18676,84332,delta,4,1,2,9362,88.4844
18677,100054,delta,4,1,3,10090,88.4512
18678,99992,delta,4,1,3,10028,88.3323
18679,82968,delta,4,1,2,7998,88.328
18680,81311,delta,4,1,2,6341,88.3012
18681,90237,delta,4,1,2,15267,88.271
18682,101361,delta,4,1,3,11397,88.2255
18683,87296,delta,4,1,2,12326,88.1847
18684,89725,delta,4,1,2,14755,88.1691
18685,62070,delta,4,0,0,17088,88.1661
18686,97177,delta,4,1,3,7213,88.1661
18687,100542,delta,4,1,3,10578,88.0034
18688,86349,delta,4,1,2,11379,87.9976
18689,85024,delta,4,1,2,10054,87.8885
18690,83639,delta,4,1,2,8669,87.8705
18691,99685,delta,4,1,3,9721,87.8648
18692,83060,delta,4,1,2,8090,87.859
18693,88686,delta,4,1,2,13716,87.7374
18694,84340,delta,4,1,2,9370,87.7345
18695,82503,delta,4,1,2,7533,87.702
18696,87798,delta,4,1,2,12828,87.6863
18697,62490,delta,4,0,0,17508,87.6538
18698,97551,delta,4,1,3,7587,87.6285
18699,78204,delta,4,0,1,18228,87.5831
18700,102704,delta,4,1,3,12740,87.567
18701,88401,delta,4,1,2,13431,87.4655
18702,85285,delta,4,1,2,10315,87.3948
18703,87136,delta,4,1,2,12166,87.3824
18704,88484,delta,4,1,2,13514,87.3591
18705,85947,delta,4,1,2,10977,87.3407
18706,100101,delta,4,1,3,10137,87.3268
18707,87726,delta,4,1,2,12756,87.2141
18708,93798,delta,4,1,2,18828,87.2025
18709,101444,delta,4,1,3,11480,87.2011
18710,86505,delta,4,1,2,11535,87.1978
18711,102052,delta,4,1,3,12088,87.0998
18712,86631,delta,4,1,2,11661,87.061
18713,102792,delta,4,1,3,12828,87.037
18714,82638,delta,4,1,2,7668,86.9926
18715,86010,delta,4,1,2,11040,86.9904
18716,86307,delta,4,1,2,11337,86.973
18717,77048,delta,4,0,1,17072,86.959
18718,83626,delta,4,1,2,8656,86.9569
18719,86628,delta,4,1,2,11658,86.9509
18720,98201,delta,4,1,3,8237,86.9463
18721,100106,delta,4,1,3,10142,86.9174
18722,87734,delta,4,1,2,12764,86.8051
18723,60355,delta,4,0,0,15373,86.7782
18724,84733,delta,4,1,2,9763,86.7577
18725,86636,delta,4,1,2,11666,86.7043
18726,89911,delta,4,1,2,14941,86.6078
18727,97497,delta,4,1,3,7533,86.602
18728,87697,delta,4,1,2,12727,86.6003
18729,83913,delta,4,1,2,8943,86.5765
18730,86408,delta,4,1,2,11438,86.552
18731,101301,delta,4,1,3,11337,86.5425
18732,100539,delta,4,1,3,10575,86.526
18733,82356,delta,4,1,2,7386,86.4579
18734,103470,delta,4,1,3,13506,86.4578
18735,87971,delta,4,1,2,13001,86.45
18736,83783,delta,4,1,2,8813,86.446
18737,84220,delta,4,1,2,9250,86.3463
18738,62711,delta,4,0,0,17729,86.333
18739,63696,delta,4,0,0,18714,86.3254
18740,83487,delta,4,1,2,8517,86.2561
18741,85335,delta,4,1,2,10365,86.2264
18742,86362,delta,4,1,2,11392,86.2251
18743,83453,delta,4,1,2,8483,86.151
18744,75253,delta,4,0,1,15277,86.1426
18745,82677,delta,4,1,2,7707,86.0866
18746,98717,delta,4,1,3,8753,86.076
18747,76488,delta,4,0,1,16512,86.0263
18748,97729,delta,4,1,3,7765,85.9874
18749,92262,delta,4,1,2,17292,85.9801
18750,87710,delta,4,1,2,12740,85.9776
18751,87848,delta,4,1,2,12878,85.9315
18752,85427,delta,4,1,2,10457,85.9261
18753,101620,delta,4,1,3,11656,85.9117
18754,83790,delta,4,1,2,8820,85.8899
18755,101625,delta,4,1,3,11661,85.8496
18756,97962,delta,4,1,3,7998,85.8336
18757,84990,delta,4,1,2,10020,85.7704
18758,100021,delta,4,1,3,10057,85.7474
18759,98996,delta,4,1,3,9032,85.7237
18760,84311,delta,4,1,2,9341,85.7143
18761,99984,delta,4,1,3,10020,85.6371
18762,77823,delta,4,0,1,17847,85.6294
18763,83798,delta,4,1,2,8828,85.6089
18764,91086,delta,4,1,2,16116,85.5895
18765,101622,delta,4,1,3,11658,85.5857
18766,84002,delta,4,1,2,9032,85.5692
18767,100714,delta,4,1,3,10750,85.4779
18768,83424,delta,4,1,2,8454,85.4267
18769,89056,delta,4,1,2,14086,85.3791
18770,82976,delta,4,1,2,8006,85.3715
18771,100678,delta,4,1,3,10714,85.3594
18772,92004,delta,4,1,2,17034,85.3559
18773,61927,delta,4,0,0,16945,85.3203
18774,98709,delta,4,1,3,8745,85.2882
18775,78847,delta,4,0,1,18871,85.2629
18776,84248,delta,4,1,2,9278,85.2601
18777,87358,delta,4,1,2,12388,85.2188
18778,74736,delta,4,0,1,14760,85.1354
18779,84877,delta,4,1,2,9907,85.016
18780,84524,delta,4,1,2,9554,84.9697
18781,83728,delta,4,1,2,8758,84.9418
18782,85282,delta,4,1,2,10312,84.9104
18783,100526,delta,4,1,3,10562,84.886
18784,83448,delta,4,1,2,8478,84.8536
18785,86218,delta,4,1,2,11248,84.8118
18786,86626,delta,4,1,2,11656,84.7511
18787,98823,delta,4,1,3,8859,84.7381
18788,101890,delta,4,1,3,11926,84.7334
18789,85722,delta,4,1,2,10752,84.6949
18790,85671,delta,4,1,2,10701,84.6427
18791,60318,delta,4,0,0,15336,84.6404
18792,83829,delta,4,1,2,8859,84.6269
18793,100026,delta,4,1,3,10062,84.6099
18794,86354,delta,4,1,2,11384,84.6015
18795,83803,delta,4,1,2,8833,84.5775
18796,86760,delta,4,1,2,11790,84.5046
18797,85154,delta,4,1,2,10184,84.4961
18798,82727,delta,4,1,2,7757,84.4836
18799,82549,delta,4,1,2,7579,84.4803
18800,62518,delta,4,0,0,17536,84.4734
18801,79024,delta,4,0,1,19048,84.4658
18802,99698,delta,4,1,3,9734,84.4462
18803,61476,delta,4,0,0,16494,84.4389
18804,75858,delta,4,0,1,15882,84.401
18805,83207,delta,4,1,2,8237,84.3957
18806,96391,delta,4,1,3,6427,84.3551
18807,61387,delta,4,0,0,16405,84.355
18808,88021,delta,4,1,2,13051,84.3543
18809,92953,delta,4,1,2,17983,84.2772
18810,100630,delta,4,1,3,10666,84.2666
18811,98481,delta,4,1,3,8517,84.2215
18812,108458,delta,4,1,3,18494,84.1965
18813,98633,delta,4,1,3,8669,84.1901
18814,102039,delta,4,1,3,12075,84.186
18815,77574,delta,4,0,1,17598,84.184
18816,86629,delta,4,1,2,11659,84.1687
18817,83911,delta,4,1,2,8941,84.1121
18818,103398,delta,4,1,3,13434,84.078
18819,81489,delta,4,1,2,6519,84.0535
18820,97198,delta,4,1,3,7234,84.0194
18821,96305,delta,4,1,3,6341,84.0111
18822,81824,delta,4,1,2,6854,83.9742
18823,61478,delta,4,0,0,16496,83.9676
18824,86644,delta,4,1,2,11674,83.9425
18825,81722,delta,4,1,2,6752,83.9397
18826,86468,delta,4,1,2,11498,83.9092
18827,82364,delta,4,1,2,7394,83.9016
18828,87056,delta,4,1,2,12086,83.9
18829,83634,delta,4,1,2,8664,83.892
18830,85788,delta,4,1,2,10818,83.8212
18831,78767,delta,4,0,1,18791,83.7856
18832,99866,delta,4,1,3,9902,83.771
18833,79538,delta,4,0,1,19562,83.7562
18834,100148,delta,4,1,3,10184,83.739
18835,88689,delta,4,1,2,13719,83.7123
18836,75803,delta,4,0,1,15827,83.6594
18837,77671,delta,4,0,1,17695,83.6255
18838,97358,delta,4,1,3,7394,83.6091
18839,105258,delta,4,1,3,15294,83.6039
18840,75808,delta,4,0,1,15832,83.5576
18841,63144,delta,4,0,0,18162,83.4827
18842,86633,delta,4,1,2,11663,83.4825
18843,82756,delta,4,1,2,7786,83.4664
18844,102130,delta,4,1,3,12166,83.4432
18845,93793,delta,4,1,2,18823,83.4387
18846,85793,delta,4,1,2,10823,83.431
18847,102021,delta,4,1,3,12057,83.4031
18848,83068,delta,4,1,2,8098,83.3886
18849,60936,delta,4,0,0,15954,83.3658
18850,86110,delta,4,1,2,11140,83.357
18851,84696,delta,4,1,2,9726,83.3204
18852,76428,delta,4,0,1,16452,83.2586
18853,62060,delta,4,0,0,17078,83.2276
18854,83631,delta,4,1,2,8661,83.2228
18855,84335,delta,4,1,2,9365,83.0143
18856,107001,delta,4,1,3,17037,83.0043
18857,87048,delta,4,1,2,12078,83.0019
18858,64144,delta,4,0,0,19162,82.9658
18859,100834,delta,4,1,3,10870,82.9636
18860,60937,delta,4,0,0,15955,82.9236
18861,88471,delta,4,1,2,13501,82.9014
18862,85738,delta,4,1,2,10768,82.8825
18863,88362,delta,4,1,2,13392,82.8701
18864,87343,delta,4,1,2,12373,82.8237
18865,81279,delta,4,1,2,6309,82.8145
18866,86299,delta,4,1,2,11329,82.8031
18867,100716,delta,4,1,3,10752,82.7816
18868,84697,delta,4,1,2,9727,82.7614
18869,83065,delta,4,1,2,8095,82.7501
18870,88386,delta,4,1,2,13416,82.7499
18871,83445,delta,4,1,2,8475,82.7484
18872,90247,delta,4,1,2,15277,82.6858
18873,87311,delta,4,1,2,12341,82.6816
18874,75331,delta,4,0,1,15355,82.6283
18875,85686,delta,4,1,2,10716,82.6249
18876,101007,delta,4,1,3,11043,82.5753
18877,80649,delta,4,1,2,5679,82.5674
18878,97405,delta,4,1,3,7441,82.4801
18879,101220,delta,4,1,3,11256,82.4152
18880,82586,delta,4,1,2,7616,82.3982
18881,83215,delta,4,1,2,8245,82.384
18882,106998,delta,4,1,3,17034,82.2497
18883,100787,delta,4,1,3,10823,82.2333
18884,98918,delta,4,1,3,8954,82.2178
18885,86770,delta,4,1,2,11800,82.2056
18886,88370,delta,4,1,2,13400,82.1136
18887,82448,delta,4,1,2,7478,82.0719
18888,82170,delta,4,1,2,7200,82.0648
18889,82212,delta,4,1,2,7242,82.047
18890,76979,delta,4,0,1,17003,82.0437
18891,100623,delta,4,1,3,10659,82.0276
18892,87806,delta,4,1,2,12836,81.9891
18893,107017,delta,4,1,3,17053,81.9732
18894,84969,delta,4,1,2,9999,81.9652
18895,100018,delta,4,1,3,10054,81.9577
18896,84343,delta,4,1,2,9373,81.9453
18897,83458,delta,4,1,2,8488,81.929
18898,77588,delta,4,0,1,17612,81.9283
18899,88424,delta,4,1,2,13454,81.8778
18900,102699,delta,4,1,3,12735,81.8697
18901,100552,delta,4,1,3,10588,81.8519
18902,81434,delta,4,1,2,6464,81.85
18903,75784,delta,4,0,1,15808,81.835
18904,99871,delta,4,1,3,9907,81.8143
18905,87731,delta,4,1,2,12761,81.7915
18906,61922,delta,4,0,0,16940,81.755
18907,61447,delta,4,0,0,16465,81.7465
18908,101348,delta,4,1,3,11384,81.728
18909,87341,delta,4,1,2,12371,81.7219
18910,87063,delta,4,1,2,12093,81.7146
18911,74676,delta,4,0,1,14700,81.7124
18912,81811,delta,4,1,2,6841,81.6893
18913,99835,delta,4,1,3,9871,81.6742
18914,85545,delta,4,1,2,10575,81.6721
18915,86458,delta,4,1,2,11488,81.652
18916,85301,delta,4,1,2,10331,81.6173
18917,85629,delta,4,1,2,10659,81.613
18918,101507,delta,4,1,3,11543,81.5713
18919,91089,delta,4,1,2,16119,81.5701
18920,98792,delta,4,1,3,8828,81.5693
18921,87679,delta,4,1,2,12709,81.5502
18922,77044,delta,4,0,1,17068,81.5491
18923,83942,delta,4,1,2,8972,81.5316
18924,98620,delta,4,1,3,8656,81.4851
18925,64583,delta,4,0,0,19601,81.4691
18926,83212,delta,4,1,2,8242,81.467
18927,84240,delta,4,1,2,9270,81.4647
18928,99214,delta,4,1,3,9250,81.4636
18929,86393,delta,4,1,2,11423,81.4422
18930,100665,delta,4,1,3,10701,81.3975
18931,75250,delta,4,0,1,15274,81.3848
18932,107033,delta,4,1,3,17069,81.369
18933,89061,delta,4,1,2,14091,81.3503
18934,102965,delta,4,1,3,13001,81.2819
18935,102720,delta,4,1,3,12756,81.2681
18936,96818,delta,4,1,3,6854,81.2575
18937,88636,delta,4,1,2,13666,81.2198
18938,101212,delta,4,1,3,11248,81.2084
18939,100633,delta,4,1,3,10669,81.1985
18940,100683,delta,4,1,3,10719,81.1447
18941,82641,delta,4,1,2,7671,81.1416
18942,83241,delta,4,1,2,8271,81.1375
18943,60941,delta,4,0,0,15959,81.1025
18944,102970,delta,4,1,3,13006,81.0562
18945,82411,delta,4,1,2,7441,81.0508
18946,77013,delta,4,0,1,17037,81.0219
18947,89913,delta,4,1,2,14943,81.0049
18948,100732,delta,4,1,3,10768,80.9892
18949,98442,delta,4,1,3,8478,80.9206
18950,97350,delta,4,1,3,7386,80.9159
18951,100122,delta,4,1,3,10158,80.9003
18952,98209,delta,4,1,3,8245,80.8595
18953,100408,delta,4,1,3,10444,80.8417
18954,89046,delta,4,1,2,14076,80.7866
18955,85637,delta,4,1,2,10667,80.7848
18956,102673,delta,4,1,3,12709,80.7837
18957,83636,delta,4,1,2,8666,80.7326
18958,74733,delta,4,0,1,14757,80.7054
18959,108145,delta,4,1,3,18181,80.7008
18960,96716,delta,4,1,3,6752,80.6868
18961,87715,delta,4,1,2,12745,80.6779
18962,63789,delta,4,0,0,18807,80.6755
18963,64141,delta,4,0,0,19159,80.6542
18964,79604,delta,4,0,1,19628,80.654
18965,100957,delta,4,1,3,10993,80.6384
18966,107612,delta,4,1,3,17648,80.6378
18967,86202,delta,4,1,2,11232,80.6371
18968,84882,delta,4,1,2,9912,80.5926
18969,101452,delta,4,1,3,11488,80.5807
18970,79337,delta,4,0,1,19361,80.5424
18971,100276,delta,4,1,3,10312,80.5355
18972,105226,delta,4,1,3,15262,80.5295
18973,88318,delta,4,1,2,13348,80.5201
18974,97666,delta,4,1,3,7702,80.5193
18975,81303,delta,4,1,2,6333,80.501
18976,100164,delta,4,1,3,10200,80.4749
18977,83720,delta,4,1,2,8750,80.4745
18978,61533,delta,4,0,0,16551,80.4426
18979,88476,delta,4,1,2,13506,80.4272
18980,78157,delta,4,0,1,18181,80.4181
18981,102332,delta,4,1,3,12368,80.4171
18982,97632,delta,4,1,3,7668,80.3761
18983,84516,delta,4,1,2,9546,80.3322
18984,83793,delta,4,1,2,8823,80.3038
18985,77625,delta,4,0,1,17649,80.2478
18986,100029,delta,4,1,3,10065,80.2336
18987,92001,delta,4,1,2,17031,80.2333
18988,100628,delta,4,1,3,10664,80.2085
18989,92254,delta,4,1,2,17284,80.2045
18990,109497,delta,4,1,3,19533,80.1955
18991,97970,delta,4,1,3,8006,80.1769
18992,85170,delta,4,1,2,10200,80.1595
18993,97671,delta,4,1,3,7707,80.1561
18994,104130,delta,4,1,3,14166,80.1508
18995,81144,delta,4,1,2,6174,80.135
18996,98431,delta,4,1,3,8467,80.128
18997,76960,delta,4,0,1,16984,80.1128
18998,82440,delta,4,1,2,7470,80.1117
18999,75349,delta,4,0,1,15373,80.1078
19000,100792,delta,4,1,3,10828,80.0916
19001,98815,delta,4,1,3,8851,80.0566
19002,86888,delta,4,1,2,11918,80.011
19003,85561,delta,4,1,2,10591,80.0028
19004,84511,delta,4,1,2,9541,79.9895
19005,100114,delta,4,1,3,10150,79.9762
19006,75912,delta,4,0,1,15936,79.9079
19007,64586,delta,4,0,0,19604,79.8785
19008,81267,delta,4,1,2,6297,79.877
19009,98447,delta,4,1,3,8483,79.8485
19010,84854,delta,4,1,2,9884,79.8376
19011,97635,delta,4,1,3,7671,79.7974
19012,82351,delta,4,1,2,7381,79.7966
19013,98784,delta,4,1,3,8820,79.7876
19014,102287,delta,4,1,3,12323,79.7774
19015,79332,delta,4,0,1,19356,79.7573
19016,91042,delta,4,1,2,16072,79.741
19017,96428,delta,4,1,3,6464,79.7322
19018,99963,delta,4,1,3,9999,79.7187
19019,98905,delta,4,1,3,8941,79.6944
19020,81421,delta,4,1,2,6451,79.6848
19021,97721,delta,4,1,3,7757,79.6714
19022,63071,delta,4,0,0,18089,79.636
19023,83660,delta,4,1,2,8690,79.6182
19024,82730,delta,4,1,2,7760,79.6166
19025,87131,delta,4,1,2,12161,79.5813
19026,100279,delta,4,1,3,10315,79.5655
19027,85164,delta,4,1,2,10194,79.5583
19028,77229,delta,4,0,1,17253,79.5168
19029,102691,delta,4,1,3,12727,79.5149
19030,86513,delta,4,1,2,11543,79.491
19031,101293,delta,4,1,3,11329,79.4834
19032,102290,delta,4,1,3,12326,79.4711
19033,102169,delta,4,1,3,12205,79.4496
19034,81816,delta,4,1,2,6846,79.4483
19035,101209,delta,4,1,3,11245,79.4413
19036,77085,delta,4,0,1,17109,79.4168
19037,103380,delta,4,1,3,13416,79.414
19038,99305,delta,4,1,3,9341,79.3842
19039,98722,delta,4,1,3,8758,79.3695
19040,87984,delta,4,1,2,13014,79.3158
19041,61968,delta,4,0,0,16986,79.3086
19042,81123,delta,4,1,2,6153,79.2919
19043,96273,delta,4,1,3,6309,79.2827
19044,101387,delta,4,1,3,11423,79.2588
19045,78844,delta,4,0,1,18868,79.2323
19046,98206,delta,4,1,3,8242,79.2215
19047,81196,delta,4,1,2,6226,79.1995
19048,88018,delta,4,1,2,13048,79.1962
19049,87348,delta,4,1,2,12378,79.1692
19050,83821,delta,4,1,2,8851,79.1668
19051,101627,delta,4,1,3,11663,79.1597
19052,80953,delta,4,1,2,5983,79.1277
19053,61536,delta,4,0,0,16554,79.1076
19054,99727,delta,4,1,3,9763,79.1063
19055,89288,delta,4,1,2,14318,79.1059
19056,86964,delta,4,1,2,11994,79.0896
19057,84880,delta,4,1,2,9910,79.0728
19058,86630,delta,4,1,2,11660,79.0356
19059,76491,delta,4,0,1,16515,78.967
19060,61924,delta,4,0,0,16942,78.9418
19061,104096,delta,4,1,3,14132,78.9226
19062,83689,delta,4,1,2,8719,78.9195
19063,97434,delta,4,1,3,7470,78.9127
19064,83416,delta,4,1,2,8446,78.9125
19065,98054,delta,4,1,3,8090,78.9062
19066,87073,delta,4,1,2,12103,78.8935
19067,85652,delta,4,1,2,10682,78.8481
19068,99691,delta,4,1,3,9727,78.8393
19069,100646,delta,4,1,3,10682,78.83
19070,100042,delta,4,1,3,10078,78.8127
19071,99884,delta,4,1,3,9920,78.8015
19072,82581,delta,4,1,2,7611,78.7988
19073,89661,delta,4,1,2,14691,78.7867
19074,98235,delta,4,1,3,8271,78.7682
19075,98936,delta,4,1,3,8972,78.7571
19076,101280,delta,4,1,3,11316,78.732
19077,84000,delta,4,1,2,9030,78.7303
19078,86639,delta,4,1,2,11669,78.7227
19079,82330,delta,4,1,2,7360,78.7078
19080,85798,delta,4,1,2,10828,78.6964
19081,89427,delta,4,1,2,14457,78.691
19082,84841,delta,4,1,2,9871,78.6774
19083,87843,delta,4,1,2,12873,78.5909
19084,77084,delta,4,0,1,17108,78.5649
19085,83757,delta,4,1,2,8787,78.5471
19086,89131,delta,4,1,2,14161,78.527
19087,83947,delta,4,1,2,8977,78.5248
19088,86977,delta,4,1,2,12007,78.5183
19089,78438,delta,4,0,1,18462,78.4884
19090,86461,delta,4,1,2,11491,78.4812
19091,85548,delta,4,1,2,10578,78.4648
19092,87030,delta,4,1,2,12060,78.3811
19093,85430,delta,4,1,2,10460,78.3798
19094,100829,delta,4,1,3,10865,78.3519
19095,101885,delta,4,1,3,11921,78.3503
19096,63089,delta,4,0,0,18107,78.3339
19097,86223,delta,4,1,2,11253,78.23
19098,102842,delta,4,1,3,12878,78.1614
19099,94380,delta,4,1,2,19410,78.1439
19100,89666,delta,4,1,2,14696,78.1251
19101,100782,delta,4,1,3,10818,78.1222
19102,84337,delta,4,1,2,9367,78.1041
19103,83694,delta,4,1,2,8724,78.0876
19104,84519,delta,4,1,2,9549,78.0852
19105,77556,delta,4,0,1,17580,78.0839
19106,102185,delta,4,1,3,12221,78.0834
19107,84212,delta,4,1,2,9242,78.0818
19108,106958,delta,4,1,3,16994,78.069
19109,86463,delta,4,1,2,11493,78.0668
19110,87144,delta,4,1,2,12174,78.0577
19111,87175,delta,4,1,2,12205,78.0558
19112,85666,delta,4,1,2,10696,78.0495
19113,88359,delta,4,1,2,13389,77.9727
19114,95643,delta,4,1,3,5679,77.9664
19115,79023,delta,4,0,1,19047,77.9387
19116,60790,delta,4,0,0,15808,77.9301
19117,77087,delta,4,0,1,17111,77.9275
19118,80482,delta,4,1,2,5512,77.9116
19119,87019,delta,4,1,2,12049,77.9106
19120,81342,delta,4,1,2,6372,77.9065
19121,86625,delta,4,1,2,11655,77.9053
19122,86453,delta,4,1,2,11483,77.8966
19123,97750,delta,4,1,3,7786,77.8846
19124,60316,delta,4,0,0,15334,77.879
19125,96805,delta,4,1,3,6841,77.8739
19126,77090,delta,4,0,1,17114,77.8518
19127,81392,delta,4,1,2,6422,77.8126
19128,82997,delta,4,1,2,8027,77.8103
19129,81136,delta,4,1,2,6166,77.8038
19130,81782,delta,4,1,2,6812,77.7944
19131,82419,delta,4,1,2,7449,77.7517
19132,85668,delta,4,1,2,10698,77.7275
19133,98797,delta,4,1,3,8833,77.7263
19134,62706,delta,4,0,0,17724,77.725
19135,63179,delta,4,0,0,18197,77.7132
19136,82424,delta,4,1,2,7454,77.6996
19137,98625,delta,4,1,3,8661,77.6974
19138,76994,delta,4,0,1,17018,77.6955
19139,85532,delta,4,1,2,10562,77.6779
19140,86901,delta,4,1,2,11931,77.6706
19141,75224,delta,4,0,1,15248,77.6515
19142,83795,delta,4,1,2,8825,77.6444
19143,83456,delta,4,1,2,8486,77.6367
19144,100421,delta,4,1,3,10457,77.6278
19145,101623,delta,4,1,3,11659,77.5754
19146,85961,delta,4,1,2,10991,77.5627
19147,82667,delta,4,1,2,7697,77.5601
19148,99848,delta,4,1,3,9884,77.516
19149,86518,delta,4,1,2,11548,77.5041
19150,101402,delta,4,1,3,11438,77.4988
19151,97418,delta,4,1,3,7454,77.4528
19152,98894,delta,4,1,3,8930,77.4492
19153,101638,delta,4,1,3,11674,77.4386
19154,102050,delta,4,1,3,12086,77.3967
19155,86675,delta,4,1,2,11705,77.3881
19156,89102,delta,4,1,2,14132,77.3559
19157,61450,delta,4,0,0,16468,77.3254
19158,84243,delta,4,1,2,9273,77.2946
19159,101512,delta,4,1,3,11548,77.2916
19160,99007,delta,4,1,3,9043,77.2876
19161,97543,delta,4,1,3,7579,77.2358
19162,88133,delta,4,1,2,13163,77.2278
19163,102013,delta,4,1,3,12049,77.2143
19164,62114,delta,4,0,0,17132,77.2078
19165,85330,delta,4,1,2,10360,77.2029
19166,83628,delta,4,1,2,8658,77.1772
19167,86226,delta,4,1,2,11256,77.173
19168,75328,delta,4,0,1,15352,77.1662
19169,99326,delta,4,1,3,9362,77.0973
19170,77660,delta,4,0,1,17684,77.0838
19171,86691,delta,4,1,2,11721,77.0282
19172,62495,delta,4,0,0,17513,77.0273
19173,87128,delta,4,1,2,12158,77.015
19174,75888,delta,4,0,1,15912,76.9673
19175,100662,delta,4,1,3,10698,76.9541
19176,96297,delta,4,1,3,6333,76.9231
19177,101869,delta,4,1,3,11905,76.9206
19178,98439,delta,4,1,3,8475,76.8645
19179,88034,delta,4,1,2,13064,76.8445
19180,99690,delta,4,1,3,9726,76.823
19181,96138,delta,4,1,3,6174,76.7427
19182,103630,delta,4,1,3,13666,76.7349
19183,91783,delta,4,1,2,16813,76.7292
19184,78402,delta,4,0,1,18426,76.6847
19185,92007,delta,4,1,2,17037,76.6684
19186,84330,delta,4,1,2,9360,76.6292
19187,77663,delta,4,0,1,17687,76.6167
19188,60881,delta,4,0,0,15899,76.5751
19189,104729,delta,4,1,3,14765,76.5651
19190,96261,delta,4,1,3,6297,76.5467
19191,98654,delta,4,1,3,8690,76.5343
19192,100008,delta,4,1,3,10044,76.5292
19193,86985,delta,4,1,2,12015,76.5243
19194,86793,delta,4,1,2,11823,76.4972
19195,81484,delta,4,1,2,6514,76.4945
19196,63214,delta,4,0,0,18232,76.4914
19197,76381,delta,4,0,1,16405,76.476
19198,100729,delta,4,1,3,10765,76.4564
19199,97724,delta,4,1,3,7760,76.413
19200,88354,delta,4,1,2,13384,76.391
19201,86891,delta,4,1,2,11921,76.363
19202,89645,delta,4,1,2,14675,76.3496
19203,87642,delta,4,1,2,12672,76.3464
19204,98468,delta,4,1,3,8504,76.3359
19205,80885,delta,4,1,2,5915,76.3031
19206,80597,delta,4,1,2,5627,76.2816
19207,62523,delta,4,0,0,17541,76.2738
19208,109305,delta,4,1,3,19341,76.2212
19209,102563,delta,4,1,3,12599,76.2179
19210,61531,delta,4,0,0,16549,76.1944
19211,88396,delta,4,1,2,13426,76.1917
19212,100680,delta,4,1,3,10716,76.1688
19213,101455,delta,4,1,3,11491,76.1487
19214,94134,delta,4,1,2,19164,76.1242
19215,96190,delta,4,1,3,6226,76.1096
19216,102138,delta,4,1,3,12174,76.1052
19217,84306,delta,4,1,2,9336,76.0974
19218,101958,delta,4,1,3,11994,76.0875
19219,62610,delta,4,0,0,17628,76.0684
19220,105207,delta,4,1,3,15243,76.0407
19221,84874,delta,4,1,2,9904,76.0341
19222,98688,delta,4,1,3,8724,76.0112
19223,86310,delta,4,1,2,11340,75.9872
19224,89027,delta,4,1,2,14057,75.9707
19225,96117,delta,4,1,3,6153,75.9479
19226,108752,delta,4,1,3,18788,75.9378
19227,84036,delta,4,1,2,9066,75.9372
19228,104050,delta,4,1,3,14086,75.9112
19229,102352,delta,4,1,3,12388,75.9109
19230,81209,delta,4,1,2,6239,75.887
19231,80906,delta,4,1,2,5936,75.8821
19232,98928,delta,4,1,3,8964,75.8365
19233,85120,delta,4,1,2,10150,75.8181
19234,87011,delta,4,1,2,12041,75.8108
19235,85618,delta,4,1,2,10648,75.7981
19236,98777,delta,4,1,3,8813,75.7754
19237,83055,delta,4,1,2,8085,75.7688
19238,89175,delta,4,1,2,14205,75.7679
19239,84940,delta,4,1,2,9970,75.7477
19240,97991,delta,4,1,3,8027,75.7329
19241,99067,delta,4,1,3,9103,75.7298
19242,80461,delta,4,1,2,5491,75.7047
19243,98787,delta,4,1,3,8823,75.6966
19244,102800,delta,4,1,3,12836,75.6656
19245,96415,delta,4,1,3,6451,75.6268
19246,75255,delta,4,0,1,15279,75.6254
19247,85725,delta,4,1,2,10755,75.6174
19248,76999,delta,4,0,1,17023,75.6082
19249,99971,delta,4,1,3,10007,75.5969
19250,106523,delta,4,1,3,16559,75.5811
19251,87053,delta,4,1,2,12083,75.5807
19252,89066,delta,4,1,2,14096,75.5688
19253,106995,delta,4,1,3,17031,75.5538
19254,99054,delta,4,1,3,9090,75.5468
19255,99242,delta,4,1,3,9278,75.5373
19256,102018,delta,4,1,3,12054,75.5346
19257,86757,delta,4,1,2,11787,75.5227
19258,87141,delta,4,1,2,12171,75.5108
19259,75307,delta,4,0,1,15331,75.4749
19260,86113,delta,4,1,2,11143,75.4662
19261,76415,delta,4,0,1,16439,75.4552
19262,107579,delta,4,1,3,17615,75.4267
19263,98941,delta,4,1,3,8977,75.4107
19264,80898,delta,4,1,2,5928,75.4078
19265,88641,delta,4,1,2,13671,75.389
19266,62614,delta,4,0,0,17632,75.3566
19267,81701,delta,4,1,2,6731,75.3452
19268,75821,delta,4,0,1,15845,75.3412
19269,91418,delta,4,1,2,16448,75.3318
19270,81790,delta,4,1,2,6820,75.3031
19271,63212,delta,4,0,0,18230,75.2965
19272,86107,delta,4,1,2,11137,75.2235
19273,99876,delta,4,1,3,9912,75.2152
19274,86896,delta,4,1,2,11926,75.2136
19275,64948,delta,4,0,0,19966,75.2118
19276,91487,delta,4,1,2,16517,75.1895
19277,76413,delta,4,0,1,16437,75.1721
19278,98450,delta,4,1,3,8486,75.1694
19279,102728,delta,4,1,3,12764,75.1598
19280,104125,delta,4,1,3,14161,75.1548
19281,83950,delta,4,1,2,8980,75.1518
19282,89735,delta,4,1,2,14765,75.1468
19283,76482,delta,4,0,1,16506,75.1236
19284,98452,delta,4,1,3,8488,75.1023
19285,88013,delta,4,1,2,13043,75.0807
19286,87992,delta,4,1,2,13022,75.0798
19287,85432,delta,4,1,2,10462,75.0666
19288,83249,delta,4,1,2,8279,75.0609
19289,60358,delta,4,0,0,15376,75.0597
19290,87569,delta,4,1,2,12599,75.0439
19291,101462,delta,4,1,3,11498,75.0149
19292,89668,delta,4,1,2,14698,75.0001
19293,98418,delta,4,1,3,8454,74.9858
19294,102122,delta,4,1,3,12158,74.9853
19295,109452,delta,4,1,3,19488,74.9661
19296,95099,delta,4,1,3,5135,74.9558
19297,101630,delta,4,1,3,11666,74.93
19298,86667,delta,4,1,2,11697,74.9097
19299,83597,delta,4,1,2,8627,74.8941
19300,87353,delta,4,1,2,12383,74.8776
19301,81246,delta,4,1,2,6276,74.8609
19302,80105,delta,4,1,2,5135,74.8588
19303,98701,delta,4,1,3,8737,74.827
19304,93199,delta,4,1,2,18229,74.8242
19305,87351,delta,4,1,2,12381,74.8202
19306,99334,delta,4,1,3,9370,74.7878
19307,95120,delta,4,1,3,5156,74.7472
19308,75227,delta,4,0,1,15251,74.6886
19309,95947,delta,4,1,3,5983,74.6716
19310,97206,delta,4,1,3,7242,74.6562
19311,74097,delta,4,0,1,14121,74.6545
19312,97442,delta,4,1,3,7478,74.6412
19313,98628,delta,4,1,3,8664,74.6331
19314,96130,delta,4,1,3,6166,74.6301
19315,100612,delta,4,1,3,10648,74.5889
19316,91529,delta,4,1,2,16559,74.5786
19317,84044,delta,4,1,2,9074,74.5639
19318,99234,delta,4,1,3,9270,74.5633
19319,98062,delta,4,1,3,8098,74.563
19320,100941,delta,4,1,3,10977,74.5042
19321,81183,delta,4,1,2,6213,74.464
19322,86092,delta,4,1,2,11122,74.457
19323,63448,delta,4,0,0,18466,74.4432
19324,93177,delta,4,1,2,18207,74.4245
19325,84272,delta,4,1,2,9302,74.4035
19326,81149,delta,4,1,2,6179,74.3991
19327,64430,delta,4,0,0,19448,74.397
19328,87301,delta,4,1,2,12331,74.3882
19329,86286,delta,4,1,2,11316,74.369
19330,80126,delta,4,1,2,5156,74.3634
19331,74197,delta,4,0,1,14221,74.3615
19332,85003,delta,4,1,2,10033,74.3582
19333,80469,delta,4,1,2,5499,74.3522
19334,75891,delta,4,0,1,15915,74.3114
19335,87180,delta,4,1,2,12210,74.2988
19336,85702,delta,4,1,2,10732,74.2978
19337,81060,delta,4,1,2,6090,74.2939
19338,84890,delta,4,1,2,9920,74.2797
19339,98902,delta,4,1,3,8938,74.2752
19340,99059,delta,4,1,3,9095,74.268
19341,80893,delta,4,1,2,5923,74.251
19342,86333,delta,4,1,2,11363,74.2507
19343,62630,delta,4,0,0,17648,74.2425
19344,97164,delta,4,1,3,7200,74.2314
19345,88409,delta,4,1,2,13439,74.2195
19346,97737,delta,4,1,3,7773,74.1623
19347,108248,delta,4,1,3,18284,74.1033
19348,98714,delta,4,1,3,8750,74.0862
19349,80940,delta,4,1,2,5970,74.0737
19350,97580,delta,4,1,3,7616,74.0506
19351,81131,delta,4,1,2,6161,74.0456
19352,75182,delta,4,0,1,15206,74.045
19353,90242,delta,4,1,2,15272,74.0379
19354,101457,delta,4,1,3,11493,74.0378
19355,87024,delta,4,1,2,12054,74.0346
19356,96386,delta,4,1,3,6422,74.0018
19357,100198,delta,4,1,3,10234,73.9994
19358,83450,delta,4,1,2,8480,73.9824
19359,97324,delta,4,1,3,7360,73.9759
19360,87803,delta,4,1,2,12833,73.9625
19361,85838,delta,4,1,2,10868,73.9435
19362,89077,delta,4,1,2,14107,73.9433
19363,85626,delta,4,1,2,10656,73.9378
19364,82761,delta,4,1,2,7791,73.9289
19365,101499,delta,4,1,3,11535,73.9289
19366,86688,delta,4,1,2,11718,73.8981
19367,101971,delta,4,1,3,12007,73.8818
19368,86375,delta,4,1,2,11405,73.877
19369,88121,delta,4,1,2,13151,73.8716
19370,75256,delta,4,0,1,15280,73.8523
19371,75805,delta,4,0,1,15829,73.8485
19372,76962,delta,4,0,1,16986,73.8435
19373,85968,delta,4,1,2,10998,73.837
19374,63770,delta,4,0,0,18788,73.8333
19375,97413,delta,4,1,3,7449,73.8164
19376,81073,delta,4,1,2,6103,73.8101
19377,104021,delta,4,1,3,14057,73.8016
19378,98789,delta,4,1,3,8825,73.8003
19379,98800,delta,4,1,3,8836,73.7901
19380,64030,delta,4,0,0,19048,73.7892
19381,93438,delta,4,1,2,18468,73.7723
19382,96203,delta,4,1,3,6239,73.7717
19383,106367,delta,4,1,3,16403,73.7704
19384,105147,delta,4,1,3,15183,73.7377
19385,100660,delta,4,1,3,10696,73.6968
19386,102709,delta,4,1,3,12745,73.6899
19387,76452,delta,4,0,1,16476,73.6861
19388,86672,delta,4,1,2,11702,73.6848
19389,89590,delta,4,1,2,14620,73.6402
19390,82578,delta,4,1,2,7608,73.6373
19391,80890,delta,4,1,2,5920,73.6351
19392,83437,delta,4,1,2,8467,73.6294
19393,103364,delta,4,1,3,13400,73.5874
19394,99030,delta,4,1,3,9066,73.5737
19395,100631,delta,4,1,3,10667,73.5647
19396,90461,delta,4,1,2,15491,73.5633
19397,86000,delta,4,1,2,11030,73.557
19398,103635,delta,4,1,3,13671,73.5539
19399,60360,delta,4,0,0,15378,73.539
19400,109263,delta,4,1,3,19299,73.538
19401,77669,delta,4,0,1,17693,73.4796
19402,91386,delta,4,1,2,16416,73.4506
19403,101410,delta,4,1,3,11446,73.4439
19404,101754,delta,4,1,3,11790,73.4319
19405,82474,delta,4,1,2,7504,73.4317
19406,101882,delta,4,1,3,11918,73.4313
19407,82698,delta,4,1,2,7728,73.4259
19408,83934,delta,4,1,2,8964,73.4019
19409,100329,delta,4,1,3,10365,73.4016
19410,87751,delta,4,1,2,12781,73.3953
19411,101895,delta,4,1,3,11931,73.3893
19412,98426,delta,4,1,3,8462,73.3857
19413,96776,delta,4,1,3,6812,73.3244
19414,94936,delta,4,1,2,19966,73.3243
19415,88380,delta,4,1,2,13410,73.3046
19416,90605,delta,4,1,2,15635,73.2907
19417,86079,delta,4,1,2,11109,73.2843
19418,61898,delta,4,0,0,16916,73.2758
19419,108792,delta,4,1,3,18828,73.266
19420,85981,delta,4,1,2,11011,73.2569
19421,95879,delta,4,1,3,5915,73.2374
19422,88100,delta,4,1,2,13130,73.2273
19423,64381,delta,4,0,0,19399,73.2129
19424,85655,delta,4,1,2,10685,73.2088
19425,76378,delta,4,0,1,16402,73.2046
19426,104690,delta,4,1,3,14726,73.1847
19427,100823,delta,4,1,3,10859,73.1432
19428,60895,delta,4,0,0,15913,73.1404
19429,99874,delta,4,1,3,9910,73.1382
19430,88649,delta,4,1,2,13679,73.1315
19431,87650,delta,4,1,2,12680,73.1152
19432,75850,delta,4,0,1,15874,73.0935
19433,86016,delta,4,1,2,11046,73.0917
19434,89877,delta,4,1,2,14907,73.0782
19435,81337,delta,4,1,2,6367,73.078
19436,102305,delta,4,1,3,12341,73.0732
19437,101327,delta,4,1,3,11363,73.0241
19438,88365,delta,4,1,2,13395,73.0122
19439,91437,delta,4,1,2,16467,73.0049
19440,80657,delta,4,1,2,5687,73.0003
19441,85950,delta,4,1,2,10980,72.9876
19442,86416,delta,4,1,2,11446,72.9863
19443,63409,delta,4,0,0,18427,72.979
19444,81727,delta,4,1,2,6757,72.9595
19445,97345,delta,4,1,3,7381,72.9528
19446,74137,delta,4,0,1,14161,72.9523
19447,77032,delta,4,0,1,17056,72.9453
19448,64629,delta,4,0,0,19647,72.9305
19449,85348,delta,4,1,2,10378,72.9208
19450,77045,delta,4,0,1,17069,72.9109
19451,89414,delta,4,1,2,14444,72.8943
19452,85641,delta,4,1,2,10671,72.8847
19453,109526,delta,4,1,3,19562,72.8789
19454,99997,delta,4,1,3,10033,72.8712
19455,98683,delta,4,1,3,8719,72.8665
19456,104721,delta,4,1,3,14757,72.8387
19457,102552,delta,4,1,3,12588,72.833
19458,103348,delta,4,1,3,13384,72.8133
19459,102135,delta,4,1,3,12171,72.8073
19460,97361,delta,4,1,3,7397,72.7847
19461,102005,delta,4,1,3,12041,72.7809
19462,97492,delta,4,1,3,7528,72.7705
19463,98067,delta,4,1,3,8103,72.7703
19464,100555,delta,4,1,3,10591,72.7369
19465,87736,delta,4,1,2,12766,72.7259
19466,99934,delta,4,1,3,9970,72.7063
19467,74659,delta,4,0,1,14683,72.6986
19468,100599,delta,4,1,3,10635,72.6861
19469,83576,delta,4,1,2,8606,72.6793
19470,90818,delta,4,1,2,15848,72.6524
19471,76399,delta,4,0,1,16423,72.6514
19472,87756,delta,4,1,2,12786,72.6249
19473,80589,delta,4,1,2,5619,72.618
19474,82706,delta,4,1,2,7736,72.6028
19475,77607,delta,4,0,1,17631,72.5976
19476,90234,delta,4,1,2,15264,72.5797
19477,81544,delta,4,1,2,6574,72.5455
19478,101672,delta,4,1,3,11708,72.5398
19479,103974,delta,4,1,3,14010,72.5394
19480,102067,delta,4,1,3,12103,72.5367
19481,95476,delta,4,1,3,5512,72.5299
19482,101624,delta,4,1,3,11660,72.5272
19483,95900,delta,4,1,3,5936,72.5247
19484,90898,delta,4,1,2,15928,72.5226
19485,90264,delta,4,1,2,15294,72.5126
19486,95892,delta,4,1,3,5928,72.4976
19487,100034,delta,4,1,3,10070,72.4906
19488,64738,delta,4,0,0,19756,72.4805
19489,100531,delta,4,1,3,10567,72.4624
19490,108253,delta,4,1,3,18289,72.4608
19491,86788,delta,4,1,2,11818,72.4554
19492,87298,delta,4,1,2,12328,72.4349
19493,75853,delta,4,0,1,15877,72.4231
19494,100719,delta,4,1,3,10755,72.4022
19495,87974,delta,4,1,2,13004,72.3862
19496,87086,delta,4,1,2,12116,72.369
19497,86215,delta,4,1,2,11245,72.3548
19498,102725,delta,4,1,3,12761,72.3324
19499,63775,delta,4,0,0,18793,72.3196
19500,78100,delta,4,0,1,18124,72.2722
19501,79169,delta,4,0,1,19193,72.2578
19502,99075,delta,4,1,3,9111,72.2557
19503,76645,delta,4,0,1,16669,72.2527
19504,85735,delta,4,1,2,10765,72.2465
19505,88421,delta,4,1,2,13451,72.2269
19506,109636,delta,4,1,3,19672,72.2063
19507,84521,delta,4,1,2,9551,72.195
19508,75893,delta,4,0,1,15917,72.1922
19509,87466,delta,4,1,2,12496,72.1763
19510,96496,delta,4,1,3,6532,72.1626
19511,109886,delta,4,1,3,19922,72.1458
19512,80521,delta,4,1,2,5551,72.1249
19513,87738,delta,4,1,2,12768,72.1245
19514,86005,delta,4,1,2,11035,72.1214
19515,89727,delta,4,1,2,14757,72.1104
19516,87718,delta,4,1,2,12748,72.1078
19517,77623,delta,4,0,1,17647,72.1017
19518,95633,delta,4,1,3,5669,72.0973
19519,63549,delta,4,0,0,18567,72.095
19520,85035,delta,4,1,2,10065,72.0675
19521,89914,delta,4,1,2,14944,72.0652
19522,95591,delta,4,1,3,5627,72.0547
19523,100000,delta,4,1,3,10036,72.0515
19524,79334,delta,4,0,1,19358,72.0488
19525,84217,delta,4,1,2,9247,72.0463
19526,62816,delta,4,0,0,17834,72.0309
19527,95612,delta,4,1,3,5648,72.0224
19528,97988,delta,4,1,3,8024,72.0169
19529,80785,delta,4,1,2,5815,71.9939
19530,91780,delta,4,1,2,16810,71.9935
19531,99460,delta,4,1,3,9496,71.9818
19532,96240,delta,4,1,3,6276,71.9533
19533,99473,delta,4,1,3,9509,71.9407
19534,100737,delta,4,1,3,10773,71.939
19535,85681,delta,4,1,2,10711,71.937
19536,96054,delta,4,1,3,6090,71.9228
19537,98075,delta,4,1,3,8111,71.9172
19538,103418,delta,4,1,3,13454,71.8844
19539,88699,delta,4,1,2,13729,71.8785
19540,97455,delta,4,1,3,7491,71.8775
19541,80903,delta,4,1,2,5933,71.8644
19542,60746,delta,4,0,0,15764,71.8297
19543,86904,delta,4,1,2,11934,71.8203
19544,86455,delta,4,1,2,11485,71.8057
19545,81400,delta,4,1,2,6430,71.776
19546,101217,delta,4,1,3,11253,71.7457
19547,81819,delta,4,1,2,6849,71.6859
19548,101369,delta,4,1,3,11405,71.6653
19549,90844,delta,4,1,2,15874,71.6579
19550,98667,delta,4,1,3,8703,71.657
19551,87068,delta,4,1,2,12098,71.6311
19552,80848,delta,4,1,2,5878,71.6207
19553,83474,delta,4,1,2,8504,71.6132
19554,98591,delta,4,1,3,8627,71.5928
19555,98630,delta,4,1,3,8666,71.5914
19556,85958,delta,4,1,2,10988,71.5835
19557,82552,delta,4,1,2,7582,71.5819
19558,61317,delta,4,0,0,16335,71.5632
19559,81128,delta,4,1,2,6158,71.5526
19560,108767,delta,4,1,3,18803,71.5462
19561,85537,delta,4,1,2,10567,71.5367
19562,61449,delta,4,0,0,16467,71.5225
19563,104657,delta,4,1,3,14693,71.5117
19564,107049,delta,4,1,3,17085,71.5112
19565,77628,delta,4,0,1,17652,71.5056
19566,95625,delta,4,1,3,5661,71.4915
19567,80772,delta,4,1,2,5802,71.4887
19568,102182,delta,4,1,3,12218,71.485
19569,84895,delta,4,1,2,9925,71.4736
19570,90255,delta,4,1,2,15285,71.4558
19571,87814,delta,4,1,2,12844,71.4553
19572,89040,delta,4,1,2,14070,71.4245
19573,109236,delta,4,1,3,19272,71.4129
19574,84073,delta,4,1,2,9103,71.4119
19575,60938,delta,4,0,0,15956,71.4102
19576,105957,delta,4,1,3,15993,71.3683
19577,109904,delta,4,1,3,19940,71.3488
19578,103312,delta,4,1,3,13348,71.3444
19579,100424,delta,4,1,3,10460,71.3332
19580,81016,delta,4,1,2,6046,71.3273
19581,100295,delta,4,1,3,10331,71.3209
19582,95528,delta,4,1,3,5564,71.312
19583,83801,delta,4,1,2,8831,71.3051
19584,105266,delta,4,1,3,15302,71.3004
19585,103356,delta,4,1,3,13392,71.2719
19586,86312,delta,4,1,2,11342,71.2655
19587,98944,delta,4,1,3,8980,71.2622
19588,62073,delta,4,0,0,17091,71.2618
19589,98986,delta,4,1,3,9022,71.2432
19590,99892,delta,4,1,3,9928,71.2048
19591,96143,delta,4,1,3,6179,71.2005
19592,79361,delta,4,0,1,19385,71.1973
19593,75289,delta,4,0,1,15313,71.1947
19594,86108,delta,4,1,2,11138,71.191
19595,63165,delta,4,0,0,18183,71.1903
19596,80534,delta,4,1,2,5564,71.1857
19597,104135,delta,4,1,3,14171,71.1525
19598,98759,delta,4,1,3,8795,71.1522
19599,103353,delta,4,1,3,13389,71.1507
19600,62560,delta,4,0,0,17578,71.1483
19601,97575,delta,4,1,3,7611,71.147
19602,95887,delta,4,1,3,5923,71.128
19603,89330,delta,4,1,2,14360,71.1093
19604,95515,delta,4,1,3,5551,71.1018
19605,95557,delta,4,1,3,5593,71.0989
19606,88226,delta,4,1,2,13256,71.0952
19607,96067,delta,4,1,3,6103,71.0863
19608,62055,delta,4,0,0,17073,71.067
19609,96399,delta,4,1,3,6435,71.0602
19610,81787,delta,4,1,2,6817,71.0447
19611,102808,delta,4,1,3,12844,71.0316
19612,96483,delta,4,1,3,6519,71.0233
19613,99505,delta,4,1,3,9541,71.0228
19614,89637,delta,4,1,2,14667,71.022
19615,81188,delta,4,1,2,6218,71.0136
19616,74737,delta,4,0,1,14761,70.9895
19617,75911,delta,4,0,1,15935,70.9795
19618,91527,delta,4,1,2,16557,70.9672
19619,86011,delta,4,1,2,11041,70.9663
19620,86969,delta,4,1,2,11999,70.9654
19621,98889,delta,4,1,3,8925,70.9636
19622,96470,delta,4,1,3,6506,70.9376
19623,83393,delta,4,1,2,8423,70.9175
19624,107643,delta,4,1,3,17679,70.9072
19625,104013,delta,4,1,3,14049,70.8878
19626,99518,delta,4,1,3,9554,70.8862
19627,103395,delta,4,1,3,13431,70.8769
19628,85175,delta,4,1,2,10205,70.8754
19629,63406,delta,4,0,0,18424,70.8134
19630,87314,delta,4,1,2,12344,70.8066
19631,84977,delta,4,1,2,10007,70.7973
19632,100195,delta,4,1,3,10231,70.7803
19633,81204,delta,4,1,2,6234,70.7734
19634,98991,delta,4,1,3,9027,70.7721
19635,84251,delta,4,1,2,9281,70.763
19636,81502,delta,4,1,2,6532,70.7459
19637,81730,delta,4,1,2,6760,70.7445
19638,96336,delta,4,1,3,6372,70.7304
19639,100755,delta,4,1,3,10791,70.7278
19640,89650,delta,4,1,2,14680,70.7062
19641,96810,delta,4,1,3,6846,70.7
19642,88391,delta,4,1,2,13421,70.6884
19643,83537,delta,4,1,2,8567,70.6852
19644,99329,delta,4,1,3,9365,70.6838
19645,102146,delta,4,1,3,12182,70.6709
19646,102636,delta,4,1,3,12672,70.6646
19647,80882,delta,4,1,2,5912,70.6646
19648,86683,delta,4,1,2,11713,70.6571
19649,91954,delta,4,1,2,16984,70.6569
19650,101449,delta,4,1,3,11485,70.6459
19651,85555,delta,4,1,2,10585,70.6415
19652,108237,delta,4,1,3,18273,70.6394
19653,105244,delta,4,1,3,15280,70.6163
19654,87275,delta,4,1,2,12305,70.6003
19655,102180,delta,4,1,3,12216,70.5979
19656,80880,delta,4,1,2,5910,70.5957
19657,96784,delta,4,1,3,6820,70.5903
19658,88328,delta,4,1,2,13358,70.5808
19659,100686,delta,4,1,3,10722,70.5773
19660,63560,delta,4,0,0,18578,70.5581
19661,104282,delta,4,1,3,14318,70.5327
19662,95884,delta,4,1,3,5920,70.5196
19663,62622,delta,4,0,0,17640,70.4725
19664,90351,delta,4,1,2,15381,70.4634
19665,79510,delta,4,0,1,19534,70.4514
19666,80113,delta,4,1,2,5143,70.4473
19667,75185,delta,4,0,1,15209,70.4257
19668,88704,delta,4,1,2,13734,70.4177
19669,84875,delta,4,1,2,9905,70.4061
19670,102125,delta,4,1,3,12161,70.4008
19671,90823,delta,4,1,2,15853,70.3916
19672,61345,delta,4,0,0,16363,70.3593
19673,90602,delta,4,1,2,15632,70.3376
19674,63784,delta,4,0,0,18802,70.3306
19675,90858,delta,4,1,2,15888,70.3278
19676,95583,delta,4,1,3,5619,70.3235
19677,97193,delta,4,1,3,7229,70.2834
19678,82000,delta,4,1,2,7030,70.2764
19679,90607,delta,4,1,2,15637,70.2654
19680,99455,delta,4,1,3,9491,70.2587
19681,97975,delta,4,1,3,8011,70.2529
19682,104034,delta,4,1,3,14070,70.2444
19683,62047,delta,4,0,0,17065,70.233
19684,89097,delta,4,1,2,14127,70.2113
19685,97572,delta,4,1,3,7608,70.2112
19686,64725,delta,4,0,0,19743,70.2089
19687,107590,delta,4,1,3,17626,70.1857
19688,88411,delta,4,1,2,13441,70.1753
19689,79164,delta,4,0,1,19188,70.168
19690,85790,delta,4,1,2,10820,70.1454
19691,102750,delta,4,1,3,12786,70.144
19692,85657,delta,4,1,2,10687,70.1241
19693,98410,delta,4,1,3,8446,70.1188
19694,82743,delta,4,1,2,7773,70.1106
19695,62222,delta,4,0,0,17240,70.1048
19696,85048,delta,4,1,2,10078,70.0923
19697,87032,delta,4,1,2,12062,70.0824
19698,63373,delta,4,0,0,18391,70.0741
19699,86775,delta,4,1,2,11805,70.0732
19700,85014,delta,4,1,2,10044,70.0687
19701,95570,delta,4,1,3,5606,70.0598
19702,98813,delta,4,1,3,8849,70.0393
19703,84065,delta,4,1,2,9095,70.0102
19704,108463,delta,4,1,3,18499,70.0031
19705,104644,delta,4,1,3,14680,70.0016
19706,82764,delta,4,1,2,7794,69.9903
19707,96099,delta,4,1,3,6135,69.9651
19708,76487,delta,4,0,1,16511,69.9601
19709,86087,delta,4,1,2,11117,69.9436
19710,107534,delta,4,1,3,17570,69.9385
19711,102986,delta,4,1,3,13022,69.9217
19712,89257,delta,4,1,2,14287,69.9203
19713,85829,delta,4,1,2,10859,69.9122
19714,94375,delta,4,1,2,19405,69.8954
19715,97687,delta,4,1,3,7723,69.8794
19716,85081,delta,4,1,2,10111,69.876
19717,103478,delta,4,1,3,13514,69.872
19718,76389,delta,4,0,1,16413,69.8692
19719,96944,delta,4,1,3,6980,69.864
19720,102085,delta,4,1,3,12121,69.8556
19721,83210,delta,4,1,2,8240,69.8492
19722,74155,delta,4,0,1,14179,69.8307
19723,85782,delta,4,1,2,10812,69.8289
19724,96010,delta,4,1,3,6046,69.8116
19725,62656,delta,4,0,0,17674,69.809
19726,104602,delta,4,1,3,14638,69.7933
19727,104080,delta,4,1,3,14116,69.7872
19728,99468,delta,4,1,3,9504,69.7841
19729,95866,delta,4,1,3,5902,69.7547
19730,101963,delta,4,1,3,11999,69.7524
19731,95926,delta,4,1,3,5962,69.75
19732,78364,delta,4,0,1,18388,69.7485
19733,103351,delta,4,1,3,13387,69.7475
19734,107630,delta,4,1,3,17666,69.7459
19735,98072,delta,4,1,3,8108,69.74
19736,99001,delta,4,1,3,9037,69.7317
19737,109011,delta,4,1,3,19047,69.7235
19738,82178,delta,4,1,2,7208,69.6927
19739,105271,delta,4,1,3,15307,69.6922
19740,83725,delta,4,1,2,8755,69.6848
19741,88341,delta,4,1,2,13371,69.6748
19742,62493,delta,4,0,0,17511,69.6732
19743,99337,delta,4,1,3,9373,69.6636
19744,89091,delta,4,1,2,14121,69.6575
19745,100696,delta,4,1,3,10732,69.6554
19746,63100,delta,4,0,0,18118,69.6495
19747,105902,delta,4,1,3,15938,69.634
19748,88357,delta,4,1,2,13387,69.6231
19749,87966,delta,4,1,2,12996,69.6213
19750,75310,delta,4,0,1,15334,69.621
19751,60751,delta,4,0,0,15769,69.6155
19752,83633,delta,4,1,2,8663,69.6041
19753,91425,delta,4,1,2,16455,69.585
19754,84338,delta,4,1,2,9368,69.5827
19755,99868,delta,4,1,3,9904,69.544
19756,100955,delta,4,1,3,10991,69.5368
19757,74679,delta,4,0,1,14703,69.4821
19758,95463,delta,4,1,3,5499,69.4746
19759,103374,delta,4,1,3,13410,69.4598
19760,85345,delta,4,1,2,10375,69.4581
19761,88149,delta,4,1,2,13179,69.4191
19762,96177,delta,4,1,3,6213,69.4156
19763,88244,delta,4,1,2,13274,69.4015
19764,74100,delta,4,0,1,14124,69.3921
19765,104584,delta,4,1,3,14620,69.3918
19766,83094,delta,4,1,2,8124,69.3869
19767,98994,delta,4,1,3,9030,69.3825
19768,108770,delta,4,1,3,18806,69.3815
19769,88644,delta,4,1,2,13674,69.3281
19770,91778,delta,4,1,2,16808,69.3081
19771,95164,delta,4,1,3,5200,69.3026
19772,84701,delta,4,1,2,9731,69.2954
19773,83806,delta,4,1,2,8836,69.284
19774,77088,delta,4,0,1,17112,69.2826
19775,95604,delta,4,1,3,5640,69.2702
19776,96041,delta,4,1,3,6077,69.2656
19777,109268,delta,4,1,3,19304,69.2614
19778,83057,delta,4,1,2,8087,69.2423
19779,85057,delta,4,1,2,10087,69.2244
19780,98243,delta,4,1,3,8279,69.2151
19781,86207,delta,4,1,2,11237,69.192
19782,84301,delta,4,1,2,9331,69.1779
19783,84314,delta,4,1,2,9344,69.1779
19784,107011,delta,4,1,3,17047,69.1656
19785,84060,delta,4,1,2,9090,69.1649
19786,85692,delta,4,1,2,10722,69.1635
19787,105241,delta,4,1,3,15277,69.1598
19788,99038,delta,4,1,3,9074,69.159
19789,76892,delta,4,0,1,16916,69.132
19790,64006,delta,4,0,0,19024,69.1227
19791,96703,delta,4,1,3,6739,69.1193
19792,104085,delta,4,1,3,14121,69.1163
19793,109933,delta,4,1,3,19969,69.0935
19794,84898,delta,4,1,2,9928,69.0926
19795,80835,delta,4,1,2,5865,69.0568
19796,85073,delta,4,1,2,10103,69.0527
19797,80901,delta,4,1,2,5931,69.0457
19798,76444,delta,4,0,1,16468,69.0061
19799,102062,delta,4,1,3,12098,69.0053
19800,88657,delta,4,1,2,13687,68.9945
19801,62613,delta,4,0,0,17631,68.9927
19802,96373,delta,4,1,3,6409,68.9889
19803,88352,delta,4,1,2,13382,68.9866
19804,98764,delta,4,1,3,8800,68.974
19805,75352,delta,4,0,1,15376,68.9481
19806,89053,delta,4,1,2,14083,68.9294
19807,103465,delta,4,1,3,13501,68.8847
19808,107537,delta,4,1,3,17573,68.8825
19809,100072,delta,4,1,3,10108,68.8798
19810,102174,delta,4,1,3,12210,68.8719
19811,80170,delta,4,1,2,5200,68.8501
19812,96939,delta,4,1,3,6975,68.8416
19813,83246,delta,4,1,2,8276,68.8318
19814,101447,delta,4,1,3,11483,68.8229
19815,81966,delta,4,1,2,6996,68.8048
19816,108176,delta,4,1,3,18212,68.7987
19817,84982,delta,4,1,2,10012,68.7567
19818,96952,delta,4,1,3,6988,68.7416
19819,82367,delta,4,1,2,7397,68.7223
19820,88375,delta,4,1,2,13405,68.7028
19821,96949,delta,4,1,3,6985,68.7019
19822,100803,delta,4,1,3,10839,68.6949
19823,95455,delta,4,1,3,5491,68.6929
19824,90213,delta,4,1,2,15243,68.6911
19825,100649,delta,4,1,3,10685,68.6857
19826,62825,delta,4,0,0,17843,68.6691
19827,85660,delta,4,1,2,10690,68.645
19828,82609,delta,4,1,2,7639,68.6238
19829,80827,delta,4,1,2,5857,68.6206
19830,101619,delta,4,1,3,11655,68.6153
19831,95897,delta,4,1,3,5933,68.6085
19832,61342,delta,4,0,0,16360,68.5998
19833,86097,delta,4,1,2,11127,68.5989
19834,89608,delta,4,1,2,14638,68.5958
19835,105228,delta,4,1,3,15264,68.5893
19836,86370,delta,4,1,2,11400,68.5865
19837,86460,delta,4,1,2,11490,68.5756
19838,84935,delta,4,1,2,9965,68.555
19839,100339,delta,4,1,3,10375,68.5504
19840,107659,delta,4,1,3,17695,68.5456
19841,105345,delta,4,1,3,15381,68.5426
19842,83419,delta,4,1,2,8449,68.5381
19843,82617,delta,4,1,2,7647,68.5316
19844,95766,delta,4,1,3,5802,68.5256
19845,76465,delta,4,0,1,16489,68.5247
19846,94257,delta,4,1,2,19287,68.5196
19847,76959,delta,4,0,1,16983,68.486
19848,86867,delta,4,1,2,11897,68.4798
19849,89869,delta,4,1,2,14899,68.4793
19850,101201,delta,4,1,3,11237,68.4751
19851,82819,delta,4,1,2,7849,68.4672
19852,88307,delta,4,1,2,13337,68.4497
19853,102057,delta,4,1,3,12093,68.4482
19854,96378,delta,4,1,3,6414,68.4364
19855,81081,delta,4,1,2,6111,68.4309
19856,81549,delta,4,1,2,6579,68.42
19857,75847,delta,4,0,1,15871,68.4056
19858,92068,delta,4,1,2,17098,68.3925
19859,100784,delta,4,1,3,10820,68.3841
19860,86755,delta,4,1,2,11785,68.3839
19861,103680,delta,4,1,3,13716,68.3685
19862,83432,delta,4,1,2,8462,68.3635
19863,81191,delta,4,1,2,6221,68.3466
19864,96394,delta,4,1,3,6430,68.34
19865,63442,delta,4,0,0,18460,68.3363
19866,100013,delta,4,1,3,10049,68.3315
19867,84007,delta,4,1,2,9037,68.3244
19868,80547,delta,4,1,2,5577,68.3177
19869,85699,delta,4,1,2,10729,68.3118
19870,61384,delta,4,0,0,16402,68.3084
19871,92078,delta,4,1,2,17108,68.3035
19872,87306,delta,4,1,2,12336,68.2595
19873,83707,delta,4,1,2,8737,68.2573
19874,84692,delta,4,1,2,9722,68.253
19875,95842,delta,4,1,3,5878,68.2368
19876,102742,delta,4,1,3,12778,68.2339
19877,104719,delta,4,1,3,14755,68.2218
19878,90466,delta,4,1,2,15496,68.1938
19879,78208,delta,4,0,1,18232,68.1917
19880,76048,delta,4,0,1,16072,68.191
19881,100651,delta,4,1,3,10687,68.1888
19882,89086,delta,4,1,2,14116,68.1769
19883,89019,delta,4,1,2,14049,68.174
19884,62376,delta,4,0,0,17394,68.161
19885,96284,delta,4,1,3,6320,68.1206
19886,105845,delta,4,1,3,15881,68.104
19887,95620,delta,4,1,3,5656,68.0944
19888,100944,delta,4,1,3,10980,68.088
19889,96112,delta,4,1,3,6148,68.0653
19890,97546,delta,4,1,3,7582,68.0549
19891,85743,delta,4,1,2,10773,68.0542
19892,81405,delta,4,1,2,6435,68.0512
19893,103094,delta,4,1,3,13130,68.0363
19894,104607,delta,4,1,3,14643,68.0277
19895,85429,delta,4,1,2,10459,68.023
19896,88136,delta,4,1,2,13166,67.996
19897,81029,delta,4,1,2,6059,67.9903
19898,96695,delta,4,1,3,6731,67.9812
19899,102732,delta,4,1,3,12768,67.9752
19900,96182,delta,4,1,3,6218,67.9745
19901,139486,delta,8,0,1,19534,110.431
19902,184381,delta,8,2,4,19447,103.684
19903,139000,delta,8,0,1,19048,100.917
19904,184858,delta,8,2,4,19924,100.019
19905,184860,delta,8,2,4,19926,98.2912
19906,184428,delta,8,2,4,19494,97.4856
19907,184425,delta,8,2,4,19491,92.988
19908,137825,delta,8,0,1,17873,87.9603
19909,184277,delta,8,2,4,19343,86.0852
19910,183205,delta,8,2,4,18271,85.8785
19911,183939,delta,8,2,4,19005,83.6456
19912,184423,delta,8,2,4,19489,83.6325
19913,199419,delta,8,2,5,19491,83.2455
19914,184677,delta,8,2,4,19743,80.1094
19915,183944,delta,8,2,4,19010,79.8207
19916,119258,delta,8,0,0,14300,79.4374
19917,139215,delta,8,0,1,19263,79.417
19918,183210,delta,8,2,4,18276,79.0564
19919,214565,delta,8,3,6,19643,78.6572
19920,118614,delta,8,0,0,13656,78.3959
19921,184679,delta,8,2,4,19745,77.8097
19922,119255,delta,8,0,0,14297,77.5943
19923,184792,delta,8,2,4,19858,77.5757
19924,184674,delta,8,2,4,19740,77.3868
19925,199852,delta,8,2,5,19924,77.3789
19926,118617,delta,8,0,0,13659,77.2419
19927,184422,delta,8,2,4,19488,76.0934
19928,118619,delta,8,0,0,13661,76.029
19929,199375,delta,8,2,5,19447,75.9849
19930,124006,delta,8,0,0,19048,75.9043
19931,139102,delta,8,0,1,19150,75.1713
19932,118616,delta,8,0,0,13658,74.9376
19933,214570,delta,8,3,6,19648,74.6278
19934,184211,delta,8,2,4,19277,73.8725
19935,138521,delta,8,0,1,18569,73.5648
19936,183680,delta,8,2,4,18746,73.2667
19937,118621,delta,8,0,0,13663,72.8022
19938,199671,delta,8,2,5,19743,72.517
19939,119426,delta,8,0,0,14468,72.2496
19940,199854,delta,8,2,5,19926,71.2608
19941,119423,delta,8,0,0,14465,71.1367
19942,184280,delta,8,2,4,19346,70.9468
19943,119421,delta,8,0,0,14463,70.9026
19944,214371,delta,8,3,6,19449,70.8958
19945,184523,delta,8,2,4,19589,70.3852
19946,139796,delta,8,0,1,19844,70.139
19947,184509,delta,8,2,4,19575,70.0798
19948,199668,delta,8,2,5,19740,69.6213
19949,118620,delta,8,0,0,13662,69.5772
19950,184520,delta,8,2,4,19586,69.4843
19951,199422,delta,8,2,5,19494,69.4322
19952,119420,delta,8,0,0,14462,69.4007
19953,183787,delta,8,2,4,18853,69.359
19954,184135,delta,8,2,4,19201,69.2988
19955,183985,delta,8,2,4,19051,69.0379
19956,199786,delta,8,2,5,19858,68.952
19957,135872,delta,8,0,1,15920,68.9281
19958,119253,delta,8,0,0,14295,68.8678
19959,199205,delta,8,2,5,19277,68.8333
19960,184716,delta,8,2,4,19782,68.7318
19961,184816,delta,8,2,4,19882,68.7074
19962,137828,delta,8,0,1,17876,68.5597
19963,184140,delta,8,2,4,19206,68.4328
19964,118682,delta,8,0,0,13724,68.1795
19965,119425,delta,8,0,0,14467,68.008
19966,332561,delta,16,3,6,17687,97.5033
19967,244316,delta,16,0,0,19406,84.556
19968,243090,delta,16,0,0,18180,83.609
19969,244319,delta,16,0,0,19409,81.2176
19970,243093,delta,16,0,0,18183,78.2215
19971,243753,delta,16,0,0,18843,76.8408
19972,259310,delta,16,0,1,19406,76.6419
19973,259313,delta,16,0,1,19409,75.4422
19974,242577,delta,16,0,0,17667,74.5351
19975,244860,delta,16,0,0,19950,73.924
19976,243095,delta,16,0,0,18185,73.8843
19977,242572,delta,16,0,0,17662,73.6367
19978,332558,delta,16,3,6,17684,73.3653
19979,243748,delta,16,0,0,18838,72.895
19980,244865,delta,16,0,0,19955,72.5799
19981,241918,delta,16,0,0,17008,72.3541
19982,347552,delta,16,3,7,17684,71.5567
19983,243140,delta,16,0,0,18230,70.7535
19984,241928,delta,16,0,0,17018,70.5853
19985,244328,delta,16,0,0,19418,70.4683
19986,244271,delta,16,0,0,19361,70.0695
19987,332556,delta,16,3,6,17682,69.7307
19988,244266,delta,16,0,0,19356,68.8417
19989,259854,delta,16,0,1,19950,68.4037
19990,258733,delta,16,0,1,18829,68.1333
19991,259859,delta,16,0,1,19955,68.1164
